created_at,full_text,score,label
Mon Dec 30 07:08:54 +0000 2024,mudah belanja maupun akses produk pinjam kini jadi tantang finansial generasi muda utama gen zmisalnya akses mudah pinjam online kartu kredit,1,Positif
Mon Dec 30 02:09:58 +0000 2024,langkah sederhana investasi gen capai stabilitas finansial genz generasiz investasi saham finansial stabilitas investor bitcoin btc,3,Positif
Sun Dec 29 02:45:40 +0000 2024,langkah mudah mulai investasi buat gen tuju finansial stabil,4,Positif
Sat Dec 28 11:10:45 +0000 2024,assalamu alaikum sahabat syariah tantang sosial sering kali pengaruh gaya hidup kelola uang gen sadar tekan sosial kelola uang bijak bebas finansial bukan sekadar mimpi yuk mulai langkah bijak,4,Positif
Sat Dec 28 07:30:00 +0000 2024,finansial sehat bukan cuma soal punya banyak uang bagaimana kelola tabung investasi bijak gen generasi punya akses banyak peluang tantang yuk mulai peduli sama sehat finansial masa,2,Positif
Sun Dec 22 04:13:11 +0000 2024,gen dihimpit stres american psychological association rasai cemas soal masa depan tekan ekspektasi sosial beban kerja masalah finansial bikin sulit buat mikir jernih ambil putus penting,-1,Negatif
Thu Dec 19 07:14:04 +0000 2024,millennial vs gen vibes beda goals sama samasama paham kalau literasi finansial amp asuransi sepentingitu buat masa depan lebih aman,1,Positif
Thu Dec 19 04:16:58 +0000 2024,gaya hidup minimal kian populer kalang gen survei baru kini banyak anak muda prioritas kualitas banding kuantitas belanja kurang beli barang pribadi imbang finansial emosional,-1,Negatif
Wed Dec 18 14:39:04 +0000 2024,tahugaksih gen siap finansial beli rumah survei jakpat alas lain gen lebih pilih harga sewa lebih murah lokasi strategis atur mutasi kerja mincu coba tanya gen langsung nyata benar lebih pilih sewa,5,Positif
Wed Dec 18 11:09:54 +0000 2024,deinfluencing tren gen bangun sadar finansial,-1,Negatif
Tue Dec 17 04:05:44 +0000 2024,ketidakstabilan ekonomi krisis finansial hantu hampir paruh gen sebut khawatir uang jangka panjang jadi sumber utama cemas studi deloitte global catat lebih gen cemas masa depan finansial,0,Netral
Tue Dec 17 03:06:54 +0000 2024,uang bikin cemas hampir paruh gen khawatir soal masa depan finansial bayang hidup tengah inflasi tinggi amp pasar kerja enggak siapa enggak overthinking overthinkingsolutions digitalwellness,0,Netral
Tue Dec 17 01:43:35 +0000 2024,fenomena pinjol gen rp t tahun banyak buat butuh konsumtif bagaimana biar enggak jebak utang mulai edukasi finansial yuk pinjolbijak baca ulas sini,1,Positif
Mon Dec 16 04:41:43 +0000 2024,survei bilang banyak gen mulai melek finansial rajin bikin jalan budgeting bulan nyisihin dapat tabung amp investasi cari hasil tambah bahkan konsultasi ahli uang keren banget kan,4,Positif
Mon Dec 16 03:27:17 +0000 2024,mau mulai ambil kpr sekarang cari kerja bagus ampun juang finansial stabil dulu enggak sih buat gen,2,Positif
Sat Dec 14 03:55:03 +0000 2024,deinfluencing tren gen bangun sadar finansial,-1,Negatif
Thu Dec 12 09:37:19 +0000 2024,gen suka praktis paylater jadi pilih favorit mampu tawar butuh fleksibilitas finansial,-2,Negatif
Mon Dec 09 14:48:22 +0000 2024,gaya hidup minimal makin gari gen fokus kualitas imbang finansial temu langkahlangkah mulai hidup minimal sini,3,Positif
Sun Dec 08 09:28:17 +0000 2024,gen saat mulai pikir investasi mungkin kamu rasa muda perlu laku investasi padahal makin cepat kamu mulai makin besar potensi kamu raih tuju finansial,4,Positif
Sun Dec 08 05:32:31 +0000 2024,gaya hidup minimal makin gari gen fokus kualitas imbang finansial temu langkahlangkah mulai hidup minimal sini,3,Positif
Wed Dec 04 08:08:31 +0000 2024,idic jawab b generasi visioner susun masa depan finansial eps lps talk prita ghozie gen ajar kelola uang amp jadi gen milik vsi masa depan uang ieiend enda,0,Netral
Tue Dec 03 11:04:40 +0000 2024,izin pak diskusi sekarang finansial plan terlalu ambur adul semenjak jadi fresh graduate,-3,Negatif
Tue Dec 03 05:04:02 +0000 2024,fenomena money dysmorphia mulai hantu gen tren tanda gejala soal finansial uang perlu tahu,-1,Negatif
Mon Dec 02 08:16:12 +0000 2024,paham dasar uang pribadi gen kelola uang saku bikin anggar rajin tabung bijak pakai kredit yuk mulai langkah kecil masa depan finansial besar keuanganpribadi genzmelekfinansial tipsuang literasikeuangan financialfreedom pundigrow,4,Positif
Sun Dec 01 09:03:02 +0000 2024,maaf kak gen millennial baik siksa kumontidak fakta memang lebih resilient gen millennial tumbuh lewat amp era militaristik gwot krisis finansial global covid siksa kumon peran bangun resiliensi sebut masalah,-4,Negatif
Sun Dec 01 07:43:54 +0000 2024,sedang heboh berita kena gen china kerja mulai jam mimpi bebas finansial sedikit gambar gen alphanya deh sekolah apa giat rasah dibandingbandingke angel wes,-1,Negatif
Fri Nov 29 17:48:57 +0000 2024,stabilitas finansial penting buat milenial amp gen era digital catat keluar mulai investasi siap dana darurat ajar literasi uang atur uang sekarang finansial generasiz keuanganpribadi investasi,4,Positif
Fri Nov 29 15:17:12 +0000 2024,financial freedom merdeka finansial rhenald kasali bagi tips gen raih on fire simak ulas lengkap,2,Positif
Fri Nov 29 08:53:08 +0000 2024,gen yuk jadi melek finansial paham cara kelola uang biar masa depan makin cemerlang jangan cuma kerja keras kerja cerdas finansial penting literasikeuangan tipsfinansial genzsmart kelolauang masadepancerah financialfreedom melekfinansial pundigrow,2,Positif
Wed Nov 27 11:55:48 +0000 2024,asuransi mikro jaring kam finansial gen asuransi insurance butuhasuransi beliasuransi asuransimikro genz sukses,2,Positif
Sun Nov 17 11:48:22 +0000 2024,financial freedom vs financial independence istilah finansial sering bahas benar beda loh mana sih lebih cocok buat gen a thread,3,Positif
Sun Nov 17 05:12:07 +0000 2024,rill byonday teman teman buat life balance sehat fisik mental finansial khusus buat gen fun walk hibur aktivitas kuliner byondbybsicfd,1,Positif
Sun Nov 17 05:06:47 +0000 2024,gais byonday ajak nasabah masyarakat buat jaga sehat fisik mental finansial khusus gen lewat fun walk hibur aktivitas kuliner tadi pagi seru banget byondbybsicfd,4,Positif
Wed Nov 13 14:52:31 +0000 2024,sekarang mungkin beda gen milenial cukup paham penting mental health cara ukir kenang manis lewat experience mungkin beli saat usia kondisi finansial produktif,-4,Negatif
Wed Nov 13 04:04:11 +0000 2024,gen empot finansial gue benar pakai tri harga hemat lama puas jogja memang tri paling oke,2,Positif
Sun Nov 10 07:32:28 +0000 2024,guys aku tugas teliti kalian mending angkat tema doom spending jam koma keras finansial niat tuh objek gen aku bingung banget butuh cerah,1,Positif
Sat Nov 09 19:50:56 +0000 2024,jadi gue akhir akhir rajin baca artikel temu fakta seperti gen terlalu diunderestimate perkara finansial tabung memang benar gen se konsumtif enggak nabung,-3,Negatif
Sat Nov 09 12:06:55 +0000 2024,guys tau enggak aplikasi baru nih tawar mudah transaksi finansial sosial spiritual guna gen suka pokok byondbybsi,1,Positif
Thu Nov 07 00:56:32 +0000 2024,memecoin selamat finansial gen circle kali simpan tas jual awal tahun depan fartcoin moodeng popcat mog wif apu aura niggabutt,1,Positif
Wed Nov 06 16:58:57 +0000 2024,idic milenial gen lebih pintar kelola finansial yuk ajar barengbareng biar enggak jerumus praktik transaksi uang rugi,2,Positif
Tue Nov 05 13:04:37 +0000 2024,gen milik banyak untung mudah tawar paylater sangat penting guna layan bijak gen perlu tumpuk hutang milik didik finansial baik kelola uang baik,1,Positif
Tue Nov 05 13:04:26 +0000 2024,gen suka paylater bahkan lebih guna kartu kredit kupas alas popularitas paylater dampak biasa finansial areapintar areapintartrust genz paylater uang digital tren belanja kartu kredit,0,Netral
Mon Nov 04 07:44:06 +0000 2024,ortuku bumn pns anak malah ngefreelance doang generasi memang banyak lebih kejar stabil finansial beda gen banyak lebih utama bebas macam penting enggak jauh allah,-2,Negatif
Sun Nov 03 07:15:25 +0000 2024,kalau ngeluh finansial katai gen,-2,Negatif
Fri Nov 01 07:35:12 +0000 2024,tips finansial kirim dana gen tempuh studi luar negeri,4,Positif
Thu Oct 31 04:50:46 +0000 2024,baru sadar nyata aku tanggung beban finansial bayar subscription iya aku gen,-2,Negatif
Wed Oct 30 18:41:04 +0000 2024,yolo save money masa depan dilema finansial gen lepas gaji,-2,Negatif
Tue Oct 29 08:53:53 +0000 2024,salah satu biasa gen healing hilang a thread invlinic genz finansial uang,-1,Negatif
Tue Oct 29 04:56:03 +0000 2024,hari sumpah pemuda sudah gen melek finansial bisnis muda monfridaychallengeoktober,0,Netral
Tue Oct 29 04:46:07 +0000 2024,makna sumpah pemuda bagaimana tantang gen melek finansial,0,Netral
Mon Oct 28 22:36:35 +0000 2024,gen milenial banyak nikah gen dominasi nikah meni enak kalo finansial cukup dulu utama baru kuat mental,0,Netral
Mon Oct 28 08:00:02 +0000 2024,era serba cashless bikin boros frugal living makin populer teknologi cashless mudah transaksi picu perilaku konsumtif utama kalang gen frugal living jadi solusi keluar bijak bebas finansial cashless genz,2,Positif
Mon Oct 28 05:39:48 +0000 2024,gen susah finansial gaya hidup padan apayang dapat laku,-1,Negatif
Mon Oct 28 04:55:38 +0000 2024,rehat jenak besok discussion presentation quiz rasa tampar banget gen sulit finansial aku malah boros,0,Netral
Mon Oct 28 04:37:10 +0000 2024,hari sumpah pemuda sudah gen melek finansial,0,Netral
Mon Oct 28 04:32:35 +0000 2024,ingat hari sumpah pemuda literasi finansial gen rendah,-1,Negatif
Mon Oct 28 02:54:10 +0000 2024,tema oktobermemperingati sumpah pemuda sudah gen melek finansial,0,Netral
Sun Oct 27 00:19:11 +0000 2024,yolo fomo hancur uang ikut deret tips finansial ojk gen fenomena yolo you only live once fomo fear of missing out sering kali buat anak muda jebak putus finansial bijak trenasia,2,Positif
Sat Oct 26 13:15:34 +0000 2024,jadi enggak beli rumah instrumen finansial konvensional lain jadi keluar geser lebih sifat experiencebased salah satu beda generasi boomer kali sama millenial utama late sama gen,-1,Negatif
Fri Oct 25 13:40:05 +0000 2024,video gen amp finansial cerdas atur uang youtube,0,Netral
Fri Oct 25 07:17:41 +0000 2024,transaksi judi online tembus angka triliun bukan sekadar angka dampak besar buat masyarakat rugi finansial keluarga pecah judi online makin resah kalau terus biar siapa tanggung akibat judol zgenvoiceid,-3,Negatif
Fri Oct 25 02:43:55 +0000 2024,fenomena doom spending bukti rendah literasi finansial gen solusi,-1,Negatif
Thu Oct 24 08:42:38 +0000 2024,fenomena doom spending bukti rendah literasi finansial gen solusi,-1,Negatif
Tue Oct 22 04:54:33 +0000 2024,temu riset idn persen millenial gen sulit finansial,2,Positif
Mon Oct 21 02:09:37 +0000 2024,gen gara ciptaker enggak jamin karir finansial saking status expendable banget bikin ciptaker padahal kakekbapakabangnya jadi usaha ekonomi begini lu funder sustainable syukur dongok,-2,Negatif
Sun Oct 20 16:46:19 +0000 2024,biasa keluar mulut milenial sandwich generation finansial pepet asih makan anak istri susah punya rumah ngontrak gara iri sama gen keluarga cemara orangtuanya cukup,-5,Negatif
Sun Oct 20 09:10:10 +0000 2024,alas bikin gen lilit utang gen kenal generasi milik kuat finansial cukup signifikan cenderung tunjuk sikap boros konsumtif jakarta generasi gen rupa generasi trenasia,-5,Negatif
Sat Oct 19 10:36:02 +0000 2024,enggak tanggung jawab finansial skill wajib milik gen,-1,Negatif
Sat Oct 19 05:02:18 +0000 2024,sabtu kepala bps provinsi diy herum fajarwati jadi bicara studium generale tajuk gen cerdas data cerdas finansial selenggara universitas islam indonesia,1,Positif
Fri Oct 18 13:07:16 +0000 2024,salah finansial hindar gen masa depan lebih stabil,1,Positif
Fri Oct 18 08:30:00 +0000 2024,gen milenial siap diri kelak jadi generasi cerdas tahu milik moral baik mapan finansial genz tipsfinansial medcomid mudamemberiarti,2,Positif
Wed Oct 16 22:54:00 +0000 2024,cewenya tipe anak bungsu anak gen biasa ceplas ceplos chatnya deh kaya batal ribut masalah finansial mulu entar hehhe,-5,Negatif
Wed Oct 16 22:52:29 +0000 2024,mau jadi gen finansial savvy dapat tambah ribet pikir suatu hari kamu enggak kerja biasa sakit celaka mungkin butuh break panjang terus bagaimana stop scroll penting buat kamu,-1,Negatif
Wed Oct 16 10:19:39 +0000 2024,survei jakpat gen lebih pilih sewa banding beli rumah alas besar siap finansial tambah harga rumah terus naik,6,Positif
Wed Oct 16 08:04:35 +0000 2024,gen milenial lebih utama work life balance banding finansial,0,Netral
Wed Oct 16 07:51:13 +0000 2024,gen milenial lebih utama worklife balance finansial apa alas,0,Netral
Tue Oct 15 11:29:57 +0000 2024,gen gen deh deh baca threads biar enggak tular peileter invlinic paylater genz finansial,-1,Negatif
Mon Oct 14 05:49:18 +0000 2024,yuk simak finansial gen,1,Positif
Mon Oct 14 04:00:45 +0000 2024,rujuk survei aman finansial internasional cnbc laku survey monkey orang dewasa seluruh dunia orang dewasa rasa lebih baik finansial banding orang tua,1,Positif
Sun Oct 13 06:45:31 +0000 2024,dua gen sangat harga mandiri bebas finansial istilah keren financial freedom hahaha,-1,Negatif
Sun Oct 13 06:01:37 +0000 2024,kenal tren finansial gen loud budgeting soft saving doom spending tengah tantang ekonomi,-1,Negatif
Fri Oct 11 03:00:02 +0000 2024,gen saat jadi generasi cerdas finansial pintar atur uang sejak dini kunci raih masa depan lebih cerah,2,Positif
Thu Oct 10 23:16:47 +0000 2024,gen memang kebelet nikah mending kuat mostly janda tahun bagus benar meni muda siap nya matang segala aspek utama mental finansial,-1,Negatif
Thu Oct 10 18:25:00 +0000 2024,jawab tren yolo ala gen solusi syariah finansial imbang yolo genz,0,Netral
Thu Oct 10 16:11:14 +0000 2024,gen keluar tersier lain ngopi bayar sikolog tahi banget mau waras peras finansial bagaimana mau beli rumah,0,Netral
Thu Oct 10 10:45:35 +0000 2024,bagaimana beli rumah kalo gen nanggung beban finansial gen atas nikah siap finansial gaji kecil pajak gede harga tanah bangun makin mahal wkwk dah gen hidup syukur,1,Positif
Wed Oct 09 07:01:15 +0000 2024,tiada hari istilah baru kaum gen milenial sekarang istilah baru nama doom spending yuk coba ajar soal doom spending lewat thrads invlinic doomspending uang finansial genz milenial edukasi,0,Netral
Tue Oct 08 09:05:36 +0000 2024,eh juta gen enggak punya tabung yuk coba baca jelas lengkap soal baca threads soal bagaimana gen atas invlinic finansial uang genz tabunganedukasi,1,Positif
Sun Oct 06 07:29:23 +0000 2024,begini nih kalau gen baru jadi karyawan kalau suruh ngegas mulu walaupun kerja beres cara atur uang melek literasi finansial sepentingitu buat kamu mulai kerja tabung investasi punya asuransi,3,Positif
Thu Oct 03 16:01:28 +0000 2024,jawab tren yolo ala gen solusi syariah finansial imbang yolo genz syariah,0,Netral
Thu Oct 03 12:43:40 +0000 2024,allahul mustaanini musibah gen rusak sejak dini judol keluarga beban baik mental maupun finansial judol yakin bandar banyak negeri min t omset tahun apbn tuh kalo duit segitu keluar negeri goyang eco indonesia,-4,Negatif
Thu Oct 03 08:15:38 +0000 2024,assalamu alaikum sahabat syariah meski gen rupa generasi melek digital bagi gen hadap tantang besar literasi uang sepenuh paham cara kelola uang bijak jangan biar putus finansial pengaruh,-2,Negatif
Thu Oct 03 03:00:01 +0000 2024,financial freedom mitos nyata generasi punya tantang perspektif beda apa kamu tuju gen lebih dekat bebas finansial banding generasi sandwich yuk share dapat,-3,Negatif
Mon Sep 30 11:50:59 +0000 2024,begini nasib gen sekarang biar nasib enggak merana terusterusan stay tune bakal baru lho invlinic invlinic kucing uang finansial genz milenial comingsoon,-2,Negatif
Fri Sep 27 19:10:34 +0000 2024,festival literasi uang sehat finansial gen rendah,-1,Negatif
Fri Sep 27 07:49:33 +0000 2024,ojk ingat gen soal fenomena buat rugi finansial tempobisnis,-1,Negatif
Fri Sep 27 07:17:54 +0000 2024,rumah tapak jadi favorit gen buat rumah impi enggak apartemen lebih murah yuk baca faktafakta soal threads invlinic genz rumah uang finansial edukasi,5,Positif
Fri Sep 27 04:46:15 +0000 2024,utama gen kenal selektif banget cari produk finansial aman pasti enggak ribet pas banget sama asuransi syariah industri asuransi syariah makin ngegas nih biar makin dekat sama gen semua serba digital medsos aplikasi,4,Positif
Fri Sep 27 04:46:14 +0000 2024,era digital serba cepat asuransi syariah muncul solusi finansial bas islam makin lirik bagaimana sih pandang gen soal yuk simak thread,4,Positif
Thu Sep 26 12:20:10 +0000 2024,guna layan kredit online bijak sebab masalah finansial milenial gen,0,Netral
Wed Sep 25 10:39:56 +0000 2024,jadi gen era sekarang susah survive parah baik finansial maupun saing sehat manusia teknologi,-1,Negatif
Tue Sep 24 08:52:58 +0000 2024,turut gen sekarang lebih sadar finansial butuh biaya banyak buat nikah bahkan after nikah gaya hidup modern karier kembang diri lebih utama tinggi angka cerai atur kaku nikah,1,Positif
Mon Sep 23 23:12:34 +0000 2024,gig economy pilih fleksibel gen risiko finansial masa depan,-2,Negatif
Mon Sep 23 11:15:00 +0000 2024,gen tunjuk cara baru tarik kelola finansial era digital genz finansial medcomid mudamemberiarti,1,Positif
Fri Sep 20 11:12:36 +0000 2024,sobat muda sehat finansial gen milenial kota ancam apa sebab simak utas ikut,-4,Negatif
Fri Sep 20 09:48:39 +0000 2024,hasil survei tunjuk kelompok gen awal milenial akhir alokasi anggar finansial besar gaya hidup hasil cermin gen amp milenial kota makin banyak depan penuh gaya hidup turut lingkung gaul,1,Positif
Thu Sep 19 15:19:34 +0000 2024,rahasia uang gen tiru sukses finansial,1,Positif
Thu Sep 19 03:55:03 +0000 2024,gen terap soft saving cenderung milik target tabung perhati mampu finansial terburuburu,1,Positif
Tue Sep 10 06:44:24 +0000 2024,suara sosma haloo sobat beasiswa scholarflip buka beasiswa scholarflip rupa program beasiswa luncur flip beri dukung finansial dorong gen rangkul gaya hidup hemat bijak kelola uang,2,Positif
Tue Sep 10 01:39:14 +0000 2024,ancam serius masa depan finansial gen amp milenial,-2,Negatif
Mon Sep 09 16:19:07 +0000 2024,gen milenial indonesia jadi sorot beberapa tahun akhir kait perilaku finansial cenderung arah cenderung utang main judi online judolperusak fufufafa susu guru gembul puput novel hujan npwp gibran jennie is coming senin,-1,Negatif
Mon Sep 09 13:01:55 +0000 2024,mulai pikir asuransi sejak muda investasi cerdas lindung jangka panjang gen sadar finansial lebih siap hadap masa depan penasaran asuransi mana cocok untuk yuk konsultasi lalu dm,7,Positif
Mon Sep 09 13:00:13 +0000 2024,kamu muda mungkin rasa asuransi penting iring waktu lindung finansial jadi kunci masa depan lebih aman nah ikut tips pilih asuransi sesuai gen,0,Netral
Sat Sep 07 21:30:17 +0000 2024,kelola uang tabung efektif sangat penting gen baru mulai jalan finansial ikut beberapa langkah tips bantu,4,Positif
Wed Sep 04 11:16:48 +0000 2024,bukan cuma sulit cari kerja gen bakal jadi generasi susah kayak kalo enggak mau ngubah biasa pesan buat kalian gen mau ubah sehat finansial mulai investasi,-3,Negatif
Wed Sep 04 10:55:55 +0000 2024,finansial ku freedom asa bajingbajing sungguh valid jadi impulsif jadi arti aku sedang juang serah enggan cari telinga palsu anjay problem guweh gen banget,-1,Negatif
Fri Aug 30 05:48:04 +0000 2024,biasa finansial jerumus milenial gen,0,Netral
Thu Aug 29 07:29:44 +0000 2024,gen milenial lebih utama worklife balance finansial apa alas bisnis muda bisnismuda,0,Netral
Tue Aug 27 16:10:27 +0000 2024,milenial gen susah bayar kontra beli rumah sistem finansial sekarang rusak korup ajar bitcoin,-2,Negatif
Tue Aug 27 14:52:05 +0000 2024,gen galau soal finansial pilih beli rumah vs meni,-1,Negatif
Sun Aug 25 04:44:44 +0000 2024,biasa finansial rusak generasi milenial gen,-1,Negatif
Sun Aug 25 04:34:49 +0000 2024,teknologi makin maju pesat kembang internet gen nikmat bagai mudah fasilitas akses stabil finansial keluarga,5,Positif
Sun Aug 25 03:30:16 +0000 2024,entuk kenal gen mau bengi jam jam curhat babagan finansial yaene wis nembung duit i matane,0,Netral
Sat Aug 24 04:09:13 +0000 2024,sobatnakertrans alam krisis ekonomi alami ketidakpastian ekonomi sejak muda buat gen lebih harga stabilitas kerja aman finansial cenderung cari posisi tawar gaji kompetitif tunjang baik stabilitas jangka panjang,3,Positif
Tue Aug 20 04:39:35 +0000 2024,materi finansial didik fakta lulus wisuda masalah finansial selalu realistis hidup enggak jauh pajak asuransi manajemen uang hutan investasi gen harus latih pikir kritis,-3,Negatif
Sat Aug 17 06:35:06 +0000 2024,merdeka gen ku kamu lebih kamu bebas jadi huruf f fleksibel orang finansial freedom cita cita fyp tujuanya fokus sehat mental inti generasimerzeka,0,Netral
Fri Aug 16 02:40:27 +0000 2024,gaes tips tuju finansial freedom ala gen kamu coba,1,Positif
Thu Aug 15 08:25:49 +0000 2024,hai gen pernah rasa mimpi kamu kayak jauh banget kendala finansial mau tau solusi tonton video reels instagram aku tipsuang bisnisonline inspirasi suksesmuda financialfreedom tipskonten bisnisdigital produkdigital genz,-2,Negatif
Tue Aug 13 12:03:21 +0000 2024,makanya bagus padahal mulai anak gen sadar kalo mending childfree diri sendiri jadi orang tua enggak tanggung jawab nyata siap finansial ilmu parentingnya gue yakin mikir childfree paling enggak niat buat punya anak,0,Netral
Sun Aug 11 05:33:15 +0000 2024,kurikulum akomodasi karakteristik gen kuat mitra usaha industri sangat penting langkah kuat akomodasi karakteristik gen pragmatis utama aman finansial arti cepat kerja,5,Positif
Sun Aug 11 05:27:26 +0000 2024,walaupun cenderung pragmatis dinamis utama aman finansial amp fokus kembang terampil relevan gen cari makna amp dampak kerja studi jelas aspek fleksibiltas lanjut amp dian fasilitas canggih jadi preferensi hidup,1,Positif
Fri Aug 09 19:44:42 +0000 2024,gen lemah pernah enggak lanjut sekolah benar nyaman banget mikir finansial keluarga enggak ambil sekolahuniv impi gegara biaya aduh gws didik indonesia,2,Positif
Thu Aug 08 09:12:25 +0000 2024,naik harga huni butuh tempat tinggal bengkak huni layak jadi tantang besar gen baru masuk angkat kerja padahal milik properti penting stabil finansial,-1,Negatif
Wed Aug 07 03:35:21 +0000 2024,kenal genfi teman setia gen urus finansial sini bakal ngobrolin soal uang bisnis semua resah sering bikin galau bukan cuma edukasi event acara seru lain sayang banget buat lewat genzfinancial,-3,Negatif
Tue Aug 06 02:19:52 +0000 2024,dihimpit tanggung biaya orang tua saudara pikir diri sendiri banyak gen baru kerja bangun karier punya sehat finansial baik sering jebak utang penuh butuh keluarga salah satu lewat pinjam online,-4,Negatif
Mon Aug 05 14:43:19 +0000 2024,omong value of money ala anak gen bareng mindoo generasiz convertpulsa valueofmoney money uang finansial pulsajadiuang zonauang zonajajan,-2,Negatif
Mon Aug 05 13:30:00 +0000 2024,generasi lekat stereotipe tech savvy kreatif melek finansial kerap cap malas manja rapuh fakta cari kerja gen hambat faktor struktural penasaran baca lengkap artikel ikut gtgt,-8,Negatif
Sun Aug 04 11:30:25 +0000 2024,banyak masyarakat keluh ekonomi sulit bahanbahan pokok mahal uang cukup butuh banyak gen masuk dunia kerja rasa siap finansial akibat banyak anggur,-2,Negatif
Wed Jul 31 17:08:06 +0000 2024,nope generasi alpha orang tua banyak melek didik finansial bonus demografi banyak gen,-2,Negatif
Mon Jul 29 08:05:52 +0000 2024,generasi mulai rambah dunia kerja generasi milik potensi besar capai bebas finansial loh nyata banyak gen alami sulit tabung pengaruh cenderung boros gaya hidup konsumtif,-1,Negatif
Sun Jul 28 15:14:09 +0000 2024,alas bikin gen ogah meni salah satu fokus finansial,-2,Negatif
Sun Jul 28 01:02:56 +0000 2024,harap bangun komunitas sebar alam female gen lain kalau makin banyak female gen ikut jejak dampak luar biasa ekonomi keluarga makmur finansial cipta,-2,Negatif
Sat Jul 27 02:20:15 +0000 2024,osu itu kalo kata stagnan benar gue tuju sama beliau kalo sekarang banyak opsi kayak dulu gue jadi lamar gen mungkin nolak cuma mau bagaimana mampu finansial mampu segitu,-5,Negatif
Sun Jul 21 15:04:50 +0000 2024,ideal turut gen enggak bakal ingat finansial,0,Netral
Sat Jul 20 01:18:45 +0000 2024,generasi lahir siap pondasi finansial keluarga lebih kokoh jadi gen can afford not work at least they can choose its for their mental health too,2,Positif
Sat Jul 20 00:47:51 +0000 2024,cicil selesai denda simpan bpkb bank juta baru tebus banyak banget ajar finansial gue mampu ambil mobil better ambil lcgc minim maintance amp sparepart murah,0,Netral
Fri Jul 19 12:43:52 +0000 2024,gen enggak atur uang dong jangan lupa macam investasi sahabat terap capai sukses finansial sahabatpegadaian gadai,-1,Negatif
Sun Jul 14 04:15:44 +0000 2024,jakpat survey report kait property perspective from gen tunjuk banyak persen gen siap finansial beli rumah lebih pilih sewa alias ngontrak bisnisupdate update bisnis infog,5,Positif
Sun Jul 14 03:48:19 +0000 2024,siapa nih gen milenial mau ikut partisipasi buat bangun negeri kalo pengin threads pas buat kamu nih yuk baca habis invlinic genz milenial uang finansial edukasi,4,Positif
Wed Jul 10 15:56:16 +0000 2024,agree sama nyata kak albertus axel kalo tahan lifestyle cara disiplin finansial ajar budgeting konsisten investasi mulai diterapin buat gen inflasi indonesia bahkan dunia gilagilanya naik gaji enggak imbang sama angka inflasi tahun,6,Positif
Mon Jul 08 06:44:48 +0000 2024,kondisi uang gen kayak sulit tebak mending antisipasi dulu deh sesal yuk praktik bawah biar jauh kata miskin invlinic genz milenial finansial uang edukasi,-3,Negatif
Sun Jul 07 14:54:00 +0000 2024,gen tarik meni salah satu alasanya faktor finansial,-1,Negatif
Thu Jul 04 12:00:57 +0000 2024,gen yuk mulai langkah tuju bebas finansial genzfinansial kebebasanfinansial tipsfinansial investasimuda mengaturkeuangan masadepancerah finansialmandiri langkahfinansial mulaisekarang finansialsehat,2,Positif
Wed Jul 03 17:26:26 +0000 2024,siap jadi baris gen enggak bakal nikah kalo finansial mampu,1,Positif
Wed Jul 03 08:21:09 +0000 2024,memang benar gen punya tabung digit pertama umur an buat kamu bias bingung soal umur an punya tabung digit pertama mending tonton video dulu buat dapat cerah invlinic finansial genz milenial edukasi,3,Positif
Mon Jul 01 06:53:06 +0000 2024,alas gen pilih tunda nikah mandiri finansial masuk daftar health,-3,Negatif
Sun Jun 30 11:57:32 +0000 2024,jangan gen milenial takut kalo enggak siap finansial,0,Netral
Fri Jun 28 07:38:26 +0000 2024,dasar hasil survei property perspective from gen rilis jakpat banyak gen aku rencana beli rumah alas utama finansial stabil masalah finansial lain gen rasa mampu bayar kpr tirtodaily,1,Positif
Wed Jun 26 03:52:07 +0000 2024,bukan perkara stabil finansial mental stabil sih soal ku aku kadang aku anger issues,0,Netral
Sat Jun 22 15:08:01 +0000 2024,kuasa tips jitu gen siap hadap tantang finansial era digital,2,Positif
Sat Jun 22 10:16:31 +0000 2024,kuasa tips jitu gen siap hadap tantang finansial era digital,2,Positif
Thu Jun 20 04:21:54 +0000 2024,makin sering caci lama gen akhir punya resistensi tunjuk performa kerja tingkat hingga per tahun tahun bahkan gen sering dinyiyirin malah kalah etos kerja milenial sektor finansial kreatif agribisnis,5,Positif
Wed Jun 19 03:24:18 +0000 2024,meski terlalu dini ambil simpul usia gen kisar tahun lihat tahun masalah trendnya ubah demografi turun picu besar finansial naik angka perzinahan aborsi konsekuensi logis enggan pelamin,-3,Negatif
Tue Jun 18 02:38:49 +0000 2024,gen awal pikir enggak usah nikah ribet masalah finansial malah akhir akhir tambah ribut masalah komun makin bikin pengin enggak nikah wkwkw,-2,Negatif
Sat Jun 15 13:15:25 +0000 2024,gen rapat kamu rasa gaji kamu kurang bukan nilai kecil mungkin kamu melek finansial jadi yuk ajar terap hidup,-3,Negatif
Wed Jun 12 12:36:27 +0000 2024,show me dong betul gue gen bang finansial stabil enggak pernah pinjol main judi kayak abang gen jadi penasaran gaya hidup konsumtif buruk apa tuh hidup sama otak buntut,0,Netral
Sat Jun 08 00:12:26 +0000 2024,kata siapa gen lemah rusak bobrok nih aku kasih paham lebih gen gen dahulu gen lebih melek sama teknologi gen lebih aktif medsos gen cenderung lebih mandiri gen prioritas finansial gen selalu pikir kritis,0,Netral
Fri Jun 07 03:57:59 +0000 2024,kalo gen kali boomers suka investasi emas gen nih jaman serba digital jadi lebih melek finansial jadi cocok gen investasi mana nih,0,Netral
Thu Jun 06 11:48:21 +0000 2024,apa sih beda cara millenial gen kalo atur uang dooeit aplikasidooeit aturkeuangan finansial uang bijakkeuangan zonauang zonajajan,-2,Negatif
Thu Jun 06 03:59:30 +0000 2024,kurang tahu kelola uang buat banyak rentan masalah uang sepentingitu edukasi uang lebih intensif gen rencana masa depan finansial lebih baik financial freedom bukan cuma jadi angan,-1,Negatif
Thu Jun 06 03:27:52 +0000 2024,haye gen susah susah hidup frugal hina boomers suruh fahami finansial ujung ujung duit juba palak,-6,Negatif
Wed Jun 05 15:36:17 +0000 2024,finansial jalan hidup lebih tenang kreativitas keluar frugal living pacu kreativitas keluar kamu ajar temu caracara baru nikmat hidup penuh butuh keluar banyak uang,1,Positif
Wed Jun 05 14:49:11 +0000 2024,benarbenar beri nilai bahagia hidup kurang stres finansial hidup hemat kamu kurang stres finansial khawatir masa depan uang milik tabung darurat rencana uang baik kamu rasa lebih aman,-1,Negatif
Wed Jun 05 13:49:52 +0000 2024,finansial media sosial b studi university of british columbia temu tekan sosial ingin terima pengaruh putus beli hingga,5,Positif
Wed Jun 05 13:27:10 +0000 2024,lebih baik ubah pandang negatif atas stigma putar gaya hidup hemat bangun masyarakat lebih lanjut finansial lebih bahagia seluruh,3,Positif
Wed Jun 05 13:27:09 +0000 2024,sesuai prioritas keluar capai impi finansial korban sejahtera simpul frugal living buat putus finansial cerdas tanggung jawab capai tuju uang hidup,0,Netral
Wed Jun 05 13:26:56 +0000 2024,stigma mispersepsi putar frugal living frugal living meski tawar manfaat finansial signifikan sering kali pandang negatif bagi orang stigma mispersepsi putar gaya hidup hemat jadi hambat mulai,1,Positif
Wed Jun 05 13:13:35 +0000 2024,hubung alam kontribusi orang tetap fokus tuju finansial tentu tuju uang jangka pendek jangka panjang bantu kamu capai mandiri finansial bahagia sejati,3,Positif
Wed Jun 05 13:13:32 +0000 2024,praktik gaya hidup frugal anti konsumerisme bawa bahagia bebas finansial bagaimana cara navigasi tekan sosial terus dorong kamu konsumsi,-1,Negatif
Wed Jun 05 03:46:48 +0000 2024,gen teknologi informasi baru lengkap sekarang jadi kalau gen harus lebih luas wawas informasi jadi makan seharihari kalau pikir ikut orang income bagaimana diri fondasi finansial fredoom,-3,Negatif
Wed Jun 05 02:31:26 +0000 2024,nasihat uang kan lima salah finansial gen generasiz uang,-2,Negatif
Wed Jun 05 01:13:05 +0000 2024,investasi putus masingmasing munafik banget niat bantu beli rumah paksa butuh hidup mungkin banget gaji paspasan enggak umr naik terus gen beri didik finansial memang cuma mau makan duit haram ajg,0,Netral
Mon Jun 03 21:46:06 +0000 2024,gen fokus cari uang dulu pak biar punya finansial stabil didik tinggi,1,Positif
Thu May 30 04:20:27 +0000 2024,bikin opsional jadi sekali lengkapin cv buat mahasiswa ambil enggak pikir bagus buat gen sulit finansial minim skill jadi kayak kerja dw buat kemensos,0,Netral
Wed May 29 17:41:36 +0000 2024,pikir gen amp alpha enak lahir millenial ajar salah orang tua boomer amp gen kali millenial usaha sehat fisik finansial masa tua biar enggak susah anak apa iya beban orang tua lantas alpha fokus urus diri sendiri nyata,-9,Negatif
Wed May 29 05:29:11 +0000 2024,faktor finansial gen pilih tumblr tunjang cukup hidrasi dibuatin judul,-1,Negatif
Tue May 28 11:19:53 +0000 2024,si unnecessary ngejual cuteness wasteful and not sustainable harga mahal mending beli murah encentino botol overprice hancur finansial gen,2,Positif
Mon May 27 09:39:35 +0000 2024,betulll bangga jadi gen disiplin finansial sih,2,Positif
Sat May 25 12:03:40 +0000 2024,begini trik jitu cerdas finansial milenial gen,-1,Negatif
Thu May 23 05:06:57 +0000 2024,kok malah beda keluarga gue boomers ngepukpuk usahain gen gen kali bangsatbangsatin lepas tangan millenials jadi pawang mental finansial,-1,Negatif
Tue May 21 21:30:42 +0000 2024,gen jelas impossible punya rumah mindset sangat buruk kelola finansial,1,Positif
Tue May 21 05:18:10 +0000 2024,sulfat gen enggak terima pressure coba berapa banyak gen jadi sandwich generation gen bomers nya rasa investasi anak malah jadi beban finansial buat orang tua gen tahan jaman edan hebat banget,-3,Negatif
Sat May 18 12:57:44 +0000 2024,benar enggak sih kamu gen cenderung boros akhir susah buat nabung yuk mulai atur uang kalian wahai kaum gen biar masa depan lebih jamin invlinic finansial financialfreedom genz,0,Netral
Thu May 16 00:26:13 +0000 2024,jakarta gen salah atas bobrok struktural gen umur sekolah baru lulus kerja aktif lamar rezeki latih kurang finansial apabila bayar jadi manfaat gratis salah,1,Positif
Fri May 10 13:44:57 +0000 2024,idic tuju min sadar perlu asuransi sehat generasi milenial amp gen langkah penting pasti aman finansial amp sehat masa depan duga bantu fokus jaga sehat amp sejahtera diri,1,Positif
Fri May 10 09:46:10 +0000 2024,asuransi beri tenang pikir lindung risiko medis celaka hingga masa depan uang mulai asuransi sejak dini gen manfaat premi lebih jangkau bangun lindung jangka panjang,5,Positif
Fri May 10 09:46:10 +0000 2024,alas gen perlu milik asuransi tak abai nih meski mungkin rasa desak lindung finansial risiko tak duga sangat penting komunitas literasifinansial komunitasliterasifinansial pakebri,-2,Negatif
Sat May 04 17:05:40 +0000 2024,kalo nadila jawab begini arti post sebut memang bukan buat nadila lebih gen memang benar low budget buat nabung berat enggak back up an finansial mana mana cuman pakai transportasi umum,3,Positif
Sat May 04 00:14:50 +0000 2024,sorry sayang gen enggak tahun tahun usaha bangkrut tahun kerja krisis finansial akut hingga lay off salah siapa kalo kerja usaha besar mungkin,-4,Negatif
Fri May 03 09:33:36 +0000 2024,mapan finansial usia muda jadi damba banyak gen betul apa benar sini merapaat agi punya solusi untuk nabung aman emas anti cemas bank artha graha internasional langkah awal enggak bikin khawatir kamu nabung mulai rp juta,2,Positif
Thu May 02 05:02:19 +0000 2024,alas milenial gen perlu punya asuransi sehat sehat pondasi utama produktivitas cegah lebih baik obat akses awat medis tepat lindung beban finansial duga,4,Positif
Tue Apr 30 16:39:38 +0000 2024,finansial baik sehat terus emotional management tingkat moga ldr enggak jauh jauh eh,-1,Negatif
Mon Apr 29 09:51:14 +0000 2024,tipsntrick siapa sini siap buat adopsi gaya hidup lebih hemat tanggung jawab finansial kali bakal bahas frugal living gaya hidup hits kalang gen simak yuk,4,Positif
Sat Apr 27 10:27:52 +0000 2024,wajar sih kalo anang omong tanya pikir kan kolot padahal jaman sekarang gen beberapa gen millenial anggep nikah bukan banget usia lebih tunggu kesiap finansial mental suka mau nikah,-2,Negatif
Fri Apr 26 04:32:34 +0000 2024,buat kamu millennials gen temu akun miniv mau ucap congrats kamu punya cukup waktu betulin uang kamu jalan benar swipe simak tipsnya uang finansial budgeting gaji sehatfinansial finansialcheckup,2,Positif
Wed Apr 24 01:57:50 +0000 2024,anak gen nih aneh kerja ngeluh kuliah kan musyawarah keluarga kalau lo kuliah orang tua lo nyuruh kuliah arti tanda siap lahir batin finansial kalau enggak mampu enggak usah kuliah enggak maksa lo buat kuliah kali enggak tukang ngeluh,-6,Negatif
Mon Apr 22 17:52:57 +0000 2024,jadi memang masalah millenials gen kayak gajauh soal cinta kalo enggak finansial teman keluarga misal enggak sengaja habis baca twit relationship bagaimana cara move on crush orang enggak milik,-3,Negatif
Thu Apr 18 05:45:45 +0000 2024,gen bingung tips finansial njenengan,1,Positif
Thu Apr 18 03:09:40 +0000 2024,siapa nih tretanpajak warga gen yuk raih bebas finansial kelola uang baik salah satu tingkat literasi uang simak jelas tipskeu bawah,1,Positif
Wed Apr 17 12:41:04 +0000 2024,kembang zaman memang elak bagai inovasi bidang finansial hasil cipta ironis tingkat literasi uang gen golong rendah angka yuk terus kaya diri tingkat literasi uang,3,Positif
Wed Apr 17 09:28:07 +0000 2024,salah finansial sering jadi gen dapat naik buat gaya hidup naik,3,Positif
Fri Apr 12 05:45:28 +0000 2024,buah survei baru ungkap tren tarik kaum muda amerika khusus golong gen milenial makin pilih aset kripto aset finansial survei milenial finansial aset kripto saham,-1,Negatif
Mon Apr 08 15:56:14 +0000 2024,alhamdulillah jikalau tanya sensi sebut beri dampak positif finansial gen,0,Netral
Sat Apr 06 12:55:58 +0000 2024,think long term mau naik gaji berapa persen mau role apa penting tau tuju karir depan apa plan finansial usaha apa,-2,Negatif
Sat Apr 06 03:46:34 +0000 2024,incar fleksibilitas kerja zenbusiness gen yakin berwirausaha sempat jadi orang kayak wujud lebih cepat amin jadi kerja korporat aman finansial ada batas dapat,3,Positif
Thu Apr 04 11:21:34 +0000 2024,padahal guru butuh sejahtera finansialgen sekarang teman gua ogah jadi guru,-1,Negatif
Wed Apr 03 13:39:24 +0000 2024,fenomena kayak begini kayak kait gaya hidup gen serba wah gas kalo umur kan ratarata rintis kalo sama lebih tua finansial mungkin lebih stabil jadi lebih tarik kalo istri mbok pikir loh sama wanita,2,Positif
Fri Mar 29 10:06:06 +0000 2024,gue senang banget sama qrt twit melek finansial utama gen cuma beberapa jadi perhati ada orang pikir gaperlu planning penting jalan semua jalan allah monggo begini,1,Positif
Tue Mar 26 23:45:00 +0000 2024,nah baru idam bagaimana biaya hidup hingga didik sih anak kelak maklum gen ketarketir sama kata nikah kalau siap mental finansial,-1,Negatif
Sat Mar 23 16:05:43 +0000 2024,rakyat indonesia memang darurat literasi uang deh kasus dana talang kayak begini kok total uang dikibulinnya sama jaman millenial ibu bpk tipu dukun ganda uang sekarang gen tipu skema ponzi padahal literasi finansial gampang dapat,-3,Negatif
Tue Mar 19 23:48:54 +0000 2024,enggak heran gen stres finansial tetap kalah,-1,Negatif
Tue Mar 19 21:53:53 +0000 2024,gen ampit jadi sandwich gen keluarga nya sekaligus enggak mau anak kelak jadi sandwich gen makanya nunda nikah finansial rasa oke banget boomer gen masalah nya nikah amp anak pinak saat segala matang mental finansial bahkan umur,-3,Negatif
Tue Mar 19 11:12:13 +0000 2024,bagaimana cara ambil putus bijak uang tetap aman bijak kelola finansial seharihari rupa skill enggak semua orang milik buat kamu gen cara jitu bantu kamu baik hidup lewat kelola finansial tengah,3,Positif
Mon Mar 11 01:25:45 +0000 2024,generasi amerika marah bantu amerika israel role model gen dunia gen nya lebih merdeka finansial freedom amp lebih maslahatamp lihat latar belakang agama ras apa punlebih nilai manusia adil amp etika global novas act for global ethics,2,Positif
Sat Mar 09 17:59:11 +0000 2024,siap siap finansial ilmu perlu lain mudah buat dapat informasi salah satu privilege gen arti beri sempat buat rencana masa depan matang enggak pilih lahir orang tua kayak begini mau,2,Positif
Wed Mar 06 03:59:51 +0000 2024,baru kemarin debat sama dirut gue tanya target nikah umur berapa kamu umur gin nikah ketua enggak main sama anak pak nikah bukan patok pakai umur butuh kesiap finansial amp mental sekarang gen prinsip apa enggak lama,-2,Negatif
Tue Mar 05 18:08:44 +0000 2024,bisnis banyak isi kaum gen biasa alas childfree homo lesbi syarat meni sangat ruwet bejibun makin melek meni benarbenar siap mental fisik finansial makin banyak trust issue antara,3,Positif
Thu Feb 29 10:58:19 +0000 2024,siapa sih dulu mulai kerja tuh jadi kayak beban banget woi generasi millenial amp gen kayak punya usia sekian padahal kerja benar tuh konsep jadi mandiri finansial cukup butuh,-2,Negatif
Wed Feb 28 00:00:00 +0000 2024,gen siapsiap lesat tuju financial freedom rekomendasi buku keren baca mana kalau langsung catat siapsiap ubah hidup finansial bukukeuangan financialfreedom,0,Netral
Sun Feb 25 11:01:45 +0000 2024,jebak finansial gen,0,Netral
Wed Feb 21 12:05:03 +0000 2024,masalah finansial gen tuju uang,-1,Negatif
Wed Feb 21 00:47:02 +0000 2024,tips sukses finansial gen generasi milenial ikut tipstips sebut bangun biasa uang baik sejak dini kamu kelola uang lebih efektif bangun masa depan uang stabil tipsalapemkab,3,Positif
Fri Feb 16 15:38:52 +0000 2024,workshop gen melek finansial bingung bagaimana cara nabung buat rencana uang baik kelola finansial jadi salah satu krusial anak muda utama gen hadap soal finansial,-3,Negatif
Thu Feb 15 13:55:21 +0000 2024,pratama mayoritas milu kalang gen millenial banyak proses didik jadi finansial banyak stabil tambah dekat kena banget sok tim konsultan politik memang deh meta plus jago dekat,3,Positif
Thu Feb 15 08:45:48 +0000 2024,incar fleksibilitas kerja zenbusiness gen yakin berwirausaha sempat jadi orang kayak wujud lebih cepat jadi kerja korporat aman finansial wirausaha makin maju,5,Positif
Sun Feb 11 02:17:54 +0000 2024,benar mbah tanggap konteks kubu kan benar tantang presiden akan asih tau nih kubu gue koalisi gemuk sekarang dukung milenial gen dukung finansial banyak arah include influencer usaha crypto online,1,Positif
Sat Feb 10 05:19:05 +0000 2024,ajar finansial gen tiru melek investasi,0,Netral
Tue Feb 06 11:57:27 +0000 2024,dapat ekonomi samping jajan ala gen manfaat ekonomi samping pakai ahli sobat akuntan buat dapat duit ekstra platform freelancing jadi guru privatuang sini langsung pasuk soft saving cara asik tambah dana darurat finansial,6,Positif
Mon Feb 05 12:00:27 +0000 2024,nah topik kali bahas topik mungkin familiar nih anak gen sulit merdeka finansial mau tau apa yuk tonton video lanjut youtube channel ayovest link bio,-2,Negatif
Mon Feb 05 08:47:31 +0000 2024,millenial cari diskon dasar emakemak gen cari diskon literasi finansial,0,Netral
Thu Feb 01 06:00:00 +0000 2024,gen rupa generasi dapat bagai beban lahir tengah langsung revolusi digital ancam akibat ubah iklim pandemi covid tekan finansial beberapa kali ekonomi adadikompas,0,Netral
Tue Jan 30 15:41:26 +0000 2024,tadi workshop riset bagaimana finansial mata gen amp milenials hasil riset relate sama gue gen sering banget bilang lebih baik sesal beli enggak ketika gue ingat prinsip lebih baik sesal tonton konser enggak auto sindir,3,Positif
Sun Jan 28 19:43:19 +0000 2024,salah finansial sering laku gen boncos terus,0,Netral
Fri Jan 26 03:30:17 +0000 2024,pilih kesiap generasi milenial ikut tren finansial inovatif potensi tumbuh tinggi fleksibilitas diversifikasi portofolio crypto beri akses lebih mudah ugen libat investasi batas tradisional,-2,Negatif
Fri Jan 19 09:51:19 +0000 2024,sih ajg enak banget raffi deh mah finansial selow,1,Positif
Wed Jan 17 17:57:18 +0000 2024,kalau gen langsung alami sekolah jaman justru paling bagus sd swasta baru sama negeri finansial fine kalau dana didik siap sejak awal meni bahkan sejak meni,2,Positif
Mon Jan 08 06:30:35 +0000 2024,arti angkat gen awal mateng emosional finansial embo maneh gen sing teman gen,2,Positif
Sun Jan 07 14:50:07 +0000 2024,debatcapres malam enggak address tahan finansial gen milenial gen dikitdikit suka check out barang olshop lucu asik padahal enggak butuhbutuh,1,Positif
Fri Jan 05 10:08:17 +0000 2024,kenal dulu kan kalo serius siap finansial soal this is gen kerja kayak kuda rumah enggak kebel,0,Netral
Fri Jan 05 09:40:11 +0000 2024,jujur satu bikin iri gen milik mimpi besar kalau millenial kayak aku mimpi paling cuma jalanjalan luar kota uang pensiun gen mimpi keliling dunia bebas finansial coba,-3,Negatif
Fri Jan 05 07:00:36 +0000 2024,gen baca nih self reward jangan bikin finansial mu enggak stabil jangan lupa siap dana darurat kamu pakai tabung siaga kb bukopin cek informasi lengkap lalu website kbbukopin bintangfinansial,2,Positif
Tue Jan 02 15:05:03 +0000 2024,hahaha mental health beberapa karyawan gue anak broken home kalo range umur masuk gen asal keluarga ekonomi bawah ada finansial berat rusak keluarga buat lebih tanggung jawab hidup utama kerja,1,Positif
Sat Dec 23 12:13:29 +0000 2023,lapor empat gen bilang kalau rasa sulit buat atur uang biaya hidup mahal bahkan responden rasa enggak yakin nih kalau pensiun ada finansial stabil,0,Netral
Fri Dec 22 14:05:42 +0000 2023,investasi dampak untung finansial bangun sosial ekonomi generasi gen investasi jadi dorong ubah positif masyarakat pkssolid aminmenang ahmad,0,Netral
Fri Dec 22 14:04:20 +0000 2023,hasil investasi tentu faktor internal faktor eksternal pasti hukum generasi gen paham penting dua faktor raih sukses finansial pkssolid aminmenang ahmad,-1,Negatif
Fri Dec 22 14:00:12 +0000 2023,pasti hukum investasi jadi spekulatif risiko tinggi generasi gen bangun masa depan finansial stabil pilih investasi dukung hukum jelas pkssolid aminmenang ahmad,0,Netral
Fri Dec 22 07:06:57 +0000 2023,sapa milenial gen teater jakarta kamis desember ganjar pranowo papar program utama generasi muda indonesia antara mampu diri melek digital melek finansial gantar gantariuntukganjar,-4,Negatif
Fri Dec 22 05:40:35 +0000 2023,bentuk disiplin finansial wajib patuh milenial gen,2,Positif
Thu Nov 23 11:35:49 +0000 2023,gen jadi bill gates panutan finansial siapa sosok lain,-1,Negatif
Wed Nov 22 00:34:36 +0000 2023,berani nabung hidup yolo strategi uang gen hadap tantang finansial bot ernando bank mandiri israhell buckingham palace subuh asnawi timnas indonesia,-3,Negatif
Tue Nov 21 11:13:36 +0000 2023,berani nabung hidup yolo strategi uang gen hadap tantang finansial,-1,Negatif
Sun Nov 19 23:05:06 +0000 2023,gen ragu finansial jangka panjang cara atur uang self reward,1,Positif
Fri Nov 17 07:29:02 +0000 2023,kadang platform tiktok diremehin banget as pengaruh gen gede banget woy enggak percaya factchecking media mainstream seru mangkir kontribusi finansial negara amp boikot seru tiktok,2,Positif
Thu Nov 16 15:39:56 +0000 2023,ua kan memang boomer tuh salah coba dulu tuh anak maksimal coba dehmungkin gen saing cari kerja dikit turut dulu boomer mana pikir kalau tau harga bakal roket finansial literacy jaman mono mungkin enggak bagus sekarang,-7,Negatif
Thu Nov 16 14:20:22 +0000 2023,malah gue gen sekarang melek finansial banyak ajar main sekuritas tipis pakai reksa dana apa gen disalahin bilang gagal generasi lu jangan bawa gen enggak semua gen kayak stop generalisasi gen a,-5,Negatif
Thu Nov 16 01:00:00 +0000 2023,alas sih gen melek finansial sejak dini kirakira sobat singa tuju alas coba tulis kolom komentar kelola pt abadi sejahtera finansindo csid singafintech kreditdigital pinjamanonline,1,Positif
Wed Nov 15 08:28:07 +0000 2023,halo sahabat hari rabu nih hari desk money bahas isu hangat kait dinamika ekonomi warga seharihari apa sih bahas pintar atur duit buat gen generasi hadap tantang finansial,2,Positif
Tue Nov 14 05:31:45 +0000 2023,paham semua sumber gen kali gen kata direktur departemen bijak ekonomi moneter dkem bank indonesia erwindo kolopaking lanjut download metrotvxtend play store amp app store ekonomi genx genz uang finansial,-1,Negatif
Tue Nov 14 05:31:43 +0000 2023,gen kali gen sebut jadi tumbuh ekonomi domestik peran topang sektor konsumsi rumah tangga ekonomi genx genz uang finansial,1,Positif
Tue Nov 07 15:43:32 +0000 2023,hai gen zpernah enggak terkadang pas tanggal muda sering boncos nah tandatanda kalo laku salah finansial enggak sadar loh quarterid upgradediri personalfinance pinterkeuangan sektorsaham sociallyresponsible,1,Positif
Sun Nov 05 03:19:38 +0000 2023,sepupu n teman hrd mulai ngeluh sama etika n etos kerja gen lalu tarik simpul banyak lahir gen kali n early millenials kasih suport finansial bahkan anak kerja jadi rasa aku enggak butuh banget kerja,6,Positif
Fri Nov 03 11:03:44 +0000 2023,mythen iya kak banyak gen sama minim literasi finansial anggepnya uang gratis,1,Positif
Mon Oct 23 09:50:39 +0000 2023,buat atas ajar lu delegasiin aneka tugas be less perfectionist sehat lebih penting waktu makin dikit kalau bebas finansial fight memang enggak punya stamina banyak gen punya experience lebih banyak,3,Positif
Sun Oct 22 04:40:03 +0000 2023,gen kerap kali sebut generasi you only live once yolo fear of missing out fomo bagaimana gen cerdas finansial userstory,1,Positif
Fri Oct 20 19:54:27 +0000 2023,eh tau enggak sih gen tuh punya juang finansial beda sama generasi bom loh survei bank of america bilang gen amerika serikat rasa hidup mahal banget jadi halang buat sukses finansial,1,Positif
Fri Oct 20 16:22:21 +0000 2023,don t normalize bunh sehat mental kuliah biaya orang tua untung ribu orang mau kuliah kendala finansial komentar fomo kok enggak ajak aku sih kali aku tuju kalo mental gen memang lebih sensitif gen belum,2,Positif
Fri Oct 20 13:37:58 +0000 2023,eh tau enggak sih gen tuh punya juang finansial beda sama generasi bom loh survei bank of america bilang gen amerika serikat rasa hidup mahal banget jadi halang buat sukses finansial lewat,1,Positif
Fri Oct 20 08:01:36 +0000 2023,bebas finansial stabil zaman cepat kembang penuh ubah amp ketidakpastian fenomena lay out amp ai takut gen kerja utama ganti parah biaya lifestyle mahal gen paham butuh dapat stabil,2,Positif
Fri Oct 13 10:44:13 +0000 2023,nah survey kata kalau banyak gen cari side job buat dapat dapat lebih banyak nih bestie indikasi gen beban ketidakamanan finansial optimistis baik uang side job,-2,Negatif
Fri Oct 06 04:32:13 +0000 2023,last part pokok buat kamu mau mulai nabung investasi emas tabung emas gadai recommended banget gue puas banget layan memang benar bantu gue capai tuju finansial gue sok jangan raguragu buru coba guys,5,Positif
Fri Oct 06 04:30:42 +0000 2023,gen mulai banyak beli rumah melek aman finansial rumah tempat tinggal aset investasi bagi orang,2,Positif
Thu Oct 05 10:11:56 +0000 2023,kemarin bilang kalau gen sekarang bakal kena masalah finansial baru ingat kalo promo danamon potong juta rupiah bikin semangat buat urus finansial datang bridestory marketnya danamon ah,-2,Negatif
Thu Oct 05 02:48:53 +0000 2023,jadi urus finansial tetap esensial definisi kerja ideal gen meski bukan perkara utama alihalih salah gen manja masalah renumerasi mungkin perlu mulai perhati,-1,Negatif
Wed Oct 04 16:27:25 +0000 2023,pikir kolot kalau semua masalah finansial gen dianggep asal gengsi kolot banget orang tua,-4,Negatif
Wed Oct 04 05:44:31 +0000 2023,tantang finansial gen okezone economy,-1,Negatif
Tue Oct 03 09:36:19 +0000 2023,wah keren baru gen layak tiruuu ikut senang yhaw jangan lupa habis mobil terus rumah baru investing didik anak for the brighter futuremenikah semua mapan mapan ilmu mapan finansial amp mapan mental bibit bobot amp bebet congrats once again,4,Positif
Mon Oct 02 02:40:54 +0000 2023,gen tanya waktu sekolah dulu uang jajan berapa seru kenang masa lalu jawab memang dulu keluarga gue kurang mampu bukan arti kamu ikut campur kena masalah finansial keluarga ku kalau kamu mau biaya kuliah adek ku baru kamu tanya,-2,Negatif
Mon Oct 02 00:00:01 +0000 2023,ini tips oleh merdeka finansial generasi hai sobat gen milik visi jelas apa capai finansial bagaimana capa masa depan uang jamin terap sama yuk belajarkeuangan genz generasiz,3,Positif
Wed Sep 27 03:37:02 +0000 2023,financial planning rencana finansial rupa penting bangun uang stabil masa depan kalang gen finansial planning rendah laku minim literasi hingga gaya hidup konsumtif,0,Netral
Tue Sep 19 12:20:17 +0000 2023,lewat web series ali heran herman gadai ajak gen melek finansial gadai,-1,Negatif
Tue Sep 19 08:58:06 +0000 2023,gen mulai banyak beli rumah melek aman finansial rumah tempat tinggal aset investasi bagi orang,2,Positif
Mon Sep 18 01:25:57 +0000 2023,mulai boomer gen akhir cari aman finansial,0,Netral
Mon Sep 11 11:11:26 +0000 2023,seeds finance bagi kena kisah dunia finansial investasi kali sama cici investasi angkat topik alas milenial gen tau investasi kripto penasaran tonton channel youtube seeds finance,-2,Negatif
Sat Sep 09 04:09:13 +0000 2023,gen mulai banyak beli rumah melek aman finansial anggap aset investasi harga selalu naik sayang gen anggap sulit beli huni pertama,3,Positif
Mon Sep 04 08:26:58 +0000 2023,gen mulai banyak beli rumah melek aman finansial rumah tempat tinggal aset investasi bagi orang,2,Positif
Wed Aug 30 14:13:02 +0000 2023,lintah darat kalang gen milenial hukum biar efek jera masyarakat memang darurat ilmu finansial dasar pinjol judol sekarang apa deh pengin,0,Netral
Mon Aug 28 13:00:36 +0000 2023,hindar jerat pinjol begini tips merdeka finansial gen,0,Netral
Mon Aug 28 07:32:20 +0000 2023,gen suka ngutang enggak suka bayar gen generasi sering kait milik gaya hidup kait erat pinjam online sisi generasi catat jadi sumbang besar kredit macet usaha teknologi finansial,1,Positif
Mon Aug 21 07:32:15 +0000 2023,tuju slot bantu anak gen capai finansial freedom,-1,Negatif
Sun Aug 20 21:43:10 +0000 2023,negara kembang finansial bagaimana mangkok bakso perak jadi ribu gen susah beli rumah bayar kos generasi depan lebih kena trauma harga terus naik,2,Positif
Sat Aug 12 06:48:33 +0000 2023,berita populer lady bos tugas peran beauty pageant hingga tips merdeka finansial gen,1,Positif
Fri Aug 11 11:36:03 +0000 2023,uang masa depan aman tips merdeka finansial gen,1,Positif
Fri Aug 11 02:59:36 +0000 2023,kirakira apasih merdeka versi anak genz tuju indonesia merdeka tahun gen hak merdeka dong tuju enggak sobat nadi merdeka versi genz bebas finansial bebas biaya token listrik bebas internet lot apa nih,-7,Negatif
Thu Jul 27 14:17:36 +0000 2023,solusi finansial tepat milenial gen milik rumah estetik,4,Positif
Tue Jul 11 06:15:02 +0000 2023,ganggu mental deteksi makin tingkat wajar sih gen sama lebih melek mental health tinggi beban hidup finansial lebih sulit naik kelas ekonomi sekarang jaman boomers padahal lebih butuh duit cost hidup makin tinggi akibat krisis iklim,2,Positif
Tue Jul 11 04:02:00 +0000 2023,nyata gen indonesia anggap orang capai sukses stabil finansial bagaimana cara capai stabil baca lengkap,3,Positif
Tue Jul 11 03:12:37 +0000 2023,minqu ngerangkum tiga cara biar kamu hindar masalah finansial gen moga manfaat,1,Positif
Thu Jun 29 22:11:00 +0000 2023,tahu enggak sih definisi sukses gen milenial bukan capai puncak karier capai stabilitas finansial baca lengkap,1,Positif
Tue Jun 27 11:52:40 +0000 2023,banyak pilih aplikasi gen mulai media sosial hingga aplikasi finansial dana kamu berhatihati terima informasi kalo aplikasi dana kamu hubung ana temandana lengkap danadompetdigital,1,Positif
Tue Jun 20 12:21:03 +0000 2023,the big question of why jadi generasi gila kerja mungkin ingin besar capai karir finansial ingin pengaruh sosial sok produktif toxickah terap hustle culture lingkung gen,0,Netral
Sun Jun 18 03:32:06 +0000 2023,millennials gen coba seimbangin kesiap mental amp finansial nikah,0,Netral
Sat Jun 17 17:37:24 +0000 2023,guna tracing keluarga meni makan cinta doang enggak kenyang malah bikin sengsara kalau enggak paham mana prioritas butuh enggak salah macemmacem sih sama gen banyak enggak melek soal finansial atau sehat reproduksi,-2,Negatif
Wed Jun 07 08:36:45 +0000 2023,gen millenial gen biasa generasi sandwich pikul beban finansial semenjak lahir,-2,Negatif
Tue Jun 06 09:47:07 +0000 2023,daerah banyak anak muda gen millenial susah kerja kerja buka usaha kecil rumah milu belum lebih pilih asih untung finansial langsung makanya menang kemarin sering uang tiap kampanye,2,Positif
Mon May 29 00:01:33 +0000 2023,salah finansial sering laku gen kamu masuk,-1,Negatif
Fri May 19 05:58:29 +0000 2023,kalo saling salah antar generasi enggak tepat lihat sekarang gen deh pamer punya anak pikir bagaimana anak depan jadi siap dulu segala meni siap finansial mental komitmen putus mata rantai generasi sandwich,-4,Negatif
Wed May 17 08:46:43 +0000 2023,rekomendasi buku financial freedom buat millenials amp gen cekidot rich dad poor dad robert kiyosaki baca buku bikin sadar kalo didik finansial investasi aset amp properti buat bisnis penting ajar sejak dini,2,Positif
Mon May 15 07:39:08 +0000 2023,jujur paham buku perlu kali kali baca gen dapat insight baru bangun aman finansial buat putus uang lebih cerdas,3,Positif
Fri May 12 10:44:46 +0000 2023,gen enggak perlu cemas kalau masalah finansial kan danamon danamonlawancemasfinansial,-2,Negatif
Mon May 08 07:19:15 +0000 2023,saat gen sadar finansial keren banget sih video danamon yuk sama danamonlawancemasfinansial,3,Positif
Fri May 05 02:22:18 +0000 2023,couldnt agree more walaupun bukan gen erti khawatir saing generasi makin tinggi kompetitif tekan generasi atas makanya jadi rentan stres entah faktor keluarga pendidikanpekerjaan ataudan finansial,-7,Negatif
Thu May 04 09:16:26 +0000 2023,enggak perlu cemas enggak sih gen sama masalah finansial sekarang super ez banget contoh danamon danamon danamonlawancemasfinansial,1,Positif
Thu May 04 00:47:51 +0000 2023,jadi masalah stres kerja gen umum finansial ternyataaa,0,Netral
Tue Apr 25 10:18:00 +0000 2023,gen milenial sebut generasi doyan sembunyi kondisi uang pasang ungkap survei baru kait selingkuh finansial baca lengkap fortuneindonesia,0,Netral
Fri Apr 21 10:16:26 +0000 2023,blue kalo masalah worry ovt gue sama bro usaha dulu lebih baik fokus sih upgrade diri segi apa masuk finansial karir didik,-3,Negatif
Wed Apr 19 14:28:46 +0000 2023,sampeyan milenial wajar harus memang lebih dewasa gen umur nikah gue wajar kalau jodoh mandiri finansial banyak tanggung nikah kalau siap baik mental maupun finansial,-2,Negatif
Sun Apr 09 02:48:39 +0000 2023,beberapa tahun akhir banyak generasi muda kalang millennials gen mulai melek literasi finansial,-1,Negatif
Fri Apr 07 21:01:16 +0000 2023,wajar nder nikaj dikomunikasiin bukan cuma finansialmateri sexual expectation,-2,Negatif
Fri Apr 07 16:08:05 +0000 2023,mungkin niat nikah benah dulu mas meni mas benar siap bukan cuma orang tua pengin cucu rasa materi finansial mas enggak tau kesiap mas segi mental ilmu inti jangan desa orang tua sih nikah ibadah bukan cuma bikin anak lucu,-9,Negatif
Fri Apr 07 16:04:21 +0000 2023,nah tuju mas nya nikah cuma orang tua pengin cucu rasa finansial mungkin waris soal kesiap mental ilmu enggak tau siap,-4,Negatif
Tue Mar 28 08:45:14 +0000 2023,alas gen wajib melek finansial harga barang jasa tingkat tiap waktu gen paham hampir seluruh barang jasa alami naik harga sadar atur uang mudah hindar boros,3,Positif
Sun Mar 19 12:17:41 +0000 2023,kan punya preferensi punya kriteria standar kalo pakai logika sama penting enggak finansial suami jawab penting padahal jodoh enggak tau,2,Positif
Fri Mar 17 18:45:47 +0000 2023,siapa apa okay lihat sih bahas orang milenial gen nge edukasi masalah finansial pasar modal butuh lisensi wppe full cangkup fungsi beri analisa advice pasar modal,0,Netral
Mon Mar 06 14:00:35 +0000 2023,aku tuju banget sama thread inikrena aku pribadi sedang siap sumber finansial baru kalau memang benar jadi resesihal kalo aku lihat gen sekarang mulai banyak punya usaha samping lohhmereka mulai melek tntng penting putar ekonomi,5,Positif
Wed Mar 01 08:38:03 +0000 2023,taehyung jadi ba simvest big deal banget pertama sinar mas usaha besar lihat pilih taehyung buat ba arti lihat kalau tarik prospek milenial malah gen aware sama investasi amp finansial sekuritas kayak obligasi amp saham,5,Positif
Sat Feb 25 07:12:02 +0000 2023,inti sih lama siap enggak mau nikah dulu fokus baik fokus karir siapin finansial mental ilmu,1,Positif
Sat Feb 18 12:58:14 +0000 2023,gen punya karakteristik sendiri cari kerja cenderung cari sukses finansial karier,-1,Negatif
Fri Feb 17 00:02:09 +0000 2023,tantang finansial besar gen apa,-2,Negatif
Sun Feb 12 07:35:51 +0000 2023,aduh bodoamat deh mau gen gen kali nikah mah urus kalo siap mental sama finansial mah ydh,1,Positif
Mon Jan 30 16:29:28 +0000 2023,responden usia berapa dulu kalo milenialsnya ambil rentang usia gen bukan enggak apple apple ibarat kata milenials puas masa muda shifting atur finansial non hurahura gen nya baru rasai gaji pertama,-2,Negatif
Mon Jan 30 15:29:54 +0000 2023,gen banyak melek teknologi finansial loh kalo lihat sosmed jago jadi affiliator konten kreator,2,Positif
Mon Jan 30 08:14:06 +0000 2023,butuh primer alhamdulilah cukup butuh sekunder alhamdulilah cukup butuh tersier doang kurang butuh tersier coba dikumpulin jangan bilang gen enggak erti finansial enggak semua,-8,Negatif
Tue Jan 24 18:14:14 +0000 2023,tuju gen pikir luar nalar coy study tour asli cuma jalan doang finansial orang tua enggak mungkin anak harus sadar diri bukan malah haru tambah beban orang tua,-7,Negatif
Tue Jan 24 18:13:16 +0000 2023,gen pikir luar nalar coy study tour asli cuma jalan doang finansial orang tua enggak mungkin anak harus sadar diri bukan malah haru tambah beban orang tua,-7,Negatif
Mon Jan 23 07:41:03 +0000 2023,bayang enggak apa jadi tahun kalau anak anak gen well educate pilih meni childfree tolol tolol begini sibuk anak pinak terus terus kesiap mental finansial semangat deh semua,-10,Negatif
Thu Jan 19 11:53:28 +0000 2023,waduh aneh banget sih gen generasi lahir waktu krisis moneter lihat generasi belum kena layoff krisis finansial kena layoff pandemi kayak enggak punya loyalitas kerja sama sekali kirakira,-3,Negatif
Sun Jan 15 07:32:19 +0000 2023,siapa enggak kenal gita wirjawan orang investor senior wirausahawan politikus bilang kalau edukasi finansial penting pakai banget buat millennial gen event the future of gen ternak uang baca lebih link,2,Positif
Fri Jan 13 17:04:03 +0000 2023,lebih dilema finansial gen anjir duit nyicil kpr rumah malah beli tiket konser,1,Positif
Thu Jan 12 14:49:43 +0000 2023,finansial iya gen memang aware soal parenting psikologi mskpn enggak anut child free gen umum lebih paham kalau jadi orang tua pilih ambil benerbener siap bukan dar nikah arti langsung reproduksi,0,Netral
Mon Dec 26 04:55:17 +0000 2022,jadi gen tahap hidup lebih rentan finansial whats next bukan waktu mulai tabung dar belanja hibur lebih menitikberatkan bagaimana milik hasil tambah,4,Positif
Mon Dec 26 04:55:16 +0000 2022,tanya faktor sebab tekan finansial besar boomer kata inflasi gen lebih menitikberatkan hasil cukup uang dampak negatif sehat mental,-2,Negatif
Mon Dec 26 04:55:16 +0000 2022,boomer lebih siap finansial musim libur amp gen generasi paling derita kait uang credit karma study jadi,2,Positif
Wed Dec 14 12:35:46 +0000 2022,studi kasus korelasi self reward bobrok finansial planning kalang gen,0,Netral
Mon Dec 12 05:34:40 +0000 2022,bukan sender sender bilang kok hak tanya sender tuh kok nikah umur apa benar siap mental finansial makanya berani nikah sih inti,-1,Negatif
Sat Nov 26 15:24:30 +0000 2022,tahu finansial baik gen milik orientasi finansial jelas bekal diri tahu finansial sejak kecil mahasiswigenz,1,Positif
Sat Nov 26 15:02:26 +0000 2022,enggak usah adu deh gen punya orientasi finansial jelas bekal diri tahu finansial sejak kecil mahasiswigenz,-1,Negatif
Sat Nov 12 08:44:55 +0000 2022,benar boomer sih wkwk gen man finansial mental health amp self improvement,-1,Negatif
Thu Nov 03 14:06:09 +0000 2022,jadi tugas keluarga besar minigold edukasi milenial amp gen tanggap masa depan tabung amp melek emas jadi orang capai finansial freedom nanti,0,Netral
Thu Nov 03 03:27:10 +0000 2022,studi sebut gen bakal sulit finansial umur hidup mampu beli rumah apa alas userstory,1,Positif
Sat Oct 29 22:48:33 +0000 2022,jadi pikir biasa anak pertama lebih pendek banding adik apa orangtua erti gizi cukup anak biasa anak pertama rasai finansial orang tua stabil moga gen jauh lebih baik orangtua,-2,Negatif
Sat Oct 29 22:24:55 +0000 2022,segi finansial nya guys jangan keblinger sama open minded marak jadi gen if youre a muslim birrul waliddain is a must mau se open minded apa kalian please taruh agama atas kepala,-4,Negatif
Sat Oct 29 06:26:14 +0000 2022,pemuda indonesia tuju cerdas finansial tren investasi gen mulai orientasi jangka panjang,3,Positif
Fri Oct 28 08:41:09 +0000 2022,pemuda indonesia tuju cerdas finansial tren investasi gen mulai orientasi jangka panjang,3,Positif
Mon Oct 10 12:10:49 +0000 2022,instead of jejelin gen fear mongering enggak kasih literasi finansial biar lebih guna,2,Positif
Fri Oct 07 10:17:34 +0000 2022,gen rasa merdeka finansial tuju utama hidup sekarang gaya retro jaduljadul jadi populer gen populer nama thrifting,1,Positif
Wed Oct 05 13:49:48 +0000 2022,sahabat lps khusus gen jangan lupa selalu kembang kebiasaankebiasaan baik bakal bawa klean semua makin dekat bebas finansial,-1,Negatif
Mon Oct 03 10:27:59 +0000 2022,banyak gen milik pola pikir jadi korban gagal finansial orantua,0,Netral
Fri Sep 30 03:01:40 +0000 2022,halo halo millennials amp gen makassar bisnis indonesia goes campus bgtc hadir kota nih nah lanjut hadir makassar lho banyak insight kamu dapat bgtc mulai finansial digitalisasi hingga jurnalistik,3,Positif
Thu Sep 29 03:12:44 +0000 2022,halo halo millennials amp gen makassar bisnis indonesia goes campus bgtc hadir kota nih nah lanjut hadir makassar lho banyak insight kamu dapat bgtc mulai finansial digitalisasi hingga jurnalistik,3,Positif
Wed Sep 28 09:30:00 +0000 2022,kenal nih bos jago pak kharim siregar beliau bakal hadir idn millenial amp gen summit buat sharing trik atur finansial buat sandwich generation yuk temuin langsung sesi obrol bareng jagodiimgs bersamakitajago,7,Positif
Wed Sep 28 02:26:32 +0000 2022,halo halo millennials amp gen bogor bisnis indonesia goes campus kali hadir bogor nih sok pantau terus hadir bakal rangkai acara keren kasih kamu insight kait finansial hingga putar jurnalistik,4,Positif
Tue Sep 27 13:49:11 +0000 2022,gen wajib coba cara bikin sehat fisik finansial sosial hingga spiritual,0,Netral
Wed Sep 21 08:06:47 +0000 2022,halo halo millennials amp gen pekanbaru bisnis indonesia goes campus kali hadir pekanbaru nih sok pantau terus hadir bakal rangkai acara keren kasih kamu insight kait finansial hingga putar jurnalistik,4,Positif
Wed Sep 21 08:05:00 +0000 2022,halo halo millennials amp gen pekanbaru bisnis indonesia goes campus kali hadir pekanbaru nih sok pantau terus hadir bakal rangkai acara keren kasih kamu insight kait finansial hingga putar jurnalistik,4,Positif
Sun Sep 18 09:56:01 +0000 2022,gen amp milenial kerap cap generasi utama fleksibilitas kerja nyata banyak faktor jebak budaya hustling salah satu satu kerja tak beri rasa aman finansial,-2,Negatif
Mon Sep 12 05:28:51 +0000 2022,halo halo millennials amp gen arekarek suroboyo bisnis indonesia goes campus kali datang kota surabaya nih sok pantau terus hadir bakal rangkai acara keren kait finansial hingga dunia jurnalis lho bisnisindonesiagoestocampusits,2,Positif
Thu Sep 08 07:06:13 +0000 2022,milenial gen merdeka finansial memang,0,Netral
Tue Sep 06 09:45:23 +0000 2022,jadi generasi millenial amp gen smart finansial cipta masa depan cerah cerah kemilau minigold,-1,Negatif
Fri Aug 26 10:21:09 +0000 2022,bagaimana sih cara ningkatin hasil ngeraih bebas finansial korban ingin check out iniitu tiap bulan yuk langsung ikut acara workipedia class financial freedom for gen diadain sama ikut,0,Netral
Wed Aug 24 13:36:58 +0000 2022,ang ken tak sendiri ben bunga alami sama sus gen queer jepara beban urus finansial keluarga,-2,Negatif
Wed Aug 24 11:59:22 +0000 2022,bagaimana sih cara ningkatin hasil ngeraih bebas finansial korban ingin check out iniitu tiap bulan yuk langsung ikut acara workipedia class financial freedom for gen diadain sama ikut,0,Netral
Mon Aug 22 09:37:28 +0000 2022,berak noh bibit nya nyebar dimanamana kalau lo banding jadi sama enggak banding minimal coba lirik bagaimana banyak nya gen nikah dini punya anak siap mental maupun finansial burit deh bilang gen suci,-1,Negatif
Sun Aug 21 13:41:36 +0000 2022,bukti gue gen kok gue punya tekad kayak lo bilang punya anak memang sesuai mampu finansial gue pilih childfree mengindari korupsi lo bilang kayak begini memang bukti njirtt jangan banding dulu lah hasil kea normal ajlh masalah begitu keep pribadi,-5,Negatif
Sat Aug 06 17:04:03 +0000 2022,masalah finansial bikin gen milenial stres tipsnya beritajogja jogja jogjaistimewa,-2,Negatif
Sat Aug 06 08:40:38 +0000 2022,masalah finansial bikin gen milenial stres solusi,-1,Negatif
Tue Aug 02 11:36:26 +0000 2022,literasi uang tingkat hadir media sosial dipungkiri buat gen milenial papar informasi kait finansial karena tahu generasi investasi makin buka luas,3,Positif
Thu Jul 28 05:14:38 +0000 2022,orang tua gen tumbuh kembang zaman melek finansial enggak kenceng sekarang,-1,Negatif
Wed Jul 27 16:14:27 +0000 2022,orang tua gen arti boomer gen kali kan memang kalo finansial ngepas modal nguliahin anak cuma bismillah moga rezeki kun fa yakun,1,Positif
Wed Jul 27 14:00:40 +0000 2022,tinggi minat generasi muda kelola finansial dorong permatabank ada permatabank national business case competition pnbcc pertama kali yuk gen baca lengkap marketeers,0,Netral
Mon Jul 11 09:50:35 +0000 2022,ugmfess mau masuk dunia magang bingung cara ngasah skill kenal budaya profesional yuk ikut webinar plus sharingsharing kena kelola waktu finansial mahasiswa vocarier a way upgrade your life management as gen era cont,-2,Negatif
Mon Jul 11 05:27:52 +0000 2022,wahai gen siap bebas finansial masa depan,0,Netral
Tue Jul 05 11:40:41 +0000 2022,gen rapat yuk biar melek finansial minggucerita,1,Positif
Sun Jun 26 03:35:56 +0000 2022,orang tua kolot jaman orba bikin gen kena pressure buat cepat nikah tuh selalu sama jaman buat nikah cepat timbang mental finansial emosional gilir pas nikah banyak masalah lepas tangan bgst,-2,Negatif
Fri Jun 17 16:58:00 +0000 2022,indogold ajak gen tingkat literasi finansial,2,Positif
Fri Jun 17 07:52:06 +0000 2022,justru kata gue gen mulai tau soal mental health kembang bagus jadi gen lanjut enggak deh tuh bakal rasai kaya orang sekarang kurang kasih sayang kurang fasilitas kurang finansial kalo pikir sama kaya orang dulu bakal,-2,Negatif
Thu Jun 16 04:54:00 +0000 2022,indogold ajak gen tingkat literasi finansial,2,Positif
Thu Jun 16 02:21:51 +0000 2022,coming soon tonton dengar seru tim alpha bahas isuisu khusus finansial relate banget sama kondisi milenial amp gen hopefuly sih bikin kamu lebih punya aura positif kejar financial freedom tungguin sobat alpha,4,Positif
Wed Jun 15 08:05:47 +0000 2022,indogold ajak gen tingkat literasifinansial,2,Positif
Sun Jun 05 15:13:53 +0000 2022,minta referensi influencer ig omong finansial gaya bahasa gen milenial dong wat gue follow nih felicia putri kokocuan fellexandro,-2,Negatif
Sun Jun 05 11:20:21 +0000 2022,milenial gen jawab kan aku minta lahir harus kalo punya anak finansial penuh dong jangan asal anak siap matang,-1,Negatif
Sat Jun 04 10:36:51 +0000 2022,enggak cuma buat gen salah finansial enggak laku sama semua generasi penasaran enggak cek postingan aku,-4,Negatif
Fri Jun 03 08:53:47 +0000 2022,gen suka wisata ancam krisis finansial headlines epaperkoransindo finansial,-2,Negatif
Thu Jun 02 11:15:54 +0000 2022,tebak gen amp millenial terap literasi finansial baik hidup endingnya jatuh jurang miskin tutup mata soal fakta bagai sumber terlalu banyak,-6,Negatif
Thu Jun 02 11:06:49 +0000 2022,salah satu cara putus rantai miskin bijak perintah edukasi literasi finansial fundamental banget buat tunjang sukses gen amp millenial indonesia acu data duduk miskin bagi besar literasi finansial rendah,-4,Negatif
Sat May 21 11:23:03 +0000 2022,teras ajar kali indogold melek investasi ala gen jangan aku gen kalau melek investasi anak muda melek finansial lho utama investasi jamin masa depan yuk ajar investasi sama speaker keren,-3,Negatif
Fri May 06 13:29:50 +0000 2022,gen yampz melek finansial melek investasi pikir dana pensiun asuransi informasi banyak enggak kayak orang tua dulu etc etc also gen yampz malas top up ah paylater,-2,Negatif
Fri Apr 22 22:05:29 +0000 2022,gue masuk gen alami naik turun nya finansial ras stres gra bohongin perushaan jera apa tekun semua tenggelam telusuru lebih bagaimana ada sebut,-3,Negatif
Thu Apr 21 22:41:04 +0000 2022,gue as a gen selalu hidup zona nyaman akhir mikir buat gausahlah punya anak kalo finansial umr kayak ngrepotin diri sendiri banget gue susah anak susah mungkin bakal ngrepotin orang tua gue gue enggak mau cukup sini ngrepotin orang tua gue enggak,-7,Negatif
Thu Apr 14 12:36:40 +0000 2022,kayak laku buat gen finansial keluarga bagus as anak pertama keluarga b gue boro pikir mau resign gacocok sama lingkung kerja gue makin stres kalo ujung nya nganggur enggak bantu orang tua,-3,Negatif
Thu Apr 14 12:01:31 +0000 2022,salah satu alas kurang komprehensif enggak represent semua lapis misal gen millenials enggak sumber finansial support finansial keluarga skill akses batas indonesia,-2,Negatif
Tue Apr 05 10:13:34 +0000 2022,presiden milenial gen melek finansial teknologi kaum muda kuasi teknologi digital ingat hampir semua aktivitas sangat gantung perangkat digital,-2,Negatif
Sun Apr 03 00:40:38 +0000 2022,akutu kadang mikir apa gara gara lahir generasi boomber jadi kayak bayang bayang miskin akhir kaya diri terus aku bayang gen sadar finansial sejak dini limpah malah bagus kepempinannya mudah mudah,-1,Negatif
Wed Mar 23 00:56:03 +0000 2022,indonesia duduk juta mayoritas gen sedang cari kerja barujenis usaha baru teknologi finansial tumbuh logistik bidang perlu terus gali temu jenis usaha terus tumbuh depan denganetmerdekaberdaulat,3,Positif
Sat Mar 19 04:35:44 +0000 2022,gen lihat gen belum tuh trllu sakit at least putus buat meni punya anak siapin diri dulu minimal rasa cukup finansial punya tgg jawab baru bakti wajib jangan beban anak investasi suatu balas budi,-5,Negatif
Tue Feb 22 11:15:26 +0000 2022,sori bahas sini soal isi konten bukan soal gaya hidup apa peduli enggak iri alhamdullilah finansial lebih cukup bukan masalah skip doang susah memang kalau mbahas begini sama gen enggak paham algoritm platform,-8,Negatif
Sun Feb 20 16:39:10 +0000 2022,gen lahir lahir pas krisis moneter growing pas ketemu krisis finansial global akhir masa remaja hadap pandemi covid,1,Positif
Sat Feb 19 12:16:22 +0000 2022,memang debat millenials gen miskin sering jajan pointless sih bilang orang enggak tanggung jawab finansial cuma sering jajan kopi boba macam enggak tepat sama sekali,0,Netral
Fri Feb 11 05:00:32 +0000 2022,jadi mandiri finansial gantung orang tua jadi impi gen coba deh beberapa ide side hustle kamu laku ikut,-4,Negatif
Thu Feb 10 03:24:42 +0000 2022,gen ayo cari cuan side hustle jadi mandiri finansial gantung orang tua jadi impi gen coba deh beberapa ide side hustle kamu laku ikut,-4,Negatif
Thu Jan 27 07:50:06 +0000 2022,kak felicia putri tjiasaka bpk henky suryaputra finance and business planning director bank sahabat sampoerna amp olga agata bahas bagaimana generasi milenial amp gen bijak finansial banyak goda ecommerce amp medsos id lebihyakin sampoernamobilebanking,0,Netral
Mon Jan 10 22:15:21 +0000 2022,millenial dekat gen banyak tipu investasi aneh deh tipu enggak sedikit ratus juta tanya apa enggak melek finansial enggak common sense,-1,Negatif
Sun Jan 09 12:01:26 +0000 2022,aduh capek obrol sama gen melek finansial wkwk,1,Positif
Mon Jan 03 15:03:37 +0000 2022,betul utama gen siap mental finansial sini orang tua korban beri balas maha kuasa,1,Positif
Wed Dec 01 10:00:36 +0000 2021,milenial gen ramairamainya ajar investasi kamu sendiri mulai jadi anak muda sekarang melek finansial utama investasi jamin masa depan jangan ditundatunda yuk ajar produk paham cara mulai investasi,-1,Negatif
Sun Nov 21 06:51:06 +0000 2021,kopisyop banyak pricey target marketnya banyak gen finansial stable,0,Netral
Sat Nov 20 01:03:31 +0000 2021,millenial gen benar melek finansial cuman duit enggak punya jir,0,Netral
Fri Nov 05 15:40:22 +0000 2021,gen aku sangat cakap digital aku percaya lebih cerdas iq orang tua mulai rawat sistem sehat siap hamil baik skrining pranikah suplementasi nutrisi matang psikologis finansial,1,Positif
Thu Oct 21 04:41:59 +0000 2021,masalah split bill anak anak gen baru masuk kuliah ikut komen millenial mid si settle finansial kerja gapapa twitter tempat opini bodoh,-5,Negatif
Sun Oct 10 09:11:04 +0000 2021,tips finansial milenial gen lengkap fortune indonesia,1,Positif
Sun Oct 10 09:11:03 +0000 2021,tips finansial milenial gen lengkap fortune indonesia,1,Positif
Sun Oct 10 05:01:23 +0000 2021,tips finansial milenial gen lengkap fortuneindonesia,1,Positif
Tue Sep 28 07:43:49 +0000 2021,gen makin ngebut generasi gue mentok bentur finansial realita wkwkwkwk,0,Netral
Thu Sep 02 01:14:16 +0000 2021,dominasi gen milenial pasar modal melek finansial sekadartren,1,Positif
Fri Aug 27 17:26:22 +0000 2021,alive powered by generali jawab dilema finansial milenial amp genz,-1,Negatif
Sat Jul 24 17:50:02 +0000 2021,gen generasi kecil langsung hadap sama era teknologi bebas segala informasi sejak muda tuntut pikir realistis kayak mana realistis material finansial saing baya ketat standar didik tinggi biaya enggak dikit,-6,Negatif
Mon Jul 05 11:53:27 +0000 2021,rugi finansial rangka edukasi asuransi rugi raih lindung finansial bem feb ui kerja sama asuransi bina dana arta ajak kalian ajar asuransi acara webinar literasi uang penting asuransi rugi gen,3,Positif
Thu Jun 17 03:14:20 +0000 2021,gen tengah bulan bokek bukan hedon memang dasar tiap ajak sama siapa hayu terus bagaimana enggak hancur finansial,0,Netral
Tue May 18 11:00:15 +0000 2021,upaya hsbc pji bangun mapan finansial gen,1,Positif
Sat May 15 13:01:24 +0000 2021,dscussion ternak uang misi luas edukasi finansial millennial gen,1,Positif
Fri May 14 12:59:12 +0000 2021,porsi bagi biaya sandwich gen buat butuh tempat kerja orang buat butuh istri anakanda tentu minta makan orang ceraiin mas kalo siap mental finansial jangan ajak anak orang susah,-1,Negatif
Tue Aug 04 01:58:20 +0000 2020,hmm jadi pengin bikin podcast omong soal finansial utama buat anak milenial gen bareng papa kayak seru,-3,Negatif
Sun Aug 02 09:00:58 +0000 2020,acara bas online rupa buah upaya ajak milenial gen paham dunia finansial,2,Positif
Wed Jul 29 15:02:06 +0000 2020,acara bas online rupa buah upaya ajak milenial gen paham dunia finansial,2,Positif
Thu Jun 18 06:29:17 +0000 2020,kalo masalah finansial maklum kalo masalah gerontokrasi regenerasi epl jadi bait buat ngenalin acara tvri gen,-2,Negatif
Thu Mar 05 11:14:50 +0000 2020,tahu smart people generasi catat generasi duduk peringkat atas cemas finansial nah tia kasih tahu apa ancam uang takut gen tuguinsurance reachnewheights beranilebihbaik kecemasankeuangan keuangangenz,-6,Negatif
Thu Jan 09 22:15:27 +0000 2020,yrl dekat usia tahun enggak tau banyak banget cemas entah soal jodoh didik finansial buat gen lahir sharing dong target tahun depan kalian,0,Netral
Thu Jan 09 22:11:03 +0000 2020,dekat usia tahun enggak tau banyak banget cemas entah soal jodoh didik finansial buat gen lahir sharing dong target tahun depan kalian,0,Netral
Mon Dec 30 14:23:27 +0000 2024,kadang bingung gen company cukup bagus tingkat skil experience network carier path apa gaji juta semarang buat fresh grad kurang tidak tarik itu aku tanya mending gabut rumah ambil opportunity,-2,Negatif
Mon Dec 30 07:35:00 +0000 2024,senjang harap gaji realita dunia kerja gen,1,Positif
Mon Dec 30 00:54:24 +0000 2024,penat tau layan gen sekarang nih nak gaji besar xnak tanggungjawab besar xleh kena tegur xleh pushymampuih,-2,Negatif
Sun Dec 29 06:57:53 +0000 2024,gaji gen habis sama apk premium,2,Positif
Sun Dec 29 02:52:47 +0000 2024,enggak mungkin bisagen mau gaji eropaminimal jutabln,-1,Negatif
Sat Dec 28 18:34:25 +0000 2024,sama tampil rapi point plus hari banget sih rapi wangi aktif tanya hari nya gen usaha usaha sebut umr apa enggak biasa kalah sama offer gaji lebih rendah,3,Positif
Sat Dec 28 08:38:01 +0000 2024,enggak sengaja dengar anak gen obrol masuk kerja hari salah satu resto jogja gue enggak tau apa pas libur memang tentu jam kerja jam loh hah bagaimana jam kerja memang wajar gaji umr jogja lah enggak usah tanya enggak tau benefit,-3,Negatif
Sat Dec 28 04:05:30 +0000 2024,holic dewantara terus mau apa bilang sty mundur salah sty tahan salahdi kasih target salah terus buat apa bayar mahal gaji sty latih target juang kalo mau juang enggak usah kompitisi pergi eropa biar sadar mental eropa bagaimana,-3,Negatif
Fri Dec 27 18:46:38 +0000 2024,gue banget gaji gede umr tokyo daily expenses buat makan an kalo keluar paling enggak an buat makan doang lagi bagaimana ye wak mau tabung tetap susah buat gen mau beli rumah wong diporotin terus sama perintah korup,4,Positif
Fri Dec 27 16:52:50 +0000 2024,begini nder banyak marah alas tentu contoh soal gaji kurang lapang kerja sedikit gen ngeluh kalo cari kerja kriteria terlalu wow jadi gantung banget sama kayak sekarang cari kerja susah,-7,Negatif
Fri Dec 27 13:49:41 +0000 2024,jadi ingat kapan waktu pernah debat sama orang thread agung kapitalisme amp opini maaf ayah kak inti gen sekarang enggak pantas kerja enggak mau kerja susah tuntut gaji gede mulu kalo mau efisien jangan hire banyak orang hire sedikit orang buat kerjain multiple jobs,1,Positif
Fri Dec 27 11:04:16 +0000 2024,hai gen pernah dengar istilah financial freedom kondisi mana kamu punya cukup uang hidup gantung gaji bulan bagaimana cara yuk simak beberapa tips penting,2,Positif
Fri Dec 27 11:00:09 +0000 2024,well mungkin angka beda indonesia standart of livingnya beda gue penasaran fenomena mirip jadi indonesia mana gen rasa butuh punya gaji lebih tinggi rasa sukses feel free share opini komen,-3,Negatif
Fri Dec 27 10:54:40 +0000 2024,kan pstu demand gaji tinggi gosh gen employees,0,Netral
Fri Dec 27 10:40:48 +0000 2024,tadi tuh interview aku ditanyain masalah salary terus aku jawab dong jawab normal minim umr terus balas jawab banding kata gen sekarang kalau tanya masalah gaji jawab umr nah jawab ku benar enggak sih kurang benar,-5,Negatif
Fri Dec 27 10:04:04 +0000 2024,lah itumah jauh atas generasi boomer dongo terima fakta gen problematik dikit burnout mau flexing mulu gaji dikit gaya elit,-5,Negatif
Fri Dec 27 00:27:12 +0000 2024,turut beberapa sih salary utama universitas nama baru lulus langsung minta gaji tinggi banget padahal no exp banyak terjun dulu baru ajar ajar dulu baru terjun gap kompetensiskill demand vs supply komunikasi waktu,2,Positif
Wed Dec 25 01:43:43 +0000 2024,macamana nak kecam gen tolak kerja gaji starting,0,Netral
Sun Dec 22 10:25:39 +0000 2024,siaaaaa benghar bahlil tangkurang gen rata rata gaji bawah juta asih orang tua nabung biaya hari hariii mun leheng gajih naekk suku bunga naraek teh iemah sukununga naik gajih anger lierrr anying ah bahlil ngentottttt,0,Netral
Sat Dec 21 13:39:43 +0000 2024,semua atas aku begini omong setan manusia gen baru kerja tahu selalu cari ksalahan anak baru sibuk urus gaji tunjang aku monmaap rejeki gue kalo lo dlunya cuma gaji pokok jangan salah gue anjir bikin atur bukan gue,-7,Negatif
Sat Dec 21 07:02:21 +0000 2024,gue gue masuk sesal pilih bjirr sudah cari kerja susah kerja empot empot gaji kena potong sana sini ppn naik imbas mana shibaallll aku wni aku gen aku sandwich gen,-4,Negatif
Fri Dec 20 16:08:51 +0000 2024,tipikal gen sdm rendah indonesia kan skill enggak pengin gaji tinggi banyak alas,-1,Negatif
Fri Dec 20 07:34:16 +0000 2024,posisi gen chart bps profesi gen gaji main vocalist manajerdirektur usia tahun gaji rp jutabulan maknae line teknisi usia tahun gaji rp jutabulan,0,Netral
Fri Dec 20 07:34:16 +0000 2024,fakta lineup gaji gen indonesia gen report idn research institute gen cuma punya dapat bawah rp jutabulan rentang rp juta rp juta sisa literally minoritas kayakaya jadi rp juta tahun buat siapa,2,Positif
Fri Dec 20 04:44:21 +0000 2024,boomer boomer tuh rtrt begini playing victnya gen enggak kerja malas malas blabla padahal rekrut kerja gaji kayak makan cik sekali lewat eh tauny suruh serba carry sama sini,-3,Negatif
Thu Dec 19 23:32:44 +0000 2024,gaji iprit banyak syukur telat menit potong gaji lembur jam enggak uang lembur loyalitas bos enggak salah kalau perlu sembah bos rasa tuhan gilir banyak karyawan kabur resign gen enggak kerja dikit ngeluh,-2,Negatif
Thu Dec 19 10:45:09 +0000 2024,aku gen tahun baru lulus kuliah tahun aku baru kerja rasa gaji tahun mulai gaung ppn tahun depan,1,Positif
Thu Dec 19 09:54:37 +0000 2024,bps dapat gen dasar kerja gaji tinggi usia tahun rp jutabulan gaji rendah teknisi usia tahun rp jutabulan mayoritas gen kerja entrylevel bukan posisi direktur jadi siapa kata ngabisin rp juta sultan gen,1,Positif
Thu Dec 19 09:53:27 +0000 2024,indonesia gen report idn research institute gen hasil ltrp jutabulan rentang rp juta rp juta sisa sedikit banget lebih rp juta boroboro rp jutatahun hidup gaji umr juang bestie,4,Positif
Thu Dec 19 08:46:00 +0000 2024,dulu aku rasa gen nih ada tak ku sangka gen ngada je deh lah baya aku getik aku perangai kerja nye kerja nak senang macam lah bang gaji fresh grad kata kerja aku senang aku tgok email escalation je hahaha,-1,Negatif
Thu Dec 19 07:35:31 +0000 2024,senjang harap gaji realita dunia kerja gen,1,Positif
Thu Dec 19 07:09:06 +0000 2024,maaf aku ngeluhin mulu memang anjingggg banget aku rasa rugi pls tahun gaji enggak umr gen sandwich bayar kuliah sendiri beli perintilan kuliah sendiri apaapa serba sendiri mau menang bahkan nang sendiri tuhan,-6,Negatif
Thu Dec 19 06:59:55 +0000 2024,gen kudu sabar model bagaimana aku sendiri ngelewatin badai susah cari kerja pas covid kena layoff kerja financial usaha enggak maksimal dampak kurang gaji tunjang fasilitas tambah pemrentah kakean polah,1,Positif
Thu Dec 19 06:21:58 +0000 2024,monas enggak kok bang gue gen malah selalu tipu usaha kagak kasih gaji gue kapok akhir putus bikin usaha sendiri moga abang gen bagus,-2,Negatif
Thu Dec 19 03:33:18 +0000 2024,dah makan angin makan angin makan angin enak perintah katai gen banyak ngopi jadi enggak beli rumah woy bangun ngopi enggak ngopi susah beli rumah kalo gaji seuprit barang receh kena pajak,0,Netral
Thu Dec 19 02:55:45 +0000 2024,gen baru rasai punya gaji sendiri baru mau hidup mandiri financially stable eh malah palak pemerintaaaaah kimak,0,Netral
Wed Dec 18 13:17:10 +0000 2024,capek banget tuh gaji ngepas nyisihin buat biaya sekolah adek gen sandwich hidup negara bobrok perintah bobrok anjing anjing,-1,Negatif
Wed Dec 18 07:37:18 +0000 2024,gen mau nikah anak mikir ribu kali kalo kerja cuma silaki gaji umr,-1,Negatif
Wed Dec 18 06:07:32 +0000 2024,kapan career hopping tepat gen strategi tepat kerja sesuai career goals ruang ajar amp kembang tawar baru lebih janji gaji kembang diri jangan pindah bosan careerplanning,1,Positif
Tue Dec 17 16:26:31 +0000 2024,ppn banyak temu anak gen kemarin pilih nomor terus umur mulai masuk dunia kerja terus butuh semua naik terus lu sandwich gen terus gaji lo pakai negara buat program faaakkk,0,Netral
Tue Dec 17 13:53:18 +0000 2024,padahal banyak amat ekonomi kalo gen milenial orang gen buat punya properti sangat berat gaji cuman umr itungannya tetap berat walaupun mau ngambil kpr,4,Positif
Tue Dec 17 13:04:24 +0000 2024,kalo kerja enggak yakin up juta keluarga mikir anak gen arti pintar cari duit habis dipalakin deh imagine gaji lu juta bulan palak orang tua juta bulan tinggal juta nabung tahun juta,3,Positif
Tue Dec 17 03:27:27 +0000 2024,gaji rahasia usaha enggak sih jawab bikin kamu mikir ulang share kolega yuk baca artikel tarik lain link bio sekarang,0,Netral
Tue Dec 17 00:01:44 +0000 2024,bang kalo bos gen gen milineal enggak kerja sama kayak boomer pemerintahanmasa iya ngerjain limpah bos mulai ngerjainnya gaji digit tara vesmet primavera kerja enggak benar,6,Positif
Mon Dec 16 11:35:21 +0000 2024,video jelas keras aniaya gugat depnaker bayar gaji pegawai orang begini besar kepala kalo lindung semena mena ajar kasus istilah pribumi nusantara datang,-2,Negatif
Mon Dec 16 08:43:12 +0000 2024,gen mana mau angkat karung sales sopir truk kerja serabutan mau gaji gede jam kerja santai lingkung kerja enggak toxic skill enggak hadeh,3,Positif
Mon Dec 16 07:36:45 +0000 2024,tolong kasiani gen gaji umk,0,Netral
Mon Dec 16 06:03:17 +0000 2024,gen milik orientasi karir gaya kerja beda cenderung cari kerja milik makna fleksibilitas bukan dar gaji besar harga imbang hidup pribadi profesional ingin lingkung kerja,4,Positif
Sun Dec 15 21:59:19 +0000 2024,gaji juta selera bukan kau ibu,1,Positif
Sun Dec 15 12:12:37 +0000 2024,senang sih asih gaji gue orang tua walaupun enggak berapa mungkin capai enggak dibandingin tiap hari gue selalu senang beli apa pakai duit tabung sendiri enggak pernah minta lebih dijatahin semangat gen cari nafkah semuaa,-2,Negatif
Sun Dec 15 06:13:10 +0000 2024,bisa gen orientasi result kerja jam gen usaha rata nerapin kpi jadi buat apa masalahin pasal cuti telat bawahanya pasal sebut hak karyawan datang telat potong gaji alam gua gen amp lead tim hahaha,-5,Negatif
Sun Dec 15 05:58:04 +0000 2024,zaizai gen china kerja tempat hari capai target gaji rp juta pagi hingga malam semangat inspirasi banyak orang,-1,Negatif
Sat Dec 14 22:54:41 +0000 2024,aku ikhsan gambar gen kalo jadi dokter dengar cerita asa masuk close friendnya moodbooster banget wkwkwkwk doa gaji blio kata bawah umr naik biar beli mesin cuci maksud gue kayak astaghfirullahaladzim,-1,Negatif
Sat Dec 14 08:42:34 +0000 2024,nak complain abt gen sila je nak compare kerja bangla memang kali kena gaji takat hidup biasa je kerja bangla hntr duit kg buat sara anak bini siap makcik pakcik semua sara duit buat rumah sewa duit,1,Positif
Sat Dec 14 01:10:06 +0000 2024,amik bangla foreign worker nih reliable orang lokal percaya lah walaupun layan elok macam mana kerja fnb nih orang lokal tak stay lama banyak kerja gaji lingkung sama lps diorg cepat bosan attitude gen banyak problem datang kerja lambat jam normal,4,Positif
Fri Dec 13 12:14:02 +0000 2024,katai gen enggak apa eh justru gen banyak nya malah pintar lu tuh gen boomer malas mau terima gaji gede kerja enggak mau,0,Netral
Fri Dec 13 06:02:01 +0000 2024,gen sukses ukur posisi gaji tinggi kualitas hidup imbang,3,Positif
Thu Dec 12 12:34:48 +0000 2024,gaji cukup buat tahan makan terus tanya knapa gen susah beli rumah woilah mana harga rumah makin hari makin ngadi ngadi,4,Positif
Thu Dec 12 09:44:08 +0000 2024,gen anak laki laki gaji umr buat diri sendiri gen anak laki laki gaji umr buat diri sendiri keluarga bayar wkwk,-4,Negatif
Thu Dec 12 02:51:18 +0000 2024,gaji gadis gen cantik aku habis buat beli buku dyson kelas yoga,1,Positif
Wed Dec 11 15:37:03 +0000 2024,memang benar gen habis duit jajan also gue jelang habis tengah gaji gua bray cari tutorial tahan hidup minggu depan,0,Netral
Wed Dec 11 09:17:32 +0000 2024,balik semua gantung individu jadi mau generasi apa punya plus minus masingmasing kalo kamu bagaimana nih coba share dong alam kamu kerja sama gen bahkan kamu masuk gen,-3,Negatif
Wed Dec 11 09:17:31 +0000 2024,statement tarik nih lisa widodo coo amp cofounder blibli indonesia kak lisa bilang gen tuh bukan generasi lembek loh malah kak lisa gen generasi conscious banyak akses buka informasi,-1,Negatif
Wed Dec 11 09:17:30 +0000 2024,gen tuh enggak lembek kayak kata sosmed memang enggak abis kalau mau debatin beda generasi dunia kerja utama gen lumayan banyak jadi bahan debat nih,-4,Negatif
Tue Dec 10 15:35:00 +0000 2024,gen meni enggak wajib wajib shalat gaji digit,-1,Negatif
Mon Dec 09 02:17:35 +0000 2024,bapak enggak tahu seragam gaji tunjang bapak bayar,2,Positif
Sun Dec 08 16:55:08 +0000 2024,depan guys anak muda atur bang mau kayak bagaimana hadeh mau karir apa guys anak muda mau minta gaji tinggi kalo enggak alam buat apa bang mending abang marketing punya relasi banyak nah gen iniloh mumet aku,-5,Negatif
Sun Dec 08 03:34:11 +0000 2024,lu tanya gaji juta gen utama jakarta jelas bkl bilang kurang lah wong gaji juta banyak punya utang pinjeman sana sini cuma duit segitu mungkin beda cerita kalo anak daerah,-4,Negatif
Sat Dec 07 06:24:39 +0000 2024,tobacc wkwkwkw rilll aku feeling kalau aku resigndipecat enggak bakal terima gen wkwkwk mungkin dua tetap ambil genz fresh grad biar gaji umr terusssss aku kemarin enggak kasi peluang sdikit buat nego gaji,-1,Negatif
Fri Dec 06 10:08:03 +0000 2024,as gen with years experience rmk recruiter rasa tinggi gaji nak tak nak kena job hopping,-2,Negatif
Fri Dec 06 08:52:59 +0000 2024,kemarin lihat tiktok banyak gen nyata punya pinjam spinjampaylater puluh juta bahkan ratus juta gaji umr kok enggak takut,4,Positif
Fri Dec 06 02:54:25 +0000 2024,gen bukan sekadar cari gaji besar worklife balance fleksibilitas kerja sih fleksibilitas jadi prioritas utama yuk bahas lebih lanjut genzworklife flexibilitymatters,1,Positif
Wed Dec 04 08:11:21 +0000 2024,hobby gen denial kalo kasih closure excited sendiri badut boros kedok self reward nego gaji enggak ngotak wajib ngopi padahal aslam tambah sendiri,-3,Negatif
Wed Dec 04 04:57:37 +0000 2024,berani enggak bang gaji bukan gen umr kalo cari orang min umur mending diam,-2,Negatif
Wed Dec 04 03:45:34 +0000 2024,tim gua gen semua kontrol arah lu owner enggak salah semua staff lu apa kontroling lu deh jalan monthly training deh jalan lebih penting apa gaji sesuai,-5,Negatif
Wed Dec 04 03:01:11 +0000 2024,salah gen bikin syarat kerja maksimal umur lu harap daftar siapa kocak bapak lu biasa usaha usaha miskin enggak gaji karyawan bagus nih kerja cuma ngeluhin begini doang sakit otak lu,-2,Negatif
Tue Dec 03 16:48:13 +0000 2024,orang tua suruh buat pdf memang tak lah sia midnight kot bukan gaji lebih pon bak kata staf gen ahahaha,-4,Negatif
Tue Dec 03 14:12:07 +0000 2024,kgs sok perkara nih bukan gen gen millennials lah benda zaman part gaji betul hidup yolo,-2,Negatif
Tue Dec 03 12:18:31 +0000 2024,gapapa bilang gen kutu loncat pindah tempat kerja mulu penting gaji sama jabat naik terus,1,Positif
Tue Dec 03 12:17:13 +0000 2024,oot sih kepo opini mimind buat guru deh full fasilitas gaji haram adm dibuatin junior ajar enggak pernah diinval junior ngatangatain guru baru enggak respek sama budaya sekolah keluh lain guru gen,3,Positif
Tue Dec 03 06:10:00 +0000 2024,sama gen tuh pilihpilih banget sih enggak mau ngerjain kerja luar jobdesknya padahal buat ajar gue memang kapai ajar gue deh pintar enggak mau gue cuma mau kerja sesuai gaji lu kasih,4,Positif
Mon Dec 02 07:28:04 +0000 2024,rumah butuh pokok kok jadi investasi timbun beras kain pidana timbun milik tanah kok enggak punya mobil motor kena pajak progressive kok tanah enggak harga enggak ngotak banding gaji salah gen banyak ngopi,2,Positif
Mon Dec 02 03:08:52 +0000 2024,gen lah nih sanggup menggangur keje gaji rmk,1,Positif
Sun Dec 01 13:38:00 +0000 2024,gen tuh banyak mau banget oke minta gaji atas juta pas minta buat follow up email mandi susah memang susah keramas buka laptop,2,Positif
Sun Dec 01 12:33:16 +0000 2024,yaampun rasa sindir waktu interview hrdnya tulis aku malu pas tanya gaji aku malu isi cvku punya skill sama alam wkwkwkkw,1,Positif
Sun Dec 01 06:55:58 +0000 2024,tiktok malah rame guru gen minim literasi bikin konten hore naik gaji isi komentar malah dulu coblos prabowo enggak mulai lah guru bakal kewalahan lawan masyarakat awam soal berita masif,0,Netral
Sun Dec 01 06:54:57 +0000 2024,aku sih gen gaji pertama nya pakai buat bayar spotify premium sama icloud,3,Positif
Sat Nov 30 22:00:51 +0000 2024,benar jadi kasir buah toko gaji nya juta enggak cuman jadi kasir tugas lain jam kerja jam sehatsehat deh lo semua gen manusia paling kuat,0,Netral
Sat Nov 30 15:09:54 +0000 2024,terkadang orang malas kerja gaji kecil utama gen sangat muak mau mau terima nya sejak sadar keluarga dukung karir batas beri didik sisa cari sendiri,-3,Negatif
Sat Nov 30 12:18:55 +0000 2024,sana banyak gen resign kerja kantor gaji jadi tukang kuli kerja part time lain lebih gede hasil kayak pasang ac jadi cleaning service apartemen jadi kalau deh selesai kerja,2,Positif
Sat Nov 30 11:45:00 +0000 2024,perintah resmi umum naik gaji guru asn nonasn mulai belum kemendikbud ungkap indonesia alami darurat kurang guru profesi kurang gari gen bijak rubah sebut,4,Positif
Sat Nov 30 07:48:06 +0000 2024,kerja sama dosen enggak enak pernah kerja jadi desainer clothing brand punya dosen sih dosen selera boomers banget padahal pasar gen jadi debat ancam nilai sama gaji,8,Positif
Sat Nov 30 05:07:27 +0000 2024,ababil langsung judul nang media gaji guru tumpah ruah jadi profesi favorit gen,2,Positif
Sat Nov 30 04:25:17 +0000 2024,gen susah punya rumah wong gaji umr pakai joki airplane chef,1,Positif
Sat Nov 30 03:55:05 +0000 2024,aku masuk gen enggak meromantisasi gaji kecil penting kerja pasu nganggur and im proud be one of lu pikir kerja jam toko rame cuma gaji juta lama bulan owner jangan kaya diri sendiri doang kayak,-6,Negatif
Sat Nov 30 03:28:15 +0000 2024,makan gaji buta anjir anak gen sekarang jago ngedesign kreatifitasnnya luar nalar maluin kalo kata mah,-2,Negatif
Fri Nov 29 04:21:38 +0000 2024,bonzer aku gen benda nih betul aku tengok gen apply kerja macam apply dkt member je formality memang laut lepastu type macam kurang ajar betul lah diorg lack of common sense chat ws terus tanya gaji bila bayar padahal baru apply and malas baca,0,Netral
Thu Nov 28 01:59:06 +0000 2024,kalau orang cakap gen nih very money driven then i would sayang tf ure on memang lah money je sial reason aku kerja bukan aku anak pon nak kena jaga terima gaji takde maruah,-3,Negatif
Wed Nov 27 17:18:02 +0000 2024,what can we learn from this confession tak payah tunggu gen lah mellanials lah baby boomers jadah work is work with integrity gaji kelupur nak ambik buat kerja cincai please think of the money you take berkat tak kalau buat kerja tak sungguh,4,Positif
Wed Nov 27 14:51:37 +0000 2024,terus nyokap protes lah dek enggak cepat gen banget masalah nih hari tuh nego gaji kontrak minta gue kapan masuk langsung bjir its a big consultant company gue yakin kakak nyokap gue kerja negara,1,Positif
Wed Nov 27 14:51:06 +0000 2024,kali pasal gen aku kena gen deh keje gaji rmk der,-2,Negatif
Wed Nov 27 14:00:43 +0000 2024,passion gaji tinggi begini cara gen tentu karier,-2,Negatif
Tue Nov 26 17:02:17 +0000 2024,bukan cuma gaji nyata alas gen gampang resign tempat kerja link artikel,-3,Negatif
Tue Nov 26 09:13:29 +0000 2024,aku early gen kerja je kok bang environment kerja atur workload sesuaisetimpal drat kerja jamgaji kali marah babi buta respect boundaries onz,0,Netral
Tue Nov 26 05:37:01 +0000 2024,takut nak beli rumah awal gaji cukupcukup makan je anatara perkara gen aplikasi hidup memeiliki rumah pertama,0,Netral
Mon Nov 25 11:26:52 +0000 2024,gaji credit limit kad deh tinggi macam tak brain aku camne lepas spend puluh ribu each kad haha gilo gilo gen sekarang nih,-1,Negatif
Mon Nov 25 11:22:06 +0000 2024,aduh takut banget fak kerja baru gaji naik role ken amp minimum office politics and banyak gen nya takut banget,4,Positif
Mon Nov 25 08:57:59 +0000 2024,gaji kena iring kos hidup zaman sekarang segala mahal jadi gen lebih buka minta gaji tinggi sesuai kerja orang buat orang bukan nak demand lebih cuma realistik tak nak makan maggi tiap bulan,2,Positif
Mon Nov 25 00:33:18 +0000 2024,kerja enggak banyak gen kerja freelance startup gaji kadang naikturun sering gantiganti kerja buat cari lebih sesuai passion bikin duit cepat habis,7,Positif
Sun Nov 24 20:17:01 +0000 2024,gen asu bantah mulu sekali kerja terima ngeluh pengin mati padahal gaji cocok kadang bonus gede bilang gaji kurang,-1,Negatif
Sun Nov 24 12:16:30 +0000 2024,gen paham kalau meni baik enggak satu rumah sama mertua sayang harga rumah affordable rumah juta kalau nyicil tahun angsur fixednya jtbln floating jtbln gaji juta jelas sulit ambil gaji juta mikir kali,6,Positif
Sun Nov 24 11:15:47 +0000 2024,sadar enggak sih makin banyak orang protes makin tau kalau memang banyak pasrah jadi sekali protes lihat bacot ngeluh banget contoh deh kayak gen kerja mulai protes soal gaji memang nyata lama enggak gaji layak baru,-4,Negatif
Sat Nov 23 16:24:28 +0000 2024,biasa kan gen kritis jadi suka gebrak cuma memang benar kata lukrn ibarat populasi sedikit situ instansi negara jadi enggak gegabah gue doain selalu daaa moga lu kerja baik gaji layak bikin lu bahagia aamiinn,-3,Negatif
Sat Nov 23 09:43:12 +0000 2024,gue kagak sekolah gaji anak gue per gaji bukan masuk uang jajan anak gue tau gaji kalo tglnya maaf kata soal minset anak an lebih majuktimbang budaya kerja pakai gen,-6,Negatif
Sat Nov 23 04:27:00 +0000 2024,nak kerja orang suka gen bukan kerja gaji je nak rasa apa orang buat impak kalau kerja tak kena minat nilai orang tak kisah cari peluang,0,Netral
Fri Nov 22 13:40:25 +0000 2024,anak sekarang anggap gen well terlalu terpa sama jobdesk jujur kasih kerja ngeluh enggak kembang gilir kasih tugas banyak bilang bukan jobdesknya lantas gua tanya lu mau apa nge gaji lu bukan bapak emak lu sendiri,-7,Negatif
Fri Nov 22 11:17:36 +0000 2024,kerja ln lah hasil enggak pulang gaji gtjt,2,Positif
Fri Nov 22 10:45:59 +0000 2024,diskusi amp evaluasi hari amp usaha sering lupa kalo engagement arah kalo gen cepat resign alias enggak loyal coba evaluasi budaya kerja sehat kasih latih amp mentoring gaji sesuai beban kerja evaluasi,3,Positif
Fri Nov 22 07:46:22 +0000 2024,nih bukan gen kalau gen millenials gaji tak masuk naik angin aneh eh kalau dokumen tak lengkap bagitahu lah dokumen tak lengkap resend balik,-4,Negatif
Fri Nov 22 05:41:13 +0000 2024,despite acara manfaat aku pengin ikut komen isu gen dunia kerja enih usaha banyak tuntut anjing loker max umur muda arti target pasar kan gen apa gaji kicik banyak alam,-4,Negatif
Fri Nov 22 04:14:21 +0000 2024,dilema gen gaji passion mana pilih,-2,Negatif
Fri Nov 22 02:37:02 +0000 2024,memang gen punya kena suap memang another level tak pandai nak jadi resourceful dik kau deh masuk bidang kerja kut gaji kan then expect semua nak suruh nak jawapan directly be resourceful sikit tepon je canggih pakai chatgpt bagai bongap,-3,Negatif
Thu Nov 21 22:31:34 +0000 2024,dilema gen gaji passion mana pilih,-2,Negatif
Thu Nov 21 17:47:54 +0000 2024,bang apa benar gen sekarang enggak beli rumah sendiri hasil cuma jadi buruh pabrik harga rumah ratus juta gaji cuma habis buat seharihari alias enggak nabung,2,Positif
Thu Nov 21 11:50:13 +0000 2024,cross check dulu sih nder kualifikasi alam kamu punya sama punya sama apa enggak gaji beda alam didik sertifikasi jadi jangan nething dulu,3,Positif
Thu Nov 21 11:11:55 +0000 2024,dilema gen gaji passion mana pilih lewat com,-2,Negatif
Thu Nov 21 10:08:42 +0000 2024,lebih baik gaji digit syukur gaji bawah umk enggak syukur,3,Positif
Thu Nov 21 08:22:53 +0000 2024,bila gen buat kerja macam lah nk kerja gaji mula modal sijil kene sakit dah ada macam nih,0,Netral
Wed Nov 20 06:37:21 +0000 2024,aku gen underpaid tunggak gaji,1,Positif
Wed Nov 20 02:53:39 +0000 2024,teman teman ku sangat gen sekali kerja mudah cepat selesai buru segala gaji tepat waktu batas tugas harusjelas bare minimum penuh salah kerja lingkung sekitar pimpin milenial,-2,Negatif
Tue Nov 19 16:55:37 +0000 2024,gue kira drama masalah gaji gen cuma rame twitter doang nyata drama nya benar jadi kantor gue,-4,Negatif
Tue Nov 19 15:49:08 +0000 2024,tgrngvn gen lulus si masuk kerja atas lulus stm pilih resign gaji nya kalah sama cuma stm padahal cuma stm tahun bidang,-2,Negatif
Tue Nov 19 12:47:28 +0000 2024,maaf banget sekarang orang dikit dikit bawa gen gen gen gen alpha lah apa beda beda oi gantung orangggg kata sama gen enggak kerja gwww pegang jobdesc sendiri anjir gaji enggak umr gue terima,-5,Negatif
Tue Nov 19 09:20:47 +0000 2024,gue benci asn orang pns apa coba makan gaji butangurangin jam kerja malah banget bonuspadahal kerja lu se enak korup plus jadi mafia proyek bagaimana mau maju nih negara boomernya brengsekgen nya suram nugas bikin konten najis,-1,Negatif
Tue Nov 19 01:41:21 +0000 2024,halo gen lucusebenernya dunia usahaamp industri butuhny soft skill amp experience logis sesuai kapasitas kalo jadi employee ajar lah bagaimana trick mudah ketrima kerja bikin cv mikat trik interview apa kerja biar cepat naik gaji amp karir,6,Positif
Tue Nov 19 01:13:18 +0000 2024,gen millenial gen fomo rasa gaji gue enggak cukup beli rumah mending gue beli skincare makeup sepatubaju lucu enggak sih salah siapa perintah dong luar alas exposure sosmed,-2,Negatif
Mon Nov 18 18:05:15 +0000 2024,gen lemah gen lemah heleh kontol gue hampir tiap hari pp kamu kerja gaji hampir umr jam kerja ngotak uang makan transport sama tunjang lain lagi cari kerja susah banget anjir dekat rumah fak banget gue kepala mau menang,3,Positif
Mon Nov 18 14:09:53 +0000 2024,good for you gen dulu sering lihat jokes boomer jenis ngebahas soal senjang antara generasi baby boomer sama millenials pernah bahas kayak boomer gaji gede posisi tinggi bikin pdf enggak tunjuk clash sana,3,Positif
Mon Nov 18 04:49:13 +0000 2024,gen indak butuh gaji mung njaluk mood,0,Netral
Mon Nov 18 03:09:40 +0000 2024,tanya ikut kalau lapang kerja gen kali mau kerja keras lepas apa jenis kerja nya jangan mau langsung kerja enak gaji tinggi,1,Positif
Sun Nov 17 22:25:04 +0000 2024,citta kantor jenis kantor kalo open loker cari kerja gen top tier gaji umr,0,Netral
Sun Nov 17 13:50:03 +0000 2024,contoh gue gue gen jujur butuh tahun adaptasi lingkung kerja sekarang butuh banyak salah butuh gaji potong butuh banyak obrol sama orang satu divisi,-3,Negatif
Sun Nov 17 13:33:23 +0000 2024,gen gaji umr siap cicil tahun wkwk,1,Positif
Sun Nov 17 13:28:08 +0000 2024,akun utama cuma rt doang akun pakai caption kayak gen lebih senang sec acc the best admin waiji naikin gaji admin ji,-1,Negatif
Sun Nov 17 10:43:15 +0000 2024,gen milenial cari kerja kepentok usia minimal gen kepentok mindset kerja santai gaji gede banyak prusahaan mulai longgar usia minimal milenial lebih profesonal kerja enggak overload gen,4,Positif
Sun Nov 17 04:53:01 +0000 2024,mana nih bilang gen kerja jelek boomer tuh kerja ada makan gaji buta doang bacot kayak apa,-2,Negatif
Sun Nov 17 01:30:20 +0000 2024,ngeluh gen kerja gue kerja admin pabrik tuntut tuh kerja admin produksi sama sama bos mana gaji underpaid kerja admin angkat kayu admin mana angkat kayu cewek katai enggak kerja sama bos bpjs enggak noh tuh bos era millenial,11,Positif
Sun Nov 17 00:08:41 +0000 2024,pantas gen milenial gen sulit punya rumah mau hemat enggak beli kopi gaji umr sulit sih buat bangun rumah,4,Positif
Sat Nov 16 20:24:34 +0000 2024,gen kemarin gue sempat interview usaha diskusi kait job des kagak ngotak tuh gaji canda suruh kerja rodi sok sok kasih doktrin loyalitas kerja buat usaha as a partner mata,0,Netral
Sat Nov 16 17:25:06 +0000 2024,jog jujur sbnernya kalian milenials gen sekarang era kayak begini ada ekonomi politik sosial pengaruh gaji masa depan kalian optimis punya rumah sendiri deh hopeless enggak punya waris kasus,0,Netral
Sat Nov 16 15:28:32 +0000 2024,dek gen kira gua komen kerja sama anak gen gaji umr,0,Netral
Sat Nov 16 13:58:05 +0000 2024,tahun beli hp konserfestival kali gaji bawah umr tuh gws banget sih gue gen enggak punya tabung konser mulu,4,Positif
Sat Nov 16 12:43:25 +0000 2024,aku gen lulus si terus balik jakarta lumayan culture shock kerja bareng sama gen lulus jakarta pilih jobdesk sulit mau rintis mau baru lulus gaji gede compare lifestyle jakarta susah cari sesuai kamu anak mulyono,1,Positif
Sat Nov 16 12:26:37 +0000 2024,nah wkwk project dulu hampir bagi manajemen semua isi gen managerku milenial kerja satset enggak mandang jabat kalo salah tetap salah sesuai prosedur akhir percaya owner pt langsung angkat kartap tambah gaji,2,Positif
Sat Nov 16 12:22:51 +0000 2024,kalo lo rasa generasi enggak benar lo kerja sama ai gaji buat tuh gen lo alih buat bayar ai premium ribet banget apa apa gen gen zi millenial nya kali enggak cari orang benar,0,Netral
Sat Nov 16 11:25:39 +0000 2024,iya banget ex rekan kerja gue gen millenial selalu bikin story whatsapp sindir gen mulu kalo kerja banyak ngeluh minta gaji gede kayak plis kapai sih sindir gen mulu pakai segala bangga gen millenial kalo kerja selalu benar blablabla tahi,-1,Negatif
Sat Nov 16 11:11:05 +0000 2024,tertawa diri sendiri soal title specialist kerja palugada gaji umr aku gen kerja kok makanya responsibilities tambah terus dapat atas super micromanage anggap tim gen enggak kerja kalo enggak gebrak,0,Netral
Sat Nov 16 11:02:00 +0000 2024,gue gen lahir kerja indonesia mentok gaji juta skill gue punya kerja ln gaji skill gue punya kan jomplang wkwkw,5,Positif
Sat Nov 16 09:58:41 +0000 2024,komplen masalah gen aneh benar lo komplenin bukan gen karyawan baru gaji mentok umr wajar lah salah butuh bimbing kalo mau enggak salah hire orang experienced bayar lebih tinggi enggak mau kan,-4,Negatif
Sat Nov 16 09:38:51 +0000 2024,alhamdulillah senior atas ayom gen saling tuker rekomen drakor gosip makan jangan tanya klop banget kgk pernah marahin tau minus nya iya gaji gaji doang jauh umr hubung sama rekam kerja mah dekat banget,-4,Negatif
Sat Nov 16 08:51:49 +0000 2024,wkwkw gen kerja benar banding kerja benar gue sih lebih pilih kerja sesuai nilai kasih usaha kalo usaha gue cuma mampu gaji gue umr jogja gue balas usaha layak umr jogja,4,Positif
Sat Nov 16 08:34:24 +0000 2024,mungkin bukan generasi lebih senioritas soal tiap generasi nyeleneh teman gue im not a gen dulu fresh grad kerja usaha b penting kerja bilang masa lifestyle gue sesuai gaji gue,-2,Negatif
Sat Nov 16 08:02:56 +0000 2024,memang dongo tuntut serba gen gilir masalah gaji underpaid lu generasi pencet tv dongoooo,-4,Negatif
Sat Nov 16 07:27:05 +0000 2024,my biggest flex gue satusatunya gen rumah punya orang lakilaki kerja masuk gue alhamdulillah gue punya gaji paling besar support butuh rumah paling banyak semua gue kerja benar lah,5,Positif
Sat Nov 16 06:46:40 +0000 2024,gue umur nya sdikit atas umur gen kalo kasih kerja harap kerja benar skillfull jelas gue expect gaji benar sesuai sama skill gue bidang ybs lah yakali dbayar ada minta hasil luar nalar,3,Positif
Sat Nov 16 06:45:23 +0000 2024,capable apa enggak orang bukan generasi bjir gen mampu gen malesan milenial makan gaji buta milenial kompeten sama elah,-3,Negatif
Sat Nov 16 06:29:43 +0000 2024,memang ye milenial suka protes cara kerja gen protes mbok ajar cara kerja benar bagaimana utama kalo baru gaji bawah umr paling gen ilmu jadi nilai tambah gaji dari kacang,2,Positif
Sat Nov 16 06:28:34 +0000 2024,wkwkwk poin banget btw kalau mau lihat gen benar kerja cari virtual assistant mentor bahasa gaji dollar kalau enggak kawan jastip thailand korea tuh banyak soal situ kerja gaji sesuai,2,Positif
Sat Nov 16 05:58:19 +0000 2024,sorry gue gen gue butuh income kalo cuma ngandelin gaji mana gue hidup,-3,Negatif
Sat Nov 16 05:44:41 +0000 2024,teman mami jelas bukan gen wkwk punya biasa izin jam berapa balik jam sekian terus bilang kalo kayak cara nama makan gaji buta nah pas kemarin aku msib temenku agak laku mana ketawa conggg pas cerita,-1,Negatif
Sat Nov 16 05:25:37 +0000 2024,selamat kamu jadi minoritas gen keep up the good work bare minimum sih soal gaji gantung kontrak awal kerja benar bukan wah normal wkwkwk asa lo ug paling kerja,3,Positif
Sat Nov 16 05:07:09 +0000 2024,lo kalo enggak mau kerja sama gen bikin loker minimal umur deh enggak sanggup kan lo gaji karyawan umur atas minta atas umr,1,Positif
Sat Nov 16 05:00:07 +0000 2024,sih selalu salah gen salah coba cek dulu rekrutmen kantor benar jangan pas rekrutmen minta skill alam sekian batas umur maks tahu gaji mepet umr gws dah,-4,Negatif
Sat Nov 16 04:11:16 +0000 2024,gaji underpaid harap mantap lagi butuh gen kan usaha kalo mau enggak kayak gen hire boomer,-2,Negatif
Sat Nov 16 04:03:48 +0000 2024,beda cuman gaji misal gen punya sumber daya lebih buat pindah ln bakal pindah buat usaha sendiri seng lebih harga kerja nya,5,Positif
Sat Nov 16 03:58:41 +0000 2024,gen kerja benar kalo brief atas benar enggak ngawang harap erti ngegaji benar gaji apa soal uji mtk anak sd kerja sesuai posisi posisi apa tugas rangkap divisi sekaligus gila kali gaji benar ah elah,-2,Negatif
Sat Nov 16 03:49:36 +0000 2024,makanya kasih kerja sama gaji waras tolol generasi lo noh mau dikerjain semua gaji main main katai gen maksimal loker umur tahun mau spek dewa,0,Netral
Sat Nov 16 03:39:16 +0000 2024,aku gen alam kerja buah rusa retail lumayan gede mulai jadi admin kasir service crewpekerjaan utama customer service bikin konten promosi tekan buat gaji malah bawah umr meski gaji nya hari memang,2,Positif
Sat Nov 16 03:28:39 +0000 2024,problems sebut sebut gen begini gua struktural sih lihat environment nya gaji loadnya oke gen millennial selaku atas orang tua peran besar sih perintah,-2,Negatif
Sat Nov 16 02:16:09 +0000 2024,kalau dasar arti habis pandemi memang sengaja hire even enggak alam sekalipun mau didik banding alam enak gaji tuntut enggak kompetens per hari gen staff,-3,Negatif
Sat Nov 16 02:16:09 +0000 2024,pikir gen banget ibarat kapai effort gaji kecil buangbuang tenaga doang,1,Positif
Sat Nov 16 01:36:14 +0000 2024,aku gen masuk tim sales tim tim paling benci banyak musuh nya kantor gaji alhamdulillah gede bahkan jadi omong kok gen gaji gede wkwk walaupun gen banyak bantu orang bikin punya brand skincare kosmetik sendiri bahkan,-5,Negatif
Sat Nov 16 00:37:13 +0000 2024,hahah kawan gue gen tawar kerja jakarta gaji cuma juta padahal usaha gede alam tahun,0,Netral
Fri Nov 15 22:53:05 +0000 2024,kalo enggak mau sama gen tuh kualifikasi umur nya dibanyakin kocak maksimal mah masuk era gen mana gaji nya dikit minta skill dewa dasar budak,1,Positif
Fri Nov 15 22:37:31 +0000 2024,poin sih paling bikin malas banget benar ngubah sikap soal aku gen pernah rasai bagaimana enggak enak kerja susah payah lembur enggak bayar projekan bulan gaji kabar mana sambung poin,1,Positif
Fri Nov 15 22:08:35 +0000 2024,gua gen fresh graduate ngalamin kerja tumpuk gaji mungil mana selalu pressure kerja kudu perfect plis inpo lokerrr gua burnout banget,-1,Negatif
Fri Nov 15 21:52:00 +0000 2024,gen kerja sesuai gaji pak,2,Positif
Fri Nov 15 21:51:01 +0000 2024,me ofcakex nurse gen nih bukan nya kuat sangat pon sme je ngan gen dulu mne adek twitter nk tanya anon nih bro amp tknk lah sruh awak rasa jadi nurse cubala faham nurse gaji kecil beban kerja banyak shift anak husb nk layan prangai patient blk nk hadap plk gurau orang,-5,Negatif
Fri Nov 15 21:49:46 +0000 2024,gaji mahal burn out julid kerja orang sosmed sama dong kayak gen kalian suka sindir tukang ngeluh wkwkwk kalo kerja bawah jelek tinggal didik kalo terus pecat generasi tuwir memang,-2,Negatif
Fri Nov 15 21:26:16 +0000 2024,rill min aku gen cuma aku sendiri divisi aku ganti spv tahun resign baru tau masuk gong waktu aku enggak nego gaji anggap fg baru tahun prngalaman pertama kali masuk learning by doing serah terima enggak jelas,-4,Negatif
Fri Nov 15 19:26:57 +0000 2024,kerja banyak mbak jadi anak trainee beberapa hotel workload nya gila kerja kayak staff gaji cuman ribu staff dikit doang cut down budget sisa hampir semua anak trainee notabene banyak gen gue yakin kalo enggak trainee hotel enggak bakal jalan,-2,Negatif
Fri Nov 15 17:21:45 +0000 2024,masalah pas on boarding pertama kasih arah langsung lepas tangan gen rajin kadang capek kalo kasih kerja overload pas kasih saran cuma tampung jelas omong gaji,2,Positif
Fri Nov 15 17:20:49 +0000 2024,lucu dunia kerja indonesia gen notabene mayoritas freshgrad tuntut profesional kayak expert umur enggak mau terima takut keluar gaji mahal bcs alam,0,Netral
Fri Nov 15 16:54:55 +0000 2024,wkwkwk tubi opini jelek lo pikir sapa sih mau jadi kartap gaji intern kalo memang keluar cari sempat baru mending cabut gen kartap kantor gue asik bray soal boomermilenial kantor gue asik,-2,Negatif
Fri Nov 15 16:52:55 +0000 2024,jadi kalo lihat kata gen tempat gue enggak begini ah meanwhile gue tahu tempat kerja gue cuman mau reputable university graduate ipk atas tempat kerja mampu sewa kursi ergonomic ber ac gaji atas umr umr minimal user gen,-5,Negatif
Fri Nov 15 16:36:03 +0000 2024,benci gen enggak benar lowong kerja maksimal atas enggak mampu gaji,1,Positif
Fri Nov 15 16:03:32 +0000 2024,aku gen kerja fulltime usaha pulang lanjut ajar les punya usaha bimbel kalo akhir bulan bikin invoice sama report slip gaji transferin fee teman guru kadang kalo off dimintain bapak urus berkas bisnis bapak kadang kalo free ambil job model,6,Positif
Fri Nov 15 15:34:29 +0000 2024,note gue sering temu hrd interview gue generasi kaya sih abang gue enggak paham cara kerja gen millenial selalu gen kalah ikut millenial nih tahan banting loh sama kalian perihal gaji,1,Positif
Fri Nov 15 15:12:13 +0000 2024,aku gen semua apa kerja kasar kerja alusan iso sing penting aku wani jaluk gaji munggah yen gawean ku tambahhhh bro sorry batttt proud bye bye umr solo,0,Netral
Fri Nov 15 15:07:51 +0000 2024,gen gen anjing gaji generasi lu kasih tuh kurang buat hidup bulan minta kerja sat set on point diandelin asih gaji layak sulit boomer milenial ngentot,-2,Negatif
Fri Nov 15 15:04:14 +0000 2024,benar enggak usah marah marah soal gen enggak meng generalisir memang hampir semua cuman usaha kan mau nya fresh grad gaji dikit kerja kasih banyak minim alam kerja tinggal usernya sih kasih probation,-6,Negatif
Fri Nov 15 14:55:56 +0000 2024,woylah gen kerja gaji enggak berapa kerja enggak kira,2,Positif
Fri Nov 15 14:24:05 +0000 2024,sih kontol bilang kalau lu enggak layak asih gaji workload gen millennial kayak kota cuman iya soal enggak duit kaget ketemu berontak cuih,-4,Negatif
Fri Nov 15 14:19:30 +0000 2024,adaloh milenial kerja makan gaji buta doang gen planga plongo stop normalisir lah semua balik etika kerja amp adab kerja masing masing,1,Positif
Fri Nov 15 14:14:48 +0000 2024,gen setan kayak lo ngegaji gen batas umr doang bahkan underpaid lo minta gen kerja benar gaji cuma umr mentok o n t o l,-4,Negatif
Fri Nov 15 14:04:19 +0000 2024,aku gen pas interview kerja jabar kerja nya pakai web method realita nya apa atas minta aku kerjain sql gas java gas springboot gas makin lama kerja tambah bukan gaji jobdesk amp ekspetasi atas,-2,Negatif
Fri Nov 15 13:22:54 +0000 2024,gue bukan gen mostly gen kantor gue skillful bakal beban banyak jobdesc gaji sama atas nama ajar,-2,Negatif
Fri Nov 15 12:47:19 +0000 2024,lah lebih gen pernah obrol sama gen millenials kata kalo kerja mskpn enggak banding gaji kerjain nurut konteks gue tangkap cerita awal sih memang kayak buat carmuk sama atas biar rekomendasi naik jabat wkwk but sorry gen nih enggak begini,-2,Negatif
Fri Nov 15 12:36:47 +0000 2024,gaji benar makanya also kalo enggak mau kerja sama gen makanya jangan buka loker maksimal tahun ye puqi,2,Positif
Fri Nov 15 12:20:42 +0000 2024,maaf millenials banyak kayak begini generasi enggak cuma gen doang gen perform gaji puluh juta nyata banyak,-3,Negatif
Fri Nov 15 11:08:04 +0000 2024,sih gen milenial tuh dikit katai gen dikit ngejudge gen dikit nyuruh kerja nyuruh lembur gen kasih gaji benar woy kasih gaji benar lembur bayar gaji minimal umr asli gen milenial mental illness selalu ngejadiin gen samsak,-4,Negatif
Fri Nov 15 11:03:30 +0000 2024,jangan hire gen lah kocak loker lo max tahun wkwk kalo enggak asih gaji proper enggak usah tuntut sempurna,-4,Negatif
Fri Nov 15 10:45:21 +0000 2024,untuk adik gen kalo dapat umr enggak usah lah gegayaan buat hidup bingung banget sama hitung gen gaji umr minggu habis habis buat beli skincare sama baju memang otak kalian enggak fungsi bagaimana kalo kalian musti hidup,6,Positif
Fri Nov 15 10:37:10 +0000 2024,gen kerja sesuai gaji,2,Positif
Fri Nov 15 10:16:15 +0000 2024,generalisir satu generasi alias enggak semua gen kayak diomongin beliau kalo memang mau cari benar sesuai mau sih kakak umur lamar kerja jangan mentok tahun lah cari spek dewa gaji paspasan,-5,Negatif
Fri Nov 15 09:27:22 +0000 2024,workload gen kantor kamu apa gaji berapa ekspektasi kamu apa proses rekrutmen bagaimana atas gen bagaimana kerja jawab dulu jawab sesuai semua baru kamu generalisir,-1,Negatif
Fri Nov 15 09:08:34 +0000 2024,lu pade enggak gaji orang mala nyalain gen,-1,Negatif
Fri Nov 15 08:50:07 +0000 2024,gen kali sama millennials enggak kerja disalahin gen minimal naikin dulu gaji jangan cari cheap labour kedok intern hahaha,-2,Negatif
Fri Nov 15 08:49:24 +0000 2024,nah minta gen serba gaji ada bapak hire ular mending banyak bisa,0,Netral
Fri Nov 15 08:44:58 +0000 2024,gen milenial nih diperlakuin kayak gen kerja bos gaji babu juta,1,Positif
Fri Nov 15 08:38:18 +0000 2024,jadi mikir apa jangan lama gen bukan enggak kerja lebih prinsip soal gaji jobdesk kerja masalah underpaid etc,-3,Negatif
Fri Nov 15 08:10:05 +0000 2024,padahal gen kerja sesuai gaji,2,Positif
Fri Nov 15 07:32:05 +0000 2024,model lo tuh gen tau kan muak lo enggak perlu omong gaji bom lo kasih lihat skill lo,0,Netral
Fri Nov 15 07:07:41 +0000 2024,balik balas mau gaji gede kerja enggak benar baru tonton podcast prof renald kasali pandji benar gen pintar attitudenya reng gen belum khusus kali kalo rewardpendapatan naik usaha tunjuk dedikasi dulu trhdp kerja,1,Positif
Fri Nov 15 06:34:37 +0000 2024,boomer sekarang gaji gen naikin jadi minimal juta,0,Netral
Fri Nov 15 06:16:25 +0000 2024,gua gen during working days gue kerja jam cuma kalo gue minta gaji juta sanggup bayar enggak,1,Positif
Fri Nov 15 05:45:37 +0000 2024,soal gen benar kerja lebih pilih kerja usaha asing gaji sangat sangat manusiawi less drama manusia manusia deskriminatif kayak begini wkwkkw,0,Netral
Fri Nov 15 05:26:49 +0000 2024,padahal gen biasa kerjain banyak sesuai benefit sih yakali gaji murah,-1,Negatif
Fri Nov 15 05:26:43 +0000 2024,hah bukan kalian cari gen alpha gaji murah tenaga muda intern freshgradua sinyal hilang,-2,Negatif
Fri Nov 15 05:03:47 +0000 2024,jadi kasih jobdec seabreg mau tahu gen mutus siklus minta gaji sesuai kerja harus jadi praktik standard normalisasi bayar berapa kerja bagaimana jadi jalan terus lingkar setan bayar kerja bawah upah minimum,1,Positif
Fri Nov 15 04:57:55 +0000 2024,as gen punya alam jobseeker rasai banget bagaimana generasi milenial justru cari fg bayar rendah kadang aku nego gaji mepet umr malah rasa berat hire sengaja gen fg kasih salary rendah cih licik,-2,Negatif
Fri Nov 15 04:29:42 +0000 2024,gen kerja benar lu enggak bayar gaji layak tuntut enggak gunung,0,Netral
Fri Nov 15 02:56:14 +0000 2024,enggak lapor kalo enggak tanya arti salah sama sistem lo briefing lah kalo selesai kerja lo lapor gue we as what we have told lu kata semua orang paham mau lu apa aneh komen gen genz terus kritik balik potong gaji dikeluarin,-3,Negatif
Thu Nov 14 23:51:51 +0000 2024,efek minimal batas usia kerja begini gen mostly kerja buat menuhin standar sosmed makanya kerja penting gaji niat kerja malah halang umur,1,Positif
Thu Nov 14 23:50:37 +0000 2024,ngeluhin gen maksa banget maksimal tahun kriteria abrek gawean abrek gaji seuprit,1,Positif
Thu Nov 14 20:20:42 +0000 2024,anw kantor gue justru boomer gen kali banyak pecat mulu gara kerjany lambat enggak tanggap lmao gen anggap jadi budak yes man parahhh gen tahan relate sama gen sok gen what kantor lu enggak benar gaji minim budget entry level minta specialist,1,Positif
Thu Nov 14 16:38:44 +0000 2024,lah disalahin satu generasi kocak rekruternya bagaimana dulu jelek gilir kerja kerja jelek kok salah orang banyak kantor gue banyak gen enggak masalah enggak banyak resign target aman mau kerja benar bagaimana sih kerja jam gaji umr jateng,-3,Negatif
Thu Nov 14 16:07:48 +0000 2024,lagi usaha tuh ngeluhin gen tiap buka loker maksimal tahun jobdesk abrek bikin stres tanggung jawab gede kualifikasi gaji mepet umr,-1,Negatif
Thu Nov 14 14:15:10 +0000 2024,lah kalo deh tau gen begini ngapa kantor lu rekrut gen kocak gaji murah,-3,Negatif
Thu Nov 14 13:06:22 +0000 2024,padahal bentuk syarat kerja batas umur paling tua tahun biar gaji minim lol gen kurang eh ngamuk sendiri akhir salah satu generasi untung usaha tempat gue kerja enggak rese atas orang luar enggak ageism wkwk,-6,Negatif
Thu Nov 14 11:42:58 +0000 2024,apa gen mulu disalahin lah kalo enggak mau gen rekrut tuh tuwir jangan mau gaji murah,-3,Negatif
Thu Nov 14 09:41:07 +0000 2024,gen kerja tengah mati ngabisin gaji tengah sadar,3,Positif
Thu Nov 14 09:24:30 +0000 2024,gue gen kerja hampir semua gue pegang partner gue milenial enak ngegosip jual tidur gaji sama,1,Positif
Thu Nov 14 08:57:54 +0000 2024,kalau gen tau makan tidur doang mah banyak usaha enggak survive sekarang banyak gen punya latar belakang didik skills bagus gaji bawah umr terus lu tanya kontribusi gen kerja gen wkwkwk kaca weh,1,Positif
Thu Nov 14 07:59:51 +0000 2024,gen wkwkwk gue gen kemarin resign tetap asih one month notice usaha akhir tetap kasih gaji akhir,3,Positif
Thu Nov 14 07:18:17 +0000 2024,these ppl keep calling gen gen but cant even employ ppl alas enggak segar enggak cekat enggak dinego soal gaji jadi lo mau anak baru lahir kerja sama lo,2,Positif
Thu Nov 14 06:35:14 +0000 2024,lah gue gen kerja kurang benar apa semua unit manfaatin gue nyuruh kerjain gaji telat mulu tolol,-7,Negatif
Thu Nov 14 05:17:48 +0000 2024,syarat loker usaha lu harus usia minimal baru tuh enggak gen usaha lu mampu enggak buat gaji merekaaa,-1,Negatif
Thu Nov 14 02:58:14 +0000 2024,gen daftar gas mnarik banget gaji juta biaya hidup desa,1,Positif
Wed Nov 13 14:02:06 +0000 2024,gen pikir bagaimana cara kebel rumah pakai gaji umr,1,Positif
Wed Nov 13 11:28:17 +0000 2024,tawar lebih baik tawar baru lebih tarik segi gaji reputasi usaha tunjang bikin gen enggak pikir panjang buat resign lagi siapa enggak mau lebih baik kan,4,Positif
Wed Nov 13 11:28:17 +0000 2024,gaji kurang muas banyak gen kerja keras rasa gaji enggak padan jadi enggak heran kalau demotivasi putus buat cari kerja lebih worth,1,Positif
Wed Nov 13 08:20:58 +0000 2024,tips gen beli rumah meski gaji umr,1,Positif
Wed Nov 13 07:24:28 +0000 2024,gen gaji umr tambah sandwich gen apa enggak nyala,0,Netral
Wed Nov 13 04:12:54 +0000 2024,gen bego banget sama excel banyak enggak sok sok an coding benerin dulu noh sekolah kualitas guru gaji guru layak pilar utama negara benerin ahlak kepsek enggak usah main anggar belanja sama vendor,7,Positif
Tue Nov 12 09:13:02 +0000 2024,tunjuk generasi boomer banyak ngeremehin gen kalo kerja layak gaji pantas amin,0,Netral
Mon Nov 11 06:53:11 +0000 2024,kan harus memang kayak anak freshgraduate jangan pikir gaji terima pahit dulu kumpulin surat terang kerja banyak iring alam kalian lama gaji kalian naik jaman sekarang gen selalu lihat gaji apa pikir nominal,-4,Negatif
Mon Nov 11 03:43:11 +0000 2024,smk tehnik sipil kuliah si psikologi islam mau ngelamar kerja toko gaji bawah umr kalo enggak gen kagak wkwk eh kuliah lulus baru skripsi apa enggak mumet tuh skripsi sama kerja,2,Positif
Sun Nov 10 18:47:31 +0000 2024,gen gaji turun mulai bayar apk prem,1,Positif
Sun Nov 10 18:22:10 +0000 2024,terlalu berat buat gen angkat kerja muda buat survive tengah minim lapang kerja amplifikasi butuh nafkah keluarga inti ayah ibu saudara cuman gaji bawah umr andal alhasil masalah keluarga temu titik terang,3,Positif
Sun Nov 10 14:52:39 +0000 2024,kaluna gaji umr nabung juta soal enggak konser terus bu enggak kayak gen lain aku uu,-2,Negatif
Sun Nov 10 13:33:34 +0000 2024,kalo ayam uemkaem enggak terima gen mana gaji enggak umr wkwkwk,2,Positif
Sun Nov 10 09:55:35 +0000 2024,nte plis lu jadi menteri biar gen punya gaji layak,1,Positif
Sat Nov 09 15:30:01 +0000 2024,jgnlah marah depa bang ajikalau gaji rendah lagu mana depa nak pakai honda makan kat kedai hipsterviral lencong luaq negara stail influencer depabang aji kena paham maju gen,-2,Negatif
Sat Nov 09 15:05:40 +0000 2024,juta thr kali gaji mau nder dm lokasi kapan interview,1,Positif
Sat Nov 09 11:23:41 +0000 2024,gue tau gue cuma gen memang cari kerja jujur gue enggak peduli lah soal gaji soal jaman kalo gue cari kerja sesuai bidang gue saing ketat list kualifikasi nya kayak cari super hero mana gaji kecil,-7,Negatif
Sat Nov 09 10:30:35 +0000 2024,pelik pelik je marketing budak gen nih nak kena geletis dkt meja orang sales lps sembang psl gaji tknk kalah fresh grad keje tahun gaji bila buat keje lebih sikit komplen,-1,Negatif
Fri Nov 08 07:09:51 +0000 2024,tarik nih banyak gen coba jadi freelancer malah jadi penasaran sama kerja fulltime kata pengin jenjang karier jelas gaji lebih stabil hayo kamu tim mana nih,3,Positif
Fri Nov 08 02:25:11 +0000 2024,benar bukan masalah mental gen memang semua orang punya batas toleransi berbedabeda kerja agency memang kadang jam kerja panjang amp tekan tinggi gaji bawah umr amp kerja jam enggak sehat banget coba omong,2,Positif
Thu Nov 07 07:20:16 +0000 2024,gaji jabat bukan jadi prioritas utama gen jadi apa dong cari kerja experd,-3,Negatif
Thu Nov 07 06:48:50 +0000 2024,gaji pns cuma naik persen,1,Positif
Thu Nov 07 06:18:29 +0000 2024,pilih mana gaji digit hidup senang gaji digit hidup susah,-2,Negatif
Thu Nov 07 04:52:09 +0000 2024,salut sama guru guru urus gen sekarang mental kuat padahal gaji enggak berapa guru honorer bulan cuma ribu enggak banding sama tuntut sekolah urus anak susah banget atur sekarang,2,Positif
Thu Nov 07 03:52:31 +0000 2024,baca qrtreply twt dira soal polemik cari pasang pakai standar gaji bikin gue makin yakin twtr isi mirip aplikasi kandang xxx belah sedih sih ira gen zalpha makin sini makin progresifkontekstual nyata makin mirip gen kali progresif enggak wisdom enggak punya,1,Positif
Thu Nov 07 01:33:14 +0000 2024,gaji kecil kerja gunung kalo suruh sama senior gaptek lu gen erti teknologi selalu manfaat tumbal,0,Netral
Wed Nov 06 19:12:01 +0000 2024,iya kemarin lewat gue baca case orang gue kenal sendiri umur gaji bawah juta tumbuh lingkung orang tua enggak suprot anak soft skill kurang enggak percaya diri an bagaimana mau perform kalah lah sama anak gen fresh grad,-5,Negatif
Wed Nov 06 12:52:34 +0000 2024,last statement is the point gen kalo tekan kerja besar asal gaji oke kayak bakal tahan masalah nih kena pressure lingkung toxic gaji mepet umr siapa bakal betah,-1,Negatif
Wed Nov 06 08:45:20 +0000 2024,stay angry gen demand gaji banyak baru lah kena zaman kalau tak maintain jelah hidup survive not for success,-2,Negatif
Wed Nov 06 05:03:51 +0000 2024,mending hire admin gen apa si apa ngajarim boomer gaji sama,-1,Negatif
Wed Nov 06 02:07:17 +0000 2024,punya gaji digit senang palagi digit,1,Positif
Wed Nov 06 01:50:48 +0000 2024,my current company cari sdm gen mau semangat pikir keren mindsetnya pas kerja nyata expense enggak cair gaji potong bpjs non aktif iur jht bulan enggak bayar claim pulsa enggak bayar,-4,Negatif
Wed Nov 06 01:12:24 +0000 2024,hire palugada gaji kecil bukan cuma gen deh gen gen belum sama imho cuma gen stigma hayo,-2,Negatif
Wed Nov 06 00:44:46 +0000 2024,suka julid sama anak gen apa resign asih gaji enggak kira gilir alam enggak mau dihire takut minta gaji tinggi,-1,Negatif
Tue Nov 05 13:22:11 +0000 2024,marah bila millennials gen lambat kahwintaknak kahwinbelum anaktaknak anak faktor wang waktu sama perlekehkan bila sembang pasal naik gaji waktu dengan viensart,-1,Negatif
Tue Nov 05 12:19:50 +0000 2024,mana mau usaha usaha tetap hujat gen at the same time meres tenaga gaji rendah,0,Netral
Tue Nov 05 04:02:26 +0000 2024,gen kali boomer kalau pasai gaji zaman sekarang lah keluar circletakuk masing tanya kat gen gen sama baru paham gaji zaman sekarang macam punya gap,0,Netral
Tue Nov 05 03:19:17 +0000 2024,benar kata orang mayoritas gen lebih senang gaji kecil bahagia gaji besar banyak tekan pantas turnover usaha tinggi banyak tumbuh outsourcing sekarang,-1,Negatif
Tue Nov 05 01:57:39 +0000 2024,sering baca komplain kalo kerja anak gen enggak beres lah mental lemah lah tiba resign lah yaudah coba syarat umur hapus orang usia tahun biasa pengin cari karir lebih stabil soal gaji nego memang cuma pengin cari cheap labour,-2,Negatif
Mon Nov 04 23:57:42 +0000 2024,nder mau gen apa kalo gaji underpaid ngeluh beda kalo gen ngeluhnya sosmed gen belum ngeluh nya orang dekat,-4,Negatif
Mon Nov 04 23:51:16 +0000 2024,gen mau nya kerja enak gaji gede meanwhile beri gawe,1,Positif
Mon Nov 04 15:17:00 +0000 2024,aku deh jadi gen fomo tengok office mate pakai smart watch aku pon nak pakai smart watch kali dar diri diorg gaji deh lama kerja nih baru bulan,-2,Negatif
Mon Nov 04 14:04:46 +0000 2024,ind begini nih isi usaha kalo semua boomer gen amp millenial cuman kebahian admin gaji rendah please hire a young professional public relation yall stoooopiiddd,-4,Negatif
Mon Nov 04 12:29:56 +0000 2024,nihboss dasar banci tua bodoh artis lu enggak laku terus lu salah orang texas gaji hari gaji lu bulan noh taylor swift nik orang bela bela datang bayar konser nya bukan tante ydah uzur no talent iya kali gen lihat nenek tahunlogika pakai,-4,Negatif
Mon Nov 04 11:21:22 +0000 2024,gaji kecil bentuk kerja keras nya bahagia keluarga nya harga rasa nya cukup,0,Netral
Mon Nov 04 11:10:49 +0000 2024,nak gelak baran tengok gen skang rata gaji tak rmk banyak songeh nak apply loan tahun kete honda bmw mers bila salesman rekemen kete local cakap malu lah pakai kete local kwn nya semua naik kete import keje khadam selera firaun genz,3,Positif
Mon Nov 04 08:49:22 +0000 2024,omong soal gaji gen eh enggak semua digit loh banyak juang angka bikin mikir kali beli kopi tambah potong bikin gaji makin tipis,-2,Negatif
Mon Nov 04 05:55:39 +0000 2024,mau jadi gen produktif gaji dikit tambah sertifikasi,1,Positif
Mon Nov 04 05:39:43 +0000 2024,akhir tiba jaman jaman bapakibu guru gaji minimal maki leluasa semua orang benar pahlawan tanda jasa,-4,Negatif
Mon Nov 04 03:02:04 +0000 2024,gaji cuman bulan minta kayak les privat gen dongo,-2,Negatif
Mon Nov 04 01:51:41 +0000 2024,aku malas nak komen lebih apa aku yakin alam kerja gen fresh grad nih ratarata tak banyak sangat jadi jangan kerek awak nak demand gaji pulang adab kena perangai penting dik biar bodoh jangan kerek,-2,Negatif
Sun Nov 03 11:17:06 +0000 2024,gaji gua gen umur bulan juta memang tabung gua nyampai digit faktor sebab nya boros gaji juta excited nya minta ampun mau beli,-3,Negatif
Sun Nov 03 10:51:42 +0000 2024,enggak gaji ribu bulan ngeluh banding gaji juta hari syukur,0,Netral
Sun Nov 03 03:49:53 +0000 2024,mau bilang gen banyak demand lah apa lah padahal takut nak lawan benar harga barang makin naik gaji kat takuk sama kilan bila tahu gaji orang dulu deh rmk misal kata rmk mana ekonomi sini,2,Positif
Sat Nov 02 05:24:50 +0000 2024,bantu perjuangin dong bang guru gaji gedee biar guru gen behave kayak jabat sana bakal dinaikin gaji tunjang biar kagak korupsi,0,Netral
Sat Nov 02 00:40:34 +0000 2024,gen suruh hitung kelar kau seninminggu kerja lapang gaji sama sempat dinas enggak punya proyek masalah gym tiket tonton fasilitas lain subscribe hangus memang awal tuh enggak sini harus,0,Netral
Fri Nov 01 16:53:30 +0000 2024,gen gaji fresh grad mau kena marah sikit menang cemana,-4,Negatif
Fri Nov 01 16:41:48 +0000 2024,padahal pinjem mobil bokap buat bawa kantor zeyeng banget duidnya nih bocah gen gaji bawah juta gaya lo banyak terus tantang tenteng kayak orang paling banyak duid dunia gaji gue digit bukan juta doang close fifteen,1,Positif
Fri Nov 01 13:19:58 +0000 2024,mungkin nggasih gen anak pertama sandwich gen gaji umr tuh punya rumah sendiri,-1,Negatif
Fri Nov 01 13:19:43 +0000 2024,fareast awat macam nih eh gen loni i dulu gaji angkat axia basic sekarang gaji still axia fikir long term dik long term,2,Positif
Fri Nov 01 12:17:35 +0000 2024,gaji nafsu besar gajah gila apa taktahu lah gen sekarang pikir cmne aku dulu baru kerja memang fikir nak downgrade kereta fuhh jenuh bela h weh,-1,Negatif
Fri Nov 01 10:49:26 +0000 2024,fareast pernah tgok depan mate gen punye pangai gaji beli myvi terus rase orang kelling die miskin aku syak dieorg nih gen xleh dpat duit lah terus jadi beruk lupe darat,-3,Negatif
Fri Nov 01 09:56:55 +0000 2024,anja nak beli kete depo je kau tarik tahun tetap monthly tinggi gaji bersih nih bukan gen nih ba,1,Positif
Fri Nov 01 06:52:05 +0000 2024,info cuan nih ccocok banget buat gen mau kerja santai gaji tiap hari infocuan cuan dhanteras bosmuda info hare,2,Positif
Fri Nov 01 04:01:36 +0000 2024,gila yaris semput aku nk bayar membe terus nak angkat civic gaji pstu nk cukup mcmtu memang tak dar diri ye dasar gen,-1,Negatif
Fri Nov 01 02:04:36 +0000 2024,gaji baru rm berangan pakai honda civic fl gen memang anehaneh,-1,Negatif
Fri Nov 01 02:00:55 +0000 2024,gaji rm nak beli kereta rm honda fl letih layan adikadik gen nih foto fb wan sama faris,0,Netral
Fri Nov 01 01:50:04 +0000 2024,fareast gaji sis kali gaji bersih baru sis berani buat loan kereta rege rmk benda macam nih bukan gen je dah tua bangka macam nih,-3,Negatif
Fri Nov 01 01:16:55 +0000 2024,gen gen isap gam kawan aku gaji belas ribu bulan relax je pakai saga flx jangan jadi hamba nafsu hamba bank kelak merana sederhana,-3,Negatif
Thu Oct 31 15:48:24 +0000 2024,from a gen another gen pijak bumi nyata gila apa gaji bersih nk pakai kereta harga aku pakai saga cungap nak bayau jangan fikir bayar kereta je minyak maintenance wear and tear roadtax insurance,-3,Negatif
Thu Oct 31 09:51:26 +0000 2024,duit gaji habis buat vote ssk indomie solusi nya tahan hidup,3,Positif
Thu Oct 31 09:45:16 +0000 2024,perangai gen gaji rm bersih nak pakai honda civic fl nak buat bayar honda city senak bang oi nih kan civic fl apa lah budak nih fikir adoiiii credit fb wan f faris,0,Netral
Thu Oct 31 09:38:44 +0000 2024,korang gen jangan buat lah perangai macam nih nak nego rega kereta lah gaji bersih nak pakai kereta rega nafsu loba sungguh,-2,Negatif
Thu Oct 31 06:17:26 +0000 2024,tak pelik tgok gen sekarang nk kereta mewah member aku sendiri gaji tgh usha vios,-2,Negatif
Thu Oct 31 00:55:58 +0000 2024,satgi cakap cenni mesti gen paling dok rasa bagus dok kata gen ada nak basic gaji hint bukan boomers,-2,Negatif
Thu Oct 31 00:55:26 +0000 2024,aku cerita teman sama gen training minggu capek latih kerja bulan gaji eh renti lebih sesak sih kaya ngegamoangin banget tuh enggak tau apa jaman susah banget cari duit,-3,Negatif
Wed Oct 30 14:42:56 +0000 2024,satsuki bisa cuma cari scapegoat atas problem the f will gen minta gaji diturunin atas respect karyawan kerja tahun sana,-3,Negatif
Wed Oct 30 08:22:51 +0000 2024,gen kalo undang interview via wa langsung tanya gaji,2,Positif
Wed Oct 30 02:59:30 +0000 2024,gen expect gaji jadi bahan lawak bodoh punya orang tua,-1,Negatif
Wed Oct 30 01:25:30 +0000 2024,nyata sebab gen boros gaji cepat ludes,-2,Negatif
Wed Oct 30 00:05:15 +0000 2024,pernah teman pecat tahu solat jam kerja teman lapor dinas tenaga kerja guess what spv nya mecat sebut skorsing gaji lama bulan berani protes gen enggak selalu negatif meaning brave amp jiwa merdeka,1,Positif
Tue Oct 29 14:50:11 +0000 2024,work mana bilang gen lemah nih gue kerja tiap malam lembuh upah lembur bentak atas tiap hari gaji bawah umr ngekos gen sandwich tetap tahan bu amp bagusin cv doain biar kuat amp lancar sukur tempat lebih huhu,0,Netral
Tue Oct 29 08:53:54 +0000 2024,stres cemas makin sulit beli barang gaji enggak banding jadi beberapa alas gen pergi healing hilang memang benerbener ngehilangin semua,-2,Negatif
Tue Oct 29 07:33:39 +0000 2024,kerja minimal minta gaji maksimal aing enggak cuman buat gen sih boomer kok,2,Positif
Tue Oct 29 05:50:28 +0000 2024,lapang kerja sempit gaji kecil normalisasi didik mahal stigma gen malas blablabla,0,Netral
Tue Oct 29 04:46:21 +0000 2024,gen punya motivasi kerja beda generasi belum enggak cuma cari gaji besar kerja makna lingkung kerja suportif sempat buat kembang diri harga dengar dapat genz kerja,5,Positif
Tue Oct 29 04:16:27 +0000 2024,punya gaji good morning,2,Positif
Tue Oct 29 01:48:51 +0000 2024,mantap pak prabowo moga indonesia lebih baik ingat pak gaji guru tambah jtbulan ditungguin,5,Positif
Mon Oct 28 06:45:10 +0000 2024,gen lulus sama kasih gaji juta enggak mau anjg lu minta gaji berapa ngoperasikan excel sama power point kagak,2,Positif
Mon Oct 28 04:49:46 +0000 2024,mau gaji berapa enggak pernah cukup kalo lu generasi sendwich harus generasi gen,-4,Negatif
Mon Oct 28 04:06:57 +0000 2024,noyink lah ungkit susah payah kerja masa dulu salah aku lahir deh gen masuk kerja gaji basic deh sekian as if tak appreciate susah payah orang dulu tak semua benda nak kena tunjuk noyink,-3,Negatif
Mon Oct 28 02:50:05 +0000 2024,balik gue sekarang hidup gaji digit banyak tep ngrasa kurang its my fault anw wkwk,-2,Negatif
Sat Oct 26 05:33:21 +0000 2024,soal gen erti worklife balance nder enak mau suruh orang kerja mati sering luar jobdesk gaji enggak umr maaf nih bukan gen enggak tau bagaimana kerja sama orang kadang kalian enggak tau cara kerja orang,1,Positif
Sat Oct 26 05:18:46 +0000 2024,enggak gen tok cok boomer millenials lek gaji underpaid bengok gen gen tak torkop cangkemu dadi gen astaghfirullah bait kan jadi,-3,Negatif
Sat Oct 26 05:03:07 +0000 2024,twittanmu aneh bukan masalah gen gen sih sekarang apaapa mahal beras mahal bmm naik gaji umr enggak naiknaik butuh bulan sulit penuh bukan gen aku yakin tua capek ngeluh cuma enggak erti sosmed,-4,Negatif
Sat Oct 26 05:02:21 +0000 2024,diam enggak generasi boomer modal buku nikah enggak magang enggak proyek beli rumah gen gaji juta suruh syukur sama boomer sulit buat pasuk wifi password pas kerja,5,Positif
Sat Oct 26 04:56:48 +0000 2024,beberapa gen gaji cukup ngeluh akan f underpaid nih banyak hg genz entry level gaji enggak sesuai sama kerja bahkan under umr underpaid dannn buat gaji cukup perjalannnya panjang naik gaji taun paling lantai,2,Positif
Sat Oct 26 04:56:19 +0000 2024,aduh maaf allah banyak mau kalo kerja gen friendly gaji digit amin,2,Positif
Sat Oct 26 04:52:42 +0000 2024,gue bukan gen gue tau banyak usaha hire fg biar low cost gaji umr lebih dikitunder umr padahal kerja buat experienced level gue tau rasa kerja mulai gaji kecil kerja banyak orang lama gaji gede kerja samalebih dikit,0,Netral
Sat Oct 26 04:49:53 +0000 2024,entah memang pikir terlalu rendah memang punya sensi gen serendah apa pikir buat gagal paham gaji sesuai underpaid gaji rendah sesuai living cost jobdesk kerja bukan pengin lehaleha miliyaran,-3,Negatif
Sat Oct 26 03:59:54 +0000 2024,gen belum meski gaji kecil jalan kerja lebih baik gen pilih nganggur kerja gaji kecil alias pilih jadi beban orang tua jelas perilaku buruk kalau biasa anggur,-7,Negatif
Sat Oct 26 03:23:00 +0000 2024,theres a thing called ump umr khl workload kalau gangerti isu underpaid diam nder dikit salah gen mulu also atur undang jadi wajar kalau ngeluh kerja capek gaji enggak layak,-5,Negatif
Sat Oct 26 03:22:29 +0000 2024,bukan gen kocaakkk lu bayang sekarang hidup serba mahal gaji lu enggak tengah biaya hidup mikirrr dong aduh,2,Positif
Sat Oct 26 03:19:02 +0000 2024,gaji juta enggak pakai excel,1,Positif
Sat Oct 26 03:12:11 +0000 2024,lu inggris kayak amerika jepang korea sekali gen generasi manusia lain tolak gaji underpaid alas coba cari arti underpaid niscaya jawab semua,-5,Negatif
Sat Oct 26 03:00:36 +0000 2024,lihat konten tebar dimanamana banyak orang terlalu mengglorifikasi pencapain forbes under nih enggak sadar apa mostly punya privilege lahir akhir kalo lihat gen merjuangin gaji rendah utama guru honorer langsung judgemental,3,Positif
Sat Oct 26 02:01:48 +0000 2024,interview paling bodoh i pernah pergi gen bosses memang bangang apa aku tak tau lah nak added value pelancau kata je lah kau nak admin cum sales pastu gaji hb kata lambat eh time ah pergi mampus deh lah tak mandi pagi masuk bilik intv bau kohong,-8,Negatif
Sat Oct 26 01:29:39 +0000 2024,gen mulu disalahin nama gaji underpaid memang perlu dikeluhin nder,0,Netral
Sat Oct 26 01:07:19 +0000 2024,lo salah gen melek enggak sih noh perintah asih gaji umr rendah banget kontol,-2,Negatif
Sat Oct 26 01:03:10 +0000 2024,nasehat sopan dong min jangan bikin gen emosi misal adik jalan dulu gaji segitu naik tahap kalau enggak naik baru keluar,-2,Negatif
Sat Oct 26 01:00:02 +0000 2024,gen terus disalahin salah asih gaji kecil dong bjir enggak sesuai kerja nya,-1,Negatif
Sat Oct 26 00:37:57 +0000 2024,jangan gen anjing jakarta kata umr juta banyak gaji bawah,-2,Negatif
Fri Oct 25 14:34:20 +0000 2024,paham dulu kata underpaid elahhh gen brppun kalo bayar enggak sesuai ngeluh cuma diam gen jadi melek soal kerja enggak sesuai overtime gaji enggak banding suara,-1,Negatif
Fri Oct 25 14:16:16 +0000 2024,salah mfsnya harus begini gen ngeluh gaji fresh graduate umr harap bayar rp milyar per bulan kali,-6,Negatif
Fri Oct 25 14:05:44 +0000 2024,kak gen gen begini aku tulang punggung keluarga kerja cari gaji gede kontra bayar bayar listrik makan bulan uang transport nyokap aku biayain pikir mau ngelanjutin didik,-2,Negatif
Fri Oct 25 14:05:09 +0000 2024,dikit gen dikit gen memang lu mau kerja jam hari hari kerja gaji juta kerja az kalo lu mau usaha senang orang kayak lu,1,Positif
Fri Oct 25 13:21:50 +0000 2024,rasa sindir sih pas bilang gen manja enggak punya ide mau enak nya kerja mau gaji besar enggak mau capek kalimat enggak punya ide kok kayak rujuk aku soal tiap meeting aku keep silent kayak memang aku gen enggak punya ide,-1,Negatif
Fri Oct 25 12:15:34 +0000 2024,apa apa gen sok tau gue gen gaji bawah juta kira kira mau enggak lu,-2,Negatif
Fri Oct 25 12:09:42 +0000 2024,semua orang ngeluh lah nder jangan terlalu mojokin gen padahal lu cuma lihat bagi ngeluh kena gaji bukan kena berat nya kerja,-7,Negatif
Fri Oct 25 11:50:19 +0000 2024,masalah arti usaha lo enggak punya duit buat ngegaji angka gen riset kali buat range gaji,3,Positif
Fri Oct 25 11:33:01 +0000 2024,turut gen tuh reasonable minta gaji tinggi sadar hak dapat upah layak banyak nolak eksploitasi enggak ngambil kerja bawah ekspektasi turut malah bagus timbang asal gasak kerja,-1,Negatif
Fri Oct 25 11:24:08 +0000 2024,makanya gue gedek banget sama orang malah ribut sama rakyat jelata salah standar gaji gen muja muji artispejabat jelek normal gaji underpaid,1,Positif
Fri Oct 25 11:18:41 +0000 2024,gue amin deh gue bayar milyar soal gaji underpaid enggak bakal cukup buat gen apa apa bayar sendiri kayak gue,-5,Negatif
Fri Oct 25 11:06:08 +0000 2024,gen mulu kena kalau gaji sesuai sama kerja oke enggak ngeluh nih kerja rodi gaji enggak sesuai wajar kalau palugada btw lu erti maksud underpaid enggak,2,Positif
Fri Oct 25 11:01:12 +0000 2024,bacot bawa bawa gen mulu taiiikk underpaid bukan gen doang btw ngeluh bukan gen doang anjing stop bawa gen lo pikir gaji underpaid kerja doubletriple job normal tolol,-3,Negatif
Fri Oct 25 10:34:25 +0000 2024,apa iya butuh rakyat bekas justru urus sebab mental sehat sulit lapang kerja korban phk sulit lapang kerja gen rendah gaji banding keluar,-1,Negatif
Fri Oct 25 10:29:28 +0000 2024,nih tempat gua kerja bapak bapak sama orang tua gen boomer gaji ngeluh kok jam kerja lo kira ngeluh cuma gen terus lu tau maksud underpaid enggak kerja jam gani buat makan sama transport kurang paham enggak konto,-1,Negatif
Fri Oct 25 10:25:13 +0000 2024,nder kamu hati hati keti sendiri moga kamu enggak pernah rasai juang nya kerja gaji underpaid god bless you sender moga rasa apa gen rasa,0,Netral
Fri Oct 25 09:41:35 +0000 2024,bagaimana enggak ngeluh jir lu pikir mah kerja tipes gaji canda dipotongpotong gaji cuma lewat doang bukan salah gen gen apa kalo gaji underpaid ngeluh,-7,Negatif
Fri Oct 25 09:41:21 +0000 2024,iya kak nyata gaji umr sama lembur makanya bilang underpaid kan tau hakampkewajiban jadi even enggak bayar lembur gaji naik lah budaya company atas milenialampboomer mah bilang gen malas enggak loyal kalo tuntut,-2,Negatif
Fri Oct 25 09:39:47 +0000 2024,bayang sih gaya hidup gen mulai kuota kuliner fashion pakai upskin care traveling ngitung biaya sekolah kuliah mahal tiba pas lamar kerja gaji umr enggak banding uang bulan kasih orang tua,4,Positif
Fri Oct 25 09:35:20 +0000 2024,elah jangan kan gen milenial kadang malas kali kalo gaji bulan juta doang wkwk,-1,Negatif
Fri Oct 25 09:23:05 +0000 2024,nder kamu kira gen ngeluh gaji atas umr semua kamu kira gen enggak gaji under umr bahkan juta enggak luar sana banyak gen ngeluh memang beban kerja enggak ngotak gaji under umr gen purba kocak sekali,-6,Negatif
Fri Oct 25 09:22:52 +0000 2024,iya dahhhhhh gen memang enggak pernah pahammmmmm huffffftttttt bagaimana sichhhhh kalian smuwa gen zetttttt becus dong kalau hidup jangan lemaaaahhhh gaji underpaid ngeluh sungkem dulu cepeeeetttt,-3,Negatif
Fri Oct 25 09:21:45 +0000 2024,underpaid bukan minta gaji semilyar tuntut gaji tara sama hak umr gen paling tua usia tahun sekarang just clarify gen generasi rentang usia bukan mindset sifat,-3,Negatif
Fri Oct 25 09:01:33 +0000 2024,salesman pening layan gen gaji berangan nak pakai mercedes a,-2,Negatif
Fri Oct 25 08:58:06 +0000 2024,lu gen kan anjir memang mau lu gaji dikit,-1,Negatif
Fri Oct 25 08:53:50 +0000 2024,wkwk heran mbak dikit gen semua generasi kasih gaji enggak sesuai ngomel mungkin beda enggak frontal gen,-5,Negatif
Fri Oct 25 08:20:42 +0000 2024,kntl bacot banget laga lo gen gen lo erti underpaid enggak lo sruh bawa onta hidup arab indonesia jalan kaki byr ribu mau enggak enggak usah bwa gen mana butuh sandang pangan lebih mahal psa gaji bagaimana enggak ngeluh ngotak dong,0,Netral
Fri Oct 25 08:14:35 +0000 2024,mau gen mau gen kalo gaji sesuai sama kerja oke oke kadang suka enggak masuk akal benefit nya kagak kerja nya kayak kerja rodi,5,Positif
Fri Oct 25 08:02:45 +0000 2024,buset gen mana lu apa apa gen apa apa gen bikin ulah gaji underpaid gen lu ye bangkai,-6,Negatif
Fri Oct 25 08:01:56 +0000 2024,gaji underpaid generasi sandwich kalo gen bilang underpaid wajar lah butuh enggak cuman buat doang kadang buat menuhin keluarga,1,Positif
Fri Oct 25 07:57:46 +0000 2024,masalah beberapa gen gue kenal anggap kalo umr itungannya underpaid makanya banyak pilih nganggur kerja gaji umr,-2,Negatif
Fri Oct 25 07:52:00 +0000 2024,gue bukan gen memang lu mau gaji underpaid nder kerja macam jadi avatar,0,Netral
Fri Oct 25 07:41:29 +0000 2024,sender nya hrd cari karyawan umur gen punya alam tahun punya skill tara avatar jobdesk multitasking mau gaji underpaid,3,Positif
Fri Oct 25 07:39:23 +0000 2024,gen apa kalo gaji underpaid protes kocak pakai segala nyebut gen kocak kamu,-5,Negatif
Fri Oct 25 07:33:19 +0000 2024,kamu nih enggak erti arti underpaid kalo jobdesk selaras gaji enggak bakal ngeluh mah gaji under beban kerja over kamu bakal ngeluh kan kalo gaji kamu under enggak usah bawa gen,-1,Negatif
Fri Oct 25 07:31:02 +0000 2024,orang tonedeaf larang main twitter nder enggak bikin statement gen gaji sama nyentuh umr syukur alhamdulillah lapang memang banyak banget underpaid touch some grass please,3,Positif
Fri Oct 25 07:29:34 +0000 2024,minimal paham dulu arti kata underpaid buset apa apa gen apa apa gen gen bawah gen biasa gaji bawah umr alias terima dikerjain sama usaha indonesia wkwkw,-3,Negatif
Fri Oct 25 07:28:25 +0000 2024,gen umur nder bukan sifat kalo lo paham wajar buat ngeluh kalo gaji underpaid butuh serba mahal enggak ngeluh kalo gaji enggak layak,-2,Negatif
Fri Oct 25 07:18:38 +0000 2024,gen ngeluh gaji fresh graduate underpaid harap bayar rp milyar per bulan kali,-3,Negatif
Thu Oct 24 16:12:02 +0000 2024,bagaimana usaha punya karyawan banyak gen sekarang cari kerja terlalu pilih masalah gaji masalah lokasi jarak terlalu banyak timbang lamar kerja jadi solusi bisnis biar buka lapang kerja buat orang,3,Positif
Thu Oct 24 16:03:29 +0000 2024,benar bagus banget gen aware thp gaji reality check minta double digit skill apa bawa kalo mau tuntut benar perlu tuntut perintah naikin umr bikin harga rumah masuk akal,1,Positif
Thu Oct 24 15:39:40 +0000 2024,iya some of us gen memang perlu reality check perlu kena tempa dulu i dont mind kalo sekarang intern bayar ratus ribu bagus slowly step up the game kalo based on the op kerja bank asing yoe above yrs gaji juta kayak hah,4,Positif
Thu Oct 24 14:22:08 +0000 2024,enggak tuju lah anjir utang pinjol gen enggak semua buat butuh primer banyak gen pinjol buat gaya hidup butuh tersier gua gaji kecil enggak pernah mikir buat ngutang pinjol rasa terhianati anjir,-5,Negatif
Thu Oct 24 14:00:46 +0000 2024,tahun bank asing gaji segitu ampas sih malah bawa bawa gen,-2,Negatif
Thu Oct 24 13:12:53 +0000 2024,gaji kecil kudu palugada jangan normalisasi ajg wkwkw kesel banget gue kalo millenials dumping gen pepek,-2,Negatif
Thu Oct 24 12:56:49 +0000 2024,cuma gara satu orang kayak digeneralisir semua padahal banyak loh gen bela capek kerja gaji mepetdibawah umr tiap generasi kok kayak enggak cuma gen,-6,Negatif
Thu Oct 24 12:50:33 +0000 2024,asa gen sih paling ngeluh padahal milenial banyak ngeluh yaelah berapa banyak sih gen kayak banding kerja jalan hidup gaji bawah umrpas umr,-2,Negatif
Thu Oct 24 12:42:58 +0000 2024,malah bagus gen sekitar gue sedang siap kerja ausie korea jepang dapat gaji dobel digit kosong indon,0,Netral
Thu Oct 24 12:26:21 +0000 2024,apa kabar kerja hbrp bulan covid pabrik gede gaji bawah umr kaget sekarang teman cari hasil tambah pantas gen malas kerja pabrik,0,Netral
Thu Oct 24 11:22:15 +0000 2024,glorifikasi kerja milenial lama kerja gaji stuck lalu judgemental gen fresh graduate offer salary segitu wkwkkw situ development karirnya stuck kok generasi bawah disalahin kocak,-3,Negatif
Thu Oct 24 11:06:13 +0000 2024,gue tahun lalu baru lulus kerja menteri gaji cuma juta nyicil vario pas baru kerja cari alam kerja banyak relasi duit mah masa sendiri gen enggak paham mau beberapa tahun kerja healing keliling eropa,5,Positif
Thu Oct 24 08:10:28 +0000 2024,enggak normalisasi bilang mesti cek privilege gaji kecil bilang kenal gen itungannya besar kalo lihat orang umum gua erti lu enggak suka icha lah ajar baca benar reading comprehensionmu loh,-2,Negatif
Thu Oct 24 06:59:14 +0000 2024,buat orang tolak gaji juta means that shes not desperate enough buat kerja tawar jadi the said gen kerja bikin enggak giur sama kerja tawar then again kalo tolak kerja enggak sesuai sama ekspektasi,6,Positif
Thu Oct 24 04:06:33 +0000 2024,gaslight mulu jink gaji segitu kecil tolol salah usaha malah bawa gen malas au ah bangsat orang indonesia susah maju,-7,Negatif
Thu Oct 24 03:59:12 +0000 2024,complain gen gaji juta dikit paling dikit banget berapa persen orang priviledge uang jajan nominal sama banyak gen underpaid malah unpaid intern saking susah kerja icha babi,1,Positif
Thu Oct 24 03:30:21 +0000 2024,lihat salah satu debat oomf tl kait gaji jaman sekarang rasa segitu tindas jadi sadar alas jelas ngebuat gen sekarang lebih banyak nganggur,-2,Negatif
Thu Oct 24 03:23:53 +0000 2024,benar kak kerja bank swasta gaji up alam kurleb tahu alam pribadi gen kadang kadang rada kurang syukur bentar mental health enggak jelas,3,Positif
Thu Oct 24 03:10:52 +0000 2024,salah gen and normalize underpaid is crazy but the crazier part is tahun kerja gaji juta dangg,1,Positif
Thu Oct 24 03:07:45 +0000 2024,kerja tahun gaji segitu kok gen suruh nerimo gen disalahin lu aneh banget deh icaaaaa,-1,Negatif
Thu Oct 24 03:05:40 +0000 2024,jabat dobel gaji dobel teman gen susah banget kerja layak,-2,Negatif
Thu Oct 24 01:38:13 +0000 2024,damn memang benar sih gara gara sosmed bikin ekspektasi gen gaji tuh jadi tinggi,-2,Negatif
Thu Oct 24 01:20:52 +0000 2024,gen punya opportunity lebih banyak hidup lebih layak gaji lebih baik millenial mimpin sadar lawan boomer tuh kepala batu semua kamu harus lebih syukur enggak sih banding ngetweet insensitive kayak begini,2,Positif
Thu Oct 24 00:57:52 +0000 2024,memang tahi gen gue umur gin pernah terima gaji segitu,-1,Negatif
Thu Oct 24 00:15:15 +0000 2024,youre trully fucked kalo umur lo an gaji stabil bawah digit gaji lo segitugitu usaha bakal enggak napsu sama lo since banyak anak gen energi otak full charged mau gaji tara bahkan bawah umur an,2,Positif
Wed Oct 23 23:08:05 +0000 2024,populer bisnis gaji fasilitas ajudan prabowo alas gen rentan jerat pinjol tempobisnis,2,Positif
Wed Oct 23 17:42:52 +0000 2024,gen beban negara kocakk kalo perintah mau gaji anggur kayak finlandia irlandia kurang tuh beban,-5,Negatif
Wed Oct 23 17:11:09 +0000 2024,betul aku gen temenku gen mostly sering kerja palugada mikir awal karir gapapa lumayan alam cari project luar kerja gaji tambah nama cari uang,2,Positif
Wed Oct 23 16:39:24 +0000 2024,barusan nongol tl perkara gen nolak mikirmikir pas tawar kerja bank asing gaji jtbln posisi fresh grad nawari alam banking tahun baru nyentuh juta komentar gen minta gede apa kalo fresh grad,-3,Negatif
Wed Oct 23 14:55:08 +0000 2024,gen gaji umr here kerja siang masuk jam pulang jam hari tentu harus aku jam lanjut kerja jam bayar pulang jam sering jam baru pulang jam tempat kerja,0,Netral
Wed Oct 23 14:27:25 +0000 2024,nah perlu jelasin gen jangan enggak jejak tanah dngn realita gaji fg digit enggak semua kasih punya skill tentu mau jadi konten creator sila jalan proses nya enggak semua konten creator langsung sukses,1,Positif
Wed Oct 23 11:41:54 +0000 2024,tementemen gen fresh graduate baik memang tetap balance lihat informasi orang pamer gaji sosmed imbang teman reality check orang gaji enggak indah jadi benchmark enggak atas doang bawah,0,Netral
Wed Oct 23 09:17:00 +0000 2024,kulwap wolipop versiterbaikmu dear gen cara tabung gaji batas sama dety nurfadilah mbak cfp ifp yuk daftar,3,Positif
Wed Oct 23 09:06:23 +0000 2024,wakakka worst gen ngeluh resign bukti tempat kerja lanjut gajiny sesuai sama milenial punya nyali kayak enggak enggak usah cuap komenin gen bilang iri umur gaji gajauh beda sama gua,-3,Negatif
Wed Oct 23 08:50:44 +0000 2024,gue pikir gaji gue kecil tahun kerja kalo opini benar terus gen sekarang konsumtif deh dikitdikit datengin tempat fomo dikitdikit konser gue mau belanja ribu mikirnya minggu,-1,Negatif
Wed Oct 23 07:32:24 +0000 2024,kulwap wolipop versiterbaikmu dear gen cara tabung gaji batas sama dety nurfadilah mbak cfp ifp yuk daftar,3,Positif
Wed Oct 23 06:23:45 +0000 2024,blaming on gen is like total shit mouth full of trash salah pihak beri gaji gaji juta era sekarang memang kecil apa tinggal jakarta zaman gaji mulai satu digit era sekarang cuma mau exploit kerja benar,-2,Negatif
Wed Oct 23 05:56:20 +0000 2024,gen punya banyak banding amp kritis waktu beban kerja amp biaya hidup apa padan gaji juta geser nilai sekarang usaha ira karyawan butuh uang jadi gaji berapa mau sekarang karyawan pilih tempat kerja,0,Netral
Wed Oct 23 05:26:36 +0000 2024,gue duaduanya sih gen memang lebih picky pengin kerja sesuai passion bukan cuma sekadar gaji sisi kondisi ekonomi serap kerja lambat bikin lebih selektif jadi sulit salah salah satu pihak,-1,Negatif
Wed Oct 23 05:08:44 +0000 2024,john elkann musim cukup rajin hadir jstadium management pilih hasil laku hemat bongkar jsquad average genz total gaji tinggi seriea sisi korban cukup banyak quality amp quantity jsquad available,-4,Negatif
Wed Oct 23 04:52:11 +0000 2024,gen manja enggak deny kalo memang kerja cuma admin enggak skill halu mau gaji dijit miris padahal luar sana buanyakkk gen kerja jadi palugada lembur mulu thpnya umr,0,Netral
Wed Oct 23 04:41:41 +0000 2024,btw kalau gen terima kerja gaji awal segitu sih lumayan deh,0,Netral
Wed Oct 23 04:29:17 +0000 2024,genjet hidup banyak konsumsi konten ekspetasi banyak tinggi konten lihat konten kan buat enggak sesuai realita makanya benar kudu cek reality gue gen sandwich generation gaji umr gue sikat orang tua sama adek enggak makan,2,Positif
Wed Oct 23 04:19:49 +0000 2024,gen banyak nelen konten tiktok mentah jadi kayak ekspektasi kalo kerja gaji digit jobdesc santai,1,Positif
Tue Oct 22 14:05:37 +0000 2024,kadang miris untung kasih lebih satu offering job gaji sedikit atas rata malah kena sakit gen ngeluh gaji kurang lokasi kerja jauh sering lembur gilir benar benar butuh kerja malah strugle,-4,Negatif
Tue Oct 22 10:59:49 +0000 2024,nih lah gen nak kerja nak enjoy hari gaji tak cukup tinggal duduk jaga kedai memang babi,0,Netral
Tue Oct 22 09:50:27 +0000 2024,pantas enggak maju maju mindset masyarakat stuck ageism gen boomersbaby boomers sibuk salah gen gaji enggak berapa manusia manusia enggak cuti buat keluarga tinggal pindah lahir susah minta ampun sehat sehat wni,2,Positif
Tue Oct 22 09:49:00 +0000 2024,benar turut sih bikin gen enggak betah kerja ikut orang gaji kecil gen atas suka jilat sih bos jorokin fitnah minggu adaaaa ajaaaa,-4,Negatif
Tue Oct 22 05:35:32 +0000 2024,realita orang gen kelas tengah minim privilege f kerja hweek gaji under umr probation nabung tipistipis kembang kempis wishlist tambah sekali cowok buat impulsive buying,2,Positif
Tue Oct 22 05:26:25 +0000 2024,cimeng pecat gen punya alam gaji tinggi ganti baru gen baru minim alam gaji lebih rendah wkwk,-2,Negatif
Tue Oct 22 05:24:57 +0000 2024,inti awal kalian tau kalau sifat gen kan memang kalian harap rekrut kerja minim alam beri gaji sedang bahkan rendah mangkas biaya perushaan minim alam gen bukan,-6,Negatif
Tue Oct 22 01:20:18 +0000 2024,nyata banyak gen gaji bahkan digit jadi konten creator bahkan sukses dagang tiktok jadi miliyarder muda usaha enggak banyak ngeluh kayak lu enggak banyak salah perintah orang cari alas balik gagal diri lu sendiri wkwkwkwkwkwk,-8,Negatif
Mon Oct 21 08:23:20 +0000 2024,indonesia kerja gaji apa harap gen,0,Netral
Mon Oct 21 07:43:54 +0000 2024,pernah enggak sih lo rasa gaji lo selalu habis buat lifestyle enggak sisa buat nabung investasi bagaimana cara tetap enjoy hidup gaya rusak uang lo boros gen kenal suka kejar lifestyle kini nongkrong,1,Positif
Mon Oct 21 07:00:08 +0000 2024,iya anjir gen tiap masuk kantor gue sini duh ampun dah ribet banget baru kerja minggu pikir gaji segala macam kerja rasa paling berat sini komen visual wkwk gay lah biseks lah enggak komen apa smpaikan,-3,Negatif
Mon Oct 21 05:59:47 +0000 2024,tri jobdesk tiap tri tambah dikit tri tambah banyak gaji tambah besar gen jobdesk sak tahi ndayak gaji kecil pantas gen punya suicidal thoughts,1,Positif
Mon Oct 21 05:33:21 +0000 2024,ekspektasi vs realita ekonomi beda apa harap gen dunia kerja realitas ekonomi sedia kerja masuk ekspektasi gaji kondisi kerja,0,Netral
Mon Oct 21 03:16:17 +0000 2024,gue bilang bagus gaji jauh lebih tinggi gue padahal adik gue cuma tamat sama insecure sama gaji gen keluarga gue,1,Positif
Mon Oct 21 03:01:04 +0000 2024,gen kalo enggak kerja benar enggak minta kayak mbak ku bantu enggak minimal lo pelajarin gambar lah lo ketik lirik lagu terus translate anjir gaji unr gabut,-1,Negatif
Sun Oct 20 11:21:16 +0000 2024,orang tua boomer pokokny pns me milenial swasta penting gaji oke begini keluarga pns sering ngutang my gen brother manut orang tua nganggur,-2,Negatif
Sun Oct 20 10:13:59 +0000 2024,bukan gen relate banget contoh kecil orang tua gue bapak gue sendiri bilang kalo gue mau enak kerja terlalu pilih gaji enggak berapa minjem duit mulu enggak ngehargain gue kerja kiri kanan kayak begini rasa pengin menang sih,-7,Negatif
Sun Oct 20 07:58:12 +0000 2024,gen banyak pilih kerja non skill tuntut gaji gede enggak kompeten mau nya banyak tuntut enggak mau,-2,Negatif
Sun Oct 20 06:49:18 +0000 2024,hari hari giat ibu guru gen gaji kecil enggak diam rumah pergi terozz nyala dompet bapakkuuu,1,Positif
Sun Oct 20 06:07:43 +0000 2024,stop overproud kerja jokowow geli tau tahun enggak hasil and come on lah gen melek politik lo semua bkl cari uang sendiri umr indonesia serendah n tingkat miskin indonesia tinggi gaji lo bkl ptg pajak bsr n tapera gjls lo harap apa,-6,Negatif
Sun Oct 20 05:10:57 +0000 2024,bukan boomers asih beban kerja terlalu berat lembur enggak kasih gaji tambah toxic ngerjain az gen enggak betah,-2,Negatif
Sun Oct 20 03:36:12 +0000 2024,serba salah anyink mimpin gen bapak semua bjir disalahin gen angka anggur tuh tambah atur cipta kerja enggak masuk akallll syarat masuk kerja gaji bawah umr bjir lah,-3,Negatif
Sun Oct 20 02:45:50 +0000 2024,aku bukan gen sih sejak lulus kuliah langsung kerja usaha rasa sistem kerja usaha makin tekan beberapa kali pindah usaha dapatin gaji bagus jam kerja sesuai sop,4,Positif
Sun Oct 20 02:23:00 +0000 2024,sebab gen anggur sadar kalau jobdesk orang dikerjain orang gaji orang enggak manusiawi,-2,Negatif
Sun Oct 20 01:43:36 +0000 2024,gen nganggur negara enggak pernah hadir buat asih latih skill gratis kayak bantu cari kerja gen kerja negara hadir paling pertama buat motong gaji embel pajak bpjs jamsostek entar tapera ppn,1,Positif
Sun Oct 20 01:06:04 +0000 2024,gambar gen rimpi gaji dijit,0,Netral
Sun Oct 20 00:40:57 +0000 2024,sebab gen anggur tuh regulasi masalah kerja negara sampah habis sudah enggak propekerja ordalordal mayoritas enggak punya skill amp enggak mau kerja benar posisi job desk bejibun gaji enggak padan si,0,Netral
Sun Oct 20 00:28:38 +0000 2024,sebab gen anggur kok enggak lapang kerja sempit syarat kerja enggak ngotak gaji enggak sesuai jobdesk,2,Positif
Sat Oct 19 23:24:14 +0000 2024,eggg sama mau milenial mau gen mau gen perang sipil amerika semua supply demand kalo offering gaji rendah sdm rendah kalo offering tinggi sdm tinggi mknnnya usaha top enggak pernah ngeluh soal gen ngeluh usaha medioker,-5,Negatif
Sat Oct 19 20:47:41 +0000 2024,lowong kerja turun ekonomi turun harga pangan papan mahal dead end job gaji enggak layak gen beban negara on serious note gue rasa sakit orang ngakunya bijaksana lihat sumber masalah luar ketimbang cermin,1,Positif
Sat Oct 19 17:24:36 +0000 2024,eh mgentot kalo enggak gen feed ig cafe lo jelek noh sekarang mikir lah mau kerja gaji juta kalah zeus mikir anjing,-1,Negatif
Sat Oct 19 15:23:33 +0000 2024,ppt tetap anggur sarjana mah masalah bukan gen nya lapang kerja syarat kerja kali minta banyak skill gaji umr,1,Positif
Sat Oct 19 13:50:39 +0000 2024,mudah serah maksud gen enggak mau suruh kerja jam resto gaji bawah umr,0,Netral
Sat Oct 19 13:36:03 +0000 2024,benar gen tuh kerja apa dijabanin asal wajar umr lu kalo bukan usaha benar kerja overload gaji autan terus lu bilang syukur lu sama subur budak koncol,4,Positif
Wed Oct 16 03:29:26 +0000 2024,asmara orang semua lantik jadi kabinet berapa anggar gaji tukim honor spj ops bgm nasib milenial genz amp alfa dhadapkn over demografis coba anggar dialhkan program pembsdm subsidibeasiswa indonesia cemas,0,Netral
Wed Oct 16 02:18:17 +0000 2024,pengin lihat gaji anak anak gen coba scroll threads mumpung tren,-2,Negatif
Tue Oct 15 16:18:41 +0000 2024,baru jabat semua masalah disalahin padahal problematic siapa deh wkwk gue jadi ceonya mah minta gaji kali posisi gen deh resign kayak,-5,Negatif
Tue Oct 15 12:10:30 +0000 2024,kulwap wolipop versiterbaikmu dear gen cara tabung gaji batas sama dety nurfadilah mbak cfp ifp yuk daftar,3,Positif
Tue Oct 15 11:44:37 +0000 2024,hari kat office pernah cakap gen suka balik on time aku rasa hari bitter aku mesti aku bidas balik balik lambat bukan bos naik gaji,-4,Negatif
Tue Oct 15 10:48:25 +0000 2024,kalo gen pilih a wkwkwk worklife balancenya enak gaji ngepress kalo mau asa langsung jadi orkay pilih b sih,0,Netral
Tue Oct 15 10:06:20 +0000 2024,kulwap wolipop versiterbaikmu dear gen cara tabung gaji batas sama dety nurfadilah mbak cfp ifp yuk daftar,3,Positif
Tue Oct 15 07:03:48 +0000 2024,gaji umr kelah gaya hidup gen,0,Netral
Mon Oct 14 17:42:30 +0000 2024,gaji juta hari kerja jam hari,2,Positif
Mon Oct 14 16:00:08 +0000 2024,wkwkwk pukimak harus mah lo flexing sama teman sama kayak enggak semua gen tuh punya tabung kayak lo pertama visa lo hitam dua ponsel lu pakai mungkin iphone atas tiga uang jajan bulan lo lebih gaji bulan sini ngenthought lo,-3,Negatif
Mon Oct 14 14:00:12 +0000 2024,kesel kira aku enggak rasa enggak enak apa manggil orang jadwal ubah mulu professional lah aku tetap ikut usaha bilang apa lu kandidat enggak ngaruhi karir gua lu enggak kasih gaji gua benar gen krisis etika,-7,Negatif
Mon Oct 14 13:06:29 +0000 2024,average gen sd early ktsp late mau sama hasil cinta alam lingkung bersih rajin olahraga gym lari minsoc sadar mental health outfit selera musik diverse nganggur gaji umr,2,Positif
Mon Oct 14 03:43:50 +0000 2024,gaji gen rata rata umrumk terus bantu biayain keluarga jadi bagaimana mau beli rumah,1,Positif
Mon Oct 14 01:21:20 +0000 2024,benar kok kak gue gen kirim orang rumah tetap benar kak semua gantung gaji kak bahkan juta enggak bulan aku kak,1,Positif
Sun Oct 13 14:23:00 +0000 2024,pov wujud nyata gaji gen sungguh,1,Positif
Sun Oct 13 14:19:33 +0000 2024,gue ngurangin fomo bulan kalo gaji cuma juta mah habis buat butuh hari nder wkwkwkwk selamat nder lo unemployed deh punya tabung gin semangat gen,2,Positif
Sun Oct 13 13:51:52 +0000 2024,jadi gen lebih pilih ngabisin sisa gaji buat beli mau and live the moment nabung buat masa depan,2,Positif
Sun Oct 13 13:51:51 +0000 2024,jadi rahasia umum kalo bikin gen suka doom spending stres analisanya kalo gen rasa putus asa beban cicil elektronik kendara butuh primer lain biaya hidup terus naik padahal gaji enggak naik,-3,Negatif
Sun Oct 13 13:51:49 +0000 2024,tau enggak apa benar bikin gen enggak punya tabung juta gaji juta per bulan kayak kaluna bukan kopi overpriced bukan konser bulan sekali doom spending,-4,Negatif
Sun Oct 13 11:53:12 +0000 2024,bilang tapera solusi buat gen susah punya rumah banyak pihak rasa bijak malah beban kerja gaji bulan terima banyak potong malah tambah potong tapera,0,Netral
Sun Oct 13 11:30:22 +0000 2024,gaji juta mau punya mobil nekat nekat gen sekarang gapapa sih kalo tabung kali harga mobil,6,Positif
Sat Oct 12 03:25:14 +0000 2024,gen harus uang sakugaji tambah khusus beli app prem konser kopi masa iya duit habis mikir subs spotify netflixviu konser sama budgeting kopi,1,Positif
Sat Oct 12 02:14:17 +0000 2024,hiro erti meski gen punya didik amp skill oke sering mentok sama tuntut alam tinggi gaji enggak padan enggak cuma dengar siap gerak buat bawa solusi nyata respect,4,Positif
Fri Oct 11 16:23:22 +0000 2024,kalo sih kok pikir gen ekpektasi huni sesuai dapat jadi opini susah beli rumah gaji umr pengin rumah klaster dekat kantor n fasilitas umum dket kantor rumah kampung enggak mau susaahh,3,Positif
Fri Oct 11 14:30:11 +0000 2024,video dream job gen gaji tinggi enggak sesuai passion penting bahagia genz youtube,1,Positif
Fri Oct 11 13:40:03 +0000 2024,video dream job gen gaji tinggi bahagia eps youtube,0,Netral
Fri Oct 11 02:36:56 +0000 2024,gue gen lulus sastra jepang jadi telesales bank gaji jauh bawah umr mending begini nganggur barangkali hrd mau terima n gue mau gue proses n kok gue pengin bahasa jepang gue pakai biar kembang,1,Positif
Thu Oct 10 15:34:32 +0000 2024,bjirlah aku mau punya rumah sendiri beli pakai duit sendiri ekonomi resesi begini gen kayak aku tahan hidup pakai gaji sendiri cakep banget meski gaji ku digit kayak enggak bakal langsung kebel rumah kalau digit,-4,Negatif
Thu Oct 10 12:03:24 +0000 2024,bro pernah rasa kerja bagai kuda gaji enggak cair berbulanbulan wkwk kalo gaji kurang gaya hidup jangan tinggi ajar gen pak gaji kurang tuh cari kerja buka usaha bukan ngeluh biar gaji naik,-5,Negatif
Thu Oct 10 11:38:11 +0000 2024,gen ngambil job gaji bawah umr garagara susah cari kerja lebih banyak bang one ungrateful brat and you are puting the blame on the whole generation,0,Netral
Thu Oct 10 11:05:22 +0000 2024,kena deh gen padahal gen syukur gaji bawah umr asal kerja banyak,1,Positif
Thu Oct 10 10:15:17 +0000 2024,kalo gaji guru makin kecil gen gen alpha enggak mau jadi guru kan bahaya,1,Positif
Thu Oct 10 08:15:27 +0000 2024,kemarin sempat debat sama rekan kerja aneh beliau nih bilang gaji segitu enggak berapa politikus lalu bawa bawa beda generasi beda pikir anak gen pikir luas didih banget darah dengernya,0,Netral
Thu Oct 10 03:18:34 +0000 2024,aku gen kalo duit jajan lebih banyak gaji tetap kerja arti bukan salah gen nya,2,Positif
Thu Oct 10 03:13:46 +0000 2024,manja banget adek nya gen tetap ambil kerja gaji berapa asal cocok kerja nya orang tua kakak tetap kasih tambah,4,Positif
Thu Oct 10 02:59:32 +0000 2024,semua gaji layak sesuai tanggung jawab gue paham laku warga indog tuntut jabat kerja kayak malaikat rumah jabat kayak gubug,-4,Negatif
Wed Oct 09 23:55:54 +0000 2024,brengsek itumah gen anak orkay sattt gue gaji awal kerja ribu syukur banget deh gasemua gen kayak cokkk,0,Netral
Wed Oct 09 22:53:19 +0000 2024,gen suka kekang inti guys millenial kalo mau kekang jalan tugas kantor amanah baik gaji bonus sama uang lembur ajar gen baur sama kalian biar minder guys,2,Positif
Wed Oct 09 16:37:27 +0000 2024,sehatsehat gen perintah gaji,0,Netral
Wed Oct 09 16:12:12 +0000 2024,plis gen late millenials kalo masuk perintah bikin bijak gaji take home pay jabat sama umr enggak usah tunjangantunjangan sama persis benefit semua kayak karyawan biasa kasih bonus gede banget perform,-1,Negatif
Wed Oct 09 16:03:52 +0000 2024,enggak ikhlas woii gen susah buat beli tanah saking mahal cok gaji enggak berapa ayo ngamuk,3,Positif
Wed Oct 09 15:21:50 +0000 2024,perhati aku gen gen orang punya knowledge tetang wang memang rendah gaji pergi balun zus starbucks minggu gila apa jangan follow kalau wang kau better,-3,Negatif
Wed Oct 09 14:55:05 +0000 2024,halo kak akun gen kerja ku biasa kantor gaji bawah umr tabung digit kadang ada bikin duit tabung kepake aku kerja tambah buat ngisi kegabutan kalau balik kerja kak tetap smgt peluk jauh,6,Positif
Tue Oct 08 12:09:59 +0000 2024,padahal hakim cuti minta naik gaji biar enggak masuk lama kan lumayan bikin lowong kerja buat gen milenial ganti semua banyak lulus hukum mumpuni integritas,1,Positif
Tue Oct 08 10:52:52 +0000 2024,gilir resign enggak mau jadi budak jobdesknya palugada gaji umr enggak kenal jam malah katai gen pilih kerja malas enggak mau effort,0,Netral
Tue Oct 08 09:05:38 +0000 2024,nyata benar nih juta gen enggak punya tabung alias hidup gaji gaji coba deh baca alas gen sulit nabung,3,Positif
Mon Oct 07 20:13:08 +0000 2024,gen susah beli rumah gaji juta buat kost byr kuliah makan kuota biaya hidup lain kau kira cukup,-1,Negatif
Mon Oct 07 15:44:18 +0000 2024,kalau gaji guru naik kali lipat gue yakin gen gen pintarpintar mau jadi guru enggak lari luar negeri,2,Positif
Mon Oct 07 11:55:00 +0000 2024,briefing kantor hari isi apa panjang apbn apa panjang bpupki apa panjang mpr dpr apa panjang pki and turns out banyak enggak tau emosi pak bos nyeletuk dasar gen ilmu dikit minta gaji gede maaf pak,0,Netral
Mon Oct 07 10:05:59 +0000 2024,ekonomi ubah enggak curhat berapa toxic rumah tangga dulu enggak sosmed generasi gen enggak nikah generasi sandwitch gaji dikit keluar bagi berapa kepala susah nabung,-4,Negatif
Mon Oct 07 03:21:53 +0000 2024,banyak kaula muda mulai sadar harga properti biaya hidup biaya didik biaya sehat utama anakanak mahal lebih kerja gaji umr bawah tambah fakta bagi besar gen banyak,4,Positif
Mon Oct 07 01:27:42 +0000 2024,gua amat gen orang gen walaupun physically gakeliatan erti butuh rela keluar gaji bayar kost kalo bukan sandwich gen hehe,-3,Negatif
Mon Oct 07 01:14:29 +0000 2024,terus kalo umkm enggak kembang disalahin karyawan minta gaji umk gen enggak belanja umkm lah orang mau belanja umkm tunggu atas motor dimintain duit parkir,1,Positif
Sun Oct 06 23:48:46 +0000 2024,aku gen sandwich gen aku pengin meni aku timbang banyak aplg jaman sekarang gen susah sekali gaji cukup bahkan umr susah sdngkn standart pesta orang tua begini minta istimewa hidup meni,-6,Negatif
Sun Oct 06 19:15:47 +0000 2024,some corporate gen are weird tahniah gaji tinggi bila terus lupa darat tak pernah kenal nasi bujang apa macam weird,1,Positif
Sun Oct 06 15:01:49 +0000 2024,gen enggak butuh bansos gen butuh lapang kerja atur pro buruh enggak cekik potong pajak padahal gaji enggak berapa enggak tunggu tahun penuh butuh pokok papan perintah enggak bikin konflik horizontal antar warga,-3,Negatif
Sat Oct 05 14:35:00 +0000 2024,enggak kurg fleksibel apeeee bujet deh memang loker nih ngadi ngadi banget cok kadang enggak manusiawi banget dah janngan lu bawa bawa gen gen wajar kalo gue ngira enggak masuk akal job title nya job desk nya lenceng banget sangat banyak gaji under juta wkwkw,3,Positif
Sat Oct 05 14:06:07 +0000 2024,gen kerjo gaji ra sepiro self reward e ra kiro,0,Netral
Sat Oct 05 13:51:51 +0000 2024,sekarang gue mikir apa gen luar kota besar bobrok adab bicara orang lebih tua enggak punya sopan santun bicara lisan tulis shorttempered penting aksi dulu mikir duluan semua orang anggap rata gaji,-1,Negatif
Sat Oct 05 06:58:38 +0000 2024,nice try gs klub umkm gaji umr main gen and the weakest team,2,Positif
Sat Oct 05 03:10:32 +0000 2024,pusing jadi gen bagaimana cara kelola gaji biar jajan hedon tonton konser beli skinker awat klinik staycation sama teman,0,Netral
Fri Oct 04 05:04:59 +0000 2024,gaji enggak berapa mental terombang ambing kayak begini enggak usah katai gen mental kayak yupi memang lo lo enggak manusiawi play victim all the time again berak siapa nyiram siapa,-5,Negatif
Fri Oct 04 04:49:19 +0000 2024,boomer enggak tau kalo gen no longer google things search semua sosmed utama tiktok googling is no longer a verb sila cari berita kalo mau nego gaji,-4,Negatif
Fri Oct 04 03:28:42 +0000 2024,kalo gaji umur bebas puas belanja enggak doom spending kaya jadi sakit genzie harus beli rumah eh malah beli barang branded mulu ekonom genz tips hindar doom spending gen tak bangkrut,-1,Negatif
Thu Oct 03 09:40:57 +0000 2024,taekkkkk gaji pertama kasih cuma buat senang konstituen casing gen mental boomer koruptor wewenang waktu,1,Positif
Thu Oct 03 07:06:03 +0000 2024,gen nego gaji pas interview hari siap gue lowball lu mau kasih berapa memang hari buat posisi sales gue kasih juta wah enggak juta hari enggak stock sales nunpuk banget bro coin flip deh hari deal,6,Positif
Thu Oct 03 04:46:00 +0000 2024,hi kalian gen aku open loker nih as a host live streaming khusus perempuan lebih entertainment enggak jual produk gaji pokok bonus makan contact me at email hrid thank youu,5,Positif
Thu Oct 03 02:41:56 +0000 2024,jangan tunjukkin ges sender cari tau uang gen makanya gaji susah naik pajak ptongan makin mantap terus suruh belnja banyak buat mutarin ekonomi indonesia kurang lebih kayak bi sering kumandang akhir nih,-3,Negatif
Wed Oct 02 14:34:57 +0000 2024,siklus gaji gen gaji habis byr tagih skincare pakai up outfit ngopi fomo ojol,0,Netral
Wed Oct 02 07:23:48 +0000 2024,siklus gaji gen gaji habis byr tagih app premium ngopi tiket konser self reward,1,Positif
Tue Oct 01 13:38:36 +0000 2024,gen suruh mantau uang acara ratus juta padahal gaji sendiri mantau sih mama biar enggak habis buat mam sushi tuku sama tiket ngonser mulu,1,Positif
Tue Oct 01 13:32:29 +0000 2024,hargaharga makin naik gaji segitugitu buat gen adaptasi loud budgeting alias terangterangan tolak aja nongkrong libur hemat keluar,4,Positif
Tue Oct 01 09:35:17 +0000 2024,guru lebih besar gaji nya ketimbang anggota tidur gedung mana lupa,1,Positif
Mon Sep 30 04:14:57 +0000 2024,isi divisi gue gen usaha nih makin enggak jelas gaji umr jakarta doang kerja shift hari kerja makan enggak larang hp dikumpulin lama kerja gaboleh obrol canda disiplin gaboleh isi tumblr kantor hasil apa banyak mau lari,-1,Negatif
Sun Sep 29 15:56:58 +0000 2024,loker sekarang kayak anjing bgst gaji enggak berapa kerja enggak habis fikri seeeetttaaaaann bukan masalah gen lemah bahlul memang sistem konoha kayak tahi,-7,Negatif
Sun Sep 29 14:56:03 +0000 2024,dar opini alam gen kalo kerja inti tuh tiap bulan gaji kalo mindset gue mah kerja media ajar ngasah skill ningkatin jam terbang sekaligus banyak alam amp relasi masalah gaji bonus,0,Netral
Sun Sep 29 14:30:27 +0000 2024,tren gen banyak pilih resign kerja mulai gaji hingga budaya toxic,0,Netral
Sun Sep 29 09:13:51 +0000 2024,ngadepin gen bukan pak memang enggak mau ribet bikin ribet salah sendiri ngeribetin orang padahal jelas regulasi makan tuh gaji buta,-7,Negatif
Sun Sep 29 07:33:14 +0000 2024,nobodies mostly muda memang cmtu gen orang pnggil tengok jela nak iv kerja cam xde adab nnak demand lebih gaji orang an elok je start gaji sikit matang tetap hidup waima tuka kerja sok sama relationship mostly tua dah banyak exp n matang,2,Positif
Sun Sep 29 05:59:27 +0000 2024,usaha jenis pt gaji karyawan bawah umr tahan ijazah,1,Positif
Sat Sep 28 16:03:34 +0000 2024,gen lemah kata mah gaji enggak berapa tanggung jawab enggak kira kira tuntut sempurna eh kalau salah dikit tegur asa tau nih seluruh dunia kalau enggak kuat resign kali lama memang kocak,-10,Negatif
Sat Sep 28 16:03:24 +0000 2024,budak gen macam nih lah perangai sikit ii cerai sikit ii cerai macam lah budak kat office i kena marah sikit nak henti lelaki kalau gaji rendah bini macam nih lah hidup kau kali ubah kau cerai nasib talak bukan dekat perempuan kalau kali ramai duda,-12,Negatif
Sat Sep 28 13:27:05 +0000 2024,yantie gara gen millenial nyuruh gen kerja syarat max tahun alam asih gaji bawah juta,0,Netral
Sat Sep 28 06:48:51 +0000 2024,watch dewa will get their karma for their fan mocking slankers for complaining about ticket prices sekarang sasar gen ngeluh soal gaji twitter gue lihat beberapa sambat mikir dulu,-2,Negatif
Sat Sep 28 06:19:33 +0000 2024,gaji gen habis buat langgan premium gofood sama shopping online,4,Positif
Fri Sep 27 22:52:15 +0000 2024,sekarang tuh memang apa susah mau kerja buka usaha takut dagang enggak habis mau jadi kerja kantor kualifikasi enggak ngotak terus gaji kecil banget mau jadi asn enggak semua orang tes bikin malas kasihan gen orang tua kena dampak next kena dampak,-7,Negatif
Fri Sep 27 07:47:32 +0000 2024,iya memang scbd mahal bukan arti gue normalisasi gaji juta makan hari terus lu harap gen beli rumah nabung ditengahtengah maklum terus sih kapan kayak kalau,1,Positif
Fri Sep 27 07:08:46 +0000 2024,gue tingga luar jawa gaji segitu lihat jajan ytta akak lihat twt tya dasar gen,1,Positif
Thu Sep 26 11:10:39 +0000 2024,gen enggak nya apa gaji habis buat cicil sama beli es krim,2,Positif
Thu Sep 26 06:54:47 +0000 2024,wkkw gen an nih benar benar nitip nitip lamar kerja gilir panggil interview alesan enggak datengnya kerja baru hari keluar gaji enggak sesuai kerja berat kan jadi enggak enak hrd nya lo,2,Positif
Wed Sep 25 15:53:01 +0000 2024,ngedobelin gaji lewat sertifikasi enggak cuma wajib penuh murah proses kalo mau gapoknya bukan sertifikasi,-2,Negatif
Wed Sep 25 12:33:17 +0000 2024,gen gaji ku habis buatbayar netflix spotify premium icloud sama isi kuota telkom nauzubilah,1,Positif
Wed Sep 25 09:42:56 +0000 2024,studi hp kerja indonesia guna ai hingga gen rela potong gaji kerja idam,3,Positif
Tue Sep 24 12:41:46 +0000 2024,citacita gen worklife balance atas enggak rese support system teman keluarga gaji bulan cukup bulan depan aji tiap hari sport sama romance imbang doang kan gaisss,-2,Negatif
Tue Sep 24 08:45:00 +0000 2024,gen dichina tinggal merek fesyen louis vuitton chanel prada kini lebih gandrung produk replika alias tiru fenomena imbas lambat ekonomi landa chinaimbas lambat gen china alami potong gaji smartnews,2,Positif
Tue Sep 24 07:30:31 +0000 2024,mana segala katai gen enggak punya tabung bagaimana mau nabung gaji sama biaya hidup jomplang,3,Positif
Mon Sep 23 22:20:58 +0000 2024,saat bi oprec gen millennial sabodo teuing lembur kaku asal gaji uang lembur tunjang oke mah gen mah lah taro kolam startup butuh tembok motivasi beanbag warna nyolok mata,-2,Negatif
Mon Sep 23 21:09:12 +0000 2024,jadi gen kece brow citacita tinggi kapai puas gaji umr lu bakal kerja umur hidup gaji jtbulan buat apa buat gaya hidup enggak cukup,2,Positif
Mon Sep 23 20:25:41 +0000 2024,aku gen kalo lihat gaji fasilitas mantap mah gas pernah tuh rasai kerja lingkung kaku underpaid prinsip sama kerja cari duit penting regulasi usaha pastibagus sih lingkung enak tuh cuma bonus,3,Positif
Mon Sep 23 13:47:18 +0000 2024,curhatan millenial saling jodohin buat jdiin slingkuh saling jilat jilat naik jabat naik ranjang dinding wc saksi kluh kesah gen engah sih tutup mata penting dpet gaji sesuai,1,Positif
Mon Sep 23 12:52:56 +0000 2024,enggak semua gen bgstt uang gaji gua habis buat biaya sekolah adek gua,-1,Negatif
Mon Sep 23 12:28:57 +0000 2024,gen duit nya mulu padahal gaji cuma umr kayak mulu buat jajan kesana kesini,-1,Negatif
Mon Sep 23 08:56:24 +0000 2024,gaji gen kpopers tuh lari wb,-1,Negatif
Mon Sep 23 05:40:35 +0000 2024,mungkin generasi kali baby boomer mana seringkali dedikasi diri satu company gen cenderung suka ganti tempat kerja opini naikin value ilmu gaji,-2,Negatif
Mon Sep 23 04:05:58 +0000 2024,gen malesan susah atur gaji bawah standar lembur enggak bayar wajib punya kendara sendiri banyak tomboke suruh admin rangkap programer teknisi,-4,Negatif
Mon Sep 23 03:17:32 +0000 2024,aku gen aku enggak suka kopi bahkan jarang banget beli kopi aku jarang buangetttt beli app premium gaji ku habis enggak tau mana anjir asa beli misal sabun shampoo kayak gue jajan paling tahu bulat rebu duit habis kocak,-2,Negatif
Sun Sep 22 15:16:13 +0000 2024,considering buat subs dm hiks lucu gaji ku habis buat bayar aplikasi doang gen moment,1,Positif
Sun Sep 22 15:05:17 +0000 2024,work cewek gaji mohon bantu gen seperti mulai tampar quarter life crisis kakak kakak,-1,Negatif
Sun Sep 22 11:48:27 +0000 2024,makin kesini konon daya beli dasar gaji makin turun boomer beli rumah gen kali beli tanah milenial beli apartemen gen sewa koskosan gen alpha baru skibidi rizz fanum tax,3,Positif
Sun Sep 22 07:48:06 +0000 2024,tweet bilang kalo gaji gen habis buat bayar app premium benar ada gusy,2,Positif
Sun Sep 22 07:48:01 +0000 2024,iya bang gue miskin gaji indonesia kagak beli rumah gen gen homeless,-1,Negatif
Sat Sep 21 15:34:04 +0000 2024,yt prem habis mau beli loklok prem buat tonton tv besok literally gen satu gaji habis langgan prem,1,Positif
Sat Sep 21 15:06:02 +0000 2024,survey generasi gen lu kerja juta bulan rumah tangga ambil lu ngirit banget sisa juta butuh berapa tahun uang kumpul buat buah rumah cicil motor hiling tanya nya bisa konsisten simpan uang juta gaji juta,3,Positif
Sat Sep 21 13:28:35 +0000 2024,gapapa deh biar nikmat gaji nya benar benar gen self reward,1,Positif
Sat Sep 21 10:25:01 +0000 2024,tanya tarik serta diskusi kerja gen peduli politik pengaruh hidup bagaimana cara salur resah kerja gaji ada syukur apa wadah tampung keresahaan,2,Positif
Sat Sep 21 01:03:15 +0000 2024,habis pulang jaga jam minggu shift jadi jam pulang pulang lihat rekening gaji bulan bayar cuma menang plis gen alpha jangan jadi dokter indonesia,-2,Negatif
Fri Sep 20 14:04:50 +0000 2024,me when pengin ngantor beberapa teman orang sodara kuta jawab kamu mau mulai kol mau gaji umr saing sama gen situ sedih padahal pengin gaji digit,1,Positif
Thu Sep 19 01:41:33 +0000 2024,pikir memang benar kalau rata gaji gen angka juta bulan pajak makin kesini makin kesana gws indonesia emas,1,Positif
Thu Sep 19 01:31:11 +0000 2024,gaji pertama jangan langsung habis begini trik jitu atur uang buat gen,0,Netral
Mon Sep 16 18:15:20 +0000 2024,macam kedai punya bapak kau enak nye renti langsung minta gaji memang sial gen sekarang nih pengin ku pijak batang leher nye,-1,Negatif
Mon Sep 16 14:30:15 +0000 2024,gua cuman mau asih dapat lu gen nganggur lu semua malas sekarang fakta lu kerja semua paling cari gaji gede padahal skil lu semua enggak bagaimana usaha mau nggaji lu gede kalau lu semua enggak,-9,Negatif
Mon Sep 16 04:52:28 +0000 2024,mama kamu besok kalo punya kerja beli rumah me amin gen kok suruh beli rumah tt gaji susah naik,3,Positif
Sun Sep 15 17:35:02 +0000 2024,is not about solidarity jir kapai teman sama orang kantor teman banget kalo bilang solidaritas mah gaji solid begini nih enggak suka gue sama kaum generasi suka kotakin gen crab mentality lu mau setin sama dahulu lu terus kalo vokal,1,Positif
Sun Sep 15 15:29:08 +0000 2024,mofomk gaji guru indonesia outputnya gen alpha bahkan enggak beda pisah sama sambung,-1,Negatif
Sun Sep 15 04:45:32 +0000 2024,gen memang suka mainmain malah gaji ikut mainmain,-1,Negatif
Sat Sep 14 08:09:39 +0000 2024,kalo up semua grup enggak enak kali standar kenyam kayak apa mana kerja enggak standard nyaman cil nj awal difasilitasigaji baru kayak begini speak up nyaman ini that why gen cap lembek lo,-4,Negatif
Sat Sep 14 04:57:03 +0000 2024,aku ikut bekal jadi enum suatu survei bjirrttt honor enggak sesuai sama beban kerja langsung keluh ibundaa surprisingly ibu malah dukung mundur capek gaji enggak sesuai huwaaaa terima kasih ibu dukung anak bontot gen enih,6,Positif
Fri Sep 13 17:06:41 +0000 2024,gen gen mulu anying kantor gue dulu pernah lamar model begini wa cuma p mau lamar gaji berapa milenial sdm rendah enggak mandang generasi,-3,Negatif
Fri Sep 13 07:27:12 +0000 2024,gen kasih jobdesc kayak begini langsung minta gaji gede wkwkwk,0,Netral
Fri Sep 13 03:50:46 +0000 2024,gaji gen habis buat beli aplikasi premium benar ada aplikasi produktif semua jadi enggak papa lah,0,Netral
Thu Sep 12 21:03:10 +0000 2024,duh anjing bagaimana sih ngatasin keluar enggak juta perweek ksl banget jadi gen nih trnyta high maintananceny enggak nanggung ksl banget buka keran sesal pengin umur tahun biar kerja trnyta gaji umr enggak apa syukur kok cpek dikit,-1,Negatif
Thu Sep 12 17:07:39 +0000 2024,coba lu kasih gue tanya interview okeng apa kontribusi ygg kamu ikan terima usaha enggak enggak mau kontribusi apa cuma mau gaji kalo gue jadi hrd nya sih gue tampol anjrit gen interview kerja musingin hari,-1,Negatif
Thu Sep 12 14:40:30 +0000 2024,laki gue suruh update cara digital marketing sama bos jawab tenang pak istri gen erti untung bos nya baik kan kerja lu suruh erti malah guweehh meski gaji nya buat gue,2,Positif
Thu Sep 12 12:28:14 +0000 2024,nemu video tiktok judul pov gen jadi sipir captionnya marah marahin napi bersih mancing ikan bawa pelihara biawak kantor enggak pakai baju dinas waktu apel ngerokok pas kerja alumni poltkp pajak buat gaji bocah baru gede arogan,3,Positif
Thu Sep 12 08:02:35 +0000 2024,pov gen jadi manager staff mau resign cuti dukung sekian terima gaji,2,Positif
Thu Sep 12 03:06:40 +0000 2024,gen jerit gaji bawah umr nya,-1,Negatif
Wed Sep 11 03:50:46 +0000 2024,gaji pns lulus sama wajib gen tahu,1,Positif
Tue Sep 10 09:04:01 +0000 2024,gen gaji umr under umr suruh lawan harga tiket konser harga md harga album harga pc ditrobos makan garem belakang,3,Positif
Mon Sep 09 15:15:17 +0000 2024,buka loker sek tekon cah cah gen ra permisi ra jelaske awak e iki sopo teko langsung tekon sistem gaji sono mess sono uang makan opo sono opolah jangan tobat,-2,Negatif
Mon Sep 09 14:00:49 +0000 2024,film relate banget gen maupun millennials pasti relatable kerja gaji numpang lewat kayak kitakita wajib tonton sih kata aku utama sedang juang beli rumah siapin tisu banyakbanyak deh,0,Netral
Mon Sep 09 12:13:51 +0000 2024,gen gaji digit kok,0,Netral
Mon Sep 09 11:21:14 +0000 2024,kok lihat postingan orangorang gen kerja relate banget sama aku deh wkwk kalo telat datang kerja langsung mikir apa mau sapa sapa deh enggak takut aku apa potong gaji potong deh gaji bulan ku yaallah tiap aku telat pikir selalu enggak takut wkwkw,-2,Negatif
Mon Sep 09 07:58:56 +0000 2024,suara cundang kurang kerja enggak tau kalau gen omzet banyak tembus puluh milyar gaji ratus juta kalau tolol malas siapa mau pakai,-3,Negatif
Mon Sep 09 03:39:00 +0000 2024,baru gaji freshgrad ngegaji kecil tunjang entar dulu malah biasa kalo anak gen beres masa probation undur diri,-2,Negatif
Mon Sep 09 00:43:19 +0000 2024,miliar dream job ala gen sekarang guru deserve those gaji bahkan tiga digit memang didik baik salah satu berantas miskin,-1,Negatif
Sun Sep 08 16:45:48 +0000 2024,gen gen begini gaji umr bisa punya rumah enggak mau ngutanggg,1,Positif
Sun Sep 08 12:35:06 +0000 2024,gen banyak banget suka ngeluh jobdesk nya banyak banget gaji nya kecil kerja enggak benar banyak ngeluh susah atur,-1,Negatif
Sun Sep 08 01:32:56 +0000 2024,kalau realistic bukan nya punya gaji segitu enggak sih jelas dong nyokap dulu minta bokap gua buar gaji memang gaji bokap gua besar range juta nyokap bahkan lebih besar jadi wahai gen gen ajg yamg bilang realistic,-2,Negatif
Sat Sep 07 15:49:23 +0000 2024,kerja lembur bagai kuda jam sgini baru rumah kerja jam gaji dibwah umr mau bilang gen lemah bukan enggak syukur kerja iya paham banget cari kerja sekarang susah kenpa sih orang enak karyawn fampb begini semua enggak sih,2,Positif
Sat Sep 07 07:12:31 +0000 2024,gen baru kerja hari pikir habis terima gaji pertama mau resign wkwkwkwkkwkwkwkwkwkkk,2,Positif
Fri Sep 06 15:17:05 +0000 2024,gue bukan gen paling lama memang kerja cuma tahun bikin betah karyawannya dikit kali jadi kayak keluarga suka gathering makan fancy sbelumnya kerja pas gue kerja bentar cuma lihat orang kok mkan mahal se kantor gaji lumyan meski tetap capek,0,Netral
Fri Sep 06 14:45:59 +0000 2024,enggak mikir makanya wkwk boro gue mau naik gaji cari experienced kayak sayangg banget keluar duit ujung hire gen akwwokwow,-3,Negatif
Fri Sep 06 14:19:35 +0000 2024,suka wakil ask pask jutabulan gaji jangan nov gaji gaji kali gaji kali juta milyartahun bukan cara itungnya,-1,Negatif
Fri Sep 06 12:14:22 +0000 2024,gas negara stop asih gaji gede dpr stafsus orang perintah biasa kayak gaji rakyat susah umum gaji brutal pajak magabut korup kemarin rame gen bulan nganggur doi syok gapercaya kalo terima kerja,-6,Negatif
Fri Sep 06 10:12:58 +0000 2024,normalize gaji umr enggak cukup buat gen hidup sendiri,-1,Negatif
Fri Sep 06 05:45:09 +0000 2024,gen cari kerja enggak mau ah tulis nya kerja bawah tekan kalo kontrak gue enggak mau gapapa gaji kecil penting enggak gabut cari kerja pokok kerja senin jumat sabtu enggak mau kerja,2,Positif
Thu Sep 05 13:39:19 +0000 2024,mau gen mau gen alpa mau milenial semua sama mal kalau lingkung toxic kerja enak sesuai job desk balik kalau lingkung toxic kerja banyak semua suruh kerjain enggak apa asal gaji gede gaji kecil lingkung toxic kerja abrek,-5,Negatif
Thu Aug 29 14:21:57 +0000 2024,killer memang pernah tanya sama staff gen mending mana jadi tukang bakso hasil juta sama pegawai gaji juta semua pilih jadi pegawai gaji juta tampil punya tempat kerja mentereng,6,Positif
Wed Aug 28 14:04:21 +0000 2024,biasa gen enggak syukur ken kerja santai gaji gede woi kerja capek cok kalo kerja enggak capek noh jadi kang parkir sana naik haji kali,7,Positif
Wed Aug 28 08:45:29 +0000 2024,gen demand gaji tinggi kerja acuh tak acuh apa patut majikan nih buat buat luah klik link kat bawah gtgt,1,Positif
Wed Aug 28 04:13:30 +0000 2024,branding sih usaha gen enggak mampu bayar gaji,0,Netral
Wed Aug 28 01:16:15 +0000 2024,gen pernah enggak rasai gaji rapel bulan wkwkwk,1,Positif
Tue Aug 27 16:14:18 +0000 2024,gen gaji langsung pengin cuti libur,2,Positif
Tue Aug 27 12:39:30 +0000 2024,bukan obsesi cuma usia sekarang mulai realistis amp turun rasa idealis benar kata kakek buyut jaman dulu kalo nyuruh pns why turut gen susah punya rumah kalo enggak kpr hasil stabil pns enggak bakal kena lay off enggak masa kontrak meski gaji kecil,-6,Negatif
Mon Aug 26 22:38:51 +0000 2024,gen mungkin jadi pns gaji kecil,-2,Negatif
Mon Aug 26 07:12:39 +0000 2024,gen ratarata pengin gaji gede alam enggak awikwok memang,0,Netral
Mon Aug 26 02:18:18 +0000 2024,untung bukan gen memang enggak pernah dibeliin luar mampu gaji,-2,Negatif
Sun Aug 25 08:17:55 +0000 2024,kocak banget benar agency sendiri dong bangga enggak enggak terima gen pedenya lebih kayak gunwookq canda lu langsung gue terima gaji atas umr,1,Positif
Sun Aug 25 06:34:24 +0000 2024,gen krja konsultan ajg ajg lu lihat gaji bos beberapa kali gaji gue teman gue kwkakaka,2,Positif
Sun Aug 25 05:24:47 +0000 2024,nih salah satu alas gen banyak enggak mau jadi guru remeh guru lalu proceed pakai fool of themselves enggak mau ajar perintah enggak kasih gaji padan buat guru didik kawalputusanmk tolakpolitikdinasti tolakpilkadaakalan,4,Positif
Sat Aug 24 11:31:02 +0000 2024,enggak dipungkiri salah satu daya tarik besar pns stabilitas gaji tetap tunjang jamin pensiun bikin banyak orang tua dulu saran jalur buat milenial gen stabilitas enggak selalu jadi nomor satu banyak,1,Positif
Sat Aug 24 08:32:40 +0000 2024,iya banget gen lemah sih tuh hari sabtu disamperin finance pusat ngerjain lapkeu payroll gaji bangkeee,1,Positif
Fri Aug 23 14:26:50 +0000 2024,berapa gaji gen core,0,Netral
Fri Aug 23 11:35:11 +0000 2024,benar gen memang kadang nuntutnya banyak kan siapa tau suruh goreng ayam cochin sekali sembelih ayam jadi worth enggak sih gaji digit ayam words siap kejar dulu kalo pakai duit ku kapankapan tunggu aku kayak dulu,-3,Negatif
Fri Aug 23 10:50:30 +0000 2024,once upon time obrol sama gen umur tahu kerja pabrik kok pilih kerja pabrik enggak pilih kerja kayak tementemen jadi kuli bangun jawab kerja pabrik enak mas gaji cukup hari kerja sama kayak pns weekend libur kok gen,3,Positif
Fri Aug 23 09:59:15 +0000 2024,ketemu orang banyak banyak kasus seru jadi kerja enggak bosan makan gaji lumayan lingkung reng gen sendiri lonely kalo jaga jam kerja enggak prediksi cuti min kerja tahun baru cuti cuma hari,2,Positif
Fri Aug 23 09:03:31 +0000 2024,gen baru freshgraduate punya gaji pertama jangan lupa disisihin entah buat investasi buat nabunggg nih cara mengelolanyaaa gaji gajipertama genz kerja fyp fypviral xyzbca viral explore,2,Positif
Fri Aug 23 08:36:04 +0000 2024,memang gaji benefit suatu usaha atas salah kata atas benar bukan jilat bukan omong usaha,-8,Negatif
Fri Aug 23 08:01:55 +0000 2024,suka teman kantor gen semua asik semua managernya enak ownernya enak enggak ribet walaupun gaji bawah umr lembur suka bayar lebih cemilan pantry selalu restock bos lama tahun kerja alhamdulillah enggak tau duka apa,-1,Negatif
Fri Aug 23 05:02:29 +0000 2024,sedikit aku sesal lanjut si lulus kerja indonesia status didik sangat pengaruh gaji,1,Positif
Fri Aug 23 01:48:53 +0000 2024,pagi gais semangat kerja keras gaji tak batas zonauang zonajajan genzfinance indonesia,0,Netral
Thu Aug 22 20:11:46 +0000 2024,sekarang erti kan bagaimana negara jalan sejak reformasi sumber masalah negara bukan banyak rakyat miskin bukan anak putus sekolah bukan anak muda gaji umr gen masalah negeri partai politik,-9,Negatif
Thu Aug 22 13:48:24 +0000 2024,naik gaji whoever gen intern produce artikel,0,Netral
Thu Aug 22 11:50:41 +0000 2024,polisi gen borronya minta ampun gaji lu uang rakyat polri,0,Netral
Thu Aug 22 11:06:30 +0000 2024,polisi gen jadi polisi tuh gegayaan doang apa bagaimana enggak ingat semboyan polisi apa kalian tuh bayar sama rakyat buat lindung rakyat enggak usah sok iyeh ingat gaji gede siapa duit pajak rakyat enak jidat doxxing orang ngancem mukulin kata keren kali,-2,Negatif
Thu Aug 22 05:58:31 +0000 2024,negara mau hancur begini gaji malah potong ribu wkwkwkwk,-2,Negatif
Wed Aug 21 10:28:46 +0000 2024,negara rebah gaji kalo presiden nya gen jadi lebih sehat sama rakyat,3,Positif
Wed Aug 21 08:13:26 +0000 2024,soal milenial gen memang orang mager kecut kayak sekarang paham bikin miskin biar sandera enggak sempat pikir demo tahan hidup gaji pas syukur,-4,Negatif
Wed Aug 21 07:34:02 +0000 2024,minfi tanya gaji juta benar enggak cukup satu bulan genz genzfi zonauang,-1,Negatif
Wed Aug 21 06:29:55 +0000 2024,update gaji jamin nyaman sering ketemu gen meski aku gen songong abizzzzzzzzz asa punya kantor anjink meski kudu resign aku tenang,1,Positif
Wed Aug 21 06:29:24 +0000 2024,standard happiness gen kali mau waris millenial n gen padahal deh banyak alami gagal sandra dewi kurang apa materi gaji bulan lebih digit tabung jgnkan bulan event tahun meni sama orang kayak krg apa coba sadar standardnya,-6,Negatif
Wed Aug 21 03:58:32 +0000 2024,longo mil saint etienne temu sepakat transfer ballotoure toure gaji tawar etienne jauh harap sih main toure gaji juta mil,0,Netral
Wed Aug 21 00:45:10 +0000 2024,memang aneh banget gen suara banyak milu kali inj kalau enggak omong gaji selangkang,-1,Negatif
Tue Aug 20 13:58:57 +0000 2024,daerah umr syukur gaji berat kalo daerah umr cuman sekarang era nya bonus demografi lapang supply banyak demand nya kurang makin susah nasib gen,1,Positif
Tue Aug 20 12:25:45 +0000 2024,gua bodo gen bilang kerja mandang gaji soal gua kerja cari duit bukan cari pahala doang bodo orang mau bilang apa jelas gua enggak mau kerja kalo bayar nya enggak sesuai sama tenaga gua keluar,-6,Negatif
Tue Aug 20 10:13:43 +0000 2024,luar sana banyak bu loh padahal kasih gaji segitu syukur bisa enggak mau cari opportunity saat ekonomi begini memang gen banyak idealis gua lihat lihat,-1,Negatif
Tue Aug 20 09:49:56 +0000 2024,mau enggak mau sih nder mau pensiun gaji terlalu monoton aku anak suka selalu gebrak tiap hari suka tantang kerja day day kalau lihat dua ortuku betul pns asli boring banget typical gen,-1,Negatif
Mon Aug 19 15:02:48 +0000 2024,kerja gaji digit waris banyak,1,Positif
Mon Aug 19 14:05:42 +0000 2024,banyak orang salah gen kata generasi stroberi enggak mau susah coba itung gaji umr kelah harga kpr rumah subsidi berapa,-2,Negatif
Mon Aug 19 09:50:28 +0000 2024,terus gen baru lulus mimpi kerja sana ane kasih saran mending cari kerja daerah ruko dulu bray terus paling enak mah usaha deh punya gedung sendiri makan kantin jajan nya jangkau gaji enggak berapa,2,Positif
Mon Aug 19 09:03:24 +0000 2024,jangan dikitdikit self reward kaliiik p mending kelola uang utama gen baru punya gaji pertama nih gaji gajipertama selfreward kelolauangcerdas arsjadrasjid kadinindonesia,0,Netral
Mon Aug 19 06:54:56 +0000 2024,masalah gaji masalah kompleks standar masing tiap manusia sering bicara soal gaji teman eropa puas comme ci comme a sabodo penting gue kerja nikmat hidup pas libur gue suka lihat video ikut gaji pandang gen,4,Positif
Mon Aug 19 04:08:45 +0000 2024,gilir data generasi millenial gen susah beli rumah malah salah generasi gaji umr nabung ala tagih tapera rumah baru kebel tahun lebih lo pikir memang penyu,-3,Negatif
Sun Aug 18 16:39:50 +0000 2024,bukan gen kerja mandang gaji punya value ikan usaha jadi usaha ikan upah sesuai value ikan kerja kalo enggak mandang gaji nama volunteer,3,Positif
Sun Aug 18 04:44:08 +0000 2024,gen gen lu kata gue milenial mana mau kerja cuma peras tenaga n pikir gaji eweuhan mending gue keluar kira budak jajah compeni apa,-2,Negatif
Sat Aug 17 05:11:01 +0000 2024,gaji enggak nyentuh umr kerja se abrek tetap disalahin gen,1,Positif
Fri Aug 16 23:04:49 +0000 2024,gen gen lu kerja bulan pagi pulang jam cuman gaji juta bukan jakarta,0,Netral
Fri Aug 16 16:14:57 +0000 2024,akhh banyak mau nih boomer harga dong ideide gen cari ide tuh susah tau gaji enggak berapa kerja enggak ngotak mikir,-1,Negatif
Tue Aug 06 13:47:34 +0000 2024,gaji ump bpjs sehat bpjs tak bukan benefit komponen dasar sedia usaha buat karyawannya sayang tri lebih sibuk bikin konten gen musti bagaimana ketimbang pasti terap lapang jalan,4,Positif
Tue Aug 06 04:13:46 +0000 2024,ngapa deh gua kerja ketemu gen an kayak anjing sih tahi gaji pengin gede kerja kontoll,-1,Negatif
Tue Aug 06 02:19:54 +0000 2024,posisi gen dunia kerja gadogado sayur enggak fresh gaji paspasan masa depan enggak selalu waswas kena phk bagaimana enggak bikin depresi,-3,Negatif
Mon Aug 05 23:57:01 +0000 2024,maaf kurang realistis lingkung kerja bayar kamu juta per bulan toxic kata gen super kompetitif kata gen kali boomer kalau deh gaji segitu enggak baik antar personil keras terang sikut nya walaupun tetap profesional,-2,Negatif
Mon Aug 05 09:13:53 +0000 2024,we are a branch office of an international company cari karyawan murah indonesia milik inisiatif atas enggak kerja enggak tahu mau kasih kerja apa gaji tampil underpaid loyal usaha overwork,1,Positif
Mon Aug 05 09:13:52 +0000 2024,usia bawah tahun cari anak polos tahu hak ketenagakerjaan gaji negotiable pas offer ditawarin underpaid urgently required karyawan lama resign disiapin ganti enggak handover full stack developer programmer ngerjain semua,-4,Negatif
Mon Aug 05 09:13:51 +0000 2024,gaji kompetitif kompetisi sama umr sedia tempat seluruh indonesia pelosok ujung dunia able work dynamic team environments anggota tim ganti terus gelut able work tight deadline kantor enggak manage waktu,-2,Negatif
Mon Aug 05 09:01:04 +0000 2024,kerja indon mesti segala gaji underpaid entar kalo ngeluh bilang nya gen banyak tuntut lemah mental lah lo lo milik usaha kagak ngotak kalo cari karyawan,-2,Negatif
Mon Aug 05 07:00:12 +0000 2024,jadi dejavuu suatu seminar nyuruh guru buat enggak usah pikir gaji penting abdi akhirat meanwhile buat sekolah pakai duit ukt makin mahal buat gen please jangan dengar ceramah boomermilenial model begini,4,Positif
Sun Aug 04 12:09:12 +0000 2024,wahwahwahkok berani nyenggol gen gen generasi pintar bukan sensitif lebih suara isi hati gen enggak pilih kerja kalo gaji enggak dobel digit n suruh lembur mana work life balance gen jayajayajaya,-3,Negatif
Sat Aug 03 15:18:04 +0000 2024,netijen twitter kalo gen memang enggak ajak kerja ribet enggak mau cari peluang mau kerja santai gaji gedhe du gaji per pasien benar,2,Positif
Sat Aug 03 12:23:08 +0000 2024,gen nih paling kagak coba tahun dulu cok kalau usaha kembang lu jadi senior auto gaji naik benefit bps lu bikin sendiri,-2,Negatif
Sat Aug 03 05:01:56 +0000 2024,iki iya makin cemas gen alfa nih kasih tugas sekolah banyak bilang stres bla bla entar masuk kuliah dunia kerja beda topik sekarang cita cita kayak kerja ln deh aus misal kayak sih bima tiktok lah biar sesuai gaji,-3,Negatif
Fri Aug 02 18:19:30 +0000 2024,salah mau terima pegawai gen mau duduk enak kerja santai gaji minta langit,3,Positif
Fri Aug 02 14:32:44 +0000 2024,asn karir keren dampak besar jadi asn bukan cuma soal gaji soal kontribusi nyata buat masyarakat mampu semangat gen bikin ubah besar karirbermakna jadiasn,-4,Negatif
Fri Aug 02 07:38:10 +0000 2024,niinnnss hah serius orang kasih surat alam kerja palsu jadi ingat kirim cv tempat ku kerja pernah kerja pt ngechat nomor wa cp tanya gaji per bulan padahal intrvw enggak pas interview tanya gaji bilang lupa,2,Positif
Thu Aug 01 13:05:56 +0000 2024,awal gue bilang kedai gue buka lu gue gaji juta nah gue tau nih isu gen amp alpha ogah lembur gue tau alas enggak mau lembur kadang enggak kasih duit staff gue mau gue lemburin upah jam sangat murah khr,-2,Negatif
Thu Aug 01 09:12:48 +0000 2024,saying gen pales banyak nganggur banyak mau gaji nawar enggak punya alam meanwhile beberapa anak payroll gue gen bjir banget lu,-1,Negatif
Thu Aug 01 08:28:09 +0000 2024,tahan gaji mulai telat memang ajg nih gen enggak gera lo tanem ganja njing anteng,1,Positif
Thu Aug 01 03:42:31 +0000 2024,gue rasa lama enggak mau jadi guru kalo gaji enggak jelas begini kena anak gen sangat wajar bakal enggak mau,-4,Negatif
Sun Jul 28 05:18:16 +0000 2024,iya masalah tuh jadi bitter gtuloh kalo orang minta gaji sekian mahal sama junior gue begini nama rejeki orang mbak kalo rejeki mah gaji pengin terima kasih adik gen ku,2,Positif
Sun Jul 28 02:11:01 +0000 2024,peel gen butuh gaji gede utama worklife balance while generasi belum baby boomers lebih butuh kerja settle pns even gaji dikit jadi karakter tiap gen baby booms cenderung cari aman while gen tantang,-3,Negatif
Sun Jul 28 00:33:28 +0000 2024,peel gen terlalu berekspektasi gaji tinggi pakbu kerja gaji umr senang jangan ambil sampel luar sana pengin gaji digit padahal freshgrad enggak punya alam terus digeneralisir,-1,Negatif
Sat Jul 27 15:32:17 +0000 2024,case gue handle gen freshgrad doi curhat soal gaji ndilalah compare gue lu kerja dulu tahun baru omong gue,-2,Negatif
Sat Jul 27 14:24:38 +0000 2024,dosen maaf lihat capek hiruk pikuk kuliah gen enggak mau pensiun asa gaji dosen enggak gede gede,0,Netral
Sat Jul 27 11:43:57 +0000 2024,balik on time n wont work on weekend cos i tak buat kerja amal oso idc about ot tak kejar sale company dsnt rlly hv kpi cos idc about the duti tepi n now they hate me n want pull out the gen card hello aku tak buat semua kacau gaji korang,0,Netral
Sat Jul 27 09:10:27 +0000 2024,baru rabu lalu cerita sama adek adek gemas gen mentee ku soal dulu gaji gue awal awal barely mio diitung uang makan per days kasi cash masa tahun kemudian naik cuma juta sih this economy gila banget sih,3,Positif
Sat Jul 27 06:09:42 +0000 2024,smlm aku tertgok video makcik tua kata nk buli budak gen fresh grad masuk kerja siap kata baya anak buah lah apa hei makcik hengko kejap pencen nk mampos entah gaji makcik takat budak fresh grad deh lol deh tua bodoh,-7,Negatif
Fri Jul 26 10:23:09 +0000 2024,woi kimbek gen susah punya rumah generasi lu enggak sesuain harga semua naik gaji kagak naik goblok,0,Netral
Fri Jul 26 08:11:27 +0000 2024,kasihan gen enggak punya rumah duit pas pas suruh lembur enggak gaji lembur jelek,2,Positif
Fri Jul 26 05:38:51 +0000 2024,dear fresh grad gen kalau korang apply kerja kat small company jangan expect gaji tinggi sangat if nak starting gaji tinggi go aim for big companies public listed company bayar mahal,0,Netral
Fri Jul 26 01:51:50 +0000 2024,gen lemah lemah pernah enggak jalan dera air mata gara gara mau bayar ukt enggak ngotak biaya padahal gaji ayah pas pas tetap bawa motor ada lancar jaya aman sentosa,1,Positif
Thu Jul 25 23:53:00 +0000 2024,setujuu lihat milenial pertengahanakhir gen awal kena getah mas pokok lulus kuliah sama sama medio sekarang hectic soal kerja rerata cuma kontrak n then gampang pindah kompensasi gaji enggak berapa,2,Positif
Thu Jul 25 11:43:25 +0000 2024,gua gen mau lembur mau enggak gas keuun penting gaji sesuai amp gua kerja usaha,-1,Negatif
Thu Jul 25 11:10:37 +0000 2024,ah banyak anak muda baru gabung ktr gue cengeng mau nya kerja enak gaji tinggi kerja banyak dikit ngeluh ngancem resign fakta anak gen zaman now,-7,Negatif
Thu Jul 25 09:34:29 +0000 2024,teman gua gen anak posisi senior kantor sering begini anak baru gen jabat tanggung jawab gaji beda enggak suka kalo bawah tenggo wkwk bukan masalah gen lebih pola pikir orang,-7,Negatif
Thu Jul 25 09:17:48 +0000 2024,gen lemah nyata sekarang hadap gaji seminimun kelah beban kerja ekstra keluar beras sekarang enggak wehhh tuntut bayar,-1,Negatif
Wed Jul 24 10:27:41 +0000 2024,mau punya ide pengin kayak begini kemudian baru ingat kalo lo cuma gaji pantas kaya enggak worth buat go extra miles monmaap sekarang mending kayak gen prinsip kerja sesuai gaji amp wajib,-1,Negatif
Wed Jul 24 08:06:05 +0000 2024,lidi kadi gen baru mulai kerja gaji umr butuh waktu beli rumah mewah atas rp sama terlalu mahal,2,Positif
Mon Jul 22 23:44:46 +0000 2024,saksi sulit gen kerja bagus gaji layak negeri sendiri gen mulai mikir cari kerja luar negeri info kirakira sdm bidang apa butuh prepare jauhjauh hari,-1,Negatif
Mon Jul 22 14:19:26 +0000 2024,whats wrong with gen mau gaji tinggi like lol siapa sih enggak mau gaji tinggi wake up our wildest dream memang gaji tinggi gen just being honest gen enggak aku hih,-1,Negatif
Mon Jul 22 06:22:11 +0000 2024,potong gaji padahal tgh tempoh probation tang makan office bos tanggungjawab and duit cukup beli makan masing beli extra bawa balik sorok tahu anyone halal tak cara macamtu nih gen perhati je,-1,Negatif
Mon Jul 22 01:40:22 +0000 2024,asmara enggak setujufaktor pertama enggak ordal kayak pman faktor dua gen pilih kerja gaji tinggi,-2,Negatif
Sun Jul 21 13:50:33 +0000 2024,punya anak satu milenial satu gen dua kerja usaha asing syarat enggak ribet sesuai kriteria test wawancara terima gaji asuransi sehat bonus insentif tanya gaji berapa punya alam aju kisar gaji,3,Positif
Sun Jul 21 07:33:40 +0000 2024,dokyungsoo omong lu enak banget bang praktik lapang butuh ekonomi tumpuk gen nganggur cari kerja layak balance uang bulan enggak mau nganggur bertahuntahun gaji kecil stereotip banget otak lu,-4,Negatif
Sun Jul 21 05:35:54 +0000 2024,asmara kombinasi perintah gagal orang tua mungkin gagal sih gen sendiri jadi gagal nganggur padahal bisnis kecil konsinyasi modal kerja apa penting halal meski gaji kecil faktor gengsi kalo juta nganggur,-9,Negatif
Sun Jul 21 04:24:19 +0000 2024,solusi gue gen gen kalau kalian punya talenta skill kalian jadi freelancer ambil job longterm banyak orang alhamdulillah aku sendiri kerja freelance banyak tempat gaji fair sama apa kerja,3,Positif
Sun Jul 21 04:18:18 +0000 2024,jangan heran kalo gen gonta ganti kerja mungkin lihat gaji lihat kalo zaman sekarang bagai butuh harga naik,2,Positif
Sat Jul 20 15:37:40 +0000 2024,jie anggur tinggi era gen kalo kerja bulan risaign hahah mau gaji gede kayak luar negeri skill nol hajja kalo mau gaji juta pertama kerja gen mending luar negeri,-1,Negatif
Sat Jul 20 11:14:17 +0000 2024,serah deh mau bilang gen lemah mental memang capek anjir kerja bawah tekan bgsttt mana enggak gaji pliss baru pkl bagaimana entar kalo kerja benar,2,Positif
Sat Jul 20 08:46:40 +0000 2024,kapai kerja keras tekan amp target sanasini kalau cuma gaji segitu mending jogetjoget enggak jelas bikin konten duit sebut bunga gen,-2,Negatif
Sat Jul 20 00:59:35 +0000 2024,banyak salesmarketing tuh hindar anak anak muda utama gen banyak rasa enggak harga target tinggi gaji enggak sesuai kalo usaha kecilbaru mungkin kalau usaha besar banyak minat,-3,Negatif
Sat Jul 20 00:40:37 +0000 2024,gen tuh kerja tanya gaji duluya bukan loyalitas,0,Netral
Fri Jul 19 14:29:17 +0000 2024,aku otw tahun kerja fg hari kerja sabtu tengah hari baik loh penting gaji sesuai work life balance waktu kerja kerja waktu balik balik waktu libur libur pantas banyak nyepelein gen enggak kerja apa ngeluh,4,Positif
Fri Jul 19 14:03:11 +0000 2024,kalo lembur bikin naik pangkat sama gaji rela bukan masalah gen gen tahi ayam dasar,0,Netral
Fri Jul 19 04:00:36 +0000 2024,tiba tiba lewat tl langsung ingat bapak kalo bilang gen enggak mau lembur hey bapak angkat baby boomers bilang lembur buang buang waktu enggak usah lembur kalo gaji enggak padan,0,Netral
Wed Jul 17 14:13:21 +0000 2024,last job hunting umur recruiter approach nak offer lower tahan gaji sekarang position sama level patut lah gen sekarang struggle cari kerja,1,Positif
Wed Jul 17 11:56:37 +0000 2024,fase dilema gen rasa gaji kurang hak enggak padan kerja kalo resign kena judge enggak syukur amp mental tempe,-2,Negatif
Wed Jul 17 11:49:25 +0000 2024,aku bukan gen alam hampir semua sama usaha beri ruang ajar baik kuasa sistem lalu pintar bagai sistem lalu jobdesk tambah gaji tetap sama inti mau protes orang pegawai bukan bos,2,Positif
Wed Jul 17 04:47:24 +0000 2024,rasa interview kandidat aku jadi paham sih sama anak anak gen memang benar deh inisiatif rendah kerja kayak enggak bakal bayar mau gaji gede tanggung jawab kurang kerja benar kasih tau ogah ogah memang enggak semua lebih banyak,-7,Negatif
Wed Jul 17 04:37:36 +0000 2024,as gen pas tanya masalah gaji sama hari gua jawab lama beri range per hour skill tenaga gua jawab pelan santai perhati body language hari nya bawah mata kedut senyum kendor sedikit mata ubah ketika wkwk,-4,Negatif
Wed Jul 17 03:59:34 +0000 2024,dear hard aku adlg anak gen sedang cari kerja alam aku administrasi pddkn akhir kerja bawah tekan satset cepat ajar baru aku resign tempat kerja sekolah yayasan gaji kecil kerja bawah tekan enggak cukup buat tutup,1,Positif
Tue Jul 16 22:37:38 +0000 2024,memang masalah struktural mah gen malesmalesan memang banyak skillnya oke banyak kadang rekruter minta enggak ngotak skill minta tara avatar gaji mentok umr akhir jadi korban kapitalisme beberapa gen mending nganggur,-1,Negatif
Tue Jul 16 17:12:35 +0000 2024,sudut pandang ku ngeinterview anak gen minggu kemarin nder attitude interview kurang baik alam minta gaji gede enggak mau capek kerja minta gaji gede enggak research dulu range gaji wilayah usaha,0,Netral
Tue Jul 16 15:03:02 +0000 2024,ingat apa bilang sama hrd kemarin sini tulis gaji kamu harap juta kamu fresh graduate alam sama sekali hehe maaf bapak gen memang banyak mau nya,0,Netral
Tue Jul 16 07:46:21 +0000 2024,sometimes aku kurang sreg soal diskusi gen khusus kultur kerja gen persepsi penting gaji sure i mean like we even have proper choice jadi picky banyak kerja sini enggak layak enggak layak ukur objektif,3,Positif
Tue Jul 16 05:20:26 +0000 2024,dulu bulan jadi intern gaji bawah umr kerja lembur hari peak season salah satu kap huruf enggak pernah ngeluh gen zaman sekarang sekarang and the result hari achievement datang sendiri soal gaji urus ptg usaha dulu,-5,Negatif
Tue Jul 16 04:51:39 +0000 2024,enggak enak loyalitas lihat sendiri beberapamillenials stuck dikarirgaji segitu paling lama tahun stuckyg ku kenal padahal punya bargain skills loyalitas oke cuman jangan mau budak kalau pov gen kurang ajar kali,-2,Negatif
Tue Jul 16 04:36:11 +0000 2024,talkshow career coaching kyke sini butuh segitu gen suka resign krywn lama nyaman betah posisi tawar naik jabat mau naik jabat naik gaji cuma dikit tugas banyak banget amp lembur terus enggak bayar cuma lvl staff bawah bayar lembur,-5,Negatif
Tue Jul 16 03:39:00 +0000 2024,hemat operasional arti bukti kan kasar hari diri start up cari babu kerja full time gaji ada deh terus terang tiap hari guilt trip gen mental tempe mulu padahal orangorang memang kapitalis,-2,Negatif
Mon Jul 15 12:27:15 +0000 2024,usaha sekarang banyak minta spek palugada gaji ada makanya gen rata baru lulus minim alam susah kerja bayang tadi lihat loker jobdescnya taxbookkeepingfinancial paymentarapdoc management,2,Positif
Mon Jul 15 11:34:12 +0000 2024,gen cari kerja kayak bagaimana sih cari gue dulu lulus smk enggak punya relasi ngawali kerja jadi sales dor dor jual komporsetahun mental deh bentuk alam deh lumayan baru ngelamar perusahaanintinya awal jangan cari gaji besar dulusemangat,1,Positif
Mon Jul 15 00:22:28 +0000 2024,this economy enggak urus gaji benar kampang malah bagus gen sekarang melek enggak budak tahi banget orang tua kayak begini sumpah,-2,Negatif
Sun Jul 14 23:01:50 +0000 2024,anak sekarang kalo ngelamar kok pandang gaji tipe rekrutmen salah gen mulu mah wkwk,-1,Negatif
Sun Jul 14 18:24:30 +0000 2024,pak salah satu jawab gen indonesia kadang gantung sama orang tua cari kerja susah syarat kerja ribet gaji enggak sesuai sama beban kerjabelum atas reng kayak begini nih masa timbang gaji salah,-5,Negatif
Sun Jul 14 14:36:36 +0000 2024,gapapa gaji kecil penting kerja dikerjain cafe bawa laptop gen,0,Netral
Sun Jul 14 09:29:07 +0000 2024,enggak sih gen beli hape cash enggak sekian gaji beli motor cuma gaji rasio beli rumah enggak senior jebak kpr lebih baik sewa sih punya rumah cuma jadi budak kpr,3,Positif
Sun Jul 14 06:45:56 +0000 2024,okay tak gaji offer nih gen,1,Positif
Sun Jul 14 05:27:15 +0000 2024,hari okay tak gaji offer nih gen,1,Positif
Sun Jul 14 02:45:06 +0000 2024,hidup mandiri sesuai gaji enggak sih kalau gaji bawa umr mana cukup buat hidup mandiri mungkin mayoritas gen banyak gaji bawah umr,-3,Negatif
Sun Jul 14 02:09:16 +0000 2024,bagaimana pak gaji gen kerja enggak tutup buat hari wkwkwk banyak hasil bawah umr nikah mau beli rumah enggak kebel ujung tinggal rumah orang tua meski resiko konflik gede inti mah ekonomi sulit pak,2,Positif
Sat Jul 13 17:46:22 +0000 2024,enggak redflag jangan dikit diredflag redflagin nder hehe kalau kamu enggak cocok tinggal enggak usah ttd simpel banget justru turut greenflag gaji pokok umr,-3,Negatif
Sat Jul 13 17:26:42 +0000 2024,enggak papa deh enggak libur semester kalau libur semester terus enggak terima gaji aku makan apa,1,Positif
Sat Jul 13 17:19:18 +0000 2024,gaji hari kerja jam kerja jobdes ol biasa tunjang hari libur lembur,4,Positif
Sat Jul 13 12:40:49 +0000 2024,sok sok bilang abdi terus bilang gen manja banyak tuntut gaji halah bilang mau eksploitasi,-2,Negatif
Sat Jul 13 12:39:10 +0000 2024,lo omong adek gue pikir dulu omong bos gen tak daya kalian bego ngelola negara lapang kerja sempit kalo gaji bawah umr enggak relevan sama berat kerja butuh hidup kalian cuman ngomel doang action mana,0,Netral
Sat Jul 13 12:24:54 +0000 2024,kata siapa justru orang tua ngandelin gaji anak gen,-3,Negatif
Sat Jul 13 09:16:06 +0000 2024,minimal maksimal lapang kerja turah turah dong bos gen banyak banget kok pengin banget mandiri kerja cari kerja sulit gaji enggak sesuai job desk hufftttttttttttttt,6,Positif
Sat Jul 13 04:40:35 +0000 2024,anakanak gen tau attitude enggak sih nanyain jam kerja hari kerja bahkan gaji chat gila asa dulu gue kalau ngelamar kerja enggak begitu tanya interview langsung deh biasa chat konfirmasi panggil interview,4,Positif
Sat Jul 13 01:52:30 +0000 2024,bagaimana enggak gantung gaji paspasan pas buat bayar kontra doang coba bumn buka loker sebanyakbanyaknya gaji gede pasti gen semua mandiri berani enggak basic salary luar negeri berapa,0,Netral
Sat Jul 13 01:52:05 +0000 2024,gen gantung sama orang tua biasa gaji setor orang tua bantu keluar rumah tangga jadi take and give lah sejati enggak anak mau susah orang tua housing kota besar mahal gaji kecil kayak manaaa,-6,Negatif
Fri Jul 12 21:19:22 +0000 2024,disalahin gen mulu deh harga tanah malah gaji rendah cari kerja susah salah siapa bro,-3,Negatif
Fri Jul 12 15:03:52 +0000 2024,napak tanah dulu pak baru banding gen sini sama gen luar jelas gaji enggak banding,1,Positif
Fri Jul 12 12:50:05 +0000 2024,italia generasi bamboccioni jepang generasi parasite singles generasi lahir harga property enggak jangkau gaji its not a rocket science lihat gen bakal gantung sama orang tua,-1,Negatif
Fri Jul 12 11:04:18 +0000 2024,banyak mana sama nanggung orang tua gegara program pensiun enggak jelas harga tanah mahal gaji habis buat kpr gadai suka biaya didik mahal tabung orang tua habis terus masa tua nanggung sih gen salah siapa coba,-1,Negatif
Fri Jul 12 05:50:39 +0000 2024,gen orang tua adek gantung sama cuman lulus smk gaji enggak umr sekarang malah kontrak enggak panjang lucu banget hidup,2,Positif
Fri Jul 12 01:01:15 +0000 2024,memang gen manja pak harus lulus kuliah langsung cari kerja gaji juta atas pak,1,Positif
Thu Jul 11 22:58:48 +0000 2024,gen angkat paling tua cari kerja as fresh graduate tuh susah banget syarat enggak relasi alhamdulillah gaji enggak stabil bagaimana projek butuh lama bulan hampir enggak tutup untung kalo makan aman tinggal sama orang tua,-3,Negatif
Thu Jul 11 17:21:40 +0000 2024,et memang lucu wkwkwkw pikir gaji gen diri beli rumah jalan rawat diri foya malah adu nasib sama gen asam lambung kumat bawa tidur,-2,Negatif
Thu Jul 11 02:18:08 +0000 2024,gaji khari,0,Netral
Thu Jul 11 01:57:13 +0000 2024,memang terima kerja bukan soal kandidat bagus enggak bagus cocok enggak cocok cocok sama budaya usaha cocok sama gaji cocok sama user cocok sama kompetensi butuh jadi aku saran buat enggak lolos lolos interview jangan anggap kalau kalian enggak,1,Positif
Wed Jul 10 16:08:32 +0000 2024,mending kerja gaji juta syukur kerja gaji juta foya foya,5,Positif
Wed Jul 10 08:27:04 +0000 2024,generasi atas gen banyak paksa gen jadi tulang punggung keluarga gaji enggak berapa dipalakin mulu kalo enggak setor bilang anak durhaka terus rajin banget bahas dulu ibu biayain kamu gede padahal memang wajib orang tua wkwk,-5,Negatif
Wed Jul 10 07:40:24 +0000 2024,hrd nya bagaimana sih jejak digital kayak jadi tri gilir gen mau cari kerja gaji umr jejak digital korek habis abis,-1,Negatif
Wed Jul 10 04:00:59 +0000 2024,yantie anak konglomerat kasih fasilitas mewah beasiswa gaji gede heran puji milenial gen miskin sebab kualitas didik konoha sengaja bikin hancur menteri abal giveaway rakyat tolol koentji,-2,Negatif
Wed Jul 10 03:48:44 +0000 2024,enggak cuma boomer gaes atas gen otak banyak kolot kasihan anak mau kerja jadi tulang punggung enggak kasih sempat mau gaji at least umr minimal banget moga hrd rasa pahlawan ngurangin cost gajiownernya kayak begini hidup bakal sial,-6,Negatif
Wed Jul 10 00:26:22 +0000 2024,gen terlalu asyik hpnya bu apatis thd lingkung politikpejabat terlalu nyaman gaji fasilitasnyagolongan bwh terlalu pusing cara tahan hidup,-3,Negatif
Tue Jul 09 02:54:54 +0000 2024,peel gen sangat enggak dianjurkn ngambil jurus guru cari kalo memang suka dunia didik jangan ambil guru serius banget asli sengenes gaji guru honor cuma an itu dibyr per bulan bayang gaji cuma rbbulan bayang dulu,-1,Negatif
Tue Jul 09 02:06:29 +0000 2024,oalah gen gen pas kuliah malesan cari kerja tidur gaji limpah serah lu deh gen wkwkwk,3,Positif
Mon Jul 08 14:17:03 +0000 2024,storage box stop kontak cable manager stop kontak kotak listrik atur kabel kotak charger kado nikah kado ultah colok aman rumah ramah anak toddler kam anak kam listrik gaji belanja bonus cair gaji gen dekorasi,1,Positif
Mon Jul 08 08:06:56 +0000 2024,sorry sayang but aku cukup tak suka bila orang pukul rata pasal gen nih tak competent lah bila kerja cepat koyak lah bagai bila bab nak exploit orang no kerja banyak gaji ciput benefits takde,-3,Negatif
Sun Jul 07 09:34:23 +0000 2024,benar gen banyak redflag dunia kerja enggak mau susah mau gaji banyak bukan smart work malas,-2,Negatif
Sun Jul 07 06:16:01 +0000 2024,terlalu boomer bersembang gen gaji besaq berapa,-1,Negatif
Sat Jul 06 11:06:14 +0000 2024,dasar hasil survei jakpat jangkara banyak persen gen nilai besar gaji ideal rp jutarp juta,5,Positif
Sat Jul 06 06:33:33 +0000 2024,dasar hasil survei jakpat jangkara libat responden gaji jadi faktor utama gen pilih kerja,0,Netral
Fri Jul 05 21:27:51 +0000 2024,jadi admin resepsionis kalau jadi admin enak banget siii gaji juta enggak enak resepsionis mesti ketemu orang wkwkwk not my league,2,Positif
Fri Jul 05 11:24:04 +0000 2024,nali cenderung naker gen mau wfa gaji moderat lembaga survei jakpat kolaborasi engan jangkara rilis hasil survei cenderung generasi gen kait karir ikut ekbis genz karir surabaya via,-2,Negatif
Fri Jul 05 00:33:14 +0000 2024,guyon bulan kantor anak baru gen ngeluh mulu gaji dikit padahal tahu kalau gaji sini performance based tak beda orang barulama,-7,Negatif
Thu Jul 04 21:01:06 +0000 2024,anak sekarang pengin gaji gede kerja gampang alam nol hidup dunia nyata enggak sama kayak angan lapang kerja banyak cuma enggak mau ambil gen,0,Netral
Thu Jul 04 07:25:19 +0000 2024,tak ramai gen n gen alpha nak study tengok abang kakak millenials buat loan study gaji,1,Positif
Wed Jul 03 22:28:13 +0000 2024,logika anjir gaji rata indonesia bawah jtyg juta cuma jakarta itu enggak semua usaha asih harga bahan pangan papan makin hari makin mahal gen kali punya rumah cuma dikit apa gen hidup serba mahal yakali nikah ngontrak kasihan anak,-1,Negatif
Wed Jul 03 16:12:01 +0000 2024,sis perlu ketuk deh nih gaji sa tempat tinggal ehailing ulang alik makan minum semua tanggung sendiri each month sa saving gurl be a smart gen,-4,Negatif
Wed Jul 03 14:41:55 +0000 2024,hari kaya satu circle sama kemarin ngejek gen tanya mess enggak padahal memang hak tanya gaji fasilitas kan biasa hari habis interview suka tanya mau tanya enggak kait kerja,3,Positif
Wed Jul 03 12:46:00 +0000 2024,rose mana salah gen mulu nih lihat kerja boomer makan gaji buta,0,Netral
Wed Jul 03 11:16:28 +0000 2024,nah tak rt tiru hari indonesia nih drpda hina hinu jobseeker gen malas apaapa nanyain gaji lah kocak kerja buat cari gaji jelas tanya,-2,Negatif
Wed Jul 03 11:08:49 +0000 2024,gaji sama,1,Positif
Wed Jul 03 10:23:59 +0000 2024,cih dasar gen cengeng hitung enggak punya jiwa kerja keras attitude nol besar kalian harus bilang berapa gaji kalian mau biar guilt trip kalian kalau kalian aju gaji atas umr kalian apa baru kerja minta gaji layak,-3,Negatif
Wed Jul 03 09:09:37 +0000 2024,luar info gaji range awal salah satu culture shock komunikasi gen terus teranganbluntness enggak perlu amp malah jadi enggak sopan mohon info range gaji cukup enggak perlu apabila cocok kirim cv,-1,Negatif
Wed Jul 03 07:16:26 +0000 2024,prettyyy masa enggak tanya gaji aneh banget mirip sama viral kemarin masalah sama gen tanya mes doang,2,Positif
Wed Jul 03 06:17:23 +0000 2024,nah belum tanya begini dicounter kerja tanya gaji dasar gen,0,Netral
Wed Jul 03 05:31:07 +0000 2024,salah banget justru tua enggak nanyain gaji apa nanyain gaji lembur mess jumlah cuti benefit luar standar milenial amp gen,-3,Negatif
Tue Jul 02 10:59:22 +0000 2024,emeno geram kan i pernah kena gen tak datang iv but ws kali nak attend iv sok bang position dkt bila gaji blah jam no manners hmm,-2,Negatif
Tue Jul 02 08:51:25 +0000 2024,nih coba deh gaji ribu hari apa enggak ketarketir tuh gibran kaesang gen umum,0,Netral
Tue Jul 02 06:24:26 +0000 2024,gaji gen habis buat beli aplikasi premium,1,Positif
Tue Jul 02 03:00:34 +0000 2024,gen my circle lah mohon gaji nak tinggi bila kerja no experience suka main game suka selfie suka post masalah sosial focus tau communicate sahsiah semua bawah expectation kalau bagus please lah jaga susah jmp,-2,Negatif
Mon Jul 01 12:02:50 +0000 2024,aku pernah amik gen jadi kerani deh lah mulut busuk macam longkang keje bulan bang not jam nk quit lepas gaji aku tak sempat tegur mulut busuk last malas ambil tindak biar je lah,-8,Negatif
Mon Jul 01 10:44:21 +0000 2024,gen biasa nk gaji replace ngn ai,0,Netral
Mon Jul 01 10:29:31 +0000 2024,kalau deh kali maybe bukan masalah gen cer ejas gaji,-3,Negatif
Mon Jul 01 07:23:19 +0000 2024,kalau nak stay tak ukur lalu gaji berapa ramai agak housewife takde gaji deh kena tinggal tepi jalantinggi mana pon gaji isteri level suami tetap tinggi kuasa cerai pon kat tangan bapak nak tak mak pergi je gen nih pelik,1,Positif
Sun Jun 30 15:43:11 +0000 2024,nih deh masuk kali candidate si gen deh interview gaji deh tuju offer letter deh sign esok patut masuk keje tiba hantar whatsapp cakap xleh nak keje memang culture canner maybe now senang keje kot,-3,Negatif
Sun Jun 30 15:03:11 +0000 2024,lebih pilih kerja santai gaji juta kerja nyiksa batin gaji juta,4,Positif
Sun Jun 30 15:00:08 +0000 2024,gen mah normalny dah mninggal enggak sih tengah kehidufan kelam gaji sberapa,-1,Negatif
Sun Jun 30 12:24:33 +0000 2024,gen nikah muda kerja balance gaji kecil kredit motor ngontrak punya anak istri impulsif suami sakit kredit macet struggle literally slow living the hell,0,Netral
Sun Jun 30 05:57:26 +0000 2024,hebat mbak saat banyak anak muda lulus kuliah ken kerja kantor gaji gede mbak justru kerja anggap hina gen justru kerja jadi pondasi hidup masa depan kuat tangguh moga jadi batu loncat raih cita bangga,4,Positif
Sat Jun 29 13:45:43 +0000 2024,sama maklum gen ogah capek mau nya gaji gede kira pabrik moyang lu kali,-1,Negatif
Sat Jun 29 11:30:59 +0000 2024,alas seru banget lahir jadi gen indonesia keluarga enggak punya previlage diunderestimate boomer sama milenial potensi resesi perintah tolol gaji kecil harga properti langit cari kerja susah mayoritas jadi sandwitch prabowo menang,2,Positif
Fri Jun 28 20:14:48 +0000 2024,instansi perintah harus isi orang sesuai bidang anjg bukan isi sama boomers enggak melek teknologi gaji doang tinggi kerja enggak becus heran sama negara ganti tuh boomers gen gue yakin kalo instansi perintah isi sama gen bakal ggwp,1,Positif
Thu Jun 27 17:13:09 +0000 2024,gen enggak bakal percaya gaji juta nabung asih orang tua hura hura libur amp nongki sana sini,2,Positif
Thu Jun 27 12:31:10 +0000 2024,lama mau kerja mana terusmenerus rasa sakit hati i knowwww for sure kalau enggak sesuai jobdesk gaji kecil benar buat stres yaudah mau bagaimana sekarang fokus upgrade skill diri doa moga kerja layak bpjs,-2,Negatif
Thu Jun 27 08:29:05 +0000 2024,biaya produksi mahal gaji aktoraktris mulai naik sekarang zaman gen banyak tonton ott bukan tv mungkin biar alur cerita drama lebih padat enggak berteletele,-1,Negatif
Sat Jun 22 07:21:13 +0000 2024,bukan cuman gen nder semua generasi kok ngalamin kayak begini gaji enggak berapa nghidupin keluarga nikah dulu banyak mau ajak susah bareng nanggung bareng kalau sekarang banyak wanita melek soal,-7,Negatif
Sat Jun 22 02:55:11 +0000 2024,gen goreng mulu gilir gen pintar tempat kerja senang ngerjain banyak gaji kecil,-2,Negatif
Sat Jun 22 01:59:49 +0000 2024,terus kalau tekan bilang mental yupi gen lemah kalau ngundurin diri makin hujat wkwkwk kocak geming mau profesional gaji sangat minimal indonesia banyak sok rasa superior,-4,Negatif
Fri Jun 21 21:25:21 +0000 2024,gen gen mulu kontol padahal bikin susah hidup generasi lo monyet kerja orang kasih gaji kecil mau untung banyak mimpin negara mikir uang doang kerjaanya budakin anak muda terus koar doang konten lo sampah btw,-7,Negatif
Fri Jun 21 12:38:48 +0000 2024,aku masuk gen enggak lahir l kerja jam hari libur minggu sekali libur pakai kuliah jam jam sore besok kerja gaji jauh umr padahal tinggal kerja jakarta,3,Positif
Fri Jun 21 12:25:36 +0000 2024,gue tadi dengar zoom soal profesi hakim buat genzi bicara fokus flexing gaji gue expect tanya gen bakal kayak bagaimana cara jadi hakim eh mostly tanya kritik semua wkwk soal putus kpu soal kompetensi hakim soal ultra petita wkwk,-4,Negatif
Fri Jun 21 07:51:18 +0000 2024,pernah kerja sama gen bikin elus dada tiap hari ajar ngeyel dinasehatin ngegas kasih kerja manyunmanyun kerja mau pas atas kata biar lihat kalo kerja datang telat istirahat mau cepatcepat iri sama gaji orang lebih tinggi sih,3,Positif
Fri Jun 21 07:45:33 +0000 2024,ltpgtfaktor gaji jadi tentu besar preferensi pilih kerja gen responden gen sepakat ampnbspltem id ispasted gtwork life balanceltemgt penting hidup merekaltpgt,0,Netral
Fri Jun 21 07:29:52 +0000 2024,mas ku bikin sw gen manja weeww helloww sekolah si enggak cari kerja bagus ngandelin gaji ortuku sape,1,Positif
Fri Jun 21 05:54:30 +0000 2024,wkwk gen buka usaha enggak sih biar enggak gantung sama jam kerja ditentuin orang sedih begini mulu sama orang tua pikir cetek kayak begini mau jam jam kalo enggak sesuai sama gaji kerja gen ay bakal pilih deh iya iya sih paling kuat tahan lama,-3,Negatif
Fri Jun 21 04:51:16 +0000 2024,teman teman gue gen banyak kok kerja jepang kata kerja manusiawi cuma rulesnya lebih ketat kalau lembur gaji lembur kalau sini kan lembur enggak gaji kata loyalitas kalau kerja jam uang lembur gen apa enggak mau bjirr lu,-4,Negatif
Fri Jun 21 03:24:23 +0000 2024,i don t care mau gen katai kayak apa paling penting gue gaji sama bonus buat beli ketoprak sama makan warmindo,2,Positif
Fri Jun 21 02:44:42 +0000 2024,yeuu anjink gue suruh kerja atas jam gaji bawah umr ogah gaji bawah juta banding pikir gen terlalu pilih soal kerja lo enggak pikir kalo recruitment cuma mau tenaga doang pelit soal upah,-4,Negatif
Fri Jun 21 02:31:41 +0000 2024,iya kesel banget sama hari punya pikir begini wkwk kira nyantumin loker max umur generasi mana kalo bukan gen mana syarat enggak ngotak gaji enak padahal banyak gen ambis generasi belum,-2,Negatif
Fri Jun 21 02:07:12 +0000 2024,khannn apas anyg replymu sinting banget overwork bilang lemah standart gaji indonesia penuh kadang sok iye banget sih paling anti gen,1,Positif
Thu Jun 20 17:54:47 +0000 2024,gue gen kerja angkring gaji cuma juta gue laku no resign gue coba syukur lebih baik kerja gaji kecil nganggur cari kerja susah wkwkwk kerja jam padahal,3,Positif
Thu Jun 20 17:29:46 +0000 2024,nama punya tanggung sih wajar kalau benar usaha sepenuh hati gue gen tahun tuju gue sekarang cari kerja cuman satu cuman nyaman kerja sama jam kerja jobdesk benar soal gaji asal umk gue dah syukur banget,3,Positif
Thu Jun 20 15:26:00 +0000 2024,terlalu ngepush anak gen mental lemah padahal loker negara banyak mau mau asih gaji kecil ln kalau bidang a jobdescnya a enggak palugada cuannya lebih banyak,-3,Negatif
Thu Jun 20 15:21:01 +0000 2024,enggak tiktok enggak twt linkedln gen bawa mulu deh enggak mau capek kerja gengsi enggak semua gen orang kayak bjir gen kerja jam gaji cuma under juta tuh banyakkkk woy,1,Positif
Thu Jun 20 14:30:55 +0000 2024,instagram pernah hrd ngejelekin gen terus komentar gen fresh graduate minta gaji umr lah bukan umr tuh kayak batas bawah kata gue banyak usaha manjatuhkan genz wellinformed dah biar kira cuman mantum lan nrimo,-6,Negatif
Thu Jun 20 13:56:59 +0000 2024,as a gen gue pernah kerja from selalu lebih jam waktu gue tv gaji kecil atas toxic lingkung banyak gosip inti enggak asik,0,Netral
Thu Jun 20 13:46:14 +0000 2024,wkwk indonesia nih lucu bikin syarat kerja se strict gilir gen pilih kerja sukses tetap ln katai enggak cinta tanah air sekarang mikir jingan syarat enggak ngotak begini jam kerja overwork gaji mepet umr,2,Positif
Thu Jun 20 11:07:05 +0000 2024,gue bukan gen ogah kerja jam ujung duit gaji buat beli obat mah,-2,Negatif
Thu Jun 20 10:22:18 +0000 2024,kerja cocok gen filipina gaji digit lho hello cationers siapa punya impi kerja luar negeri terus gaji digit nih filipina tawar peluang karier cationers kamu anak gen nih,2,Positif
Thu Jun 20 09:46:29 +0000 2024,memang merekamereka sih paling bukan gen rasa iri gen mulai suara hakhak kayak nih lo mau suruh kerja jam biasa gaji enggak padan wajar dong kalau gen keluh,-4,Negatif
Thu Jun 20 08:15:53 +0000 2024,cuan padan ilmu kocak nerapin standar jpg sini gaji ilmu kagak ngikut terus katai gen lemah,-1,Negatif
Thu Jun 20 07:55:27 +0000 2024,badjindol gue kerja sekarang lembaga laznas indonesia gue perempuan line posisi kerja gue lapang cari donaturrr gajiii gaji bulan cuma juta padahal gue si gue jabanin ngeluh gen mana mau si kerja cari donaturrr door door gaji cuma juta,-1,Negatif
Thu Jun 20 07:51:17 +0000 2024,salah generasi baru dewasa kayak gen padahal generasi belum asih loker segala handel banyak kerja posisi gaji naudzubillah,-3,Negatif
Thu Jun 20 06:56:31 +0000 2024,sekarang gue tanya generasi mana mau kerja jam gaji segitu gausahlah fomo bawa gen bacot banget mentang sembunyi balik akun,-2,Negatif
Thu Jun 20 05:18:18 +0000 2024,aku gen milenial lihat gen bagaimana enggak ngeluh ngab cari kerja sekarang susah gaji kecil apa serba mahal ulah siapa bang gen belum,-3,Negatif
Thu Jun 20 05:15:13 +0000 2024,kerja jam gaji enggak berapa buat apa mending gen kerja ogah gaji digit,1,Positif
Thu Jun 20 03:46:38 +0000 2024,aku bukan gen teman kerja ku beberapa gen etos kerja nya okay banget gantung orang enggak sih soal banyak gen nglamar kerja sini minta gaji jauh atas umr saat freshgrad enggak additional skills gelar,1,Positif
Thu Jun 20 03:41:24 +0000 2024,memang sih sekarang uang asa enggak harga butuh pokok naik semua beras taun akhir naik berapa gaji enggak pernah naik millenial gen bingung banget kalkulasi gaji biaya hidup bagaimana cara biar kebel rumah,3,Positif
Wed Jun 19 23:33:13 +0000 2024,jangan lupa habis ngeluh mindsetnya enggak dikerjain bakal blunder cut off enggak gaji wkwkwk pikir gen enggak pusing cari uang tengah ekonomi wakanda bikin gelenggeleng kepala,-2,Negatif
Wed Jun 19 17:53:23 +0000 2024,lemah apa pengin praktis iya enggak salah sih gue gen gaji digit kerja enak tetap resign pengin kerja lebih praktis jaman sekarang banyak banget opportunity kerja santai gaji gede gen malah pintar kalo kerja praktis pilih kerja rodi,8,Positif
Wed Jun 19 14:32:32 +0000 2024,allah lo bacot banget angel wijaya sih paling tau anak gen lagi pilih pilih kerja enggak masalah kali kalo lingkung toxic gaji enggak sesuai bagaimana coba makanya kerja memang pilih pilih biar enggak tipu tipu sama usaha pialang,-3,Negatif
Wed Jun 19 13:26:48 +0000 2024,gen drpda cari gaji gede mending cari leader benar heran banget gue krisis leader benar deh aaaaa stres hopefully depan baik,-3,Negatif
Wed Jun 19 10:19:38 +0000 2024,kalian mending mana gaji biasa jamin pngaaman ilmu banyak gaji tinggi laku,0,Netral
Wed Jun 19 02:44:46 +0000 2024,middle class bawah benar mek batas umk gaji digit standar kalo enggak mau kantor berwirausaha sendiri enggak gampang iku saing makin uakeh modal makin muahal iku kabeh jadi beberapa tahun belakang gen masuk dunia kerja,-2,Negatif
Wed Jun 19 02:31:32 +0000 2024,gen memang begini model suka bolos kerja malas minta gaji capek banget lihat sulit orang,1,Positif
Tue Jun 18 16:14:17 +0000 2024,lihat beberapa case tarik kalo pikir pihak swasta buka lapang lebar buat gen zmillenials gaji dinamis rawan layoff pihak negeri gaji tetap malah kekeh tahan boomer gen kali memang deh muda asemnya doang wkwk,1,Positif
Tue Jun 18 14:27:33 +0000 2024,risau tak mampu survive tua gaji nowadays rendah amp generasi atas atas kata gen manjah tindas,-7,Negatif
Tue Jun 18 12:18:28 +0000 2024,gen please lah kalian nih enggak mau underistimate laku kalian memang ajaib ekspektasi fresh graduate minta gue digit lah gen atas kalian butuh waktu beberapa tahun buat daoat gaji digit,-3,Negatif
Tue Jun 18 10:17:09 +0000 2024,oalah pantas boomers suka ngomel gen pola pikir begini anak zaman sekarang tuh begini kalau tau buruk masa mau biasa upah hak kerja kalau buat kamu gaji lambat enggak masalah bukan arti orang sama,-4,Negatif
Tue Jun 18 08:51:48 +0000 2024,enggak tau my parents suka suruh suruh beli rumah iya teh rumah kalian which they will sell underpice still aku takut banget memang gaji aku bakal cukup sha allah cukup aku nih gen aku takut,0,Netral
Mon Jun 17 19:54:14 +0000 2024,ethan kayak gen ngerangkep banyak kerja beda gen kerja gaji satu kalo ethan jobdesk dapat aku,0,Netral
Mon Jun 17 14:57:46 +0000 2024,susah cari kerja gen tuntun banyak macam lapang kerja orang bahan pangan makin mahal gaji gen anggap junior terus lantas makan apa boro beli rumah makan susah bagaimana menuhin butuh sandang papan,-2,Negatif
Mon Jun 17 07:49:52 +0000 2024,gen enggak sopan blass ngono wi kowe gae airpods ora ketok edge cok malah koyok wong ra didik gaya tangan tantang petenteng onok wong omong rungokno baik ita gaji pak mu kok rakyat lo,-2,Negatif
Sun Jun 16 18:05:12 +0000 2024,from this this gue gen lahir benar kata bapak nya jangan pernah pilih kerja contoh nyata nya gue awal gue fg gaji lalu hijack usaha omong usaha bapak sanggup gaji berpa inti tingkat skill,1,Positif
Sun Jun 16 15:17:12 +0000 2024,picky biasa anak gen fg no skill mau gaji gede,-1,Negatif
Sat Jun 15 09:07:40 +0000 2024,kak anak muda sekarang enggak mau kerja mau kerja instan gaji digit salah tehur enggak mau banyak gen lahir an begini,-1,Negatif
Sat Jun 15 01:43:02 +0000 2024,nah begini baru hebat hidup napak bumi enggak ngawang gaji guru sdn tuh enggak dobel dijit kayak harap gen,-2,Negatif
Fri Jun 14 21:45:58 +0000 2024,wwww gen kritis enggak mau setir soal kerja keras gaji becanda banyak marah marah kan bayang kalau generasi depan pintar semua aduh enggak enak enggak bodoh,-4,Negatif
Fri Jun 14 19:54:17 +0000 2024,kata kak ami kapai lu galau kalau lu enggak pacar aneh nih gen satu njirttt kit kawan ngebelah gua tetap kena semprot anjrit anak bus gaji digit umur tahun tiba hotel nginap ber tanya enggak minat pacar,-3,Negatif
Fri Jun 14 18:22:02 +0000 2024,justru gen berani tanya kayak begini tuh bagus mempertimbagkan gaji tawar terus mess atur kira keluar gaji segitu bagaimana,-5,Negatif
Fri Jun 14 07:15:59 +0000 2024,fenomena gen kerja pengin santai scroll hp twitteran gaji minta milyaran,2,Positif
Fri Jun 14 05:20:06 +0000 2024,ramee banget bahas mbak bahas gen gegara tanya mess kata usaha pialang enggak semua usaha pialang gaiss jadinyaa sama semua orang sama memang kalo misal marketing capai target dulu baru turun gaji sampai awal,-1,Negatif
Fri Jun 14 04:37:55 +0000 2024,jangan layak gaji guru gen ramal enggak bakal beli rumah bilang didik butuh tersier cermin kalo nih takut punya terus proper materiil intelektual kan beri makan otak lebih baik timbun harta,3,Positif
Fri Jun 14 03:30:01 +0000 2024,kesel banget sama angel wijaya gen bilang pales woy kalo gue malas gue enggak bakal kerja tiap hari gaji sangat pas pas anjir,2,Positif
Fri Jun 14 03:19:07 +0000 2024,gen hajar habis minggu akhir akibat belum banyak pegawai kritisi usaha besar pelit tekan pegawai bayar gaji kecil tenaga peras habis,1,Positif
Fri Jun 14 03:16:57 +0000 2024,kapan sih boomers n millennials mau ngetaiin orang orang simply merjuangin hak karyawan kalo lo kerja jam gaji kecil gue gapeduli i dont wan na be your shoes enggak usah paksa gen buat mau siksa kayak lo dong,-3,Negatif
Fri Jun 14 03:15:40 +0000 2024,gue bukan gen pernah interview ciputr tanya range gaji jawab lama enggak kandidat tanya gaji kalo interview begini baru kamu doang lahhhh laaahhh gue sinisin,-3,Negatif
Thu Jun 13 06:41:27 +0000 2024,tawar gaji umr mana cuma gen mau gen butuh deh lebih banyak,-2,Negatif
Thu Jun 13 06:34:02 +0000 2024,kalo nilai objektif sdm kerja sini utama gen mental etos kerja lemah terus serikat buruh tiap tahun demo terus minta upah naik dimanamana investor ken untung banyak jadi kerja optimal bayar gaji tinggi mana mau,5,Positif
Thu Jun 13 02:41:48 +0000 2024,bagaimana gen anggur sandwich gen gaji bawah umr buanyaaakkkkk,-1,Negatif
Wed Jun 12 14:52:36 +0000 2024,mikir deh gen hidup jaman cari kerja susah gaji pas banget harga apa makin mahal rumah gue titik beli rumah sendiri kayak impossible deh tuh kagak list impiantarget gue serah mau bilang terlalu pesimis idc,-1,Negatif
Wed Jun 12 13:04:51 +0000 2024,gen malas kata siapa gue kerja laundry gaji juta ditrabas anjing,-1,Negatif
Wed Jun 12 11:01:49 +0000 2024,gen kan lemah orang gila mana tahan era apa apa pakai orang dalem apa apa mahal negara amburadul cari kerja pakai minimal umur ipk ipk wapres nya segitu potong gaji enggak berapa buat biaya biaya kayak tapera sama bpjs,-7,Negatif
Wed Jun 12 08:22:03 +0000 2024,jadi enggak heran gen susah beli rumah yy gaji umr jogja habis buat servis motor n tambal ban,2,Positif
Wed Jun 12 07:07:33 +0000 2024,gaji gen habis buat milenial ngangep anak investasi,0,Netral
Wed Jun 12 04:54:26 +0000 2024,gen jadi rakus rezim sulit dapat kerja kompentensi rendah enggak mampu afford didik sekali punya kerja gaji pas potong sana sini suruh beli surat utang negara ckckckck,-1,Negatif
Wed Jun 12 02:48:54 +0000 2024,belakang isu iur tapera jadi bicara hangat banyak dapat kalau jadi solusi buat millennial gen sulit punya rumah sendiri survei populix alas utama susah milik rumah gaji,2,Positif
Wed Jun 12 00:58:05 +0000 2024,ibu kantor gue keluh sekarang apa mahal begimana kalo gaji underpaid bagaimana gen enggak ngeluh,-1,Negatif
Wed Jun 12 00:05:15 +0000 2024,enggak tuduh semua gen kayak sih lebih orang enggak timbang awal perihal gaji,-1,Negatif
Tue Jun 11 23:03:42 +0000 2024,tiap generasi ngalamin tekan beda tuh anak gen hidup zaman sangat enak banyak uang saku orang tua lebih gede gaji bulan pas kerja jadi deh pas kerja,0,Netral
Tue Jun 11 22:20:45 +0000 2024,kalo punya kerja gen punya gaji lebih sibuk bayar cicil kpr kredit mobil boro pikir surat utang negara,3,Positif
Tue Jun 11 16:57:49 +0000 2024,kalo gen gaji berapa terima nganggur aku sih gen bos bos ku dulu cari mau kerja bukan kerja,2,Positif
Tue Jun 11 15:10:23 +0000 2024,habis anggar salah nya buat rencana anakpalestina ri enggak bukan sulit rayu gen beli surat utang benar tweet kasus makan gaji buta berat kasus janda bh tjdi lurah cempakaputihtimur,-3,Negatif
Tue Jun 11 08:35:06 +0000 2024,mbak pialang emosi tiktok bawa gen malas huhu siap mbak paling rajin cari nasabah soal kalo enggak nasabah enggak gaji,-1,Negatif
Tue Jun 11 04:04:48 +0000 2024,hrd tiktok kesel tanya gen mess apa indak kalo gaji orang umr mah enggak usah sok kesel anjing,-5,Negatif
Mon Jun 10 19:26:25 +0000 2024,niuslab lo tau enggak bangsat hybe corporation dukung israel sejarah korea selatan dukung palestine apa hybe corporation gaji bts artis nya tolol lo gen,-1,Negatif
Mon Jun 10 07:06:45 +0000 2024,tapera rencana himpun dana biaya rumah murah bijak langsung tuai kontroversi bagai kalang lantas gen tapera potong gaji jadi solusi beban baru thread idntimes idntimeshyperlocal idntimesjateng,0,Netral
Mon Jun 10 05:30:37 +0000 2024,aku gen fasilitas kerja rusun ukur rumah tipe kalo nikah rusun sendiri keluarga rusun satu komplek sama tempat kerja makan siang gaji atas umr memang tempat kerja asih fasilitas lengkap mungkin sewot tau,0,Netral
Mon Jun 10 04:56:13 +0000 2024,kata gen ribet enggak mau ini padahal gen asal kerja bakal dilakonin baik kok gaji bawah umr terima sekarang coba tanya milenial sama boomers mau enggak upah bawah umr,1,Positif
Mon Jun 10 03:30:51 +0000 2024,kemarin hrd omong calon employee gen tktok kata gen kalau kerja pilih mau enak doang kerja enggak ribet gaji gede sih memang ego masingmasing as hrd lu should know better instead of julid socmed gws mbak,-3,Negatif
Mon Jun 10 03:05:46 +0000 2024,pro kontra tapera potong gaji jadi solusi beban baru gen,-1,Negatif
Mon Jun 10 03:00:02 +0000 2024,kalo stereotype gen generasi ikut benar waktu nakes mayoritas isi sama generasi persetan profesi banyak enggak tahan gajibeban kerja konsekuensi tiap tahun anak baru keluar,-4,Negatif
Mon Jun 10 02:12:06 +0000 2024,pro kontra tapera potong gaji jadi solusi beban baru gen,-1,Negatif
Mon Jun 10 00:32:53 +0000 2024,inti mah gen tau kalo kantor tempat kerja laku karyawannya baik apresiasi gaji layak baik makanya kerja enggak sesuai enggak mau dia,0,Netral
Sun Jun 09 17:40:47 +0000 2024,bilang gen malas tuh sapa siee tuh gue gaji intern dah duduk depan laptop jam,-2,Negatif
Sun Jun 09 17:00:31 +0000 2024,ngikuti masa gas permasalahin anak gen ngelamar usaha anak gen sebut tanya perihal gaji fasilitas apa usaha mungkin sih mbak enggak terima baru ngelamar tanya jadi,-4,Negatif
Sun Jun 09 16:35:26 +0000 2024,coyy waiji kerja jarang duit alir lancar this is gen i mean esem kerja kea robot bangsatttt kagak gaji wkwkwkwk sehat anak agens,0,Netral
Sun Jun 09 12:28:03 +0000 2024,kalo alas mau nolong gen punya rumah beri gen kerja tetap gaji cukup cicil rumahtrs ikut iur profit untung kelola dana jht salur pinjam belikredit rumah enggak perlu lembaga baru bp tapera amp enggak perlu potong baru,4,Positif
Sun Jun 09 12:11:22 +0000 2024,data finder gen enggak punya tabung buat masa depan buat kamu sulit buat nabung coba metode nabung efektif ala orang jepang nih biar gaji enggak cuma lewat save dulu thread buat coba ygy,4,Positif
Sun Jun 09 11:43:42 +0000 2024,gen tuh cuma enggak mau kerja bawah tekan gaji kecil tau value berapa contoh jadi kang mochi tiap bulan juta bersih senang tenang lebih giur ketimbang kerja under pressure walaupun gaji lebih,1,Positif
Sun Jun 09 07:25:17 +0000 2024,gen selalu sudut mau kerja pilih lah mau gaji besar lah benar serah gen nya lah cuma penting gen ukur siap dulu mau karir bagaimana cont,1,Positif
Sun Jun 09 05:01:25 +0000 2024,mouretta from machinery aku enggak lanjut kerja sana waktu lama lingkung kerja benarbenar toxic gen sehat mental bahagia prioritas utama korban gaji nama besar usaha,0,Netral
Sun Jun 09 00:29:55 +0000 2024,ukt bikin mahal gaji bapak ibu pangkas tapera hobi kerjasama amp naikin tukang cuci artis bego amp orkay bego gagal bikin policy dorong industrialisasi lihat banget ngepush gen amp gen biar enggak kuliah,3,Positif
Sat Jun 08 17:10:57 +0000 2024,setiawan sky santai juta gen potensi jadi anggur gegara pilih lu mahasiswa baru nanggung ukt mahal gaji kerja makin tip tapera santai lu mirip esemka cuma halusinasi hahahaha aku deh enggak usah munafik,2,Positif
Sat Jun 08 14:31:13 +0000 2024,terus luhut mau undang elon investasi indonesia depan ormas pelihara ajak makin rajalela siap biasa diri kalian gen kalian joget kalo kantor kalian datang preman minta jatah siap gaji kalian potong kantor buat bayar preman,4,Positif
Sat Jun 08 10:40:04 +0000 2024,tambah beban kerja gen ntb tolak potong gaji tapera,-1,Negatif
Sat Jun 08 03:56:08 +0000 2024,gen milenial kira milik rumah gaya hidup konsumtif kemudian muncul program tapera mudah justru tolak rasa gaji potong lantas mau punya rumah keluar gaji hadeuhh,0,Netral
Sat Jun 08 01:37:31 +0000 2024,mah harga bahan pokok kian lambung tiket konser as entertainment enggak ngotak gaji gin entar disalahin gen enggak mau beli rumah enggak mau nikah lah bagaimana asa cekik negara sendiri,0,Netral
Sat Jun 08 01:26:56 +0000 2024,mak gua tibatiba omong usaha tiktok bilang malas ngehire gen ngeluh mulu soal laughs anjing gen mati kali semua mahal gaji potong terus kerja cari susah kapai hidup kan tahi,-9,Negatif
Sat Jun 08 00:29:58 +0000 2024,tahan banting mampu kerja pekerjaaan orang sendiri gaji umr lembur enggak tetap kerja kalo sakit gaji potong biasa diincer alam banyak gen manajemen enggak orang salah gen padahal orang lama banyak cabut,-3,Negatif
Fri Jun 07 15:33:29 +0000 2024,whats wrong bundz sekarang cari kerja susah sesuai sama mau dapetlah kerja bagus gaji lumayan disiasiain ayo gen mana kamu survei berapa populasi,3,Positif
Fri Jun 07 14:23:37 +0000 2024,okey one thing should people know is enggak semua gen kayak sebut mulai enggak mau susah cari kerja enak gaji gede klasifikasi dulu gen tahun berapa jadi biar enggak generalisasi all gen have same type sama kayak gen milienal boomer,-2,Negatif
Fri Jun 07 11:29:22 +0000 2024,memang benar sih kemarin sempat wawancara gen padahal terima kerja amp alam kerja intern tanya kait benefit nego gaji gen lebih banyak keluh istilah enggak tahan banting,6,Positif
Fri Jun 07 06:22:40 +0000 2024,teman gen susah dibilangin sering lupa curhat teman saya capek ngedidik asih tau begini eehh mau patungan kata uang mamah nya pasuk kynya sesal bilang kamu kok bloon gaji pengin sama diantepin enggak erti,-5,Negatif
Fri Jun 07 05:35:39 +0000 2024,memang benar sih kemarin sempat wawancara gen padahal terima kerja amp alam kerja intern tanya kait benefit nego gaji gen lebih banyak keluh istilah enggak tahan banting,6,Positif
Fri Jun 07 04:24:21 +0000 2024,ini gen kuat kerja manja dikit healing dikit mental down marah amp kritik dikit langsung ngeluh rasa diri special kayak nasi goreng mau gaji digit enggak punya skill kerja hitung ide banyak omong gede eseksi,-4,Negatif
Fri Jun 07 02:43:47 +0000 2024,gylberth sering rapel uang deposito dulu bunga deposito bayar buat gaji,4,Positif
Fri Jun 07 02:28:13 +0000 2024,ini alas banyak gen anggur manja dikit hiling dikit mental break down marahin kritik dikit langsung ngeluh rasa diri spesial kayak nasi goreng mau gaji digit enggak punya skil ide banyak omong gede eksekusi lmh kolom reply,-7,Negatif
Thu Jun 06 16:21:41 +0000 2024,gen baru pertama kali kerja alam minta gaji atas umr,0,Netral
Thu Jun 06 13:19:26 +0000 2024,juta gen menang lihat berita inimau kerja enak gaji gede butuh orang dalem backgroundnya enggak sesuai jabat emban,0,Netral
Thu Jun 06 12:49:23 +0000 2024,usaha rasa gen banyak nih suka bolos kerja alas bejibun sering pindah kerja bahkan lebih suka nganggur skill attitude rendah lamar kerja banyak suruh datang interview hidung enggak nongol apa tanya jam kerja gaji,-3,Negatif
Thu Jun 06 10:14:45 +0000 2024,sangat tuju sih bapak masalah gen terlalu lebay ngelamar kerja tanya gaji dulu berapa masyarakat enggak etitud sama sekali rasa paling wow sendiri makanya jaman sekarang banyak anggur padahal lapang kerja banyak,-4,Negatif
Thu Jun 06 09:32:37 +0000 2024,bos gen bagaimana punya rumah kalo nganggur memang pikir kerja potong gaji enggak sedang nyicil rumah gue nyicil sd tahun malah potong mending menteri eselon potong gaji tunjang pajak rakyat kan,1,Positif
Thu Jun 06 07:13:08 +0000 2024,benar anak gen hobby nya ngeluh pengin gaji gede,-2,Negatif
Thu Jun 06 06:12:49 +0000 2024,ingat nih sih bapak pernah bilang salah satu podcast bilang karyawan sakit tetap kerja duit gaji potong kayak anjim sih gen korban perintah sekarang gue generasi belum buat bijak buat statement aneh gwn,-1,Negatif
Tue Jun 04 20:21:00 +0000 2024,padahal cara asih magang bumi gaji tengah gaji pokok terima mitra lulus smkkampus tabung kredit didik bantu pasu gen awal enggak upah lembur jangan pakai ucap terima kasih doang,3,Positif
Tue Jun 04 17:06:39 +0000 2024,halah halah entar rumah enggak gen anak jabat jelas hidup mampu gen bagi gaji umr kpr enggak banding,-3,Negatif
Tue Jun 04 14:51:22 +0000 2024,kayak sebel banget bukan urus lu bjir gue punya rumah apa enggak kayak harus lu pikirin kapan gen gaji nya umr semuahhhh,-3,Negatif
Tue Jun 04 12:48:12 +0000 2024,tak cuma gaji benefit incar gen cari kerja tempobisnis,-1,Negatif
Tue Jun 04 12:28:02 +0000 2024,mending potong gaji tunjang jabat banyak kagak benar kerja bantu siapa ikut tapera gen gen,-2,Negatif
Tue Jun 04 12:25:55 +0000 2024,nih program urgensi enggak getol banget realisasi prioritas gen bukan beli rumah sekarang sekarang tempat tinggal banyak opsi tapera lo bayang sekarang gen beli apart bayar maintenance terus gaji potong tapera gila,-1,Negatif
Tue Jun 04 11:26:23 +0000 2024,om gaji kalian jabat potong buat bikin rumah tuh gen sampean cuma nggedabrus,-2,Negatif
Tue Jun 04 11:24:21 +0000 2024,gua gen rumah terus gaji gua lu potong mau lu bangunin rumah baru model bagaimana,0,Netral
Tue Jun 04 11:23:19 +0000 2024,enggak mau pokok enggak mau kapai pikir gen gen kapan kapai pikir orang miskin hidup sendiri susah gue enggak punya rumah investasi sendiri kapai nabung sama perintah endingnya sekian persen buat gaji mending gue cari laba buat diri sendiri enggak rela gue,0,Netral
Tue Jun 04 11:07:50 +0000 2024,kalian kalo gaji uang rakyat mana beli mobil enggak usah bantu gen gen anak orang kayak semua kalian susah,-4,Negatif
Tue Jun 04 10:53:56 +0000 2024,gue nabung sendiri anjir enggak usah otak atik gaji gue bawa bawa gen kau,-2,Negatif
Tue Jun 04 10:45:35 +0000 2024,gen boro mikir beli rumah gaji buat hidup alhamdulillah,2,Positif
Tue Jun 04 09:57:42 +0000 2024,dana pensiun taspen tahu korupsi kemarin tapera bukan kolaborasi bangun negeri mah kolaborasi bangun dompet oknum jabat gen tross bikin alibi nabung kerja gaji umr pensiun cuma juta nya rumah triplek,-2,Negatif
Tue Jun 04 09:28:19 +0000 2024,rasa gaji lo tahan garagara atur negara kabupaten kota kayak tahi lu coba hidup susah deh mending gaji sama rata enggak kagak arti lu kagak lihat berapa banyak gen nganggur garagara enggak lapang kerja pada,-4,Negatif
Tue Jun 04 05:52:38 +0000 2024,gen mau kerja gaji layak pak,1,Positif
Tue Jun 04 05:51:03 +0000 2024,usaha memang enggak mau terima gen terus bagaimana cara gen tahan hidup gaji kecil bilang gen enggak syukur cuma mau enak enggak mau susah,-1,Negatif
Tue Jun 04 04:37:53 +0000 2024,gen konsumtif apa beli tengah bulan gaji habis,-1,Negatif
Tue Jun 04 04:31:00 +0000 2024,lah kok pikir rumah gen lah millenials tahun tahun banting tulang gaji ada jauh milik rumah malah tetap pikir rumah gen makin sini makin bjgn,6,Positif
Tue Jun 04 02:59:27 +0000 2024,dipanglas gaji tapera lama tahun baru deh rumah buat gen,1,Positif
Tue Jun 04 02:57:13 +0000 2024,gen gabutuh rumah pak butuh gaji gede buat jalanjalan keluar negeri tonton konser,-2,Negatif
Tue Jun 04 02:45:07 +0000 2024,bila mau bantu gen gaji bawah jutabln potong jabat tinggi anggota mprdpr tega sekali perintah gaji seuprit potong tiap bulan bagamana mau bayar anak sekolah,-7,Negatif
Tue Jun 04 02:38:07 +0000 2024,maaf pak gen ambil rumah subsidi enggak butuh potong gaji,-2,Negatif
Tue Jun 04 02:18:58 +0000 2024,coba deh lu hitung misal gaji nya ambil rata umr cikarang juta nya ribu rumah subsidi tahun rata juta an anggap lah juta butuh waktu bulan kumpul tahun gen beli cucu nua gen,2,Positif
Tue Jun 04 02:10:54 +0000 2024,pak tapera khusus gen semua uu sifat wajib fardhu nah orang ppp mungkin jelas fardhu ain fardhu kifayah semua orang gaji gaji menteri pak,-5,Negatif
Tue Jun 04 01:54:28 +0000 2024,gen mau senang diri sendiri dulu pak soal nya gaji nya buat keluarga pak,-2,Negatif
Tue Jun 04 01:10:48 +0000 2024,loh gen nabung buat cicil rumah loh pak cara bantu naikin gaji bukan motong gaji,1,Positif
Tue Jun 04 00:39:06 +0000 2024,bukan gaji tunjang andaanda sekali lewat besar potong bantu gen beli rumah pak,-1,Negatif
Tue Jun 04 00:25:32 +0000 2024,halaahh alibi bennn jangan kambing hitam gen bilang cari cuan gaji umr enggak berapa potong sana sini habis boro rumah buat seharihari alhamdulillah alir tapera bakal ujung korupsi sana sini,-5,Negatif
Tue Jun 04 00:10:53 +0000 2024,jadi jelas perintah paksa potong gaji buat tapera mau demo mau teriak fixed jokowi ketok palu enggak bakal peduli gen,-3,Negatif
Mon Jun 03 22:45:08 +0000 2024,padahal gen enggak perlu rumah gen mah sibuk buat tahan hidup gaji kurang juta potong tiap belanja apa mahal kena tax tiap barang,1,Positif
Mon Jun 03 20:25:53 +0000 2024,gen butuh lapang kerja gaji layak gua kerja indonesia gaji umr habis buat kost makan transportasi hari kapan depak,1,Positif
Mon Jun 03 20:23:49 +0000 2024,gen mana kau maksud sih gen aktif aju begini pak genz nih jujur pengin gaji cukup butuh ingin impi mah gaji begitu doang naik kagak potong,-5,Negatif
Mon Jun 03 18:35:49 +0000 2024,buka lapang kerja sebanyakbanyaknya standar cari kerja mudah naik gaji kerja bukan gaji jabat turunin harga bahan pokok bbm listrik gen punya rumah bukan ngebajak gaji,2,Positif
Mon Jun 03 16:59:06 +0000 2024,gen banyak enggak punya rumah biaya hidup makin mahal gaji paspasan gen belum ngegoreng harga tanah harga properti makin mahal kalaupun murah jarak jauh kota justru tambah beban biaya transportasi,6,Positif
Mon Jun 03 16:51:01 +0000 2024,apes banget gue lahir jadi kaum gen padahal solusi cuma mudah lowong kerjadapet gajinabung sendiribisa beli rumah tunggu tabung keluar kayak gue punya cucu,2,Positif
Mon Jun 03 16:48:08 +0000 2024,capek bwbw gen buat rencana cari kerja jaman sekarang susah gaji pas pas potong sama tabung isu cekek aja kaum gaperlu lah tabung uang gaji handle lah sendiri apa tabung atur perintah,2,Positif
Mon Jun 03 16:33:49 +0000 2024,memang berapa besar sih gaji gen,0,Netral
Mon Jun 03 16:22:35 +0000 2024,pikir pikir usaha tuh enggak mau terima umur tua mampu fisik terus susah ajar gaptek gaji tinggi terus enggak mau gen stereotypenya padahal tahun muda dunia kerja gen millenial enggak sih,-1,Negatif
Mon Jun 03 15:50:42 +0000 2024,enggak usah lah bilang gen enggak nabung ajg mau nabung kapan susah kalo lapang kerja kecil gaji kecil harga barang naik semua,-1,Negatif
Mon Jun 03 15:50:18 +0000 2024,gen mau kerja santai gaji digit pak guweh,2,Positif
Mon Jun 03 15:49:57 +0000 2024,gen punya rumah soal hargaharga naik semua bahkan properti gila banget kalo naik gaji tetap segitu segitu,2,Positif
Mon Jun 03 15:47:10 +0000 2024,bangkai gen kagak beli rumah laku sendiri haji habis buat foya foya kerja nabung buat hidup layak keluarga sendiri kena getah bijak bangkai memang gue tanya sama lu no gaji lu potong enggak buat tapera saaattt,-1,Negatif
Mon Jun 03 15:42:42 +0000 2024,gen enggak punya rumah soal gaji kecil biaya hidup besar pak,0,Netral
Mon Jun 03 15:10:00 +0000 2024,gen siapa sih anjing gaji underpaid tahi paksa baru realisasi punya rumah pas punya cicit untung hidup,0,Netral
Mon Jun 03 13:54:53 +0000 2024,aku enggak paham kok aku pusing pak memang urgent banget buat rumah gen enggak sejahtera guru nakes brantas korupsi dulu deh apa enggak kasihan gaji dikit potong sana sini iya kalo jamin bakal rumah kalo enggak,-1,Negatif
Mon Jun 03 13:54:40 +0000 2024,gen susah punya rumah solusi tapera enggak susah punya rumah gaji enggak manusiawi gawe lembur gaji enggak umr kebel cuman rumah keong sama cilok dikit,3,Positif
Mon Jun 03 13:50:29 +0000 2024,self reward enggak kenal punya duit tabungin buat bangun rumah eh sekarang gaji mau potong buat gen biar bangun rumah korban lama muda sia dong bantu bangun rumah siapa,1,Positif
Mon Jun 03 12:41:11 +0000 2024,bahkan kayak gen sekarang muak banget tinggal negara putus makin enggak jelas jujur gue kalo lulus dunia kuliah gaji puluh juta enggak pakai mikir langsung mau pindah negara tetangga jelasjelas lebih maju,4,Positif
Mon Jun 03 12:39:31 +0000 2024,gen mah mau tiket konser murah woi lihat noh tiket konser harga kali gaji gila apa,1,Positif
Mon Jun 03 12:37:13 +0000 2024,ah pakai gen buat alesan pak gen kena lgian banyak orang prioritas gaji buat biaya hidup rumah,2,Positif
Mon Jun 03 12:21:43 +0000 2024,gen bayar wkwkw gen baru punya gaji kena enggak tau tuh kapan punya rumah,1,Positif
Mon Jun 03 11:59:56 +0000 2024,selalu salah gen jangan repot pak waris bpk ku sawah sama tanah gaperlu lah tapera juang hidup masing kalau mau kredit subsidi fasilitas jangan jabat ngemis macam karyawan gaji jabat potong,-6,Negatif
Mon Jun 03 11:59:52 +0000 2024,peel gen enggak dibuatin rumah dulu baru potong gajidicicil sesuai mampu,1,Positif
Mon Jun 03 11:57:37 +0000 2024,pak bagaimana banyak gen generasi sandwich mana gaji gin butuh naik terus minta bantu naikin gaji masyarakat pak aaaksosjsj inflasi naik gaji seginigini pak jangan kan mikir rumah mikir nikah pikir pak,0,Netral
Mon Jun 03 11:55:55 +0000 2024,gen gaji habis buat ngopi cantik biaya terapi psikiatri beli barang lushyu guna lagi tanda tanda kiamat banyak muncul who need a house,-1,Negatif
Mon Jun 03 11:51:12 +0000 2024,oi tapera memang gen rencana buat punya rumah minta mati muda enggak mau hidup lama tua jadi biar hidup masa muda pakai duit gaji sendiri kagak usah lu recokin jingggg,-4,Negatif
Mon Jun 03 11:45:31 +0000 2024,gen gen mau generasi apa kalo gaji enggak naik harga rumahtanah naik terus enggak mas,1,Positif
Mon Jun 03 11:14:36 +0000 2024,enggak semua beban perintah lhaaa terus masa dibebanin gen sandwich generation gaji umrnya pakai biayain keluarga sih pakkkkkk,-2,Negatif
Mon Jun 03 11:01:10 +0000 2024,anjir gen kena mulu sial deh perintah sumpah dahal lebih butuhin kerja anjir kerja gaji layak sini banyak usaha gaji enggak umr bawah banget tambah loker tentu kualifikasi kudu begini,2,Positif
Mon Jun 03 10:37:40 +0000 2024,kalo memang target buat tunjang ekonomi gen biar punya rumah masa depan ain dong program rumah siap huni murah layak kasih subsidi perintah motong gaji naikin umr luasin lapang kerja syarat strict banget,7,Positif
Mon Jun 03 10:37:30 +0000 2024,pak yaallah pak mau nabung gen gaji enggak berapa harga jual buat perlu hidup setinggi langit,4,Positif
Mon Jun 03 10:34:03 +0000 2024,gen diam diam padahal enggak punya rumah gapapa penting hidup tenang sadar diri lah pokok gaji umr buat hidup sek napas beli rumah,3,Positif
Mon Jun 03 10:21:16 +0000 2024,padahal gen enggak punya rumah butuh naik umr segitu umr segitu gaji bwh umr lebih banyak,1,Positif
Mon Jun 03 10:20:57 +0000 2024,mau bantuin biar gen punya rumah gaji kecil terus potong segala tetek bengek bukan punya rumah duluan tinggal duluan,1,Positif
Mon Jun 03 10:18:12 +0000 2024,gen bagaimana mau punya rumah pak cari kerja batas usia banyak calo syarat tentu masuk nya banyak enggak masuk akal sekali kerja gampang masuk gaji bawah juta mau beli rumah mikir pak mending buat makan,0,Netral
Mon Jun 03 10:04:34 +0000 2024,padahal mimpi gue enggak punya rumah fokus sama eh tepera seoalah anggap rumah impi gen pak impi gen tuh kerja enak gaji gede,6,Positif
Mon Jun 03 10:03:03 +0000 2024,pil pahit kepala lu peyaang lo kira potong gaji nih kena nya gen doang mikirrr dong pakai apa beli rumah duit nya enggak bakal cukup ah elaah,-4,Negatif
Mon Jun 03 10:01:43 +0000 2024,gen butuh kerja pak gaji cukup boro pikir rumah buat makan jajan muter otak dulu cukup enggak bulan,-2,Negatif
Mon Jun 03 09:42:26 +0000 2024,enggak usah jauh pikir rumah buat gen banyak dulu lowong kerja sejahterain dulu masyarakat baru bikin peratura potong gaji ngadi memang,0,Netral
Mon Jun 03 09:42:23 +0000 2024,gaji berapa harga rumahtanah selalu naik salah gen eventhough i sama gen,2,Positif
Mon Jun 03 09:37:28 +0000 2024,peduli lagi kata gaji rata gen juta nya arti misal tahum kerja cuma juta sekian rumah mana harga segituuu gaji nih juta bulan,3,Positif
Mon Jun 03 09:16:48 +0000 2024,aneh banget kalo memang enggak mau gen enggak punya rumah perintah bikin bijak biar harga rumah murah bukan malah ngambil rakyat mulu udahmah gaji segitu doang potong,2,Positif
Mon Jun 03 09:07:47 +0000 2024,terima kasih pak sandiaga jabat pikir rumah buat gen biar baik enggak nanggung enggak bapak serta menteripejabat sisihin uang gaji tunjang kalian banyakk,4,Positif
Mon Jun 03 09:07:03 +0000 2024,pak enggak mau pak mau pale cara sendiri enggak usah atur gen pakai segala potong gaji sana sini,-3,Negatif
Mon Jun 03 09:05:47 +0000 2024,boro pikir rumah pak gen banyak nganggur cari kerja susah lapang kerja sedikit sekalipun kerja gaji potong banyak kalo sandwich generation minimal bijak batas usia kerja hapus dulu lah baru pikir rumah,-2,Negatif
Mon Jun 03 08:59:42 +0000 2024,buzzer tapera mau nipu masyarakat gen enggak beli rumah harga rumah naik gila gila gara gara inflasi gaji lu potong kasih bunga mau mampus enggak kebel rumah daya beli tapera turun drastis pas ambil pensiun,0,Netral
Mon Jun 03 08:54:00 +0000 2024,gen gen generasi bapak noh harus banyak turun lapang biar enggak banyak mau jangan kan mikir rumah mikir buat makan tiap hari alhamdullilah gaji indonesia enggak gede buat potong potong jadi sedekah rumah plis lah mikir,0,Netral
Mon Jun 03 08:45:40 +0000 2024,aneh jadi masalah kok gen enggak sanggup beli rumah harga rumah amp tanah mahal pemasukangaji gen enggak tabung beli rumah bukan terus bikin bijak enggak jelas jir mah akar masalah enggak bakal selesai,3,Positif
Mon Jun 03 08:15:30 +0000 2024,gen diam mana mkirin mental health minta kerja enak gaji gede cuma lulus sama derajat kagak mikir anak cucu lu mau kasih makan apa benar bukan cari kerja susah memang orang nya pilih kerja,-2,Negatif
Mon Jun 03 08:11:25 +0000 2024,boro boro pikir rumah gen tarung gaji rendah beban kerja sesuai pikir duit gaji potong hedeh,-3,Negatif
Mon Jun 03 08:10:01 +0000 2024,enggak tau gen tulang punggung pak gaji orang tua perlu rumah sisa nya baru nikmat,0,Netral
Mon Jun 03 08:07:59 +0000 2024,naik gaji sekarang enggak ikut inflasi duit lihat banyak tetap enggak cukup buat beli rumah akhir duit pakai buat beli barang mau pakai apa terus sorot kata gaya hidup gen boros ngopi tiap hari jadi enggak beli rumah lah awal memang enggak cukup duit,2,Positif
Mon Jun 03 07:59:09 +0000 2024,bukan malah ngeberatin gen gaji umr kurang buat tapera,-1,Negatif
Mon Jun 03 07:43:20 +0000 2024,tinggal buka lapang kerja banyak gaji layak terus syarat gapenting hapus gaperlu lu pikir rumah gen,2,Positif
Mon Jun 03 07:37:43 +0000 2024,bantuin gen gaji sih pak lagi kayak hina banget orang enggak kebel rumah,0,Netral
Mon Jun 03 07:29:40 +0000 2024,bagaimana gen susah punya rumah properti makin mahal lahan makin sempit sekarang gaji kecil potong buat tapera,2,Positif
Mon Jun 03 07:18:17 +0000 2024,gen mau gaji naik pak bukan nabung tapera,0,Netral
Mon Jun 03 07:14:46 +0000 2024,pak gen pikir bagaimana cara biar kerja gaji naik soalny butuh hidup makin mahal tambah bijak baru enggak ngotak terus memang perintah jamin kalo tapera bakal bersih ambil entar kayak mls dikibulin mulu kayak orang tolol,-2,Negatif
Mon Jun 03 07:02:26 +0000 2024,mending gen kasih lapang kerja banyak kak syarat gaji masuk akal,1,Positif
Mon Jun 03 07:00:51 +0000 2024,guru gen nih makan gaji buta doang mending enggak usah jadi guru deh tahi kalo masuk kelas gantung mood mah,-3,Negatif
Mon Jun 03 07:00:00 +0000 2024,gen baru mau tata hidup hadap gagal perintah kendal naik harga komoditi pasar subsidi rangin sulit tambah agenda potong gaji dalih tabung mau bahagia bagaimana,1,Positif
Mon Jun 03 06:55:26 +0000 2024,gila alas gen mulu i mean enggak apa deh perintah mau tapera apa gaji umr naikin mau enggak gaji pas pas mau potong bayar tanggung banyak deh lah enggak tau apa rakyat nya banyak sandwich gen,-4,Negatif
Mon Jun 03 06:49:00 +0000 2024,gen enggak punya rumah kalau generasi kalian enggak renti jadi rumah investasi kalau kalian enggak renti korupsi uang rakyat kalau gaji enggak dinaikkin sesuai naik segala biaya bagai bidang,-2,Negatif
Mon Jun 03 06:15:57 +0000 2024,gen mau tonton konser dipajakin mahal gen mau beli printilan pop dpajakin becuk mahal gen mau beli makan enak ppn mau naik gen mau nabung potogan gaji gede ngana gen pikir mau beli rumah pilih kalo enggak psikolog psikiater,3,Positif
Mon Jun 03 05:29:19 +0000 2024,waduh harta rumah bu sri kok banyak banget enggak puas milenial gen mau peras potong gaji dalih tabung kalau ambil pas pensiun enggak beli rumah,1,Positif
Mon Jun 03 04:52:47 +0000 2024,gen nabung lah pak biar rumah jangan mau gaji tinggi mulu,0,Netral
Mon Jun 03 04:30:08 +0000 2024,iyadeh iyaaaaa gen memang enggak bakal punya rumaaahhh bagaimana mau punya rumah orang cari kerja susah mati gaji banyak potong batas usia banyak banget monyet,0,Netral
Mon Jun 03 03:38:37 +0000 2024,umur gaji juta tanya begini biasa chatgpt just for fun bukan menfess mah gen ngenes anggur baca,-3,Negatif
Mon Jun 03 02:29:24 +0000 2024,esensi nya kalau tapera buat bantu masyarakat punya rumah syarat kpr minimal cicil income jabotabek harga properti sekarang paling murah juta minimal gaji kudu atas juta juta gen nganggur approve kalo ajuin,2,Positif
Mon Jun 03 01:20:26 +0000 2024,rakyat gotong royong bagaimana kalau gaji presiden menteri pejabatpejabat semua gotong royong tanggung iur tapera seluruh rakyatgen gaji gede amp rangkap sana sini berat potong rakyat jelata tiap bulan kurang mau potong,-7,Negatif
Mon Jun 03 00:51:49 +0000 2024,gen apa apa nanyain gaji cari kerja apa cari gaji percaya deh kalo kerja kamu bagus gaji menyesuaikanyang penting isi dulu peluang kalo enggak sesuai kan mundur jangan mundur berjuangsemangat buat cari rupiah apa laku dulu,-3,Negatif
Mon Jun 03 00:27:21 +0000 2024,peel gen jadi kambing hitam padahal aku gagal perintah sedia lapang kerja beri sejahtera buat rakyat aku hayoh gaji gua potong pajak buat makan jabat perintah enggak ikhlas gua kalo kelen kerja ngang ngong,-1,Negatif
Mon Jun 03 00:18:08 +0000 2024,gen enggak punya rumah kalo kerja indonesia gaji umr,3,Positif
Sun Jun 02 23:32:41 +0000 2024,peel oohhh jadi aku sendiri kalo sekarang tuh mustahil buat gen beli rumah harga enggak ngotak si gaji sejahtera terus solusi semua rakyat paksa ikut tapera,0,Netral
Sun Jun 02 22:54:32 +0000 2024,enggak usah banget bro lo tahu kok kalo tapera akal lo pikir berapa gaji gen potong buat tapera berapa hasil tahun dana tapera ratus ribu pegawai keluar keringat orang dosa lu berapa gede sadar bro sadar,1,Positif
Sun Jun 02 21:53:05 +0000 2024,gaji buat rumah kaum gen bagaimana kalo gaji anggota dewan puluh juta potong gaji umr banyak sekali printilannya,-1,Negatif
Sun Jun 02 17:23:46 +0000 2024,jadi tanah amp properti investasi timbun harga lambung tinggi tamak amp rakus duli orang sekarang gen millenial amp gen rasa dampak semua rakus susah beli rumah harga naik tinggi tiap tahun banding naik gaji,2,Positif
Sun Jun 02 17:20:12 +0000 2024,enggak apa deh pak gen pakai rumah tinggal orang tua aja cekik model begini kalo memang mau potong gaji harga bahan pokok butuh hari bensin listrik pajak turunin dong malah mau dinaikin jamaah,-3,Negatif
Sun Jun 02 17:02:24 +0000 2024,gen padahal gen pusing cari kerja cari rumah konkrit deh pak lalu kalo gaji umr beli rumah dp terus gen tunggu tapera berapa tahun punya cucu duluan pak rumah jamin punya rumah awal byr pajak,3,Positif
Sun Jun 02 16:32:35 +0000 2024,nah lhoooooo jabat tinggi beri contoh timbun properti orang biasa suruh patungan gaji buat nyicil properti harga makin lonjak tahun tak kendali gara timbun horang kayak makanya generasi muda gen makin sulit punya rumah,0,Netral
Sun Jun 02 16:26:56 +0000 2024,peel kayak yakin gen bakal hidup usia pensiun lihat atur gonta ganti pengin cepat mati soal enggak kuat hidup lapker susah tuntut sandwichgen pajak gaji dikit masyaallah perintah dzolim kali allah,-4,Negatif
Sun Jun 02 16:07:42 +0000 2024,peel maksud lu gen enggak punya rumah kerja nyentuh usia pensiun salah siapa harga butuh naik drastis gaji umr naik susah malah mau potong buat program tabung perintah rentan jadi duit ghaib alias korupsi,1,Positif
Sun Jun 02 15:21:02 +0000 2024,biar gen kerja keras buat sukses kapai dimanjaaiin banyak nganggur atur kerja ribet sekarang manja iming mudah punya rumah iur rakyat sendiri enggak habis pikir enggak gaji jabat tuh ilangin,2,Positif
Sun Jun 02 15:10:30 +0000 2024,sempat baca hitung tapera gaji jtbisa kumpul juta lama tahun gaji sekarang sentuh angka juta sulit hitung umr tiap daerah beda terus gen kerja tahun bahkan lebih tempat kerja apa siap tampung,4,Positif
Sun Jun 02 14:51:06 +0000 2024,harga hp kali gaji melongoh banget enggak pernah bayang selalu beli hp bawah gaji pakai iphone enggak gengsi gapaham lah sama gen jaman sekarang,3,Positif
Sun Jun 02 14:38:28 +0000 2024,peel bilang gen ajar management uang buka lowong kerja banyak bukan malah mental emis bilang kontol kalau gaji kecil enggak usah beli barang mahal anjing,-4,Negatif
Sun Jun 02 14:18:14 +0000 2024,sekarang apa lo laku enggak nyesal doang ayo gen milenial bersatusuarakan terus kasihan emak pusing harga beras naik minyak goreng nak tarif dasar listrik naik orang tua kerja gaji bulan pajak jadi tapera korupsi semua negara,-3,Negatif
Sun Jun 02 13:48:47 +0000 2024,peel halah gaji jabat mending sumbangin buat gen biar kebel rumah,0,Netral
Sun Jun 02 13:05:19 +0000 2024,omong kosong bung sandi penting bukan tapera buat gen kerja gaji layak bukan umr ala omnibus law tapera kamuflase rakyat perah nambahin apbn kurang tambah hutang tapera bukan sedia rumah sedia uang kas buat apbn,0,Netral
Sun Jun 02 12:47:36 +0000 2024,baca sok bawa gen segala lalu enggak becus ngurusnya enggak usah lu rasa paling hak atas gajiduit rakyat,-2,Negatif
Sun Jun 02 11:44:40 +0000 2024,kalo niat nya bantu gen punya rumah dibaliknaja pak siapain dulu rumah gen tempatin baru nyicil lewat potong gaji bagaimana kalo mau bantu punya rumah lo niat nya,4,Positif
Sun Jun 02 11:13:08 +0000 2024,gen paling enak dibodohin enggak pernah rasai gaji umr buat bijak,2,Positif
Sun Jun 02 10:46:21 +0000 2024,jangan nyatut gen deh lu pakai otak dengkul enggak bakal hasil tapera gaji beli rumah memang beli rumah cuma pakai dp doang enggak bayar cicil,0,Netral
Sun Jun 02 10:40:11 +0000 2024,lu mau bodoh rakyat berapa hasil tapera jangka waktu maksimal tahun tabung gaji berapa harga rumah gen mana gen banyak nganggur,5,Positif
Sun Jun 02 10:23:23 +0000 2024,patut esok staff baru nk masuk deh deal gaji and everything tadi msg confirmkan tak jadi nsb baik msg kalau tak mesti ghosting je gen nih suka sangat ghosting eh kalau bab macam nih je bgtau awal sok kitorang cara staff,-5,Negatif
Sun Jun 02 10:08:29 +0000 2024,pov pikir milyar gen dunia kerja semangat apply loker guys moga kerja gaji minimal umr bekas,3,Positif
Sun Jun 02 09:44:24 +0000 2024,peel bagaimana kalo gaji menteri potong bantu gen,-1,Negatif
Sun Jun 02 08:52:27 +0000 2024,laksono sekian kali perintah cari jalan instan selesai masalah phl samsek enggak nyentuh titik masalah sendiri gen biar punya rumah stabil ekonomi kurang inflasi kok malah potong gaji hadehhh,-4,Negatif
Wed May 29 09:12:10 +0000 2024,baca corusel tapera komen begini mikir mungkin alas gen millennial gen suka pindahpidah tempat kerja enggak naik gaji dude potong naik tahun sih pph enggak tolong sama naik gaji tahun,1,Positif
Wed May 29 09:00:57 +0000 2024,gue gen not rich gaji gue tempat kopi gue tagih beli tanah properti orang tua lu tajir bgst,-3,Negatif
Wed May 29 06:58:03 +0000 2024,kualifikasi banyak mau gaji enggak sesuai lembur gas enggak terima kritik katai pilih pilih kerja adu nasib nya selalu sudut gen hadeuhhhh,-1,Negatif
Wed May 29 06:07:35 +0000 2024,iur tapera potong gaji yakin gen beli rumah pensiun,0,Netral
Wed May 29 05:48:29 +0000 2024,harga tali tara potong tapera gaji pertama gen,1,Positif
Wed May 29 05:25:29 +0000 2024,terus gen bilang banyak mau amp pilih pas kerja badjingan perintah enggak support rakyat kasih fasilitas makmur malah tambah masalah buat iur baru diptong gaji kryawan sekian kaliny rezim bukti enggak mikir alias tolol,2,Positif
Wed May 29 04:14:39 +0000 2024,gen disalahin anggap malas kompeten membuangbuang waktu aktivitas anggur kemudian resurjensi bangkit cari kerja susah payah habishabisan matimatian habis kerja remunerasi gaji potong sedih,-6,Negatif
Wed May 29 03:53:34 +0000 2024,logika umum laku kredit rumah gaji paling lama tahun gen kalo arti butuh tahun harga rumah stagnan lama tahun tolong enggak gampang loh bodoh,2,Positif
Wed May 29 03:43:15 +0000 2024,miris banget nglihatnya tahun tahun pengganguran makin tambah indonesia anak gen aku saran nganggur yuk coba kerja luar negeri gaji lebih sempat kerja buka lebar buat kamu sumber,5,Positif
Wed May 29 03:05:48 +0000 2024,gaji potong tapera tabung rumah rakyat tahun depan potong gaji perintah nama taman tabung mahar nikah tuju program bantu gen bayar mahar nikah mulai kendali,3,Positif
Wed May 29 03:02:05 +0000 2024,gaji makin kicik pajak makin naik sehat sehat gen moga rumah impi bangun the sims jadi nyata,3,Positif
Wed May 29 02:37:21 +0000 2024,kalau gaji potong tapera buat bangun rumah yaelah gen enggak mau bangun rumah malah bangunin bantu gen bantu enggak tau diri,-1,Negatif
Wed May 29 02:14:24 +0000 2024,kpr dp bunga murah amp angsurqn tahun btn misal jadi pakai sense buat gen amp gen punya gaji tbulan misal beli apartemen bed room tinggal masuk koper harga jtan cicil bulan juta an ngantongin duit jtan buat transport amp makan,3,Positif
Wed May 29 01:30:33 +0000 2024,kasihan banget gen cari kerja enggak bantu negara kerja gaji potong mulu sama negara,2,Positif
Wed May 29 00:13:19 +0000 2024,gen memang mental mudah serah mau cepat semua sabar titi karir rata mau instan gaji besarini enggak klop dunia usahapekerjaan banyak iya sisi usaha pikir ulang terima gen karakter,1,Positif
Tue May 28 23:15:06 +0000 2024,gen kemarin koarkoar enggak mau punya rumah kapai punya rumah punya rumah enggak penting terus sekarang bagi gaji potong buat tabung rumah rakyat tapera,8,Positif
Tue May 28 15:56:39 +0000 2024,ku mau tanya sabagai gen kok perintah makin lama makin banyak bijak enggak bayang pas gue kerja besok pas gaji pertama eh malah kena potong pajak lah tapera lah bpjs lah banyak,2,Positif
Tue May 28 15:02:02 +0000 2024,aku gen malah pengin beli rumah atas nama sendiri motor mobil atas nama sendiri apa daya gaji enggak pernah naik potong makin banyak,-2,Negatif
Tue May 28 14:37:16 +0000 2024,biar gen rasa zaman orba isi jabat eksekutif lembaga publik bumn saing sama orang militer pensiun militer orang sekolah biaya gaji negara jadi perwira kalian kuliah biaya sendiri mahal,-1,Negatif
Tue May 28 14:13:22 +0000 2024,be gen dicengcengin generasi atas susah kerja sekali kerja dibegobegoin bayar murah lalu jual mimpimimpi gaslight gapapa kerja keras gaji canda didik mahal ancam ai susah punya rumah sendiri,0,Netral
Tue May 28 14:02:47 +0000 2024,gaji potong buat tabung beli rumah padahal gen cuma butuh someone talk,0,Netral
Tue May 28 13:06:07 +0000 2024,kemarin lihat miris berita juta gen nganggur ukt mahal gaji mengsedih ratarata juta pikirpikir kasihan gen masa siiiih gen sedih malah banyak gen mincot very inspiring contoh enggak gampang tetap punya mimpi,3,Positif
Tue May 28 12:52:27 +0000 2024,unpopular opinion latest gen born amp gen ideal sekarang childfree child opsi gue kelak kalo mau child mostly anak keluarga lama dekade akhir sila asal punya gaji juta amp jamin layak family,0,Netral
Tue May 28 12:37:31 +0000 2024,kemarin banyak katai millenial jilat pantat atas enggak kayak gen juang benar dulu millenial sama kok cuma sekarang lebih pilih diam aja ada serba susah cari kerja susah gaji enggak naik barang naik kerja aman,-1,Negatif
Tue May 28 11:14:02 +0000 2024,perintah tau banyak gen pilih bundir terus bikin tapera tapera mayankan nanti gaji potong terus duit ngendap,-4,Negatif
Tue May 28 09:22:07 +0000 2024,potong gaji millenial gen punya rumah hey njop tiap tahun naik terus npoptkp tahun oleh jual beli laku sekali umur hidup,2,Positif
Tue May 28 08:08:55 +0000 2024,lira gagal ente jok buka lapkerja juta gen milenial menganggurskrng hasil warga kerja usaha sendiri pontang panting potong gaji mrkbajingan tengik jgkl memang pem mau mmbantu sedia perumahannyannti suruh warga cicil,0,Netral
Tue May 28 07:04:32 +0000 2024,soal potong gaji tapera aleg pks minta perintah perhati kelas tengah gen kerja mandiri,-2,Negatif
Tue May 28 06:10:33 +0000 2024,nah jangan salah milenial sama gen punya rumah sering jajan kopi ngonser mau nabung dp berapa tahun kalo gaji umr harga rumah jarak wajar buat pp kantor ugalan,5,Positif
Tue May 28 05:38:34 +0000 2024,gaji kerja bakal potong tapera anggota dpr minta gen lebih perhati tempobisnis,0,Netral
Tue May 28 04:59:23 +0000 2024,gaji potong buat tabung beli rumah padahal gen butuh someone talk,1,Positif
Tue May 28 04:31:35 +0000 2024,lucu tau aku gen pengin beli rumah asumsi gaji umr jakarta deh juta kena tapera save bulan kali tahun baru juta inflasi rumah apa btw,-1,Negatif
Tue May 28 02:50:44 +0000 2024,gaji potong ujung buat tabung masa tua kok ribut,-1,Negatif
Tue May 28 02:30:03 +0000 2024,aku rasa enggak cuma gen semua angkat kerja susah cari kerja lah kok tanya retoris mending subscribe ai sekian usd bulan gaji graphic designer,-3,Negatif
Tue May 28 02:22:41 +0000 2024,jadi gaji potong bulan terus hasil gaji mungkin pertama dibuatin rumah bukan dekat kontrakankosanrumah keluarga lu sekarang pokok jauh hidup warga gen cinta tanah lahir tabung lu ambil umur,-2,Negatif
Tue May 28 02:06:29 +0000 2024,kalo terus peres sama perintah gaji cuma umr doang gen title sandwich generation sih enggak sanggup benar pengin keluar indonesia pajak sama atur makin enggak jelas santet kalo halal deh gue laku kali,-1,Negatif
Tue May 28 01:59:34 +0000 2024,gen nganggur ken wisuda hari lusa pengin kerja gaji digit usaha perhati mental health,0,Netral
Tue May 28 01:13:12 +0000 2024,edan negara gue kapan kaya bgstttt gaji umr potong pajak potong tapera gaya hidup pas tetap susah nabung harga rumah makin enggak ngotak mau ngekos jendela susah n mahal gilir jajan dikit dicengin pantas gen gbisa beli rumah,0,Netral
Mon May 27 23:47:56 +0000 2024,ribut ribut masalah ukt nyata mau ngambil gaji karyawan enggak berapa harus clue waktu statement juta gen anggur perintah khawatir terima pajak kurang naikin ukt nyata alih perhati,-2,Negatif
Mon May 27 17:36:06 +0000 2024,pilih anak dominasi gen eh banyak nganggur bagaimana gaji potong tapera,-3,Negatif
Mon May 27 17:34:35 +0000 2024,pilih anak dominasi gen eh banyak nganggur bagaimana gaji potong tapera,-3,Negatif
Mon May 27 16:37:05 +0000 2024,begini adikadik gen kalau kalian nekat punya anak masa depan anak kalian bakal susah kuliah mahal kalaupun kuliah lulus susah cari kerja kalaupun kerja banyak potong gaji masuk buat tapera enggak jelas,-3,Negatif
Mon May 27 15:19:00 +0000 2024,pantas gen susah punya rumah wong banyak potong gaji,0,Netral
Mon May 27 15:07:06 +0000 2024,naik gaji dikit potong pajak ter gede potong bpjs sekarang potong tapera tahun depan ukt isu naik skema student loan buat anak gue beli rumah tinggi banget harga rezim kelas tengah benar buat cekak gen nganggur apa cuma pinjol,-4,Negatif
Mon May 27 13:34:44 +0000 2024,live now bahas soal gaji potong kondisi kerja gen prabowo pivot makan siang gratis banyak,2,Positif
Mon May 27 13:21:37 +0000 2024,gen enggak beli rumah bukan bikin regulasi milik properti mecahin bubble harga jual malah motong gaji rata semua atas upah minimum,1,Positif
Mon May 27 12:22:42 +0000 2024,gen gabutuh rumah butuh jamin pensiun jelas bpjs asuransi lain tindak tercover bpjs jujur bosbosnya lebih gila romusha telek nih negara gaji enggak berapa potong harga porsi kimukatsu,-2,Negatif
Mon May 27 12:18:33 +0000 2024,sering banget temu stigma gen terlalu bawa bawa sakit mental terlalu lemah soal kerja enggak dideket sedikit minta gaji selalu gede kerja enggak mau susah susah padahal enggak semua gen alhasil enggak kena imbas,-5,Negatif
Mon May 27 11:21:25 +0000 2024,bagaimana gen mau kerja kerja gaji dipotongpotong asa kayak hah kapai capekcapek kerja kalau ujungujungnya duit cuma lewat,0,Netral
Sun May 26 17:53:27 +0000 2024,trading tempat tuju gen gen alpha kaum milenial sulit meni gaji umrump ubah,-1,Negatif
Sun May 26 07:43:08 +0000 2024,kalau gaji takat nak reply email jam gen okay je bang tulah rata rata sekarang start gaji buat apa gen nak buat kerja sama parah macam gen millenial gen kali and boomer,2,Positif
Sun May 26 04:46:27 +0000 2024,kalo bilang gen malas tabok kepala adekadek kelas gue cerita kerja cafe ngumpulin botol bekas kerja warung kopi punya jajan sendiri perkara protes gaji tenaga enggak imbang bilang mental tahu dasar lo jiwa jajah,-2,Negatif
Sat May 25 20:36:08 +0000 2024,satu je bang malas nak serabut time hujung minggu kok bayar ciput je gaji ye ye je gen manja aku time cuti memang tak tengok mana ws,-2,Negatif
Sat May 25 14:20:25 +0000 2024,pengin gelar sarjana kerja gaji isi otak gen umum asli tuju tuhan tahu,5,Positif
Sat May 25 11:59:45 +0000 2024,thefob asli bang semua musuh tweet war gua lu doang paling lolot opini lu full lelucon bang gen gaji dijit kerja cuma jam inimah pegawai pabrik gaji dijit kerja cuma tentu konsumen layak layak apa oy lihat asal bunyi,-3,Negatif
Sat May 25 07:12:03 +0000 2024,gaji umr syukur sih cek arti aman buat gen gaji segitu,1,Positif
Sat May 25 04:52:45 +0000 2024,bukan gen manja gen dulu bodoh tolol ikut je apa bos kata sudah gaji kau je masa pencen bos deh kawen kali keta mercedes tukar tahun sekali,-4,Negatif
Sat May 25 03:41:07 +0000 2024,ah aku tak kira kau nak cakap gen manja sikit banyak kalau deh cuti cuti jelah nak tanya pasal kerja bagai bukan kira sometimes jenis ambil sempat aku deh bayar gaji kau sok buat je eh hello ingat orang takda family,-3,Negatif
Sat May 25 00:40:52 +0000 2024,bukan gen je bang marah aku mungkin deh off hp aku kerja bukan buat amal jariah kalau majikan kata kira ot orang i bayar you lah aku ikhlas nak naik gaji kira kira bonus apa teh bengap bukan main,-4,Negatif
Fri May 24 23:12:08 +0000 2024,salah satu sebab rasa gengsi cukup tinggi gen dapat kerja gaji padan kebutuhannyaterlalu pilih pilih kerja akhir justru susah sendiri,-4,Negatif
Fri May 24 22:32:42 +0000 2024,padahal awal cari karyawan nyarinya muda alias gen semua nenggg kalian cari muda alam layakmya karyawan senior biar gaji kecil kan,-5,Negatif
Fri May 24 21:16:26 +0000 2024,punya teman kerja gen anak bekas camat baru gaji atas umr dikit keluar kosan hampir juta cicil motor ribu bantu orang tua buat tambah cicil jadi sisa mentok juta buat butuh hidup tina pengin tuker tambah motor beat kredit adv,0,Netral
Fri May 24 20:21:48 +0000 2024,thefob gua jawab pakai tolol asli akak gua lu omong gaji gen dijit dijit cuma berapa persen kecil doang tod napak tanah bego gua curiga kayak lu deh enggak benar paham kondisi lapang gua milenial malu lihat opini lu,-5,Negatif
Fri May 24 20:11:25 +0000 2024,thefob sok omong tekstual sendiri omong gen gaji digit asli akak gua berapa persen bro gen punya dijit gaji populasi gen seluruh,-1,Negatif
Fri May 24 20:08:56 +0000 2024,thefob itumah sedikit orang banyak orang meanwhile berapa banyak gen punya gaji digit standard ganda lu bego,-1,Negatif
Fri May 24 18:33:41 +0000 2024,gen kasihan banget cari kerja susah nya tengah mati eh cari salah nya apa generasi nya enggak sadar zaman ubah cari kerja tuh enggak gampang jaman lu kalo orang resign gaji enggak sesuai sama effort memang salah,-3,Negatif
Fri May 24 15:23:54 +0000 2024,dengar cerita bos tempat perangai sial kawan aku kena kacau on weekend tahan kerja stay late night ot tak bayar gaji lambat kena maki bos bukan soal manja tak manja bukan gen mental kau nak hadap kau hadap sorang,-4,Negatif
Fri May 24 15:18:24 +0000 2024,aku bukan gen rasa nak hempuk bila term kena tolak ansur company like kau bayar gaji waktu kerja tau thats law jam on weekendph kau bayar lah orang tak heran against law tolak ansur alahai buto,-5,Negatif
Fri May 24 13:26:10 +0000 2024,gaji rbhari sempat mau keluar kerja tempat enggak dibolehin sama bos mungkin gen kerja tempat mbak malas enggak betah mungkin salah tempat kerja kalo enggak rayu bagaimana cara karyawan loyal,-3,Negatif
Fri May 24 12:25:29 +0000 2024,angka partisipasi kuliah enggak turun btw lihat berita juta gen enggak kerja enggak sekolah orang kuliah meaning biaya kuliah jauh atas mampu rata rata while gaji terlalu kecil kalo mau lanjut kuliah orang padan kuliah mahal,1,Positif
Fri May 24 12:10:03 +0000 2024,tengok muka macam gen acah lebih matang nak berfikiran macam boomer gaji bayar based on working hours je gedik nak justify kena kacau time weekend deh pergi mampus opinion kau lah lahanat,-1,Negatif
Fri May 24 11:46:14 +0000 2024,gue pernah punya staff gen datang selalu telat jam balik siap biar jam balik langsung mencet absen diomongin baik enggak diomongin tegas enggak potong gaji enggak mempan enggak inisiatif sibuk main hp akhir gue pecat,-4,Negatif
Fri May 24 11:44:03 +0000 2024,bukan gen tak tuju lah pasal weekend nak kena kerja jam bos bayar tak gaji kerja jam kalau lupa kalau bayar lupa orang nak rehat rumah eh malah suruh buat kerja,0,Netral
Fri May 24 11:32:33 +0000 2024,balik balik gen gen kepala buto gaji cam sial,-3,Negatif
Fri May 24 11:31:56 +0000 2024,sukat gen lah keje banyak gaji takat je,1,Positif
Fri May 24 11:13:51 +0000 2024,gen tak gen lah bos gaji besar sedap lah cakap cuba ajar respect masa orang,2,Positif
Fri May 24 11:09:52 +0000 2024,fo benefit company ciput gaji below average waktu kerja kena balik lambat hati cakap gen nih manja gaya sembang ibarat tiada hari esok,0,Netral
Fri May 24 09:16:59 +0000 2024,ibu sibuk banget katai gen gin gen begitu tuduh aku enggak pernah nabung kata aku tonton terus padahal aku tonton bulan sekali hasil nabung segala gaji aku anggarin buat apa aku jelasin belio tetap gapercaya capek tuduh enggak atur duit,-2,Negatif
Fri May 24 09:10:42 +0000 2024,aku bukan gen aku tengok nih deh biasa sangat culture kerja mampos tanda kau orang hebat amp bagus walhal kau kerja hempas pulas gaji tetap bawah tak kesi kau rasa hidup macam kerja tak rehat,-1,Negatif
Fri May 24 05:26:09 +0000 2024,ooooh jangan salah gue berkalikali minta sesuain gaji anggap gue mampu ngerjain semua ditawarin jadi karyawan tetap enggak kerja gue muas sekali keluh bakal lihat gen malas gen tukang ngeluh,-3,Negatif
Fri May 24 05:23:15 +0000 2024,gue bocah workload lebih gede senior jam kerja pagi maghrib gaji underpaid kerja tepat waktu atas gue milenial boomers enggak harga gue yakin sih nih kalo gue minta ringan katai gen tukang ngeluh,0,Netral
Fri May 24 04:21:04 +0000 2024,not until a year ago kakak gue resign apa karyawan minta naik gaji mulu suka salahsalahin orang kasih tau malah ngeyel gilir sentil atas lgsng diam cuma laku gen kali sih gen nya malah tahan saat millenials deh kabor,-2,Negatif
Fri May 24 02:24:01 +0000 2024,wtf with society huh enggak masalah sih standard tiktok but how bout standard hrd linkedin gtgen personal branding gtgen alam magang gtgen mau kerja tekan gtgen top university lu gaji tengah umr wtf,2,Positif
Fri May 24 02:18:39 +0000 2024,gen tarung terus loh padahal mau kuliah ukt tinggi mau organisasi danusan gede mau magang walaupun unpaid mau kerja walaupun gaji under umr masuk kerja ketemu bapak suka verbal sexual abuse wkwkwkwkwkwk semua waris generasi atas,0,Netral
Thu May 23 23:54:42 +0000 2024,kapan lalu sharing sama rekan kerja deh seniorsenior layak gen hamba sahaya mikir bagaimana cara beli rumah gaji cuma segitu terus nasehat semua sama yakin jalan bakal luar nalar,4,Positif
Thu May 23 23:18:46 +0000 2024,sama jaga toko cuma suruh ngepel dikit sama lap kaca kagak mau pernah libur minggu gaji telat ngamuk gen malas an banget,-3,Negatif
Thu May 23 23:12:39 +0000 2024,ngadepin karyawan gen memang bikin naik darah kasus baru bulan kerja minta resign enggak cocok sama gaji mau jadi tukang cukur nyata doi ngambil kursus jadi siangmagrib enggak tempat aku suami ndaakan naikin jadi kangcukur laaah sapalo hebat wkk,-1,Negatif
Thu May 23 15:21:13 +0000 2024,enggak soal mudah diakalakalin buat gaji rendah bahkan enggak gaji sama sekali cuma gen doang minta spek malaikat ogah gaji sesuai beban kerja moga cepat bangkrut,-2,Negatif
Thu May 23 14:44:06 +0000 2024,juta gen nganggur negeri nya sendiri warga china datang tiap hari kerja gaji besar apa nih negeri indonesia ada darurat pribumi nganggur china datang kerja mudah,-3,Negatif
Thu May 23 14:39:32 +0000 2024,teman gua gen gaji enggak jauh kerja jam pagimalem bulan libur kali tetap rajin kerja kesel nyinyir gen malas pilah pilih gua teman millenial kesel banget generalisir gen,-4,Negatif
Thu May 23 11:44:28 +0000 2024,punya gaji tetap keluh enggak cukup punya gaji plus tunjang kerja keluh tukin sering telat usia pensiun cokol enggak mau ganti juta gen anggur ong freya sama,5,Positif
Thu May 23 11:38:47 +0000 2024,gen enggak mau kerja loh orang buka loker kayak kerja rodi buka jam jam malam mana gaji cuma juta jabodetabek,0,Netral
Thu May 23 11:31:56 +0000 2024,orangorang begini nemu gen znya mana sih udak kerja usaha mayoritas isi gen mayoritas tau diri punya alam jadi mau kerja maksimal buat gaji umr butuh alam usaha pertama atur taruh hp loker fine,2,Positif
Thu May 23 10:59:54 +0000 2024,lo salah hire orang mbak wkwkw teman gue banyak gen doi nikmat kerja dikerjain sekarang padahal gaji under juta wkwkw mending hire tementemen gue sini mbakk,1,Positif
Thu May 23 10:26:53 +0000 2024,gen enggak tahan of course gaji kasih orang tua pensiun punya adek mau masuk kuliah nikah enggak pikir,-2,Negatif
Thu May 23 09:38:11 +0000 2024,wah wah wah kau punya perangai lepas habis solat terus melulu macam je bukan nak ambik lipat balik jadah kau orang gaji kau kat ofis nih nak kena lipat kakak cleaner lah lipat lepas kau blar budak gen paling bangang,-4,Negatif
Thu May 23 09:36:11 +0000 2024,terus gen disalahin kontol lah gaji minimal minta tenaga maksimal,-1,Negatif
Thu May 23 09:31:42 +0000 2024,lalu jangan tutup mata betapa susah buruh kerah putih indonesia mau serikat buat protes layak gaji lingkung kerja rasa kata buruh serikat cuma buat orangorang kerja pabrik harihari debatin gen mulu,-3,Negatif
Thu May 23 09:15:50 +0000 2024,rakyat lebih butuh sempat kerja puluh juta gen mengaggur gaji buruh layak beri makan siang susu gratis,2,Positif
Thu May 23 08:36:58 +0000 2024,bingung mau bagaimana soal kantor gue gen awal justru kayak begini gen middle ish loadnya lebih banyak lebih rajin heran gaji load lebih dikit lebih gede load banyak,-1,Negatif
Thu May 23 07:57:15 +0000 2024,luar konteks lagi siapa berani minta gaji tinggi gen betah banget sama umr berapa lama enggak naik naik padahal semua inflasi,1,Positif
Thu May 23 07:49:17 +0000 2024,gen pernah masuk kantor kasih juta ambek mau gede alam kerja minggu aju naik gaji cuma suka nongki bengong alesan bukan passion gaji terima bikin surat mikir ber lama salah,-2,Negatif
Thu May 23 07:41:21 +0000 2024,gaji juta jam kerja jam plss jangan pukul rata gen sumpah soal bukan gen kerja bareng sama sama kayak gua bikin darting kayak tulis jadi gen punya kok orang kayak begini balik enggak sih sama pribadi orang masing,-2,Negatif
Thu May 23 07:32:26 +0000 2024,rill cowok gue gen lahir malah semangat kerja tinggi banget njer gaji juta jam kerja jam dijabanin kata asal fasilitas lengkap jadi gaji dikeep mah juta jam oke wkwk,6,Positif
Thu May 23 07:27:41 +0000 2024,kak aku gen dulu waktu gaji awal awal aku segitu aku kerja jam kak,0,Netral
Thu May 23 06:51:43 +0000 2024,mana spill dong gen bilang gaji juta jam kerja jam workload,2,Positif
Thu May 23 06:43:13 +0000 2024,yaudah jangan menang kalau masa depan enggak beli rumah rental price jadi makan gaji lu bulan enggak apa kan mau gen kalau rumah sama jadi juta kayak enggak punya otak pikir,-1,Negatif
Thu May 23 06:40:50 +0000 2024,kalau mulu argumen goodluck pensiun jangan harap punya rumah logika geser gen memang ajaib mana blok tau diri kalau gaji umr cuma nyicil rumah subsidi jadi tetap ambil enggak kayak lu banyak minta enggak ngotak,-6,Negatif
Thu May 23 06:32:59 +0000 2024,lagi gen kalau nyata enggak sesuai harap lu jangan malah salah orang tau diri kalau mau rumah harga sama akses naikin gaji lu dulu minim juta bukan harap gaji umr punya rumah akses nama enggak ngotak,0,Netral
Thu May 23 06:01:51 +0000 2024,lama benar juang hak lewat bagai aktivitas serikat buruh millenials amp gen kali bukan gen tuntut naik gaji pribadi amp merjuangin hak kerja beda deh,-2,Negatif
Thu May 23 05:06:31 +0000 2024,wajib si syarat kgk ngotak enggak uang lembur wajib pakai banget kudu cakep gaji cuma an ngotak dikit sih bukan cuma gen nolak gen ogah,-7,Negatif
Thu May 23 04:50:51 +0000 2024,tl sliweran keluh kerja gen ruwet akhire aku pikir kalo misal sistem kerja kamu kasih deadline tanggal gin bebas mau leyeh leyeh mau nyambi freelance cangkruk penting tanggal gin deh selesai kalo enggak selesai potong gaji sesuai rugi project,-4,Negatif
Wed May 22 13:56:44 +0000 2024,those boomers lihat celah kalo gen pakai tugas beberapa orang gaji nya orang and when gen refuse that system langsung deh omong bawa bawa mental kata mental stroberi lah tempe lah wthver is thatt,-2,Negatif
Wed May 22 13:18:29 +0000 2024,juta gen ri nganggur soal gen mau gaji besar kerja ringan worklife balance nomor tanggung jawab nomor sedih jadi gen selalu jadi korban generalisasi,-3,Negatif
Wed May 22 12:43:58 +0000 2024,gaji nya jauh harap gen awikwok,-1,Negatif
Wed May 22 11:50:32 +0000 2024,semua keluh boomer milenials gaji murah hrd hire enak asa tuhan lingkung kerja toxic setrus valid sama valid gen sekarang enggak punya attitude baik memang mau instan instan dua benar,3,Positif
Wed May 22 11:36:34 +0000 2024,gen cuma mau kerja gampang gaji tinggi gen mau kerja mentingin mental health mana gen gen,1,Positif
Wed May 22 11:15:25 +0000 2024,ngeluh kerja sama gen gaji kasih cuman biayain gen lamar milenial ngeluh minta bayar mahal deh nikah susah punya anak ribet rumah jauh kerja sama batang tebu lu,0,Netral
Wed May 22 10:16:40 +0000 2024,gen gen memang banget butuh kerja penting gaji mah ayo ayo kasih tekan gimanapun nah punya relasi patut tanya relasi tentu entah orang tua kakak saudara memang punya mampu kuasa buat nitip,4,Positif
Wed May 22 10:16:29 +0000 2024,mending resign paksa kerja isi jobdesk orang jadi satu gaji bawah umr mu bagaimana dah kalo usaha melek hak pegawai aku sih enggak apa gaji kecil kerja jam nine five kayak apa sih bjir minimal tuh manusiawi kudu melek gen usaha,-4,Negatif
Wed May 22 09:40:45 +0000 2024,kata mau enak enggak mau terima gaji kecil inisiatif padahal gen cuma pengin kerja sesuai gaji dapat,0,Netral
Wed May 22 09:30:17 +0000 2024,sulfat bacot gua angkat kerja usaha isi senior umur atas pulang paling malam selalu gua teman handle kerja soal enggak becus gua teman gaji kali lipat gua teman salah gen mulu memang usaha lo enggak beres,-6,Negatif
Wed May 22 09:04:40 +0000 2024,boomers pensiun gen kali sih tanya gen suka kabur judging tempat kerja toxic tuntut worklife balance padahal enggak balance lama terima gaji indak suka angkat telepon padahal sih beri kerja enggak biasa chatting,-1,Negatif
Wed May 22 07:47:06 +0000 2024,lah tempat kerja gue lama gen justru toxic baru masuk beberapa bulan minta naik gaji habis ngejulid sama geng terus tiap anak baru ngerumpi ngehasut olah kantor salah benerpfffttt,-3,Negatif
Wed May 22 07:28:22 +0000 2024,siap gen sih paling kurang gaji,0,Netral
Wed May 22 06:38:10 +0000 2024,banyak protes kok gen offer gaji setinggi langit lihat alam skill punya kalau oke rasa enggak mampu gaji skip enggak usah masalah enggak heran banyak pilih kerja remote luar negeri orang freelance,-2,Negatif
Wed May 22 06:21:32 +0000 2024,masalah properti benar ngefek generasi sekarang bahkan bukan cuman gen banyak millenial pusing cari rumah career level kantor sekarang lumayan gaji lumayan banding umr tetap keteter mau beli properti,-3,Negatif
Wed May 22 05:59:56 +0000 2024,bravob organisasi sejak an buka kembang amp buka cabang dia sekarang situ doang tantang digitalisasi demikian advance eh gen nya dar jadi junior mana gaji pokok enggak wkwkwkwk boomer tolak punah,-3,Negatif
Wed May 22 04:13:23 +0000 2024,gen kalo perhati spending habitnya boros gaji enggak berapa punya iphone pro max,0,Netral
Wed May 22 04:02:56 +0000 2024,gue fresh graduate benar enggak berekspetasi apa pikir gue gapapa deh gaji underpaid jangan banget gue benar enggak berekspetasi apa panggil kerja sekarang begini disalahin gara gen wkwk,-6,Negatif
Wed May 22 03:55:48 +0000 2024,salah gen perkara karir lo mending diam kalo lo cari intern unpaid staff kontrak per satu tahun gaji under umr thp bikin kualifikasi fresh graduate welcome and max age tahu jobdesc rangkap divisi,-2,Negatif
Wed May 22 03:53:19 +0000 2024,kalo gen jaman kerja bosny generasi apa bosny bnykn mau kerja kryawan upah minimum mungkin kryawan kerja budak lembur enggak gaji cari fresh graduate byar gaji lebih murah kmampuan fresh graduate dibndngkn mulu sama senior,-2,Negatif
Wed May 22 03:40:59 +0000 2024,kak aku gen mending loker kasih aku deh kakak jelasin aku normal punya alam belum gaji segitu cukup banget gilaakkk,1,Positif
Wed May 22 03:10:09 +0000 2024,pernah punya bawah gen kali semua alem manja enggak mandiri amp enggak mau cari tau sendiri padahal ajar semua kerja enggak sesuau jobdesk amp baik kasih gaji umr ngeluh tahi tahi,-7,Negatif
Wed May 22 02:55:55 +0000 2024,nasib gaji seuprit ekspektasi setinggi langit sukur gen sadar jangan milenial enggak sadar kerja keras waktu enggak harga,1,Positif
Wed May 22 02:49:22 +0000 2024,gen belum sibuk numpuk properti jadi harga properti harga ngawur terus gen disalahin enggak punya aset lo mikir gaji umr juta suruh beli rumah petak harga sama mau suruh nabung mati,3,Positif
Wed May 22 02:39:18 +0000 2024,dong hepi kalau ngikut pola pikir gen enggak jadi apa apa gue nih mending nganggur kerja gaji kecil kata,-4,Negatif
Wed May 22 02:23:38 +0000 2024,cari gen fresh graduate alam minimal tahun maksimal umur tahun gaji bawah umr kabupaten,-2,Negatif
Wed May 22 01:57:59 +0000 2024,beri kerja posting loker syarat ajaib gaji underpaid kok gen malas kerja,1,Positif
Wed May 22 01:49:52 +0000 2024,normal kalo gen posisi frontliner gaji minimal rp juta kalo enggak arti usaha masalah,1,Positif
Wed May 22 01:49:11 +0000 2024,sulfat ekonomi indonesia jeblok kerja worth sekarang jarang paling cuma pnsbumnswasta gede tuntut vs gaji banding kerja swasta biasa sekarang banyak minta banyak gaji kecil anak gen wajar enggak ngrasa worth mending ngegojek bkebun,-3,Negatif
Wed May 22 01:48:13 +0000 2024,akhir apa ambil kerja apa walaupun kerja jam enggak libur seninminggu gaji juta kalo hrd semua nganggep gen buruk kayak begini bagaimana hidup anak gen rela pontang panting buat depan,-3,Negatif
Wed May 22 01:42:54 +0000 2024,aneh lihat orang protes gen enggak mau kerja umkm padahal wajar umur sekarang gen pilih kerja tempat gaji layak work,0,Netral
Wed May 22 01:39:52 +0000 2024,ekspektasi gen kait gaji lifestyle work life balance salah salah salah memang ada indonesia pahit banget gaji kecil medsos disuguhin glamor hidup selebgrampejabrut kerja berangkat subuh pulang malam salah buat bijak,-5,Negatif
Wed May 22 01:17:34 +0000 2024,wkwkw percaya banyak gen anggur tuh terlalu mikir gaji expected salary banding balik sama skill iya lu cumlaude lu apa wkwkwkwk capek,-2,Negatif
Wed May 22 01:17:00 +0000 2024,aku gen work life balance turut enggak ganggu kalo luar jam kantor jadi bisa mungkin kerja hari aku selesaiin hari inti enggak mau lembur masalah gaji matoknya umr enggak berani digit takut enggak banding sama skill punya,-2,Negatif
Tue May 21 15:19:09 +0000 2024,millennials yapping gen mula mau gaji umr kayak lu baru lahir langsung semua,-1,Negatif
Tue May 21 15:15:29 +0000 2024,gen kerja enggak mau bawah tekan anjir mau gaji gede kerja santai work life balance kena deadlineomelan langsung stres bahas mental health terus resign gilir nganggur picky work mau langsung gaji gedeperusahaan top realistis bukan idealis,3,Positif
Tue May 21 15:10:11 +0000 2024,gen this gen that gen gue rasai impact bobrok atas tempat kerja sekarang gue interview sama hrd ditawarin gaji bulan pertama juta boom bulan pertama coba konfirmasi kata ganti susun jabat,-2,Negatif
Tue May 21 15:09:08 +0000 2024,gen lebih cerdas pintar enggak mau underpaid sistem kerja modern tekan banding lurus gaji kalo mau tekan lebih gaji sila pilih millenials bu anak bini lalu terus salah kantor,2,Positif
Tue May 21 15:04:22 +0000 2024,sepakat dikit ngeluh story sepupu satu gen satu millenial kerja jadi awat anestesi millenial enggak pernah story sambat kerja capek apa padahal tempat kerja toxic habis gen rs enak gaji oke circle bagus sambaaaaat mulu krg krg,-1,Negatif
Tue May 21 14:59:26 +0000 2024,kasihan sama gen kenal kerja jago minta gaji naik enggak gubris kerja aco mulai salah orang padahal bentuk kecewa fyi drafter kalau level advanced enggak pantas bayar umr waktu palembang,5,Positif
Tue May 21 14:58:44 +0000 2024,jujur iya biasa kayak begini memang takut sama fakta gen paham work life balance kerja bukan jadi sumpah loyalitas keluarga raja ekspektasinya umkm orang lama tuh kerja lu loyal mau kerja luar job desc gaji minim,-3,Negatif
Tue May 21 14:58:24 +0000 2024,gen mane gue jakarta gaji juta gue jabanin,1,Positif
Tue May 21 14:54:44 +0000 2024,sekarang kata adik aku gen banyak papar konten gaji digit instant jadi kenal posting posting vt pamer tahun punya mobil beli rumah sendiri harga sama konten kayagitu ngebuat mau instant bahkan jadi malas cari tau kalo kerja salary berapa,-1,Negatif
Tue May 21 14:50:21 +0000 2024,nah wkwkw mengglorifikasi gaji kecil kerja banyak harus kalau kayak begini jangan benar lah kadang tuh orang cuma gelap mata terus tuduh kwwkkw lama batas wajar semua gapapa kok enggak dipungkiri gen memang aga problem,-11,Negatif
Tue May 21 14:49:48 +0000 2024,enggak sepenuh salah gen gue pernah interview kantor mami gue gen lahir an orang gue terima kerja minggu orang hilang padahal gaji hampir dekat umr kerja shift main hp beberapa pengin gaji super tinggi skill update,3,Positif
Tue May 21 14:39:55 +0000 2024,kantor banyak terima lulus genz kok syarat sama gaji atas umr plus uang makan mau opini gen banyak bilang enggak erti kondisi enggak banyak punya pikir maju kayak mbak nya rata mau enak doang bagaimana dong,3,Positif
Tue May 21 14:28:23 +0000 2024,aku gen tempat kerja ku gen lahir awal benar sebal banget enggak inisiatif sama lingkung enak mau gaji disamain sama senior kalo tegur atas nang kayak dunia mau runtuh,-1,Negatif
Tue May 21 14:16:42 +0000 2024,warman gue gen saksi sendiri teman gue gen tolak perintah atas terus gen lain tbtb resign kerja terlalu bikin nyaman like wow enggak mau suruh padahal jobdesknya minta gaji kalah gaji atas,-5,Negatif
Tue May 21 14:14:56 +0000 2024,gen maaf mnrt ku kadang terlalu punya ekspektasi tinggi enggak banding sama realita pengin gaji gede kerja santai mungkin banyak nelen akun flexing tiktok mentah based alam rekruit usaha pribadi,3,Positif
Tue May 21 13:59:31 +0000 2024,kak fasilitas kakak kasih jauh lebih baik beberapa usaha besar tau aku gen pas awal lulus aku langsung kerja modal surat terang lulus gaji jakarta jaga toko pagi malam mess cuma aku tahan bulan nombok terus wkwk,1,Positif
Tue May 21 13:54:36 +0000 2024,omong benernya kok nder gen sekarang terlalu lemah pengaruh sama nama mental health padahal nama kerja ikut orang wajar kalau tekan atas suasana kantor enggak nyaman mood orang sekarang gampang ubah minta gaji gede,0,Netral
Tue May 21 13:53:27 +0000 2024,aku sendiri gen patok salah satu kak kalau enggak gaji worklife balance gaji memang lebih aku utamain jadi work life balance enggak enggak apa tempat kerja aku dulu mt bayar umr kata makanya aku ikhlas waktu kerja masuk jam,-4,Negatif
Tue May 21 09:30:23 +0000 2024,prabowo mau tambah fk terus sekarang tambah dokter asing jadi mau bagaimana obat butuh duit gen juta anggur buat obat mau bagaimana dokter gaji ada faskes daerah ada mau bagaimana,-1,Negatif
Tue May 21 09:12:55 +0000 2024,chotimah lah idam gen banget effort nya dikit mau gaji gede luar biasa,0,Netral
Tue May 21 08:36:42 +0000 2024,job desc bejibun enggak sesuai sama gaji kecil ekonomi sekarang jam kerja gila cuma buat sambung hidup gen mulai melek budak modern lebih pilih buat buka usaha sendiri penting mah duit,4,Positif
Tue May 21 08:24:27 +0000 2024,kok pas banget trending gen betul kamis besok ngisi webinar topik tantang karir gen bahas lanskap karir indonesia tantang karir gen serta solusi bahas skillgap sambung personal branding nego gaji mau,3,Positif
Tue May 21 08:14:42 +0000 2024,boomers memang cuma mau untung buat ngegoblokin gen kritis kerja overload padahal gaji sesuai enggak kaca enggak tau diri bisa cuma salah lol,-3,Negatif
Tue May 21 07:46:26 +0000 2024,justru gen rasa paling benar akan semua generasi paling salah contoh tau gaji kecil pengin beli rumah bukan spending nya tekan malah hobi beli kopi,-6,Negatif
Tue May 21 06:50:47 +0000 2024,gue sama om betul gue cari team marketing gue publish beberapa bulan datang cuma padahal gaji tunjang gede memang gen lembek pengin enggak kerja dapat gede,0,Netral
Tue May 21 06:26:01 +0000 2024,gen nganggur sisi eksternal sendiri banyak faktor sebab alam usaha telat bayar gaji eksploitasi tenaga kerja baru sebentar kerja deh kena phk alas efisiensi lingkung kerja manusiawi fisik mental coba deh,-2,Negatif
Tue May 21 05:59:48 +0000 2024,deskripsi stereotype socalled the nuruls anak gen muslimah kuliahkerja gaji sekitar umr jadi pangsa gaco memenya jadul terlalu,-6,Negatif
Tue May 21 05:47:56 +0000 2024,gen betul ada orgil mana rela daerah jakarta cuma buat intern gaji enggak tengah umr,1,Positif
Tue May 21 05:14:14 +0000 2024,crew gen lahir gawe bareng sama gue banyak begini sama satu kalo rame dikit besok izin sakit minta surat dokter enggak pas gaji potong diitung mangkir enggak terima playing victim,-1,Negatif
Tue May 21 05:03:12 +0000 2024,boomer eksploitasi alam millenial eksploitasi manusia gen kerja mati status karyawan kontrak gaji underpaid workload enggak ngotak diremehin tindas senior punya kuasa,3,Positif
Tue May 21 04:39:50 +0000 2024,sulfat enggak sih gen ganti yalahin kalian milenial ngebuat sistem rekrut kerja kejam nauzubillah syarat tinggi batas minimal usia jobdesk sama gaji enggak imbang enggak,-2,Negatif
Tue May 21 04:32:27 +0000 2024,enggak apa penting gen punya gaji digit umur an sangat beda pikir lu enggak apa kan lu pilih nganggur fafifu tiap hari kerja cari alam pindah kerja gaji pantas bahkan lebih gaji orang fafifu,-2,Negatif
Tue May 21 04:25:16 +0000 2024,iya gen sadar diri buat cari alam enggak tau diri buat tembak gaji tinggi alam enggak gen nanonano deh benar enggak rata kembang aku gen soal aku rasa memang agam banget model genz,-1,Negatif
Tue May 21 04:25:14 +0000 2024,kalo lihat gaji enggak imbang tingkat inflasi biaya hidup banyak gen makan nihilism tau berapa keras kerja tetap enggak bakal afford housing family orang even marriage,3,Positif
Tue May 21 04:19:42 +0000 2024,iya soal gaji nya pas umr tambah potong gen kan mau mau bayar gaji bawah umr mau mau butuh buat alam,0,Netral
Tue May 21 04:17:45 +0000 2024,id dokyungsoo kan gen sendiri mau gaji tinggi awal kerja enggak aneh rasa entitled lulus sarjana gaji tinggi nganggur kompeten kerja sekarang enggak pikir lu nganggur lagi kok kaget perintah enggak otak,-2,Negatif
Tue May 21 04:13:58 +0000 2024,id dokyungsoo yaudah buat gen sila ubah kondisi wajibin semua usaha ngegaji minimal juta se indonesia kan kalian mau kalau lebih tua sih enggak mikir gaji kan expert kalau muda mau nyalon legislatif biar bikin uu,-3,Negatif
Tue May 21 04:12:18 +0000 2024,sulfat gen imagenya jelek banget ye kalo gua gen gua teman alamin justru enggak kabar recruiternya bahkan gua pernah deal gaji enggak panggil panggil pernah nemu wkwk kenal gua begini justru milenial wkwk,-8,Negatif
Tue May 21 03:58:49 +0000 2024,dokyungsoo makanya gaji kecil shouldn t be normalized kalo sdm gen bagus loh enggak kerja bidang formal kan bukan arti nganggur terima pasrah laku keji kapitalis mostly gen kerja nonformal sector ln cuma negara jelek kan baik,-2,Negatif
Tue May 21 03:51:29 +0000 2024,enggak mau gen apa tuntut alam entry level job opportunity maks tahun memang enggak jelas mau apa mau profesional dijinakin gaji rendah enggak mau terima gen enggak mau ajar terus jahat younger coworker salah mental melempem,-5,Negatif
Tue May 21 03:39:02 +0000 2024,gen terlalu banyak cemar konten kerja luar negeri work life balance gaji gede kerja enggak banyak,-1,Negatif
Tue May 21 03:38:21 +0000 2024,enggak disamaratakan sih timbang banyak gen enggak mau kasih gaji kecil aku sendiri kalo posisi tinggal bareng orang tua enggak terlalu masalah kalo rantau kudu mikir soal biaya hidup,-6,Negatif
Tue May 21 03:35:51 +0000 2024,pengalamn gue gen intrview jam gue on time minta kmudian tbtb jadwal interview ganti jam cabut lah gwe terima kerja eh jadi palugada alias kerja beda pas interview gaji bawah umr ngeganti jobdesk bukan ahli gua kurang sdm moh,-1,Negatif
Tue May 21 03:32:55 +0000 2024,sulfat alam hire sdm usia gen gaji umr daerah lemah mental semangat kerja angka gampang resign gampang serah banyak main game lupa tupoksi,2,Positif
Tue May 21 03:31:54 +0000 2024,sulfat enggak gen sih millenial kok gaji enggak berapa kerja kayak orang gila rekan gila tinggal,0,Netral
Tue May 21 02:53:58 +0000 2024,kasihan gen muter job fair kata baru juta loker kriteria cpns naik biar kompetitif eh gaji bulan ngantor xtahun,1,Positif
Tue May 21 02:21:01 +0000 2024,sulfat kalau enggak nihil alam beberapa orang interaksi gen benar serah gen sendiri kalau mau ikut generasi belum enggak gaji besar awal buat lulus biasa exp buat dar naikin gaji nilai layak,-2,Negatif
Tue May 21 02:06:38 +0000 2024,bpk gue kacab usaha jaman gue sama sering banget cerita laku pegawai benar parah memang gen semua disebutin sini disebutin semua sama bapak gue kasih target kerja berat dikit ngeluh mau kerja santai langsung gaji gede padahal karir kan proses,4,Positif
Tue May 21 01:27:16 +0000 2024,alam kerja sama gen attitude kurang mostly bagus harap kerja langsung gaji gede libur enak kadang enggak ngabarin,5,Positif
Tue May 21 01:22:30 +0000 2024,terus solusi nya apa didik gratis kan gen enggak suka gratis makan kuliah mahal gaji semua negara hampir sama kalo banding cost living gaji tinggi biaya hidup tinggi,3,Positif
Tue May 21 00:29:04 +0000 2024,salah mulu nih gen kalian pernah mikir enggak kalo sekarang banyak loker syarat tingkat dewa gaji kecil hari moodyan mannerless batas maks usia padahal banyak gen memang mau cari alam mau ajar kalian semua mana mau ngebahas,-4,Negatif
Mon May 20 23:59:26 +0000 2024,sulfat alas no jadi lihat orang milik kerja lebih ringan gaji lebih tinggi ngejar karir sebut gen enggak mau budak orang dulu mau gaji rendah effort lebih,6,Positif
Mon May 20 23:57:06 +0000 2024,sulfat belakang tim aktif cari banyak anak gen kurang lebih memang benar tbtb batalin enggak kabar minta interview weekend minta gaji digit lah gebrak buat bikin ketawa heran enggak semua sih rata,-2,Negatif
Mon May 20 23:52:20 +0000 2024,realita jobdesc overload gaji underpaid status kontrak senioritas tuntut jadi palugada teman millenial gue banyak kok nganggur kerja enggak jelas gaptek terus ngerjain kerja siapa gen honorermagang bilang enggak apaapa,-1,Negatif
Mon May 20 23:15:15 +0000 2024,sulfat palugada without any appreciation micromanage akan anak gen enggak apa apa teman gue anak acc hampir tiap hari pulang tengah malam bogor gaji segitu oiya kan tetap salah gen ngeluh mulu,-6,Negatif
Mon May 20 20:36:07 +0000 2024,sulfat gue gen kerja teman tim gue gen lucu non gen lah kerja enggak jelas imbas kerja susah kerja kantor enggak asih value apaapa kerja palu enggak gaji pas pas annual review naik cuma,4,Positif
Mon May 20 17:22:06 +0000 2024,asli baru jadi kemarin perkara gaji mau flat jauh atas umr deal eh tau cancel hilang mana fresh graduate padahal daftar posisi sales enggak tau kalo hasil jual komisi kali umr enggak paham sama gen mau jengkel kok pengin ketawa,-1,Negatif
Mon May 20 13:15:39 +0000 2024,perempuan gen sekarang kalo lihat seumurannyalebih tua gaya nya fancy identik rambut bewarna bilang ani lont brti lu cantik kerja dek punya gaji awat beli fashion stuff bagus jangan tiba lu jadi lont,2,Positif
Mon May 20 11:06:35 +0000 2024,gen khawatir enggak hasil lowong kerja sulit syarat rumit begini kalo mau saling untung saling bantu bagaimana genz mau bayar kalo enggak duit cari duit butuh kerja sekarang cari kerja susah butuh makin mahal gaji segitu,-2,Negatif
Mon May 20 10:18:56 +0000 2024,tanggap mamah ayah pas aku bilang gen enggak apa gaji kecil penting enggak kena mental illness buat ngikik,-1,Negatif
Mon May 20 10:06:22 +0000 2024,contoh laku gen kerja jabat gaji mau naik enggak mau alas pewe enggak habis thinking team gen dapat enggak nih team milenial kali saran apa,2,Positif
Mon May 20 08:58:38 +0000 2024,sulfat gue hiring karyawan barber enggak cuma gen bahkan usia banyak enggak sopan pgenya langsung gaji gede skill alam enggak dukung pengin nya banyak libur gue kaya efek instan biasa lihat lifestyle orang kayak sosmed,4,Positif
Mon May 20 07:51:51 +0000 2024,coba bocorin gaji pegawai telkomsel auto sumpah serapah keluar,0,Netral
Mon May 20 07:44:25 +0000 2024,mungkin salah alas gen enggak mau gaji kecil,-3,Negatif
Mon May 20 01:58:55 +0000 2024,luar enggak mau balik gaji umr lah anjeng gen kntl,-2,Negatif
Sun May 19 14:09:26 +0000 2024,aku tau tuh pt enggak punya gaji gen memang kurang rasa terima kasih,-1,Negatif
Sun May 19 04:43:30 +0000 2024,juta gen nganggur kaget lulus si si sedikit didik tinggi tersier mau daftar jadi pns minimal si gaji guru ampas bacot doang,-1,Negatif
Sun May 19 03:16:08 +0000 2024,pinjol ranah pribadi memang butuh sih pinjam gen banyak nganggur terlalu banyak syarat enggak masuk akal usaha ekpektasi gaji lebih,-3,Negatif
Sun May 19 02:27:52 +0000 2024,teman gue beberapa gen padahal gaji umur segitu lebih gede gue waktu jadi bekal masa gue lewat gue banyak share soal investment enggak lupa sentuh soal iman hasil faktor tuhan,0,Netral
Sun May 19 00:23:12 +0000 2024,tantang memang lihat gen pengin kalo kerja langsung gaji gede work life balance salah enggak kan tuntut hak sisi usaha pengin hire profesional skill macam upah rendah pikir profit era sekarang kan ekonomi,-2,Negatif
Sat May 18 18:28:34 +0000 2024,memang benar enggak tau suka kesel kalo gen ngeluh gaji umr doang bilang maksud gue as a fresh grad enggak apa banget tau under umr kalo pakai sense cukup gue enggak apa banget at least we try enggak diam loh,-6,Negatif
Sat May 18 18:20:51 +0000 2024,mikir enggak sih lapang kerja sempit kriteria tingkat dewa gaji miris padahal gen rata kuliah enggak sesuai lah ilmu salah gen mulu tahi wkwk,1,Positif
Sat May 18 15:51:04 +0000 2024,lapang kerja non profesi banyak gen pilih pengin kerja ringan gaji besar enggak mau lalu proses mau instan sekali kerja banyak ngeluh etos kerja buruk bentak dikit langsung letoy kayak krupuk seblak,1,Positif
Sat May 18 15:45:39 +0000 2024,gen suruh kerja banyak ngeluh pengin gaji gede enggak nikmat proses mau instan syarat kerja mudah sekarepe dewek syarat kerja kualitas protes,3,Positif
Sat May 18 09:21:26 +0000 2024,arif lowong kerja butuh certain level of education biaya didik mahal kerja enggak banding sama gaji biaya psikiater mahal stigma mental health jelek sini fuckass goverment syarat batas usia did you know usia tua gen tahu,2,Positif
Sat May 18 04:36:30 +0000 2024,balik gue kenal gen erti jomplangnya harga didik sulit kerja gaji padan limbung shgg lari game online jadi content creator salah struktural letak perintah jangan digaslight,-1,Negatif
Sat May 18 04:12:30 +0000 2024,jauh gen juta orang kocar kacir kerja jadi tki bmi luar sejak dulu perintah mampu buka lapang kerja paling mudah swasta biar buka lapang kerja rata daerah pad rendah apbd nya malah susut gaji operasional,4,Positif
Sat May 18 01:32:21 +0000 2024,ukt mahal gen salah cari kerja sulit gen salah gaji umr mentok gen salah gen keluh millenials n babybomers salah gen tamat,-4,Negatif
Sat May 18 00:58:47 +0000 2024,benar banget sih jauh aku lihat beberapa gen tuh mau work life balance gaji digit semua orang kerja tuh awal bawah semua enggak loncat langsung enak kerja minimal rasai gila pas kerja lah,3,Positif
Fri May 17 23:12:42 +0000 2024,sedikit alam kerja gen takut omong sama orang takut marah orang kasih arah sop jelas tetap enggak alesannya aku inj orang introvert butuh healing butuh aelf rewars tuntut gaji gede,-3,Negatif
Fri May 17 18:11:34 +0000 2024,sekolah bilang enggak passion kerja ngeluh gaji punya teman bilang toxic punya pacar bilang love bombing punya keluarga bilang strict parents kasih tau bebal gesek dikit bilang trauma tau enggak indonesia trauma punya gen makanya sebel,0,Netral
Fri May 17 17:16:14 +0000 2024,kalau sifat gen mau gaji atas umk tetap memang banyak teman terjun taxi online lihat lapang banyak ngeluh tua kepala berangan tarik jam pagi pulang jam malam,-2,Negatif
Fri May 17 15:10:41 +0000 2024,gen sekolah biasa enak enggak pernah masuk enggak baca nakal tetap nilai atas kkm lulus hidup enak enggak dah beban unbelajar kerja favoritenya jadi kang parkir liar gaji gede santaisekalinya jadi buruh gaji cuma juta mana mau,1,Positif
Fri May 17 14:40:21 +0000 2024,tenang pak enggak bakal jeblok gen kerja lho gaji umr,0,Netral
Fri May 17 13:53:05 +0000 2024,beberapa kali diskusi bahaya laten dunia konten kreator bagaimana lulus kampus teknologi informasi gaji umr konten kreator tak lulus sama ratus juta per bulan akibat gen malas sekolah pikir baca buku,1,Positif
Fri May 17 11:58:37 +0000 2024,kasih solusi pak harus juta serap jadi asn nya kemenkeu sih gen punya gaji terus dapat pajak enggak jeblok,0,Netral
Fri May 17 09:57:32 +0000 2024,santo suruh benar kerja banyak asal mau enggak gengsi jangan terlalu pilih gen sekarang kerja lapang kerja enggak pnh lamar kerja minta gaji juta enggak kasi,2,Positif
Fri May 17 07:52:15 +0000 2024,mau kerjaa kapai cari kerja susah banyak prusahaan gulung tikar bukan gen nya enggak mau kerja lapang kerja kagak walaupun deh gaji nya sesuai kagak,1,Positif
Fri May 17 06:15:05 +0000 2024,jadi gen millennial muda tuh serba apes gaji paspasan biaya hidup makin mahal terus disalahin enggak pernah punya rumah sering jajan es kopi susu ih padahal bukan akar masalah,-1,Negatif
Thu May 16 10:36:14 +0000 2024,gue tuju students loan kalau lulus jamin kerja gaji min juta enggak usah ribut gen minta gaji gede memang siapa mau bayar utang kalo gaji mepet umr,-1,Negatif
Thu May 16 01:39:06 +0000 2024,bagi gen kantor problematik playing victim wfa lebih baik wfo efisiensi waktu kerja waktu lain bagi kerja makan gaji buta,1,Positif
Thu May 16 00:41:12 +0000 2024,tunggu teman baik sukses mjd caprescagub next periode gaji min mio amin reinilah waktu gen,0,Netral
Wed May 15 23:08:38 +0000 2024,bisnis miris justru gen kuliah mahalmahal pas cari kerja pakai ijazah sama gaji kecil kok pakai ijazah sama jawab saing ijazah sarjana syulit cari kerja,2,Positif
Wed May 15 14:39:10 +0000 2024,gaji fasilitas setinggi kerja impi gen sekarang clingakclinguk bayar,1,Positif
Wed May 15 03:19:24 +0000 2024,biasa gen mungkin enggak semua genz hampir semua gen zkalu langsung up gaji digit enggak mau capek capek proses,-1,Negatif
Tue May 14 04:14:50 +0000 2024,kalau gen punya mental minimum effort kantor tunggu gaji rugi gen sendiri banyak kantor sekarang coba adaptasi open akomodatif objektif gen kalau gen sia ketinggalannn kereta,-4,Negatif
Mon May 13 14:46:17 +0000 2024,info loker fg gen gaji segitu,-2,Negatif
Mon May 13 13:06:03 +0000 2024,millenials gen episode perdana podcast generation gap ngobrolin offering gaji fresh graduate enggak masuk akal langsung dengar cerita bareng,0,Netral
Mon May 13 00:05:40 +0000 2024,gue bukan gen kalo luar kantor enggak hubung wkwk kalo mau gue laden luar jam kantor gaji dulu milyar,0,Netral
Sun May 12 16:45:06 +0000 2024,betul gaji digit baru kebel kalau gen paling mentok fresh graduated minimal alam salary umr,-4,Negatif
Sun May 12 01:40:13 +0000 2024,enggak mau sama ratain kerja bareng gen enggak enak alam ku kerja bareng gen memang enggak enak sih wkwk baperan banyak drama mau kerja enak gaji gede susah dikit langsung ngeluh hadehhhh mental kurang gembleng,-1,Negatif
Sat May 11 23:48:18 +0000 2024,buat anak gen kumpul uang banyak hemat apa hemat cari hasil tambah luar gaji jadi karyawan tampang paling kucel menu makan siang paling pelit outfit paling gembel kantor trust me years youll be proud of yourself,1,Positif
Sat May 11 15:18:44 +0000 2024,kantor gua belum kayak begini bahkan mantan bos pernah bilang tua biasa kolot memang mayang nyaman tim sama tua anjir malah kolot bilang lu enggak mau kasih gaji tinggi mau anak gen lu kasih juta enak jidat nyuruh sana sini,-7,Negatif
Wed May 08 09:12:15 +0000 2024,gen perlu siap segala perlu pasar kerja landskap kerja beri tekan utama isu gaji rendah perlu mahir insaniah jadi kayu ukur ambil kerja journexpose digitaljournalism jrn gajirendah,5,Positif
Wed May 08 05:56:47 +0000 2024,gen susah beli rumah bilang boros eh punya rumah uang pajak gaji gen,0,Netral
Tue May 07 12:35:08 +0000 2024,icymi milenial gen lebih berani minta gaji tinggi golong mahu kerja terlalu lama takut idea quiet quitting,0,Netral
Tue May 07 07:48:09 +0000 2024,letak iklan jawat kosong facebook patut lah tak ramai mohon lupa gen ramai kumpul kali benar satu jawat kosong bahagian sales isi gaji offer monthly rm commission,-2,Negatif
Tue May 07 05:08:40 +0000 2024,baru tahu gaya hidup anak gen miris sih gaji mostly umr sih juta buat jajan juta seperti buat living cost enggak itung bareng sama orang tua cuma sayang gila hampir gaji buat life style deh parah bayar pakai paylater,-1,Negatif
Tue May 07 01:11:22 +0000 2024,milenial gen lebih berani minta gaji tinggi golong mahu kerja terlalu lama takut idea quiet quitting sinarharian milenial genz mahugajitinggi,0,Netral
Sun May 05 12:33:02 +0000 2024,gen barusan ngerantau aku jadi impi baru punya rumah nyaman biar punya space luas buat hobi privasi lebih jaga amp rasa lebih aman jangka panjang makanya tiap bulan aku usahain buat nabung min gaji kadang income,10,Positif
Sun May 05 08:49:36 +0000 2024,tuju sekali semua banyak gen suka keluh tahan banting enggak heran masalah moral kerja keras sopan santun etika rusak sama gadget mau nya kerja nyantai gaji gede mau kerja keras,2,Positif
Sun May 05 04:56:52 +0000 2024,buat anak gen kumpul uang banyak hemat apa hemat cari hasil tambah luar gaji jadi karyawan tampang paling kucel menu makan siang paling pelit outfit paling gembel kantor trust me years lo tetap gembel,0,Netral
Sun May 05 04:35:03 +0000 2024,kalo mau tau industri aviasi enggak maju check gaji engineernya wkwk lebih mahal tukang roti millenial gen sekarang no wonder kerja paling banter tahun habis jadi abdi mister,2,Positif
Sun May 05 03:33:01 +0000 2024,buat anak gen kumpul uang banyak hemat apa hemat cari hasil tambah luar gaji jadi karyawan tampang paling kucel menu makan siang paling pelit outfit paling gembel kantor trust me years youll be older and,0,Netral
Sun May 05 02:19:18 +0000 2024,buat anak gen kumpul uang banyak hemat apa hemat cari hasil tambah luar gaji jadi karyawan tampang paling kucel menu makan siang paling pelit outfit paling gembel kantor trust me years youll die,-1,Negatif
Sun May 05 01:13:49 +0000 2024,buat anak gen kumpul uang banyak hemat apa hemat cari hasil tambah luar gaji jadi karyawan tampang paling kucel menu makan siang paling pelit outfit paling gembel kantor trust me years kiamat,-1,Negatif
Sat May 04 19:01:05 +0000 2024,buat anak gen kumpul uang banyak hemat apa hemat cari hasil tambah luar gaji pokok jadi karyawan tampang pulang kucel menu makan siang paling pelit outfit paling gembel kantor trust me deh ten years youll be older and,0,Netral
Thu May 02 10:12:18 +0000 2024,menfess monopoli properti bikin gen susah banget punya rumah harus gaji umr ngeprovide segala butuh sandang pangan papan nyata enggak garagara kelas atas monopoli properti lahan habis jawa,0,Netral
Thu May 02 03:15:19 +0000 2024,nah ikut faktor faktor buat gen resign tempat kerja nya of course bukan gaji kalian tau gen melek nama mental health,-4,Negatif
Wed May 01 10:17:54 +0000 2024,dunia tak betul purata harga rumah kalo rm purata gaji baru rm month and rm year kalo crazy think gen tak rumah,3,Positif
Wed May 01 02:52:16 +0000 2024,lumayan lho buka apa laku jelas cuma enggak rapi banyak lebih parah banyak jangan sedih bukan cuma gen kok taonan lalu manager bd gaji juta enggak bikin email,-4,Negatif
Tue Apr 30 13:14:11 +0000 2024,jadi gen tuh repot kerja totalitas bayar ikhlas kerja sesuai sama bayar kritik kata enggak punya inisiatif padahal muda makanya lu lu kalo pengin punya karyawan totalitas kerja punya inisiatif bayar gaji benar anjerr,6,Positif
Tue Apr 30 10:19:28 +0000 2024,attract overseas workers people kayak anak gen enggak layak jadi kerja negeri sendiri shg kabur ln jadi kerja kasar gaji tara gaji supervisormanager kalo indonesia duh kasihan ponakan gue,-2,Negatif
Tue Apr 30 05:44:11 +0000 2024,kata bu manager hari anak gen sekarang kerja cuma buat flexing healing sama glowing gabutuh rumah gabutuh makan maaf bu enggak flexingin gaji umr,-1,Negatif
Tue Apr 30 05:08:49 +0000 2024,gen kepo banget sama gaji amp bonus orang hidup lu enggak gue kepo njirbs hidup sukur,2,Positif
Tue Apr 30 03:13:05 +0000 2024,hasil survei the institute of chartered accountants england and wales icaew gen sadar penting banget buat punya sertifikasi profesi buat bidang akuntansi jenis sertifikasi profesional bidang akuntansi amp finance bikin karir amp gaji kamu lejit,5,Positif
Mon Apr 29 17:58:19 +0000 2024,balesannya minimal ilmu enggak manfaat susah tolol minus adab begini laku gen entar disiplinin guru eh malah guru nak pidana gaji cuma ribu begini katannya negara adap jauh banget rusak minusmoral,-2,Negatif
Mon Apr 29 09:13:32 +0000 2024,salut banget sama gen jaman sekarang gaji dibawh berani ambil cicil motor juta,1,Positif
Mon Apr 29 08:55:17 +0000 2024,terus dikit anggal toxic deh makanya malas rekrut gen fresh grad walaupun masala gaji banget nego murah kata yauda situ aku enggak terima alas aku freshgrad aku gen padahal coba kerja katai mental tempe,-2,Negatif
Mon Apr 29 01:48:20 +0000 2024,spill dong gaji tukinnya,0,Netral
Sun Apr 28 15:04:19 +0000 2024,untuk kaum milenial gen memang banyak shortcut dapat jauh atas gaji tetap guna cara legal alias dapat personal gain instan sok just milk while lasts,0,Netral
Sat Apr 27 06:40:31 +0000 2024,oiya sekarang jaman usaha lebih pilih banyak hari lepas apa undang baru bagaimana jelasinnya tambah sekarang gen mulai banyak masuk dunia kerja capek dikit ngeluh kerja tambah dikit minta naik gaji maaf banget realita,1,Positif
Thu Apr 25 18:05:03 +0000 2024,cari kerja susah butuh makin mahal banyak minim gaji bawah umr generasi gen tantang hidup kok susah banget deh,-3,Negatif
Tue Apr 23 09:18:22 +0000 2024,pastu gaji hahahahaha pastu bila employee burnt out kata gen lemah lah,-1,Negatif
Tue Apr 23 07:36:36 +0000 2024,panas nya harini tau takpe mza duduk je kat sini me my heart ekau gaji tinggi tau takkk patut nya kau kena kerja lebih kena banyak jalan eeei dasar berat montot dasar gen,-2,Negatif
Mon Apr 22 09:25:42 +0000 2024,tahan konten gen soal rumah ngontrak terus pensiun biaya lebih murah tua bingung mau tinggal mau ngontrak enggak punya gaji bulan i learned a lot from orang dulu kalo enggak punya waris tempat tinggal orang tua mending beli deh,-3,Negatif
Sun Apr 21 09:14:47 +0000 2024,stkenapa nak suruh gov naik gji its you the one kena naik sendiri gaji tambah skills tambah network etc gaji takes around of company expenses raw materials naik bola gaji naik dasar gen nih lemah,3,Positif
Sat Apr 20 15:51:05 +0000 2024,gara cakap grup mahasiswa adek kelas ku ginjal kau kalo omong enak sekali gue rantau ibukota tahu lalu belabelain kuliah ambil kelas karyawan sekarang gaji nyenggol digit gen kalo berhayal sangat renyah crispy sekaliii,-5,Negatif
Sat Apr 20 06:07:15 +0000 2024,wajar banyak gen kerja luar negeri dalem negeri gaji pas minta spek luar biasa cuci piring australia kerja gaji dollar australia,2,Positif
Sat Apr 20 01:09:22 +0000 2024,aku ex ba hari jaman rekrut unit baru medan akhir rata gen apa gen medan alam kerja luar kota medan baru stuck posisi lama tahun tiba pas apply langsung tanya gaji minta posisi tinggi tambah ettitude nya kacau,-2,Negatif
Thu Apr 18 15:20:34 +0000 2024,dear gen tips nego gaji research berapa rerata gaji sana posisi sebut ambil range jangan kasih angka misal juta juta,2,Positif
Thu Apr 18 12:22:33 +0000 2024,gaji juta enggak dong alas gen puas kerja,3,Positif
Thu Apr 18 08:22:45 +0000 2024,ibu aku usia an versi bakal jadi tipe cewek independent kerja corporate gaji digit senang poundfit pilates jajan tas ngetrend kalo ibu aku sekarang ver gen kayak lebih mbak content creator parenting religius fastabiqul khairat,1,Positif
Wed Apr 17 03:36:39 +0000 2024,lesen pandu harga lesen deh macam gaji deh karut betul lah orang nih ramai lah gen takda lesen lepasni,0,Netral
Tue Apr 16 09:39:34 +0000 2024,waktu sempat offer gen minta dua minta gaji gede wlb,0,Netral
Tue Apr 16 04:46:34 +0000 2024,wlb khusus buat gen keluarga old money kalo miskin enggak usah urus mental fokus kerja gaji gede lu senang,0,Netral
Tue Apr 16 02:00:22 +0000 2024,kalo kantor sih malah gen nya hitung banget masalah gaji gaji gin enggak mau segitu enggak mau justru millenials lebih berani ambil resiko mentingin work life balance kerja wes trabas lah pokok,0,Netral
Tue Apr 16 01:36:32 +0000 2024,jgnkan gen milenial gaji memang segitu soal tambah kesini kalo enggak work life balance mah gaji cuma segitu terus hidup sakit mati muda banyak sih work life balance hidup kayak zombie rarely enjoy the moment,-7,Negatif
Mon Apr 15 23:51:16 +0000 2024,gue gen mending pilih gaji gue paham kalo gue stres kapai,-2,Negatif
Mon Apr 15 21:46:15 +0000 2024,lah kan jaman sekarang gaji gen juta bulan,-1,Negatif
Mon Apr 15 14:30:19 +0000 2024,gue gen tetap pilih gaji gede,0,Netral
Mon Apr 15 14:24:00 +0000 2024,gue gen gaji tetap no no jarak no baru wlb,1,Positif
Mon Apr 15 14:00:20 +0000 2024,enggak mentingin gaji sih kayak work life balance se penting jangan maksa gen buat hidup kerja doang,-2,Negatif
Mon Apr 15 13:28:20 +0000 2024,wajar aku batas gen pilih gaji gede,-2,Negatif
Mon Apr 15 13:23:12 +0000 2024,gua gen mentingin gaji ah apa work life balance,-3,Negatif
Mon Apr 15 12:53:46 +0000 2024,enggak laku semua gen gue gen tetap mentingin gaji lah,0,Netral
Mon Apr 15 12:46:35 +0000 2024,tahi gaji enggak gede gede kesyan gen benar woy gaji kecil tekan kerja gede stres gede biaya hidup gede,-2,Negatif
Mon Apr 15 12:24:19 +0000 2024,memang se salah gen mas sendiri masuk gen desember resign kerja enggak manusiawi gaji minim jam kerja tinggi singkat cerita diajakin teman buat nguli online crypto start januari sini survive teman main,-2,Negatif
Mon Apr 15 12:00:11 +0000 2024,teman temenku gen gaji pas pas kerja nya santai wlb nya bagus syarat butuh tanggung orang tua,1,Positif
Mon Apr 15 11:57:51 +0000 2024,enggak aku gen mandang gaji maaf mental health ku obat kalo punya duit,0,Netral
Mon Apr 15 11:45:50 +0000 2024,gen sandwich mah mentingin duit lah anying gaji kecil makin kena mental wkwk,-1,Negatif
Mon Apr 15 11:29:27 +0000 2024,gen awal dulu pas awal masuk dunia kerja sempat lebih pilih gaji ngejar gaji burnout duit kejar habis buat staycation jenuh sama kerja sekarang kalau suruh pilih lebih pilih wlb manage gaji sesuai butuh dikit enggak apa pntg cukup tenang bahagia,-3,Negatif
Mon Apr 15 11:23:17 +0000 2024,kok aku mentingin gaji aku kayak bukan gen,-2,Negatif
Mon Apr 15 11:15:12 +0000 2024,enggak gue gen gen mentingin gaji wkwk gue memang gila kerja sih,1,Positif
Mon Apr 15 11:10:41 +0000 2024,gen kalo kerja marah mulu gaji juta sih ayo,2,Positif
Mon Apr 15 11:04:26 +0000 2024,mental health penting sih buat gen rangkap jadi sandwich kayak gue lebih pilih gaji gede,0,Netral
Mon Apr 15 11:01:25 +0000 2024,as gen jujur iya kerja belum gaji gede bonus gede cuma libur hari ngadepin manusia sebal tiap coba tahan ujung enggak kuat amp sadar obat gue harga tengah gaji gue gede wkwk situ nyerah cari job baru sedikit lebih tenang,-1,Negatif
Mon Apr 15 11:00:07 +0000 2024,enggak semua gen pilih wlb biasa pilih gaji semua gantung sama tanggung jawab sama butuh kalo tanggung banyak butuh uang banyak yaudah mentingin gaji persetan wlb kalo enggak tanggung apa yaudah mentingin wlb pokok kerja,-8,Negatif
Mon Apr 15 10:58:09 +0000 2024,bagus sebenrnya gen sadar njink duit lu dikit jadi enggak usah ngeluh ngeluh uang kerja sesuai lu laku mau gaji gede dibarengin work life balance tempat bukan indonesia,-5,Negatif
Mon Apr 15 10:55:27 +0000 2024,masalah gen tipis sadar gaji gede sulit beli barang wah kayak senior dulu,-3,Negatif
Mon Apr 15 10:55:10 +0000 2024,gue gen gue mental lebih penting gaji serah mau sebut lembek bagaimana wkwk,1,Positif
Mon Apr 15 10:53:39 +0000 2024,wrk wajar sih gen pilih wlb ketimbang gaji soal melek sama sehat mental jadi enggak lihat gaji gede doang beda sama zaman milenialboomer bahas soal sehat mental anggap tabu,0,Netral
Mon Apr 15 08:17:55 +0000 2024,gen romantisasi padahal mah nunjukin kalo taraf hidup ekonomi masy indonesia susah naik dulu kismin sekarang kismin walopun kerja kadang kerja keras beri imbal gaji timpal imho,5,Positif
Sun Apr 14 13:41:30 +0000 2024,nasib punya agen kerja santai gaji standard mudik lebaran tanya mudik berapa lama omong minggu eh hari h balik mau wa malah blok etika mana kalau memang enggak niat balik omong awal lah biar cari dramaart,-7,Negatif
Sat Apr 13 14:53:01 +0000 2024,ginjal kau kalo omong enak sekali gue rantau ibukota tahu lalu belabelain kuliah ambil kelas karyawan sekarang gaji nyenggol digit gen kalo berhayal sangat renyah crispy sekaliii,-2,Negatif
Sat Apr 13 04:56:20 +0000 2024,tanda gen aware nikah mahal harga tempat tinggal mahal butuh pokok mahal semua serba mahal buat apa cepat nikah kalau serba mahal gaji naik tiap tahun enggak doain deh moga tahun depan rezeki buat nikah,6,Positif
Fri Apr 12 10:23:03 +0000 2024,kalo aku gen gaji bas juta ken sih nyicil apartemen tengah kota koneksi transum mobilitas lihat cicil per bulan banding gaji sekarang seperti bakal tetap jadi impi wkwkwk,2,Positif
Thu Apr 11 18:25:56 +0000 2024,benar enggak usah rasa terlalu dystopia sama negara sama rakyat utama milenial gen erti gaji enggak padan sama harga properti pajak dimintain pakai asuransi kantor erti bareng bagus baseline ronta,0,Netral
Thu Apr 11 13:14:35 +0000 2024,halo semua sedang buat artikel jurnal judul pengaruh harga rumah miliar gaji gen cuma umr isi kuesioner enggak lama kok bentar,1,Positif
Thu Apr 11 11:19:06 +0000 2024,beberapa gen pas nego gaji pemgennya tara top performer pas kasih tanggung jawab sesuai requirement langsung bawa bawa mental health,5,Positif
Thu Apr 11 05:59:20 +0000 2024,bikin bingung gen,0,Netral
Tue Apr 09 04:40:41 +0000 2024,gue tuh keukeuh milenial gen citra media cuma gelintir banyak underprivileged gaji umr commute berjamjam gue tolak rendah bikin konten enggak isi underpriviledge rendah konten receh,-4,Negatif
Tue Apr 09 01:05:53 +0000 2024,coba obrol sama gen ekspektasi gaji tinggi banget biasa jajan gede amp manja orang tua dengar orang gaji juta kaget kok kecil banget pas kerja mental tempe kerja koreksi h deadline langsung shock patah semangat enggak mau ngerjain,5,Positif
Mon Apr 08 23:11:16 +0000 2024,jadi sama ipar gue kekuh ngangur kerja gaji sesuai padahal gue kerahin kuat koneksi sih ku buat bantu malah jadi malu sendiri nolak minta teman gilir kasih nolak cukup sini bantuin gen,3,Positif
Mon Apr 08 17:09:21 +0000 2024,gen potret media kurang lebih sama tech savvy kerja kreatif kerja startup gaji besar lagilagi data bilang begini,2,Positif
Sun Apr 07 09:39:19 +0000 2024,af buset standar hidup dijakarta berapa memang kak aku kerja dijakarta gaji juta nabung jtbulan kak mahal biaya media sosial gen sama biaya kalau hedon,3,Positif
Sun Apr 07 04:18:06 +0000 2024,gen banyak plus enggak melulu minus kreatif tumbuh sama teknologi cepat adaptasi makanya banyak rasa diri kompeten rasa layak gaji sesuai kompetensi,1,Positif
Sat Apr 06 12:55:54 +0000 2024,tips gaji magang think long term magang goals apa fte si misal aku mau fte amp si jadi aku set budgeting investasi skill development amp learning,0,Netral
Sat Apr 06 12:55:47 +0000 2024,tips gaji magang risk amp retirement plan anak magang beberapa benefit mungkin beda fte misal asuransi pensiun benefit lain curi start diri masa depan,-6,Negatif
Sat Apr 06 12:55:46 +0000 2024,tips gaji magang smart budgeting buat budgeting timbang beberapa aspek misal aku pakai bank kantong buat pisah bank bunga tinggi shortterm return platform investasi lomgterm return,2,Positif
Sat Apr 06 12:55:46 +0000 2024,tips gaji magang analyze analisa butuh hidup buat kategori primer sekunder tersier contoh transport rumah pdam pln perabot budget makan pajak asuransi tabung investasi bayar hutang buat kategori prioritas sheets,1,Positif
Sat Apr 06 12:55:42 +0000 2024,gaji magang berkah usia kurban sendiri kasih orang tua aku mau share beberapa tips jaga gaji magang biar sustain hari tua,-2,Negatif
Sat Apr 06 07:14:32 +0000 2024,ini aku bilang kasihan guru anak anak millenial sama gen soal nama susah banget cok pls naikin gaji guru kasihan ngabsen konsentrasi penuh,-1,Negatif
Fri Apr 05 19:31:36 +0000 2024,aku enggak apa banget jatuh mimpi gen mungkin punya koneksi satsetwatwet gaji auto juta privilege anak fh kampus ye kan lihat jelasss aku bukan circle gen fh kampus awkwkwk,1,Positif
Fri Apr 05 19:28:05 +0000 2024,anak gen kampus berekspektasi gaji fresh grad minim juta kerja minim gaji maksim ngekos benhil gaji pertama buat orang tua gaji dua belikan goyard barang mahal tanda achievement include adek akuuuh wkwkwk,-2,Negatif
Fri Apr 05 14:15:30 +0000 2024,gtbinatang korporat perkosa bos tiap hari montang manting naik krl gaji perak siap pak bu laksana bu gtbinatang korporat lihat gen songong enggak mau kerja wah stroberi goblok anak mami papi gua blacklist lo monyet,1,Positif
Fri Apr 05 02:50:42 +0000 2024,kes nyantai jadi gen jangan manja mau gaji gede kena tekan dikit langsung resign,-1,Negatif
Thu Apr 04 18:37:42 +0000 2024,saran buat gen gen pengin jadi pns jangan lupa cari samping lu enggak andelin gaji pns lu enggak berapa lu klmpk pns kayak rafael alun setarany,-3,Negatif
Thu Apr 04 12:07:08 +0000 2024,beberapa tahun beberapa kampus ukt naik xx sedang gaji orang tua lulus naik kali wajar anak sekarang khusus gen makin peduli masalah mental health amp punya ekspektasi dapat lebih tinggi waktu masuk pasar kerja,2,Positif
Thu Apr 04 10:42:06 +0000 2024,bayar pajak btw gaji lu andil pajak gue kan baik sedikit orang tua bapak kena musibah kata gen mental down dulu loh bapak gagah pintar cerdas anakanak ajar anak kelas calistung,-9,Negatif
Thu Apr 04 09:55:26 +0000 2024,beda dulu waktu slesai sama orang tua enggak mampu biayain kuliah pikir kerja alhamdulillah hasil kerja hidup ngirit malah sekolah sendiri apa gen shg kesan gara gaji orang tua,0,Netral
Thu Apr 04 07:49:33 +0000 2024,karier mati millenial gen gaji hingga digit,0,Netral
Thu Apr 04 05:17:45 +0000 2024,aku jumpa gen racist staff withmuu kat myeongdong memang aku jeling balik kok kerja gaji aku beli album alhamdulillah lps dah xde cuma blur lah aku tanya english,-2,Negatif
Thu Apr 04 02:03:56 +0000 2024,gen tuh unik gen sekaligus fg hasil baru bulan kerja minta naik gaji kerja main pubg baru hari kerja order customer malingin sidejob bawa kerja alesan kalo rumah capek bulan pertama hari mangkir,4,Positif
Thu Apr 04 01:00:03 +0000 2024,gen memang pernah anak baru gen minggu masuk suruh undur diri bohong masalah sehat bohong soal alas enggak masuk kerja apa mengepoi nominal gaji senior,-10,Negatif
Tue Apr 02 23:18:37 +0000 2024,begitu ye gen nih diorg nak gaji lebih kerja xnak buat pastu asyik rungut gaji sikit gaji sikit ehhhhh geram,1,Positif
Tue Apr 02 11:23:32 +0000 2024,nobodylove pernah baca cnbc kalau beberapa tahun depan gen mulai susah buat rumah harga muka enggak masuk kantong gaji,2,Positif
Tue Apr 02 09:57:39 +0000 2024,gen memang banyak mau kerja santai gaji gede,2,Positif
Tue Apr 02 09:23:30 +0000 2024,mending gen fresh grad apa mending millenial experienced lewat taro lah dua enggak berat posisi gaji jobdesk anggap covid dua cari kerja,-2,Negatif
Tue Apr 02 06:10:19 +0000 2024,penasaran kalo ngandelin gaji doang gen beli rumah jakarta enggak,0,Netral
Mon Apr 01 23:45:16 +0000 2024,nih aku gaji juta tahun maklum gen hwhw,1,Positif
Mon Apr 01 13:53:27 +0000 2024,kalo lu muda orientasi lu cuma uang enggak mikir mental health tahi kayak gen lu nikmat hasil pindah naik level managerial gaji gede kerja anak buah lo ngerjain,-1,Negatif
Mon Apr 01 09:21:54 +0000 2024,bingung gen kerja tempat gaji sedikit atas umr beli rumah,-1,Negatif
Sun Mar 31 14:01:53 +0000 2024,tahun mantap buat boomer sukses mantap buat gen gaji umr kudu banyak syukur ala mid curve,6,Positif
Sun Mar 31 07:48:31 +0000 2024,gaji segitu kerja apa sih umur berapa kerja luar negeri kalo gaji segitu diindo level manajer bahkan lebih kok tanya begini maaf kayak cermin individu layak gaji juta loh piye nder arang pamer opo,-2,Negatif
Sat Mar 30 08:33:38 +0000 2024,otw katai gaji umr lu gen,0,Netral
Fri Mar 29 11:57:57 +0000 2024,beli lahir masuk gen enggak gaji umr punya rumah sendiri alias ngontrak,1,Positif
Fri Mar 29 05:45:17 +0000 2024,jadi budak budak corporate gaji umr suruh nyicil rumah tahun gen lihat apa pikir percuma kerja keras sekolah tinggi tinggi gaji gin sedang abdi umr syga punya duit mending staycation jadi jangan salah gen,3,Positif
Thu Mar 28 18:10:21 +0000 2024,anz hidup tonton langsung bukan gaji expert pundit sekarang coba kamu tanya orang kamu umur an atas lah lebih tau koch siapa deh streamer kenal kalang gen,-2,Negatif
Thu Mar 28 17:03:34 +0000 2024,aku pernah gaji juta kebel laptop baru nder nabung sama urus kucing banyak kunci bukan gen,2,Positif
Thu Mar 28 13:30:13 +0000 2024,edisi gen jadi cerita nih anak masuk kantor gue as a freelance nasib baik terima doi enggak pernah kerja terus doi ngedumel gaji nya lama payroll tiap tanggal mana enggak syukur padahal enggak kerja tetap gaji allah apa gen,-1,Negatif
Thu Mar 28 09:20:02 +0000 2024,hiih inflasi lawan naik gaji kd ngotak gaji itu beusaha gen dapat itu keluar makin gila,-1,Negatif
Thu Mar 28 08:17:22 +0000 2024,kat tempat kerja adek orang mcmni budak budak gen nih cakap gaji sikit weh terus kena ceramah sih paling orang lama aku sentap tak pernah cukup langsung pasal nih deh elect tech years experience gaji tak buat loan kereta kena pakai nama bro,-3,Negatif
Thu Mar 28 07:39:40 +0000 2024,aku dulu gaji but i dont want the new generation amaun sama kos sara hidup makin tingkat diknon hang nih jenih tahun depan dok aku dulu gaji cam bangang go gen fight for your right,2,Positif
Wed Mar 27 23:37:54 +0000 2024,cangkul paling aku dulu hang nk hidup susah sorg p mampoih lah kat hang realitynya gaji sekarang memang underpaid workload macam lembu btw aku bukan gen aku deh kerja more tahan years aku phm je apa budak keluh not compare zaman kau zaman sekarang bodo,-4,Negatif
Wed Mar 27 22:44:32 +0000 2024,tabah lah rak gen ku kena standby graduate pikul hutang gaji tak naik harga makan barang semua naik dadak mustahil turun,1,Positif
Wed Mar 27 10:06:54 +0000 2024,generasi lemah mokluu aku fresh grad diploma cs few company offer aku jadi developer range gaji nih bukan soal gen lemah majikan kedekut wkwkwk,-4,Negatif
Wed Mar 27 08:56:16 +0000 2024,unclepakcikmid life crisisbang kau nak cerita zaman tok kaduk kau dulu compare sekarang memang bangang lah kau deh tua deh tak relevan tak layak nak bincang gaji fresh grad masa gen fossil mostly memang tak relevan,-3,Negatif
Wed Mar 27 08:15:41 +0000 2024,naik lah gaji apa function board kalau tak nak regulate gaji labun gen tak minat stem siapa minat kerja jadi babu nak luah kat medsos tampak colleague kerja glc gaji kali ganda orang kerja sme mnc terus rasa down fak,0,Netral
Wed Mar 27 06:47:10 +0000 2024,dulu gaji bonus thr rahasia kalo nanyain bilang enggak sopan sekarang tanya orang flexing sendiri enggak heran millenial gen tuntut tinggi padahal dipamerpamerin real,-1,Negatif
Tue Mar 26 02:25:51 +0000 2024,usaha kayu aset tak gerak harga naik gaji amp tunjang presiden,4,Positif
Mon Mar 25 19:01:47 +0000 2024,asah skill wajib ayo syukur enggak usah banding banding weh capek timing lingkung step semua orang beda beda ayo terus upgrade ayo tetap waras jugaaaa sbgi anak gen baru mau lulus kadang gesa gesa kalo bacain reply worksfess bahas gaji,2,Positif
Mon Mar 25 16:50:36 +0000 2024,nyata gen suka sekali sharing semua bahkan masuk gaji satu sama lain,-2,Negatif
Mon Mar 25 13:17:51 +0000 2024,menfess isi flaxing gaji semua wkwkw dasar gen,-1,Negatif
Sun Mar 24 16:42:44 +0000 2024,emoji hindar typing omom emoji gen gaji umr nyala lucu enggak lucu tambah emot menang sindir orang timlin,0,Netral
Thu Mar 21 18:02:30 +0000 2024,gaji lambat deh sesak sangat nih jadi masjid hopping paused kejap gi masjid nilai impi je hari hari haha nak dekat masjid nilai tapi iftar talam pastu rakyat jelata gen tak mingle haha sis pishank haritu habis nasi dua je talam,5,Positif
Thu Mar 21 14:25:09 +0000 2024,awal muncul nih kurikulumprogram kampus merdeka gue enggak tuju dulu hampir diskusi tema tugas sayang covid gue nilai jadi celah usaha nge gaji kecil jadi buka kbnyakan magang bukan buat loker kerja gen suka pncitrannya nadiem sih,-1,Negatif
Thu Mar 21 03:45:05 +0000 2024,gen milenial tak beli rumah memang tak gaji kecil kelah bunga kpr rungkad terminalmojok,0,Netral
Thu Mar 14 05:07:30 +0000 2024,gapapa gen milenial sila nikmat gaji umr kalian nongki nongki rumah properti biar gue borong,2,Positif
Thu Mar 14 03:40:18 +0000 2024,boomer asih gaji gen upah enggak layak,0,Netral
Thu Mar 14 02:10:54 +0000 2024,goreng terus boroboro gen gen millennial gaji umk kerja jam sore mau freelance kalau terlalu push biaya sehat mahal belabelain nongkrong pakai kopi sachetan tetap kagak kebel suruh mikir nikah nanggung hidup anak orang,-2,Negatif
Thu Mar 14 02:07:26 +0000 2024,cuma gen berani nembus zona nyaman lagi punya rumah rumah langgan banjir buat apa kalo rumah turun apa iya rumah bakal sesuai depan strategis aman bencana sama sama beban gaji satu beban permanen satu,5,Positif
Wed Mar 13 23:09:01 +0000 2024,kalo mau single house bagus strategis harga enggak ngotak atas juta minimal gaji ratarata gen dinaikin dulu deh ayo jadi tempat tinggal apartment buah life style baru lama anggep apartment buat kayak,-1,Negatif
Wed Mar 13 16:10:48 +0000 2024,tahun gaji juta harga rumah juta karyawan sekarang posisi tara gaji juta an harga rumah sama dulu harga rumah kali gaji sekarang kali gaji disalahin gen ngopi,12,Positif
Wed Mar 13 15:46:35 +0000 2024,dulu gue beli rumah harga kali annual gaji gue gue deh rasa sesak nafas rmhnya planet orang bilang tempat jin buang anak anak gen cita tinggi pengin beli rumah tgh kota orang bsd smntr gaji gaji gue terima tahu lalu pas beli rumah planet,-1,Negatif
Wed Mar 13 11:57:02 +0000 2024,memang gen sih generasi strawberry ken kerja santai gaji tinggi beban kerja ringan no lembur bebas ambil cuti bebas hiling cicil ipon lunas kali gaji sedia mess kopi bantal kolam renang kantor kantor hadap jendela,-1,Negatif
Wed Mar 13 10:15:26 +0000 2024,gaji kecil korporat mau kecil mungkin security kerja makin turun harga rumah makin naik hidden fee bengkak inflasi harga butuh pokok maintenance mahal enggak punya cheat code waris orang tua motivasi gen punya rumah,5,Positif
Wed Mar 13 09:55:24 +0000 2024,jangankam gen gen belum empot mikir gaji enggak keluar,-1,Negatif
Wed Mar 13 09:27:34 +0000 2024,akhir banyak gen kalau enggak privilege generasi belum mungkin aset rumah bisnis didik relasi usaha bakal berat buat milik rumah naik harga tanah inflansi gaji dapat,4,Positif
Wed Mar 13 08:55:26 +0000 2024,bisnis enggak kaget kata nih harga makin tak jangkau naik harga rumah jauh lebih tinggi banding naik gaji konsep lifetime renting lama jadi mainstream kalang gen konsep wajib punya rumah lama hilang kosa kata gen,3,Positif
Wed Mar 13 08:21:20 +0000 2024,benar gen beli rumah ane yakin banyak punya gaji digit sekarang jawa asal jangan gengsi pengin beli rumah lantai rumah mewah sih mending beli kecil dulu baru kalo rezeki tambah cicil bangun,6,Positif
Tue Mar 12 23:43:19 +0000 2024,bro pikir pepe baru main bola tahun langsung gede gaji tuh lihat gen fresh grad minta gaji xumr kerja hari minta healing minggu kata enggak work life balance,0,Netral
Tue Mar 12 23:20:43 +0000 2024,kalau harga rumah sama per bulan bayar kredit juta baru lunas tahun kalau bayar kredit juta per bulan baru lunas tahun sisa gaji bukan gaji makanya berat buat gen beli rumah kalau gaji bawah digit,0,Netral
Tue Mar 12 22:13:10 +0000 2024,bisnis bilang naik harga properti jauh lebih tinggi banding naik gaji tiap profesi paham mesti sama nabung enggak nabung gen mending have fun duit sisa buat sewa kontrakanapartemen dekat sama kantor,5,Positif
Tue Mar 12 21:41:06 +0000 2024,harga makin tak jangkau naik harga rumah jauh lebih tinggi banding naik gaji konsep lifetime renting lama jadi mainstream kalang gen konsep wajib punya rumah lama hilang kosa kata gen,3,Positif
Tue Mar 12 17:33:39 +0000 2024,anakkolong biar gen tau latih pegang senjata perang gaji double gen cuma suruh main game hape terus rongrong orang tua buat bin kuota,-5,Negatif
Tue Mar 12 14:02:24 +0000 2024,bisnis bagaimana boomers pensiun ngandelin gen gen gaji cuma umr biaya hidup tambah mahal mau sunting wanita belombelom pikir sewa gedung kalo nikah mau asih makan anak orang pakai apa,-1,Negatif
Mon Mar 11 11:37:29 +0000 2024,benar buat gen usaha buat simpan duit tuh butuh gaji berapa sih buat punya rumah tahun aset selalu naik harga,5,Positif
Mon Mar 11 08:53:39 +0000 2024,maciam delulu gen bila baru pegang gaji sendiri,-2,Negatif
Sat Mar 09 15:34:30 +0000 2024,kesel sama banyak gen nih bilang hidup susah gaji kecil enggak nabung bla bla bla minta saran kasi saran buat lebih bijak atur uang eh malah lihat beli barang butuh tersier sering jalan tempat mahal,0,Netral
Fri Mar 08 16:43:49 +0000 2024,jiakh gaji enggak berapa pak pak makin deh gen menuhin lifestyle doang wkwkwkwk,1,Positif
Fri Mar 08 07:44:54 +0000 2024,dunia deh gila gua apa apa serba mahal banyak sisi negatif deh meni ekspos sosmed shg rasa takut rumah mahal gaji kecil punya anak butuh parenting wow kayak gen rasa,-6,Negatif
Fri Mar 08 03:51:13 +0000 2024,nak fun gi keje kat funfairxpun kat sarkas mesti gen nikeje jup je dah kali seronok relaks lannti gaji gi lah seronok ronok tggu collect exp sakit gi jump company lai jangan lah nak lemah sgtkemon,-4,Negatif
Fri Mar 08 00:52:13 +0000 2024,enggak usah minta maaf gen memang enggak tau diri enggak semua mayoritas gengsi gede kerja malas malesan minta gaji besar biar tampar opini benar,-3,Negatif
Thu Mar 07 09:55:03 +0000 2024,fg minta gaji layak dinyinyirin entar kalo gen enggak beli rumah disalahin sering beli kopi begini terus siklus,0,Netral
Thu Mar 07 07:50:30 +0000 2024,unpopular opinion benci hari amp business owner gaji indonesia kecil dibandingin negara tetangga sg vietnam padahal biaya hidup tinggi wajar gen minta gaji layak lah wong ratarata keluar jakarta juta,-1,Negatif
Thu Mar 07 04:22:35 +0000 2024,gen alam kerja enggak tahun resign pas interview minta gaji juta minimum tahun minta gaji segitu kan kunyuk,2,Positif
Wed Mar 06 15:22:50 +0000 2024,dulu pengin banget kuliah orang tua pensiun akhir kerja dulu gaji lumayan terus kuliah deh akhir lulus eh anak gen sekarang mah enak banyak bantu didik perintah mau diterusin malah milihnya makan gratis aaa kasiaaan aaaaa,1,Positif
Wed Mar 06 14:09:05 +0000 2024,coba ngeriset sendiri gen banyak enggak terlalu ambisius kaya gen lebih mentengin mental health gaji karir heran banyak hp iphone walaupun beli second,-1,Negatif
Wed Mar 06 09:42:12 +0000 2024,sekarang ajar gen bising elaun internship juang naik gaji basic,1,Positif
Wed Mar 06 09:17:37 +0000 2024,omar gen gaji gen kali baru syok,0,Netral
Wed Mar 06 07:13:30 +0000 2024,bahrawi paksa jaman batu kalo jadi jangan harap generasi gen punya harap kerja perintah dwifungsi abri mengerus apbn gaji dobel,-3,Negatif
Wed Mar 06 07:01:33 +0000 2024,bahrawi jangan harap generasi gen harap lowong kerja dwi fungsi abri aktif dapat gaji dobel,-2,Negatif
Tue Mar 05 19:15:11 +0000 2024,gaji guru enggak naik butuh pokok malah tambah mahal mana siswa gen songong,4,Positif
Mon Mar 04 03:48:31 +0000 2024,deh intern gaji esok masuk industri kerja cuma gampang gen semua babi ajar straight a pointer flat gen semua tak ret buat kerja deh lah tak ret buat kerja adab tak siapa nak bekap gen aku kasih wutoh kali,0,Netral
Sun Mar 03 12:23:12 +0000 2024,nih aku tuju biar je gaji takde ot etc etc dapat alam butoo why not gaji timpal alam btw aku bukan gen aku support budak berani suara bab nih aku tahun lepas fresh kot xkan budak sekarang je botak majikan malaysia,-3,Negatif
Sun Mar 03 11:55:05 +0000 2024,hidup gen batas kerja capek gaji self reward muteerrrrr sekitar situ,0,Netral
Sun Mar 03 07:41:11 +0000 2024,temu tarik bagi riset idn research institute bagi besar gen kurang tarik nikah salah satu alas banyak tumpang hidup keluarga bagaimana properti roket gaji mepet kalo ngerapel jadi generasi sandwich,0,Netral
Sun Mar 03 02:03:05 +0000 2024,abang gue hari jumat hadeh gaji kayak lewat doang abang gue hari sabtu deh gue tonton netral band benerbener peak gen,-2,Negatif
Sun Mar 03 00:42:37 +0000 2024,elaun gaji bukan soal gen lembik sensitif perlu duit makan sewa jalan tempat kerja dorang hujah buat kerja elaun timpal kalau elaun sikit kerja banyak korang taknak komen boomers aku intern sakit kena scam lect,0,Netral
Sat Mar 02 13:48:03 +0000 2024,one thing i saw from this gen ialah diorg dgaf nak submit hour notice kalau benefits diorg tak jaga tak kisah lah gaji bulan bayar tak,-2,Negatif
Sat Mar 02 07:52:09 +0000 2024,meski gue gen gue realistis ofc pilih gaji digit meski lingkung toxic tahan diri kumpul dana cukup buat pensiun dini bangun usaha susah wkwkwk,-3,Negatif
Fri Mar 01 17:58:13 +0000 2024,henti sama pecat beda pak prabowo daftar gaji pensiun tni tanda nya aku sepuh tni kalo enggak terima urus situ terima enggak terima bintang pundak,-1,Negatif
Thu Feb 29 03:33:15 +0000 2024,habis interview anak intern gaji cuma media online gen,-2,Negatif
Wed Feb 28 12:32:02 +0000 2024,siap wawancara kerja tips negosiasi gaji milenial gen,5,Positif
Wed Feb 28 10:22:38 +0000 2024,lingkung kerja enak enggak pernah lembur pulang tenggo gen kayak sekolah jadi jobdesk jelas enggak tambah gaji umr libur banyak weekday izin luar libur kena potong,1,Positif
Wed Feb 28 04:42:46 +0000 2024,gen generasi milenial tahu posisi kerja punya gaji tinggi beberapa kerja gaji tinggi michael page gtgt detikedu gajitinggi kerja gaji,4,Positif
Tue Feb 27 11:15:32 +0000 2024,gaji sedap tak selesa tahap macam tuh fuhh pangai gen sangatt,2,Positif
Tue Feb 27 09:51:22 +0000 2024,kamil member seronok lompat kerja gaji tinggi kerja ikut vibes paling gen,2,Positif
Mon Feb 26 09:31:42 +0000 2024,anak sekarang gen lebih semua hasil instan banget penge gaji digit baru pertama kerja karir cemerlang enggak mau proses konsep mana semua proses kayak anak tangga satu enggak ujuk teko tekan duwur tolol,0,Netral
Mon Feb 26 01:46:04 +0000 2024,benar sih langsung pakai gimmick gemoy joget oke gas tiktok banyak ambil kalang gen easy going enggak mau pusing kritis dua faktor langsung bantu naik gaji asn bantu desa datang saat sama,-1,Negatif
Sun Feb 25 07:34:16 +0000 2024,kalo lu freshgraduate cari alam gaji nya sekarang gede paksa buat jadi kartap tahun tahun kalo gaji lu kecil lingkung toxic apa mending out gq curiga gen sekarang toxic bagaimana kadang terlalu manja suruh buat kopi bilang toxic,-3,Negatif
Sat Feb 24 03:15:41 +0000 2024,kalo gaji dosen jtbln ranking ui se dunia jurnal puluh ribu terbit tahun eh mungkin negeri wakanda maksud,-1,Negatif
Thu Feb 22 07:06:10 +0000 2024,jadi relate sama orang bilang gen mending kerja gaji dikit mental health gaji gede stres terus,0,Netral
Thu Feb 22 03:58:13 +0000 2024,gwe gen kebel rumah enggak bayang gaji juta bokap mokat jadi bagi income sama nyokap nyokap gue kasih juta bulan nabung juta buat bayar kuliah bayar wifi nabung ingin sekarang fokus bagaimana cara naikin income,6,Positif
Wed Feb 21 23:22:19 +0000 2024,hibah riset batas dosen mula dosen lektor kepala baru banyak seleksi ketat tanggung jawab ribet itu dana khusus riset bukan gaji,-5,Negatif
Wed Feb 21 10:37:58 +0000 2024,dipungkiri generasi mana baik babyboomer milenial amp gen temu orang lebih pilih anggur kerja bawah gaji umr,0,Netral
Wed Feb 21 07:56:40 +0000 2024,kata didik cerdas bangsa kok deosen bego begoin pakai gaji buat makan kurang,-1,Negatif
Mon Feb 19 07:44:47 +0000 2024,oke gas gen dukung all nikmat tampak padahal t kalean lah bayar pajak mah naikkin gaji joget,1,Positif
Sat Feb 17 03:26:23 +0000 2024,lama unj enggak laku tuh kampus gue kampus didik kalo guru enggak harga gaji kecil bagaimana gen minat jadi guru makin bobrok indonesia deh wallahi heran kok bangsa alergi sama orang pintar intelektual sih astaghfirullah,2,Positif
Fri Feb 16 13:59:41 +0000 2024,tertawa dukung tik tok solusi nya joget rata rata gen pilih kalau enggak ngganggur numpang hidup orang tua oke gas beras harga beras bbm sebntar listrik ppn pulsa dlloke gas solusi joged kasihan gaji umr dukung naik,2,Positif
Fri Feb 16 11:02:03 +0000 2024,anak gen semua nih reply woi dulu pilpres begini tau malah pulang nya siang bayang gaji cuma ribu syukur ajasi wkwk,-2,Negatif
Fri Feb 16 07:16:35 +0000 2024,pakdhe nya lord tau bagaimana cara mikat hati sih miskin miskin kasih bantu sih tengah janji naik gaji sih atas lancar bisnis rubah atur gen pakai influencer set up panjang bulan bulan,-1,Negatif
Thu Feb 15 03:44:50 +0000 2024,awas bilang gampang kan tinggal buat upload guruguru sini gen banyak pret gaji aing enggak berapa anjir,1,Positif
Wed Feb 14 15:57:22 +0000 2024,realitas pilih gen milenials boomers senang zona nyaman ide makan siang gratis bansos lowong kerja asn naik gajitunjangan asn tmsk pensiun meski naik sedikit suka ketimbang ide hadir hukum lebih adil,1,Positif
Wed Feb 14 15:21:41 +0000 2024,lu kalo gen omong harus mikir wkwk tahun tahuntahunnya lo semua usia produktif kerja lu bayang kerja keras gaji lu banyak dikantongin perintah pajak dinaikin buat naikin gaji jabat mikir nder,0,Netral
Wed Feb 14 13:25:27 +0000 2024,wcl hernawan inti sih gua dengar gen pengin jadi pns semua makanya pilih prabowo kalo terima soal pak prabowo kan naik gaji tni polri pns kalo buruh mah turuuu bae enggak naik sama pak wowo gua bingung duit mana,0,Netral
Wed Feb 14 12:39:35 +0000 2024,dasar riset mayoritas gen milenial punya ingin milik rumah impi harga rp miliar rp miliar ingin banding gaji genz milenial ratarata setinggi ump kisar rp juta,5,Positif
Wed Feb 14 11:35:20 +0000 2024,welcome nepotisme and new orba kasihan sama dukung pajak naikin gaji jabat kata kurang biar korup naikin hilang demokrasi timbul nepotisme kasihan sama pilih gen melenial sekarang rip demokrasi,-4,Negatif
Wed Feb 14 09:05:10 +0000 2024,menang doa baik buat negeri alias tahun depan gilir gen bayarr pajakkk gaji pertama gws,2,Positif
Tue Feb 13 13:54:25 +0000 2024,gen asal jamkerja usai sama gaji mah fine fine,3,Positif
Mon Feb 12 23:16:30 +0000 2024,tempat belum sih gen lebih sopan meski masuk jalur ordal kalo tempat gaji orang tanya bapak tua satir kayak sudah kerja jadi staffchuakkss gue dong mt,-5,Negatif
Mon Feb 12 14:41:14 +0000 2024,rill anjir gen kantor sering bilang mending gua kerja gaji kecil tapj mental health gua jaga orang asik langsung ku timpalin gua mah mending gaji gede urus mental belakang wkwkwkwk luculucu genz,0,Netral
Mon Feb 12 11:18:24 +0000 2024,jangan salah realita alami kerja salah satu startup kawasan scbd andine bukan nama benar aku biaya hidup lebih tinggi gaji bulan gen sulit milik tempat tinggal,-4,Negatif
Mon Feb 12 08:58:38 +0000 2024,hhaha gen kepala gaji gede biar flexing traveling hidup jetset pasti lihat keren gaji gede realitanya lu waktu kuliah lebih banyak nongkrong ajar bangga dugem akhirya lulus kaya lu harap gaji gede,5,Positif
Sun Feb 11 15:57:36 +0000 2024,eh enggak makan gaji buta bukti gen malas rebah,-3,Negatif
Sun Feb 11 14:23:11 +0000 2024,gen ask apkh average gen mungkin beli rumah khusus jakarta milyar milyar juta juta ratus ratus sekian harga rumah jakarta gaji segitu,3,Positif
Sun Feb 11 08:36:12 +0000 2024,risau tengok gen gaji rmk simpan rmk slps tahun kerja,0,Netral
Sun Feb 11 00:29:14 +0000 2024,tarif pajak rakyat naik gaji jabat naik dukung all gen tolol,0,Netral
Sat Feb 10 12:45:17 +0000 2024,mimpi kok tinggi buat gen soal kalo suruh kerja berat dikit ngeluh gaji ken tinggi,-1,Negatif
Sat Feb 10 04:17:14 +0000 2024,this is true gue anak gen but i dont mind working from bottom top lu rangkak dulu baru lari gaji pelan instant stuff wont last long kalo mau planning periode tahun jangan lompat sana lompat sini,-2,Negatif
Sat Jan 20 04:36:42 +0000 2024,jadi isu jawa tengah jadi umr kecil no indonesia rusak image kampaye bangun ganjar lama wkkww pro rakyat kecil beri umr kecil wkwkw gen banget alergi sama gaji kecil milineal no umr kecil loh se indonesia,-6,Negatif
Sat Jan 20 03:22:52 +0000 2024,one more bila gen tanya something tell them teach them bukan cukup tak benda nih tak tahu kau ajar apa dulu tak masuk kelas maamsir please jgnlah macam tak perlu nak perli amp sarcastic tak kacau gaji korang ajar orang benda,-5,Negatif
Fri Jan 19 20:54:27 +0000 2024,bosbos gen kali peduli setan orang bawah penting profit usaha lancar makin gede karyawan gen peduli setan usaha penting gaji cair kerja minim mungkin sah sah,-2,Negatif
Fri Jan 19 12:53:53 +0000 2024,gen sulit beli rumah harga makin enggak masuk akal gaji tetap segitu solusi bukan nurunin harga rumah naik gaji layak malah panjang tenor kpr bjir lah,6,Positif
Fri Jan 19 12:16:07 +0000 2024,real life nama konsekuensi mpertaruhkan integritas amp gaji ajar sedang mpelajari norma amp atur masyarakat masuk disiplin anak sama segera lulus amp masuk masyarakat tebak kan bagaimana karakter gen tbentuk,-1,Negatif
Fri Jan 19 10:33:38 +0000 2024,salah nih gen nak gaji masuk kerja goyang kaki sahaja,-1,Negatif
Fri Jan 19 10:18:53 +0000 2024,ramai gen utama wlb duitgaji kenal jadual kerja fleksibel wfhwfa rewards tak mesti duit balik awal on friday etc usia tak mesti jamin semua lebih mahir gen lebih mampu serah tanggungjawab golong,-2,Negatif
Fri Jan 19 06:44:52 +0000 2024,realiti gen sekarang kerja banyak gaji kurang,0,Netral
Fri Jan 19 03:38:35 +0000 2024,nak gaji timpal ingat tau kalau you time muda dulu gaji segitu tak valid tau gen sekarang rumah mahal apa semua pastu bising budak sekarang jerumus ds,-3,Negatif
Fri Jan 19 02:53:56 +0000 2024,bukan gen please lah eh boomers sekali kalau kau tampak sorang kerja kau experience lebih sikit kerja kau jangan nak letak segala expectations tinggi dekat gaji kau beri sama rata,-3,Negatif
Fri Jan 19 01:31:21 +0000 2024,i love gen datang kerja buat kerja bayar je why would we more work gaji tak naik gen slay,2,Positif
Thu Jan 18 14:54:48 +0000 2024,gen surat buka buat kalian semua nih asalbukanprabowo asalbukan malam jumat banyakygbalikke pandji raffi ilana tan papua gaji miftah gengpastipasti abah gemas suka pbnu,1,Positif
Thu Jan 18 14:54:44 +0000 2024,gen surat buka buat kalian semua nih asalbukanprabowo asalbukan malam jumat banyakygbalikke pandji raffi ilana tan papua gaji miftah gengpastipasti abah gemas suka pbnu,1,Positif
Thu Jan 18 07:20:01 +0000 2024,work gen sekarang dikit ngeluh mental tempe manja aku gen kerja overworked gaji jauh under umr apa masuk kategori atas kadang mau ngeluh tuh mikir dulu apa memang susah payah kerja buat dapat gaji enggak berapa pengin resign cont,-5,Negatif
Thu Jan 18 05:01:14 +0000 2024,misal aku mau bikin base menfess baru aku modalin kira mau urus jadi adminnya enggak entar sponsor aku cari biar gaji awal mau bangun dulu,0,Netral
Thu Jan 18 00:17:26 +0000 2024,gaji naik proyek eh benar pilih amin,0,Netral
Thu Dec 28 11:33:40 +0000 2023,gen kalo terusterusan kena standar imajinatif begini gua lihat kasihan kalo kerja nyata gaji juta mentok enggak lembur take orang leave,-3,Negatif
Thu Dec 28 10:57:22 +0000 2023,lah wajar kok lu gen tolol pengin gaji gede cepat,-1,Negatif
Thu Dec 28 06:02:58 +0000 2023,gaji kat sini memang sucks aku suka tngk gen bijak cari gaji tinggi memang susah nk cari kena cara memang gaji masyukkk follow lah banyak share cara nak build career kalo dah brumur memang susah sket lah ramai engineer architect etc trpaksa lompat bidang,-6,Negatif
Wed Dec 27 12:39:42 +0000 2023,people said gen cenderung punya doomerism mindset bagaimana enggak bjir climate change rasai dampak krisis huni gaji stagnan fucking pandemic krisis manusia awal tahun kagak kelarkelar despite being livestreamed idk sehatsehat lah kids,-4,Negatif
Wed Dec 27 11:08:47 +0000 2023,base biru putih mana mau ngetake down viral pecah rekor salah satu alas gaji elon kak wkwkwkw mau coba orang sok edgy gen biasa biar mau coba,-3,Negatif
Wed Dec 27 05:23:12 +0000 2023,gaji enggak sesuai jobdesk bikin gen cepat resign lo tahu enggak gen indonesia siap resign kalo gaji enggak sesuai jobdesk realita kerja zaman now bikin mikir kali satu persen erti banget masalah bukan cuma soal duit harga adil,3,Positif
Wed Dec 27 05:19:06 +0000 2023,gen butuh lapang kerja gaji digit,1,Positif
Wed Dec 27 04:53:41 +0000 2023,bukan takat gen je sis millenial si nih deh applied quiet quitting since early this year nak nak sejak team leader hauk asal cuti as planned gaji jalan and big bos tak complaint buat keje asal siap,3,Positif
Wed Dec 27 01:30:26 +0000 2023,bukan gen je aku deh nak cecah nih buat benda sama buat apa kerja lebih kalau gaji tang tuh buang masa buang tenaga banyak benda buat kerja je,3,Positif
Tue Dec 26 23:33:18 +0000 2023,padahal rerata gaji gen bawah nek misal nang kene gaji juta enggak payu rabi arti wong kene goleke tara karo bapake prabowo keponakan tunggul ametung kayak raya tekan orok,0,Netral
Tue Dec 26 17:47:23 +0000 2023,pandang aku terma nih boomer cipta gen tau kadar gaji orang kerja ikut jadi je deh cukup nak grow organically company sama tak berbaloi baik lompat company sok buat apa nak kerja lebihlebih paruh mati,1,Positif
Tue Dec 26 11:21:40 +0000 2023,gen mindset begini orang paling rugi tunggu lah umur an kalau masa harap gaji bulansuami baru sesal zaman sekarang pantas bukan zaman healing,-4,Negatif
Tue Dec 26 09:25:49 +0000 2023,kerja jadi guru gaji kecil anggap kerja sepele bukan cita gen cerdas hidup bangsa jiwa pahlawan menantu idam amal uud,2,Positif
Tue Dec 26 08:43:41 +0000 2023,tak benda nih dekat boomer gen kali gen benda nih jadi banyak kalau boomer deh umoq nak sara jadi deh malas nak hadap genx gaji tak naik banyak sebab rasa tak berbaloi macammacam,-3,Negatif
Mon Dec 25 23:28:33 +0000 2023,pantesan loker gue enggak pernah acc tiap usaha orang usia deh lewat maksimal punya banyak alam kerja usaha mungkin takut buat asih gaji gede alam dunia kan gen upah murah kan,2,Positif
Sat Dec 23 03:23:14 +0000 2023,milennial gen gaji bawah umr,0,Netral
Fri Dec 22 09:07:46 +0000 2023,gaji kamu gen kawa ku bayar,0,Netral
Fri Dec 15 11:29:49 +0000 2023,ketimbang nangisin capres mending nangisin hidup lu sendiri deh gagal nyapres leha nikmat aset lah gen gaji umrgeneration sandwich beli rumah mampu,0,Netral
Fri Dec 15 10:29:27 +0000 2023,gue ex processing agribusinessnya harap sama gaji ol naik tiap tahun enggak harap lalu kerja banyak babyboomer buat gen millenial sabar sabar adaptasi kalo transisi system,7,Positif
Fri Dec 15 00:49:35 +0000 2023,tahan ijazah enggak uang lembur gaji bawah umr,0,Netral
Thu Dec 14 13:44:47 +0000 2023,alhamdulillah tengah tahun semenjak wisuda lumayan berprogress salah satu ngalamin gaji tiap bulan enggak pernah sama alias ningkat terus alhamdulillah semangat rintis karir wahai gen ingat juta teman gen lain siap kerja,4,Positif
Thu Dec 14 05:51:50 +0000 2023,mental sdm pengaruh sih kebnykan pengin kerja nyaman aman balik meja administratif coba challenge dong divisi marketing amp jual sana gaji tak batas karir puncak usaha kalo gen amp milenial cuma ngeluh gaji kecil negara,-2,Negatif
Thu Dec 14 03:10:37 +0000 2023,aku gen alesan paling tinggi gue resign gaji enggak sesuai jobdesc enggak sesuai sama skill kayak macam gue asih usaha usaha ngasihnya cuma gue jadi banding,1,Positif
Thu Dec 14 02:48:06 +0000 2023,gaji digit punya rumah asa mustahil gen,2,Positif
Thu Dec 14 01:31:39 +0000 2023,nih kalau katai gen manja apa gue enggak peduli kalau cuma anjing anjingin atas gue oke b kalau masalah gaji mikir puluh kali buat tahan asih gaji jauh bawah umr tahan ijazah job desk segambreng mana jam kerja fak kata gue teh,-6,Negatif
Wed Dec 13 15:15:45 +0000 2023,reng capai target gaji digit impi gen,0,Netral
Wed Dec 13 13:29:43 +0000 2023,ambil lama kontrak sebut jelas enggak tahan ijazah lain aneh berat gaji at least umr cukup buat fg,-3,Negatif
Tue Dec 12 22:08:51 +0000 2023,kayak gen baru kerja minta gaji digit,0,Netral
Tue Dec 12 10:34:24 +0000 2023,mau jadi jawab gaji digit,0,Netral
Tue Dec 12 08:56:46 +0000 2023,trending tak lekang waktu twitter gaji digit thread cowocewe red flag video artis kontroversi habit gen,0,Netral
Tue Dec 12 03:10:14 +0000 2023,bahas rohingyah benci gen datang datang minta tanah buat tinggal gen sibuk cari kerja easy working gaji juta almarhum jual diri juta effort desah sama pura pura enak,2,Positif
Tue Dec 12 03:01:41 +0000 2023,anggap gen kirim menfess arti harus umur bawah asumsi fg umur pikir nikah tanya usaha mana asih fg gaji jet bulan wqwq,-1,Negatif
Mon Dec 11 19:19:51 +0000 2023,halhal hindar gen uang hidup foyafoya sering menghamburhamburkan uang lifestyle terlalu boros beli uang cepat habis gaji jadi patok utama anak muda punya dana darurat,-1,Negatif
Mon Dec 11 13:11:17 +0000 2023,apa aku bapak ku gaji fresh graduate sangat tutup hidup sangat hedon tiket pp mdcjkt dibayarin sangat gen code banget tanya gue duid gua anjj kok habis,-3,Negatif
Mon Dec 11 11:31:36 +0000 2023,jadi lu marah begini enggak buat gen nasib malang gaji umr rumah benar meme sindir biar negara melek,-2,Negatif
Mon Dec 11 03:02:00 +0000 2023,gen kelas umr apa iya gaji umr nabung investasi eits jangan salah bareng financial planner mike rini banyak trik nih kamu ambil tonton kodekompastv channel youtube kompastv,-6,Negatif
Mon Dec 11 02:43:33 +0000 2023,yakin gen gaji umr,1,Positif
Sun Dec 10 12:50:00 +0000 2023,gen kelas umr apa iya gaji umr nabung investasi eits jangan salah bareng financial planner mike rini banyak trik nih kamu ambil tonton kodekompastv saat channel youtube kompastv,-6,Negatif
Sun Dec 10 09:02:00 +0000 2023,gen kelas umr apa iya gaji umr nabung investasi eits jangan salah bareng financial planner mike rini banyak trik nih kamu ambil tonton kodekompastv malam pkl wib channel youtube kompastv,-7,Negatif
Sun Dec 10 05:02:00 +0000 2023,gen kelas umr apa iya gaji umr nabung investasi eits jangan salah bareng financial planner mike rini banyak trik nih kamu ambil tonton kodekompastv malam pkl wib channel youtube kompastv,-7,Negatif
Sun Dec 10 01:00:01 +0000 2023,lagi gen lihat cuma youtuber anak orkay doang banyak loh gen kerja pontang panting gaji underpaid harga properti naik banget gegara gen belum,1,Positif
Sat Dec 09 11:11:09 +0000 2023,pantesan gen banyak jadi simpenan omom ekspektasi gaji nya segitu,-2,Negatif
Sat Dec 09 04:54:05 +0000 2023,gen suruh nabung gaji beli rumah lho rumah kan desix,1,Positif
Sat Dec 09 03:49:20 +0000 2023,orang orang kayak lu nih nder bikin orang ber stigma negatif sama fg gen baru lulus deh mau gaji gede mimpi,2,Positif
Fri Dec 08 23:04:13 +0000 2023,harga properti makin mahal naik gaji imbang bagaimana langkah cerdas gen beli properti simak ulas artikel kocek tabloid kontan edisi november desember cerdaskeuangan,5,Positif
Fri Dec 08 11:16:24 +0000 2023,ekspetasi gen tinggi masalah gaji kayak kuat mental pas kerja,0,Netral
Fri Dec 08 11:07:21 +0000 2023,lihat testimoni orang masuk agens enak nin lihat seru buat suka banget bidang creativepr cocok sih masuk agens kalo masalah gaji kayak nya perlu timbang wkwk malah gen paling sering ditemuin kerja agens gas,3,Positif
Fri Dec 08 06:53:27 +0000 2023,bagaimana gen punya rumah kalo gaji rata gen bawah juta,3,Positif
Fri Dec 08 05:38:18 +0000 2023,gen terima kerja,2,Positif
Thu Dec 07 23:53:46 +0000 2023,pantas gaji lu juta nyebut kuota jadi kouta makanya sekolah goblok hedeh,-1,Negatif
Thu Dec 07 11:58:17 +0000 2023,semua benda nak kena suruh tak suruh tak buat cuci tandas vacuum bilik takde common sense gaji kau dibyr bibik emas tak buat gen sok faktab,-3,Negatif
Thu Dec 07 00:07:04 +0000 2023,ini buat gen enggak mampu beli rumah meski gaji tinggi,1,Positif
Wed Dec 06 10:04:43 +0000 2023,pendeta banyak gen jaman sekarang info nya obrol doang enggak paham kok gaji umkm remdah tuh wkwkwk biasa lah wkwk,-1,Negatif
Tue Dec 05 07:22:54 +0000 2023,bukan penyefong eth mau nnya jadi maksud abang kayak mana sistem latih buat main abang kayak gen banget rasi dikit disiplin amp menang malah tantrum kira lah gambar mu bang ingat gaji milyaran minggu lari jadi tugas,-4,Negatif
Tue Dec 05 05:44:21 +0000 2023,tahi lu bayar mahal gaji tinggi latih keras dikit ngeluh bangsat blang latih keras pas lapang lembek kayak tapai gen material lord,-2,Negatif
Tue Dec 05 01:05:49 +0000 2023,double sih gaji nya wkwkwk kalo anak riize kagak gen banget tiktok debu kali,-1,Negatif
Mon Dec 04 23:20:00 +0000 2023,ngeluh mulu lu main mu kayak gen gaji gede,-2,Negatif
Mon Dec 04 14:06:38 +0000 2023,naikin gaji tim sosmed nya treasure sekarang wooooi suka banget gue sama konten sungguh gen sekali wkwkwk kayak enggak tinggal trend,0,Netral
Mon Dec 04 08:10:05 +0000 2023,artis lawak sekarang jadi anggota dpr punya mbak banyak lebaran mau lembur enggak pulang kampung kali gaji enggak sengaja lihat pas gue kecil infotaiment sekarang gen heran beliau kayak raya padahal deh jaman dulu kayak,-2,Negatif
Mon Dec 04 01:10:58 +0000 2023,millenial smgt kerjany tinggi sekali apa sih kalian kejar terus salty banget kalo lihat gen kerja sesuai porsi pengin punya kerja santuy gaji gede mau nya hidup enak they said iya,4,Positif
Mon Dec 04 00:56:52 +0000 2023,fg kok harap gaji digit alam kerja kerja baru bulan bulan resign alas enggak masuk akal sape lo nikmat proses dulu asah skill alam baru ngarepin gaji digit gen,0,Netral
Sun Dec 03 14:45:37 +0000 2023,kata siapa teman aku gen beberapa beli rumah hasil uang sendiri memang sih gaji tmnku atas umr jakarta digit,-1,Negatif
Sun Dec 03 14:08:04 +0000 2023,jadi bos toxic kalo ngegaji juta bos asih gaji umr bawah umr jangan toxic kali maksud gen,2,Positif
Sun Dec 03 10:49:17 +0000 2023,kalian umur berapa gen bakal punya rumah sendiri tengah kota jakarta gaji umr apa terlalu lebih kalo harap punya pasang punya rumah sendiri tia,3,Positif
Sun Dec 03 05:46:17 +0000 2023,being gen gaji besar,0,Netral
Fri Dec 01 15:37:16 +0000 2023,ngedit cip anak gen apa bagaimana cepat benar karirnya kayak anak gen today tiba pengin gaji gede posisi bagus fresh graduate haufttttt,-5,Negatif
Fri Dec 01 13:36:17 +0000 2023,staf mau menjawabhahahha ini gaji staf tara dapat kabuaten,1,Positif
Fri Dec 01 12:27:34 +0000 2023,pantang lah aku ayat gen lah millenial lah kalau nak kecam macam tau sangat sapa duduk kelompok orang sekarang demand macam zaman sekarang majikan tipu aniaya kerja ol sebut gaji minimum bila gaji minimum zaman mahathir,-6,Negatif
Fri Dec 01 07:38:10 +0000 2023,semangat buat gen millenials kayak beli smatpun kagak nyicil langsung beli walopun merk cuman smsung enggak kayak orang pakai ipong beli ipd beberapa bulan lalu minta orang tua pakai gaji pertama kerja alhamdulilah,0,Netral
Fri Dec 01 07:07:35 +0000 2023,enggak heran gen susah beli rumah gaji nya gin,0,Netral
Thu Nov 30 05:14:31 +0000 2023,wow harga rumahapartment capai juta gen minimal modern sama lantai europe architecture kpr tahun cash discounts juta khusus harga atas sama apa beli gaji anak muda indonesia juta inflasi tanah tahun naik,5,Positif
Thu Nov 30 04:22:39 +0000 2023,gaji digit insecure duileh gen,0,Netral
Thu Nov 30 03:45:26 +0000 2023,benar butuh rekrut midzy biar apa dengar anak gen maklum div staff nya bangkot bisa cuman makan gaji buta kerja nya nihil,-4,Negatif
Thu Nov 30 01:30:25 +0000 2023,gen lahir enggak benar pak malah sedang hadap realita besar soal gaji pas harga rumah mahal biaya hidup tingkat terus hidup privilege kerja keras banget boro mau joget istirahat kurang waktu,4,Positif
Wed Nov 29 22:50:09 +0000 2023,ajaib loh cari nya posisi cs corel draw adobe illustrator adobe after effect terus cari nya gen baru lulus baru keluar fresh from the open biar apa biar apa biar gaji kecil pakai alesan kamu kan alam ewkekekekekekkekekekekek ril,-8,Negatif
Wed Nov 29 13:54:28 +0000 2023,samosir adit toniee gaji umr sistem kontrak evaluasi tahun lanjut putus bagaimana milik rumah tanya selalu muncul gen milik rumah sendiri mustahil,2,Positif
Wed Nov 29 09:43:13 +0000 2023,minat gen naik haji sandung gaji,1,Positif
Wed Nov 29 01:24:50 +0000 2023,gen punya gaji pertama juta dah belagu selfreward mulu,2,Positif
Tue Nov 28 15:18:01 +0000 2023,gen mana dulu gen umr gen gaji digit gen terus usaha papih,0,Netral
Tue Nov 28 05:30:04 +0000 2023,lol buat makin gratis cuma buat korupsi mending kasih gaji guru pahlawan jasa anak gen cerdas mutu makin gratis modus ajang korupsi,2,Positif
Tue Nov 28 04:59:37 +0000 2023,carport kali jalan gen umur podo enggak ngarah ndduwe cok opomaneh gaji e mok umr jateng paling ngko ngenteni waris,0,Netral
Tue Nov 28 00:29:34 +0000 2023,status permanent employee karyawan tetap buat gen seperti biasa lebih gen lebih ingin komponen gaji lebih besar kultur baik fleksibilitas sempat ajar baik dlsb tarik,6,Positif
Mon Nov 27 03:42:29 +0000 2023,gue gen kalo kerja gaji gue ibu gue sisa baru buat gue itu cuma res resan doang,-2,Negatif
Mon Nov 27 03:22:00 +0000 2023,gen material engak apa mau main sama mu gaji nya mahal ngurangi beban gaji tinggi,0,Netral
Sun Nov 26 07:05:36 +0000 2023,darisini gua percaya apa kata emak gue buat kasih gaji gen enggak ngelola duit anjir,-1,Negatif
Sun Nov 26 01:58:46 +0000 2023,hehe benar banding ajar waktu kelas habis kepake buat ajar cara etika adab ajar anak gen gaji kecil tuntut gunung,-2,Negatif
Sat Nov 25 13:50:51 +0000 2023,bukan masalah gen enggak sih cuma gaji wfh sama wfo tuh bagaimana banyak disimpen habis jalan bukan masalah gen nya cuma memang sekarang akses wfh bukan malas ye kantor,-6,Negatif
Sat Nov 25 11:29:50 +0000 2023,lah aku bukan gen senang wfh nek kantor gur menit tekan gari mlaku rapopo nek kamu bensine piro cuk kene gaji mepet ora gur nggo entek neng dal soyo umr gur jutanan ra mundak dasar jateng,-1,Negatif
Sat Nov 25 03:50:22 +0000 2023,yaampun gen gen mau kasih gaji dollar malah deh nyerah dulu,-1,Negatif
Sat Nov 25 01:32:58 +0000 2023,mujani gen jangan pilih presiden daya pikirnyasudah turun jaman kolonial dulu segala masalah selesai uang sekarang makan gratis tega hukum kasih hakim gaji tinggi regulasi export hasil tani makan gratis mau punya presiden begini,0,Netral
Fri Nov 24 14:46:43 +0000 2023,star naikin gaji editor zb benar edit anak gen banget enggak kuat akak aduh,0,Netral
Fri Nov 24 13:37:32 +0000 2023,alas kota bekas gaji tinggi jalan program juta tempat tinggal baru buat gen milenial cc,0,Netral
Fri Nov 24 07:11:56 +0000 2023,hari mula adikadik gen rasa wow posisi gaji lu dikit bgst,-3,Negatif
Fri Nov 24 06:48:24 +0000 2023,gue kerja buat diri sendiri gaji buat diri sendiri kadang sisihin buat mama wajar enggak wajar duit hasil tenaga keringet sendiri buat orang ngehamilin suami nikah muda trend gen suruh beli susu malah gue sekarang laba suami main judol,2,Positif
Fri Nov 24 06:15:12 +0000 2023,mayoritas gaji gen bawah rp juta per bulan,0,Netral
Fri Nov 24 05:42:22 +0000 2023,idic umum harga properti tinggi kerja stabil gaji rendah beban utang beberapa faktor sebab sulit milenial gen beli properti,0,Netral
Wed Nov 22 16:50:01 +0000 2023,keluar lebih gede presentasenya naik nya gaji,1,Positif
Wed Nov 22 12:22:14 +0000 2023,sumpah gue enggak sekali kali ditanyain orang gue tau gen tanya kerja tuh benefitnya doang harus lu tanya tuh kerja kapai pokok tanya tuh gaji wfh enggak sabtu masuk apa enggak kayak kalo lu mau wfhome mah jadi aga sih,-4,Negatif
Wed Nov 22 08:27:24 +0000 2023,benar gen aku pengin loyal company kayak biar punya anak eh baru kerja pertama bos enggak mau keluar gaji buat aku keluar,0,Netral
Wed Nov 22 03:37:41 +0000 2023,kalo data akhir usaha gue tahu sih gen cenderung lebih pilih tempat kerja lebih nyaman sekalipun gaji lebih kecil tekan enggak lama langsung resigngaris bawah iya enggak semua kayak data akhir gue tahu,-3,Negatif
Wed Nov 22 03:27:38 +0000 2023,harga rumah milyaran gaji bawah umr gen kayak gue mampus enggak bakal beli rumah,1,Positif
Tue Nov 21 12:34:47 +0000 2023,enggak kaget soal meski kerja gaji umr tetap uang saku nyokap bokap jadi kerja biar lihat kerja based on cerita teman gua gen baru kelar kuliah,3,Positif
Tue Nov 21 12:24:51 +0000 2023,wkwkwkwkwkwkw gen makan tiktok mikir whv gaji enak tanggal kota enakgede macam sydney melb enggak tau realita bagaimana kalau mau coba main canberraperth jangan kota gede kalo mau chance lebih besar terampil khusus,-5,Negatif
Tue Nov 21 08:40:03 +0000 2023,ganjar pranowo buka layan masalah sehat mental gen milenial normalisasi gaji bawaslu,-1,Negatif
Tue Nov 21 08:13:49 +0000 2023,gen nih ajar sini abu ubaidah sama openai lsi denny gaji bawaslu natalie rohingya filipina indonesia,1,Positif
Tue Nov 21 06:16:16 +0000 2023,gen jangan golput milu milu jepang abu ubaidah lsi denny sama kendal butterscotch ac mil bawaslu aceh rohingnya jhonny timnasday nicu gaji,-1,Negatif
Mon Nov 20 22:31:15 +0000 2023,gen anak muda lahir rentang bagi mulai kerja terima gaji,2,Positif
Sun Nov 19 16:40:48 +0000 2023,hidup ideal gen punya kerja tetap buat bayarin kostan biaya hidup dasar job samping freelance creator buat beli wishlist healing ganggu uang gaji benar enggak gen,4,Positif
Sun Nov 19 11:07:34 +0000 2023,gua gaji juta gua kasih tante gua bantu biaya obat ribu gua keep bagi tabung sekarang otw mau cari kerja tiga mau cari kosan gasemua gen hedonisme jek coba deh kalo enggak tau apa diam,-6,Negatif
Sat Nov 18 21:57:12 +0000 2023,gen anut pikir uang cari hidup cuma sekali padahal kalo akhir bulan gaji nipis cuma mengap,-6,Negatif
Sat Nov 18 10:55:47 +0000 2023,bagus sih dik orang tua begini anak enggak jadi kayak gen sekarang apa apa bikin postingan aduh capek banget hidup pengin mati tipikal gen sering tanya base kira kira worth enggak gaji juta dekat rumah gaji double,-2,Negatif
Sat Nov 18 09:57:57 +0000 2023,tuju nih nak promote gen masuk engineering regardless civil oilampgas manufacuring kalau semua pakat gaji tak bermaruah kat diaorg nih jangan marah kalau diaorg tak minat engineering,-3,Negatif
Fri Nov 17 23:45:17 +0000 2023,okay thats nih memang macam bebetul draw the line aku sampah kerja gen tak suka kerja lebih sikit terus rungut lepastu kira gaji kecil sok buat keje sikit lah ha rungut masalah engko banyak mengulor,-1,Negatif
Fri Nov 17 12:31:19 +0000 2023,lihat gen anak scbd jaksel tengah kali lupa apa gen buanyak banget ngopi cuma mampu starling tetap enggak kebel rumah gaji bawah umr sandwich gen memang kerja cari kerja susah menn,3,Positif
Fri Nov 17 11:55:09 +0000 2023,lalu apa kabar tanggal jogja gaji umur cuma an mau gen kayak gen kali kayak apa kagak bakal kebel rumah tanah,-5,Negatif
Fri Nov 17 11:48:13 +0000 2023,udahnya gen banyak tipes asam lambung malah suruh mikir beli rumah gaji umr syukur alhamdulillah untung aku hidup jawa timur apa nalar,1,Positif
Fri Nov 17 11:32:35 +0000 2023,aku gen enggak pikir nyicil rumah gaji enggak cukup orang tua punya rumah,1,Positif
Fri Nov 17 10:28:43 +0000 2023,moga admin ig boynextdoor aktif gen umum biar enggak makan gaji buta soal upload pas mau debut sama comeback,1,Positif
Fri Nov 17 06:58:26 +0000 2023,padahal asli gen enggak beli rumah gaji mentok umr,1,Positif
Fri Nov 17 06:28:18 +0000 2023,berapa banyak mas gen gaji minimal umr memang paling susah jadi manusia refleksi kondisi sama kondisi orang,1,Positif
Fri Nov 17 06:26:04 +0000 2023,gen nih udahmah banyak sandwich generation nafkah adeknya gaji enggak sesuai gelar kerja saing mati mati biaya didik segala macam makin naik tahan hidup opsional dikit dikit suruh beli rumah buset buat apaansih bawa mati kagak,4,Positif
Fri Nov 17 06:13:58 +0000 2023,gen umur gue gaji cuma juta an itu jajan mampu beli makan mahal paling bulan sekali taun sekali enggak sering,-3,Negatif
Fri Nov 17 05:03:43 +0000 2023,kantong tipis gaji kecil cari pinggir kerja nya jadi jauh resiko gue lihat gen enggak semua nya enggak sadar bahkan enggak siap atas resiko suatu pilih berani pilih ambil cicil arti berani terima resiko bahagia diri sendiri,-5,Negatif
Fri Nov 17 04:23:38 +0000 2023,gen minta gaji juta dinyinyirin berbulanbulan,1,Positif
Fri Nov 17 03:57:57 +0000 2023,enak gen kalo orang tua kayak arti punya aset sandwich generation kerja gaji umr buat nabung beli rumah malah tambah aset adawarisan apa mahal oy sekarang memang mau apa jadi mahal begini enggak nabung,3,Positif
Fri Nov 17 03:27:08 +0000 2023,tadi ku qrt konteks nya gen karyawan anak an jogja gen kalo ngandelin gaji susah,-1,Negatif
Fri Nov 17 03:26:39 +0000 2023,gen pernah ngonser beli gadget kalo gadget pakai rusak total gaji bawah umr boro boro nabung beli rumah nabung dana darurat enggak bantuin bayar utang orang tua,-1,Negatif
Fri Nov 17 03:13:32 +0000 2023,enggak sadar kalo banding naik gaji enggak banding naik harga properti terus harap gen afford beli properti bagaimana gen sangat enggak apple apple banding dulu gen atas beli rumah luas modal satu sumber revenue sekarang amit,3,Positif
Fri Nov 17 02:25:44 +0000 2023,boro boro tonton konser kelas festival mending duit pakai buat beli mie lihat gen mana sih gen pinggir tangerang with gaji umr cant relate,-3,Negatif
Fri Nov 17 02:08:58 +0000 2023,mau enggak ikut konser beli gadget gen enggak kebel kalo bas sama properti sini produk investasi satu orang punya unlimited properti gap gaji gen boomers harga properti zaman nya jauh beda,1,Positif
Fri Nov 17 01:51:25 +0000 2023,tetap nafas balik gempur gaji stag biaya hidup makin naik sehat sehat gen kabupaten gaji umr,1,Positif
Fri Nov 17 01:42:32 +0000 2023,betul gen gaji umr enggak bakal beli rumah daerah kota anggap gaji juta buat living juta buat saving juta buat kasih orang tua juta savings perlu bulan buat kumpul hampir juta alias tahun lu kerja cuma segitu enggak keitung kalo,7,Positif
Fri Nov 17 01:07:02 +0000 2023,asumsi minimal income jtmonth kak buat beli barangbarang kayak realitanya jarang banget gen gaji segituu makanya bilang skala ekstrem,-2,Negatif
Fri Nov 17 00:46:56 +0000 2023,gen kagak kebel rumah gaji honorer guru enggak masuk akal bangkai,-1,Negatif
Fri Nov 17 00:27:47 +0000 2023,gue mau lihat lu sanggup enggak ngehidupin keluarga orang gaji bawah juta jabodetabek tahun gue omong kayak begini nyata banyak gen sandwich gen jadi tulang punggung keluarga tambah menuhin ekspektasi boomer spesies lu,1,Positif
Fri Nov 17 00:25:28 +0000 2023,ira omong begini gen jebul semi boomer maaf harga tanah yk daerah pinggir sentuh juta per meter inflasi makin naik gaji enggak berapa kalo mau nabung gaji nya doang,0,Netral
Fri Nov 17 00:17:32 +0000 2023,kalo umr kotakota sama kayak jakarta mah gue pakai contoh jakarta bodetabek gen afford umpama juta punya gaji juta mostly situ tingkat gaji networking skill memang paling mungkin jabodetabek,3,Positif
Thu Nov 16 23:57:40 +0000 2023,lihat gen enggak tau arti kalimat gaji juta alias pas justru beli rumah sesuai gaji segitu catat otak mau pakai gue enggak maksa lo buat beli kok mau nebeng orang tua lama tunggu blio tinggal waris,1,Positif
Thu Nov 16 22:53:27 +0000 2023,yaallah semangat gen kerja gaji enggak nutup enggak kerja hidup tutup,1,Positif
Thu Nov 16 14:02:59 +0000 2023,sepakat kak hasil survei populix responden usia gen amp milenial susah punya rumah gaji ngepas buat butuh dasar bagaimana mau kebel tuh rumah,4,Positif
Thu Nov 16 13:54:51 +0000 2023,gen disalahin boomer tahun segitu gaji amp harga properti iring sejak us nyetak dollar patok emas mulai kacau rembet negara naik gaji era millenial gen cenderung lambat gaji fantastis pegawai startup bagi kecil,1,Positif
Thu Nov 16 13:51:57 +0000 2023,hhmm gumana gen kabupaten boro mau tonton konser gaji habis buat hari,-1,Negatif
Thu Nov 16 13:30:43 +0000 2023,tau banyak milenial gen jadi tulang punggung keluarga gara ulah boomer hobi anak banyak boro nabung gaji cukup akhir bulan alhamdulillah,-6,Negatif
Thu Nov 16 13:16:03 +0000 2023,bangsat lah bela boomers numpuk property terus salah gen enggak beli rumah eh bangsyul lo ngarepin orang punya rumah min sekarang harga milyar gaji juta per bulan gws,2,Positif
Thu Nov 16 13:15:52 +0000 2023,begini deh gaji orang tua juta beli rumah harga juta tahun harga kali lipat sekarang gaji let si sayang juta harga rumah milyar kali lipat masuk akal enggak gen lebih pilih hambur duit buat hidup hari,5,Positif
Thu Nov 16 12:38:40 +0000 2023,even gajiincomesalary gen jakarta atas juta still enggak ngejamin kalo beli rumah soal once again inflasi harga properti tiap tahun since pandemic era naik benar uncontrollable yall need blame harga tanah kosong jakarta goreng sama makelar properti,2,Positif
Thu Nov 16 11:34:07 +0000 2023,muak banget sama narasi gen enggak beli rumah soal sibuk ngopi generasi atasatas tuh buanyak gaji karyawan afford entertainment sekaligus nabung buat beli rumah sekarang marak housing bubble gen cuma afford entertainmentnya amp bukan rumah,2,Positif
Wed Nov 15 18:53:15 +0000 2023,marah marah gen katai malas mental lemah mau dicekokin doang mental diprovide enggak beli doang kok enggak padahal gaji gen kali gen kualifikasi sama naik paling harga butuh naik edan edan,-1,Negatif
Tue Nov 14 16:01:18 +0000 2023,tipe gen banyak ngeluh gaji pengin digit enggak alam kerja ongkang,0,Netral
Tue Nov 14 10:39:29 +0000 2023,tuju banget enggak jadi sugar baby statement kerja gaji enggak besar penting berkah tuh enggak relevan sama sender sender jelasin enggak kerja nyangkut satu,6,Positif
Tue Nov 14 10:12:18 +0000 2023,enggak sih gue pribadi netizen amp karyawan takut kalo kantor gue tiba tiba phk gue justru malah bingung lihat orang sepele sama ekonomi depan soal gue trauma banget sama efek ekonomi covid moga enggak ulang deh potong gaji phk besar besar,5,Positif
Tue Nov 14 06:02:07 +0000 2023,sorry kalo aku mau gaji digit kerja tidur makan mulu this is gen,0,Netral
Tue Nov 14 02:15:09 +0000 2023,yuk itung kalo gen zmillenial gaji kali umr nabung berapa lama kumpul sama,1,Positif
Sat Nov 11 01:17:15 +0000 2023,gen gaji buta,-1,Negatif
Sat Nov 11 01:00:00 +0000 2023,nyata jabat tinggi enggak bikin gen ngiler kabar enggak masalah gaji kecil lama sehat mental lantas bagaimana rencana uang tepat gen dengar podcastnya sini podcast tolakmiskin tolakmiskindetikfinance,-4,Negatif
Fri Nov 10 08:23:06 +0000 2023,sebab banyak gen tolak naik jabat bukan semata gaji,-2,Negatif
Fri Nov 10 08:14:25 +0000 2023,waduh kantor gue banyak gen tukang mabok tuntut gaji tinggi kagak ngapa kerja nya enggak becus beda sama,-3,Negatif
Fri Nov 10 02:43:38 +0000 2023,gen sebut enggak pengin gaji tinggi asal hidup imbang kerja gaji paspasan apa kesalahankesalahan uang hindar gen,0,Netral
Thu Nov 09 16:20:45 +0000 2023,gue tadi nemu menfess anak gen gaji mau banyak terus balas mikir biar butuh cukup mental stabil enggak kayak orang dulu legowo sekarang tinggal stres nya lampiasin anak lalu menfess lewat,-5,Negatif
Thu Nov 09 14:19:04 +0000 2023,orang dulu overwork bikin gen pilih resign rasa gaji sesuai read orang tua dulu overwork back up disclaimer semua gen banyak,-3,Negatif
Thu Nov 09 12:00:12 +0000 2023,lu bayang gen pikir bagaimana ganti posisi orang tua tulang punggung biayain butuh rumah buat adik nabung buat beli rumahkendaraan buat diri sendiri pelit nder gaji kecilbesar pikir bukan diri sendiri cuy keluarga,-2,Negatif
Thu Nov 09 10:51:44 +0000 2023,kalian sadar enggak sih gen kalo orang dulu tuh enggak apa kalo paksa overwork sama tuan tanah sbgian besar hasil panen embat kaum feodal umur hidup enggak kayak jmn sekarang overwork gaji kecil langsung resign sebab apa kira versi lebih feodal kira,-2,Negatif
Thu Nov 09 10:45:08 +0000 2023,nder gue masuk orang dulu pikir kayak gen kamu remeh kerja berangkat jam pagi pulang jam sore malam malam gaji sangat dikit kala umr juta tiap overtime gaji lembur enggak langsung bayar pas gaji,-2,Negatif
Thu Nov 09 10:31:36 +0000 2023,bapa gue bukan gen enggak nder kalo prinsip bapak gue jangan kerja orang kalo gaji kecil gaji kecil mending usaha sendiri atur sendiri kuasa sendiri enggak ribet pikir gaji kecil kerja orang,-5,Negatif
Thu Nov 09 09:55:16 +0000 2023,bagus dong aku orang jaman dulu turut bagus sih sama anak gen kan kerja uang enggak lupa sama sehat lah kalo overwork gaji enggak sesuai capek banget enggak sih,2,Positif
Thu Nov 09 09:08:36 +0000 2023,chelsea gen ngebet pengin gaji tinggi jadi kapten tim enggak cuma ambek orang tua nya ikut ambek contoh mason mount tony mount hehe,-4,Negatif
Thu Nov 09 08:58:03 +0000 2023,id gaji kecil bertahuntahun kebel rumah jadi kerja enak tuju gen gaji kecil realistis enggak aset ngaso tahun bank,1,Positif
Thu Nov 09 08:13:48 +0000 2023,lu sih overwork gaji kecil gue bukan gen mah ogah,-3,Negatif
Thu Nov 09 08:09:13 +0000 2023,simple nya gen makin pintar sih enggak mau peras kayak orangorang zaman dulu kamu susah cari orang gampang dibodohin load kerja tinggi gaji minim dalih abdi wkwk,-2,Negatif
Thu Nov 09 06:53:52 +0000 2023,gara-gara butuh hidup lifestyle enggak murah kali gen lebih melek value harga diri sendiri jadi gaji balance sama usaha kerahin usaha kalo overwork gaji over dong,-1,Negatif
Thu Nov 09 06:23:35 +0000 2023,enggak cukup lah turut jam sekarang gaji pas pas overwork jangan akan bilang gen manja lah lah lah kalo sekarang makin lihat value kalo rasa deserve kerja lebih baik bayar padan,2,Positif
Thu Nov 09 05:06:11 +0000 2023,not gen coba gue tanya balik kapai stay tempat gaji kecil overwork kalo sakit dibayarin kantor enggak mending resign terus usahacari tempat lebih baik,-4,Negatif
Thu Nov 09 04:28:14 +0000 2023,persepsi definisi masing term nya beda tiap generasi gaji kecil overwork dkk gen begini milenial begini startup layoff kap is just another day,-4,Negatif
Thu Nov 09 03:49:42 +0000 2023,orang dulu mungkin mikir umur makin tua kalo keluar tkt susah cari kerja gue gen mikir mumpung umur gue muda kuat kapai gue bakal explore terus gaji kecil terus makin lama makin naik apa mahal orang tua sama adek bantu thx,-3,Negatif
Thu Nov 09 03:33:42 +0000 2023,bukan gen trllu ngeluh soal gaji tau aku orang dulu gaji kecil enggak ngeluh sakura perak sekarang paling murce enggak tau mie nya apa,-8,Negatif
Mon Nov 06 04:07:40 +0000 2023,memang benar deh kalo anak gen kerja kantor tanya deh mau kerja benar enggak apa jangan mikirnya ngangngong gaji,-1,Negatif
Sun Nov 05 21:56:00 +0000 2023,sama lulus gen mau lamar kerja enggak sopan sekalifreshgraduate minta gaji tara direktur tanya alam kerja enggak minta tunjuk dulu kwalitasnya malah katai enggak percaya sama lulus ptn besar indoparah,9,Positif
Sun Nov 05 13:10:39 +0000 2023,octaa iya betul mau ruko gedung bodo penting gaji syukur kalau gaji bagus jadi stop minder kerja ruko khusus fg gen kalau gedung kantor elit gaji bagus good for them jadi story ig ala ala wkkwkw,0,Netral
Sat Nov 04 20:46:25 +0000 2023,kerja keras admin sekian tahun lalu memang benar buah hasil utama kalang calon voter millennials gen kalo pak prabowo pilih jadi presiden gaji insentif adminnya ngeroket minimal kali lipat lah wajib,1,Positif
Sat Nov 04 11:56:59 +0000 2023,pantas gen banyak nganggur mindset nya hancur tunggu gaji gede baru mau kerja lol you think you flower,0,Netral
Sat Nov 04 11:15:28 +0000 2023,naik gaji admin konten tiktok enha sekarang plis aku suka banget sama konsepnyaa gen banget,4,Positif
Sat Nov 04 06:56:16 +0000 2023,wkwkwkw mampoos derita jadi gen cari gaji segitu tengah mati ambil rumah samggupnya tenor tahun,-2,Negatif
Thu Nov 02 06:44:30 +0000 2023,jap plkn umo an siyez lhaaaaa better kasih budak gen kot baru die rse susah senang sakit nih kje semua bnd nk b suap je lps tuh kje nk senang je lps tuh gaji nk beso je ehhhh tiberrr,-4,Negatif
Wed Nov 01 11:59:05 +0000 2023,kocak banget lihat anak gen nego gaji asa paling mantap,1,Positif
Wed Nov 01 08:59:45 +0000 2023,jangan melulu lihata gaji kak ingat gen mudah streeess wkwk,-2,Negatif
Wed Nov 01 08:19:48 +0000 2023,prob gen nih nk gaji beso kerja malas bodo,-1,Negatif
Wed Nov 01 08:16:36 +0000 2023,makanya negara susah prospek gen nya banyak enggak jelas pengaruh sosmed kantor pusing sama gen dikit resign terlalu buai sama sosmed jadi mau kerja enak amp gaji besar kena omel pressure dikit langsung mental breakdown,-1,Negatif
Tue Oct 31 15:43:57 +0000 2023,lemah nya gen begini gaji dikit dikit mau selfreward enggak sadar banyak tutup bantu orang tua egois nya keluar terus syukur habis marah sadar gaboleh begini orang tua sulit bantu bakti orang tua ituya,-10,Negatif
Tue Oct 31 03:17:07 +0000 2023,gen problem gaji naik pelik tak naik gaji tikai,0,Netral
Mon Oct 30 11:27:51 +0000 2023,lalu gaji apa sih ingin gen,0,Netral
Mon Oct 30 04:00:31 +0000 2023,ciri gen sekarang sih bukti sepupu sekarang enggak suka kalau lingkung kerja banyak drama pilih keluar kalo milenial genx paham resiko dunia kerja penting duitgaji,-3,Negatif
Sun Oct 29 18:04:57 +0000 2023,world enggak kalo sancho memang pure problematik gaji paling mahal enggak kontribusi bukan sadar diri malah curhat medsos ciri gen mana sama laku nya,0,Netral
Sun Oct 29 12:33:29 +0000 2023,what a gen punya thinking kerja relax relax gaji gempak punya mintak mak bapak kau pon xbg weh tinggi pangkat kau banyak gaji kau besar tanggungjawab kau perlu pikul kau makan gaji buta,3,Positif
Sun Oct 29 07:54:56 +0000 2023,gen behavior prefer gaji paspasan domisili sendiri pressure aman gaji gede rantau high pressure,-1,Negatif
Sun Oct 29 07:12:30 +0000 2023,alhamdulilah tahun tahan gen sekarang apply mostly looking fr gaji like buat lewa dtng kerja balik then gaji semua kerje penat dik oi strict uq a good company and follow japan culture malaysia je degil and tak accept,1,Positif
Sat Oct 28 04:03:28 +0000 2023,gen memang macam pilih gaji aku dulu xfikir gaji asal cari alam naik kalau achieve target ubah please dek,-3,Negatif
Fri Oct 27 09:57:25 +0000 2023,riset baru hewlettpackard hp acara south by southwest sxsw sydney nyata gen jadi kalang usia kerja rela turun gaji paling besar generasi lain kerja rela gaji lebih kecil kerja fleksibel sehat mental kompas,0,Netral
Fri Oct 27 06:25:33 +0000 2023,hasil riset work relationship index ungkap hewlettpackard hp acara south by southwest sxsw sydney ungkap generasi gen lahir rela terima gaji kecil kerja fleksibel sehat mental genz milenial gaji,2,Positif
Fri Oct 27 04:40:48 +0000 2023,kemarin lihat ig kata gen lebih pilih kerja gaji kecil mental aman tuju sih gue percuma anjir gaji gede lingkung toxic benerbener se toxic mana tahaaannnn,0,Netral
Fri Oct 27 02:57:23 +0000 2023,gen belah mana bukan mau gaji gede wfa mental sehat,-2,Negatif
Fri Oct 27 01:30:42 +0000 2023,wah riset gen rela punya gaji kecil lasal wfa sehat mental loh hewlettpackard hp laku teliti indeks hubung kerja survei responden negara masuk indonesia nih blistener morningvoice,0,Netral
Fri Oct 27 00:40:44 +0000 2023,wfa gaji kecil mah stres anywhere butuh duit mau sehat mental konsultasi psikolog amp psikiater butuh duit mau beli tiket konser healing bayar member gym pilates yoga self reward gue gen sih lebih butuh gaji besar,-2,Negatif
Thu Oct 26 23:06:08 +0000 2023,riset gen rela gaji kecil asal wfh trenasia,-1,Negatif
Thu Oct 26 17:34:58 +0000 2023,riset bohong gen kagak duit macam mana mau gaji kecil bela bela wfa doang,-3,Negatif
Thu Oct 26 17:00:51 +0000 2023,gen kalo gaji gede lari pinjol kalo enggak psikiater,-1,Negatif
Thu Oct 26 16:15:23 +0000 2023,gen gaji kecil gapapa lama dibiayain orang tau kalo generasi sandwich cuma menang pojok,-6,Negatif
Thu Oct 26 13:46:36 +0000 2023,kataa sapee bjirrr gen mah mau nya punya gaji gede mental sehat wfa,1,Positif
Thu Oct 26 12:34:43 +0000 2023,rela gaji kecil butuh banyak uang enggak cukup stres ujung boro sehat mental wkwk benar tuh gen mau wfa sehat mental gaji besar,-6,Negatif
Thu Oct 26 11:36:13 +0000 2023,kata paman ben film spiderman kuat besar datang tanggung jawab besar mungkin gen enggak mau gaji gede enggak mau punya tanggung jawab gede jadi lebih baik gaji kecil tanggung jawab kecil,-6,Negatif
Thu Oct 26 11:02:33 +0000 2023,salah gen mau wfa sehat mental gaji besar aku,-1,Negatif
Thu Oct 26 09:57:02 +0000 2023,aku gen note kalau gaji besar wfa sehat mental,-1,Negatif
Thu Oct 26 09:37:00 +0000 2023,survey mana deh gen kayak aku mau gaji gede lebih sehat mental gaji kecil mah stres apa apa mahal bagaimana mental sehat,-3,Negatif
Thu Oct 26 09:31:34 +0000 2023,aku gen aku tim gaji besar wfowfa enggak masalah asal gaji besar mental sehat kalo dompet penuh,-2,Negatif
Thu Oct 26 09:09:09 +0000 2023,basically wfa gaji digit dream job gen,0,Netral
Thu Oct 26 07:46:00 +0000 2023,enggak laku buat gen kayak gue bodo kerja sama orang toxic penting gaji digit,1,Positif
Thu Oct 26 06:42:30 +0000 2023,yaallah aku tersindirrr gue gen realistis kok mau gaji gede mental aman plus wfa ahahahahha,2,Positif
Thu Oct 26 06:20:18 +0000 2023,hoax banget gen mau gaji gede sehat mental wfa wkwkwk,1,Positif
Thu Oct 26 06:01:28 +0000 2023,gen mana suaranyaaaaa apa iya kamu rasa kalo gaji kecil gapapa penting mental aman komen yuk genz survei gaji kerja work worklife mtbfmsurabaya,-1,Negatif
Thu Oct 26 05:49:58 +0000 2023,kata siapa anjir gen mau gaji atas umr wfa kalo asuransi sehat kantor bukan bpjs,-3,Negatif
Thu Oct 26 05:29:55 +0000 2023,gen gue mau kerja wfa gaji tinggi sih,1,Positif
Thu Oct 26 05:20:37 +0000 2023,sori gue tim gen wfh wfo wfa bebas asal gaji digit,-2,Negatif
Thu Oct 26 04:54:09 +0000 2023,hoax banget anjir gaji kecil buat mental enggak sehat gen mau gaji gede sehat mental and wfa thanks,1,Positif
Thu Oct 26 04:45:02 +0000 2023,millenial benar kayak begini enggak gen biasa nya deh nikah punya anak sandwich gen mau enggak mau utama gaji dulu mental health belakang kalo millenial kayak gua mau nikah bukan sandwich gen enggak tanggung baru deh lebih santai,-4,Negatif
Thu Oct 26 04:45:01 +0000 2023,gen sejati pengin wfa gaji besar,1,Positif
Thu Oct 26 04:43:46 +0000 2023,gue gen mending gaji besar terus kerja wfo kalo gaji kecil wfh,0,Netral
Thu Oct 26 02:35:40 +0000 2023,postingan gen satu ogah kerja kalo gaji kecil hadeh,-2,Negatif
Thu Oct 26 01:48:12 +0000 2023,dek gen jaman gaji banding lurus sehat mental,0,Netral
Thu Oct 26 00:45:52 +0000 2023,arti gue enggak masuk gen dong soal gue rela gaji kecil walaupun cekik tiap hari penting cukup wkwk,-3,Negatif
Wed Oct 25 11:35:31 +0000 2023,preeet gen minta gaji besar jobdesk dikit sehat mental pulang ontime,-1,Negatif
Wed Oct 25 09:26:39 +0000 2023,survei baru tunjuk karakteristik kalang gen pilih kerja generasi jadi kalang usia kerja rela terima turun gaji paling besar banding generasi ymillenials gen kali baby boomers,1,Positif
Wed Oct 25 08:42:15 +0000 2023,gapapa gaji kecil kan pinjol begitu kata gen,-2,Negatif
Wed Oct 25 08:34:13 +0000 2023,nyata alas banyak kerja gaji bawah umr gen suka gaji kecil,0,Netral
Wed Oct 25 07:08:49 +0000 2023,nih masalah gen gaji paspasan mau halalin orang,-1,Negatif
Wed Oct 25 06:16:30 +0000 2023,generasi gen jadi kelompok kerja paling rela terima gaji lebih kecil sehat mental fleksibilitas kerja hasil riset work relationship index keluar hp bagaimana gen tuju,1,Positif
Wed Oct 25 04:56:05 +0000 2023,seks dulu kaya gen sekarang minat jadi pns nya kurang lebih kerja startup gaji gede kerja remote,3,Positif
Wed Oct 25 03:00:51 +0000 2023,gue mending nak mental lelah gaji lembur astra anjir sumpah deh gen gen tuh gen mana deh wak kalo model kayak orang malas lindung bawah naung gen anjir,0,Netral
Wed Oct 25 03:00:46 +0000 2023,justru gen sekarang mau gaji gede wfh bukan gaji kecil amp wfa,-2,Negatif
Wed Oct 25 02:46:38 +0000 2023,gen kayak biasa hidup enak gamikir beban bayar depan jadi gaji kecil gamasalah,-3,Negatif
Wed Oct 25 02:34:51 +0000 2023,memang generasi mau susah aku gen ketimbang nganggur freelance aku mending kerja tetap deh gapapa capek awikwok asal gaji bagus,-1,Negatif
Wed Oct 25 02:27:59 +0000 2023,siape bilang gen pengin gaji kecil,-1,Negatif
Wed Oct 25 02:24:34 +0000 2023,ababil gen gaji juta jadi pns umur berapa,1,Positif
Wed Oct 25 02:23:03 +0000 2023,oalah gua gen ternyta gua enggak mau gaji kecil hahaha walopun tinggal sama orang tua tetap sih gua enggak rela,-3,Negatif
Wed Oct 25 02:11:05 +0000 2023,gen gaji juta kecil ideal juta,2,Positif
Wed Oct 25 01:24:32 +0000 2023,gaji kecil gen juta,0,Netral
Tue Oct 24 12:08:45 +0000 2023,makanya gen kalo tanya gaji jang kesinggunh biar enggak jadi kayak begini,-2,Negatif
Mon Oct 23 09:53:07 +0000 2023,riset work relationship index ungkap hewlettpackard hp sebut gen rela gaji kecil kerja fleksibel sehat mental,0,Netral
Mon Oct 23 05:10:35 +0000 2023,ieu ti kamar antep sugan bakal aya revisi pek teh hare weh mun niatna memang keur engagement mah maneh gelo sih sanajan gaji umr ge minimal pilih kasih nu baleg zaman geus maju nu kieu wae teu paham gen kitu mengsedih teu asup ajig ieu mah sumpah,-2,Negatif
Mon Oct 23 04:31:36 +0000 2023,riset work relationship index ungkap hewlettpackard hp sebut gen rela gaji kecil kerja fleksibel sehat mental,0,Netral
Mon Oct 23 04:31:34 +0000 2023,riset work relationship index ungkap hewlettpackard hp sebut gen rela gaji kecil kerja fleksibel sehat mental,0,Netral
Sat Oct 21 04:31:55 +0000 2023,gapapa mas tweet kalo jadi cawapres benar cukup cermin gen milinial suka lompat lompat kantor biar gaji jabat naik,0,Netral
Sat Oct 21 02:18:35 +0000 2023,gen perlu laku terima gaji pertama,2,Positif
Fri Oct 20 20:50:56 +0000 2023,memang apa luka sih kalo bawa gen gue gen bodo mau bilang gen lembek apa a way kadang benar kok kadang enggak enggak masalah enggak hubung sama pintar enggak sih masa pakai kasih sekian terima gaji,-1,Negatif
Fri Oct 20 15:37:02 +0000 2023,inti generasi milenial gen nasib tanggung kalau satu susah kerja kerja gaji kecil enggak mungkin punya rumah arti seluruh generasi rasai bukan punya empati malah nyaleg lu mau foya haaa,-1,Negatif
Thu Oct 19 16:32:09 +0000 2023,ghisau tengok gen nih mentang lah isteri zaman sekarang bekerjaya career sampai nafkah and primary expenses nak bersplit split siap nak combine gaji gila gila engkorang dua pergi lah kursus kawen dulu tanya pakar jangan main bedal je,-1,Negatif
Wed Oct 18 05:27:07 +0000 2023,tempo hari gen lulus bintaro ngeluh gue mas kampr banget direktur gua kagak erti apa enggak pernah kantor gue kagak kuat tahun begini gaji kecil banget banding sama teman gue digit bilanginnya bagaimana bil ababil,-2,Negatif
Wed Oct 18 01:47:21 +0000 2023,tama property sih paling kacau kesi keluarga muda mas enggak beli rumah gen sama millenial mas hahahah padahal gaji benar kalo lihat standar lumayan tinggi enggak sadar benar akumulasi turun,0,Netral
Sun Oct 15 12:59:46 +0000 2023,lowong nih guys betul ownernya teman cari anak gen energic senang jadi sales amp main sosmed pt sasana cipta mandiribsd tangerang industri teh eksport negeri gaji range juta no kontak dm semangat,0,Netral
Sat Oct 14 13:16:50 +0000 2023,tipikal gen mau gaji digit,0,Netral
Sat Oct 14 10:29:16 +0000 2023,apa dana pensiun apa tunjang hari tua apa jenjang karir apa rumah dinas keren mata gen kan kerja goler bean bag cik gratis es krim gratis gaji ngepas umr enggak apa penting ngonten a day my life gedung terus pamerin cik,-2,Negatif
Sat Oct 14 05:37:23 +0000 2023,id sejak jamur era medsos makin banyak milenialgen racun teori jabat pribumi nilep gaji,0,Netral
Fri Oct 13 18:02:17 +0000 2023,kakak sebagain millennial bilang sakit gen aku tuh kalo baru lulus alias fg tuh langsung idealis pengin gaji gede alam kerja bukan magang enggak kata memang rintis jadi kalo sempat kerja tuh ambil dulu jangan idealis kitu ceunah wak,-1,Negatif
Fri Oct 13 02:07:22 +0000 2023,tolak masa turun gaji gua,-2,Negatif
Thu Oct 12 03:02:02 +0000 2023,nih tanya gen kalo lo expect gaji dijit kaca dulu please kalo anak kemarin sore struggle dulu monyet,-3,Negatif
Mon Oct 09 10:54:03 +0000 2023,gen korea banyak hopeless buat beli rumah meni duit lari luxury shopping gaji umr tas kerja ganti entar channel entar lv entar gucci lah teman gue kaum,2,Positif
Thu Oct 05 11:08:52 +0000 2023,lu enak kayak kerja kagak gaji mau mau lah gen kayak gua,-3,Negatif
Thu Oct 05 10:44:25 +0000 2023,bayang lu gen gaji enggak umr ngehidupin orang tua sodara terus omong begini lu,-2,Negatif
Thu Oct 05 09:27:15 +0000 2023,kenal beberapa orang tua enggak kayak justru malah sandwich generation statement kerja tahun gaji memang dengar delusi persekusi pilih gen kerja gaji social impact memang blunder pilih kata,-1,Negatif
Thu Oct 05 09:07:58 +0000 2023,lu baca enggak enggak usah tiba datang ikut lu awal generalisasi gen malas enggak mau kerja mau instan padahal gaji digit generasi lu kontol kena gen permasalahn sistemik koruptor perintah generasi lu kalo mau cherry picking,-7,Negatif
Thu Oct 05 07:57:41 +0000 2023,asa gue gen kerja keras tetap gaji enggak cukup buat beli property bagaimana inflasi naik gaji segitu pegawai negeri mau minta naik gaji hujat netizen jilid padahal mah kalo bukan gaji mau mana usaha gaboleh,0,Netral
Thu Oct 05 07:34:38 +0000 2023,dirasain jadi wanita gen gaji pas lalu paksa nikah apa anak wanita apa rumah orang tua bakal diwarisin sama anak cowok kontol,-3,Negatif
Thu Oct 05 07:28:13 +0000 2023,apa apa gen gen seleb seleb twitter kalo enggak nyinggung gen hari langsung meriang muak baca nya lu mikir deh gaji umr mau nurunin gengsi turun nya enggak kebel properti,-2,Negatif
Thu Oct 05 07:24:06 +0000 2023,kocak kocak entah gue gen milenial apa gen gaji juta kalo buat biaya hidup orang pas an kocak sering makan hari sekali cok,-2,Negatif
Thu Oct 05 07:13:40 +0000 2023,lah kantor boomer ratarata pola pikir mewarisin segala anak alias tahta raja ngerepotin orang enggak mau kalah perkara apa padahal jelasjelas salah selalu sensi sama gen gelar lebih tinggi gaji lebih gede,-1,Negatif
Thu Oct 05 06:57:45 +0000 2023,coba sekarang gen gaji umr beli properti apa memang kepo deh apasih rahasia kakak tabung,-1,Negatif
Thu Oct 05 06:43:48 +0000 2023,seng tenang nih baca awal gue komentar mbak bilang alesan gen kerja ogah ogah gue bilang kamu pernah lihat enggak gen gaji digit bla bla bla enggak bilang semua genz rata rata gaji sgitu terus tb tb lu ngamuk,-1,Negatif
Thu Oct 05 06:17:28 +0000 2023,jangan gara gen tuntut kerja serba gaji ada,-2,Negatif
Thu Oct 05 06:07:37 +0000 2023,gua bukan gen kalo yakin gua percaya gua sih kayak kmungkin punya rumah meski gaji pas umr misal meski enggak brlangsung cpat dapetnya mungkin teman kknya enggak peduli min gaji yakin ujung hehe,-3,Negatif
Thu Oct 05 04:57:54 +0000 2023,jadi masuk dong keluh gen millenial harga properti memang mahal tambah habis pandemi ekonomi stabil inflasi gaji enggak tambah,3,Positif
Thu Oct 05 04:55:01 +0000 2023,gen gen kalau enggak handle kerja tuh bilang dulu ajuin resign baik jangan malah misoh sosmed amp bilang gaji enggak tara beban kerja terus mbedal sakpenake dewe,0,Netral
Thu Oct 05 04:18:28 +0000 2023,id gen gaji umr ngeluh padahal kerja tempat berac rasai bikin jalan anyer panarukan makan ada,0,Netral
Thu Oct 05 04:11:08 +0000 2023,gen selalu disudutin sama punya kerja tetap gaji tetap beli rumah aset tahun tahun inflasi tara umr label gue millenials,7,Positif
Thu Oct 05 03:50:26 +0000 2023,enggak jadi alesan buat ogah cuman lu bikin akan semua gen kayak gaji digit punya apartemen fafifu lain lu anggep gue hopeless sila,-2,Negatif
Thu Oct 05 03:47:58 +0000 2023,benar gen mending pinjol kalo enggak minjem orang punya gaji gede,1,Positif
Thu Oct 05 03:45:18 +0000 2023,masalah enggak semua orang ngehasilin konten sektor konten kreator banyak contoh lo lihat sekarang youtuber senumpuk apa oke agree enggak semua beasiswa mampu didik lanjut enggak semua gen gaji proper sektor guru contoh,-2,Negatif
Thu Oct 05 03:43:50 +0000 2023,bravob gen tuh nya the point apa kalo i quit i quit beda sama milenial ngeluh kerja mulu dijalanin kerja mau nya nyantai gaji mau gede gitulahh bedan wkwk,0,Netral
Thu Oct 05 03:27:15 +0000 2023,gen jobseeker duh mesti ikut kursus apa biar gue kerja gen gaji juta an laper euy bayar kost beli token listrik kuota gen gaji umr nak bantu mama byr utang juragan tahu oiya adek kamu bayar spp kasihan entar enggak sekolah,-4,Negatif
Thu Oct 05 03:25:48 +0000 2023,beli properti mesti diacc gaji lu nutup enggak gua rasa gen pasrah sini gen gaji enggak tembus nyicil properti jadi mau ngubah gaya hidup percuma,-2,Negatif
Thu Oct 05 03:24:56 +0000 2023,makanya gue bilang kalau asumsi gaji umr gue lanjut kalo bawah umr bagaimana lu kan reply tweet omong gen umum,-1,Negatif
Thu Oct 05 03:24:41 +0000 2023,benar harus mah gen makan hari sekali enggak usah muluk nasi kecap sama kerupuk biar gaji sisa banyak,-3,Negatif
Thu Oct 05 03:14:48 +0000 2023,awal kan ngomonginnya gen general bukan spesifik gaji umr,-1,Negatif
Thu Oct 05 03:13:55 +0000 2023,betul entah orang lihat standar hidup gen kayak rafatar kayak gen gledek gen kerja subuh ketemu malam hidup pas lantar gaji cuman umr biaya hidup kota makin tinggi,-1,Negatif
Thu Oct 05 03:13:52 +0000 2023,bukan gen gue pihak deh kasihan banyak sandwich gen gaji umr boro tabung malah dimintain ortusekalikalinya ngopi kafe dijulitin padahal bulan sekali saran gue buat gen cuma sih rantau luar negeri,-4,Negatif
Thu Oct 05 02:53:58 +0000 2023,alas banyak tiga gen punya kerja samping gaji tak cukup butuh utama paling tampak kelompok status sosial ekonomi ses tengah,0,Netral
Thu Oct 05 02:46:50 +0000 2023,meski tak kemudian arti gaji layak anggap perkara mainmain rujuk riset tirto gaji kurang pada jadi jawab paling populer alas gen pindah tempat kerja,-2,Negatif
Thu Oct 05 02:45:20 +0000 2023,lapor tirto sama ungkap gaji jadi nomor sekian gen definisi kriteria ideal atas kerja mayoritas kerja gen pilih kerja mungkin punya worklife balance,5,Positif
Thu Oct 05 02:43:47 +0000 2023,lebih crab mentality maksa gen stigma sulit property kalau beli dianggep survivorship bias padahal lu kagak naik gaji salah beli,-3,Negatif
Thu Oct 05 02:36:47 +0000 2023,banyak gen gaji digit umur berapa persen sih gen seluruh jumlah gen coba cek privilege background orang tua jenis,-1,Negatif
Thu Oct 05 02:34:58 +0000 2023,bayang lu gen kerja lu guru honorer enggak punya bapak which is lu sandwich generation nah gengsi mana tuh diturunin gaji bulan,4,Positif
Thu Oct 05 02:18:59 +0000 2023,sesat pikir selalu dawamkan gen millenial etc kerja urban lanyard tas jinjing mahal padahal yanto tetangga gue sambung hidup jual jajan sd sih pet jadi cleaning service mall gaji enggak juta,2,Positif
Thu Oct 05 02:14:08 +0000 2023,beda konteks replyan sih sofyan post sedang kritisi mostly gen dream enggak bkl wujud jikalau gaji sih sofyan lemeh muncung bilang kerja enggak gaji wht the hell gue ragu idealisme bkl stay terjun langsung dunia kerja nyata,2,Positif
Thu Oct 05 02:10:59 +0000 2023,kata gen suka beli kopi kafe minimal harga rbcup tiap hari lama bulan total jadi ribu gaji juta save ribu enggak ngejar harga rumah miliar tahun depan nya harga rumah sama gaji gen naik jadi juta enggak ngejar,4,Positif
Thu Oct 05 01:58:42 +0000 2023,lagi inflasi makin naik tiap tahun gaji enggak ikut naik mau kata apa discourse gen nyudutin memang lama bikin gerah,-3,Negatif
Thu Oct 05 01:55:18 +0000 2023,wah gen mau kerja gaji hayoklah gue buka lowong konten writer gaji gerak bidang didik personal finance investment loker lokercot,1,Positif
Thu Oct 05 01:31:32 +0000 2023,hahaha santuy bro memang gue gen kali edisi juang jaman susah kuliah bayar sendiri lulis si kerja mulai ribu tahun kemudian gaji juta bulan puji tuhan kasih rejeki punya anak gen itb satu yonsei satu sph kerja doa,3,Positif
Thu Oct 05 01:27:12 +0000 2023,kasihan gen selalu disalahin kalo bahas kga punya aset umur sekian susah buat beli rumah padahal gaji gen banyak bawah umr umr jogja menang lihat bginian,3,Positif
Thu Oct 05 01:26:45 +0000 2023,kira semua gen kerja start uptech gaji gede influencer kali,0,Netral
Thu Oct 05 01:17:27 +0000 2023,urus urus administrasi baru baru jadi lihat dokumen rumah harga rumah tanah sekian juta jadi ratus juta bas tahun cepat naik harga properti enggak dibarengin gaji naik wajar sih gen ngeluh susah punya properti,8,Positif
Thu Oct 05 01:16:28 +0000 2023,enggak sehopeless berani inovasi rupa gen hasil buat startup nama duar argument countered lu enggak disaltyin lah iki malah dilanjot jadi kerja tahun gaji sistem volunteer lah koe ki malah goreng wak,4,Positif
Thu Oct 05 00:56:55 +0000 2023,kalo mau kurang gengsi amp nurunin standar hidup ketawa banget gua lihat gaji tuh enggak buat lifestyle doang mostly buat butuh rumah tangga standar hidup gua sedikit bawah rata rata mau dijeblokin mana sih jangan generalisir gen foya doang,-1,Negatif
Thu Oct 05 00:45:35 +0000 2023,rekomendasi topik paling populer xtwitter cocok buat kalian pengin gaji babah elon musk split bill perilaku gen avkor tipu flexing harta amp jabat korban love bombing,1,Positif
Thu Oct 05 00:43:15 +0000 2023,tiap tahun harga barang naik lebih cepat gaji hadap fenomena sandwich generation boro mau gengsi kerja settle susah orang kritik gen mental tempe segala macam biasa sih orang tua kolot hidup zaman harto cari kerja ez,0,Netral
Thu Oct 05 00:40:45 +0000 2023,eneg sih dengar narasi foyafoya gengsi gen boomers padahal gen millenial sama gen hidup jaman sekarang waras alhamdulillah banget bayang gaji paling tinggi juta biayain keluarga makan hari bulan,4,Positif
Thu Oct 05 00:25:47 +0000 2023,nih gen rintis bisnis startup sendiri gaji i got the point jadi moga sukses bisnis nya moga sukses buat teman sandwich gen,5,Positif
Thu Oct 05 00:16:19 +0000 2023,bagaimana kagak rumah sama tanah rampas boomer gen gaji juta suruh biayain boomer wkwkwkwk,0,Netral
Wed Oct 04 17:21:49 +0000 2023,bekas pegawai pt kertas nusantara milik prabowo tuntut empat tahun bayar gaji pandawara udil goat gen ganjar lebih baik,2,Positif
Wed Oct 04 17:12:29 +0000 2023,gen korban uu ciptaker makanya gaji rerata bawah umr jgnkan mikir mau beli buat bulan terkadang kurang gaji hitung hari dasar hari kerja kerja hari bahagia bawa pulang juta,3,Positif
Wed Oct 04 17:06:30 +0000 2023,teman semua cek anyway gue enggak bangga kok kerja volunteer gaji gue bangga gen enggak se hopeless kayak mbak bilang berani ambil resiko buat bangun startup thats all,0,Netral
Wed Oct 04 16:36:24 +0000 2023,komplan komplen kerja sama gen padahal companynya specifically hire gen biar kasih gaji junior,1,Positif
Wed Oct 04 16:28:05 +0000 2023,kait masalah gaji segala income buat gen aku mau curhat capek banget hari besok moga lanjut goodnight,3,Positif
Wed Oct 04 16:27:07 +0000 2023,lihat jangan cuma gen kerja big company kota besar jangan lupa banyak gen kerja kota kecil gaji bawah umr standar hidup mana diturunin buat butuh pokok hari pas,-3,Negatif
Wed Oct 04 16:18:03 +0000 2023,jngankan gen milenial banyak kok baru umr apa daerah gaji indonesia tuh kecil banget sih parah padahal hrga naik terus gua enggak kpikiran soal beli rumah wkwk,-2,Negatif
Wed Oct 04 16:11:51 +0000 2023,tadi topik awal kan rata rata gaji anak generasi indonesia gaji juta enggak semua anak gen influencer kerja tech company jakarta makanya aku buat contoh kota kota punya strugglingnya masing masing segala rintang,-2,Negatif
Wed Oct 04 16:09:26 +0000 2023,lah iya nikmat boomer sama milenial kan gen gaji umrsandwich gen mana langgan begitu,3,Positif
Wed Oct 04 15:48:46 +0000 2023,gue penasaran kerja gen sekarang lebih sektor oldmoney lebih sektor fleksibel kayak tech art entertainment soal ngaruh gaji ngaruh mampu nyicil kpr,0,Netral
Wed Oct 04 15:27:27 +0000 2023,orang tua jaman dulu kayak gen jaman sekarang cuma beda harga jaman dulu gaji jaman dulu beda jauh dulu diceritain orang tua kerja pabrik kalo getol gaji kali bulan lembur beda amplop sekarang mah gaji rata hlsehari gaji kerja jam cuma,-10,Negatif
Wed Oct 04 15:23:25 +0000 2023,oalah iya kalo gen enggak usah keluar duit peser buat hidup semua minta sama orang tua biar gaji enggak berapa tabung full waktu tahun rumah kecil ada,-1,Negatif
Wed Oct 04 14:50:02 +0000 2023,gen tau cantik muka operasi jadi gampang minder sama diri sendiri hidup slogan young on top amp gaji digit umur jadi stres gen dijejelin iklan pinjol amp judi onlen tiap hari orang tua gen sibuk jadi influenser gen enggak kenal anti korup tau enggak pamer,-6,Negatif
Wed Oct 04 14:37:27 +0000 2023,enggak punya harga diri kalo semua inflasi terus harga properti naik terus gaji segitu enggak bakal kebel anjir kok malah akan gen standar hidup tinggi semua,-1,Negatif
Wed Oct 04 14:10:52 +0000 2023,banyak gen banting tulang gaji enggak berapa cuma asih orang tua uang buat hidup hari boro rasai nama gaji enggak ngutang sama orang syukur banget,2,Positif
Wed Oct 04 13:54:31 +0000 2023,kepala lo nurunin gengsi gaji enggak sesuai enggak ikut naik inflasi elahhhhh habis sama butuh hidup doang kalo gen nya sandwich gen,2,Positif
Wed Oct 04 13:50:34 +0000 2023,gen mau rang apa banyak kurang gaji umr generasi burger harga rumah kendara makin tinggi,-1,Negatif
Wed Oct 04 13:50:32 +0000 2023,gue teman gue gen mahasiswa enggak sehopeless berani buat inovasi buat startup gerak bidang didik kerja volunterr hampir tahun gaji jadi jangan nganggep gen lemah,3,Positif
Wed Oct 04 13:28:37 +0000 2023,bravob gue milenial anak buah milenial boomer urus organisasi anggota nya gen gen memang kurang sat set kalo gaji nya gede semangat,-2,Negatif
Wed Oct 04 13:10:12 +0000 2023,terima opini non gen selalu nilai kaum hedonis yaelaaah banggg gaji umr bangsa sandwich generation enggak sudi sumpah jajan kopiskincarefoya foya kalo enggak promo super oke,4,Positif
Tue Oct 03 18:20:03 +0000 2023,gen kan beda kalau kesel rasa paling benar sendiri paling idealis paling hak gaji tinggi paling hak wlb yaudah enggak perlu usaha ngekick orang mundur sendiri lantas beberapa bulan kemudian sesal resign kan aneh,-6,Negatif
Tue Oct 03 17:50:49 +0000 2023,ngapa gen mulu deh salah memang generasi enggak punya andil cipta lingkung kerja sekarang palugada gaji ada bagaimana,1,Positif
Tue Oct 03 17:13:46 +0000 2023,gen nanti percaya banyak postingan menginfluence gaji tinggi kerja wlb ideal kala negara skandinavia coba lihat nyata dulu indonesia industri ideal buat idealisme gen,5,Positif
Tue Oct 03 16:43:58 +0000 2023,waduh mbak sepuh maaf gen kalo kerja enggak lembek alhamdulillah gaji digit terus kerja millenial bidang justru millenial kerja bawah banyak ngeluhnya banding gen,4,Positif
Tue Oct 03 15:17:27 +0000 2023,kaya bukan gen hampir semua orang contoh resign masalah gaji enggak sesuai salah bos,-2,Negatif
Tue Oct 03 14:59:07 +0000 2023,sama satu atas asih gaji layak enggak jangan sindir sindir gen mulu ngeluh kerja overwork sendiri asih gaji enggak layak wkwk,-4,Negatif
Tue Oct 03 14:19:36 +0000 2023,gen pengin enak doang gaji gede lihat macam tiktok twitter padahal banyak halu,1,Positif
Tue Oct 03 13:01:50 +0000 2023,as gen kalo gue lebih enggak suka bebas dapat ekspres kekang sama atas julid nan kolot jadi malez anw aku pernah dengar sendiri salah angkat gue ngeluh latih workshop kerja usaha cuma bayar gaji tolak resign,-4,Negatif
Tue Oct 03 12:26:54 +0000 2023,gue suka bingung sama orang minjem peyleter lebih gajibpokok aneh soal teman gue minjem kali gaji cuman buat tonton konser doang enggak paham standar prioritas kaya rata rata gen melenial banyak sih,0,Netral
Tue Oct 03 12:10:51 +0000 2023,gua gen gua ngakuin sih kalo banyak gen mental aneh banget rasa krjanya terlalu santai pengin resign baru hari pertama krja terus marah pengin resign gaji enggak digit padahal baru kerja pengin resign kerja pns pengin kuliah pengin resign,-1,Negatif
Tue Oct 03 11:28:46 +0000 2023,enggak ah aku gen alhamdulillah sekarang bos enggak ngeluh selalu target gaji kecil upil kerja job pegang sehat kadang sakit cuman tahan gantung orang,-1,Negatif
Tue Oct 03 08:45:25 +0000 2023,kalimat tanya bingung kak mohon izin saran ubah jadi angkat gen mau kerja apa meski enggak sesuai ijazah gaji kecil,-2,Negatif
Tue Oct 03 08:41:13 +0000 2023,ngeluh gaji umr enggak banding sama skill nya kalo misal gaji umr kerja kantor jam pagi jam malam kan sama gen memang enggak didik kerja keras didik punya skill aku maksud gen an,3,Positif
Tue Oct 03 08:26:45 +0000 2023,sorry gue mau toxic angkat gen mau kerja apa meski enggak sesuai ijasah gaji kecil apa enggak kena pressure dikit sehat mental kerja luar batas dikit kata toxic kena mental kalian lemah,-7,Negatif
Mon Oct 02 08:03:45 +0000 2023,lamar gen lucu minta gaji juta buat butuh hidup surabaya minta mess kerja enggak naik motor muda slik nya jebol banyak pinjol susah cari lamar gen,0,Netral
Sun Oct 01 04:42:30 +0000 2023,gen kerja workload pengin resign marah hari pertama kerja pengin resign kerja santai pengin resign kntor jelek pengin resign gaji enggak digit pengin resign,2,Positif
Sat Sep 30 20:07:13 +0000 2023,banget kayak kemarin fess sender enggak suka kalo kerja terlalu santai padahal gaji gede gen sekarang aneh aneh deh marah hari pertama kerja pengin resign kerja terlalu santai pengin resign gaji enggak digit pengin resign,2,Positif
Fri Sep 29 13:37:43 +0000 2023,ganjar pranowo harap gen milenial kembang bakat generasi wirausaha terus kembang pbsi gaji juta keramas rempanghappyending,2,Positif
Thu Sep 28 11:18:54 +0000 2023,kerja pabrik kata jelas jam kerjanyaa akhir ku turut kerja pabrik bagi produksi gaji juta kurang dikitt jalan tahun adekku lulus sekolah adekku punya rasa terimakasih sama sekali laku benar benar gen banget,4,Positif
Tue Sep 26 14:44:52 +0000 2023,ababil adaptasi gen bil banyak kaget masuk pn aice gaji nya luar ekspektasi,0,Netral
Tue Sep 26 10:31:13 +0000 2023,gen expectation gaji fresh grad must be at least padahal job scope data entry je pergi lingkup,-3,Negatif
Tue Sep 26 04:00:51 +0000 2023,ferdians salah orang tua jelas banget didik moral etika enggak jadi guru anak gen risiko tinggi banget mana gaji kecil rata anak enggak etika anti tegor ancam nyawa anjir,-4,Negatif
Tue Sep 26 02:39:00 +0000 2023,aku bukan gen terus usaha nikmat salah satu kerja baru jalan minggu gue benar gakuatttt terus akhir gue cabutt jadi kali gue kayak trauma kerja terus sekarang kerja alhamdulillah aku enjoy walaupun gaji bilang kecil,2,Positif
Tue Sep 26 02:36:34 +0000 2023,mbak memang lapang contoh nih kantor teman aku instansi perintah angkat gen selaluuu ngeluhnya enggak sesuai gaji lah enggak sesuai katering lah harga senior nyata,3,Positif
Mon Sep 25 06:02:37 +0000 2023,lah ngutang buat negara gen mana bos suka nunggak gaji karyawannya orang coba gabung tonton one piece biar suara anak muda jauh kaya maaf maaf maksud memang gen loh benar pak kasih tau pak tangkeplah influencer judi,-4,Negatif
Sun Sep 24 13:10:17 +0000 2023,heran benar deh sama laku gen beli pokemon go plus nyicil potong gaji kerja guna cuman buat cari pokemon virtual doang bjir lah fak kata gua teh kayak mending buat sih,2,Positif
Fri Sep 22 11:49:48 +0000 2023,suka sesuai bidang soal tulis bos nyantai teman cukup asik soal enggak toxic sama adem ac duka gaji kecil kecil tinggi badan bos suka rada jauh malah kasi anak magang enggak usaha sama sekali syedih euy aku gen enggak begini,-6,Negatif
Fri Sep 22 07:56:11 +0000 2023,sedikit beda hasil survei pacmann hasil riset tunjuk preferensi beda gaji lingkung kerja gen lebih pilih imbang dua banding career progression gen pilih career progression,0,Netral
Fri Sep 22 07:50:45 +0000 2023,riset pernah laku belum indonesia kerja gen generasi penting lingkung kerja progress career gaji riset tirto kena kerja genz,1,Positif
Fri Sep 22 03:16:11 +0000 2023,menfess menfess bikin mental gen jadi loser perkara gaji doang tanya timbang kerja tanya sampah,-1,Negatif
Thu Sep 21 11:02:06 +0000 2023,cukup banget deh kerja sama gen datang telat pulang cepat kerja lelet banyak ngeluhnya gaji tetap makan kantor jelek moga berkah deh iduplo,3,Positif
Wed Sep 20 23:48:42 +0000 2023,memang gen milenial jaman sekarang gaji elite nabung sulit punya jabat tinggi usaha alumni si si ngutang usaha puluh juta kalo dengar teman ghibah tuh kayak hati nih orang gaji gede ngutang,1,Positif
Wed Sep 20 16:24:18 +0000 2023,kemarin mental health gen baik gizi hari hukum beli kasih hakim gaji tinggi is not that simple opa begini kalau manula nyapres wegah kerja amp mikir berat semua digampangin bikin irritated jadi makin yakin pilih capres kayak begini,-2,Negatif
Wed Sep 20 08:24:36 +0000 2023,real gaji gen habis buat langgan app,3,Positif
Tue Sep 19 23:16:07 +0000 2023,idk gen sekarang nih trend standar buat kerja nya tinggi banget its good kalo terlalu picky susah alias enggak tempat kerja sempurna lingkung enggak toxic gaji kecil lingkung sehat gaji gede target gede nama associate sepantesnya gaji enggak gede gede,-1,Negatif
Tue Sep 19 06:11:19 +0000 2023,gen amp millenials curhat mulu gaji enggak cukup buat butuh hidup enggak beli rumah meanwhile selera lagu,2,Positif
Sun Sep 17 16:16:26 +0000 2023,iya betul sekali fenomena generasi gen lihat cafe weekend penuh sama anakanak muda perhati tiap weekend nongkrongnya cafe gaji habis apaapa kata penting eks,-3,Negatif
Sun Sep 17 10:37:34 +0000 2023,bukan abur justru lurus gen justru lebih pintar cerita goreng kali pilpres bukti ada pecat terima gaji pensiun negara bulan situ cerdas gen putus,-3,Negatif
Sun Sep 17 10:21:23 +0000 2023,aduh bingung banget gue kerja huhuhu adek minta dibeliin motor which is gaji gue enggak support buat belikan motor dasar anak gen,0,Netral
Sat Sep 16 03:41:28 +0000 2023,fresh grad offer deh alhamdulillah sangat bodo orang tahun kerja gaji majikan betul ikut minimum wage je kau fresh grad terus beli honda duduk condo sorg alaaaa gen nih,-3,Negatif
Fri Sep 15 22:44:44 +0000 2023,beberapa hari kemarin kunjung salah satu sekolah juru banten ajar sana boomer millennial gen jadi ajar ganti pulang sana kesan serta didik sama lulus pengin gaji tinggi semangat buat ajar rendah,3,Positif
Fri Sep 15 03:12:54 +0000 2023,world gen rata kayak begini mental healt lah perlu healing lah enggak mau ngakuin salaha lah lu kerja profesional bos lu siapa gaji gede siapa ngengkeng maning,1,Positif
Fri Sep 15 01:41:35 +0000 2023,gen syndrome keje dah demand macam for fresh graduate more tahan enough woi kalau gaji tak perform tak fyi tinggi gaji banyak keje kau kena buat jangan baru kje bulan dah resign,-6,Negatif
Thu Sep 14 10:19:58 +0000 2023,biar enggak overwork kalau gaji tetap segitu gen banget,0,Netral
Wed Sep 13 13:05:27 +0000 2023,dear gen enggak semua lahir punya privilege dikorbakan gaji banyak habis buat iniitu wajar jangan sesal semangat terus aku,2,Positif
Wed Sep 13 09:10:45 +0000 2023,arti gen gue milenial sih anyway sih fg ribet banget perkara gaji lu tuh fg enggak alam tau diri dikit kali kalo misal timbang usaha gue tuju penting kalo sematamata gaji tuh hadeh capek banget,-3,Negatif
Tue Sep 12 09:59:52 +0000 2023,miauw hp cina kepala lu yang hp hasil kerja keras beli pakai gaji pertama memang uang mana lu kira jatuh langit,1,Positif
Tue Sep 12 00:12:20 +0000 2023,satu cepat resign mesti gen lah hidup orang purba kalau deh selesa duduk satu tempat duduk je lah situ even gaji tak banyak gen bijak better opportunity grab,-3,Negatif
Wed Aug 16 11:35:29 +0000 2023,memang gen dp nila sama darimana nabung berapa tahun tuh kalo gaji jtbulan rata gaji kerja formal jakarta as per data bps kopi per bulan dimasalahin terus asih solusi dp rumah sama sudah argumen mas mbulet enggak masuk akal,2,Positif
Mon Aug 14 06:05:22 +0000 2023,aku tengok cara gen belanja aku seram je gen kat ofis nih gaji banyak hutang lifestyle macam nih,-2,Negatif
Mon Aug 14 05:10:40 +0000 2023,seram lihat banyak gen gampang pakai paylater nama doang keren padahal ngutang biasa ngutang sejak dini barang enggak esensial enggak urgent bahaya sih cuman giur promo doang kalo punya gaji tetap tiap bulan jadi bumerang,0,Netral
Sat Aug 12 13:31:32 +0000 2023,bingung gue lihat treads isi gen keluh hidup kata gaji mentok hidup jakarta perlu,0,Netral
Sat Aug 12 09:25:59 +0000 2023,masalah gen gue punya konveksi karyawan gen sebal nya minta ampun enggak punya skill enggak punya otak pengin nya gaji gede dikit dikit update status parah sial,-1,Negatif
Sat Aug 12 04:37:42 +0000 2023,kemarin innova zenix muncul kaget sama harga gen lamalama enggak beli rumah enggak beli mobil semua naik gaji stuck situ enggak reach gamasuk akal indonesia memang,4,Positif
Sat Aug 12 02:21:21 +0000 2023,baru calon run nder run rbmg cukup buat apa woi wkwk pertimbangin total gaji calon sih nder ribu per bulan tuh berapa persen total gaji kalo gaji cuma wajar kalo gaji juta buat makan red flag wkwk sisa buat apa tuh tanya,-1,Negatif
Fri Aug 11 11:28:57 +0000 2023,tanya aneh memang enggak perlu jawab enggak usah tanya gen baby boomer kala lulus cari kerja punya obsesi gaji gede aneh benar,3,Positif
Fri Aug 11 09:20:37 +0000 2023,the real question is why aren t you kurang generasi gen banyak enggak sadar kalau produk sekarang harga enggak murah dulu rumah layak hidup harga milyaran kalau mau sama gaji fg zaman lu kapan mau kebel,1,Positif
Fri Aug 11 02:55:26 +0000 2023,punya gaji gede bukan cuma ekspektasi gen dong,-1,Negatif
Thu Aug 10 22:52:21 +0000 2023,panjang gen tau enggak apa nder gen zenwich makanya expect gaji gede,-1,Negatif
Thu Aug 10 17:40:47 +0000 2023,bagi gen fg pengin smart work gaji gede beban kerja santai butuh buanyak coy kan goal nya mau financial freedoom sdini mungkin,-1,Negatif
Thu Aug 10 17:18:21 +0000 2023,bukan gaji juta sangat wajar gue tuju jangan mau gaji bawah umr maksud sender gen freshgrad minta gaji digit dekat digit like who are you what can you what can you guarantee for us,-1,Negatif
Thu Aug 10 16:50:45 +0000 2023,memang adapula pengin gaji besar gaya hidup jangan pukul rata fggen tetap terima gaji ngepas umr atas umr sedikit bahkan bawah umr,-1,Negatif
Thu Aug 10 16:47:47 +0000 2023,enggak semua fggen lahir keluarga mampu bahkan beberapa jadi tulang punggung keluarga gaji bagi mana makan kosan ongkosbensin keluarga butuh cont,-1,Negatif
Thu Aug 10 16:18:41 +0000 2023,gue gen yes betul pas fg gue egois banget pengin gaji gede ter influence konten gaji kamu berapa hahaha padal fg walopun gue hapal teori skill gaji privacy sensitive biar enggak gen kayak gue haha,1,Positif
Thu Aug 10 16:13:02 +0000 2023,kaya kalo gaji gabs lihat gen apa deh kalo memang gen terus berskill amp memang punya alam apa salah ekspetasi gaji balik sih big sallary sini tuh berapa maksud terus gen kan wajar sih kalo minta big sallary,-2,Negatif
Thu Aug 10 11:42:42 +0000 2023,hayo gen mau ngelamar cpns pikir dulu gaji enggak gede sama tempat seluruh indonesia bahkan daerah pencil kalo enggak niat jangan lamar kasih sempat sama serius resign,0,Netral
Thu Aug 10 02:58:35 +0000 2023,rumah mahal gaji cuma umr gen,1,Positif
Thu Aug 10 01:16:57 +0000 2023,fast resp banget gaji buta lu gen,0,Netral
Wed Aug 09 23:48:06 +0000 2023,buat self reward syukur kira gaji semua kalang gen sama milenial atas umk,1,Positif
Wed Aug 09 13:35:01 +0000 2023,kira gilir generasi jualin rumah laku susah kan wkwkwkw mampus rumah invest enggak laku harga enggak ngotak buat gaji mayoritas milenial amp gen enggak sekitar umr alhasil paksa mepet kota sangga cari rumah jangkau,-1,Negatif
Mon Aug 07 13:38:44 +0000 2023,nyata gen gaji juta bulan tetap jangkau milik rumah harga rumah makin roket kemudian paling mungkin sekarang sewa,5,Positif
Mon Aug 07 09:38:16 +0000 2023,hadap gen gen budak sunat laser korg nih kan kerja deh lah malas kuat ngular demand macam macam gaji lupa bayar hari je terus nak ngamuk ugut nk henti pleasee lah check balik diri manja sangat,-1,Negatif
Fri Aug 04 17:56:26 +0000 2023,callwhatsapp orang pukul pagi hari minggu pantai timur siap pushy nak gotue gonie ikut sedap anak tekak je gen punya common sense pergi mana benar septic tank you gigih kerja pagi tak tidur malam hari tak naik gaji diknon,2,Positif
Thu Aug 03 05:03:45 +0000 2023,banyak loh umur tahun bawah profit ratus juta gen sekarang keren keren sih mudah mudah rasai gaji profit digit,2,Positif
Mon Jul 31 11:22:59 +0000 2023,nak gen minat stem starting gaji tak tinggi bukan biasa abit limited lah company offer okay,1,Positif
Sun Jul 30 15:52:05 +0000 2023,marz gaji kemntrian enggak apa nya banding hasil bisnis bayar pajak usah mukin pajak bayar cuma toral gaji,-3,Negatif
Sun Jul 30 14:49:13 +0000 2023,duh bukan gen kena prank padahal gaji pokok diturunin info,-4,Negatif
Sun Jul 30 08:56:47 +0000 2023,didik amburadul amp milik modal ngawur ngebuat gen malas kerja kerja enggak sesuai hati gaji tak banding kerja buruh non korporasi ekploitasi kapitalis lokal remah rengginang unconsciously begini cc,2,Positif
Sat Jul 29 05:12:47 +0000 2023,usaha capek kerja sama gen enggak ngapangapain ngeluh terus mending bayar also usaha max tahun min didik si min alam tahun mahir kerja excel word ppt kuasa elemen tanah api air udara rela gaji umr,1,Positif
Fri Jul 28 14:31:56 +0000 2023,mulai hari kopi overprice walaupun harga tiga gaji ku satu hari kwkwkwwkwkwwk dasar gen,2,Positif
Tue Jul 25 06:42:40 +0000 2023,gen gaji nya habis buat tiket konser,1,Positif
Wed Jul 19 13:31:05 +0000 2023,banget soal aku lihat fresh graduate sekarang tuh sok jual mahal mentang mentang lulus sarjana kerja pilih pilih kalo lulus universitas paporit huh pengin gaji gede bagai tambah pidato begini bikin kadang jengkel sendiri sama fresh graduate gen,0,Netral
Tue Jul 18 02:38:15 +0000 2023,bisnis didik memang janji gaji guru makanya gen banyak pilih jadi tutor lembaga les swasta honor sekolah negeri,1,Positif
Mon Jul 17 07:59:50 +0000 2023,kalo hari dealing sama gue kaya gen deh dealan gaji macam nawar itc mana ghosting minggu dulu nongol curhat,0,Netral
Sat Jul 15 00:07:14 +0000 2023,gen genius zoom zoom haha click skilled migrants skilled workers negara maju negara kayak gaji tinggi kali lipat tecknologi tinggi sistim sosial adil semua butuh jamin negara amp demokrasi free speech sorga dunia bantu orang tua,-2,Negatif
Fri Jul 14 12:37:50 +0000 2023,korang gen alpha kena syukur ye tinggi nih memangla tak gaji minimum but this is a good starter tho mana kau tak rantau jauh sangat lah,0,Netral
Fri Jul 14 02:01:37 +0000 2023,kalo gen kan mau ikut life style enggak fomo enggak gaul mau gaji berapa enggak cukup,-4,Negatif
Fri Jul 14 01:44:12 +0000 2023,banyak gen orgnya lemah n enggak struggle fg gaji juta jakarta lebih cukup jaman gue fg baru kerja gaji cuma juta tahun cukup hitung biaya gue kos ribubln makin ribu siang n malam warteg sarap makin roti cont,3,Positif
Thu Jul 13 12:51:03 +0000 2023,orang mikir kayak begini allah anak gen enggak tau cara syukur gue cari loker panggil samseksyukur gue terima kerja gaji juta juta plus bpjs uang lembur tinggal atur duit susah,0,Netral
Mon Jul 10 08:03:31 +0000 2023,budak budak gen nih memang semua bangang gaji nak benefit nak macam macam nak suruh company bela kau workload susah sikit terus tarik muka alas tak stres nak work life balance mental health matters work ethic semua laut kerja ala kadar,-3,Negatif
Sun Jul 09 21:01:42 +0000 2023,gen hahaha generasi apa mental illness generasi mental krupuk siram kuah langung leot mau karir bagus gaji besar enggak mau kerja keras hahaha,-2,Negatif
Sun Jul 09 02:21:13 +0000 2023,masalah some of gen nowadays kerja nk senang je kembang carrier xnk nak demand naik gaji dik non oiii gaji brtmbh kerja brtmbh tau,2,Positif
Sun Jul 09 02:17:39 +0000 2023,gen gang millineal goblok enggak punya integritas takut enggak terima gaji makanya mau jadi lacur etho hahaha,-1,Negatif
Sat Jul 08 02:55:04 +0000 2023,waduh candidate gen nih demand gaji,0,Netral
Fri Jul 07 04:11:43 +0000 2023,i sama sorry ye but not only gen generasi sama bila appraisal mula lah cakap buat kerja memang kau buat kerja kau but if nak exceed expectations kena buat luar jadi kau pastu mogok bila gaji tak naik banyak,4,Positif
Thu Jul 06 04:48:12 +0000 2023,gen gaji umr buat orang tetap survive perhati jumlah ikut apa coba cek slide akhir sobat nadi jangan lupa selalu sisih gaji dapat nabung simapan masa depan amp tahan,-3,Negatif
Wed Jul 05 05:15:19 +0000 2023,if i xtegur agak berapa banyak lah lauk kantin sedekah hari xbalik modal then kerja nak bayar pakai apa ikhlas memang xduduk diam amp terus tegur i also naik gaji slps as i said before i exposed myself with ilmu sok im not ur typical gen,2,Positif
Tue Jul 04 09:55:15 +0000 2023,bukan kemarin tahun lalu jadi pegang gue gue gen finance gue pernah kerja kitchen kerja memang buat gaji gapapa sekal take extra miles awal karir kalau mau kembang banyak ambil sempat jangan lupa stop,0,Netral
Thu Jun 29 01:17:11 +0000 2023,gaji sekarang gmasuk akal kalo enggak mau gaji umrdibawah umr enggak bakal terima kerja padahal mnya umr kan minimum bawah arti enggak manusiawi enggak semua gen boros sayang enggak boros hemat banyak lu buta mata buta hati sok menyamaratakan sifat suatu generasi,-4,Negatif
Thu Jun 29 01:14:41 +0000 2023,gaji sekarang gmasuk akal kalo enggak mau gaji umrdibawah umr enggak bakal terima kerja padahal mnya umr kan minimum bawah arti enggak manusiawi enggak semua gen boros sayang enggak boros hemat banyak lu buta mata buta hati sok menyamaratakan sifat suatu generasi,-4,Negatif
Wed Jun 28 11:10:11 +0000 2023,heraann orang kerja punya suami anak kerja kok minjem duit sama orang rebah terus gaji orang,3,Positif
Wed Jun 28 04:42:28 +0000 2023,kalau turut tuh efek doktrin boomers tanam gen doktrin boomers kalau kerja atas mapan kalau mapan punya gaji stabil pensiun padahal kalau cuman gaji pokok enggak gede,-1,Negatif
Tue Jun 27 11:40:10 +0000 2023,gen enggak erti trend jaman dulu katai anak jaman sekarang mana paham ngeluh kuliah gaji kerja dibandingin sama generasi belum belanja mallonline mulu bilang kapitalis gilir belanja pasar tradisional kena scam jual jadi olok cont,-5,Negatif
Tue Jun 27 10:40:34 +0000 2023,seko full giat rumah prepare materi buat besok tau gaji nya gabanyak kalo honorer jatuh jadi kayak sukarelawan bukan kerja urus anak orang gen model sekarang susah susah atur susah dibilangin,-4,Negatif
Tue Jun 27 08:41:59 +0000 2023,tantang banyak gaji banyak preassure kerja gede bawa fun teman teman kantor anti politik wfo instead of wfh wait millenial bukan gen,-3,Negatif
Mon Jun 26 07:29:34 +0000 2023,capek kerja bareng gen susah banget suruh buat buru gue butuh tte buat sapa cepat eh nya malah lambat hadeuhh gue gen plis deh kalo kerja tuh benar mau makan gaji buta lo,2,Positif
Mon Jun 26 02:02:52 +0000 2023,dorg rse gaji bwh eik nk gaji banyak kne pulun ot banyak hhmmmm manjahh kali gen baru st gaji nk beli honda,0,Netral
Sun Jun 25 12:39:10 +0000 2023,ingat kata kata bapak gua kerja jangan lihat gaji rezeki mah atur perlu perhati bagaimana manfaat ikut kontribusi bangun umat,1,Positif
Sat Jun 24 06:37:33 +0000 2023,orang selalu cakap kalau nak kerja gaji besar mesti sabtu ahad kena kerja kerja malam gaji besar tak mesti kerja teruk je kerja biasa gaji besar ramai suka brainwash gen cakap macam nih bitter sangat teh,1,Positif
Fri Jun 23 14:39:57 +0000 2023,viian mane cukup segitu putar slot sbntr jak habes kok bse orang cukup gaji juta bulan pontianak minimal digit kalo kata gen,-5,Negatif
Thu Jun 22 03:29:58 +0000 2023,enggak aneh loker masuk lolos panggil datang enggak benar gaji umr plus loh terus mau kalan apasih ta cari sebab gen fenomena serah kalian lah,-6,Negatif
Thu Jun 22 02:00:17 +0000 2023,kadang aku tataw apa expectations gen nih nk keje senang gaji banyak work life balance lah enn adehhh penat lah cuma nih marttt,-2,Negatif
Thu Jun 22 01:21:16 +0000 2023,actually umur tida rupa gaya senior gaya gen tegur sikit sentap push sikit kata toxic lah gaji ciput lah bagai hello mau naik gaji kena naik sales mana common sense kmurang,-1,Negatif
Thu Jun 22 00:41:16 +0000 2023,tuju gen ramai gen kali macamtu orang tua kuat cuma pastu rant kat sosial tingkap tempat bukan media sosial banyak sama benanye gen kali gen nih dedua gaji beso dedua pangkt tinggi,-1,Negatif
Wed Jun 21 13:17:43 +0000 2023,gen tuntut banyak mbib pengin langsung kerja gaji digit,1,Positif
Tue Jun 20 15:52:22 +0000 2023,perempuan husband macam tua stres and deh lali lelaki tak bertanggungjawab sok sugarcoat lah kata aku jerrrrrrrrr gaji anak dulu lembik gen nih kawen je lah anak anak ramai abai grow up asa dendam kau,-8,Negatif
Tue Jun 20 00:49:04 +0000 2023,nak dengar lah apa dapat gen kali nih korang macam nih key mase intern dulu kat company korang yelah gen nih kan cop lembik hrmmm best kan kerja gaji nih intern alas je,1,Positif
Mon Jun 19 07:02:49 +0000 2023,nak rasa zaman nih budak budak gen tak kan tahu zaman tun semua murah gaji siapa kerja raja pangkat biasa pon lebih ayah aku tahun gaji deh lebih kkm jer time rm rgt pon banyak punca orang tengah main harga zaman najib start rasa teruk,4,Positif
Sun Jun 18 15:18:41 +0000 2023,dieng bromo sumba labu bajo empat lokasi pengin gue kunjung waktu dekat bikin list dulu biar semangat nabungnya iya sisa gaji gue tuh habis jalanjalan millennial kaya gen,-1,Negatif
Sun Jun 18 06:50:57 +0000 2023,gen millennial experienced kali internship korg cukup gaji min xcukup survive sekarang amp korg jgek orang sama sindir gen lembik xde elaun xboleh nk survive aku dulu bla bla sok sekarang lu tell me mana rasional intern xperlu elaun,0,Netral
Sun Jun 18 02:35:47 +0000 2023,ah kau gen lgtv babi bodoh unlimited nk gaji ceo aku memang kali hire intern intern apply nk kire camne,-1,Negatif
Sat Jun 17 13:08:48 +0000 2023,kalau elaun je masalah intern bodo gen nih demand gaji minimum ret potostet kertas je outlook kali pernah apatah simple editing adobe product baik hire orang experience intern gen bodo demand nk jadi ceo,-3,Negatif
Sat Jun 17 07:42:26 +0000 2023,kau budak intern kau ingat kau ubah company job juta waknat lah kau anak demand macam ada sekarang deh kerja tetap gaji ciput kan budak intern gen demand macam kefala fana,4,Positif
Sat Jun 17 05:49:46 +0000 2023,sapa kemarin bilang gen enggak becus kerjaa lihat gen bkerja buat millennialsaya impressed chemistry performance nya beri score on biar naik gaji,3,Positif
Sat Jun 17 01:24:24 +0000 2023,bantu zaman sekarang tuh padu gadis desa gen dibaikin kayak apa tau gaji sesuai pasar eh enggak lama minta pulang alas kadang enggak masuk akal,-3,Negatif
Sat Jun 17 01:04:18 +0000 2023,professional kerja nya memang kurang kalo gen batas kerja minta gaji tinggi enggak paham apa kerjain enggak paham maksud nya apa pernah accounting gen selisih buku juta its lah atas juta spaneng enggak tuh banyak gen dikit resign,-4,Negatif
Fri Jun 16 14:41:00 +0000 2023,enggak mungkir gen gue ajar alam generasi atas gue enggak mau rasai sama palugada gaji enggak padan kembang karir ogah this isnt about kerja darah kalo work smart and result the same kapai darah darah,0,Netral
Wed Jun 14 07:49:39 +0000 2023,punya teman kerja gen memang banyak gregetnya bnyakin sabar hati dah pengin huaaaaaa pengin kerja langsung enak gaji langsung banyak ngrjain tugas kerja salah melulu,3,Positif
Tue Jun 13 15:25:06 +0000 2023,jaman sekarang orang gaji juta enggak punya asuransi swasta pribadi rokok coba hidup balance deh rokok amp asuransi sehat banyak kan bukti luar sana hasil rokok enggak punya asuransi bagaimana yuk gen amp millenials lebih sadar insurance,1,Positif
Tue Jun 13 10:34:41 +0000 2023,gen always benak tular video remaja tahun show off gaji hari undang kritik geng dewasa,0,Netral
Fri Jun 09 12:34:01 +0000 2023,gen tolol slip gaji umbar,-3,Negatif
Fri Jun 09 02:37:13 +0000 2023,walopun gaji gede apa punya tanggung jawab gede anak gen terlalu lihat nominal gaji etos kerja sangat kurang rasa syukur sangat kurang gaji gede tiap hari ngestarbak tetap kurang cuy,-3,Negatif
Thu Jun 01 17:03:37 +0000 2023,yaolo benar fg gen sekarang cari duit bukan ilmu alam hahaha naikin dulu value lo biar lo gaji sesuai mau lo kerja alam minta gaji gila no salty no saltu pola pikir kayak lo bikin gemas,1,Positif
Thu Jun 01 16:03:18 +0000 2023,hari hari bacain keluh gen kerja minta gaji gin segitu realitynya dunia kerja skillnya skill oke jiwa mimpin tanggung jawabnnya kagak,0,Netral
Wed May 31 08:53:52 +0000 2023,raja patut amek cakna tinggi gaji minimum setinggi gaji pakwe gen,0,Netral
Wed May 31 08:52:57 +0000 2023,bagus bf gen beri nafkah couple tinggi paras gaji minimum,2,Positif
Tue May 30 00:31:14 +0000 2023,dulu zaman gua intern media gaji pertama gua juta entah anak gen mau paid intern gaji kartap mana bawa almet herman,-3,Negatif
Mon May 29 19:21:51 +0000 2023,maksud mental personal masing fg kalau terjun dunia kerja siap masalah skill asah jalan banyak gen mau enak kerja ringan minta gaji gede,0,Netral
Sun May 28 13:47:45 +0000 2023,waahh selamat nder padahal gen gaji segitu reng kamu bahagia banget jadi ikut bahagiaaa patut tiru nih sender buat gen kalo kerja enggak langsung lesat gaji gede semangat kerja nder moga betah,5,Positif
Fri May 26 13:38:17 +0000 2023,generasi nih ajar silap millenials ramai sambung ajar bila kerja suasana kerja tak ngam ramai je henti buat kerja sendiri tukar bidang beza generasi dulu gaji kecil bos toxic bantai je kerja gen nih selang depan,-1,Negatif
Thu May 25 07:46:26 +0000 2023,sedikit share kemarin pernah interview gen nganggur arround month offer gaji umr target memang jobdesc nanti user nih nyata enggak datang dong alesannya mau cari lebih flexible waktu kerja wkwk mau kerja apa mau healing,-3,Negatif
Wed May 24 09:43:12 +0000 2023,sisi loker indonesia satu sisi nggoblokgoblokin gen kata cengeng lemah generasi gagal enggak sopan sisi enggak terima lamar usia keluarga biasa minta gaji lebih layak,-2,Negatif
Sat May 20 14:42:11 +0000 2023,serius tanya gen tiap weekend makan cafe mahal aipong baru tiap rilis hura club sama manteman selalu partisipasi sih konser biar enggak fomo kerja apa sik bingung wkwkwkwk gaji jtbulan apa iri,1,Positif
Thu May 18 02:53:24 +0000 2023,gen gaji umr mau nabung lambung luka enggak beli rumah,1,Positif
Wed May 17 12:14:50 +0000 2023,heryanto pantas sry mulyani pernah bilang anak generasi gen milieal sulit beli rumah punya properti gaji anak gen milineal habis rasa semua butuh tersier,-4,Negatif
Wed May 17 08:29:25 +0000 2023,sama kayak boomer maruk beli property buat jual kata buat investasi terus bagi beli gen gaji umr padahal butuh banget rumah kira perumpamaanya sama kayak kali,2,Positif
Wed May 17 06:12:17 +0000 2023,kanpler kata siapeeee wkwkwkwkwk banyak gen manja minta gaji tinggi nol alam,-2,Negatif
Thu Apr 27 01:24:05 +0000 2023,early gen besar gaji beberapa kali lipat umr diy tabung tuh gaji gaji dana darurat enggak rencana nikah enggak mau,2,Positif
Wed Apr 26 08:55:15 +0000 2023,jean gaji berapa eiger tetap hati pakai ngantor naik gunung tahun lebih pakai eiger awet,4,Positif
Wed Apr 26 04:20:29 +0000 2023,tiap gaji selalu habis kayak masuk red flag deh terus ibu redflag deh lah leave nder wkwk bukan batas masalah nominal gaji enggak kelola duit enggak konsisten tuntut dia enggak laku,-8,Negatif
Mon Apr 24 05:01:15 +0000 2023,gaji digit mampu beli rumah mobil duit gaji dibeliin buat tiket kongser nder bahwasanya gen duit habis buat konser,3,Positif
Sat Apr 22 03:04:09 +0000 2023,gen be like enggak tanya soal pacar enggak tanya kerja enggak tanya gaji enggak tanya kapan nikah enggak tanya kapan punya anak dek iya tante btw adek tau indak air kelapa masuk mana kali,-3,Negatif
Wed Apr 19 03:34:11 +0000 2023,selera humor antar generasi beda mau boomer kali milenial aplg gen aku nyadarnya kantor gap tara banget kalo interaksi kayak becandaan masalah jodoh gaji bahkan jurus tempat tidur aku milenial indak terima jokes receh sampah kalo,-3,Negatif
Wed Apr 19 02:11:14 +0000 2023,jangan kaget apabila kerja gen enggak pati effort rasa paling pressure gaji minta tinggi dikitdikit ngetweet sambat enggak semua sih,-3,Negatif
Tue Apr 18 04:31:17 +0000 2023,punya anak bukan pilih pilih gen okb tengah atas ngehe karyawan gaji mepet umr suka hina orang miskin anak banyak rasai sulit buat anak pilih childfree mah bebas aborsi pengin punya anak beda soal,-9,Negatif
Fri Apr 14 14:28:14 +0000 2023,seram dunia kerja wkwk kerja bareng gen semua pokok kerja cuma mau enak doang mau gaji gede bonus gede challenge sedikit,0,Netral
Fri Apr 14 10:32:16 +0000 2023,iya susah kebel gen coba gaji umr mengkis cukup syukur,-1,Negatif
Fri Apr 14 05:21:21 +0000 2023,kayak sih gen masa depan negeri konoha suram tambah sahkan undang cipata kerja tampa ambyar masa depan anak negeri biaya luliah tambah mahal tamat kuliah gaji umr biaya hidup makin tinggi bagus memang kerja tetap luar,5,Positif
Wed Apr 12 02:51:20 +0000 2023,macam gaji laki tetap sama komitment kena maintain sama next increment kena tambah dkt isteri nih sume gen punya mindset if gen alpha entah apa demand gen xda mindset nih kan,0,Netral
Wed Apr 05 13:10:36 +0000 2023,aku janna nick cakap betul aku teenage even until now im still hustling gen and millennial memang xleh nk kje keras xleh kne torture they expect easy money dorang expect gaji nk kje pm pastu weekend pastu holiday oversea wtf,0,Netral
Tue Apr 04 05:05:21 +0000 2023,gen bang magang gaji tara umr enggak kasih tupoksi kerja kalo kasih beban kerja dikit langsung rasa kerja paling berat terus kalo angkat pegawai tetap gaji mau langsung digit kalo enggak jelek usaha deh twitter,5,Positif
Fri Mar 31 03:10:00 +0000 2023,cewek gaji guys sini kerja makassar kira range income gen tahu sama gen berapa work,3,Positif
Wed Mar 29 23:30:21 +0000 2023,emc sama persis kayak gaji guru pemda negara konoha atas cair pemda tahan bulan baru bayar usut punya usut nyata depositoin dulu biar bunga bunga makan,-1,Negatif
Sun Jan 29 08:45:53 +0000 2023,orang bilang gen generasi cengeng gawenya kutu loncat enggak betah bla bla bla lo lihat nyata sekarang cari kerja susah banget hampir semua usaha cari spek dewa gaji umr kontrak thngt our gen have face this shitty system made by that wise boomer,-3,Negatif
Sun Jan 29 07:56:07 +0000 2023,gen pengin buru career pathnya muda pengin cepat jadi manajer gaji digit work life balance,-2,Negatif
Sun Jan 29 02:52:53 +0000 2023,kasih anak an mau kok kerja gaji kalau gen kayak enggak mau enggak wajar budak,-1,Negatif
Fri Jan 27 08:00:34 +0000 2023,kalo usaha gaji diri sendiri juta memang gen goblok baru tetes memang bego hahahahahaha,-3,Negatif
Wed Jan 25 03:32:51 +0000 2023,gen omong gaji digit gen omong pajak digit,-3,Negatif
Mon Jan 23 08:08:30 +0000 2023,gen oo gen memang gen xbole terima pressure kak kerja mau senang gaji mau besar,2,Positif
Mon Jan 23 00:28:34 +0000 2023,enggak beban cuy nikah bahagia buka insecure gaji digit kayak gen,-2,Negatif
Sun Jan 22 06:35:46 +0000 2023,gandalf nabung enggak cara praktis sisihin uang banyak keluar uang sedikit hidup hematttt enggak kayak gen bilang gaji juta enggak cukup kasih makan gengsi kayak luas koneksi blablabla bikin enggak nabung btw,-1,Negatif
Sat Jan 21 04:48:41 +0000 2023,sih hari user waktu terima memang mastiin sanggup artikel per hari artikel kayak bagaimana butuh riset dalam butuh wawancara tuju naikin gaji sih gen,-1,Negatif
Sat Jan 21 01:27:38 +0000 2023,sering psikolog bosnyasambil cari solusi jaga waras otakngadepin gen susah gampangitulah kerja leader lu gaji gedew punya downline gen semua freshgrad pindah unit bukan bidang diakomit bareng sedang ajar,-1,Negatif
Fri Jan 20 23:50:25 +0000 2023,sih gen gaji pengin disamain sama orang alam orang punya task deadline sama enggak masalah malah kena imbas musti back up gawean sih gen jadi,0,Netral
Fri Jan 20 22:04:52 +0000 2023,orang rasa entitled ngamuk sama freshgrad gen padahal kalo asih kerja sama gaji enggak pakai bijaksana adil,2,Positif
Fri Jan 20 16:29:24 +0000 2023,gue rasai sekarang gen benar tobat gue ngadepin nya kerja enggak beres nasihat ngebantah sering enggak masuk malas mau nya gaji full terus kayak senior bgsat memang tau diri dikit ngapa deh emosi banget gue,-6,Negatif
Fri Jan 20 14:55:52 +0000 2023,tuntut artikel hari lumayan sadis sih fg sableng ngejelekin reputasi gen lu ngejelekin reputasi orang mental illness anjing kalo lu rasa beban negosiasi bukan main kabur mana pakai tuntut gaji alah kmpret,-7,Negatif
Wed Jan 18 23:52:15 +0000 2023,coba tanya diri sendiri dulu enggak gue kuat job desc kayak gaji segitu kalo gue begini teman gue oke enggak ajar jangan judge gen begini gen generasi sama balik orgnya,-7,Negatif
Wed Jan 18 23:09:58 +0000 2023,bukan gaji langit kak gaji standar makanya perintah tiap tahun bikin list upah minimum banyak jangan fg non fg bahkan enggak upah minimum gue bukan gen memang zaman sekarang tuh dunia kerja makin miris,-3,Negatif
Wed Jan 18 19:24:51 +0000 2023,gue gen gue bingung sama orang pilih kerja sesuai passion mau langsung kerja enak gaji gede laki terus damba hidup tenang healing jalan aneh kadang gue sama teman teman gue padahal cari kerja susah masyaallah,5,Positif
Wed Jan 18 17:03:55 +0000 2023,lu sanggup gaji berapa emgnya requirement produce konten banyak enggak usah ngeluh gen enggak becus lo kali enggak mampu bayar banyak kol mangkanya cari celah pakai parttime,-3,Negatif
Wed Jan 18 15:41:02 +0000 2023,fafifuwasweswos soal karakter gen kalo enggak asih jobdesc gaji worthy sama romusha sih,0,Netral
Wed Jan 18 14:44:58 +0000 2023,jadi kalo mbak nya tawar kerja gen terus cabut arti memang usaha lo enggak value nya gen gaji enggak contentment enggak stres iya rest my case,-1,Negatif
Wed Jan 18 14:44:55 +0000 2023,jadi begini mbak gue lihat gen banyak rasional orang habis gaji terus kabur arti enggak puas kerja situ enggak puas bagaimana timbang gen rerata gue lihat teman gue bukan cari gaji utama amp memang enggak punya loyalitas tinggi,3,Positif
Wed Jan 18 14:04:40 +0000 2023,pernah dong konfirm terima jadi karyawan diijinkan minta waktu kuliah online gaji sepakat eh pas besok mesti mulai sih gen kirim wa undur diri baru jadwal kuliah bentrok jam kerja kalo kuliah padat jangan lamar kerja tong,4,Positif
Wed Jan 18 13:58:53 +0000 2023,literally bingung sama gen gen kasi gaji sesuai ekspektasi juang bagaimana cara tahan minimal tahan promosi urus belakang gen tbtb resign on the spot hatsoff pengin gue gampar maksud,0,Netral
Wed Jan 18 13:29:46 +0000 2023,gue gen aku gue kerja pertamakali gaji bawah umr banyak dijulidin,1,Positif
Wed Jan 18 12:18:00 +0000 2023,gua gen pas belum kerja memang gaji under umr kota bdg alhamdulillah sekarang side job jaga toko koprasi kopassus lumayan buat jajan notabennya enggak jauh gaji waktu kerja pertama kali beban kerja sesuai memang sender apes,2,Positif
Wed Jan 18 12:02:11 +0000 2023,same here used worked with gen treat baik cari gaji bulan eh tinggal pakai ngejelekin padahal kasih solusi winwin not all of them like that but most yes,0,Netral
Wed Jan 18 11:54:05 +0000 2023,penting mah katai gen dulu hdhh tebak gaji,0,Netral
Wed Jan 18 08:52:16 +0000 2023,enggak semua gen jelek memang generasi unik sulit fokus amp sabar sama proses capai target hidup jaman serba instant mau gampang amp comfort buat diri susah minta maaf amp selalu rasa hak padahal gue gaji gue enggak enak hehe,-3,Negatif
Wed Jan 18 08:24:36 +0000 2023,gen enggak butuh gaji layak butuh diiyain teus bilang terima kasih enggak apa ngelunjak penting gaji murah alam,-2,Negatif
Mon Jan 02 13:11:23 +0000 2023,harap bahawa gaji fresh grad new worker selaras dasar tahap layak didik even though majikan rungut kata fresh grad no experience but malaysian economic never sayang that as a gen we truely suffer due rising economic opr and sok on,-3,Negatif
Tue Dec 27 09:14:34 +0000 2022,video bukan gaji gen pilih kerja,-1,Negatif
Mon Dec 26 11:54:36 +0000 2022,alas gen punya rumah sendiri bukan gaji umr aset tanah beli mixue semua,-1,Negatif
Fri Dec 23 20:13:13 +0000 2022,mana gaji banyak bawah ump makin malas lah millenial sama gen bawah buat segera nikah wkwkwkwk zaman ubah prinsip banyak anak banyak rezeki jadi enggak laku kalau memang prinsip laku kapai perintah galakkin program kb,1,Positif
Wed Dec 21 13:32:43 +0000 2022,aku tahu semua gaji nih xrasa nak expose please lah gen don t discuss ur salarybenefit with ur colleagues,-2,Negatif
Tue Dec 20 09:03:38 +0000 2022,lebih baik gaji rpbulan bulan,0,Netral
Fri Dec 16 13:32:27 +0000 2022,anak milenial amp gen resistencenya enggak kuat boomer boomer rela tiap hari macetmacetan jktbogor berangkat shubuhpulang malam tahun tahun mungkin tahun lebih gaji kecil kerja bosan hidup tuh,-3,Negatif
Fri Dec 16 01:36:45 +0000 2022,moga kamu bukan kayak anak gen banyak kalah bukan arti kalah kerja bukan jobdesk lama rasional jadi upgrade diri jadi nilai tambah kalau mau promosi jabat lama gaji sesuai dekat rumah besar sabar,-4,Negatif
Thu Dec 15 13:03:52 +0000 2022,gen mau kerja nyantai bahkan rebah gaji income gede,1,Positif
Thu Dec 15 05:43:24 +0000 2022,salah satu banyak gen jadi kutu loncat pengin cepat punya gaji digit efek flexing sosial media sih,2,Positif
Wed Dec 14 08:14:24 +0000 2022,benar tulis enggak semua orang kantor nyaman gaji fasilitas kembang karyawan baik realita faktor phk kontrak panjang kantor pailit bakar huruhara banjir bandang gempa bumi,1,Positif
Wed Dec 14 01:12:25 +0000 2022,pns balik realita nya gaji honor cukup fakta,-3,Negatif
Tue Dec 13 14:28:25 +0000 2022,apa sih bagi besar anak gen attitude kok kayak banyak reng enggak sungkan sama bos sebln kerja enggak kerasan minta pindah apa tiba tentu sendiri lokasi kerja padahal suruh tunggu pas panggil pakai minta naik gaji,-3,Negatif
Mon Dec 12 14:08:37 +0000 2022,gue bukan gen gaji digit oriented kayak gue paham mikir kayak begini soal gue hampir tiap hari tanya kok kamu enggak masuk bank gaji gede loh masuk bi staff gaji digit kerja media kecil gaji jangan lama sana diam sih goblok,-10,Negatif
Mon Dec 12 06:50:00 +0000 2022,onok tingkah gen gaji digit mengkis iki golek e,-2,Negatif
Mon Dec 12 04:59:20 +0000 2022,cara cari loker tarik minat gen gaji tinggi tunjang besar kerja rebah,3,Positif
Sun Dec 11 20:59:29 +0000 2022,bocil gen begini astaga pikir gaji jadi redflag gue penasaran cewek model bagaimana tulis pengin suami gaji digit cantik apa pantas apa berani ngebacot begini moga mas jodoh cewek deh justru lu langsung jadi redflag,-2,Negatif
Sun Dec 11 13:56:57 +0000 2022,kocak nih gen nikah terus an pakai alesan urus anak lah nganter istri lah gue enggak peduli rumah tangga lu kalo lu telat alas urus rumtang lu sama lu anggep ngebebanin kasih enak hari kerja kurang gaji full alesan,-1,Negatif
Sat Dec 10 02:50:11 +0000 2022,banyak industry keras kepala taknk naik gaji fresh gradgen taknk amik gaji kecil sudah millennials kena buat kerja lebih workers tak cukup,0,Netral
Sat Dec 10 01:52:47 +0000 2022,anak gen baru fresh graduate dom jekardah ajaaaa ngeluh teman aku f kerja jadi menejer aku staff gaji hampir digit bagaimana yeaa lihat lihat,0,Netral
Fri Dec 09 10:44:33 +0000 2022,cara gampang budgeting gaji milenial gen baca lengkap,0,Netral
Wed Dec 07 15:35:16 +0000 2022,gue kasih tau lo gaji guru honorer kerja lebih tahun alam tahun lebih lo tau gaji enggak umr jogja umr jogja lo tau berapa gue harap lu gen diam enggak usah banyak ngeluh syukur,0,Netral
Wed Dec 07 07:22:35 +0000 2022,anak gen kayak mandang jabat banget aku teman justru malah bodo sama jabat penting gaji besar kerja sesuai tanggungjawabnya nya enak enggak terlalu berat penting isi rek tiap bulan tambah tahun target,-2,Negatif
Wed Dec 07 00:29:13 +0000 2022,gue gen gue realistis baru lulus tahun minta level top level management gangotak minta gaji gede feedback nol dikit insekur tahi anjing enggak mau kembang aduh,0,Netral
Mon Dec 05 14:27:01 +0000 2022,benar banget aku tinggal jakarta pusat gaji umr saving jtbulan kalo gaji digit punya apart sih,3,Positif
Mon Dec 05 13:51:01 +0000 2022,rang sih gaji juta meraza kurang bilang hidup deh sederhana enggak erti sama gen gaji juta tinggal sendiri masig asa kurang,-1,Negatif
Fri Dec 02 15:14:08 +0000 2022,penat tengah gen masok keje terus nak gaji sama padahal experience takde bila deh kerja on off,3,Positif
Thu Dec 01 00:59:52 +0000 2022,selamat pagi generasi millenial gen mungkin overwhelming sama ingin bos ingin sendiri gaji kemarin kayak cuma fatamorgana,-1,Negatif
Fri Nov 25 09:27:50 +0000 2022,tulah pasal if budak gen maybe begrudgingly maaf but if millenials and above memang patut kena pelangkung dasar lupa sejarah betul,-2,Negatif
Thu Nov 24 23:08:01 +0000 2022,ane beberapa kali ditawarin kerja qatar offshore kalo bukan masalah sehat ane ambil gaji per bulan ditawarin rangenya mulai kali lipat gaji gen scbd per semester fasilitas enggak kalah mantap,-2,Negatif
Sat Nov 19 12:33:08 +0000 2022,alam kedai coffee pandemi latih skill eh bajak cari orang baru kerja hari eh mau kasbon cari ber skill mau gaji gede ditargetin hari omset juta lewat target gaji potong no excuse eh manyun gen memang kayak zombie,-3,Negatif
Thu Nov 17 04:20:47 +0000 2022,benar hitung nih misal tabung juta tanggung orang utang juta tenor tahun gaji bulan juta better mikir sih kalo mau langsung nikah,3,Positif
Wed Nov 16 08:49:42 +0000 2022,kerja jam minggu minta gaji dasar gen,1,Positif
Fri Nov 11 05:44:14 +0000 2022,no but minseo is peak gen kerja startap jobdescnya bikin keleyengan producing directing editing sama jadi videographer kalo kata gue gaji minseo dinaikin sih,1,Positif
Wed Nov 09 17:28:33 +0000 2022,gaji makassar juta gen mana,1,Positif
Tue Nov 08 02:57:01 +0000 2022,gaji umr gacukup bro buat gen pas akhir tahun banyak agenda konser subscribtion youtube spotify netflix onlyfans trakteer private grup telegram,1,Positif
Fri Nov 04 09:50:22 +0000 2022,hanssa saharaa yuk mulai saran brenti ngerokok keluarga dkt berani terus coba lihat gen lulus sarjana kerja gaji pertama upgrade merk rokok,4,Positif
Thu Nov 03 07:00:02 +0000 2022,jaman sekarang semua serba mahal dngn gaji umr apa punya rumah jawab dong pak et buat program huni jangka ngebuat rumah milenial gen harga pas kantong insyaallah top deh et huni genz rumahmilenial,6,Positif
Thu Nov 03 02:46:23 +0000 2022,nder serius gaji satu bulan enggak manusiawi bgttttt saran aku mending kamu cari sekolah swasta kayak nder bagaimana pokok jangan sekolah gaji dikit banget,-3,Negatif
Wed Nov 02 12:47:20 +0000 2022,aku sapa pusing bagaimana cara punya tempat tinggal sendiri bagaimana gen milenial gen gaji umr,-2,Negatif
Tue Nov 01 14:39:07 +0000 2022,tawar naik jabat tolak imbal tak banding tanggung jawab tak terlalu peduli jenjang karier bagi worklife balance penting gaji habis lunas cicil kira tak jauh beda gen jakarta,-5,Negatif
Mon Oct 31 14:55:35 +0000 2022,gen boomer memang syulit rubah pov nya pokok pov kerja nine five baju kantor terima gaji bulan baru kerja dahal mah gen pintar cari wang perlu lihat kerja bagaimana syulit deh pokok,5,Positif
Sun Oct 30 02:06:56 +0000 2022,im one of those gen kuat lawan if i dont get my rights benda fight benda tak if there si no ot paid what rights seniors have ask me work overtime dorg nak kerja lebih lebih gaji bayar pm sila gerak dulu ciao,3,Positif
Sat Oct 29 15:39:16 +0000 2022,tahun gaji lu segitu padahal royalitas batas memang benar gen kerja perlu setan banget manfaatin usaha sial,-1,Negatif
Sat Oct 29 15:00:46 +0000 2022,benda nih tak perlu janji bila menang buat negeri tak bubar dun buat malam nih tindak halang benda nih ubah iklim kos sara hidup gaji rendah takde kerja rumah mahal semua nih millenials adan gen lah hadap terus hadap,1,Positif
Thu Oct 27 15:44:27 +0000 2022,iya tekan bagai penjuru sistt hahahah gaji enggak berapa tekan kerja tekan keluarga tekan gaya hidup tekan tanya kapan nikah kerja kapan punya anak segala titik bengek duh enggak bayang gue enggak ikut culture gen,-1,Negatif
Thu Oct 27 11:47:14 +0000 2022,pas lihat gen enggak mau jadi dosen influencer muda flexing gaji digit,1,Positif
Thu Oct 27 00:38:44 +0000 2022,dream aku banget beda gue sandwich gen gaji sgitu gue bisa cuma nabung dkit doang,-1,Negatif
Wed Oct 26 02:18:09 +0000 2022,bukan gaji jadi aspek utama gen pilih tempat kerja baca bri gaji genz jenjangkarir markplus tempatkerja,-3,Negatif
Wed Oct 26 01:30:00 +0000 2022,beberapa faktor jadi alas utama gen pilih tempat kerja antara jenjang karir benefit lain asuransi training amp sertifikasi lingkung kerja sehat besar gaji amp kapabilitas diri sendiri,-3,Negatif
Thu Oct 20 16:05:16 +0000 2022,enggak mahal kok kak pintar atur uang sama cari kampus memang bagus sisi kurikulum sama biaya bulan sekali bayar smester tanggal atur gaji bulan dtabung kuliah enggak cari beasiswa,-3,Negatif
Wed Oct 19 09:09:06 +0000 2022,lihat gen jaman sekarang dunia kerja gemas sendiri ku bukan hrd orientasi salary butuh berapa lama baru naik gaji harus kan lu punya value apa dulu baru nego gaji sih output apa kalian kasih dulu baru lah evaluasi,-3,Negatif
Wed Oct 19 06:01:36 +0000 2022,nah naik gaji kejar jabat fungsional asisten ahli lektor lektor kepala amp professor sertifikasi dosen tara pns bayar negara tes,0,Netral
Wed Oct 19 02:37:15 +0000 2022,pkm dana kampus hibah dikti nilai besar ajar insentif bimbing magang amp ta teliti hibah dikti makin tinggi jabat fungsional makin besar gaji tunjang negara serdos,5,Positif
Wed Oct 19 02:30:38 +0000 2022,sharing betul gue dosen universitas swasta jakarta gaji atas umr pasti freshgrad si kalo alam jabat fungsional digit tunjang jabat fungsional tunjang sertifikasi dosen tara pns bayar negara cont,2,Positif
Tue Oct 18 08:09:35 +0000 2022,kamu nikah sama orgnya perawan lah cewek masang kriteria kan misal cakep gaji minimal sekian deh mobil kalo balik dong cewek nikah sama orgnya harta,1,Positif
Tue Oct 18 06:57:34 +0000 2022,gen aku rata generasi sekarang terlalu selfcentered ajar sijil entitled gaji besar meski sanggup tiru lewa the process ajar ilmu is a scam they dont even go internet learn when needed,-1,Negatif
Sun Oct 16 14:56:40 +0000 2022,jadi agen tuh enggak gaji dasar orang byr premi terus berapa orang ikut asuransi baru byr netizen gen percaya,-1,Negatif
Sun Oct 16 12:10:49 +0000 2022,benar konten kayak begini branding her business spill gaji kan banyak kaum gen orang millenial giur akhir jadi sales insurance orang kayak begini enggak bodoh background didik wow its her strategy anyway,-4,Negatif
Sat Oct 15 13:37:38 +0000 2022,silap diorg lah jumpa gen problem actually tau hak perlu bukanla ngade apa kadang mentang baru sume bende diorg nk suro buat gaji je masalahnye pastu task banyak expect dah tau semua bende pastu cukup slow buat kerje,-4,Negatif
Sat Oct 15 12:10:59 +0000 2022,ikut gaya gen sekarang benar enggak bakal tabung deh uang kalau gaji gede mah santai perihal beli kopi every day kalau gaji umr enggak bro enggak nutup benar deh lu kagak punya tanggung,-2,Negatif
Fri Oct 14 12:35:21 +0000 2022,orang complaint gen xpandai buat kerja slow nak gaji banyak kira kerja eleh kau dulu orang offer kau terima macam lah kau mula kerja terus pandai deh gen pandai nak worklif balance pandai demand gaji nak dengki,4,Positif
Fri Oct 14 06:35:44 +0000 2022,inisiapa nome kayak gen atas gen pantar contoh gen pantar kerja punya gaji tinggi punya mobil jadi pressure terus tambah pressure gen atas lihat noh teman kamu sih sono punya mobil kamu cuma punya motor doang,7,Positif
Fri Oct 14 04:04:06 +0000 2022,kayak begini bikin orang gen punya sakit mental insecure makan benar gaji confidential kan benar wtf tak jtbulan tara ukt kuliah smt anjir penasaran sama suami sih bilang bayarin keluarga suami kapai,-1,Negatif
Thu Oct 13 23:11:40 +0000 2022,enggak cuman indonesia kok luar negeri masalah sama boomer ngeattack millenials gen gara-gara enggak punya rumah umur muda gaji juta jaman dulu sama juta sekarang tuh nominal beda ribu dulu beli baju branded sekarang apa,1,Positif
Thu Oct 13 16:17:12 +0000 2022,standar gaji gen resesi,-2,Negatif
Thu Oct 13 06:26:51 +0000 2022,inti banyak orang tua paham gen milenial hidup lebih berat banding beberapa dekade lalu sebab tekan sosial roda zaman ubah cepat saing ketat butuh hidup didik mahal gaji kecil harga tanah rumah tak kebel,1,Positif
Wed Oct 12 16:10:15 +0000 2022,pantesan milenial marahmarah mulu perintah gue gen baru gaji beberapa bulan kena potong pajak digunain buat tembak orang stadion sama rekayasa kasus emosi banget selamat datang hidup,-3,Negatif
Fri Oct 07 14:54:37 +0000 2022,work anak gen sensitif sama video tiktok enggak suka sama anak magang jelek gue mah kalo katai muka jelek kantor bodo asal jangan kerja gaji gue jelek,-3,Negatif
Fri Oct 07 03:43:59 +0000 2022,istilah siap jadi gen kelas tengah atas gaji borderline double digit nyicil banyak,0,Netral
Wed Oct 05 00:56:54 +0000 2022,gue takut buat paham erti kena saham investment orang what the fuck is gue sandwich generation walaupun gue gen milik gaji cukup enggak nyata gue rasa cukup lo erti enggak sih,-2,Negatif
Mon Oct 03 02:12:32 +0000 2022,kan deh cukup gen nowadays macam tadi issue intern tak bayar lah bila kata bayar issue kan berapa sangat lah bayar skill kerja xda datang lambat and balik awal alas naik public transport hati nk demand gaji macam kerja hakiki,-1,Negatif
Sun Oct 02 09:26:53 +0000 2022,aku gen memang sokong budak zaman sekarang demand gaji orang dulu mana berani lawan masa inflasi tak tinggi deh tinggi zaman sekarang bos boomer pijak kepala fresh grad perah kaw gaji ciput,2,Positif
Thu Sep 29 14:09:41 +0000 2022,alas gen minta gaji digit keluar banyak nyata keluar buat tonton synchronize soundrenaline hammersonic jogjarockarta pestapora,-2,Negatif
Thu Sep 29 09:46:40 +0000 2022,inti sih millennials gen beli rumah asal enggak ikut gaya hidup kalau tahu gaji paspasan mikir lah nabung invest kayak bukan malah tahu gaji kecil malah dihamburhambur uang gaya hidup enggak buat lu puas haus terus,-2,Negatif
Thu Sep 29 07:27:03 +0000 2022,biasa nya omong begini nih gen baru lulus banget kalau tua rasai bagaimana kesel capek masa kerja tahun gaji sama baru masuk wkwk,-1,Negatif
Wed Sep 28 02:03:35 +0000 2022,gen beli rumah gaji umr bisa,1,Positif
Wed Sep 28 01:45:52 +0000 2022,gen beli rumah gaji umr bisa,1,Positif
Wed Sep 21 08:58:46 +0000 2022,aneh daya juang kok mau worklife balance tuntut gaji gede mnrt aku benar perilaku gambar mental lemah sptnya cuma kerja usaha ownernya gen cuma saling paham,-1,Negatif
Thu Sep 15 10:05:27 +0000 2022,fresh grad gen pengin kerja santai gaji gede usaha ken murah kualitas,2,Positif
Tue Sep 13 06:06:14 +0000 2022,gaji beli yaris ye macam mana lah bdk gen sekarang berani betul hutang good luck lu n ur future,1,Positif
Thu Sep 08 21:07:53 +0000 2022,nope gen fikir luar kotak bukan hamba nak keje lebih bayar gaji lebih sbnrnya geng gen kedekut,0,Netral
Thu Sep 08 09:48:48 +0000 2022,soal anak anak gen nya sadar kalau lebih baik gaji asuransi bagus banding es grim,-3,Negatif
Thu Sep 08 08:52:35 +0000 2022,tulah gen perlu job gaji kau gaji exec sama dik sok kau sabar jelah,2,Positif
Wed Sep 07 05:09:35 +0000 2022,kena classify eh gen millenial etc gaji elok kerja elok lah,0,Netral
Tue Sep 06 05:37:10 +0000 2022,tak heran gen pilih stay jgja lebih banya kerja gabung outsourcing tetangga gaji atas umr rantau gelar sarjana bahkan magister tuh,0,Netral
Mon Sep 05 11:27:29 +0000 2022,entah aku junpa gen nih malashari pekak gaji sikit kerja satu tak siap kerja paruh jalanmaleh aku,-1,Negatif
Mon Sep 05 07:44:11 +0000 2022,diri bukan gen bagus apa gen buat gaji mula macam hidup zaman buat apa nk iya biar lah pahit terima lah hakikat semua orang underpaid raja xnk ubah gen lah ubah paksa majikan tpaksa bang gj bsr kendi majikan push gomen,-7,Negatif
Sun Sep 04 10:00:40 +0000 2022,terus bukan sekarang gen malah lomba bikin konten mamah muda lahir tahun an awal deh jadi ibu bangga meanwhile anak an sibuk karokean nikmat gaji,-1,Negatif
Mon Aug 29 10:07:38 +0000 2022,jadi orang asn sendiri jadi citacita baik milenial maupun gen fakta nominal gaji asn jumlah langsung besar masa kerja kurang tahun pns cpns pns asn pppk pakai,-1,Negatif
Thu Aug 25 12:11:25 +0000 2022,zamzam padahal buat milenial gen pengin jadi pns walopun gaji kecil beda jauh sama swasta punya pensiun kalo begini seperti pilih timbang,-4,Negatif
Sun Aug 14 09:55:47 +0000 2022,gen bingung gaji juta duit miliar rumah banyak,2,Positif
Sat Aug 13 13:48:21 +0000 2022,alhamdulillah my current paygrade jauh paspasan rasa mahal kalo bayar pakai gaji sendiri mungkin bukan pasar lebih cocok gen startup orang sugar baby expat malah downgrade banget biasa expat sih lvl sewa rmhnya atas juta bulan,-1,Negatif
Fri Aug 12 22:47:34 +0000 2022,workload kerja makin berat gaji segitu nyata sumber masalah insekuritas boomers jadi no orang ujung milenial gen rodi sok the end semua laku tenang insecurity boomers,-2,Negatif
Wed Aug 10 05:35:16 +0000 2022,kasihan gen harga semua makin mahal gaji banyak enggak umr,2,Positif
Tue Aug 09 10:12:02 +0000 2022,tembak ringkas gen soal kerja pulang molor dikit overwork baru terima gaji kantor langsung ikut ekosistem apple beli iphone ipad macbook hedon jadi wajib wajib bikin tiktok day my life kantor langsung pikir bikin surat resign pas bentak bos,-3,Negatif
Sun Aug 07 18:42:19 +0000 2022,jangan sembang lah tahun an gaji rm hidup selesa etc hang takpayah beli handphone topup internet laptop sendiri gen kali millenial zoomers bla bla kena beli bayar one off tahun,-2,Negatif
Sat Aug 06 13:54:43 +0000 2022,nih gen ratarata sedikit kerja banyak ngeluhnya enggak mau rangkap kerja mau gaji gede,1,Positif
Wed Aug 03 14:02:49 +0000 2022,bayang jadi dosen gaji enggak berapa ajar jadi teladan mahasiswa gen aspirasi besar jadi kayak tiktok gaming bagaimana jaga image tetap kredensial mata,-1,Negatif
Wed Aug 03 10:40:22 +0000 2022,yelah nak buat camna kan tak salah gen semata bila tiap generasi sumbang masing boomers takpelah kalau degree takde keje kamu ambik je keje mana jangan pilih gen kali rugi bro tengok aku kerja lori gaji rmk,-6,Negatif
Wed Aug 03 08:47:43 +0000 2022,gaji lebih tinggi bukan satusatunya faktor utama gen kata graduan unm,-2,Negatif
Wed Aug 03 04:30:23 +0000 2022,gaji lebih tinggi bukan faktor utama gen graduan university of nottingham dagang news,-1,Negatif
Tue Aug 02 14:32:55 +0000 2022,sama menang harga tanah rumah enggak masuk akal buat gen banding jauh sama gaji umr akhir salah negara,2,Positif
Sun Jul 31 16:31:57 +0000 2022,sutanto modal same as with faroe islands memang mahal masuk pajak dapat gaji nya sejahtera bahkan didik kuliah kalau publik gratis enggak heran anak gen sekarang mau usaha oleh hidup lebih layak luar enggak sih,-1,Negatif
Sun Jul 31 04:26:32 +0000 2022,makanya tuh semua app blokir santuy soal gaji alir terus enggak punya anak gen apa,-4,Negatif
Sat Jul 30 11:05:42 +0000 2022,gen minta gaji tinggi fg,0,Netral
Fri Jul 29 17:01:04 +0000 2022,parent shaming alesan kan anak enggak mau dilahirin vs kan orang tua enggak mau anak enggak tau untung cowok jaga mata vs cewek jaga pakai gaji generasi sandwich istri masak vs enggak gen millennial amp beli rumah vs sewa healing vs nabung beli rumah,-4,Negatif
Fri Jul 29 12:25:35 +0000 2022,begini nih bikin anak gen diketawain padahal enggak apa banget loh pengin punya gaji tinggi awal masuk kerja asal tau jenis kerja industri apa asih skill apa bikin lu masuk kesana jangan main asal begini lah,-7,Negatif
Thu Jul 28 09:22:29 +0000 2022,capek punya karyawan gen tak bebasin cuti alas jelas gaji enggak telat tak ain snack istirahattiktokan pas kerja selesai bilang bos enggak aware sama mental health mental tekan gara gara tak complain masalah mutu jahit jamput,0,Netral
Thu Jul 28 07:03:31 +0000 2022,middle class sandwich generation gaji umr sekarang siapin dana didik anak min mil buat spi smt awal doang gen menang,0,Netral
Thu Jul 28 00:10:55 +0000 2022,orang tua gen enggak siapin dana didik bukan nya enggak nyiapain nyiapin musibah gadak tau nyiapin min juta gaji pas pas kalau tunggu juta anak kagak kuliah kuliah enggak aware biaya didik nah kalau sih sih anak nya asih gambar,-4,Negatif
Wed Jul 27 16:25:13 +0000 2022,mbak omong orang tua gen negara mana sih gaji umr cuma cukup buat biaya hidup sendiri kayak mana punya anak,-5,Negatif
Wed Jul 27 15:13:59 +0000 2022,orang bang kres mungkin next liput gen soal guru honorer gaji tengah umr jakarta bawah,-1,Negatif
Wed Jul 27 14:04:16 +0000 2022,as a gen chatting with a boomer physically exhausts me semua benda nak kait ngan an masa dulu zaman dorang if i chase job satisfaction awat nak panas bontot diri sendiri aku xnak keje company gaji rendah,-2,Negatif
Wed Jul 27 07:30:34 +0000 2022,buat orang tua gen cocok lama mampu sanggup kalau ortuku dulusekarang gaji minggu jangan juta anak lulus smk alhamdulillah,0,Netral
Fri Jul 22 05:51:22 +0000 2022,muslim gen mana tau gaji gede imbang siksa gede wkwkwk banyak teman gue gaji gede enggak kuat pressure nya,0,Netral
Thu Jul 21 06:08:34 +0000 2022,bukan gaji cari gen milenial kerja,-1,Negatif
Wed Jul 20 07:16:53 +0000 2022,patut masa sekolah dulu aku cita cita jadi menteri takpelah biar kena sumpah seranah masyarakat haters everywhere as what the gen says these days bulan gaji besar makan tanggung petrol elaun best woi rugi,-5,Negatif
Wed Jul 13 06:24:38 +0000 2022,kira buat milenial gen kalian pilih gaji gede tiap hari stres gaji paspasan lingkung bikin enjoy,0,Netral
Wed Jul 13 05:43:34 +0000 2022,hakikat makin lama makin susah anak muda hidup sendiri apatah bina rumahtangga gaji tak pernah naik rumah makin mahal kos sara hidup makin tinggi lah semua bukan kak malaysia je gen rasa hidup penuh cabar macam nih,-3,Negatif
Mon Jul 11 08:51:38 +0000 2022,barusan lihat ig harga rumah siap huni bekas huni start from juta sdgkan gen gaji banyak umr itu uang habis buat healing cowok shopee ngemall main sama bayar tagih benersih remaja kayak bakal susah beli rumah,1,Positif
Fri Jul 08 00:34:57 +0000 2022,betul pak harga semua naik gaji enggak naik ibarat kurva harga naik atas gaji stagnan bahkan turun,3,Positif
Wed Jun 29 12:52:20 +0000 2022,gaji gede bulan libur kali kerja senin minggu maaf gen kaya lebih pilih yanh biasa biasa deh,1,Positif
Tue Jun 28 08:46:45 +0000 2022,gen sandwich generation underprivilege gaji umr jogja,0,Netral
Thu Jun 23 19:49:56 +0000 2022,gua gen buat vid lo bocah kencur banyak mau gaji gede kerja makin banyak lah bgsd,2,Positif
Thu Jun 23 02:21:20 +0000 2022,wkwk sih paling benar deh gen freshgrad sekarang alam enggak minta gaji besar keras sedikit deh kena mental alamak dek dek,-2,Negatif
Tue Jun 21 05:09:18 +0000 2022,gaji gue bulan depan lock sama konser kpop masya allah kapan nabung investasi gen lain,-1,Negatif
Sat Jun 18 00:30:50 +0000 2022,kemarin lebaran kaget ponakan lulus sama langsung kerja jaga parkir ngeluh banyak soal gaji sistem kerja aku enggak punya pilih kata sad bias kelas gen raya media suram realitas,-3,Negatif
Fri Jun 17 14:16:55 +0000 2022,mending obrol sama pak enggak tau sih gen apa bukan mau nego gaji,-2,Negatif
Mon Jun 13 06:57:16 +0000 2022,tengah badai phk start up fenomena gen tolak jabat cpns gaji kecil tempat lokasi jauh kota,-6,Negatif
Mon Jun 13 05:05:01 +0000 2022,tengah badai phk start up fenomena gen tolak jabat cpns gaji kecil tempat lokasi jauh kota,-6,Negatif
Fri Jun 10 09:00:03 +0000 2022,ingga amp anggi nasution gen pilih gaji usaha keren pilih usaha dasar gaji brand usaha noted podcast,-2,Negatif
Thu Jun 09 13:55:19 +0000 2022,enggak tau deng aku gen tua gaji umr mantengin,-2,Negatif
Wed Jun 08 13:57:50 +0000 2022,gen anggap kerja jalan bukan sifat long term tuju batu loncat gaji mula tinggi bargain lebih kerja lanjut goals lain kaya cv bukan skill alam,-1,Negatif
Mon Jun 06 05:13:49 +0000 2022,asli sok called gen gamoang banget sama tanya kapan nikah punya anak gaji padahal kalo jalan hidup benar enggak susah jawab santei tanya kapan nikah langsung insecure ngadepin lebaran langsung anxiety selow kadang orang enggak benar tanya maksud bully kok,3,Positif
Fri Jun 03 00:35:06 +0000 2022,ha aku gaji pakai lrt jer sial berssak cuma tahi puchong kalo jauh sekali fkir nk keter dating pown pakai lrt sial jijik btol perangai bdk gen sekarang selera xnk klah,-6,Negatif
Thu Jun 02 06:14:50 +0000 2022,dulu dimasalahin gaji pns periode presiden naik gaji cuma sekali birokrasi reformasi gen pikir bahkan mundur cpns gaji sesuai ekspektasi padahal kalo banding gaji pegawe bumn gaji pns enggak apa adaapadenganbumn,0,Netral
Tue May 31 14:30:35 +0000 2022,kasihan banget orang sepuh suruh ikut trend tiktok gen habis chat hss minta naik gaji,1,Positif
Sat May 28 14:42:53 +0000 2022,id kalau gen investasi saham bonus kerja kalau crypto reksadana semua uang bonus kerja jadi hidup gaji murni jumlah umr jakarta asal turut ego sosial media,-2,Negatif
Sat May 28 06:36:28 +0000 2022,terus gaji segitu cukup memang buat nabung foya plus healing ala gen sekarang well its all depend on your lifestyle you followed background keluarga masing background keluarga,0,Netral
Sat May 28 01:48:18 +0000 2022,gen memang epik kalian lihat gaji nya kecil salam nya cooooooy kebel harga diri lu,0,Netral
Fri May 27 22:31:27 +0000 2022,asn gen abdi baik keponakan anak adik jadi pns iq atas alumni ft ui ipk cum laude tempat ntt terus generasi belum jadi aparatur negara paham benar abdi negara bukan gaji abdi baik bangsa amp negara,-5,Negatif
Fri May 27 03:25:26 +0000 2022,seperti lewat usia kerja tech company rekan kerja millenial gen seru tekan kerja tinggi overtime tiap hari gaji cihuy,2,Positif
Wed May 25 10:56:03 +0000 2022,gen problematik lihat qoutes enggak sopan nanyain gaji,1,Positif
Mon May 23 16:06:08 +0000 2022,jujur kasus sama kadang kira mungkin gaji cukup semua mau tolak kasihan mau nurutin tekor kita aku sih ajar gap sama orang tua boomers sama gen memang pinterpinter omong asih banyak sabar,-1,Negatif
Sat May 21 15:48:44 +0000 2022,curhatanku malam banyak gen alam kerja minta gaji gede,0,Netral
Sat May 21 15:23:17 +0000 2022,untuk tementemen baca sumpah bukan mau sombong apa jujur aku kesel makin kesini banyak banget gen baru pertama kali kerja pengin gaji juta apasih tuntut lifestyle,-2,Negatif
Fri May 20 13:52:12 +0000 2022,zamzam beban kerja gen sama boomer beda kerja gen gaji boomer,1,Positif
Thu May 19 15:07:02 +0000 2022,padahal gaji starap kali lipat mampu palugada kali lipat banyak punya starap mepet gen jadi sadar ngegaji orang sesuai workload penting maksud enggak mental mending lu lah jaman gue,1,Positif
Wed May 18 08:29:17 +0000 2022,fakta banyak millennials gen pengin nabung gaji mepet tunggu artikel terbit baca hasil survey lengkap,-1,Negatif
Wed May 18 04:43:39 +0000 2022,gede gaji gede titid mahal outfit gede capai humblebragging no standar lifestyle jaksel feed ig rapi mental rapuh siapa kalau bukan gen,-2,Negatif
Fri May 13 15:43:15 +0000 2022,eh campusbrainers pernah enggak sih rasai gabut kamu tau enggak singkat gabut apa nah gabut singakatan gaji buta kalang anak gen gabut sering sebut melakukkan giat apa apa biasa campusbrainers kalau gabut kapai sih afterday,-11,Negatif
Fri May 13 14:15:06 +0000 2022,nganggep kalau lingkung kerja nyaman enggak toxic bakal pengaruh sama produktivitas kapai tahan gaji jabat enggak perform maksimal which is literally true enggak sih geng gen amp milenial,2,Positif
Fri May 13 06:21:22 +0000 2022,beberapa gen jetlag dmnta masuk kantor wfo absen suruh datang jam sekian enggak ontime malah nego gen millennial baby boomers gumoh rasai datang telat sekian detik kalo enggak gaji potong waktu lembur tambah jam enggak bayar,-4,Negatif
Thu May 12 15:41:09 +0000 2022,bumn kalo gaji gede culturenya rapat jam malam sd pagi gue ogah anjir kalo kata anak gen sehat mental lebih penting wkwkwkwk,-3,Negatif
Sat May 07 09:05:04 +0000 2022,gen keren euy pikir bagaimana pasang gaji nya digit punya pikir buat childfree terus punya pelihara moga ada kalian bikin negara tambah maju,7,Positif
Sat May 07 05:39:21 +0000 2022,gaji umr sekarang gen ngejomblo tahun biar beli rumah jakarta,1,Positif
Sat May 07 05:35:27 +0000 2022,enggak usah boikot deh kaya memang enggak mampu beli harga bubble naik harga property enggak sesuai naik gaji gen milenial,4,Positif
Thu Apr 28 11:31:27 +0000 2022,gen tolol kayak begini belagu pas lulus cari kerja minta gaji langsung digit skills pas pas an,3,Positif
Thu Apr 28 04:45:18 +0000 2022,tum lupa kalo terima usia gen cenderung turun poin dua realita lapang pns sultan daerah beda banyak tukin tahan bulan lebih kalo andal gaji pokok utama keluarga rasa sulit,0,Netral
Tue Apr 26 08:31:10 +0000 2022,memang tipikal gen mau gaji gede enggak mau mikir dah bagaimana,-1,Negatif
Tue Apr 26 07:40:48 +0000 2022,lagi gue heran nih orang masalah apa sih padahal sixers nih orang jago kena sakit anak gen lebih penting mental health jdnya kagak mau main memang pengin gaji buta doang sayang banget talenta amp kasihan banget nets trade simmons kgk dimainin,-4,Negatif
Sat Apr 23 14:47:04 +0000 2022,sayang dilock twitternya gue bukan gen sih kayak lebih masuk millenial life goals gue sekarang enggak mulukmuluk pengin kerja prestigious gaji gede posisi tinggi cuman pengin hepi,-2,Negatif
Sat Apr 23 11:35:37 +0000 2022,orang gen tpt kerja enggak punya etos kerja supervisor lengah dikit kabur mojok main hp ngeluh gaji umr hasil sekarang kerja kerja bas tahun gen ogah jalan bas tahun dapat hasil makin lama makin besar,3,Positif
Sat Apr 23 03:53:40 +0000 2022,jelas jadi gen tuntut banyak dulu mah jadi pns bilang sukses butuh enggak banyak kayak sekarang jadi gaji segitu cukup paling buat beli rumah mobil enggak tuh butuh buat ngopi beli smartphone baik barang branded,1,Positif
Sat Apr 23 03:02:11 +0000 2022,biaya hidup naik gaji generasi sandwich lihat baik dunia mulai kacau banyak gen kurang melek soal managemen uang bagaimana atur uang keluar masuk bahkan aku ajar kurikulum,-2,Negatif
Fri Apr 22 21:26:40 +0000 2022,arti gue magang kemarin jakarta masuk underprivileged gen anjir gaji segitu,-1,Negatif
Fri Apr 22 21:22:29 +0000 2022,orang prihatin dengar kak aku gaji mepet amp enggak jauh beda nyisihin buat usahabelajar susah banget generasi geprek maksud apa kak salah satu tugas gen memang rubah generasi depan toxic stop kita lebih tau dampak negatif,-6,Negatif
Fri Apr 22 20:17:08 +0000 2022,orang fokus utama sorot media baik media mainstream maupun sosial media gen sukses selebgram seleb tiktok artis cuma total gen lebih tekan usaha gaji kecil usaha kecil saing punya modal besar,1,Positif
Fri Apr 22 17:39:56 +0000 2022,orang biaya hidup naikrata hasil naik kok om cek naik umr cek data rata gaji kerja waktu gen gen sebut generasi berat biaya hidup lebih tinggi gen xkesempatan kuliah beasiswa sekarang makin besar kok,2,Positif
Fri Apr 22 13:31:10 +0000 2022,boomer buruburu banget kayak mau ngambil gaji lu gen gue enggak erti cara ngambil gaji memang gue cuma tunggu transfer doang,-1,Negatif
Thu Apr 21 09:53:08 +0000 2022,i banget thats hard achieve by gen tementemen kualitas otak bagus mikirnya bagaimana biar gaji bagus entah kerja consultant dkk even for them constructing proper argument for them is hard we still creating bunch of yes man,2,Positif
Thu Apr 21 09:32:35 +0000 2022,kalau pns calon pns millenial gen kerja benar gaji gede hancur sistem waris bobrok jangan cuma pegawai startup doang bikin distrubsi walaupun ujung bisnis sama kalian butuh gaji gede,-3,Negatif
Wed Apr 20 04:09:25 +0000 2022,nah kan rame bahas sbnrnya gaji scbd enggak tinggi banget areal terlalu agung sama gen padahal standar kerja enggak semata lokasi kantor,2,Positif
Tue Apr 19 15:25:01 +0000 2022,kho malas kalo stereotyping gen zada komen gen hidup keluarga mapan haloapakah semuagen jadi gen sandwich banyak beban hidup berat gaji enggak berapa boro mau nabung beli rumahsooner orang later usaha bakal isi gen main focusnya how manage them,-2,Negatif
Tue Apr 19 06:53:18 +0000 2022,adekku masuk gen sekarang maaih magang radio alhamdulillah meski cuma magang gaji sungguh mungkin memang macam yakin kompeten seleksi awal kerja mungkin tingkat masalah sikap,-1,Negatif
Tue Apr 19 01:00:24 +0000 2022,pas ngelamar kerja tau aku gen lihat tahun lahir ku underestimate banget asli takut kalau aku cuman bulan bulan terus resign belum kayagtu aku cuman yakin kalau enggak semua gen kayagtu aku gaminta gaji ledak,0,Netral
Mon Apr 18 13:33:40 +0000 2022,akun gen kerja aku bukan pilih mampu kalo masalah gaji gantung kalo kerja nya berat sesuai upah nya sama kayak kerja paksa pernah ngerasainkalo kerja displin baik kerja nya enggak neko aku upah sesuai enggak bkl leha,2,Positif
Mon Apr 18 12:08:29 +0000 2022,pernah rekan kerja gen jadi enggak mikir depan banget jadi gaji dimainin kalo gua sih oke soal gaji oleh slma gede banget terus ngaduin awas amp laku bagai jebak alhasil usaha tutup orang hilang kerja,2,Positif
Sun Apr 17 23:00:07 +0000 2022,nyata gaji bukan prioritas milenial gen followlinetoday,-1,Negatif
Sun Apr 17 01:59:57 +0000 2022,gue sih zuzurly bingung apa bilang gen cuman gara-gara congkak an aku enggak mau gaji juta suruh suruh wtf anjing pengin gue tonjok mulutnye untung sodara,-6,Negatif
Sat Apr 16 22:22:22 +0000 2022,kayak jaman sekarang tuh skill mesti multitalent gaji mutilasi gen,-3,Negatif
Sat Apr 16 11:43:00 +0000 2022,hiahahha gen enggak peduli gaji bang asal kalo lembur enggak bayar tetap post city view segitiga emas tag location sbux beli pagi nya,1,Positif
Sat Apr 16 07:26:13 +0000 2022,gen be like gaji tunjang peluang karir cik taro gratis kantor,2,Positif
Sat Apr 16 01:54:02 +0000 2022,bukan gaji nyata cari milenial gen kerja,-1,Negatif
Fri Apr 15 01:22:05 +0000 2022,kerja gaji tinggi dunia gen wajib tahu,0,Netral
Thu Apr 14 16:03:30 +0000 2022,ibarat gen gaji bulan ribu capek fisik mental banget mending nganggur coba jual apa kayak untung tipis enggak resiko tinggi si all about option risk n return,-2,Negatif
Thu Apr 14 14:09:37 +0000 2022,lebih tepat bukan enggak pengin kerja stres cari kerja kali kalo kerja gaji enggak naik naik bahan sembako makin naik tuh rasa beuhhhhh enggak semua gen millenials lebih pilih nganggur hehehe,1,Positif
Thu Apr 14 13:46:01 +0000 2022,gen lebih pilih mundur kerja layak langsung hidup buah contoh pemuda usia tahun pilih mundur kerja kerja nya berat gaji layak akibat pemuda tres,3,Positif
Thu Apr 14 13:09:49 +0000 2022,masa gen sekarang kayak masa gue akhir an rusuh dollar ribu jadi ribu harga naik gila pilih karir sedikit usaha ngiritnya akses informasi minim tahun lulus kuliah gue kerja gaji ribu jauh umr tantang tiap masa beda,-2,Negatif
Thu Apr 14 12:45:46 +0000 2022,tambah orang orang tua invest property bikin gen makin klabakan mau cari tempat tinggal doang harga tiap tahun makin naik gaji enggak berapa jadi gue saling manusia manusia sih,4,Positif
Thu Apr 14 12:26:04 +0000 2022,lrt kalo kantor benar malah gen lebih ambis sama kerja mau kerja tuh sesuai sama gaji mangkanya banyak kayak tahun kerja pindah macam nomaden tau tiap usaha alam tahun offer,5,Positif
Wed Apr 13 20:21:45 +0000 2022,millenials risau pasal loan kereta loan rumah risau pasal gaji tak naik risau bos cari time off day meanwhile gen risau followers kat socmed tak cukup i feel old damn,-2,Negatif
Tue Apr 12 21:30:10 +0000 2022,beri kerja usia milenial apalgy gen banyak enggak ngotak asih gaji beban kerja,1,Positif
Tue Apr 05 22:38:09 +0000 2022,dira branding gen banget kreatif industri bayang anak muda banget terus gue kira gaji intern gede wfo tiap hari nyata kagak kata,0,Netral
Sat Apr 02 04:10:20 +0000 2022,tipikal gen pengin gaji gede skill minim bonus demografi mageran,-1,Negatif
Tue Mar 29 07:43:28 +0000 2022,gaji per tahun naik lebih baik kurang jam kerja asumsi skill naik jadi ngerjain lebih cepat tentu wfh sisa pakai buat rebah healing ala gen,1,Positif
Wed Mar 09 15:35:43 +0000 2022,there are kinds of gen amp workers satu pengin ngejar jabat gaji setinggitingginya satu ken hidup tenang,-1,Negatif
Wed Mar 09 13:16:04 +0000 2022,laku konsumtif gen apaapanya kalau banding gaji guru honorer tbh satu sisi narasi the most victim pegang kerja startapbudak korporat segala istilah jakselnya yupp guru honorer kalah populer wkwkwk,1,Positif
Wed Mar 09 10:41:16 +0000 2022,duh jangan gen alpha deh gen gen gue tementemen pantar gue dulu pas sd pengin jadi guru masuk gue enggak mau jadi guru alesannya gaji melek soal gaji say mbok dinaikin lho pak sapa tau minat,1,Positif
Tue Mar 08 00:06:08 +0000 2022,gaji buta lu hidup jaman raja elang kok enggak tau bahasa jaman gen,-5,Negatif
Mon Mar 07 15:33:48 +0000 2022,panggah ruwet masalah gaji ki gen,-2,Negatif
Tue Mar 01 12:06:35 +0000 2022,rockstar nak jawat besar gaji besar kerja paling sedikit arah arah orang buat kerja they just want shortcut success they want success without the bitter of dorang nak mula gen gen now gen v i sama not talking about all but,2,Positif
Fri Feb 25 21:24:20 +0000 2022,wallhi nya gaji sosai kamu no lies,0,Netral
Thu Feb 24 10:03:08 +0000 2022,nok aku tampak artikel headline paling tak brain gaji rm kerja bayar rm kok ingat millennialgen nih hardworking sangat deh lah under wages bitch,0,Netral
Wed Feb 23 13:55:43 +0000 2022,balas dendam asyik diorg sahaja badmouth gen demand gaji tinggi linkedin,0,Netral
Wed Feb 23 04:46:48 +0000 2022,memang mental gaji karyawan gaya hidup sosialita mantab mental generasi millenialgen umum,2,Positif
Thu Feb 17 03:19:17 +0000 2022,semalem gue obrol sama bubu jadi faktor bikin millenial amp gen susah punya rumah malas dluan lihat nilai properti enggak affordable balap sama inflasi menuhin daily needs sok gaji salur either daily needs hibur keburu stres,1,Positif
Thu Feb 17 03:07:23 +0000 2022,jadi harga properti selalu naik imbang gaji gen milenial atau gen,2,Positif
Wed Feb 16 08:32:05 +0000 2022,gen kantor gue masuk ordal enggak mau usaha dulu tanya mulu gue suruh cari google kata kagak erti sabar gue mah mana gaji gue sama disamaratakan kan anjir banget pengin komplain gue karyawan biasa,-1,Negatif
Wed Feb 16 01:27:13 +0000 2022,lawas lumayan lah gaji gede enggak kerja kerja idam gen,2,Positif
Tue Feb 15 20:47:29 +0000 2022,jadi semua start mau siapa lo mau gen kali mau milenial mau gen gue yakin start awal everyone gon na start somewhere bom gaji lo digit lo punya posisi jabat kayak sekarang lo start somewhere from the bottom like use,-1,Negatif
Mon Feb 14 08:17:41 +0000 2022,no pain no gain lihat sms banking masuk transfer padahal gaji agustus tahun lalu pegang hasil pain nah gen mau gain cepat the mooooonnn,1,Positif
Mon Feb 14 05:08:27 +0000 2022,let si appreciate tim marketing gerindra sama tim manajemen planningnya analisis swot nya bagus terus cari celah dekat pas ikut kembang anakanak gen naik gaji sih asli waktu baur sama anakanak kpop,2,Positif
Sun Feb 13 11:19:07 +0000 2022,kawin lamalama gen kali milennial van kena sandwich generation memang tahun an an kan ekonomi rada aco pas usia an kalo gue lihat gen lebih punya budget buat nikah orang tua lebih settle gaji sendiri gede,3,Positif
Fri Feb 11 03:40:38 +0000 2022,adjem ribet benar orang tua gen jaman sekarang pak djem guru honorer cuma gaji ribu tiap bulan tegas dikit langsung viralin kata guru galak lah bla bla bla untung tahun ane daftar pppk doain pengin rasai gaji benar perintah,-2,Negatif
Tue Feb 08 14:33:01 +0000 2022,pengin julid huhu lagi gen hemm maaf nih intern uang tuh nama bukan gaji uang saku lu ajar kerja profesional terus bayar alhamdulillah,0,Netral
Mon Jan 31 07:34:55 +0000 2022,milenial umur tahun sekarang banyak keluarga maksud gen suka healing milenial komplen masalah gaji justru erti realitas hidup kalo rate gaji ratarata kerja sekarang sulit penuh butuh primer,-3,Negatif
Mon Jan 31 02:23:23 +0000 2022,nunggak gaji pantar gen,1,Positif
Sat Jan 29 06:35:19 +0000 2022,inti pak cuma salah bahasa mungkin gaji tulis blio takut kecewa gen yampz takut kecewa wes kadung daftar wes kadung nang wonosobo jebul rak gaji,-5,Negatif
Thu Jan 20 14:04:50 +0000 2022,fun fact sih aku pernah baca artikel narasikompas lupa kalau memang gen milenial kerja tuh memang susah beli tanahrumah memang gaji era sekarang tuh enggak balance sama harga properti terus naik tahun laku semua daerah,0,Netral
Sun Jan 09 04:29:44 +0000 2022,gue sepakat kalau gen sekarang lebih manja dunia kerja statement kerja benar gaji buat psikolog just sounds sok wrong many ways,4,Positif
Wed Dec 22 08:52:47 +0000 2021,staff gen semua lilit utang libat judi online padahal lama kira anak mapan gaji keluarga ada begini ngeluh gaji kecil buat rasa salah padahal diri hedon ngutang maaf aku sambat,-10,Negatif
Mon Dec 20 23:25:00 +0000 2021,bagaimana gen enggak gampang stres lihat teman angkat gaji puluh juta pikir kaya nih banyak ajar sama angkat bapak boomer boomer tuh enggak semua negatif kok,3,Positif
Mon Dec 20 08:41:27 +0000 2021,gen nih sikit you marah habis you viral tak jadi why don t you follow the flow and reverse psychology entah masa pedagogy tidur kot kat kelas rajuk bagai hello awak bayar gaji ajar suka tak nak halal ilmu bagai,-4,Negatif
Thu Dec 09 18:15:55 +0000 2021,katanga gen cari kerja usai mental bukan gaji doang related,-1,Negatif
Sun Dec 05 06:36:08 +0000 2021,boomer dekat facebook bapak annoying paling engineer makan garam punya marah kalau gen sentuh pasal gaji,-2,Negatif
Thu Dec 02 14:13:49 +0000 2021,gue fg terima jadi back office prusahaan asuransi outsource gaji juta maksimal minta orang jangan salty terus orang bilang hak gaji gede biar sama kayak sirkel gen apa kena mental sih,0,Netral
Thu Dec 02 12:23:00 +0000 2021,beda jaman enggak sih kaya anak gen biasa segala macam automation jadi rasa kayak kayak gaji digit tuh patut walaupun kapai fakta banyak tools hidup instan,-7,Negatif
Thu Dec 02 11:57:50 +0000 2021,iya kan memang lo prestasi cumlaude tuh lo ngsh apa usaha sih layak apa lo gaji digit idealis realistis lah wkwk dasar gen,-1,Negatif
Thu Dec 02 11:02:48 +0000 2021,iya kan fg sekarang angkat covid banyak gen cuman makin kesini makin jadi patok kudu gaji digit padahal alam kerja kan,4,Positif
Tue Nov 30 13:39:40 +0000 2021,salah gen mending dukung mas junial naik gaji,1,Positif
Sat Nov 27 06:35:42 +0000 2021,sepupu gue baru baru kelas nimbrung ngobrolin gaji prospek karir sama sepupu umur gila anak gen benar ambis banget enggak paham bagus sih,1,Positif
Fri Nov 26 17:45:30 +0000 2021,pamerin gaji pertama doi ikut senang sih gen anjak dewasa,-2,Negatif
Thu Nov 25 16:57:43 +0000 2021,semua benda naik harga lebih gaji tak naik malah potong macam mana lah budak millenial nih nak survive kitorang nih memang atok kerja boomer duit kat gen memang tadehal aihhh,4,Positif
Tue Nov 23 22:28:23 +0000 2021,gen millenial gen sekarang habitnya memang kutu loncat satu susah susah gampang buat loyal sama usaha banyak faktor buat enggak cuma sekadar masalah gaji inti sukses deh buat semua,-2,Negatif
Mon Nov 22 03:23:36 +0000 2021,ngl budak gen lahir tahun atas memang banyak kahwin awai depa duit mana eh bussiness kak banyak budak si still struggle gaji min,2,Positif
Wed Nov 17 23:52:17 +0000 2021,ehbkn takat gen je lah tak cukup duitgaji nak tampung hidupyg gen nih tenggelam timbuldgn harga bareng bahan basah semua naikyihhhhh,-2,Negatif
Wed Nov 17 14:58:09 +0000 2021,negara naik gaji minimum mesti kerja kat sana tak ret syukur hampa nih manja sangat dasar gen makan ubi rebus lah elok hidup deh deh baca apa cari keja dua esok pagi nak kena masuk office,-3,Negatif
Wed Nov 17 14:06:29 +0000 2021,haha bodo mok banyak bdk macam nih aku jmpa tulis sini bukan main kencang jmpa depan sipu malu dah biasa dah especially bdk gen mintak kerja self value haprak mintak gaji gampangz,-3,Negatif
Wed Nov 17 13:57:12 +0000 2021,bodo apa cakap susah sikit deh bising weh bodo tak tahu gen nih lah buat tiga kerja nak harap gaji satu kerja je tak cukup eh nyirapnya orang tua tak dar diri nih,-5,Negatif
Mon Nov 15 15:10:42 +0000 2021,my biggest concern on gen kalau kerja kerja lah betul bukan sekadar kerja cukup bulan ambil gaji attitude tak baik you effect company bila company effect you hilang kerja especially fampb industry bila ambil order tunjuk attitude baik,-3,Negatif
Sun Nov 14 06:18:26 +0000 2021,stylist kok naik gaji semua the outfit r point vvvv gen not conceptual gue suka bang,0,Netral
Sat Nov 06 13:19:58 +0000 2021,anak gen gue perhati kerja tuh bukan buat duit deh lebih senang bahas mental si okay sih enggak mudah magang enggak gaji gue mikir lebih butuh duit,3,Positif
Wed Nov 03 22:18:12 +0000 2021,gen tahu jurus prospek gaji tinggi klik baca,1,Positif
Wed Nov 03 10:45:23 +0000 2021,yaallah jangan jauh jauh rumah deh suruh vote gen gaji kecil beli album beli rumah menang dulu,-2,Negatif
Tue Nov 02 12:49:10 +0000 2021,pilih jurus tepat sesuai minat calon mahasiswa gen dapat sempat karier gaji tinggi,1,Positif
Mon Nov 01 16:06:01 +0000 2021,kerja akhir bos asyik rekan kerja gen mostly australian ngantor naik bus halte dekat rumah weekend enggak suruh lembur kalo lembur weekdays izin dulu pagi nya gaji lumayan cukup balik indonesia pilih enggak mau kerja kantor trauma soal,0,Netral
Mon Nov 01 03:26:01 +0000 2021,kayak rangkap sekali jadi corporate secretary gaji enggak naik pas pindah company ditanyain gue dimintain ngerjain visio sekarang bolak balik singapore btw gue gen biasa suruh dulu sekolahkampus enggak pernah nolak,-3,Negatif
Sun Oct 31 06:45:58 +0000 2021,gen will be saying rawat orang tua lebih berat rawat bayi tunggu rasa hilang mau pisah rumah kamar sama pasang kalo nikah kalo enggak stres enggak pernah bucin kau heh gaji bawah umr apa mau bangga,-1,Negatif
Tue Oct 19 00:18:29 +0000 2021,alhamdulillah beri allah jalan kenal macam gen gaji juta rasa enggak cukup padahal suka belanja online paylater juta gaji juta workload gila sempat nabung buat ibu obat bantu mbak kena pinjol,2,Positif
Mon Oct 18 13:43:07 +0000 2021,kan kpr iya gaji pas paling nyicil tahun terus memang kira gen millenial enggak bakal start a family fucking years we could ve raised a kid sama a fucking shoe box,2,Positif
Thu Oct 14 04:01:44 +0000 2021,enggak mah harga properti makin lambung butuh makin banyak gaji segitu siap gen,3,Positif
Fri Oct 01 23:30:38 +0000 2021,beberapa gen apply digossipin sama bos alam tahun minta gaji juta,3,Positif
Fri Oct 01 06:12:44 +0000 2021,allah sok true gen be like tak sambung ajar gaji sama je ajar tinggi sedih,0,Netral
Thu Sep 30 18:57:16 +0000 2021,kayak nyinyir soal gen fresh graduate minta gaji gede gen sama kuliah magang banyak tempat coba telusur deh ajar kayak mana hehe,-5,Negatif
Thu Sep 23 06:09:51 +0000 2021,wkwk standar gen kasi gaji gede,-2,Negatif
Wed Aug 18 12:05:21 +0000 2021,dengar seru wahai gen milenials maupun gen pasti kamu mahasiswa freelancer fresh graduate kerja gaji paspasandst cicillogammuliamasku womfinance,2,Positif
Thu Aug 12 23:04:49 +0000 2021,jelas lah prejudice enggak semua sih anak gen lulus covid kayak apa aku tulis kemarin bentuk kesal beberapa anak literasinya enggak bagus omong tinggi kasus fresh grad minta gaji gede lama pndemi,-6,Negatif
Sat Jul 24 12:25:13 +0000 2021,aneh banget kalo alesan pengin keluar bumn gara gaji kecil sama kurang tantang goblok lah sih paling iye sok pintar tahan berapa lama sih kerja kena pressure terus lagi gaji kecil gara maneh kan masuk entry level aneh banget freshgrad gen,-9,Negatif
Fri Jul 02 15:54:19 +0000 2021,rata reply bawah seperti mid class hingga upper class utama usaha sisi banyak gen seoantaran gue rebel gantung hidup usaha padahal owner usaha puyeng pikir gaji amp balik modal,-3,Negatif
Mon Jun 28 06:08:17 +0000 2021,bagaimana gen millenial cepat punya rumah lah wong umur an gaji habis buat test covid sama beli masker vitamin,4,Positif
Sun Dec 20 00:38:10 +0000 2020,haha enak kasih rumah gen mah boro harga tinggi orang tua buyut borong lahan banyak gen bakal jadi gen sandwich tambah hidup gaji bayar,0,Netral
Sun Nov 15 15:07:51 +0000 2020,tm gaji bawah umr meski kerja pabrik nya omnibus tar jadi,0,Netral
Sat Nov 07 09:52:00 +0000 2020,betul benar begini gaji boomers potong sara amp buang kerja gaji gen kali amp rangkak sedikit sedikit amp hidup keluarga gaji menteri amp cyber trooper amp pentabir krajaan negeri naik dadak,-3,Negatif
Sat Oct 24 06:41:45 +0000 2020,enggak perintah lalu nangulangin berita hoax utama wa group banyak banget makan berita hoax wa group utama generasi boomer millenial gen biaya triliun jangan buat pakai gaji buzzerp mending pakai buat,-2,Negatif
Tue Oct 20 17:13:27 +0000 2020,celana sama dalem kemeja punyak mamaqu sweater rupiah sepatu rbdr kelas tas mahal hasil minggu pertama gaji jasa tugas yuhu kalung kasi farah yuhu slayer merah ribu aku raisa gen,1,Positif
Tue Oct 20 04:41:07 +0000 2020,come on zaman an dulu masa start kerja gaji rendah kan jaya je redah segala benda tak dah umur gaji kepuk baru nk manja macam orang muda gen si,-1,Negatif
Sun Oct 11 09:24:15 +0000 2020,beberapa generasi usaha mulai karir fakta banyak sangat pesimis prospek kerja gen tahu tumbuh kerja bosan gaji rendah beberapa bahkan takut laku kerja,2,Positif
Thu Oct 08 13:11:28 +0000 2020,gaji digit kerja rebah doang gen,1,Positif
Wed Oct 07 11:45:32 +0000 2020,mungkin maksudny gen kalang tengah kerja kantor banyak memang nganggep asal kerja tempat ber ac bawah usaha bukan pabrik bukan buruh padahal mau se bonafid apa level titel kerja lama ngarepin gaji tiap bulan hitung buruh,-2,Negatif
Thu Sep 10 05:29:09 +0000 2020,rasa mampu bendung hampar ombak gaya pikir gen obey orang die mungkin hari alternatif cari kerja gen tahan bila ada desa gaji mula tinggi bagus,-5,Negatif
Wed Sep 09 03:49:08 +0000 2020,terima gaji kak ingat lu gen,1,Positif
Wed Aug 12 07:57:44 +0000 2020,jangan jadi perspektif orang ngebuat lu down sekarang gantung niat lu jadi polisi lama lu enggak salah its totally fine sama gen break down stereotype kalo polisi gampang sogok jadi polisi b gaji nya,-5,Negatif
Wed Jul 29 11:23:32 +0000 2020,cara indonesia sekarang apa gampang jam kerja flexible n gaji gede adek milenialgen akhir ingin,0,Netral
Tue Jul 14 05:15:28 +0000 2020,ababil gen mending masuk startup dong biar flexing gaji besar ganti gadget mahal tiap bulan libur tempat fancy,-1,Negatif
Tue Jun 02 03:42:31 +0000 2020,gila atur gen rumit banget kasih kerja protes mulu enggak sama kayak kerja lah rasa kerja lebih berat lah segala minta gaji lebih yaallah asa masa muda gue pas tau kerja suruh kapai dikerjain deh,2,Positif
Wed May 27 16:36:58 +0000 2020,nama revolusimental bodo masyarakat generasi bakal kayak apa perintah nilai gen otodidak guru sekarang ngajarnya banyak kurang passion gaji enggak sesuai,-2,Negatif
Thu May 21 00:57:53 +0000 2020,eighties semua lalu fase pertama kali kerja pegang uang keringat sendiri cuma masalah banyak tenggelam berlarutlarut hingga lupa skala prioritas milenial sama gen coba mungkin hidup mandiri alias nebeng orang tua manage hidup sesuai gaji,-4,Negatif
Mon May 18 22:17:57 +0000 2020,zaman moden bahasa gen gen awak babyboomer ikut sahaja lah suara rakyat gaji wakil rakyat rakyat bayar kuli ikut sahaja cakap majikan menteri umno otak macam kayu semua nak ajar,-3,Negatif
Tue Apr 14 20:17:55 +0000 2020,main bola gaji tinggi dunia messi kalah ronaldo bola,-1,Negatif
Sun Mar 29 10:53:37 +0000 2020,kalau rasa nak gaji based on workload masa employ kata based on workload bukan monthly sedia basic workload allowance then baru lah valid zaman sekarang millenial kot banyak sistem gaji kreatif kata gen sistem gaji mesti kena creative,-8,Negatif
Mon Feb 24 13:13:02 +0000 2020,ingat gen zzoomer millenial tengah komplen gaji jurutera muda ciput,0,Netral
Sat Feb 08 06:45:03 +0000 2020,gaji besar alas usaha teknologi jadi idola generasi kali gen,-2,Negatif
Fri Feb 07 05:09:28 +0000 2020,gen baru kerja gaji umr terus buka rumah lihat harga rumah jakarta minimal milyar rasa siap guillotine for the rich,4,Positif
Tue Feb 04 05:25:13 +0000 2020,kesi cikgu zaman sekarang apa masalah ajar sekolah gen memang deh confirm parent orang salah jadi guru nih susah tahu tak kadang keluar duit sendiri kebaji ajar kata guru gaji besar memang tak tahu apa,-5,Negatif
Wed Jan 22 01:58:02 +0000 2020,ngene wae saiki kerja aktif neng ngendi gajine piro wong omong kudu podo no karo sek lakon nek misal dek ming alam ngalami gaji umk lah aku pernah nyatane urip sejahtera iso dolan dolan ng hima rokok bareng ro koe ro sih jari lentik wkwk,-2,Negatif
Tue Jan 21 23:56:19 +0000 2020,judul mu ganti efektivitas uang gaji kwi malah mashoookkkk,1,Positif
Fri Jan 17 13:09:26 +0000 2020,asosiasi besar gaji nilai usaha studi kasus gen,2,Positif
Fri Dec 27 08:35:32 +0000 2024,krisis global generasi tumbuh bayangbayang peristiwaperistiwa signifikan ancam ubah iklim lockdown pandemi covid ketidakpastian ekonomi alam pengaruh pandang nilainilai sehat mental beberapa,-3,Negatif
Sun Dec 22 11:02:41 +0000 2024,generasi makin sadar penting sehat mental era penuh tekan ubah cepat apa jadi perhati utama tahun kesehatanmental generasiz fokus mentalhealthawareness selfcaregeneration,-1,Negatif
Sun Dec 22 04:13:12 +0000 2024,data cigna nunjukin kalau gen generasi tingkat cemas tinggi banding generasi jangan mental lo ganggu waktu jaga sehat mental fokus solusi mentalhealthmatters genzstruggles mentalwellness,-5,Negatif
Thu Dec 19 04:34:09 +0000 2024,generasi gen lahir tahu milik masalah sehat mental dasar survei sehat indonesia tahun angka capai persen lonjak tajam banding generasgenerasi dahulu,1,Positif
Wed Dec 18 07:59:14 +0000 2024,halo sobat edukasi generasi sering sebut generasi gampang stres padahal sehat mental sangat penting sehat mental aset harga perlu jaga sejak usia muda paham penting sehat mental terap biasa hidup sehat,0,Netral
Wed Dec 18 05:17:00 +0000 2024,sehat mental pilih kata tahun generasi tunjuk perhati tinggi perlu literasi baik hindar misinformasi nih,-2,Negatif
Tue Dec 17 23:29:38 +0000 2024,sehat mental pilih kata tahun generasi tunjuk perhati tinggi perlu literasi baik hindar misinformasi,-2,Negatif
Tue Dec 17 04:17:56 +0000 2024,detoks media sosial beberapa gen pilih batas waktu media sosial sadar dampak sehat mental buah generasi sedang juang gen generasi tumbuh tengah badai krisis global ubah iklim hingga,-4,Negatif
Sat Dec 14 15:04:05 +0000 2024,nama archie huga wijaya nim sesi materi materi bahas sehat mental generasi genz ajar fokus tuju lebih besar fokus kendala bamahasiswa weareuad islamberkemajuan,1,Positif
Mon Dec 02 07:53:33 +0000 2024,remaja tahun bunuh ayah nenek benar gen generasi rentan kena sehat mental,-5,Negatif
Tue Nov 26 10:19:26 +0000 2024,fakta tarik generasi lebih buka sehat mental utama lalu media sosial rupa positif waspada romantisasi masalah mental platform digital,3,Positif
Thu Nov 21 06:27:09 +0000 2024,fenomena stoikisme kalang generasi milenial gen jadi tren tarik perhati filosofi usia ribu tahun muncul jawab cari tenang tahan mental tengah sibuk modern,0,Netral
Mon Nov 18 10:55:54 +0000 2024,generasi sekarang gen lahir internet lihat peluang karir lebih cerah rumah duit ngonten sehat mental makin sering diomongin good thing indeed clash sama orang tua mungkin enggak erti asa sama,6,Positif
Sun Nov 17 15:47:13 +0000 2024,sehat mental indikator hasil sdm kelola generasi,0,Netral
Sun Nov 17 08:22:11 +0000 2024,arti orang tua lu aware kan soal sehat mental hubung lu diagnosa kecil kok omong dramatis benar deh kayak firsthand experience mana tibatiba salah generasi memang stigma datang gen kan bukan,-8,Negatif
Thu Nov 14 16:32:40 +0000 2024,generasi hadap krisis sehat perilaku pernah jadi belum generasi amerika survei mckinsey lapor pandang paling negatif prevalensi sakit mental tinggi banding generasi responden eropa lapor,-1,Negatif
Thu Nov 14 16:20:52 +0000 2024,krisis global generasi tumbuh bayangbayang peristiwaperistiwa signifikan ancam ubah iklim lockdown pandemi covid ketidakpastian ekonomi alam pengaruh pandang nilainilai sehat mental beberapa,-3,Negatif
Tue Nov 12 06:15:56 +0000 2024,gen tumbuh dunia penuh tantang tuntut mulai tekan akademis hingga ekspektasi dunia kerja beda generasi belum gen kenal lebih buka bahas sehat mental cenderung cari cara kreatif atas stres,-3,Negatif
Tue Nov 12 00:49:07 +0000 2024,asih paham tantang sehat mental hadap generasi krisis identitas ganggu gadget dampak covid jadi faktor utama asihmenang jabarkuterbang pilgubjabar,-6,Negatif
Tue Nov 05 13:04:33 +0000 2024,sehat mental stres finansial pengaruh sehat mental stres panjang sebab cemas mampu bayar utang sangat penting generasi ajar kelola hutang bijak hindar cont,-5,Negatif
Tue Nov 05 11:47:24 +0000 2024,gen rupa generasi lebih buka aware sehat mental banding generasi belum salah satu alas gen lebih buka buka informasi,0,Netral
Wed Oct 30 14:14:46 +0000 2024,jumlah teliti tunjuk kerja generasi gen lahir lebih rentan alami ganggu sehat mental banding generasi belum genz,-2,Negatif
Tue Oct 29 12:41:19 +0000 2024,dekat bas budaya sehat mental bantu warga bandung lebih buka konseling utama generasi milenial gen kang farhan,-1,Negatif
Sun Oct 27 07:56:05 +0000 2024,biasa buruk rusak sehat mental generasi,-2,Negatif
Thu Oct 24 09:24:45 +0000 2024,salah satu alas utama banyak gen alami pecat beda ekspektasi generasi belum gen milik ekspektasi beda dunia kerja banyak cari kerja lebih fleksibel lingkung dukung,-2,Negatif
Thu Oct 24 07:22:26 +0000 2024,sering seliwer perihal generasi istilah gen sering bicara sosial media cara sosial laku kerja gen nah kali viral gen ramairamai buat tagar desperate karena susah cari kerja,2,Positif
Wed Oct 23 14:25:19 +0000 2024,giat asyik bantu generasi atas stres pulih sehat mental,-3,Negatif
Tue Oct 22 22:20:07 +0000 2024,era serba cepat generasi sering kali rasa tekan bagai tuntut akademik kerja hidup sosial burnout lelah ekstrem akibat stres panjang pengaruh sehat fisik mental signifikan tekan,-1,Negatif
Tue Oct 22 15:01:49 +0000 2024,fenomena jam koma tantang sehat mental generasi viral bnetwork,-2,Negatif
Sun Oct 20 01:47:09 +0000 2024,waduh larang edar pantesan generasi belum khusus boomer kali kurang peduli sehat mental singgung terus sama generasi lanjut khusus,-3,Negatif
Sat Oct 19 22:00:00 +0000 2024,banyak orang mulai sadar penting isu sehat mental utama kalang generasi akrab sebut gen genz kesehatanmental medcomid mudamemberiarti,0,Netral
Sat Oct 19 04:03:07 +0000 2024,fakta generasi manja krisis sehat mental ambisius a thread,-3,Negatif
Fri Oct 18 11:06:29 +0000 2024,sehat mental generasi sekarang sedang ada darurat banyak orangyang depresi buat teman keluarga khawatir berpurapura baikbaik padahal sebut sangat lah parah resiko hingga sebab bunuh diri,-4,Negatif
Wed Oct 16 11:15:19 +0000 2024,belakang istilah sehat mental cukup populer kalang masyarakat utama generasi milenial generasi kini jaga sehat mental jaga waras sama penting jaga sehat fisik,0,Netral
Tue Oct 15 07:00:40 +0000 2024,tiga alas generasi sering pindah tempat kerja mulai sadar sehat mental hak hingga mudah teknologi,1,Positif
Tue Oct 15 01:13:08 +0000 2024,kalo bicara generasi i think masingmasing generasi punya cara sendiri ekspres salah satu ekspresi bullying gen knowledge sehat mental nilai lebih baik enggak tutup mungkin jadi laku kok,-3,Negatif
Mon Oct 14 05:35:31 +0000 2024,lama jelas resmi fufufafa gratifikasi nebengprivatejetteman publik tuntut informasi sehat mental putra mulyono skandal rekam jejak pesan permisif biar rusak mental generasi sama gen mungkin biar yntkts,-1,Negatif
Thu Oct 10 11:36:35 +0000 2024,gen kerap anggap generasi lembek rapuh gampang kena mental apa iya sih hari sehat mental dunia bicara soal mental health,-4,Negatif
Thu Oct 10 11:26:35 +0000 2024,benar generasi mudah kena ganggu sehat mental jelas psikolog,-3,Negatif
Thu Oct 10 06:00:21 +0000 2024,sman surabaya ada bincang wicarainteraktif support our soul smala hadir motivator bnn polisi kuat karakter generasi ingat hari sehat mental dunia kamis,1,Positif
Thu Oct 10 00:41:13 +0000 2024,balik generasi utama generasi milenial akhir generasi lebih buka sehat mental usaha obat lalu layan konseling baik daring maupun luring worldmentalhealthday,-3,Negatif
Wed Oct 09 10:19:32 +0000 2024,generasi sehat mental apa tahu via,-2,Negatif
Tue Oct 08 15:48:56 +0000 2024,get happy gen tuh kata generasi paling peduli sama sehat mental nah komunitas asih edukasi sosialisasi aware sama mental health sekaligus asih dukung caregiver,2,Positif
Tue Oct 08 07:21:42 +0000 2024,program manusia cerita selenggara rangka beri perhati isu sehat mental diskusi laku bagai aktivitas rangka jaga sehat mental khusus kalang generasi milenial gen,0,Netral
Tue Oct 08 06:15:00 +0000 2024,masalah sehat mental utama kalang ajar atau generasi belakang banyak sorot masyarakat akademik tuang bagai teliti genz mindfulness medcomid mudamemberiarti,-2,Negatif
Fri Oct 04 07:16:16 +0000 2024,antara alami gejala depresi remaja rasa tahu bagaimana cara atas stres hadap temu tunjuk betapa serius pengaruh negatif media sosial sehat mental generasi,-5,Negatif
Sat Sep 21 11:46:17 +0000 2024,anggap gen milik mental lemah tutup mungkin jauh lebih peka buka diskus kena kondisi sehat mental banding generasigenerasi belum,-1,Negatif
Wed Sep 18 10:13:09 +0000 2024,upi akangteteh mau izin nitip kuisioner dampak overthingking sehat mental generasi implikasi bentuk sikap spiritual islam penuh tugas spai yangg mau bantu bolee ngelike komen yeah entar dm,-2,Negatif
Wed Sep 11 10:41:01 +0000 2024,hidup terus jalan berubahubah kembang generasi fokus gen fokus masalah sehat mental faktor cepat informasi tekan masalah makin besar,-2,Negatif
Wed Sep 11 06:20:34 +0000 2024,butuh imbang hidup generasi lebih utama imbang kerja hidup pribadi cari cara kelola stres jaga sehat mental tetap penuh tuntut kerja tanggung jawab lain,-3,Negatif
Wed Sep 11 06:20:32 +0000 2024,stigma kurang dulu sehat mental sering anggap tabu stigma negatif serta stigma sebut makin kurang diskusi sehat mental jadi lebih buka generasi tumbuh lingkung lebih inklusif,2,Positif
Wed Sep 11 06:20:30 +0000 2024,sadar sehat mental generasi milik akses lebih baik informasi kena sehat mental banding generasi belum didik kena sehat mental makin banyak sedia terima masyarakat masuk indonesia,1,Positif
Wed Sep 11 06:20:28 +0000 2024,alas genz penting sehat mental sehat mental makin jadi perhati utama kalang generasi tingkat sadar penting sejahtera psikologis genz tunjuk peduli besar sehat mental,1,Positif
Tue Sep 10 13:06:14 +0000 2024,realitas kondisi genz tempat kerja gen tempat kerja hadap tantang besar kait sehat mental survei tunjuk cenderung alami tingkat cemas depresi stres tinggi banding generasi lain,-7,Negatif
Tue Sep 10 13:05:59 +0000 2024,puncak masa sulit genz generasi baru pasuk dunia kerja hadap stres berat utama kondisi pandemi covid banyak gen lapor sehat mental lebih buruk banding generasi belum,-3,Negatif
Sun Sep 08 02:39:33 +0000 2024,sehat mental media sosial gen cap lebay generasi belum,-1,Negatif
Thu Sep 05 05:07:09 +0000 2024,generasi kini makin utama imbang worklife balance kurang stres jaga sehat fisik mental genz worklifebalance galaxywatch,-1,Negatif
Wed Sep 04 04:20:57 +0000 2024,tidur cukup sangat penting sehat mental generasi sering kali sibuk giat seharihari perlu paham betapa penting tidur kualitas,2,Positif
Tue Sep 03 05:50:48 +0000 2024,sebab stres hambat produktivitas pengaruh sehat mental seluruh gantung teknologi generasi milenial gen tumbuh teknologi maju buat lebih cenderung guna media sosial,-1,Negatif
Sat Aug 24 12:27:34 +0000 2024,fenomena selflove generasi milenial gen makin peduli sehat mental,0,Netral
Sat Aug 24 03:50:53 +0000 2024,sobatnakertrans sadar buka sehat mental meski lebih rentan masalah mental generasi lebih buka bicara isuisu sehat mental cenderung lebih terima bantu profesional lebih buka terapi,0,Netral
Thu Aug 22 00:36:59 +0000 2024,bacot benar generasi bangkot heran gen melek atur kerja benar melek sehat mental bilang manja melek politik bilang fomo gilir negara fucked up kayak enggak sindir mahasiswa sekarang isi gen buat turun jalan lo turun cok,-3,Negatif
Tue Aug 20 13:52:16 +0000 2024,generasi tumbuh era digital penuh tekan sosial tantang buat generasi rentan bagai masalah sehat mental tengah situasi sulap tawar potensi besar alat terapi inovatif efektif,-1,Negatif
Sun Aug 18 06:59:37 +0000 2024,dampak negatif media sosial sehat mental generasi fomo hingga krisis identitas,-2,Negatif
Fri Aug 16 02:12:53 +0000 2024,generasi cemas singkap tabir sehat mental milenial gen indonesia sehat hidupsehat kesehatanmental gayahidupsehat tipskesehatan sehatselalu kesehatantubuh sehatitupenting kesehatanjiwa tipshidupsehat,-2,Negatif
Wed Aug 14 06:43:57 +0000 2024,generasi paling sedikit manfaat layan sehat mental survei sehat indonesia generasi alami depresi obat jurnalismedata kesehatanmental,-5,Negatif
Wed Aug 14 06:43:56 +0000 2024,prevalensi generasi alami ganggu sehat mental lapor survei sehat indonesia banyak angka tinggi dua prevalensi ganggu mental duduk usia tahun atas jurnalismedata kesehatanmental,-4,Negatif
Wed Aug 14 06:43:55 +0000 2024,generasi potensi alami ganggu sehat mental sedikit cari bantu layan konseling lebih suka laku diagnosis mandiri manfaat mudah akses informasi internet jurnalismedata kesehatanmental buah utas,-1,Negatif
Fri Aug 09 07:00:53 +0000 2024,selfcare awat diri salah satu cara baik jaga sehat mental generasi perlu paham betapa penting luang waktu diri sendiri tengah sibuk seharihari,-1,Negatif
Mon Aug 05 01:32:53 +0000 2024,sehat mental sadar penting sehat mental tingkat generasi dorong dukung lebih baik destigmatisasi isuisu sehat mental,2,Positif
Tue Jul 16 13:33:20 +0000 2024,gen tumbuh era digital penuh tekan ubah cepat lebih buka sehat mental tolak budaya kerja lebih cari imbang hidup anggap lumrah generasi belum biasa,0,Netral
Thu Jul 11 04:07:37 +0000 2024,mungkin sebab ada gap generasi orang tua milenial anak gen aku alami jadi orang tua banding masa kecil dulu pernah temu kasus depresi banyak sekarang kurang paham isu sehat mental,-9,Negatif
Mon Jul 08 06:40:04 +0000 2024,jaga pikir cerah hidup generasi sama ajar cara baik jaga sehat mental mencegahpenyakitmental generasiz kesehatanmental donaturid,0,Netral
Fri Jun 28 12:00:25 +0000 2024,generasi krisis sehat mental cek lengkap sini langkahkita divisisosial,-3,Negatif
Tue Jun 25 02:16:40 +0000 2024,generasi mungkin sering klaim jadi generasi malas kerja ogahogahan gaji mau gede banyak benar concern banget sama sehat mental kalo mental sehat kerja nyaman benar betul,2,Positif
Wed Jun 19 12:22:10 +0000 2024,atas sepi kpop bagaimana industri musik korea bantu sehat mental generasi,-2,Negatif
Wed Jun 19 03:27:34 +0000 2024,masyarakat utama generasi belum kerap kali pandang gen sorot kritis label generasi muda generasi lemah terlalu fokus sehat mental muda kompas,-7,Negatif
Mon Jun 17 01:25:33 +0000 2024,fokus gen sehat mental buat lebih rapuh generasi salah satu lawan,0,Netral
Fri Jun 14 12:02:40 +0000 2024,tema puisi poster pengaruh maju zaman sehat mental generasi tema cerpen fotografi makna bahagia jadi buat kalian suka banget tulis karya cerpen puisi suka edit gambar digital upa poster maupun suka abadi foto,4,Positif
Thu Jun 13 04:36:31 +0000 2024,strawberry generation amp sehat mental niscaya zaman kini assalammualaikum sahabatcaroeng generasi kenal strawberry generation tonton langsung strawberrygeneration follow kali,0,Netral
Wed Jun 12 07:25:05 +0000 2024,apa buat generasi rentan kena sehat mental simak jelas dokter spesialis jiwa via,-2,Negatif
Mon Jun 10 09:30:00 +0000 2024,ahli psikologi temu gejala sosmed imbas sehat fisik mental generasi,-1,Negatif
Thu Jun 06 08:07:50 +0000 2024,justru generasi paling bagus soal sadar sehat mental jadi pr generasi belum perlu paham amp sama adaptasi makin kesini generasi makin peka makin suka harmonisasi,4,Positif
Tue Jun 04 23:32:11 +0000 2024,mirisbonus demografi bencana demografi pasal sehat mental generasi milenial sangat lemah video jelas penting tanam spiritualitas upaya rawat mental health generasi muda,-5,Negatif
Mon May 27 12:17:39 +0000 2024,usia muda lebih kreatif usaha batas usia posisi tentu cari kandidat milik pola pikir segar kreatif generasi anggap lebih kreatif mampu adaptasi ada kembang teknologi lebih maju,6,Positif
Sat May 25 16:59:19 +0000 2024,memang bagus generasi aware sehat mental anggap sebal generasi belum biasa dik militer silent treatment generasi ambil sisi baik generasi belum sikap tangguh,-4,Negatif
Wed May 22 07:42:45 +0000 2024,generasi kenal sadar penting imbang hidup pribadi profesional jebak situasi korban bahagia sehat mental kerja,-1,Negatif
Mon May 20 13:08:20 +0000 2024,generasi hidup tengah ubah cepat tekan digital intens ayo bahas beberapa ganggu psikologis hadap caracara efektif dukung sehat mental a thread,3,Positif
Sat May 18 13:43:34 +0000 2024,utama moril gue tuh heran banget sih generasi atas gen nyinyir banget kalo generasi nih lebih peduli soal sehat mental padahal kalo sehat mental orang enggak piara baik ketidaksehatan nurun anak,-3,Negatif
Sat May 18 09:45:47 +0000 2024,iya banget rasai pas percaya pimpin cari sdm baru kantor generasi gen banyak ngeluhnya kerja entar rasa capek renti enggak mau nikmat proses bawah tuju puncak alas renti sehat mental mental tempe,1,Positif
Sat May 11 14:05:25 +0000 2024,introduce out title teknologi soothe implementasi education of coping eoc tingkat sadar sehat mental generasi muhammadiyah yogyakarta,-1,Negatif
Tue Apr 30 15:01:05 +0000 2024,kondisi sebut sebab generasi nilai milik tingkat bahagia rendah generasi cenderung rentan alami ganggu sehat mental,-4,Negatif
Mon Apr 29 12:32:03 +0000 2024,generasi generasi lahir era digital hadap tingkat bahagia rendah marak kasus ganggu sehat mental generasidigital generasihappy generasimilenial generasiz genx,-2,Negatif
Mon Apr 08 00:05:20 +0000 2024,zaman kolonial prinsip penting hidup abis generasi kakek nenekortu prioritasin uangget more gen hidup lingk damai jadi lebih fokus sehat mental sibuk menuhin childishnya dulu dik ala waris zaman jajah,0,Netral
Mon Apr 01 07:57:05 +0000 2024,bayang tahun depan remajaremaja indonesia masa depan milik orangtua aware sehat mental generasi milik model pola asuh sendirisendiri gen besar orangtua boomers masa remaja penuh tantang,2,Positif
Sun Mar 24 10:50:21 +0000 2024,penting sehat mental tingkat disiplin masyarakat sangat penting laku evaluasi utama generasi,1,Positif
Mon Mar 18 01:55:08 +0000 2024,gen generasi paling peduli isu sehat mental keren,-2,Negatif
Sat Mar 16 11:50:31 +0000 2024,kalo orang jaman dulu generasi belum biasa cenderung punya ambisi milik rumah sendiri hasil beda bagi besar gen anak jaman now lebih suka sewa apartemen ngontrak paling enggak enggak usah beli dulu sih memang,-2,Negatif
Sat Mar 16 06:51:53 +0000 2024,menteri bumn erick thohir ajak generasi muda masuk gen paham penting literasi digital giat laku sama negeri kabanjahe sumatera utara edukasi literasi digital amp sehat mental infokini,-1,Negatif
Sat Mar 09 11:47:53 +0000 2024,suami tau istri skizo enggak orang jaman sekarang banyak enggak aware sama sehat mental generasi milenial banyak remehin gen kata drama sakit mental lah lah depresot sering diremehin padahal saran konseling,-4,Negatif
Thu Mar 07 11:59:56 +0000 2024,gunung anyar surabaya isu sehat mental jadi isu penting generasi masa kini generasi jadi motivasi fakultas psikologi sehat uin sunan ampel surabaya fpk uinsa adakan orientasi keprodian mahasiswa psikologi semester,-1,Negatif
Thu Mar 07 11:59:25 +0000 2024,fpk report suara isu sehat mental generasi fpk undang psikolog giat orientasi keprodian psikologi,0,Netral
Thu Mar 07 10:13:25 +0000 2024,laksana auditorium lantai gedung fakultas psikologi sehat uin sunan ampel surabaya orientasi keprodian kali tema sehat mental generasi fenomena antisipasi narasumber hadir,0,Netral
Thu Mar 07 07:11:07 +0000 2024,gedung fakultas psikologi sehat uin sunan ampel surabaya orientasi keprodian kali tema sehat mental generasi fenomena antisipasi narasumber hadir,0,Netral
Sun Mar 03 13:23:58 +0000 2024,forum mahasiswa bicara tahun angkat tema generasi darurat sehat mental sanggup indonesia emas point of view fokus enam bidang sehat jiwa psikologi agama ekonomi didik bijak publik,0,Netral
Mon Feb 26 14:18:41 +0000 2024,mungkin enggak sih gera ubah buat bidang didik sama bidang psikologi bidang didik kayak ajar terampil anak putus sekolah sehat mental buat generasi milenial amp gen hadap problematika hidup,0,Netral
Mon Feb 19 04:33:32 +0000 2024,sehat mental kenal mental health selalu jadi topik hangat bincang kalang generasi muda utama generasi lahir tahun hingga sehat lengkap,-1,Negatif
Sat Feb 03 17:20:35 +0000 2024,buka sehat mental gen lebih buka sehat mental mungkin generasi belum buka jalan buka internet media sosial mungkin bagi cerita juang sehat mental kurang stigma,-2,Negatif
Sat Feb 03 17:15:01 +0000 2024,generasi gen sehat mental lapor american psychological association tunjuk gen lebih mngkn lapor sehat mental buruk tantang stres depresi kalang gen lebih intens utama papar berita media sosial besar,-2,Negatif
Fri Feb 02 21:57:02 +0000 2024,generasi lahir tahun lebih peduli sehat mental lantas masalah apa banyak hadap gen,-1,Negatif
Thu Feb 01 18:50:49 +0000 2024,artikel pertama omong resiliensi sehat mental gen tanya besar gen generasi lemah jawab gantung no kidding that was a direct quote tenang tetap serta jelas kok bahkan sebut teori dasar,-2,Negatif
Tue Jan 30 05:20:29 +0000 2024,gus iqdam khalid bicara utama pojok dakwah umpo beri sorot penting jaga sehat mental generasi aktivitas positif jadi kunci rawat sehat mental lengkap muhammadiyahjateng ponorogo umpo,0,Netral
Mon Jan 29 03:37:23 +0000 2024,bantualamganjar alam ganjar ajak bersamasama generasi jaga sehat mental respect banget,1,Positif
Fri Jan 26 10:38:41 +0000 2024,peduli generasi milenial ganjar mahfud md serius tangan sehat mental ganjarmahfud ganjarmahfudmnang lbihbaik ganjarpresiden,-1,Negatif
Fri Jan 26 08:20:10 +0000 2024,gen generasi pertama murni lahir massifnya kembang media sosial prioritas beda inklusi sehat mental budayaorganisasi genz,1,Positif
Sun Jan 21 14:53:52 +0000 2024,sih kaya dendam pribadi enggak memang sehat mental managernya ganggu gue kalo kasus begini enggak bawa generasi mau gen millenials kayak begini salah banget banget enggak diwajarin,-5,Negatif
Sat Jan 20 20:10:35 +0000 2024,masuk el professor lanjut uu ebt isu relasi didik tinggi karier hangat masuk msib sehat mental anakanak generasi isu dekat hilir tanggung jawabkhususnya sejahtera kerja,-5,Negatif
Fri Jan 19 07:50:35 +0000 2024,nah betul bu kalo enggak omelin karakter murid generasi sedikit mental health sehat mental mental lembek good buu,0,Netral
Wed Jan 17 13:16:56 +0000 2024,generasi sering guna media sosial cenderung lebih rentan alami ganggu makan depresi cemas gen tahu banyak sehat mental tumbuh masyarakat lebih buka,-2,Negatif
Tue Jan 09 17:07:50 +0000 2024,i just published atas tantang sehat mental generasi era digital buah tinjau dalam,-2,Negatif
Mon Jan 08 17:04:28 +0000 2024,jadi bahan diskusi kelas sama tementemen kelas apa kurang ingat benar campur tangan teknologi gen jauh lebih aware sama kesehatangangguan mental generasi belum,-2,Negatif
Sat Jan 06 12:46:01 +0000 2024,salah generasi milenialgen hubung sehat mental salah solusi fokus allah pusat titik konsentrasi wahai anak muda allah limpah energi allah ridho,1,Positif
Thu Jan 04 15:18:18 +0000 2024,sehat mental bukan kuasa suatu generasi tentu orang gen kali millenial gen bahkan mungkin gen alpha butuh sehat mental baik stres lebih salah satu tanda sehat mental kurang baik sebab media sosial,-6,Negatif
Wed Jan 03 03:34:04 +0000 2024,generasi digadanggadang bakal pimpin indonesia emas banyak anak lahir tahun alami masalah sehat mental humaniora adadikompas,-3,Negatif
Tue Jan 02 11:31:17 +0000 2024,sisi gen jadi generasi paling aware soal penting sehat mental kan gen punya awareness tinggi soal halhal sering anggap sepele sama gen belum hak individu kayak kursi prioritas transport umum hak kerja,1,Positif
Thu Dec 28 23:40:05 +0000 2023,tips jaga sehat mental milenial generasi bahagia,0,Netral
Thu Dec 28 01:32:14 +0000 2023,ngeriih krisis sehat mental hantu generasi indonesia akses layan sehat jiwa batas indonesia butuh caprescawapres peduli sehat masyarakat,-3,Negatif
Tue Dec 26 12:28:51 +0000 2023,nah bagaimana nih teenzies baca bahas tadi jadi lebih cerna masalah sehat mental generasi sekarang enggak minzies harap kasuskasus kena sehat mental indonesia utama generasi merusut hingga angka teenzies,-3,Negatif
Tue Dec 26 12:28:06 +0000 2023,lahargo kata kembang teknologi zaman sekarang jadi picu bahaya sehat mental pasal kerap buat generasi alami turun percaya diri suka dengar kata insecure,-3,Negatif
Tue Dec 26 12:27:26 +0000 2023,jadi benar minzies kalo generasi mental tempe eitss spekulasi paham dulu nih apa sih faktor bikin angka sehat mental generasi tingkat,-3,Negatif
Tue Dec 26 12:27:25 +0000 2023,dokter spesialis sehat jiwa lahargo kembaren benar ada fakta gejala ganggu sehat mental banyak idap generasi,-3,Negatif
Tue Dec 26 12:27:22 +0000 2023,soal nih minzies jadi khawatir sama teenzies beberapa waktu lalu muncul berita kena tingkat angka sehat mental generasi terus merosot,-2,Negatif
Sun Dec 24 02:59:06 +0000 2023,ganjar pranowo terima bagai dapat generasi milenial pontianak sehat mental didik industri kreatif minim wadah perintah asah bakat minat sahabatganjar,0,Netral
Sat Dec 23 11:56:42 +0000 2023,generasi nomophobia candu ponsel sehat mental era digital,-1,Negatif
Fri Dec 22 11:02:47 +0000 2023,kesadarab kait sehat mental utama generasi,0,Netral
Tue Dec 19 13:00:07 +0000 2023,halo guys kalian generasi pernah alami mental health sering alami mental health nah kali ngeshare apa sih sebab anak muda kena mental health bagaimana cara kurang tingkat ganggu sehat mental,-5,Negatif
Tue Dec 19 00:22:57 +0000 2023,waspada krisis masalah sehat mental generasi muda gen,-4,Negatif
Sun Dec 17 11:55:41 +0000 2023,terimakasih bang banyak bilang gen gen strawberry mudah galau gen generasi awareness thd mental health nya tinggi patut apresiasi jadi modal lu kuat sehat jiwa kurang stigma,-1,Negatif
Sun Dec 17 07:05:40 +0000 2023,dulu kenal bagaimana cara jaga sehat fisik kini istilah mental health mulai populer banyak generasi mileneal hingga cari tahu bagaimana cara jaga sehat mental baik bagaimana islam bicara konsep mental helath,2,Positif
Fri Dec 15 06:45:00 +0000 2023,studi baru ungkap gen anggap dunia lebih bahaya banding generasi lain era modern studi sebut hasil wawancara sama responden teliti faktorfaktor risiko sebab krisis sehat mental generasi muda smartnews,0,Netral
Wed Dec 13 01:54:05 +0000 2023,kini tiga capres sedang adu rebut suara seperti lihat apa jadi lapang tiga rebut suara gen generasi anggap lebih aware soal sehat mental lalu apa tawar capres tangan sehat mental,-1,Negatif
Mon Dec 11 14:05:06 +0000 2023,guys mau bantu isi kuisioner sehat mental kalang generasi enggak mulai umur tahun dom jabodetabek luar jabodetabek butuh responden buat tugas akhir terima kasih banyak jangan lupa open dm hehe,-1,Negatif
Mon Dec 11 09:37:51 +0000 2023,sadar sehat mental erisca febriani ajak generasi jaga sehat mental lewat novel hello salma,2,Positif
Mon Dec 11 01:47:37 +0000 2023,dampak kembang teknologi sehat mental generasi by qoriatun nafiah kuliah al islam cerdas cerah teknoloji generasiz mentalhealth kuliahalislam kuliahislam,0,Netral
Sun Dec 10 08:10:47 +0000 2023,jadi asumsi mata tim amin generasi milenial gen ganggu sehat mental hmmm tarik sangat yakin begini data soal sehat mental generasi milenial gen,-7,Negatif
Sun Dec 10 07:52:35 +0000 2023,pasang amin yakin mampu baik sehat mental generasi milenial gen,1,Positif
Sat Dec 09 08:35:54 +0000 2023,buah upaya temu akar problematika dakwah mahasiswa zaman now generasi konon rawan krisis sehat mental,-2,Negatif
Fri Dec 08 01:11:05 +0000 2023,gen bakal jadi generasi paling stres usaha perhati sehat mental kerja,-1,Negatif
Wed Dec 06 21:16:36 +0000 2023,masalah sehat mental sering alami generasi relate enggak,-2,Negatif
Wed Dec 06 07:38:47 +0000 2023,generasi gapeduli sehat mental sama suka jelek gen bukan,-2,Negatif
Tue Dec 05 09:59:25 +0000 2023,generasi sering bingung soal atur uang inflasi tinggi biaya kuliah mahal peluang kerja kompetitif jadi tantang utama riset lebih tengah gen aku uang dampak negatif sehat mental penting banget buat,3,Positif
Mon Nov 13 09:01:05 +0000 2023,mas tum kaesang bicara buka isuisu sehat mental masuk sepi seringkali hadap generasi milenial lengkap baca sini,-3,Negatif
Wed Nov 08 09:25:25 +0000 2023,masalah sehat mental kalang gen sebab generasi makin lembek isu benar generasi dahulu perhati dalam,-2,Negatif
Thu Nov 02 14:41:47 +0000 2023,ganjarpranowo idola gen cakepppp gen suka beliau selalu ikut kembang popculture perhati sehat mental generasi terus komitmen ganjar indonesia enggak cuma saat panjang ganjarmahfud sahabatganjar,-2,Negatif
Thu Nov 02 08:03:02 +0000 2023,cipta konektivitas kuat pimpin generasi muda makin hubung kembang popculture isuisu sehat mentalitulah laku ganjar gen sahabatganjar generasigotongroyong ganjarpresiden ganjaruntuksemua ganjarmahfud,0,Netral
Tue Oct 31 13:11:04 +0000 2023,sehat mental generasi,-1,Negatif
Tue Oct 31 11:13:13 +0000 2023,gen worklife balance kunci sehat mental masa kini gen generasi buka sehat mental cindy gozali jivaraga sorot penting worklife balance tipsnya,1,Positif
Sat Oct 21 17:13:56 +0000 2023,tuju banget kalo issue bawa mental health soal sehat mental masyarakat kaum muda generasi millenialgen penting mbangun sumber daya manusia kualitas indonesia maju enggak posisi negara kembang terus,1,Positif
Fri Oct 20 23:11:55 +0000 2023,sari alhamdulillah muhammadiyah aktif bangun tahan keluarga btw imm buat program layan konseling pandu sehat mental buat generasi milenial and alpha banyak jadi budir,3,Positif
Fri Oct 20 06:07:09 +0000 2023,gen generasi sadar penting sehat mental aplikasi dunia kerja,-1,Negatif
Sat Oct 14 01:08:11 +0000 2023,ganggu sehat mental alami generasi who orang dunia alami masalah sehat mental publisherstory beritaanaksurabaya,-5,Negatif
Sun Oct 08 08:51:50 +0000 2023,generasi memang masalah apa masalah bully gen aware banget loh katany isu sehat mental lah sekarang bagaimana ngerujak orang padahal tau pentingny sehat mental teknologi maju manusia akal pilih cara lebih pantas,-5,Negatif
Sat Oct 07 09:48:41 +0000 2023,mangkanya gue lebih pilih enggak pacar nikah gue tau uang gue enggak sanggup buat jadi generasi sandwich dunia kerja dominasi orang enggak peduli sama sehat fisik amp mental staffnya sendiri generasi sandwich peras gen tau mangkanya berontak,0,Netral
Fri Oct 06 06:41:56 +0000 2023,ganjar paham soal visi indonesia siap atas tantang sehat mental generasi milenial gan gen menangkanganjar ganjarmenangtotal sahabatganjar milu,-2,Negatif
Wed Oct 04 04:58:57 +0000 2023,banyak omong kalo gen punya mental lemah memang iya gen rupa generasi lebih buka aware sehat mental banding generasi belum salah satu alas gen lebih buka buka informasi,0,Netral
Wed Oct 04 04:32:05 +0000 2023,lepas memang beberapa gen lebay gua pribadi sih jujur bangga jadi salah satu bagi masa depan generasi gua milik generasi sadar sehat mental eksploitasi amp mudah judgemental,-5,Negatif
Tue Oct 03 17:20:38 +0000 2023,ganjar peduli sehat mental generasi muda amanda manopo ibu kota negara denny caknan tiktok shop laos gen rahmat erwin abdullah aku cinta kalian semua mudryk galatasaray whoosh apbn jodie hamil mccarthy schwab hwasa barack waduh ganjar lebih baik,-5,Negatif
Tue Oct 03 16:26:07 +0000 2023,pasundan memang perlu sekali jaga kelola tekan sehat mental generasi sekarang gen,-1,Negatif
Tue Oct 03 15:33:17 +0000 2023,ganjar siap atas tantang sehat mental generasi millenial gen amanda manopo harun mas ibu kota negara jodie hamil lilipaly mudryk tiktok shop rahmat erwin abdullah galatasaray anies unggul desak laos cctv aku cinta kalian semua apbn bernardo silva,-6,Negatif
Tue Oct 03 15:19:37 +0000 2023,argumentasi menggeneralisir gen generasi manja generasi punya tantang masingmasing mudah hidup masa negara sedang inflasi politik enggak stabil covid bekas efek aktif peduli soal sehat mental label manja,-2,Negatif
Tue Oct 03 08:45:35 +0000 2023,ganjar paham soal visi indonesia siap atas tantang sehat mental generasi millenial gen jodie hamil denny caknan mudryk mau min miftah okok kades laos fraksi pks siang zlatan whoosh es krim hannah sheikh jassim galatasaray kim mingyu nikki,-2,Negatif
Wed Sep 27 05:30:04 +0000 2023,ganjar pranowo ingat semua pihak masalahkesehatan mentaldi banyak generasi muda indonesia perlu jadi prioritas nasional ajak semua pihak laku kolaborasi pentahelix bersamasama tangan masalah sehat mental prevalensi makin tinggi,-3,Negatif
Tue Sep 19 08:32:05 +0000 2023,gen kagum gp tabina almira kagum papar utama kait isu sehat mental sangat relevan generasi muda gen objektif sangat puas sangat bangga sekali hadir pak ganjar imbuh farrel,0,Netral
Fri Sep 08 06:22:42 +0000 2023,lihat persentase sehat mental spiritual generasi hasil survei mckinsey health institute,1,Positif
Tue Sep 05 10:58:41 +0000 2023,pas tonton trailer lihat isuisu sehat mental sering bincang kaum milenial generasi sendiri sepi dampak sehat mental serius sleep call tampak angkat isu baik,-2,Negatif
Wed Aug 30 15:55:00 +0000 2023,tantang uang sehat mental generasi era pascapandemi,-2,Negatif
Wed Aug 30 15:05:58 +0000 2023,kondisi politik sedang masa transisi generasi gilir gen pimpin gen kenal cara kerja autopilot materialistis tekan prioritas sehat mental instant hitung,0,Netral
Mon Aug 14 07:13:10 +0000 2023,i just published penting sehat mental kalang generasi genzie mentalhealth storytelling article mentalhealthmatters,-1,Negatif
Thu Aug 10 10:02:13 +0000 2023,generasi media sosial ancam sehat mental,-1,Negatif
Mon Jul 24 04:07:30 +0000 2023,deeptalk sesi dampak krisis iklim sehat mental generasi movie sexy killer deeptalk sesi social market economy jembatan market social justice,-4,Negatif
Thu Jul 13 08:45:05 +0000 2023,ganjar pranowo usaha tingkat akses generasi fasilitas sehat layan sehat mental bersamaganjar ganjaruntukindonesia ganjarpresiden,1,Positif
Tue Jul 11 21:43:38 +0000 2023,sutanto aku bolak balik statement sih sbnrnya sehat mental enggak pandang generasi cuma sindir generasi senior sering adu nasib gen kata mental tempe kalo pacu fakta sekarang jadi koruptor banyak generasi kan,-8,Negatif
Tue Jul 11 07:19:42 +0000 2023,sehat mental hantu gen anak muda jadi generasi kuat pimpin negeri masa depan kata pak program mental health,-4,Negatif
Tue Jul 11 07:01:04 +0000 2023,krisis sehat mental hantu generasi indonesia sira kesiragerindra gerindrakesira kesehatanindonesiaraya kesiraindonesia kesirapeduliindonesia kesirapeduli kesirapedulirakyat prabowo prabowosubianto menhanprabowo prabowopresiden prabowopresiden,-2,Negatif
Tue Jul 11 00:43:21 +0000 2023,topik diskusi pagi bagaimana siap generasi songsong bonus demografi ikut dapat psikolog aktivis sehat mental publik universitas gadjah mada yogyakarta ana setiyawati phd now live topik bonusdemografi generasiz cc,-1,Negatif
Mon Jul 10 05:37:03 +0000 2023,krisis sehat mental hantu generasi indonesia,-2,Negatif
Mon Jul 10 03:39:45 +0000 2023,generasi rupa tumpu masa depan bakal pimpin indonesia emas banyak anakanak lahir tahun alami masalah sehat mental dampak sosial ekonomi rugi hidup masa depan kesehatanmental,-2,Negatif
Sat Jun 17 01:31:01 +0000 2023,b bilang idol alami masalah sehat mental masalah kelola emosi banyak alami banyak orang modern sih sih bilang turut enggak cuman idol umum generasi punya tingkat endurance lebih rendah banding generasi belum,-3,Negatif
Thu Jun 15 14:54:02 +0000 2023,generasi peduli sehat mental bukti tempogaya,-2,Negatif
Thu Jun 15 03:53:35 +0000 2023,penting jaga sehat mentalterhadap generasiz via,0,Netral
Wed Jun 14 04:58:46 +0000 2023,hi healthies gen kenal generasi kreatif inovatif sisi stigma kalau generasi milik mental lemah banding generasi belum nah lho memang benar simak bahas live ig rabu mulai pukul wib,2,Positif
Sat Jun 10 11:01:47 +0000 2023,generasi usia tahun lahir era digital alami relasi kompleks media sosial guna media sosial pengaruh sehat mental cek sini infomuda,1,Positif
Tue Jun 06 05:42:56 +0000 2023,generasi lahir era digital alami relasi kompleks media sosial guna media sosial pengaruh sehat mental adadikompas humaniora,2,Positif
Mon Jun 05 22:25:56 +0000 2023,generasi lahir era digital alami relasi kompleks media sosial guna media sosial pengaruh sehat mental sehat adadikompas,2,Positif
Mon May 29 00:12:03 +0000 2023,atas stres era digital dapat strategi sehat mental efektif generasi milenial artikel kelola tekan bijak temu imbang tengah dunia digital serba cepat mentalhealth,-1,Negatif
Wed May 24 12:47:33 +0000 2023,survey ungkap generasi milenial anggap penting sehat mental survei asia pacific health priority tunjuk sadar masyarakat sehat makin tingkat,1,Positif
Mon May 22 22:35:17 +0000 2023,hmmm begini deh kalo misal rasa malas serta stres lelah ovt cemas baik bawa periksa psikolog generasi memang lebih aware thp sehat mental bukan arti selfdiagnose amp meromantisasi ganggu mental,-6,Negatif
Wed May 10 13:05:10 +0000 2023,hai mentemen minta isi kuisioner temenku bawah dampak penggunaa sosial media sehat mental generasi soal besok mau presentasi kata min responded yuk bantu yuk cuman tanya koo,-1,Negatif
Sat Apr 08 13:07:03 +0000 2023,generasi amerika makin banyak alih smartphone ponsel fitur jaga sehat mental,1,Positif
Mon Mar 20 10:59:48 +0000 2023,generasi uang tetap pandang sumber bahagia sangat penting imbang hidup sehat mental cerita sobat muda ikut happyinternationalhappinessday infomuda mudasehatjiwa,-1,Negatif
Mon Mar 20 06:38:00 +0000 2023,generasi kelompok populasi ekspresif kreatif sangat kejar passion uang tetap pandang penting sangat penting imbang hidup sehat mental harikebahagiaaninternasional maknakebahagiaan adadikompas,0,Netral
Mon Mar 20 01:31:52 +0000 2023,banding generasi belum generasi milik pandang bahagia lebih agam uang tetap jadi sumber bahagia utama penting imbang hidup sehat mental humaniora adadikompas,3,Positif
Sat Mar 18 13:06:14 +0000 2023,generasi lebih perhati sehat mental alas danfaktanya,0,Netral
Sun Mar 12 02:18:30 +0000 2023,semangat gen millenial semangat jadi generasi lebih melek soal sehat mental,-1,Negatif
Wed Mar 01 13:54:34 +0000 2023,kok banyak anak gen mental lemah dikit omong sehat mental ganggu padahal benar jadi dia over reaktif memperibetkan diri sendiri fyi aku generasi awal gen,-8,Negatif
Thu Feb 23 00:57:57 +0000 2023,mental generasi lahir orang macam vamells masalah generasi mental health issues sering kali buat geleng kepala karakter umum masuk golong generasi lahir tahun atas tahun an isu sehat jiwa,-3,Negatif
Wed Jan 18 06:44:27 +0000 2023,gen kali baby boomer keluh kerja gen milenial gen kali baby boomer milenial keluh gen apes gen dikrubutin generasi memang gen muanjaaaa mau ngimbangin sehat mental fisik kantong arti extra usaha dapat tiga,3,Positif
Sun Jan 15 13:06:28 +0000 2023,aku penasaran kondisi sehat mental generasi generasi kirakira bagaimana,-3,Negatif
Fri Jan 13 02:12:28 +0000 2023,generasi lebih aware sehat mental imho banyak korban orang tua mental siap punya anak enggak mau jadi kayak orang tua this world doesn t need another victim after all,-3,Negatif
Fri Dec 09 15:44:02 +0000 2022,generasi lebih sadar masalah sehat mental,-1,Negatif
Mon Nov 14 15:48:30 +0000 2022,analisis pengaruh banyak kapal anut sehat mental generasi teliti indonesia,-1,Negatif
Fri Nov 11 06:04:25 +0000 2022,jaga sehat mental generasi pas banget baca buku cegah bunuh diri remaja yuk deteksi,-1,Negatif
Tue Nov 08 11:11:07 +0000 2022,usung tema recover together recover stronger gelar presidensi enggak indonesia jadi wadah aspirasi indonesia muda suara penting sehat mental bukan gen generasi belum,-2,Negatif
Mon Nov 07 02:53:47 +0000 2022,pagi menang bacabaca aaron carter plis generasi apa mau baby boomer milenials gen jaga sehat mental penting buat sepele anggap cengeng keep buat diri lo sendiri komen enggak bantu,-2,Negatif
Sun Oct 30 02:36:50 +0000 2022,notes bagus buatanakanak generasi mulai perhati masalah sehat mental jangan bermudahmudah label orang tua sendiri toksik diri kalian yuk baca yuk,-3,Negatif
Sat Oct 29 11:26:46 +0000 2022,anakanak generasi mulai perhati masalah sehat mental sedikit saran millenial jangan bermudahmudah label orang tua sendiri toksik diri kalian siapsiap demo kaset rusak kakak sih enggak rasai,-6,Negatif
Thu Oct 27 03:26:31 +0000 2022,konten isu sehat mental populer tiktok gambar masalah generasi via,-2,Negatif
Tue Oct 11 11:52:00 +0000 2022,aktivis ham gen lebih peduli sehat mental generasi dahulu,0,Netral
Tue Oct 11 04:02:45 +0000 2022,generasi lebih berani aku rapuh diri papar informasi kena sehat mental,-3,Negatif
Sun Oct 09 23:32:33 +0000 2022,okt selamat hari sehat mental generasi milenial micin generazi mahasiswa kura kupu nak broken home spesies ukmx rendah spesies anggur eomma apa hebat luar sana terbng mka tengkureplah hehe nottoday bts kayak semua jlnx,-5,Negatif
Mon Oct 03 15:22:02 +0000 2022,analisis pengaruh tokoh fiksi sehat mental kualitas hidup generasi,1,Positif
Wed Sep 28 11:00:00 +0000 2022,generasi bukan generasi manja justru lebih aware sehat mental punya potensi cipta dunia keluarga lebih baik masa depan,1,Positif
Wed Sep 28 04:20:27 +0000 2022,sehat mental sehat mental tahi ala generasi,-2,Negatif
Mon Sep 19 08:15:02 +0000 2022,mark cuban puji generasi generasi hebat peduli sehat mental,-1,Negatif
Wed Sep 07 11:41:23 +0000 2022,my opinion generasi masalah sehat mental,-2,Negatif
Mon Sep 05 05:31:45 +0000 2022,sep jadi narasumber rakornas xi ikat lembaga mahasiswa psikologi indonesia bawa materi judul didik sehat mental budaya capai generasi convention hall universitas andalas padang,-1,Negatif
Mon Sep 05 05:18:52 +0000 2022,sep jadi narasumber rakornas xi ikat lembaga mahasiswa psikologi indonesia bawa materi judul didik sehat mental budaya capai generasi convention hall universitas andalas padang,-1,Negatif
Sat Sep 03 07:23:51 +0000 2022,gess mau tanya aku ikut lomba poster psikologi internasional tema didik sehat mental budaya capai generasi unggul era revolusi industri arti aku cari jurnal bagaimana,-2,Negatif
Fri Sep 02 22:28:53 +0000 2022,coba yuk lihat sisi positif generasi makin paham kena sehat fisik mental anakanak terus bangsa lebih optimal tumbuh kembang punya well being lebih baik generasi sebelumny,5,Positif
Fri Sep 02 22:28:50 +0000 2022,enggak cuma teknologi generasi sekarang banyak banget papar edukasi sehat mental buat sangat paham tindak apa pantas pantas laku,-2,Negatif
Fri Sep 02 13:38:42 +0000 2022,hmjk unsoed ada event lomba lomba esai ilmiah lomba poster publik lomba video edukasi tema hadap tantang darurat sehat mental generasi,-1,Negatif
Mon Aug 29 04:28:27 +0000 2022,giat milik tema didik sehat mental budaya capai generasi unggul era revolusi industri giat kali isi narasumber tarik tentu keren habis,0,Netral
Fri Aug 19 03:36:16 +0000 2022,akhirakhir cerita remaja depresi edar media sosial sangat baik sehat mental generasi terus saji henti bijak guna media sosial,1,Positif
Tue Aug 09 03:45:20 +0000 2022,giat rupa wadah kembang bakat kreativitas potensi mahasiswa psikologi buat karya giat angkat tema didik sehat mental budaya capai generasi unggul era evolusi industri,6,Positif
Wed Jul 13 10:20:01 +0000 2022,tau krmn urus sama polisi urus pribadi sama generasi uras sehat mental asli,0,Netral
Sat Jul 02 17:51:38 +0000 2022,sok bijak cerita padahal mah sama ngalamin resah sama but its okay kan gue jawab resah kalian generasi kait isu sehat mental,0,Netral
Sat Jul 02 17:36:15 +0000 2022,gue generasi milenial gelitik mejawab resah generasi kait isu sehat mental pesan gue kalian generasi akhir akhir minggucerita,-4,Negatif
Mon Jun 06 00:36:47 +0000 2022,sumpahhhh gue tuju banget generasi justru mental lemah dikit sangkut pautin sehat mental enggak kuat orang generasi kali,-2,Negatif
Wed Jun 01 06:22:31 +0000 2022,gara ngebeli properti buat investasi generasi habishabisan cari duit buat beli rumah akhir imbas sehat mental gen milenial,-1,Negatif
Fri May 27 02:10:21 +0000 2022,gen rupa istilah guna sebut individu lahir akhir tahun an hingga tengah an generasi bilang generasi cukup unik sensasional salah satu generasi paling melek bahas sehat mental,0,Netral
Fri May 13 14:20:05 +0000 2022,mayoritas gen amp milenial enggak malu buat ngakuin kondisi mental tau kapan saat perlu bantu kapan saat juang sendiri mungkin jadi masuk buat generasi lain ajar bagaimana cara biar melek sama sehat mental lho,-2,Negatif
Fri May 13 14:05:12 +0000 2022,istilah mayoritas sering jadi sama gen amp milenial sekarang makin sini gen amp milenial jadi generasi melek sama sehat mental lho papar informasi mental health mulai banyak banget terima tuju,5,Positif
Tue Apr 26 03:43:48 +0000 2022,its me jaga sehat mental generasi kali hidup sanding gen,-2,Negatif
Fri Apr 22 12:03:40 +0000 2022,beberapa poin penting cukup buka insight utama kena sehat mental fakta generasi generasi paling punya sadar sehat mental banyak idap mental illness trauma masa kecil leceh,-6,Negatif
Mon Apr 18 06:55:04 +0000 2022,salah satu dukung berita data teliti generasi millenial lebih pilih jadi anggur banding kerja lingkung toxic sehat mental memang penting sih hidup cuma sekali kalau kg sekali bahagia emmm,-8,Negatif
Sun Apr 10 08:46:09 +0000 2022,efektivitas guna kata healing sehat mental generasi,-1,Negatif
Thu Mar 03 05:33:44 +0000 2022,tarik sekali kalo lihat dinamika generasi boomer kali bagi agung perkara tahan mental waris dahulu tengah generasi generasi mulai paham sehat mental glorifikasi umum amat pribadi,2,Positif
Tue Feb 15 13:40:54 +0000 2022,ide skripsi anak antropologi pengaruh ubah kultur jaksel sehat mental generasi,-2,Negatif
Mon Feb 14 14:27:08 +0000 2022,bukan gen mental kerupuk perlahan orang makin buka soal isu sehat mental generasi belum bukan arti generasi belum aman mental baja,-4,Negatif
Thu Feb 03 08:53:04 +0000 2022,banyak persen generasi kata kalau dukung sehat mental faktor kunci cari kerja kumparanmilenial,-1,Negatif
Wed Feb 02 07:58:08 +0000 2022,untuk kamu generasi quote sehat mental bangkit semangat jadi motivasi nih userstory,-1,Negatif
Tue Jan 25 15:40:15 +0000 2022,dewan sesal perilaku generasi selalu dramatisasi ada masalah sehat mental,-2,Negatif
Sun Jan 23 09:24:34 +0000 2022,manfaat lari sehat mental generasi userstory,-1,Negatif
Thu Jan 13 13:23:43 +0000 2022,enggak teliti pengaruh sosial media sehat mental generasi milenial generasi,-1,Negatif
Sat Dec 04 15:17:44 +0000 2021,bayang kalo gen enggak aware sama kondisi sehat mental bakal jadi orang tua kayak apa tahun kalo enggak aware jadi terus generasi tempramental,-2,Negatif
Sun Nov 21 04:02:04 +0000 2021,wardanas rasa semua serta dibully deh kak mana akhir juri bilang generasi memang manja banget padahal program paper kelompok bagus kayak melek sama sehat mental,-3,Negatif
Sat Nov 20 02:36:24 +0000 2021,kata aku masuk generasi tukang ngeluh meski aku rasa terlalu tua masuk gen apa nama mungkin keluh presentase wajar perlu sehat mental masingmasing mungkin jadi sense of relief,-12,Negatif
Tue Nov 09 05:59:10 +0000 2021,awal mau sehat mental istilah keren generasi kayak asik pas buat jadi ceramah,1,Positif
Tue Nov 02 05:00:27 +0000 2021,generasi lebih sadar isuisu sosial sehat mental bos milenial beri testimoni kena apa takut,1,Positif
Tue Nov 02 03:54:03 +0000 2021,generasi lebih sadar isuisu sosial sehat mental bos milenial beri testimoni kena apa takut,1,Positif
Tue Nov 02 00:55:44 +0000 2021,generasi lebih sadar isuisu sosial sehat mental bos milenial beri testimoni kena apa takut,1,Positif
Fri Oct 29 02:11:02 +0000 2021,webinar tema pengaruh media sosial optimalisasi sehat mental psikososial generasi sabtu november wib selesai zoom meeting live streaming youtube cp,1,Positif
Thu Oct 28 02:11:02 +0000 2021,webinar tema pengaruh media sosial optimalisasi sehat mental psikososial generasi sabtu november wib selesai zoom meeting live streaming youtube cp,1,Positif
Wed Oct 27 02:11:02 +0000 2021,webinar tema pengaruh media sosial optimalisasi sehat mental psikososial generasi sabtu november wib selesai zoom meeting live streaming youtube cp,1,Positif
Tue Oct 26 04:42:59 +0000 2021,webinar tema pengaruh media sosial optimalisasi sehat mental psikososial generasi,0,Netral
Tue Oct 26 02:11:02 +0000 2021,webinar tema pengaruh media sosial optimalisasi sehat mental psikososial generasi sabtu november wib selesai zoom meeting live streaming youtube cp,1,Positif
Mon Oct 25 02:11:02 +0000 2021,webinar tema pengaruh media sosial optimalisasi sehat mental psikososial generasi sabtu november wib selesai zoom meeting live streaming youtube cp,1,Positif
Sun Oct 24 02:11:02 +0000 2021,webinar tema pengaruh media sosial optimalisasi sehat mental psikososial generasi sabtu november wib selesai zoom meeting live streaming youtube cp,1,Positif
Sat Oct 23 14:11:03 +0000 2021,webinar tema pengaruh media sosial optimalisasi sehat mental psikososial generasi sabtu november wib selesai zoom meeting live streaming youtube cp,1,Positif
Thu Oct 21 01:25:03 +0000 2021,generasi ajak paham isu sehat mental beritajogja jogja jogjaistimewa,-1,Negatif
Fri Sep 03 11:53:11 +0000 2021,bahas tuntas kait masalah sehat mental generasi masa pandemi tentu bicara kompeten bicara nadya ariyani hasanah nuriyyatiningrum si psi mpsi psikologdosen fakultas psikologi sehat uin walisongo,-1,Negatif
Fri Sep 03 11:53:10 +0000 2021,diskusi internal kbmkm halo kbmkm bagaimana kabar nih moga sehat selalu diskusi internal kbmkm unsoed akhir hadir judul sehat mental generasi lama pandemi,0,Netral
Sat Aug 14 12:26:50 +0000 2021,pernah baca gen memang generasi tekan masa makanya serang sehat mental cmiiw,-2,Negatif
Thu Aug 05 08:12:23 +0000 2021,teliti usaha layan sehat cigna amerika serikat rilis mei temu gen kamu lahir masuk generasi paling sepi a thread,0,Netral
Fri Jul 16 03:37:39 +0000 2021,halo teman teman nyata jumlah generasi indonesia banyak lalu bagaimana sih kondisi sehat mental generasi,0,Netral
Mon Apr 19 19:46:37 +0000 2021,video tarik tirto sehat mental generasi milenial apakabar hubung gen baby zoomers,1,Positif
Sun Apr 11 18:04:18 +0000 2021,hasil utas jam pagi ngeri jumlah kerja generasi millennial makin banyak cemas overthinking kerja alhasil insomnia buruk sehat fisik mental,1,Positif
Sat Dec 19 16:23:16 +0000 2020,kalau jadi orang tua baik gua setujuu gen maybe generasi duli sehat mental anak kalau generasi baik gantung orang sih,-8,Negatif
Thu Nov 12 04:47:41 +0000 2020,generasi milenial nyata punya peduli lebih soal sehat mental lihat playlist musik spotify segerinkebersamaandimanaaja peoplecreativejourney pucukcooljam,2,Positif
Sun Oct 18 13:12:55 +0000 2020,tonton tv one salut sama psikolog nya kasus tni bukan kasus private umum enggak peduli diblg close minded semua agama larang sekalipun enggak agama apa enggak kasihan sama generasi depan nya bagaimana sehat fisik mental sendiri,-7,Negatif
Mon Oct 12 18:13:25 +0000 2020,penting mental health masa kini generasi sehat fisik sehat mental organisasi sehat dunia who sehat mental ada sejahtera mana individu wujud potensi sendiri,2,Positif
Mon Oct 12 16:54:36 +0000 2020,mental health generasi a thread lihat kondisi pandemi sekarang sehat mental justru satu aset tetap jaga terus aware sebab kejam dunia nyata dunia maya,-1,Negatif
Mon Oct 12 16:54:32 +0000 2020,sehat mental kondisi batin rasa tentram sejahtera jalan hidup seharihari penting sehat mental generasi rupa generasi kreatif tentu arah bangsa,-2,Negatif
Mon Oct 12 16:38:07 +0000 2020,mental health rupa masalah sehat mental stres pikir kacau galau cinta depresi kekang frustasi nah masalah mental health generasi,-6,Negatif
Mon Oct 12 15:49:24 +0000 2020,mental health generasi dasar riset sehat dasar rilis menteri sehat republik indonesia angka prevalensi ganggu jiwa indonesia tingkat signifikan jadi bagai faktor jadi picu tingkat,0,Netral
Mon Oct 12 15:35:58 +0000 2020,aktivitas perangkat multimedia elektronik stres america generation libat responden umur tahun atas responden usia tahun teliti sebut sebut generasi generasi sehat mental,-4,Negatif
Mon Oct 12 15:09:13 +0000 2020,nah kamu generasi sedang insecure entah tampil fisik ekonomi bagai aku tahu insecure wajar jangan insecure lebih baik ganggu sehat mental diri sendiri,-5,Negatif
Mon Oct 12 14:47:43 +0000 2020,sehat mental generasi tanggal oktober sehat mental dasar mampu manusia pikir kembang ekspres a cari nafkah nikmat hidupmenurut organisasi sehat dunia who,2,Positif
Mon Oct 12 14:47:05 +0000 2020,sehat mental generasi masalah utama imigrasi hingga leceh seksual sebab stres signifikan anggota generasi usia tahun tembak massal duduk puncak daftar peristiwa,-8,Negatif
Mon Oct 12 14:26:13 +0000 2020,sehat mental generasi muda jadi isu global hangat bincang generasi muda lebih kenal generasi rupa generasi internet,-4,Negatif
Mon Oct 12 13:31:42 +0000 2020,gen generasi terus bangsa lahir tahun banyak faktor sehat mental orang ganggu entah soal keluarga stigma sosial maupun pikir buat,-2,Negatif
Mon Oct 12 13:27:08 +0000 2020,mental health and gen apasih mental health who mental health ada sejahtera mana individu wujud potensi sendiri who generasi milenial biasa sebut generasi lebih rentan ganggu sehat,-3,Negatif
Mon Oct 12 12:54:30 +0000 2020,sehat mental pemuda cermin masa depan bangsa indonesia data tunjuk generasi milik prosentase rentan besar depresi social anxiety libat orangtua upaya jaga sehat generasi terus,-3,Negatif
Mon Oct 12 12:53:36 +0000 2020,pengaruh media sosial sehat mental generasi rizqi akbar dermawan fakultas teknik rencana wilayah kota cluster loveyourself adhikara mabaub rajabrawijaya kitasatubrawijaya kreasinyatabrawijayans,-2,Negatif
Mon Oct 12 12:49:56 +0000 2020,a thread berapa penting mental health generasi mental health sehat mental rupa kondisi orang pengaruh jadi bekas pribadi perilaku hidup,1,Positif
Mon Oct 12 12:09:40 +0000 2020,generasi generasi diri orangorang lahir tahun tahun penting sehat mental generasi salah satu kembang potensi anak muda,-4,Negatif
Mon Oct 12 11:47:34 +0000 2020,alami media sosial sangat pengaruh sehat mental utama generasi jadi guna media sosial cukup guna positif loveyourself adhikara mabaub rajabrawijaya kitasatubrawijaya kreasinyatabrawijayans,2,Positif
Mon Oct 12 11:13:53 +0000 2020,sempat kali tugas raja brawijaya buat buah essay kait mental health sehat mental rupa perlu dapat perhati semua pihak erti betapa penting sehat mental khusus generasi,1,Positif
Mon Oct 12 09:42:49 +0000 2020,lihat jaman sekarang banyak generasi rentan kena ganggu sehat mental ganggu sehat mental sakit pengaruh pola pikir perilaku derita loveyourself adhikara mabaub rajabrawijaya kitasatubrawijaya kreasinyatabrawijayans,-5,Negatif
Mon Oct 12 08:51:15 +0000 2020,ada pandemi bawa pengaruh sehat mental tiap generasi utama generasi alami banyak adaptasi ubah jenis ganggu sehat mental stres ganggu cemas depresi,-8,Negatif
Mon Oct 12 07:58:05 +0000 2020,generasi generasi milik tingkat sehat mental bilang sehat milik lebih banyak masalah sehat mental banding generasi belum banyak sekali tekanantekanan mental pengaruh lingkung maupun diri sendiri,-3,Negatif
Mon Oct 12 07:48:28 +0000 2020,generasi penting tahu sehat mental serta gejala generas lebih rentan serang ganggu mental,-2,Negatif
Mon Oct 12 07:14:39 +0000 2020,cukup besar dasar amat interaksi dengar baca curhatan teman teman millennials maupun generasi pemuda sekarang makin rapuh suatu masalah hadap keras hidup sadar penting sehat mental masa,0,Netral
Mon Oct 12 07:14:36 +0000 2020,penting mental health masa sekarang utama generasi sehat sering kali persepsi segi fisik padahal sehat arti sehat jiwa sayang soal sehat jiwa anggap,-1,Negatif
Mon Oct 12 06:56:32 +0000 2020,mental health wajib tahu generasi tak jarang sering sepele sehat mental masyarakat orang sakit mental seringkali kata gilatdk waras tabu bicara merekatentu,-3,Negatif
Mon Oct 12 06:29:05 +0000 2020,generasi generasi bangsa jaga sehat mental lebih fokus emban citacita masingmasing pimpin negara indonesia kemudian hari jadi indonesia lebih baik maju,0,Netral
Mon Oct 12 06:25:17 +0000 2020,hadir medsos beri dampak sehat mental generasi misalnyadikarenakan ada bebas dapat media sosial kemudian jadi cyber bullying,-2,Negatif
Mon Oct 12 06:24:56 +0000 2020,stres faktor besar sebab buruk sehat mental generasi stres sebut karena tekan hidup akibat informasiinformasi tak bendung edar sekitar,-6,Negatif
Mon Oct 12 06:24:34 +0000 2020,generasi rupa generasi digital mahir gandrung teknologi informasi bagai aplikasi komputer balik generasi generasi rentan alami ganggu sehat mental,-8,Negatif
Mon Oct 12 06:00:25 +0000 2020,penting mental health masa sekarang utama generasi zsehat sering kali hubung segi fisik padahal sehat rupa bagi sehat jiwa tugas raja brawijaya arindra alifia administrasi bisnis,0,Netral
Mon Oct 12 03:43:56 +0000 2020,teliti apa sebut oleh hasil banyak persen generasi punya gejalagejala emosional maupun fisik kait stres depresi ganggu cemas stres faktor besar sebab buruk sehat mental generasi,-6,Negatif
Mon Oct 12 03:28:08 +0000 2020,penting mental health masa sekarang utama generasi sehat mental mental health rupa salah satu sangat penting perhati semua kalang utama anak remaja generasi sehat mental baik,-5,Negatif
Mon Oct 12 02:56:32 +0000 2020,sehat republik indonesi angka pravelansi ganggu jiwa indonesia tingkat signigikan jadi jadi sangat khawatir ingat naik sangat cepat sehat mental generasi perhati,0,Netral
Mon Oct 12 02:56:31 +0000 2020,manusia sehat manusia sehat rohani jasmani angka sakit sehat mental makin tingkat utama generasi generasi alami banyak ganggu sehat dasar riset sehat dasar rilis tri,0,Netral
Mon Oct 12 02:52:10 +0000 2020,sehat mental mental health era generasi makin turun buah survey guna media laku orang generasi usia tahun the rideout foehr and roberts kaiser family foundation lapor hari,1,Positif
Mon Oct 12 01:33:15 +0000 2020,sehat mental generasi masa pandemi a thread,-2,Negatif
Mon Oct 12 01:25:53 +0000 2020,ingat benar beberapa dilkaukan rawat sehat mental diri sendiri orang salah satu patut tahu remaja generasi gejalan sehat mental rasa cemas normal,-6,Negatif
Mon Oct 12 01:25:53 +0000 2020,laku momen seharihari obrol sama teman kuliah ada kuliah tatapmuka dampak pandemi covid sehat mental remaja generasi sedang hadap ubah hidup,-3,Negatif
Mon Oct 12 01:19:46 +0000 2020,salah satu sebab stres depresi gangguangangguan sehat mental kalang anak mudagenerasi media sosial mungkin banyak anak muda rasa pengaruh positif tak jarang rasa pengaruh negatif medsos,-7,Negatif
Mon Oct 12 01:03:16 +0000 2020,sehat mental generasi perlu perhati banyak pihak kajiankajian ilmiah kena sebab kondisi psikologis bagai pihak perlu terus kembang sosialisasi kena penting sadar sehat mental,-2,Negatif
Mon Oct 12 01:03:15 +0000 2020,sayang internet buat kondisi sehat mental generasi jadi lebih buruk nyata medsos bukan bawa mudah generasi hasil riset apa tunjuk media sosial memang main peran besar hidup generasi,-2,Negatif
Mon Oct 12 01:03:14 +0000 2020,sehat mental tingkat angka bunuh diri tingkat lapor kasus keras beberapa faktor picu stres generasi isuisu sebut jadi soal sendiri individuindividu generasi akibat tinggi aksesibilitas informasi,-5,Negatif
Sun Oct 11 23:59:50 +0000 2020,mental health sehat mental kait nilai nyata ada diri sendirikesehatan mental orang sangat penting perhati era zaman banyak khusus nya generasi alami ganggu mental biasa mula stres,-4,Negatif
Sun Oct 11 23:35:37 +0000 2020,meski generasi lebih rentan kena ganggu mental isu sehat mental jadi alas generasi lebih buka guna media sosial bantu dapat dukung walaupun media sosial milik dampak buruk,-2,Negatif
Sun Oct 11 23:35:28 +0000 2020,akrab generasi teknologi bukan sematamata implikasi maju zaman pengaruh aspek psikologis behavioralnya sayang internet buat kondisi sehat mental generasi jadi lebih buruk,-3,Negatif
Sun Oct 11 22:41:07 +0000 2020,rasa tindak sehat mental sangat penting utama generasi utama mahasiswa sedang tempuh didik bangku kuliah stres beban kuliah beban lain banyak mahasiswa lupa,-6,Negatif
Sun Oct 11 18:43:38 +0000 2020,segala infoinfo trending up jadi sasar nyaring benar isuisu sebut lah sebab ganggu sehat mental generasi,-2,Negatif
Sun Oct 11 18:23:38 +0000 2020,generasi segala macam mudah akses pintar mem mana baik buruk jangan jerumus bau negatif pengaruh bahkan rusak sehat mental,-3,Negatif
Sun Oct 11 18:23:31 +0000 2020,teliti american psychological association apa tahun judul stres america generation sebut generasi generasi sehat mental paling buruk generasigenerasi lain,-5,Negatif
Sun Oct 11 17:37:49 +0000 2020,walaupun banyak karya film joker tahu generasi tetap erti kena sehat mental sehat mental sifat pribadi individu tentu bagaimana orang hubung orang,-1,Negatif
Sun Oct 11 16:31:04 +0000 2020,sangat penting manusia jaga sehat fisik bukan sehat fisik sehat mental lama pandemic khusus remaja tentu sangat berat anak muda generasi hadap kondisi,-6,Negatif
Sun Oct 11 15:50:57 +0000 2020,mental health apasih mental health kalian pernah dengar bukan mental health bukan lah tabu kalang generasi arti mental health sendiri sehat mental tingkat sejahtera psikologis,-2,Negatif
Sun Oct 11 15:49:26 +0000 2020,sehat mental sangat penting utama generasi generasi sekarang semua serba digital global,-3,Negatif
Sun Oct 11 15:46:36 +0000 2020,sekitar lingkunganya mampu turun nya bahkan langgeng banyak timbul keras tentu kata sehat generasi ganggu langsung hindar muncul stres bahkan ganggu mental,-5,Negatif
Sun Oct 11 15:30:51 +0000 2020,sehat mental lebih susah jaga sehat fisik mental sangat sensitif produktif gali potensi diri kalian wahai generasi syukur cinta diri sendiri loveyourself adhikara mabaub rajabrawijaya kreasinyatabrawijaya,0,Netral
Sun Oct 11 15:30:49 +0000 2020,aku antara beberapa faktor sehat mental generasi paling banyak timbul ketidakharmonisan keluarga cerai media sosial era sekarang banyak generasi makan berita hoax rasa insecure apa lihat dunia maya,-7,Negatif
Sun Oct 11 15:30:47 +0000 2020,halo semua kenal aku firanda bery amin fakultas ilmu administrasi jurus administrasi publik cluster aku bakal jelasin betapa penting sehat mental generasi ingat kemarin hari sehat mental dunia,1,Positif
Sun Oct 11 15:26:40 +0000 2020,kondisi sehat mental generasi sangat perlu jadi perhati banyak pihak kajiankajian ilmiah kena sebab kondisi psikologis bagai pihak perlu terus kembang sosialisasi kena penting sadar sehat mental,-2,Negatif
Sun Oct 11 15:26:39 +0000 2020,teliti american psychological association apa tahun judul stres america generation anak muda usia tahun kelompok manusia kondisi sehat mental buruk banding generasigenerasi lain,-5,Negatif
Sun Oct 11 15:24:05 +0000 2020,teliti apa oleh hasil banyak persen generasi punya gejalagejala emosional maupun fisik kait stres depresi ganggu cemas stres faktor besar sebab buruk sehat mental generasi,-6,Negatif
Sun Oct 11 15:13:43 +0000 2020,penting sehat mental generasi nama teguh riski saputra fakultas ilmu sosial ilmu politik prodi ilmu perintah cluster universitas brawijaya adhikara mabaub rajabrawijaya kitasatubrawijaya kreasinyatabrawijayans,2,Positif
Sun Oct 11 14:54:23 +0000 2020,era modern sehat mental jadi salah satu perlu perhati masyarakat modern utama gen belum wikipedia gen generasi rupa generasi generasi definisi,1,Positif
Sun Oct 11 14:52:38 +0000 2020,bicara kena sehat mental era sangat perlu bahas sebut kena usia milenial generasi sebut jadi sebut generasi bagi besar alami depresi stres ganggu cemas,-7,Negatif
Sun Oct 11 14:49:38 +0000 2020,nyata generasi manfaat dunia virtual tempat lari hidup nyata sayang internet buat kondisi sehat mental generasi jadi lebih buruk adhikara mabaub rajabrawijaya kitasatubrawijaya kreasinyatabrawijayans,-2,Negatif
Sun Oct 11 14:45:48 +0000 2020,dekat teknologi bukan arti jadi generasi jadi baikbaik muncul banyak isuisu kata generasi alami ganggu sehat mental adhikara mabaub rajabrawijaya kitasatubrawijaya kreasinyatabrawijayans,-5,Negatif
Sun Oct 11 14:40:03 +0000 2020,generasi hebat masalah mental health rupa masalah kondisi psikologis sehat mental sedang marak alami bagi besar derita mental health derita remaja sebab dewasa psikologis remaja terlalu baik,-7,Negatif
Sun Oct 11 14:37:50 +0000 2020,pengaruh pandang generasi uang sadar penting sehat mental masa depan pemuda ancam jadi segala potensi milik mimpi punya jadi hambat,2,Positif
Sun Oct 11 14:22:06 +0000 2020,sehat mental sangat penting generasi sangat penting sehat mental jaga cegah datang ganggu mental buat generasi rasa tenang amp fungsi baik lingkung,-4,Negatif
Sun Oct 11 14:21:23 +0000 2020,generasi milik kuat ambil langkah positif sekarang tingkat tahan sehat mental jangan tunggu ada krisis jadi sehat mental prioritas lebih mudah bentuk,2,Positif
Sun Oct 11 14:21:21 +0000 2020,sama hal sehat fisik sehat mental sendiri tingkat beberapa cara tingkat sehat mental terap khusus generasi mulai olahraga kecil kecil makan makan sehat coba buka,0,Netral
Sun Oct 11 14:14:10 +0000 2020,lindung sehat mental sangat butuh generasi generasi penuh tekan,-2,Negatif
Sun Oct 11 14:02:22 +0000 2020,astri amaliya dewi cluster anak muda sehat mental zaman generasi adhikara mabaub rajabrawijaya kitasatubrawijaya kreasinyatabrawijayans,-3,Negatif
Sun Oct 11 13:58:52 +0000 2020,erti sehat mental penting diri khusus generasi mulai sekarang lebihawaredan perhati sehat mental diri sendiri,-3,Negatif
Sun Oct 11 13:58:46 +0000 2020,generasi tentu paham media sosial informasiinformasi dalam lebih baik manfaat sebut akses informasi kena cara baik sehat mental bila memang butuh cari bantu klinis,0,Netral
Sun Oct 11 13:56:46 +0000 2020,media sosial milik dampak buruk sehat mental generasi tinggi rundung sibercyberbullying rupa perilaku tekan malu ancam leceh orang,-2,Negatif
Sun Oct 11 13:54:16 +0000 2020,generasi sangat gampang kena ganggu mental health sekarang kasus jahat sosial media banyak sekali kasus pembullyan jahat tipu jaga sehat mental pengaruh besar hidup,-5,Negatif
Sun Oct 11 13:53:31 +0000 2020,lihat fenomena sosial zaman sekarang utama dunia ubah cepat saling hubung lalu internet potensi generasi alami masalah mental cukup besar sadar penting sehat mental masa depan pemuda ancam,-1,Negatif
Sun Oct 11 13:48:14 +0000 2020,generasi kontrol sehat mental tengah kembang zaman pesat,1,Positif
Sun Oct 11 13:47:49 +0000 2020,penting sehat mental generasi otaku edition,-1,Negatif
Sun Oct 11 13:45:07 +0000 2020,penting mental health generasi sehat mental ada sejahtera orang individu wujud potensi sendiri,0,Netral
Sun Oct 11 13:39:12 +0000 2020,ganggu sehat mental sering hantu generasi macam macam mulai rasa cemas was was takut panik lebih banyak picu ganggu mental akut akibat perilaku perilaku sebut banyak anak anak muda datang psikiater,-6,Negatif
Sun Oct 11 13:38:58 +0000 2020,generasi perlu tahu penting jaga sehat mental sehat mental buat jadi lebih produktif aktivitas jiwa tenang fokus sedang kerja,4,Positif
Sun Oct 11 13:38:53 +0000 2020,balik lebih internet pil dampak negatif sehat sehat mental utama generasi,-2,Negatif
Sun Oct 11 13:33:49 +0000 2020,ganggu stres lainlain generasi sangat sadar sebut kerja satu sama sebar penting sehat mental hidup lebih baik sehat mental sangat penting jalan hidup produktif butuh,0,Netral
Sun Oct 11 13:33:02 +0000 2020,kendali pikir diri sendiri baik sehat generasi sangat sadar sehat mental baik pengaruh hidup baik istilah kunci bahagia sehat mental banyak sekali faktorfaktor pengaruh sehat,-3,Negatif
Sun Oct 11 13:32:52 +0000 2020,generasi selalu perhati sehat mental diri sendiri orang manusia hidup makhluk sosial butuh orang saling lengkap sehat mental generasi baik depan,-2,Negatif
Sun Oct 11 13:32:21 +0000 2020,mental health gen bahaya ingat mental health kini ada dimanamana generasi muda mulai sangat peduli sehat mental mulai sadar penting sehat mental,0,Netral
Sun Oct 11 13:29:39 +0000 2020,sehat mental generasi memang sangat perlu jadi topic perhati banyak pihak tuju mental generasi tetap jaga jadi terus bangsa adhikara mabaub rajabrawijaya kitasatubrawijaya kreasinyatabrawijayans,-1,Negatif
Sun Oct 11 13:28:34 +0000 2020,perlu sadar kesahatan mental jadi buah butuh selalu perhati masyarakat kelompok paling rentan masalah sehat mental generasi,-4,Negatif
Sun Oct 11 13:25:45 +0000 2020,penting mental health generasi zaman sekarang mudah sekali anak muda generasi millennial kena masalah sehat mental awal bagai mulai keluarga teman relasi hubung lain,-7,Negatif
Sun Oct 11 13:25:38 +0000 2020,era serba canggih akrab generasi teknologi pengaruh aspek psikologis dapat kecerundungan generasi hindar dunia nyata lari diri hidup daringnya sayang internet buat kondisi sehat mental generasi lebih buruk,-4,Negatif
Sun Oct 11 13:19:57 +0000 2020,lalu apa penting jaga sehat mental utama generasi sebut penting ingat terus generasi milenial terus buat masa depan negara jadi lebih cerah inovasi daya kreatifitas,1,Positif
Sun Oct 11 13:19:52 +0000 2020,masalah sehat mental remaja generasi cukup tinggi generasi kenal labil masalah cinta sering jadi kalang remaja adhikara mabaub rajabrawijaya kitasatubrawijaya kreasinyatabrawijayans,-7,Negatif
Sun Oct 11 13:18:51 +0000 2020,sini bahas sedikit kena pengaruh maju teknologi sehat mental orang maju teknologi sangat pengaruh guna semua kalang teutama generasi,-2,Negatif
Sun Oct 11 13:17:31 +0000 2020,sehat mental generasi generasi orangorang lahir tahun generasi sebut igeneration generasi net generasi internet generasi mampu aplikasi semua giat satu waktu biasa sebut,-7,Negatif
Sun Oct 11 13:15:28 +0000 2020,teliti american psychological association apa tahun manusia usia tahun milik kondisi sehat mental buruk banding generasigenerasi lain banyak generasi punya gejala emosional maupun fisik kait stres,-1,Negatif
Sun Oct 11 13:10:36 +0000 2020,penting tingkat sehat mental generasi adhikara mabaub rajabrawijaya kitasatubrawijaya kreasinyatabrawijayans,0,Netral
Sun Oct 11 13:09:15 +0000 2020,tetap jaga mental health generasi apabila sehat mental orang ganggu alami ganggu suasana hati mampu pikir hingga bipolar adhikara mabaub rajabrawijaya kitasatubrawijaya kreasinyatabrawijayans,-2,Negatif
Sun Oct 11 13:05:28 +0000 2020,lingkung sehat sehat mental generasi a thread nama nazwa aulia kamila fakultas teknik cluster,-2,Negatif
Sun Oct 11 12:59:50 +0000 2020,sehat mentalterutama generasi rupa penting jadi perhati banyak pihak mental sehat terima diri apa ada mampu kembang ekspresi diri adaptasi,-1,Negatif
Sun Oct 11 12:59:48 +0000 2020,sehat mental who kondisi sejahtera sadar individu dapat mampu kelola stres wajar peran lingkung generasi arti orangorang lahir tahun tahun,0,Netral
Sun Oct 11 12:55:03 +0000 2020,lalu apa penting mental health mental health sangat penting semua orang khusus generasi karena jalan giat hari hari butuh sehat baik fisik maupun mental,-4,Negatif
Sun Oct 11 12:48:59 +0000 2020,makin mudah generasi dapat informasi bagai sumber dampak buruk sehat mental generasi,-3,Negatif
Sun Oct 11 12:48:21 +0000 2020,sehat mental sangat penting diri utama generasi tahu sekarang ganggu mental health derita orang dewasa anakanak remaja,-4,Negatif
Sun Oct 11 12:46:47 +0000 2020,lihat fakta tulis studi kata generasi anak muda zaman sekarang lebih sadar jaga sehat mental generasi milenial generasi sehat mental jadi aspek prioritas,-5,Negatif
Sun Oct 11 12:46:46 +0000 2020,sehat mental siksa persen generasi milenial pilih resign generasi a thread,-3,Negatif
Sun Oct 11 12:46:40 +0000 2020,sakit mental sering hantu gen mulai rasa takut waswas panik pikir halhal jadi trauma depresi bagai kondisi sehat mental generasi sangat perlu jadi perhati banyak pihak,-4,Negatif
Sun Oct 11 12:46:34 +0000 2020,faktor besar sebab buruk sehat mental generasi stres panjang media sosial jadi sangka utama,-2,Negatif
Sun Oct 11 12:45:40 +0000 2020,ganggu sehat mental generasi karena rasa takut waswas panik pikir halhal jadi trauma depresi bagai,-7,Negatif
Sun Oct 11 12:44:41 +0000 2020,sehat mental jadi masalah penting generasi generasi generasi definisi generasi lahir tahun hingga,-3,Negatif
Sun Oct 11 12:44:27 +0000 2020,riset teliti american psychological association apa generasi rupa generasi paling rentan kena masalah sehat mental,-5,Negatif
Sun Oct 11 12:39:58 +0000 2020,kembang dunia teknologi sehat zaman pengaruh sehat mental manusia walaupun generasi lihat lebih buka sehat mental lihat jumlah orang ikut terapi sehat mental,3,Positif
Sun Oct 11 12:39:30 +0000 2020,remaja generasi ada tingkat tinggi kaum mudah pengaruh sehat mental semua tunjuk milenial generasi tinggal kerja alas sehat mental,-2,Negatif
Sun Oct 11 12:34:29 +0000 2020,generasi mental health who sehat ada sejahtera fisik mental sosial lengkap bukan ada sakit lemah definisi ada sejahtera individu nali mampu,-1,Negatif
Sun Oct 11 12:33:41 +0000 2020,stres faktor besar sebab buruk sehat mental generasi kondisi pandemi sat biasa sekolah kerja dar tongkrong main teman laku pandemi,-3,Negatif
Sun Oct 11 12:30:45 +0000 2020,generasi sejak kecil kenal ada internet media sosial tingkat mungkin jadi ganggu mental banyak orang terlalu peduli sehat mental jauh lebih peduli sehat fisik padahal dua penting,-3,Negatif
Sun Oct 11 12:26:28 +0000 2020,darurat sehat mental anak muda usia tahun kelompok manusia kondisi sehat mental buruk banding generasigenerasi lain anak muda generasi arti taylor amp eter orangorang lahir,-5,Negatif
Sun Oct 11 12:23:54 +0000 2020,khusus generasi peristiwa upa leceh seksual stres berat jangka waktu cukup lama peristiwa terus terus jadi sehat mental orang ganggu muncul sakit mental,-5,Negatif
Sun Oct 11 12:17:19 +0000 2020,topik sehat mental mental health sedang hangat bincang memang laku semua kalang sangat erat kait generasi,0,Netral
Sun Oct 11 12:14:12 +0000 2020,kondisi sehat mental generasi sangat perlu jadi perhati banyak pihak kajiankajian ilmiah kena sebab kondisi psikologis bagai pihak perlu terus kembang sosialisasi kena penting sadar sehat mental,-2,Negatif
Sun Oct 11 12:11:07 +0000 2020,ubah hidup teknologi turut kontribusi sehat mental generasi salah satu guna media sosial,-1,Negatif
Sun Oct 11 12:08:17 +0000 2020,bahkan dasar teliti american physilogical association apa nyata generasi lebih dominan lapor milik sehat mental buruk,0,Netral
Sun Oct 11 11:56:46 +0000 2020,nah atas bagai masalah ganggu mental masa sekarang generasi lain cara jaga rawat sehat tubuh kelola stres tetap tuju hidup mulai gaul,-6,Negatif
Sun Oct 11 11:53:07 +0000 2020,sehat mental sangat penting utama generasi utama mahasiswa sedang tempuh didik bangku kuliah stres beban kuliah beban lain,-5,Negatif
Sun Oct 11 11:47:07 +0000 2020,kondisi sehat mental generasi sangat perlu jadi perhati banyak pihak orangorang wajib tahu penting mental health generasi lah lanjut negara,-3,Negatif
Sun Oct 11 11:47:06 +0000 2020,akhirakhir tak jarang lihat dengar berita lalu media sosial sakit mental banyak serang generasi sehat mental sangat penting banyak orang sepele,0,Netral
Sun Oct 11 11:44:58 +0000 2020,mental health a thread penting sehat mental generasi masa sekarang datang,-2,Negatif
Sun Oct 11 11:44:24 +0000 2020,rupa kondisi psikologis sehat mental anakanak muda baik anggap banyak orang generasi indonesia rentan masalah sakit mental utama hidup kota kota besar,-6,Negatif
Sun Oct 11 11:44:22 +0000 2020,generasi nyata manfaat dunia virtual tempat lari hidup nyata sayang internet buat kondisi sehat mental generasi jadi lebih buruk terkadang ganggu sehat mental ironi milik rentang waktu sempit,-2,Negatif
Sun Oct 11 11:43:26 +0000 2020,sehat mental buruk banding generasigenerasi lain tingkat angka bunuh diri kasus keras leceh seksual hingga panas global ubah iklim beberapa faktor picu stres generasi,-7,Negatif
Sun Oct 11 11:43:15 +0000 2020,beri sedikit informasi sehat mental generasi mentalhealth,-2,Negatif
Sun Oct 11 11:39:49 +0000 2020,rak sulthan ali fakultas mipa jurus statistika cluster penting sehat mental generasi mentalhealth loveyourself adhikara mabaub rajabrawijaya kitasatubrawijaya kreasinyatabrawijayans,-1,Negatif
Sun Oct 11 11:39:16 +0000 2020,mejaga sehat mental generasi perlu ajar sadar kenari diri sendiri allif nurfaizzatul uulavokasidesain interiorcluster loveyourself adhikara mabaub rajabrawijaya kitasatubrawijaya kreasinyatabrawijayans,-2,Negatif
Sun Oct 11 11:38:49 +0000 2020,mental health sehat mental rupa penting generasi teknologi makin canggih cipta terobos baru media sosial mana orang saling koneksi batas ruang waktu ada media sosial cipta realitas baru,0,Netral
Sun Oct 11 11:38:40 +0000 2020,generasi rupa generasi terus bangsa mana sadar diri penting sehat mental tak selalu kerja tugas baik mungkin,-3,Negatif
Sun Oct 11 11:38:37 +0000 2020,ada ajar online tentu buat ajar maupun mahasiswa makin sulit bagi punya smartphone tugastugas guru dosen ikan tentu dampak sehat mental generasi,1,Positif
Sun Oct 11 11:36:02 +0000 2020,penting mental health generasi sehat mental ganggu timbul ganggu mental ganggu mental ubah cara orang tangan stres hubung orang buat pilih picu hasrat sakit diri sendiri,-8,Negatif
Sun Oct 11 11:35:05 +0000 2020,generasi manfaat dunia virtual tempat lari hidup nyata sayang internet buat kondisi sehat mental generasi jadi lebih buruk,-2,Negatif
Sun Oct 11 11:34:15 +0000 2020,sekarang banyak generasi mengakumemiliki mentall illness yuk paham soal mental illness sama phylia jangan pernah self diagnosis sangat bahaya lo pergi ahli dapat diagnosis soal sehat mental,-3,Negatif
Sun Oct 11 11:33:46 +0000 2020,pentingya sehat mental generasi indonesia mentalhealth adhikara mabaub rajabrawijaya kitasatubrawijaya kreasinyatabrawijayans,-1,Negatif
Sun Oct 11 11:29:53 +0000 2020,generasi rupa generasi terus bangsa depan cipta halhal kreatif sehat gisik mental jadi tetap alu peduli pasa sehat mental kitaaaa,1,Positif
Sun Oct 11 11:29:52 +0000 2020,dasar teliti sebut oleh hasil persen generasi punya gejalagejala emosional maupun fisik kait stres depresi ganggu cemas stres faktor besar sebab buruk sehat mental generasi,-5,Negatif
Sun Oct 11 11:28:58 +0000 2020,sehat mental generasi a thread adhikara mabaub rajabrawijaya kitasatubrawijaya kreasinyatabrawijayans,-1,Negatif
Sun Oct 11 11:27:24 +0000 2020,jadi generasi sekarang sedang masa pandemik jaga sehat mental laku kamu suka hariharimu jadi lebih produktif terima kasih mentalhealth kitasatubrawijaya,2,Positif
Sun Oct 11 11:25:17 +0000 2020,tentu hambat ganggu kembang pikir utama generasi lama kalian hidup alami masalah sehat mental pikir suasana hati perilaku pengaruh,-4,Negatif
Sun Oct 11 11:25:16 +0000 2020,sehat mental masa pandemi sekarang sangat penting semua orang utama generasi per sehat mental cakup sejahtera emosional psikologis sosial pengaruh cara pikir rasa tindak,-3,Negatif
Sun Oct 11 11:25:00 +0000 2020,kesehataan mental sangat penting generasi kareana generasi lah ganti pimpin sehat mental sangat pengaruh pola pikir berindak giat sehariharinya,-1,Negatif
Sun Oct 11 11:24:59 +0000 2020,sehat mental sangat penting bukan generasi semua pihak solusi masalah atas cara menyamaratakan didik indonesia sehat mental sebab buruk sistem didik jadi,-7,Negatif
Sun Oct 11 11:24:59 +0000 2020,dampak sehat mental pemuda khusus generasi generasi harap mampu jadi masa depan jadi korban sehat mental buruk ajar jarak jauh indonesia sekian banyak seba sehat mental,-6,Negatif
Sun Oct 11 11:24:58 +0000 2020,mental health umum arti sehat mental generasi memang bekal tahu guna gadget dukung strategi perintah ajar jarak jauh,3,Positif
Sun Oct 11 11:22:16 +0000 2020,nah ganggu sehat mental generasi tau solusi laku solusi laku tanam generasi tempat kembang teknologi baik baik saling buka sosial,-1,Negatif
Sun Oct 11 11:20:27 +0000 2020,nah tadi thread kena sehat mental generasi apriandi sirait fakultas hukum ilmu hukum cluster,-1,Negatif
Sun Oct 11 11:19:47 +0000 2020,sehat mental mental health diri generasi jadi generasi punya pribadi beda apa generasi lahir zaman serba ada teknologi segala aktivitas maupun hidup serba instan,-4,Negatif
Sun Oct 11 11:14:09 +0000 2020,banyak langkahlangkah cegah maupun langkahlangkah obat cara olahraga rekreasi generasi patut jaga sehat mental,-2,Negatif
Sun Oct 11 11:14:09 +0000 2020,punya sehat mental rupa suatu sangat penting masa sekarang utama generasi milik mental sehat dapat banyak manfaat contoh manfaat sebut ialah fokus konsentrasi tetap jaga,5,Positif
Sun Oct 11 11:09:13 +0000 2020,urai atas simpul penting sehat mental generasi masa pandemi sekarang sangat pengaruh pola pikir jiwa generasi sekarang utama sehat mental lalu apa generasi,-3,Negatif
Sun Oct 11 11:09:10 +0000 2020,bahas kali bahas sehat mental masa sekarang utama generasi erti sehat ahli who sehat kondisi normal orang rupa hak hidup bagaimana sehat mental,3,Positif
Sun Oct 11 11:07:45 +0000 2020,generasi rupa generasi rentan ganggu mentalmenurut penelitianamerican psychological associationapa tahun judul stres america generation generasi lah milik kondisi sehat mental buruk banding generasi,-5,Negatif
Sun Oct 11 11:06:27 +0000 2020,bagai pihak perlu kembang sosialisasi kena penting sadar sehat mental bantu atas masalah yautu salah satu generasi ikut komunitas dukung temu teman bagi masalah,-4,Negatif
Sun Oct 11 11:05:45 +0000 2020,penting mental health generasi senyum hati menang contoh respon orang guyur masalah hidup studi organisasi sehat dunia who keluar fakta kejut tulis detik,-1,Negatif
Sun Oct 11 11:04:56 +0000 2020,kondisi sehat mental generasi perlu jadi perhati banyak pihak generasi rupa generasi lebih rentan kena ganggu mental generasi milik kait erat teknologi pengaruh aspek psikologis,-4,Negatif
Sun Oct 11 11:04:55 +0000 2020,isu sehat mental kalang generasi memang terus suara suara aksi jadi riuh ganggu,-2,Negatif
Sun Oct 11 11:03:09 +0000 2020,generasi pimpin bangsa depan sehat mental generasi jadi fokus sama perintah tenaga sehat pihakpihak kait lain salah satu cara edukasi lalu media digital media identik generasi,-1,Negatif
Sun Oct 11 11:03:09 +0000 2020,urai atas simpul ada mental khusunya generasi cukup memprihatinkanoleh harap khusus generasi lebih perhati sehat mental mentalhealthawareness mentalhealthmatters staypositive,-2,Negatif
Sun Oct 11 11:02:06 +0000 2020,source artikel sebut lihat dampak sehat mental generasi pengaruh media social maksud korban guna medsos dapat korbanbullyingatau macam,-2,Negatif
Sun Oct 11 11:01:20 +0000 2020,generasi mungkin generasi orang tua tidak terlalu paham apa mental health pesat globalisasi era modern jadi semakij tahu melek sehat mental dulu psikis orang anggap remeh beda,-7,Negatif
Sun Oct 11 11:00:38 +0000 2020,tingkat stres tinggi bareng mudah akses informasiself harm besar mungkin anakanak muda generasi punya kondisi sehat mental buruk tekan hidup maupun tekan isuisu kembang sekitar,-1,Negatif
Sun Oct 11 11:00:03 +0000 2020,indonesia dapat juta orang derita depresi populasi juta orang sini bahas betapa penting sehat mental utama generasi milenial generasi,0,Netral
Sun Oct 11 10:59:34 +0000 2020,teliti sebut stres faktor besar sebab buruk sehat mental generasi stres sendiri picu ole beberapa aktivitas politik keras leceh seksual ubah iklim masalah negara global,-9,Negatif
Sun Oct 11 10:58:57 +0000 2020,anak muda alias generasi lebih rentan kena sehat mental lebih masa muda rupa waktu banyak ubah sesuai jadi baik psikologis emosional finansial maupun tekhnologi,-2,Negatif
Sun Oct 11 10:58:43 +0000 2020,kali lebih fokus generasi negara maju indonesia problematika sehat mental catat baik berapa banyak populasi alami ganggu sehat mental estimasi akurat generasi generasi rentang,-4,Negatif
Sun Oct 11 10:57:55 +0000 2020,teliti american psychological association apa tahun judul stres america generation catat kelompok manusia usia tahun kelompok kondisi sehat mental buruk banding generasigenerasi lain,-4,Negatif
Sun Oct 11 10:56:18 +0000 2020,generasi anak muda usia tahun kelompok manusia kondisi sehat mental buruk banding generasigenerasi lainnyawho sebut anak muda alias generasi lebih rentan kena ganggu mental,-9,Negatif
Sun Oct 11 10:55:39 +0000 2020,halo guys nama lily andrea desy safitri fakultas teknologi tani program studi teknik bioproses cluster a thread kondisi sehat mental generasi mentalhealth adhikara mabaub rajabrawijaya kitasatubrawijaya kreasinyatabrawijayans,1,Positif
Sun Oct 11 10:55:31 +0000 2020,mental health sehat mental rupa sangat penting milik manusia utama generasi agent of change bawa atur maju hidup masa datang,1,Positif
Sun Oct 11 10:55:30 +0000 2020,mental health a thread penting sehat mental generasi masa pandemi sekarang,-2,Negatif
Sun Oct 11 10:54:44 +0000 2020,generasi jaga sehat mental laku halhal positif pencegahanpencegahan ganggu mental lain jelas atas terus prestasi manfaat masyarakarat lingungan bangsa negara,-2,Negatif
Sun Oct 11 10:54:41 +0000 2020,assalamualaikum wr wb halo semua aulia annisa fakultas mipa universitas brawijaya prodi statistika cluster era banyak sekali generasi alami masalah sehat mental,-3,Negatif
Sun Oct 11 10:53:22 +0000 2020,sekian banyak karakter umum lekat generasi ikut beberapa karakter potensi pengaruh sehat mental simak ulas ikut kurang tahan fokus proteksi diri kuat,-4,Negatif
Sun Oct 11 10:52:42 +0000 2020,sehat mental orang pengaruh jadi masa lalu cukup bekas memori orang sebut dampak sifat pribadi orang sehat mental generasi sangat penting sosial media sangat kembang cepa,0,Netral
Sun Oct 11 10:51:15 +0000 2020,teliti american psychological association apa tahun judul stres america generation anak muda usia tahun kelompok manusia kondisi sehat mental buruk banding generasigenerasi lain mentalhealth,-5,Negatif
Sun Oct 11 10:49:39 +0000 2020,penelitianamerican psychological associationapa tahun judul stres america generation anak muda usia tahun kelompok manusia kondisi sehat mental buruk banding generasigenerasi lain,-4,Negatif
Sun Oct 11 10:48:53 +0000 2020,bahkan era sekarang sangat banyak kasukkasuk masalah sehat mental dengar mulai stres depresi hingga timbul bunuh diri bagai tahu sama generasi generasi kata sangat akrab,-5,Negatif
Sun Oct 11 10:45:11 +0000 2020,sehat mental perlu yuk generasi jaga sehat kalian smester akhir kuat mental sibuksibuknya magang buat lapor buat rpp modul ajar soal utspts mental jaga betul stres alam share yuk,3,Positif
Sun Oct 11 10:43:00 +0000 2020,penting sehat mental gaung olehwhomelalui definisi sehat nyata sehat ada fisik mental sosial lengkap bukan tiada sakit lemah sehat mental sangat penting generasi,-2,Negatif
Sun Oct 11 10:42:52 +0000 2020,ayo bagi generasi sendiri jaga sehat mental sebaikbaiknya laku langkahlangkah sebut tadi atas,-2,Negatif
Sun Oct 11 10:42:47 +0000 2020,tidur atur cari bantu pihak profesial muncul gejalagejala sesuai jelas kena penting mental health masa sekarang utama generasi tetap jaga sehat pikir positif optimis patuh protokol sehat,0,Netral
Sun Oct 11 10:42:47 +0000 2020,konsumsi makan gizi kualitas makan pilih makan sangat pengaruh sehat mental akses rendah makan sehat banyak orang dewasa muda utama generasi hadap gejala sehat mental,-1,Negatif
Sun Oct 11 10:42:43 +0000 2020,filter banyak informasiinformasi negatif muncul dampak buruk sehat mental generasi,-3,Negatif
Sun Oct 11 10:42:42 +0000 2020,zaman sekarang utama generasi mental health sehat mental sangat penting karena era globalisasi sangat mudah informasiinformasi tebar satu sentuh jari,-3,Negatif
Sun Oct 11 10:40:58 +0000 2020,sehat mental generasi a thread nama abdul hafizh fakultas program didik vokasi jurus akuntansi terap cluster,-1,Negatif
Sun Oct 11 10:40:23 +0000 2020,sehat mental generasi sangat lah penting kondisi mental generasi sangat lah burukpenyebab kondisi mental buruk sebab beberapa faktor,-4,Negatif
Sun Oct 11 10:40:23 +0000 2020,sehat mental generasi a thread loveyourself adhikara mabaub rajabrawijaya kitasatubrawijaya kreasinyatabrawijayans,-1,Negatif
Sun Oct 11 10:39:30 +0000 2020,sehat sejahtera mental generasi pengaruh bagai faktor genetika hubung keluargateman kerabat fungsi fisiologis gaya hidup kerja faktor sosial ekonomi budaya politik didik faktor lingkung lain,-4,Negatif
Sun Oct 11 10:38:28 +0000 2020,atas ganggu sehat ganggu mental generasi evelyn divya pramesti budiharto fp ub cluster loveyourself adhikara mabaub rajabrawijaya kitasatubrawijaya kreasinyatabrawijayans,-4,Negatif
Sun Oct 11 10:37:31 +0000 2020,sehat mental sangat penting harga generasi sosial media bijak cinta diri sendiri salah satu langkah paling tepat terap jaga kualitas generasi cegah lebih baik obat,-1,Negatif
Sun Oct 11 10:37:28 +0000 2020,mental health generasi apa nama selvia yulianti fakultas program didik vokasi bidang minat public relation cluster sehat mental sangat penting generasi generasi sangat rentang mudah alami mental health apa hubung,-5,Negatif
Sun Oct 11 10:36:46 +0000 2020,generasi generasi sehat mental paling buruk generasigenerasi lain generasi milenial gen kali banding lurus kembang teknologi sangat pesat,-3,Negatif
Sun Oct 11 10:36:09 +0000 2020,masalah sehat mentaladalah rangkai kondisi dampak sehat mentaldalam kondisi ini ganggu suasana hati perilaku pikir cara orang interaksi orang terutatama generasi emosi kontrol,-3,Negatif
Sun Oct 11 10:36:04 +0000 2020,gen milik sehat mental buruk semua generasi siap pernah alami krisis covid jelas buat sehat mental gen makin puruk,-1,Negatif
Sun Oct 11 10:34:11 +0000 2020,ibu bawah tahun generasi rupa sahabat teknologi baik milik paham kena sehat mental manfaat waktu luang manfaat manfaat rusak mental,3,Positif
Sun Oct 11 10:34:10 +0000 2020,muda teliti american psychological association tahun judul stres america generation anak muda usia tahun kelompok manusia kondisi sehat mental buruk banding generasigenerasi lain,-5,Negatif
Sun Oct 11 10:32:42 +0000 2020,langsung karier generasi apabila generasi mampu bijak berteknogi saing mampu olah emosi cara berfikirnya banyak mungkin alami mental illness e cegah sehat mental bijak teknologi,-3,Negatif
Sun Oct 11 10:32:41 +0000 2020,generasi generasi mudah sentuh teknologi teknologi sebut dampak negatif banyak bullying jadi hacker hingga teror lalu media sosial maupun media elektronik sehat mental sangat penting pengaruh,-2,Negatif
Sun Oct 11 10:32:41 +0000 2020,keras rumah tangga leceh lain alami diskriminasi stigma stres berat alami waktu lama isolasi sosial rasa sepi jahat pernah alami penting sehat mental generasi,-9,Negatif
Sun Oct 11 10:32:21 +0000 2020,masalah jadi seluruh dunia sebar cepat dunia asa makin penuh masalah bicara generasi sehat mental sih terkadang idak cari bantu,-2,Negatif
Sun Oct 11 10:32:12 +0000 2020,sisi generasi sikap aktif cari informasi sehat mental lebih paham kondisi sehat sendiri ikut komunitas gerak bidang sehat temu teman bagai masalah,-2,Negatif
Sun Oct 11 10:31:24 +0000 2020,generasi paham erti sehat mental laku cegah sayang diri paham kurang mu jangan dengar kata orang hambat loveyourself adhikara mabaub kitasatubrawijaya kreasinyatabrawijayans,-5,Negatif
Sun Oct 11 10:30:27 +0000 2020,survey laku who persen anakanak remaja usia tahun dunia alami ganggu masalah mental generasi rentan serang ganggu mental sangat penting generasi peduli sehat mental,-8,Negatif
Sun Oct 11 10:28:34 +0000 2020,tepat hari sehat mental dunia generasi sangat familiar kata bullying salah satu sebab rusak sehat mental dulu habis,-2,Negatif
Sun Oct 11 10:26:34 +0000 2020,generasi wajib tahu sehat mental apa sehat mental apa dampak sehat mental bagaimana cara atas masalah sehat mental sendiri,-8,Negatif
Sun Oct 11 10:24:44 +0000 2020,misal upaya lulus sekolah kuliah atau cari kerja ubah hidup teknologi turut kontribusi sehat mental generasi tak jarang remaja aku kewalahan depresi bahkan bahagia stres,-4,Negatif
Sun Oct 11 10:24:27 +0000 2020,banyak kurang paham sadar sehat mental utama generasi who depresi salah satu sakit mental paling banyak derita hampir ribu orang lapor tinggal bunuh diri,-7,Negatif
Sun Oct 11 10:24:13 +0000 2020,generasi harap jaga sehat baik fisik maupun mental jalan kerja rumah ajar rumah salah satu cegah sebar covid rasa mental mulai goyah cemas sepi terlalu parah,-4,Negatif
Sun Oct 11 10:24:08 +0000 2020,beberapa picu jadi stres generasi tingkat angka bunuh diri kasus keras halhal ganggu sehat mental generasi,-5,Negatif
Sun Oct 11 10:24:07 +0000 2020,halhal penting jaga sehat mental generasi tengah pandemi covid nama jocelyn gracia fakultas ilmu administrasi jurus ilmu administrasi bisnis cluster,2,Positif
Sun Oct 11 10:23:27 +0000 2020,who sebut anak muda alias generasi milenial generazi lebih rentan kena ganggu sehat mentalbahkan lebih masa muda ialah rupa waktu mana banyak ubah sesuai jadi baik psikologis emosional maupun finansial,-3,Negatif
Sun Oct 11 10:23:20 +0000 2020,sehat mental alami rentan masa emosional stabil generasi sehat mental jadi pusat perhati penting perhati,-1,Negatif
Sun Oct 11 10:23:15 +0000 2020,internal faktor eksternal pengaruh sehat mental generasi cyberbullying makin kembang teknologi sebab ada aplikasi fungsi sampai pesan sindir anonymous tahu,-2,Negatif
Sun Oct 11 10:23:12 +0000 2020,sehat mental pengaruh faktor internal eksternal faktor internal faktor asal diri sendiri pikir negatif remaja generasi sangat akrab maju teknologi internet,-6,Negatif
Sun Oct 11 10:23:11 +0000 2020,generasi kenal multitasking kata generasi kerja banyak satu waktu langsung internet teknologi kuasa sejak kecil pengaruh sehat mental,-1,Negatif
Sun Oct 11 10:22:39 +0000 2020,sehat fisik teliti american psychological association apa tahun judul stres america generation anak muda usia tahun kelompok manusia kondisi sehat mental buruk banding generasi lain,-6,Negatif
Sun Oct 11 10:21:59 +0000 2020,paham seluk beluk kait sehat mental sangat penting masyarakat indonesia khusus generasi tahu apa sebab ganggu sehat mental bagaimana cara atas,-3,Negatif
Sun Oct 11 10:21:55 +0000 2020,mental health pandemi covid serang indonesia sejak maret hingga buat segala aktivitas kait kontak orang banyak batas batas buat sehat mental generasi,-2,Negatif
Sun Oct 11 10:21:48 +0000 2020,sehat mental sangat penting generasi survive masa depan lebih baik solusi generasi alami ganggu sehat mental cara cegah obat,-3,Negatif
Sun Oct 11 10:21:47 +0000 2020,anak muda kata milineal masuk kategori generasi sesuai anggap jelas mana anak muda sering bersenangsenang anak muda generasi milik sehat mental paling buruk generasi lain,-10,Negatif
Sun Oct 11 10:20:26 +0000 2020,beban pikir diri kemudian guna internet bijak ambil positif buang negatif kurang ganggu sehat mental generasi remaja,-6,Negatif
Sun Oct 11 10:19:34 +0000 2020,zaman sekarang banyak pengaruh sehat mental utama kalang generasi hsrus kontrol diri jaga kondisi fisik mental manage waktu,-2,Negatif
Sun Oct 11 10:19:25 +0000 2020,nama muhammad tegar handrianto fakultas ikan ilmu laut jurus manajemen sumberdaya air cluster religiusitas punya peran penting wujud sehat mental orang utama generasi generasi harap milik sadar,1,Positif
Sun Oct 11 10:18:27 +0000 2020,tinggal ruu hip ruu bpip melly goeslow generasi banyak protes jokowi perintah aparat sehat mental jokowidiktatorfasis jokowipolpotindonesia gakpercayarezimlagi jangandzolimirakyat hentikanpenindasanrakyat sundaythoughts,-3,Negatif
Sun Oct 11 10:18:02 +0000 2020,stres alami banyak orang generasi sebab beberapa masalah psikis maupun fisikgenerasi sangat rentan mudah alami buah trauma salah satu contoh kasus sering jadi buat sehat mental turun,-5,Negatif
Sun Oct 11 10:17:57 +0000 2020,penting sehat mental generasi,-1,Negatif
Sun Oct 11 10:17:25 +0000 2020,teliti oleh hasil banyak persen generasi punya gejalagejala emosional maupun fisik kait stres depresi ganggu cemas stres faktor besar sebab buruk sehat mental generasi,-5,Negatif
Sun Oct 11 10:16:59 +0000 2020,marcel manarsar tohatu fakultas ekonomi an bisnis universitas brawijaya jurus manaemen cluster generation anak muda usia tahun kelompok manusia kondisi sehat mental buruk banding generasigenerasi lain,-3,Negatif
Sun Oct 11 10:16:29 +0000 2020,bicara kena sehat mental sakit mental sering hantu generasi depresi waswas rasa takut lebih sebut ujung ingin luka diri sendiri hingga bunuh diri,-10,Negatif
Sun Oct 11 10:15:34 +0000 2020,salah satu langkah tempuh tingkat sadar sehat mental penting sosialisasi khusus generasi lebih paham bagaimana cinta sehat mental,1,Positif
Sun Oct 11 10:14:49 +0000 2020,sehat mental sangat butuh generasi hadap kondisi pandemi akibat pandemi banyak sekali giat batal adhikara mabaub rajabrawijaya kreasinyatabrawijayans,-6,Negatif
Sun Oct 11 10:14:19 +0000 2020,sehat mental generasi a thread nama maulana hai shar prodi agroekoteknologi fakultas tani cluster raja brawijaya loveyourself adhikara mabaub rajabrawijaya kitasatubrawijaya kreasinyatabrawijayans,0,Netral
Sun Oct 11 10:14:18 +0000 2020,sehat mental generasi a thread,-1,Negatif
Sun Oct 11 10:13:48 +0000 2020,kondisi khusus generasi tumbuh masa kembang teknologi pesat banyak sekali masalah timbul masalah banyak pengaruh sehat mental generasi,-5,Negatif
Sun Oct 11 10:13:03 +0000 2020,sehat mental generasi tentu gaul lingkung baik teman keluarga friends circlenya tipetipe high imbang down gampang minder kurang percaya diri,-4,Negatif
Sun Oct 11 10:12:41 +0000 2020,sus rossell buah teliti inisiasi swinburne university australia apriljuni sehat mental anak muda generasi usia tahun kondisi sangat khawatir lama pandemi covid,-5,Negatif
Sun Oct 11 10:12:20 +0000 2020,sempat kali bahas penting sadar sehat mental generasi,0,Netral
Sun Oct 11 10:12:20 +0000 2020,penting sehat mental generasi nama agista lutfi nurfadila prodi terna fakultas terna cluster a thread adhikara mabaub rajabrawijaya kitasatubrawijaya kreasinyatabrawijayans loveyourself mentalhealth,-1,Negatif
Sun Oct 11 10:12:19 +0000 2020,bagi generasi patut kucil membully bahkan menjahui derita sehat mental,-1,Negatif
Sun Oct 11 10:12:16 +0000 2020,buah riset temu beberapa fakta antara generasi rupa generasi paling banyak idap ganggu sehat mental utama kait pembullyan media sosial,-1,Negatif
Sun Oct 11 10:12:13 +0000 2020,stres faktor besar sebab buruk sehat mental generasi stres alami banyak orang generasi sebab beberapa tingkat angka bunuh diri tingkat lapor kasus keras lainlain,-6,Negatif
Sun Oct 11 10:11:48 +0000 2020,mental health penting enggak sih sehat mental baik kondisi batin ada ada tenteram tenang mungkin generasi nikmat hidup seharihari harga orang a thread,0,Netral
Sun Oct 11 10:10:54 +0000 2020,penting jaga sehat mental generasi mental health nama agustin dwi pradana jurus ilmu administrasi prodi administrasi bisnis cluster adhikara mabaub rajabrawijaya kitasatubrawijaya kreasinyatabrawijayans,1,Positif
Sun Oct 11 10:10:46 +0000 2020,pemaparanpemaparan sebut tunjuk generasi tak dekat teknologi dekat kondisi sehat mental buruk bagai mudah akses informasi teknologi hingga caracara komunikasi justru punya efek samping rugi,-1,Negatif
Sun Oct 11 10:10:46 +0000 2020,hai sobat twitter benar kemarin tggl okt ingat hari sehat mental dunia loh nah kali aku bahas berapa penting sih mental health generasi kalian tau enggak sih apa generasi yuk bahas samasama,0,Netral
Sun Oct 11 10:10:41 +0000 2020,jaga sehat mental sangat penting laku generasi ingat rentang usia usia alih remaja dewasa sedang rentanrentannya stres salah gaul susah temu problem solving,-5,Negatif
Sun Oct 11 10:10:33 +0000 2020,kondisi sehat mental generasi perhati banyak pihak kaji ilmiah kena sebab kondisi psikologis bagai pihak perlu terus kembang sosialisasi kena penting sadar sehat mental,-2,Negatif
Sun Oct 11 10:10:13 +0000 2020,teknologi rupa faktor langsung sehat mental generasi teknologi media sosial beri asa hubung bahkan benarbenar hubung,1,Positif
Sun Oct 11 10:09:55 +0000 2020,sehat mental sangat penting generasi salah satu cara jaga sehat mental selfcare,-2,Negatif
Sun Oct 11 10:09:39 +0000 2020,tingkat stres tinggi bareng mudah akses informasi self harm besar mungkin anakanak muda generasi punya kondisi sehat mental buruk tekan hidup maupun tekan isuisu kembang sekitar,-1,Negatif
Sun Oct 11 10:09:30 +0000 2020,sehat mental sangat penting siapa nah kali banyak kena ganggu sehat mental generasi masuk remaja remaja sekarang banyak kena ganggu sehat mental karena canggih teknologi zaman sekarang,-9,Negatif
Sun Oct 11 10:08:47 +0000 2020,khusus tengah masa pandemi survei banyak generasi rasa dampak pandemi sehat mental generasi lebih tua anggap lebih tangguh segi finansial atau pola pikir lebih dewasa,-2,Negatif
Sun Oct 11 10:08:42 +0000 2020,generasi hidup zaman canggih maju teknologi harap generasi selamat sehat mental orang lalu aksi peduli ada sosialisasi ganggu mental nali cara atas,-1,Negatif
Sun Oct 11 10:08:04 +0000 2020,makin cepat kembang zaman buat generasi anak lahir tahun tahun milik tingkat masalah sehat mental tinggi bahkan lebih tinggi generasigenerasi belum,4,Positif
Sun Oct 11 10:07:57 +0000 2020,sehat mental baik kondisi batin ada ada tentram tenang orang sehat mental ganggu alami ganggu suasana hati cara pikir ganggu mental banyak jadi generasi,-4,Negatif
Sun Oct 11 10:07:56 +0000 2020,dampak teknologi digital sehat mental generasi jesica tio mahendra fakultas hukum prodi ilmu hukum cluster loveyourself mentalhealth adhikara mabaub rajabrawijaya kitasatubrawijaya kreasinyatabrawijayans,-1,Negatif
Sun Oct 11 10:07:54 +0000 2020,lalu apa laku generasi hindar masalah sehat mental potensi jadi masa pandemic inimenurut pertama perlu laku cari solusi atas sulit komunikasi orangorang dekat,-1,Negatif
Sun Oct 11 10:07:53 +0000 2020,ada anjur tetap tinggal rumah physical distancing sulit laku picu masalah sehat mental diri generasi,-2,Negatif
Sun Oct 11 10:07:24 +0000 2020,penting mental health generasi banyak generasi seringkali rasa depresi seringkali cerita apa rasa orang justru anggap terlalu lebih kurang sadar masyarakat sehat,-7,Negatif
Sun Oct 11 10:06:56 +0000 2020,generasi krisis mental health maju teknologi buat mudah rapuh hadap masalah laku jaga sehat mental loveyourself adhikara mabaub rajabrawijaya kitasatubrawijaya kreasinyatabrawijayans,-2,Negatif
Sun Oct 11 10:06:31 +0000 2020,edar sekitar banyak media sosial sangat baik generasi sebab gantung baik mental sehat tubuh,-1,Negatif
Sun Oct 11 10:06:17 +0000 2020,generasi generasi generasi milenial lahir tahun tumbuh teknologi kembang pesat internet media sosialnamun generasi lapor rentan alami ganggu mental sehat mental buruk,-5,Negatif
Sun Oct 11 10:06:12 +0000 2020,generasi punya gejalagejala emosional maupun fisik kait stres depresi ganggu cemas stres faktor besar sebab buruk sehat mental generasi generasi rasa stres akibat informasiinformasi tak bendung,-11,Negatif
Sun Oct 11 10:05:53 +0000 2020,nama tiara sakinah fakultas ilmu budaya jurus bas cluster thread mental health generasi gejala sehat mental ganggu mental sakit mental loveyourself adhikara mabaub rajabrawijaya kitasatubrawijaya kreasinyatabrawijayans,-1,Negatif
Sun Oct 11 10:05:03 +0000 2020,mental health bukan topik pemicaraan asing kalang muda utama kalang generasi nyata banyak orang sadar alami masalah sehat menta utama kalang remaja,-6,Negatif
Sun Oct 11 10:04:44 +0000 2020,halo kenal nama aku nadya sastyaviani kusuma fakultas hukum ilmu hukum universitas brawijaya cluster sini aku jelas kilas betapa penting sehat mental generasi umur aku generasi,2,Positif
Sun Oct 11 10:04:00 +0000 2020,lahir kembang era teknologi digital jadi generasi candu teknologi cenderung antisosial masalah sehat mental rangkai kondisi dampak sehat mental,-3,Negatif
Sun Oct 11 10:03:42 +0000 2020,sehat mental generasi era pandemi lama pandemi aktivitas seharihari laku rumah sesuai diri kondisi sebut ada pengaruh ada fisik pengaruh sehat mental,-3,Negatif
Sun Oct 11 10:02:57 +0000 2020,penting sehat mental generasi,-1,Negatif
Sun Oct 11 10:02:28 +0000 2020,apa dampak dunia maya sehat mental generasi,-3,Negatif
Sun Oct 11 10:02:27 +0000 2020,justru lebih pilih buka kamera handphone baru salah satu contoh jadi kalang generasi banyak buruk sehat mental,-3,Negatif
Sun Oct 11 10:02:26 +0000 2020,anggota generasi kelompok orang lahir tengah an hingga awal an generasi mungkin milik sehat mental buruk jadi pengaruh buruk lingkung maupun dunia maya,-4,Negatif
Sun Oct 11 10:02:25 +0000 2020,pengaruh cara atas dampak dunia maya sehat mental generasi,-3,Negatif
Sun Oct 11 10:02:22 +0000 2020,bahas mngenai penting jaga sehat mental generasi penting paham apa sehat mental sehat mental rupa sangat penting manusia sama hal sehat fisik umum,3,Positif
Sun Oct 11 10:02:21 +0000 2020,safira adelia putri fak ilmu administrasi jurus ilmu administrasi publik cluster penting jaga sehat mental mental health generasi adhikara mabaub rajabrawijaya kitasatubrawijaya kreasinyatabrawijayans,1,Positif
Sun Oct 11 10:01:54 +0000 2020,generasi paham betul kait sebut sangkut sehat mental orang cara laku coba laku tindak preventif sosialisasi suluh tiaptiap sekolah tempat umum,2,Positif
Sun Oct 11 10:01:44 +0000 2020,sehat biasa fokus sehat fisik padahal sehat mental kalah penting generasi masa pandemi,-3,Negatif
Sun Oct 11 10:01:30 +0000 2020,stres faktor besar sebab buruk sehat mental generasi stres alami banyak orang generasi sebab beberapa tingkat angka bunuh diri tingkat lapor kasus keras leceh seksual hingga panas global,-7,Negatif
Sun Oct 11 10:01:28 +0000 2020,anak muda usia tahun kelompok manusia kondisi sehat mental buruk banding generasigenerasi lain generasi arti taylor amp eter orangorang lahir tahun tahun,-3,Negatif
Sun Oct 11 10:01:24 +0000 2020,nama putri ilma amelia fakultas terna psdku jurus terna cluster penting mental health masa sekarang utama generasi penting sehat mental gaung who lalu definisi sehat nyata sehat ada,0,Netral
Sun Oct 11 10:01:13 +0000 2020,masa pandemi generasi alami turun sehat mental siasat sebut laku bagai positif tingkat sehat mental generasi,-2,Negatif
Sun Oct 11 10:01:13 +0000 2020,sehat mental sangat penting generasi survive masa depan lebih baik solusi generi alami ganggu sehat mental sini solusi cegah obat,-1,Negatif
Sun Oct 11 10:01:09 +0000 2020,nama syafial refasianggih fakultas terna jurus terna cluster thread mental health generasi gejala sehat mental ganggu mental sakit mental loveyourself adhikara mabaub rajabrawijaya kitasatubrawijaya kreasinyatabrawijayans,-3,Negatif
Sun Oct 11 10:00:51 +0000 2020,generasi dominasi remaja benarbenar hadap banyak masalah salah satu masalah sehat mental banyak generasi stres karena banyak banyak stres tugas biberikan,-9,Negatif
Sun Oct 11 10:00:45 +0000 2020,banyak kasus bagai dunia masuk indonesia kena ganggu sehat mental sehat mental sangat butuh ditananmkan manusia khusus generasi kecil biasa alami generasi ialah steres,-7,Negatif
Sun Oct 11 09:59:44 +0000 2020,generasi semua perlu tahu betapa penting sehat mental generasi dapat erbagai cara jaga sehat mental laku generasi,-2,Negatif
Sun Oct 11 09:59:29 +0000 2020,sehat mental generasi a tread by alya kusuma dan cluster loveyourself adhikara mabaub rajabrawijaya kitasatubrawijaya kreasinyatabrawijayans,0,Netral
Sun Oct 11 09:59:22 +0000 2020,akrab generasi sosial media pengaruh aspek psikologis sehat mental sosial media candu games online,1,Positif
Sun Oct 11 09:58:39 +0000 2020,penting sehat mental generasi nama brigita ruth dyah ayu rengganis fakultas ilmu administrasi prodi administrasi bisnis cluster,1,Positif
Sun Oct 11 09:58:18 +0000 2020,jadi generasi ayo sama sama jadi generasi canggih samping sehat mental manfaat teknologi maksimal mungkin baik baik,1,Positif
Sun Oct 11 09:57:47 +0000 2020,sayang masamasa sekarang kondisi psikologis sehat mental generasi tdkk baik prasangka banyak orang teliti american psychological association apa mlbtkn wawancara orang umur tahun atas wawancara umur,-1,Negatif
Sun Oct 11 09:57:06 +0000 2020,sehat mental sangat penting generasi injak usia remaja masa remaja masa proses kembang tuju dewasa tahap tugas kembang perlu lalu,2,Positif
Sun Oct 11 09:57:01 +0000 2020,sehat mental generasi nama yohan alfani sandi fakultas teknik jurus teknik air cluster,-4,Negatif
Sun Oct 11 09:56:56 +0000 2020,sekian jelas singkat kena penting sehat mental masa sekarang utama generasi beberapa solusitips hadap moga pandemi covid segera akhir lekas sembuh pulih indonesia,-2,Negatif
Sun Oct 11 09:56:55 +0000 2020,namatitis ayu maulany fakultas ekonomi bisnis jurus ilmu ekonomi cluster kondisi pandemi sehat mental ancam generasi jadi rentan lahir bareng maju teknologi,-1,Negatif
Sun Oct 11 09:56:53 +0000 2020,mental health sehat mental orang mental health penting perhati utama masa sekarang pandemi utama generasi samping jaga sehat fisik tuntut jaga sehat mental penting,-4,Negatif
Sun Oct 11 09:56:23 +0000 2020,kondisi sehat mental generasi perlu jadi perhati banyak pihak generasi ini kelak bangun bangsa perlu jaga diri sendiri baik fisik maupun psikis,-3,Negatif
Sun Oct 11 09:55:40 +0000 2020,kondisi sehat mental sangat perlu jadi perhati generasi sikap proaktif paham kondisi sehat mental sendiri,0,Netral
Sun Oct 11 09:55:37 +0000 2020,stres sehat mental generasi a thread sumber,-2,Negatif
Sun Oct 11 09:55:34 +0000 2020,generasi sering ajak jalan alam lingkung biar hidup nya nyata jauh ganggu sehat mental generasiz,-1,Negatif
Sun Oct 11 09:55:27 +0000 2020,stres faktor besar sebab buruk sehat mental generasi stres alami banyak orang generasi sebab beberapa kondisi sehat mental generasi sangat perlu jadi perhati banyak,-7,Negatif
Sun Oct 11 09:55:11 +0000 2020,generasi generasi generasi generasi rupa generasi alih generasi teknologi makin kembang sehat mental pengaruh peristiwa hidup tinggal dampak besar pribadi perilaku orang,-3,Negatif
Sun Oct 11 09:55:11 +0000 2020,masyarakat jaga sehat diri masingmasing baik sehat fisik maupun mental generasi generasi lahir rentang tahun tahun masehi,-2,Negatif
Sun Oct 11 09:54:39 +0000 2020,generasi kelompok manusai kondisi sehat mental buruk banding generasigenerasi lain generasi orangorang lahir tahun tahun,-4,Negatif
Sun Oct 11 09:54:31 +0000 2020,generasi rupa masyrakat indonesia lahir rentang tahun hingga sehat mental banyak serang generasi generasi rentan konteks rupa remaja kisar ada jenjang didik sama mahasiswa,-2,Negatif
Sun Oct 11 09:54:17 +0000 2020,penting sehat mental khusus generasi,-1,Negatif
Sun Oct 11 09:53:41 +0000 2020,mental health biasa sebut sehat mental jadi isu penting sering abai masyarakat mental health penting paham erti masyarakat khusus kalang tingkat resiko sehat mental tinggi generasi,-1,Negatif
Sun Oct 11 09:53:40 +0000 2020,sehat mental generasi a t h r e a swastika primaningtyas manajemen feb ub cluster adhikara mabaub rajabrawijaya kitasatubrawijaya kreasinyatabrawijayans loveyourself lovemyself mentalhealth,-1,Negatif
Sun Oct 11 09:53:27 +0000 2020,dampak ganggu sehat mental alami generasi amat hidup seharihari,-3,Negatif
Sun Oct 11 09:52:56 +0000 2020,generasi muda generasi sekarang sering kali milik ganggu sehat mental seperti lebih baik kenal dulu sebut ganggu mental,-3,Negatif
Sun Oct 11 09:52:41 +0000 2020,sehat mental sangat penting generasi songsong generasi emas generasi semua generasi sangat pengaruh paling rentan gen karena beberapa factor sebab,-8,Negatif
Sun Oct 11 09:52:40 +0000 2020,jabar atas dapat simpul sehat mental generasi rupa tanggung jawab semua orang baik generasi sendiri maupun generasi sesudahnyam adhikara mabaub rajabrawijaya kitasatubrawijaya kreasinyatabrawijayans,-4,Negatif
Sun Oct 11 09:52:37 +0000 2020,berangkat tekan tekan atas generasi rentan serang sehat mental teliti american psychological association stres america generation anak muda usia tahun kelompok manusia kondisi sehat mental buruk,-9,Negatif
Sun Oct 11 09:52:36 +0000 2020,paling parah nih generasi generasi milik sehat mental buruk banding generasigenerasi belum loh,-3,Negatif
Sun Oct 11 09:52:33 +0000 2020,bagi orang rasa suatu tekan beban sangat besar bila kendali tekan sebut dampak negatif sehat mental khusus generasi,-4,Negatif
Sun Oct 11 09:52:09 +0000 2020,meminimalisir jadi masalah sehat mental solusi generasi cara tingkat awareness penting mental health diri sendiri lebih aktif dunia nyata banding dunia maya bercengkrama cerita keluarga,-1,Negatif
Sun Oct 11 09:52:08 +0000 2020,banding generasi milenial generasi lebih rentan alami masalah sehat mental tekan tuntut sosial lebih tinggi tuntut milik nilai bagus beri tugas didik banyak buah harus,-4,Negatif
Sun Oct 11 09:52:06 +0000 2020,generasi lahir periode milik akun media sosial buah harus media ajar wujud eksistensi guna media sosial lebih potensi jadi masalah sehat mental,5,Positif
Sun Oct 11 09:52:00 +0000 2020,mampu kerja produktif baik beri kontribusi positif komunitas generasi benar benar jaga sehat mental sini kenal generasi sangat gantung teknologi,0,Netral
Sun Oct 11 09:51:38 +0000 2020,generasi alami tingkat risiko masalah sehat mental isolasi cemas ketidakamanan depresi chicca amp shellenbarger,-5,Negatif
Sun Oct 11 09:51:35 +0000 2020,paham sehat mental mental health generasi lalu perspektif game addiction nama devi nurmifta oktaviani fakultas ekonomi amp bisnis jurus manajemen cluster adhikara mabaub rajabrawijaya kitasatubrawijaya kreasinyatabrawijayans,2,Positif
Sun Oct 11 09:51:11 +0000 2020,penting sehat mental generasi generasi generasi mana sejak lahir mengel teknologi tarik diri orangorang jadi antisosial penting perhati sehat mental generasi,-3,Negatif
Sun Oct 11 09:51:05 +0000 2020,ganggu sehat mental generasi sebab ada tekan kena isuisu mampu bendung,-4,Negatif
Sun Oct 11 09:51:02 +0000 2020,mungkin generasi dengar sehat mental mental health erti erti benar benar apasih mental health sehat mental sehat mental mental health arti suatu kondisi mental individu imbang cont,-1,Negatif
Sun Oct 11 09:50:45 +0000 2020,sadar penting sehat mental masa depan generasi ancam jadi segala potensi milik mimpi punya jadi hambat masalah mental selesai,0,Netral
Sun Oct 11 09:50:36 +0000 2020,sadar sehat mental masa sekarang sangat penting generasi tengah kondisi pandemi jadi banyak ubah alami orang adaptasi,-1,Negatif
Sun Oct 11 09:50:33 +0000 2020,isuisu sebut jadi soal generasi akibat tinggi aksesibilitas informasi generasi kondisi sehat mental generasi sangat perlu jadi perhati banyak pihak,-4,Negatif
Sun Oct 11 09:50:32 +0000 2020,teliti generasi generasi sehat mental paling buruk generasigenerasi lain kesehatanmental mentalhealth loveyourself mabaub adhikara kitasatubrawijaya kreasinyatabrawijayans rajabrawijaya,-4,Negatif
Sun Oct 11 09:50:32 +0000 2020,penting sehat mental generasi sehat mental rupa penting perhati layak sehat fisik tahu kondisi stabil sehat mental fisik saling pengaruh,1,Positif
Sun Oct 11 09:50:02 +0000 2020,essai tugas raja brawijaya nama bintang hartono putra prodi ilmuadministrasibisnis atas kenal ganggu ubah mental sehat jiwa remaja generasi pandemi tulis bintang hartono,-6,Negatif
Sun Oct 11 09:49:59 +0000 2020,masa sekarang era digital banyak pengaruh pengaruh sehat mental orang utama generasi sekarang media sosial jadi salah satu prasarana beri pengaruh sebut orangorang saling hina lalu media sosial,1,Positif
Sun Oct 11 09:49:47 +0000 2020,sekian thread kena penting sehat mental utama generasi milenialgenerasi,-2,Negatif
Sun Oct 11 09:49:44 +0000 2020,sehat bukan lihat fisik sehat mental sama penting jaga who sebut anak generasi milenial generasi lebih lebih rentan kena ganggu mental bagi remaja awam sehat mental,-4,Negatif
Sun Oct 11 09:49:43 +0000 2020,sehat mental sangat penting semua orang utama remajakaum milenialgenerasi mereka kaum rentan kena ganggu mental,-4,Negatif
Sun Oct 11 09:49:32 +0000 2020,generasi rentan sehat mental kurang baik sebab stres atau depresi lebih kesehatanmental mentalhealth loveyourself mabaub adhikara kitasatubrawijaya kreasinyatabrawijayans rajabrawijaya,-4,Negatif
Sun Oct 11 09:49:28 +0000 2020,penting sehat mental generasi thread jalan aktivitas seharihari butuh sehat baik fisik mental bagus banyak orang ubah perilaku moodnya buruk mental stabil,-1,Negatif
Sun Oct 11 09:49:09 +0000 2020,generasi rentan jadi sehat mental sehat mental sangat penting wujud sehat seluruh upaya perintah tangan masalah sehat mental atur uu no sehat jiwa,-1,Negatif
Sun Oct 11 09:49:07 +0000 2020,nyata banyak lho enggak erti betapa penting sehat mental bahkan sehat mental anakanak muda generasi sekarang biasa sebut generasi baik pikir,-2,Negatif
Sun Oct 11 09:49:00 +0000 2020,fungsi penting sekolah didik tinggi jaga sehat mental anak remaja generasi sekarang bugar jasmani bukan ukur sehat baik,-1,Negatif
Sun Oct 11 09:48:51 +0000 2020,akses tuju pertama generasi masuk dunia maya generasi lebih mudah bawa arus globalisasi milik sisi positif sisi negatif hidup faktor lebih cenderung pengaruh sehat mental mental health generasi,-1,Negatif
Sun Oct 11 09:48:51 +0000 2020,beberapa karakteristik sebut simpul bahwasannya generasi generasi lebih mudah derita sehat mental mental health generasi lebih cenderung aktif dunia maya banding lingkung masyarakat media sosial jadi,-1,Negatif
Sun Oct 11 09:48:26 +0000 2020,padahal masa asuransi sehat mental tawar lindung sehat mental semua orang who sebut anak muda alias generasi lah mudah kena stres,-6,Negatif
Sun Oct 11 09:48:17 +0000 2020,generasi milik cenderung manfaat tekhnologi hindar hidup nyata temu nyaman lebih dunia virtual perlu upayaupaya jaga bangun sehat mental generasi,3,Positif
Sun Oct 11 09:47:56 +0000 2020,penting sehat mental generasi banyak pikir orang sehat orang jarang sakit fisik perlu tahu orang kategori sehat orang sehat jasmani rohani,-1,Negatif
Sun Oct 11 09:47:19 +0000 2020,generasi sehat mental era digital cukup sulit paham cara pandang perilaku generasi rupa gen tulis kali lewat kalibrasi emosi badan proses cepat asa kondisi,0,Netral
Sun Oct 11 09:47:09 +0000 2020,nah ada candu teknologi buat generasi rentan alami ganggu sehat mental,-3,Negatif
Sun Oct 11 09:46:38 +0000 2020,lalu bahas apa genz sehat mental genz sangat penting indah generasi generasi terus generasi milenial,-2,Negatif
Sun Oct 11 09:46:32 +0000 2020,perlu sadar penting jaga sehat mental mental health buka keluarga keluarga jadi beri solusi baik masalah hadap generasi harap fokus kembang diri fokus proses bangun bangsa,1,Positif
Sun Oct 11 09:46:30 +0000 2020,sehat mental mental health jadi penting semua orang kecuali generasi kondisi sehat mental pengaruh bagaimana cara orang sikap segala aktivitas bahkan masalah hidup,-2,Negatif
Sun Oct 11 09:46:15 +0000 2020,jaman sekarang sakit bukan fisik melulu mental jadi sakit milik efek serius derita generasi jaga sehat mental masing adhikara mabaub rajabrawijaya kitasatubrawijaya kreasinyatabrawijayans,-6,Negatif
Sun Oct 11 09:46:15 +0000 2020,penting sehat mental generasi a thread nama berlian adzkiya fakultas dokter jurus bidan cluster mentalhealth loveyourself adhikara mabaub rajabrawijaya kitasatubrawijaya kreasinyatabrawijayans,-1,Negatif
Sun Oct 11 09:45:58 +0000 2020,generasi punya andil besar partisipasi tingkat sadar sehat mental masyarakat understandyourself adhikara mabaub rajabrawijaya kitasatubrawijaya kreasinyatabrawijayans,3,Positif
Sun Oct 11 09:45:47 +0000 2020,sangat bahaya generasi dampak masalah sehat mental mereka terus langsung ubah teknologi makin modern jadi harap sadar adaptasi ubah makin maju,1,Positif
Sun Oct 11 09:45:47 +0000 2020,penting sehat mental masa generasi a thread nama krisna daniel setiawan fakultas terna jurus terna cluster adhikara mabaub rajabrawijaya kitasatubrawijaya kreasinyatabrawijayans,-1,Negatif
Sun Oct 11 09:45:44 +0000 2020,berapa penting sih sehat mental sekarang banyak orang penting keseehatan fisik penting sehat mental remaja generasi dampak sehat mental padahal sehat mental milik aspek penting,-3,Negatif
Sun Oct 11 09:45:44 +0000 2020,teliti sebut generasi generasi sehat mental paling buruk generasigenerasi lain stres faktor besar sebab buruk sehat mental generasi,-8,Negatif
Sun Oct 11 09:45:31 +0000 2020,tengah pandemi generasi alami turun sehat baik fisik maupun mental siasat jadi generasi muda jaga sehat pola makan isi giat positif,-2,Negatif
Sun Oct 11 09:45:28 +0000 2020,orang khusus generasi jadi generasi terus bangsa faktor sebab mental health jadi kurang baik ranah sosial psikologis bagaimana cara sehat mental tetap jaga pertama ajar harga diri,-2,Negatif
Sun Oct 11 09:45:16 +0000 2020,solusi laku jaga sehat mental generasi cenderung banyak aru aktivitas dunia maya kontrol giat khusunya sosial media sosial media manfaat baik,1,Positif
Sun Oct 11 09:45:14 +0000 2020,sehat mental jaga jaga fokus konsentrasi generasi ajar ajar jadi lebih semangat penting sehat mental genrasi,0,Netral
Sun Oct 11 09:45:13 +0000 2020,cara cegah ganggu sehat mental selalu jaga pikir selalu pikir positif tidur waktu cukup jaga hubung baik orang lainlain sehat mental generasi buat makin kualitas generasi,0,Netral
Sun Oct 11 09:45:11 +0000 2020,penting mental health generasi badan sehat dunia akita kenal world health organization who sehat mental rupa kondisi sejahtera sadar individu dalam dapat kemampuankemampuan kelola,0,Netral
Sun Oct 11 09:45:04 +0000 2020,semua orang masuk generasi pernah milik masalah buat jadi stres hindar halhal sebab ganggu sehat mental laku cegah,-4,Negatif
Sun Oct 11 09:45:03 +0000 2020,era teknologi sadar penting sehat mental generasi masih sangat rendah banyak generasi lalai sehat mental pikir sehat kait fisik,-3,Negatif
Sun Oct 11 09:44:56 +0000 2020,lalu metal komunitas peduli sehat mental bantu atas kurang masalah kait sehat mental generasi metal gandeng generasi bebas ganggu sehat mental,-5,Negatif
Sun Oct 11 09:44:55 +0000 2020,generasi sangat rentan masalah kena sehat mental kembang teknologi turut tambah daftar panjang sebab masalah sehat mental banyak guna internet sebab banyak jadi kasus bullying media sosial hoax lain,-3,Negatif
Sun Oct 11 09:44:54 +0000 2020,masalah sehat mental paling umum alami masyarakat stres ganggu cemas depresi masalah sebut sering alami generasi,-7,Negatif
Sun Oct 11 09:44:31 +0000 2020,keren kreasinyatabrawijayans bahas soal sehat mental generasi lalu trending buzzingnya faedah,0,Netral
Sun Oct 11 09:44:17 +0000 2020,devi fitriana rahmawati program didik vokasi bidang minat manajemen hotel cluster pengaruh sehat mental generasi pengaruh diri sendiri erti adhikara mabaub rajabrawijaya kitasatubrawijaya kreasinyatabrawijayans,-1,Negatif
Sun Oct 11 09:44:11 +0000 2020,penuh tekan diskriminasi suku gender agama beban ekonomi rumah tangga pola hidup sehat standar sosial sangat tinggi banyak papar atas baik generasi lebih peduli sehat mental,-2,Negatif
Sun Oct 11 09:43:58 +0000 2020,era generasi sangat dominasi banyak isu sehat mental rebak sangat dipegaruhi maju informasi hal orang laku salah komentar banjir media sosial,-2,Negatif
Sun Oct 11 09:43:54 +0000 2020,generasi punya gejalagejala emosional maupun fisik kait stres depresi ganggu cemas stres faktor besar sebab buruk sehat mental generasi zstres alami banyak orang generasi sebab beberapa,-9,Negatif
Sun Oct 11 09:43:50 +0000 2020,sehat mental baik kondisi batin ada ada tenteram tenang masa sekarang generasi sangat perlu sehat mental generasi lah menajdi dobrak bangsa kelak,-1,Negatif
Sun Oct 11 09:43:41 +0000 2020,untung gen rupa generasi paling mungkin dapat bantu milik masalah sehat mental generasi paling mungkin cari bantu bantu sakit mental lebih banyak bicara dukung dorong,-3,Negatif
Sun Oct 11 09:43:41 +0000 2020,data statistik sehat mental generasi individu generasi kata sehat mental baik sangat baik lebih sedikit generasi dekat ikut gen kata alami gejala fisik emosional,-7,Negatif
Sun Oct 11 09:43:40 +0000 2020,sehat mental generasi sehat mental kata akhirakhir sering bahas masyarakat makin waktu jalan sehat mental mulai nomor dua bahkan tiga kenal lebih lanjut sehat mental pertamatama apasih generasi,1,Positif
Sun Oct 11 09:43:18 +0000 2020,generasi milik gejala emosional fisik kait stres depresi ganggu cemas stres faktor besar sebab buruk mental sehat generasi,-7,Negatif
Sun Oct 11 09:42:46 +0000 2020,ada geografis manusia modenr jadi picu ganggu sehat mental jauh green spaces malah media elektronik tatap hari lifestyle generasi suka makan junkfood kerja tiada henti,-1,Negatif
Sun Oct 11 09:42:45 +0000 2020,peka sehat mental jadi pr generasi era digital jadi senjata generasi muda suara penting mental health justru generasi muda gerogot sakit jiwa mental illness,-5,Negatif
Sun Oct 11 09:42:34 +0000 2020,generasi sehat mental a thread penting jaga sehat mental,-1,Negatif
Sun Oct 11 09:42:26 +0000 2020,lahir kota samarinda kalimantan timur tepat tanggal januari blog kali jelas penting mental health sehat mental masa sekarang utama generasi,-2,Negatif
Sun Oct 11 09:42:12 +0000 2020,penting jaga sehat mental sehat mental rupa masalah serius generasi,-2,Negatif
Sun Oct 11 09:42:01 +0000 2020,penting sehat mental generasi banyak jumlah mati terus tambah akibat covid timbul gejala sakit fisik pengaruh besar sejahtera masyarakat indonesia dalam cakup sehat mental,-1,Negatif
Sun Oct 11 09:41:59 +0000 2020,dampak media sosial sehat mental generasi a thread loveyourself adhikara mabaub rajabrawijaya kitasatubrawijaya kreasinyatabrawijayans,-1,Negatif
Sun Oct 11 09:41:36 +0000 2020,mental health sehat mental rupa sangat penting milik semua orang khusus generasi milineal generasi,-1,Negatif
Sun Oct 11 09:41:34 +0000 2020,sebab ada tekan rasa beberapa generasi lama pandemi sehat mental generasi kondisi khawatir,-5,Negatif
Sun Oct 11 09:41:22 +0000 2020,zaman sehat mental sering kali remeh banyak orang fokus sehat fisikpadahal sehat mental sangat penting perhati utama anak milenial biasa sebut generasi,-1,Negatif
Sun Oct 11 09:41:13 +0000 2020,a thread jaga sehat mental era pandemi nama lengkap luluk amilatun naashiroh fakultas tani cluster adhikara mabaub rajabrawijaya kitasatubrawijaya kreasinyatabrawijayans reallife sehat mental kalang generasi,-2,Negatif
Sun Oct 11 09:41:12 +0000 2020,banyak muka cemas masalah antara rekanrekan masalah sehat mental lepas dampak media sosial jadi bagi hidup generasi,-5,Negatif
Sun Oct 11 09:41:11 +0000 2020,apa sih generasi butuh sehat mental generasi nah sini aku jawab tanya generasi generasi lahir kembang candu teknologi cenderung anti sosial,-5,Negatif
Sun Oct 11 09:40:58 +0000 2020,offline menemuka nyaman baur lari diri fantasi isi wkatu maupun kekosonham emosional sayang internet buat konidisi sehat mental generasi jadi lebih buruk anthony turner anthony,0,Netral
Sun Oct 11 09:40:53 +0000 2020,orang situasi tinggi sadar kondisi mental health baik malah sifat balik generasi tentu buruk kondisi sehat milik kondisi mental health kurang baik kondisi sehat,-4,Negatif
Sun Oct 11 09:40:51 +0000 2020,sadar milik pengaruh cukup signifikan kondisi mental health milik beberapa survei sebut generasi milik sadar lebih rendah patuh protokol kesehatandua sangat penting milik,3,Positif
Sun Oct 11 09:40:48 +0000 2020,tentu pengaruh kondisi mental health hasil teliti american psychological association apa generasi rupa kelompok manusia milik sehat mental buruk banding generasi lain,-3,Negatif
Sun Oct 11 09:40:36 +0000 2020,bagaimana sehat mental generasi,-1,Negatif
Sun Oct 11 09:40:23 +0000 2020,cara cara jaga sehat mental kondisi sehat mental generasi sangat perlu jadi perhati banyak pihak,-1,Negatif
Sun Oct 11 09:40:23 +0000 2020,halhal sebut bantu jaga kondisi sehat mental kondisi sehat mental orang sangat penting utama generasi,-1,Negatif
Sun Oct 11 09:40:21 +0000 2020,sebab isu tembak masal jadi amerika lapor lain apa survei bukti persentase generasi milik kondisi sehat mental ratarata bahkan lebih buruk paling besar jumlah banding generasi,-5,Negatif
Sun Oct 11 09:40:20 +0000 2020,lapor beri american pyschological association apa persentase generasi usia kisar tahun amerika alami stres depresi rupa buah ganggu sehat mental lebih besar banding generasi lain,-5,Negatif
Sun Oct 11 09:40:18 +0000 2020,generasi layak tetap jalan hidup pikir jernih tekan sehat mental selalu jaga baik mita puji rahayu fapet loveyourself adhikara mabaub rajabrawijaya kitasatubrawijaya kreasinyatabrawijayans,2,Positif
Sun Oct 11 09:40:18 +0000 2020,ikut cara jaga sehat mental generasi,-2,Negatif
Sun Oct 11 09:40:17 +0000 2020,mental health sehat mental peristiwa ganggu hidup tinggal dampak besar pribadi perilaku orang khusus generasi stres alami banyak orang generasi sebab beberapa,-5,Negatif
Sun Oct 11 09:39:45 +0000 2020,sehat mental kini jadi buah tren kalang anak muda khusus generasi makin pesat tumbuh teknologi tumbuh peduli sehat mental,-2,Negatif
Sun Oct 11 09:39:33 +0000 2020,kondisi sehat mental baik generasi siap hadap tantang hidup jalin hubung positif orang,0,Netral
Sun Oct 11 09:39:14 +0000 2020,penting jaga sehat mental generasi who sehat mental rupa kondisi sejahtera sadar individu dapat mampu kelola stres wajar peran lingkung penting jaga sehat mental,-1,Negatif
Sun Oct 11 09:39:07 +0000 2020,kembang teknologi makin pesat solusi cemas sehat mental generasi paham ada sehat mental banyak orang mau terima nyata ada bawah bayang ganggu mental masalah sosial,2,Positif
Sun Oct 11 09:38:52 +0000 2020,generasi generasi lahir tahun sehat mental mental health diri generasi jadi generasi punya pribadi beda generasi generasi lain anti sosial individual,-6,Negatif
Sun Oct 11 09:38:52 +0000 2020,bahas penting sehat mental generasi baik tahu makna sehat mental generasi,0,Netral
Sun Oct 11 09:38:44 +0000 2020,tips jaga sehat mental generasi generasi generasi terus generasi milenial pew reseach definisi generasi orang lahir tumbuh teknologi internet media sosial,-1,Negatif
Sun Oct 11 09:38:20 +0000 2020,apa tahun judul stres america generation libat responden umur tahun atas responden usia tahun teliti sebut sebut generasi generasi sehat mental paling buruk,-5,Negatif
Sun Oct 11 09:38:19 +0000 2020,generasi mengonrol diri dunia teknologi makhluk sosial sosial lingkung beberapa cara tuju jaga sehat mental,1,Positif
Sun Oct 11 09:38:18 +0000 2020,sehat mental generasi pengaruh media social masa kini dasar teliti western governors university nyata generasi generasi paling sepi riset tunjuk generasi memliki tingkat risiko stres tinggi,-5,Negatif
Sun Oct 11 09:38:17 +0000 2020,nah sehat mental penting banget buat generasi,1,Positif
Sun Oct 11 09:38:12 +0000 2020,tengah wabah virus covid sangat pengaruh sehat mental generasi sehat mental jadi salah satu dampak ancam masyarakat lama pandemi covid langsung,-5,Negatif
Sun Oct 11 09:38:03 +0000 2020,angka sehat iring jalan jaman paling buruk jadi jaman generasi banyak faktor jadi dasar terganggunyamental healthpada generasi salah satu ialahstress,-7,Negatif
Sun Oct 11 09:37:49 +0000 2020,kondisi anak usia tahun generasi rupa manusia kondisi sehat mental buruk punya gejalagejala emosional maupun gejalagejala fisik kait kondisi stres depresi ganggu cemas,-3,Negatif
Sun Oct 11 09:37:23 +0000 2020,sehat mental generasi era digital ekspres mellaui sosial media youtube twitter facebook instagram aneka fitur salah satu wajar banyak manfaat nyata dampak negatif,0,Netral
Sun Oct 11 09:37:20 +0000 2020,studi laku american psychological association apa tahun judul american stres generation banding generasi lain remaja usia tahun milik status sehat mental paling buruk,-3,Negatif
Sun Oct 11 09:36:48 +0000 2020,americageneration nyata anak muda usia tahun kelompok manusia kondisi sehat mental buruk banding generasigenerasi lain jenis kondisi ganggu mental paling umum jadi antara stres ganggu,-6,Negatif
Sun Oct 11 09:36:47 +0000 2020,teliti american psychological association apa oleh hasil banyak generasi punya gejalagejala emosional maupun fisik stres depresi gagngguan cemas stres rupa faktor besar sebab buruk sehat mental generasiz,-5,Negatif
Sun Oct 11 09:35:58 +0000 2020,mental health sehat mental rupa salah satu unsur sehat manusia hingga kurang perhati masyarakat indonesia generasi hidup zaman modern selalu jaga sehat mental,0,Netral
Sun Oct 11 09:35:56 +0000 2020,stres faktor besar sebab buruk sehat mental generasi akrab generasi teknologi bukan sematamata gambar maju zaman,-5,Negatif
Sun Oct 11 09:35:52 +0000 2020,mental health generasi mental health sehat mental pengaruh jadi peristiwa alami orang,-2,Negatif
Sun Oct 11 09:35:47 +0000 2020,dinda permata sari maba universitas brawijaya fakultas mipa prodi biologi cluster era serba digital kondisi sehat mental generasi sangat khawatir adhikara mabaub rajabrawijaya kitasatubrawijaya kreasinyatabrawijayans,0,Netral
Sun Oct 11 09:35:35 +0000 2020,zaman sekarang utama generasi zlahir tahun sehat mental rupa penting perhati hindar jadi ganggu mental orang saat dapat pandemi covid,-2,Negatif
Sun Oct 11 09:35:35 +0000 2020,penting sehat mental generasi a thread andhika rahmat saputra fakultas teknik prodi teknik elektro cluster loveyourself adhikara mabaub rajabrawijaya kitasatubrawijaya kreasinyatabrawijayans,-4,Negatif
Sun Oct 11 09:35:30 +0000 2020,pengaruh sehat mental penting perhati generasi a thread nama harnani nim fakultas ilmu administrasi prodi administrasi publik cluster mabaub adhikara rajabrawijaya kitasatubrawijaya kreasinyatabrawijayans,0,Netral
Sun Oct 11 09:35:25 +0000 2020,buat semua orang suka sama orang benci sama penting tolonggg banget jangan benci diri sendiri sehat mental generasi sangat penting terus manusia bumi sekian terima kasih,1,Positif
Sun Oct 11 09:35:16 +0000 2020,walaupun generasi sangat buka maju teknologi gen kerap nilai generasi apatis individualis manja ini jalan dapat pakar kena rentan sehat mental generasi,-5,Negatif
Sun Oct 11 09:35:10 +0000 2020,sebab lemah sehat mental generasi pengaruh gadgetsosial media generasi orang lahir tahun teliti laku apa libat wawancara umur tahun atas usia tahun,-2,Negatif
Sun Oct 11 09:35:09 +0000 2020,darurat sehat mental generasi penelitianamerican psychological associationtahun judul stres americageneration usia tahun kelompok manusia kondisi sehat mental buruk banding generasi,-3,Negatif
Sun Oct 11 09:34:59 +0000 2020,yuk generasi lebih perhati sehat mental ikut laku jaga sehat mental don t be sok hard on yourself kalau capek dunia media sosial kamu istirahat dulu hari asa berat gapapa kok,-1,Negatif
Sun Oct 11 09:34:40 +0000 2020,harap seluruh masyarakat indonesia utama generasi perhati sehat mental cara atas laku sedang alami ganggu mental tentu moga bantu sekian terima kasih,-3,Negatif
Sun Oct 11 09:34:39 +0000 2020,mental rupa buah sangat perlu jaga sehat generasi sangat perlu paham sehat mental diri sendiri sehat mental pengaruh ada senang utama rasa trauma psikologis orang,-1,Negatif
Sun Oct 11 09:34:36 +0000 2020,generasi lebih pintar akses internet dampak buruk sehat mental beberapa laku jaga sehat mental utama generasi,-2,Negatif
Sun Oct 11 09:34:35 +0000 2020,moga masalah sehat mental selesai cepat generasi moga guna alat komunikasi baik tepat sasar,1,Positif
Sun Oct 11 09:34:33 +0000 2020,banyak orang anggap remeh mental health padahal sehat mental rupa penting utama generasi jaga sehat bukan fisik sehat mental jaga jadi imbang aktivitas seharihari,-1,Negatif
Sun Oct 11 09:34:33 +0000 2020,penting sehat mental generasi sehat mental kondisi orang kait sesuai diri aktif hadap atas masalah atur stabilitas diri milik nilai nyata diri sendiri hidup,-2,Negatif
Sun Oct 11 09:34:29 +0000 2020,nyata generasi manfaat dunia virtual tempat lari hidup nyata sayang internet buat kondisi sehat mental generasi jadi lebih buruk media sosial main peran besar hidup generasi,-2,Negatif
Sun Oct 11 09:34:26 +0000 2020,penting sehat mental masa sekarang utama generasi sekian terimakasih meetyourselfinstillnessandloveyourself adhikara mabaub rajabrawijaya kitasatubrawijaya kreasinyatabrawijayans,0,Netral
Sun Oct 11 09:34:23 +0000 2020,generasi milik sehat mental buruk antara semua generasi siap pernah alami covid jelas buat sehat mental gen makin puruk mungkin banyak gen muda erti rumah berbulanbulan,-2,Negatif
Sun Oct 11 09:34:22 +0000 2020,bagaimana temanteman gen sehat mental mu sedang baikbaik generasi generasi muda gen khawatir sehat nya resiko paling rendah khawatir keluarga,-4,Negatif
Sun Oct 11 09:34:16 +0000 2020,sayang internet buat kondisi sehat mental generasi jadi lebih buruk lepas konteks kembang lingkung masuk bagaimana pesat informasi media massa maupun informasi,-1,Negatif
Sun Oct 11 09:34:14 +0000 2020,penting jaga sehat mental generasi a thread mentalhealth adhikara mabaub rajabrawijaya kitasatubrawijaya kreasinyatabrawijayans,-1,Negatif
Sun Oct 11 09:33:44 +0000 2020,mental health sangat penting generasi generasi banyak alami ganggu sehat mental lebih ada kembang teknologi makin canggih sebab generasi cenderung terlalu serius ikut dunia maya,-6,Negatif
Sun Oct 11 09:33:39 +0000 2020,sehat mental masa sekarang khusus generasi rupa suatu sangat penting tahan tengah tinggi tekan masa sekarang,1,Positif
Sun Oct 11 09:33:36 +0000 2020,generasi dekat teknologi hingga punya akses informasi luas perlu sikap proaktif paham kondisi sehat mental diri banyak baca perlu manfaat akses informasi cari bantu klinis bila butuh,4,Positif
Sun Oct 11 09:33:26 +0000 2020,stres kondisi psikologis generasi ganggu generasi sekarang sangat akrab nama video games anggap hibur padahal weinstain banyak main video games memyebabkan sehat mental jadi ganggu,-4,Negatif
Sun Oct 11 09:33:25 +0000 2020,sehat mental jadi generasi lepas pengaruh teknologi generasi cenderung pikir informasi dapat media online buat stres,-4,Negatif
Sun Oct 11 09:33:25 +0000 2020,sehat jiwa sehat mental tingkat sejahtera psikologis tiada ganggu jiwa generasi generasi internet,-2,Negatif
Sun Oct 11 09:33:19 +0000 2020,generasi masa depan bangsa ada pundak besar tanggung jawab pegang sehat mental sangat pengaruh turut kontribusi masa depan,-4,Negatif
Sun Oct 11 09:33:12 +0000 2020,nama herlina fakultas terna jurus terna cluster kelas b nim universitas brawijaya psdku diri penting mental health masa sekarang utama generasi sehat anugerah tuhan maha esa,0,Netral
Sun Oct 11 09:33:05 +0000 2020,punya gejalagejala emosional maupun fisik kait stres depresi ganggu cemas stres faktor besar sebab buruk sehat mental generasi tangan peran perintah sangat butuh hadir,-6,Negatif
Sun Oct 11 09:32:47 +0000 2020,sehat mental sangat perlu generasi semua orang beri beberapa cara tetap jaga sehat mental,0,Netral
Sun Oct 11 09:32:36 +0000 2020,kasus kena sehat mental seringkali berita bagai media sosial indonesia ganggu sehat mental kerap kali alami generasi,-4,Negatif
Sun Oct 11 09:32:34 +0000 2020,bahkan indonesia masalah ganggu mental sangat tinggi prevalensi utama kalang usia lima belas tahun atas lantas sebab tampak teknologi lah paling peran turun sehat mental generasi,-4,Negatif
Sun Oct 11 09:32:32 +0000 2020,urgensi mental health generasi sama hal sehat fisik sehat mental jadi faktor penting tingkat kualitas kuantitas hidup orang dapat banyak kasus ganggu sehat mental makin tingkat tahun,2,Positif
Sun Oct 11 09:32:28 +0000 2020,sehat mental sangat perlu masa sekarang utama generasi generasi rupa generasi digital mana generasi sejak usia sangat muda sentuh akrab teknologi komunikasi main sosial,-1,Negatif
Sun Oct 11 09:32:27 +0000 2020,penting mental health generasi sehat mental orang ahli sehat merriam webster rupa suatu ada emosional psikologis baik individu manfaat mampu kognisi emosi fungsi baik,1,Positif
Sun Oct 11 09:32:25 +0000 2020,sehat mental generasi meski awat sehat mental tingkat signifikan lama beberapa dekade akhir banyak orang pilih cari obat henti waktu pulih,-5,Negatif
Sun Oct 11 09:32:22 +0000 2020,mental health masa sekarang utama generasi indonesia perlu tingkat sadar sehat mental edukasi sosialisasi penting ubah stigma orangorang ganggu sehat jiwa,0,Netral
Sun Oct 11 09:32:19 +0000 2020,penting sehat mental generasi unggah penting ospek mohon maaf bila salah kata sendiri bukan orang ahli bidang sebut,-5,Negatif
Sun Oct 11 09:32:16 +0000 2020,generasi benar benar jaga sehat mental sini kenal generasi sangat gantung teknologi jangan nanti akibat terlalu gantung teknologi jadi jerumus dalam,-6,Negatif
Sun Oct 11 09:32:03 +0000 2020,bangun sehat mental baik mulai diri sama bangun negara sejahtera demi jelas singkat penting sehat mental mental health masa sekarang generasi zsekian terimakasih wassalmualaikum wrwb,0,Netral
Sun Oct 11 09:31:55 +0000 2020,dampak komentar media social sangat pengaruh sehat mental remaja generasi komentar buruk standart tampan standart cantik kaya buat remaja generasi lomba lomba capa,-5,Negatif
Sun Oct 11 09:31:51 +0000 2020,ubah generasi zaman millennial zaman generasi zperubahan ikut ubah mental kelompok punya mental sangat buruk generasi terdahulugenerasi mudah stres depresi cemas sebab buruk sehat,-9,Negatif
Sun Oct 11 09:31:49 +0000 2020,kondisi sehat mental generasi sangat perlu jadi perhati banyak pihak kajiankajian ilmiah kena sebab kondisi psikologis bagai pihak perlu terus kembang sosialisasi kena penting sadar sehat mental diri sendiri,-4,Negatif
Sun Oct 11 09:31:49 +0000 2020,sehat mental alami generasi sedang kondisi darurat masalah kena sehat mental generasi bukan suatu masalah sepele perhati bagai pihak,-8,Negatif
Sun Oct 11 09:31:41 +0000 2020,sehat mental sangat butuh kait produktivitas orang generasi rupa generasi terus bangsa,-1,Negatif
Sun Oct 11 09:30:51 +0000 2020,thread sadar sehat mental generasi adhikara mabaub rajabrawijaya kitasatubrawijaya kreasinyatabrawijayans,-1,Negatif
Sun Oct 11 09:30:46 +0000 2020,fakta tunjuk generasi lebih rentan kena ganggu mental survei tunjuk anak anak muda lebih sigap lapor kondisi sehat mental generasi,-6,Negatif
Sun Oct 11 09:30:46 +0000 2020,emosional fisik persentase generasi sebut kelompok manusia milik sehat mental buruk generasi lain banyak alas alas akibat timbul ganggu mental generasi salah satu banyak,-7,Negatif
Sun Oct 11 09:30:29 +0000 2020,kondisi sehat mental generasi sangat perlu perhati banyak pihak generasi dekat teknologi hingga punya akses informasi luas perlu sikap proaktif paham kondisi sehat mental sendiri banyak baca generasi,1,Positif
Sun Oct 11 09:30:29 +0000 2020,kenal nama aqila zahwa al hamid fakultas ilmu sosial ilmu politik universitas brawijaya jurus ilmu komunikasi gabung cluster sini buat buah ringkas kena sehat mental generasi,0,Netral
Sun Oct 11 09:30:25 +0000 2020,teliti american psychological association apa tahun judul stres america generation anak muda usia tahun kelompok manusia kondisi sehat mental buruk banding generasigenerasi lain,-5,Negatif
Sun Oct 11 09:30:15 +0000 2020,nyata generasi manfaat dunia virtual tempat lari hidup nyata sayang internet buat kondisi sehat mental generasi jadi lebih buruk,-2,Negatif
Sun Oct 11 09:30:12 +0000 2020,lebih tahu sehat mental sendiri bahkan data edar generasi generasi sekarang paling rentan sehat mental sedikit jumlah pemuda sekarang alami ganggu mental,-6,Negatif
Sun Oct 11 09:30:12 +0000 2020,kondisi sehat mental generasi sangat perlu perhati dalam saji ilmuilmu kajiankajian ilmiahh kena kondisi psikologis bagai pihak kembang sosialisasi kena penting kesadaram sehat mental,0,Netral
Sun Oct 11 09:30:11 +0000 2020,tahun kelompok manusia kondisi sehat mental buruk generasi belum stres alami generasi sebab beberapa faktor contoh kasus keras leceh seksual tingkat angka bunuh diri,-8,Negatif
Sun Oct 11 09:30:04 +0000 2020,apa sehat mental generasi mental health mental health lebih kenal sehat mental rupa kondisi batin pikir orang pengaruh aktivitas kesehariankesehatan mental umu jadi orang,0,Netral
Sun Oct 11 09:29:55 +0000 2020,banyak faktor nyata buat anakanak muda generasi punya tingkat stres tinggi kondisi sehat mental generasi sangat perlu jadi perhati banyak pihak,-2,Negatif
Sun Oct 11 09:29:38 +0000 2020,lihat banyak kasus ganggu mental jadi sehat mental masa sekarang penting milik individu utama generasi nanti jadi terus bangsa,-1,Negatif
Sun Oct 11 09:29:27 +0000 2020,sehat mental sangat penting utama generasi zkarena sehat mental peran penting hidup jaga sehat mental rasa beberapa efek suasana hati baik bangun tahan bantu nikmat hidup,1,Positif
Sun Oct 11 09:29:16 +0000 2020,sehat mental buruk banding generasigenerasi lain stres alami banyak orang generasi sebab beberapa tingkat angka bunuh diri tingkat lapor kasus keras leceh seksual hingga panas global,-5,Negatif
Sun Oct 11 09:29:15 +0000 2020,edukasi layan sehat mental indonesia sangat kurang gerak tanya diri sendiri cara apa laku selamat nyawa utama generasi generasi muda generasi terus bangsa indonesia,-7,Negatif
Sun Oct 11 09:29:13 +0000 2020,kondisi sehat mental generasi sangat perlu jadi perhati banyak pihak kaji ilmiah kena sebab kondisi psikologis bagai pihak perlu terusmengembangkan sosialisasike bagai daerah kena penting sadar sehat mental,-2,Negatif
Sun Oct 11 09:29:13 +0000 2020,generasi istilah mental health bukan asing telinga kasus sehat mental bukan buah bincang belaka ada krusial nyata,-3,Negatif
Sun Oct 11 09:28:58 +0000 2020,pasuk masa modernisasi generasi tuntut pandai akademik non akademik memang dua saling hubung satu sama satu sisi perlu paham mental healthkesehatan mental,0,Netral
Sun Oct 11 09:28:35 +0000 2020,generasi muda utama generasi sehat mental perlu jaga katena kondisi penuh tekan sibuk utama sedang ada awal fase kuliah,-2,Negatif
Sun Oct 11 09:28:33 +0000 2020,penting sehat mental khusus generasi loveyourself a thread nama ibnu sadli fakultas ekonomi bisnis jurus manajemen cluster,0,Netral
Sun Oct 11 09:28:21 +0000 2020,generasi manfaat dunia virtual tempat lari hidup nyatanamun sayang internet buat kondisi sehat mental generasi jadi lebih buruk,-2,Negatif
Sun Oct 11 09:28:14 +0000 2020,sehat mental sangat penting semua utama generasi sehat mental jaga timbul banyak sekali dampak negatif,-5,Negatif
Sun Oct 11 09:28:08 +0000 2020,ada tentu pengaruh sehat mental masyarakat utama generasi,-2,Negatif
Sun Oct 11 09:28:00 +0000 2020,jaga sehat mental sangat penting utama generasi hidup arus teknologi kuat batas sebut sangat rugi diri loveyourself,-4,Negatif
Sun Oct 11 09:27:59 +0000 2020,sehat mental mental health generasi,-1,Negatif
Sun Oct 11 09:27:47 +0000 2020,sebut picu sehat mental konteks salah satu sehat mental stres stres akibat percaya diri sendiri kurang kreativitas generasi turun,-5,Negatif
Sun Oct 11 09:27:46 +0000 2020,sehat mental sangat penting khusus generasi adaptasi kembang jaman makin modern,2,Positif
Sun Oct 11 09:27:44 +0000 2020,a thread sehat mental generasi nama devy oktalia putri fakultas ilmu sosial politik jurus sosiologi cluster loveyourself mentalhealth adhikara mabaub rajabrawijaya kitasatubrawijaya kreasinyatabrawijayans,0,Netral
Sun Oct 11 09:27:42 +0000 2020,mulai sekarang lebih sadar penting sehat generasi sini ikut beberapa cara laku sehat kondisi mental diri sendiri,-2,Negatif
Sun Oct 11 09:27:42 +0000 2020,sehat mental generasi poin utama masa pandemi generasi ini jadi bekal cerah masa depan bangsa generasi ini biasa paling rentan masalah sehat mental,-4,Negatif
Sun Oct 11 09:27:41 +0000 2020,sehat mental generasi a thread loveyourself adhikara mabaub rajabrawijaya kitasatubrawijaya kreasinyatabrawijayans,-1,Negatif
Sun Oct 11 09:27:33 +0000 2020,ikut sedikit informasi kena penting nya mental health sehat mental utama generasi,-4,Negatif
Sun Oct 11 09:27:25 +0000 2020,generasi rawan kena ganggu sehat mental salah satu social media,-5,Negatif
Sun Oct 11 09:27:24 +0000 2020,sehat mental zaman generasi kaum millennial sekarang sehat jadi paling utama lain salah satu sehat mental generasi lebih kenal generasi libat revolusi industri,-4,Negatif
Sun Oct 11 09:27:16 +0000 2020,mental health rupa salah satu penting jaga generasi sini sampai jelas kena mental health mental health milik arti sehat mental,0,Netral
Sun Oct 11 09:27:07 +0000 2020,penting sehat mental generasi nama indah kristiani fakultas teknologi tani prodi teknik tani cluster a thread organisasi sehat dunia who sehat mental ada pribadi dapat wujud,0,Netral
Sun Oct 11 09:27:01 +0000 2020,assalamualaikum wrwb kenal nama ricard heru prayoga program studi budidaya air cluster universitas brawijaya sempat kali bahas penting sehat mental mental health masa sekarang generasi,1,Positif
Sun Oct 11 09:26:58 +0000 2020,meriska liana putri feb akuntansi cluster dapat kait mental health era zaman sekarang dominasi sosial media justru beri dampak bullying insecurity ujung masalah sehat mental generasi,-1,Negatif
Sun Oct 11 09:26:54 +0000 2020,sadar penting mental health sehat mental generasi memang sangat perlu dampak sangat bahaya rupa salah satu upaya jaga sehat mental tetap selalu pikir tindak positif,0,Netral
Sun Oct 11 09:26:54 +0000 2020,masa sekarang generasi rentan kena masalah sehat mental rupa generasi paling muda baru pasuk angkat kerja generasi biasa sebut generasi internet igeneration,-5,Negatif
Sun Oct 11 09:26:51 +0000 2020,generasi muda generasi harus mulai jaga sehat mental pandemi covid iniberikut beberapa solusi cegah jadi ganggu mental khusunya generasi olahraga tubuh,-6,Negatif
Sun Oct 11 09:26:50 +0000 2020,khusus generasi muda generasi inigangguan sehat mental sering jadi generasi depresi suatu ganggu hilang akal sehat akibat tekan berat alami orang skizofrenia penyalahgunaan napza lainlain,-6,Negatif
Sun Oct 11 09:26:40 +0000 2020,apa oleh hasil banyak persen generasi punya gejala gejala emosional mai fisik kait stres depresi ganguan cemas stres factor besar sebab buruk sehat mental,-3,Negatif
Sun Oct 11 09:26:36 +0000 2020,mental health thread adhikara mabaub rajabrawijaya kitasatubrawijaya kreasinyatabrawijayans masa sekarang sehat mental baik paling butuh masyarakat psikis utama generasi siapa sih generasi,-3,Negatif
Sun Oct 11 09:26:21 +0000 2020,selalu pikir positif jaga sehat jadi orang buka lupa bahagia diri refreshing cara tepat jaga mental generasi guna masa depan negara cinta indonesia,0,Netral
Sun Oct 11 09:26:20 +0000 2020,sehat mental sangat penting utama generasi sebut sangat penting dampak hidup depan cara kembang potensi diri usaha raih citacita,0,Netral
Sun Oct 11 09:26:14 +0000 2020,kalang generasi teliti laku apa tahun generasi rupa generasi sehat mental buruk banding generasi sebelumnyaa,-5,Negatif
Sun Oct 11 09:26:10 +0000 2020,banyak baca sehat mental cari bantu profesional memang butuh sekian ringkas essay mental health masa sekarang utama generasi terima kasih satu brawijaya,-3,Negatif
Sun Oct 11 09:26:10 +0000 2020,panas global ubah iklim sehat mental sangat penting utama generasi sehat mental lebih perhati banyak pihak beberapa solusi banyak sosialisasi penting sehat mental generasi,-1,Negatif
Sun Oct 11 09:26:10 +0000 2020,hidup bahagia teteapi kenyataanya kondisi psikologis sehat mental anakanak muda anggap beberapa orang beberapa picu stres generasi tingkat angka bunuh diri tingkat lapor kasus keras leceh seksual,-3,Negatif
Sun Oct 11 09:26:09 +0000 2020,individu dewasa makin banyak orang peduli penting sehat mental utama generasi generasi generasi lahir rentang tahun kembang tekonologi makin pesat dorong generasi melek teknologi akses,2,Positif
Sun Oct 11 09:26:02 +0000 2020,mental health biasa sebut sehat mental rupa tingkat sejahtera psikologis bebas ganggu kejiawaan masa sekarang sangat penting perhati point masalah banyak serang generasi,-3,Negatif
Sun Oct 11 09:25:53 +0000 2020,ubah pola hidup ini jadi sebab rentan ganggu sehat mental anak generasi loveyourself adhikara mabaub rajabrawijaya kitasatubrawijaya kreasinyatabrawijayans,-3,Negatif
Sun Oct 11 09:25:52 +0000 2020,lkeehatan mental jadi masalah anak generasi who anak muda zaman sekarang lebih rentan alami ganggu sehat mental loveyourself adhikara mabaub rajabrawijaya kitasatubrawijaya kreasinyatabrawijayans,-7,Negatif
Sun Oct 11 09:25:51 +0000 2020,mental health sehat mental generasi loveyourself adhikara mabaub rajabrawijaya kitasatubrawijaya kreasinyatabrawijayans,-1,Negatif
Sun Oct 11 09:25:50 +0000 2020,jaman sekarang sehat mental generasi lihat mulai turun individu rasa halhal sebut bukan arti rasa makin murung mulai tanam pola pikir positif,1,Positif
Sun Oct 11 09:25:27 +0000 2020,timbang halhal sebut sehat mental generasi sangat penting laku,-1,Negatif
Sun Oct 11 09:25:18 +0000 2020,faktorfaktor sebut jadi soal sendiri individu generasi akibat tinggi aksesibilitas informasi generasi jaga sehat mental sangat penting lantas bagaimana cara jaga sehat mental,-4,Negatif
Sun Oct 11 09:25:08 +0000 2020,generasi habis hampir jam aktivitas perangkat multi media elektronik dampak akrab generasi teknologi stres ganggu kondisi psikologis internet buat kondisi sehat mental generasi jadi lebih buruk,-4,Negatif
Sun Oct 11 09:25:00 +0000 2020,bagai akronim kait problem sehat mental muncul nyata perilaku generasi misal bawa asa bawa asa galfok gagal fokus mager malas gerak mereka sebut generasi generasi rebah,-5,Negatif
Sun Oct 11 09:24:59 +0000 2020,penting sehat mental generasi a thread selfcare adhikara mabaub rajabrawijaya kitasatubrawijaya kreasinyatabrawijayans,-1,Negatif
Sun Oct 11 09:24:49 +0000 2020,generasi sehat mental sebut mental health sangat penting pengaruh semangat laku suatu halmeraih pengaruh semangat mental health baik pengaruh perilaku hidup,0,Netral
Sun Oct 11 09:24:48 +0000 2020,sehat mental kala pandemi sangat penting generasi semua bimbing masyarakat generasi survive kala pandemi,-5,Negatif
Sun Oct 11 09:24:46 +0000 2020,sehat mental sangat penting generasi halo kawan kawan bagaimana kabar kalian moga baik baik amin kali jumpa sempat kali jelas erti gejala cara atas mental healt,0,Netral
Sun Oct 11 09:24:43 +0000 2020,generasi generasi sangat penting masa depan tangan generasi generasi jadi lebih baik segi pribadi sehat tubuh sehat mental,-4,Negatif
Sun Oct 11 09:24:39 +0000 2020,generasi milik sehat mental lebih buruk banding generasi lain sebab informasiinformasi masalahmasalah buat timbul khawatir,-2,Negatif
Sun Oct 11 09:24:38 +0000 2020,sehat mental sama penting sehat tubuh ada mental buruk kerap kali buruk sehat tubuh masuk generasi,-5,Negatif
Sun Oct 11 09:24:37 +0000 2020,ubah struktur kait ubah kimiawi and fungsional otak sehat mental sangat pengaruh hidup generasi benar generasi semua generasi generasi sendiri pedoman hidup,-4,Negatif
Sun Oct 11 09:24:37 +0000 2020,masa pandemi stay at home jadi salah satu sebab masalah sehat mental khusus generasi,-4,Negatif
Sun Oct 11 09:24:36 +0000 2020,cyber bullying masalah hubung keluarga pasang uji hidup kian besar sehat mental sangat perlu generasi karena terus bangsa percuma milik prestasi tinggi,1,Positif
Sun Oct 11 09:24:27 +0000 2020,generasi tengah masalah sehat mental generasi tumbuh sama makin pesat kembang teknologi informasi iring tambah usia tambah pesat kembang teknologi informasi pengaruh perilaku,5,Positif
Sun Oct 11 09:24:12 +0000 2020,sehat mental generasi perhati biar masa depan bangsa,-1,Negatif
Sun Oct 11 09:24:08 +0000 2020,penting sehat mental generasi agung cahyono putro,-1,Negatif
Sun Oct 11 09:24:01 +0000 2020,teliti american psychological association apa tahun judul stres america generation anak muda usia tahun generasi kelompok manusia kondisi sehat mental buruk banding generasigenerasi lain,-6,Negatif
Sun Oct 11 09:23:59 +0000 2020,masa sekarang atas ganggu sehat mental perlu didik mental masa generasi tugas pimpin bangsa kelak didik mental perlu generasi muda keliru arti hidup,-3,Negatif
Sun Oct 11 09:23:43 +0000 2020,stres faktor besar sebab buruk sehat mental generasi banyak sebab generasi rentan stres tingkat angka bunuh diri leceh seksual,-9,Negatif
Sun Oct 11 09:23:39 +0000 2020,sealain tunggu solusi teliti ahli hendak generasi perlu laku antisipasi cegah banyak cari informasi ajar lebih kena sehat mental,0,Netral
Sun Oct 11 09:23:33 +0000 2020,sehat mental rupa suatu ada orang rasa bebas gejalagejala ganggu jiwa jalan giat seharihari rasa ganggu sehat mental sangat penting perhati utama generasi,-5,Negatif
Sun Oct 11 09:23:32 +0000 2020,haloo semua kenal nama qaulan sadida fakultas ekonomi bisnis jurus akuntansi cluster universitas brawijaya kali aku mau bahas essay aku buat judul penting sehat mental generasi simak yuk,4,Positif
Sun Oct 11 09:23:32 +0000 2020,mahluk sosial lebih peka lingkung terima cerita masalah teman kurang jumlah angka ganggu sehat mental generasi,0,Netral
Sun Oct 11 09:23:31 +0000 2020,teliti apa stres faktor besar sebab buruk sehat mental generasi sakit mental sering hantu gen mulai rasa takut waswas panik pikir halhal jadi trauma depresi bagai,-8,Negatif
Sun Oct 11 09:23:16 +0000 2020,generasi usaha sehat mental tetap jaga ada pandemi covid buat orangorang makin stres rasa kurung kemanamana akal bagaimana cara tetap cont,-1,Negatif
Sun Oct 11 09:23:15 +0000 2020,milik sehat mental buruk banding generasigenerasi lain sedang masa pubertas milik emosional stabil stres sebab utama generasi milik sehat mental buruk,-1,Negatif
Sun Oct 11 09:23:10 +0000 2020,penting sehat mental generasi menurutorganisasi sehat dunia who sehat mental ada sejahtera mana individu wujud potensi sendiri,0,Netral
Sun Oct 11 09:21:53 +0000 2020,kali aku mau ngebahas topik banyak banget dibicarain nih akhirakhir penting sehat mental khusus generasi,0,Netral
Sun Oct 11 09:21:52 +0000 2020,sayang internet buat kondisi sehat mental generasi jadi lebih buruk generasi akrab video games main bas gadget internet jadi sumber hibur banyak orang mungkin dunia virtual memang asyik,-1,Negatif
Sun Oct 11 09:21:49 +0000 2020,halo generasi apa kabar baik baik kan bahagia kan jaga sehat mental kalian generasi melek teknologi melek internet kuasa media sosial perhati sehat mental,0,Netral
Sun Oct 11 09:21:28 +0000 2020,generasi harus jadi tenang resah jadi masyarakat laku bagai positif kecil kurang resah jadi jaga sehat mental masa pandemi,-6,Negatif
Sun Oct 11 09:21:28 +0000 2020,cemas liput banyak masyarakat salah satu generasi world health organization who maret rilis pandu masyarakat sama sama jaga sehat mental,1,Positif
Sun Oct 11 09:21:25 +0000 2020,masa pandemi masuk cukup uji kuat sehat mental gen wahai generasi apakabar yuk baca rebah enggak papa penting bikin nyaman kayak xixixixi maaf rek lol,-2,Negatif
Sun Oct 11 09:20:48 +0000 2020,semua nyata tutup sehat mental generasi sama generasi generasi belum cenderung lebih mudah alami depresi overthinking lingkung tekan pengaruh mental fisik,-6,Negatif
Sun Oct 11 09:20:43 +0000 2020,jadi kali gua bagi buah link cuit tugas gua bahas penting sehat mental generasi mungkin enggak banyak gua jelasin soal link gua kasih,-7,Negatif
Sun Oct 11 09:20:42 +0000 2020,tak heran apabila masa sekarang sedang gencargencarnya suara penting sehat mental khusus kalang generasi muda generasi generasi muda perlu beri perhati khusus sehat mental,-4,Negatif
Sun Oct 11 09:20:41 +0000 2020,beban kerja generasi makin besar rumit ikut kembang teknologi saing antar usaha efektivitas jadi faktor utama kualitas kerja era millenial sehat mental jadi penting generasi,-1,Negatif
Sun Oct 11 09:20:41 +0000 2020,sehat mental sangat penting utama generasi rupa generasi terus bangsa sadar penting sehat mental rugi diri sendiri masa depan bangsa,-4,Negatif
Sun Oct 11 09:20:40 +0000 2020,a thread penting sehat mental generasi sri wahyuni fakultas ekonomi bisnis jurus manajemen cluster loveyourself adhikara mabaub rajabrawijaya kitasatubrawijaya kreasinyatabrawijayans,0,Netral
Sun Oct 11 09:20:35 +0000 2020,banyak pantang hadap generasi buat sehat mental sangat penting milik generasi tetap waras hadap kembang teknologi,1,Positif
Sun Oct 11 09:20:24 +0000 2020,generasi mampu atur frustasi rasa takut rasa gelisah rasa khawatir sehat mental sangat penting hendak senantiasa jaga diri selalu pikir positif bijak guna media,-5,Negatif
Sun Oct 11 09:20:23 +0000 2020,masalah sehat mental jadi seluruh dunia isu sehat mental perlu perhati serius gejala upa gejala emosional fisik kait stres seringkali alami generasi generasi anak muda usia tahun,-6,Negatif
Sun Oct 11 09:20:20 +0000 2020,kondisi sehat mental generasi perlu jadi perhati banyak pihak kaji ilmiah kena sebab kondisi psikologis bagai pihak perlu terus kembang sosialisasi kena penting sadar sehat mental,-1,Negatif
Sun Oct 11 09:20:15 +0000 2020,kondisi sehat mental generasi sangat perlu jadi perhati banyak pihak beberapa solusi baik sehat mental generasi,-1,Negatif
Sun Oct 11 09:18:31 +0000 2020,kondisi sehat mental generasi perlu diperhatikansolusi lain sikap proaktif diri generasi paham kondisi sehat mental sendiri banyak baca mental komunikasi langsung psikiater,-2,Negatif
Sun Oct 11 09:18:31 +0000 2020,penting mental health generasi banyak generasi ganggu sehat mental nya pandemi miftahul jannah fmipa kimia cluster adhikara mabaub rajabrawijaya kitasatubrawijaya kreasinyatabrawijayans loveyourself,-4,Negatif
Sun Oct 11 09:18:22 +0000 2020,teknologi sehat mental teknologi rupa faktor langsung sehat mental generasi teknologi media sosial beri asa hubung bahkan benarbenar hubung,1,Positif
Sun Oct 11 09:18:21 +0000 2020,nama christian noel pasaribu fakultas ekonomi bisnis ub jurus ilmu ekonomi cluster ajak generasi pikir sehat mental mentalhealth adhikara mabaub rajabrawijaya kitasatubrawijaya kreasinyatabrawijayans,2,Positif
Sun Oct 11 09:18:20 +0000 2020,sehat mental mulai angkat bicara kena sehat mental era sekarang kini jadi daya tarik paling mati utama generasi tak sulit jumpa jurnal maupun artikel bahas sehat mental,2,Positif
Sun Oct 11 09:18:16 +0000 2020,who satu lima orang dunia alami ganggu mental teliti american psychological association apa tahun judul stres america generation gen generasi kondisi sehat mental buruk banding,-5,Negatif
Sun Oct 11 09:18:11 +0000 2020,tilik bagai nyata atas simpul sebab ganggu sehat mental generasi tuntut dasar tuntut utama bukan lingkung sendiri,-6,Negatif
Sun Oct 11 09:18:03 +0000 2020,pengaruh stres sehat mental jenis stres dampak langsung sehat mental generasi semua stres kronis rasa gen alami tingkat tingkat cemas depresi,-8,Negatif
Sun Oct 11 09:17:29 +0000 2020,penting sehat mental remaja generasiz rentan kena ganggu mental banyak ubah sesuai jadi baik psikologis emosional amp finansial adhikara mabaub rajabrawijaya kitasatubrawijaya kreasinyatabrawijayans loveyourself,-3,Negatif
Sun Oct 11 09:17:16 +0000 2020,halhal laku generasi jaga sehat mental don t dissapear cause your existence means a lot bts mikrokosmos letsgoon letsliveon adhikara mabaub rajabrawijaya kitasatubrawijaya kreasinyatabrawijayans,-2,Negatif
Sun Oct 11 09:17:13 +0000 2020,atas bagai masalah ganggu mental masa sekarang generasi lain cara jaga rawat sehat tubuh kelola stres tetap tuju hidup mulai gaul,-6,Negatif
Sun Oct 11 09:17:12 +0000 2020,generasi masa depan remaja sekarang ancam sadar penting sehat mental jadi hambat masalah mental selesai jangka waktu lama jikalau begini indonesia bangun negara,-6,Negatif
Sun Oct 11 09:17:08 +0000 2020,kondisi sehat mental generasi sangat perlu jadi perhati banyak pihak kajiankajian ilmiah kena sebab kondisi psikologis adhikara mabaub rajabrawijaya kitasatubrawijaya kreasinyatabrawijayans,-2,Negatif
Sun Oct 11 09:17:01 +0000 2020,teliti american psychological association apa tahun judul stres america generation anak muda usia tahun kelompok manusia kondisi sehat mental buruk banding generasigenerasi lain,-5,Negatif
Sun Oct 11 09:17:01 +0000 2020,teliti american psychological association apa tahun judul stres america generation anak muda usia tahun kelompok manusia kondisi sehat mental buruk banding generasigenerasi lain,-5,Negatif
Sun Oct 11 09:16:55 +0000 2020,pandemi covid tak dampak orang dewasa dampak generasi remaja wabah pandemi corona tak dipungkiri dampak hidup sosial remaja rentan alami ganggu sehat mental,-10,Negatif
Sun Oct 11 09:16:40 +0000 2020,peluang usaha rumah digital networker paling pas pilih kondisi hai tekun orang melek teknologi gaptek contoh emak youtube sehat mental generasi nilai twitter,3,Positif
Sun Oct 11 09:16:35 +0000 2020,kondisi sehat mental generasi kondisi pandemi a thread,-2,Negatif
Sun Oct 11 09:16:33 +0000 2020,sehat mental sering anggap kalah penting sehat jasmani padahal sedikit orang muda sehat bugar alami ganggu sehat mental who sebut anak muda alias generasi lebih rentan kena mental ilness,-7,Negatif
Sun Oct 11 09:16:33 +0000 2020,generasi manfaat dunia virtual tempat lari hidup nyata sayang teknologi masa kini apabila diapaakai positif buat kondisi sehat mental generasi jadi lebih buruk,0,Netral
Sun Oct 11 09:16:29 +0000 2020,penting hadap manusia panjang hidup bila generasi tak kuasa halhal lantas bagaimana lanjut hidup dunia nyata ikut cara cegah sehat mental mudah stres afirmasivisualisasi,0,Netral
Sun Oct 11 09:16:29 +0000 2020,kalian akibat pandemi covid banyak beri dampak baik dampak krisis global baik ekonomi sosial maupun sehat mental nyata sehat mental perlu perhati lo generasi dekat teknologi,-3,Negatif
Sun Oct 11 09:16:28 +0000 2020,sayang internet buat kondisi sehat mental generasi jadi lebih buruk kecenderungankecenderungan psikologis sebut dampak buruk hidup sosial generasi mampu selesai masalah hubung manusiamanusia,-3,Negatif
Sun Oct 11 09:16:25 +0000 2020,mental health is very important generasi generasi terus bangsa wajib jaga sehat fisik maupun sehat batin love yourself sabrina amaliya fakultas hukum cluster adhikara mabaub rajabrawijaya kitasatubrawijaya kreasinyatabrawijayans,-3,Negatif
Sun Oct 11 09:16:23 +0000 2020,anak muda usia tahun kelompok kondisi sehat mental buruk banding generasi lainnyadi oleh hasil banyak persen generasi punya gejalagejala emosional maupun fisik kait stres depresi,-4,Negatif
Sun Oct 11 09:16:18 +0000 2020,darurat sehat mental generasi nama devina arifta rahmadina nim fakultas dokter prodi farmasi cluster istilah bunyi live while we re young arti nikmat hidup kamu muda,1,Positif
Sun Oct 11 09:16:11 +0000 2020,banyak generasi milik masalah sehat mental salah satu depresi ganggu cemas masalah mental biasa picu tekan lingkung raih sukses tolerir gagal,-5,Negatif
Sun Oct 11 09:16:05 +0000 2020,sehat mental alami banyak orang generasi sebab beberapa tingkat angka bunuh diri tingkat lapor kasus leceh seksual panas global ubah iklim beberapa faktor picu stres generasi,-5,Negatif
Sun Oct 11 09:15:52 +0000 2020,nah generasi sikap sebut manfaat teknologi konsultasi dokter lalu halodoc klik dokter tetap jaga sehat baik fisik maupun mental,4,Positif
Sun Oct 11 09:15:42 +0000 2020,thread pengaruh media sosial sehat mental generasi anna ayuningtyas universitas brawijaya fakultas tani program studi agroekoteknologi cluster beurself adhikara mabaub rajabrawijaya kitasatubrawijaya kreasinyatabrawijayans,1,Positif
Sun Oct 11 09:15:38 +0000 2020,generasi alami ganggu sehat mental sebab ekspetasi terlalu tinggi usaha maksimal mungkin raih prestasi baik,-3,Negatif
Sun Oct 11 09:15:38 +0000 2020,banyak generasi alami ganggu sehat mental biasa akibat banyak tekan dapat ketat saing sebab rasa tekan orang tua hendak prestasi gemilang,-6,Negatif
Sun Oct 11 09:15:38 +0000 2020,ganggu sehat mental paling menghawatirkan jadi generasi generasi rupa generasi terus bangsa kelak tentu mana masa depan bangsa bawa,-4,Negatif
Sun Oct 11 09:14:21 +0000 2020,generasi terus bangsa gen hapus stigma buruk sehat mental bantu edukasi kalau teman sedang stres puruk harus bantu ditemanigunakan sosial media sebar kasih sayang alih alih hate speech,-6,Negatif
Sun Oct 11 09:14:21 +0000 2020,ubah sebut teknologi ikut kontribusi sehat mental generasi salah satu guna media sosial instagram semua orang akan berlombalomba tunjuk sempurna,-2,Negatif
Sun Oct 11 09:14:18 +0000 2020,sehat bukan sehat fisik sehat jiwa sangat penting manusia keras hingga panas global faktor turun mental health generasi adhikara mabaub rajabrawijaya kitasatubrawijaya kreasinyatabrawijayans,-2,Negatif
Sun Oct 11 09:14:17 +0000 2020,sehat mental rupa kondisi jiwa orang pengaruh tindak emosional era digitalisasi sehat mental generasi buruk banyak generasi idap sakit stres karena mampi adaptasi globalisasi,-5,Negatif
Sun Oct 11 09:14:07 +0000 2020,media sosial lingkung remaja ikut andil peran penting pengaruh sehat mental generasi candu cyberbullying rasa sepi faktor utama sangat pengaruh sehat mental remaja generasi,-6,Negatif
Sun Oct 11 09:14:06 +0000 2020,peran generasi meminimalisir ganggu sehat mental indonesia a thread nama nabila azahro safitri fakultas ilmu administrasi jurus ilmu administrasi publik cluster,0,Netral
Sun Oct 11 09:14:02 +0000 2020,penting sehat mental mental health generasi erika octaviona putri cluster fakultas ilmu administrasi jurus ilmu administrasi bisnis prodi paja,2,Positif
Sun Oct 11 09:14:01 +0000 2020,sehat mental komponen penting hidup semua laku hubung mental masa sekarang banyak anak muda khusus generasi alami ganggu mental stres depresi,-8,Negatif
Sun Oct 11 09:14:00 +0000 2020,nama lengkap adinda pramesti regita erwin kusumawati fakultas dokter jurus bidan cluster thread penting mental health masa sekarang utama generasi who sehat mental definisi ada baik individu,0,Netral
Sun Oct 11 09:13:59 +0000 2020,generasi sehat mental thread,-1,Negatif
Sun Oct 11 09:13:57 +0000 2020,gejalagejala emosional maupun fisik kait stres depresi ganggu cemas stres faktor besar sebab buruk sehat mental generasi,-7,Negatif
Sun Oct 11 09:13:53 +0000 2020,sehat mental kata sebut seringkali dengar baca generasi anggap negatif positif bahkan anggap sebut penting sama sekali parah kucil sangkut,0,Netral
Sun Oct 11 09:13:48 +0000 2020,baik generasi guna teknologi cari informasi manfaat beri dampak buruk diri sendiri utama sehat mental,-4,Negatif
Sun Oct 11 09:13:48 +0000 2020,generasi lebih muda kena ganggu sehat mental jadi ubah psikologis,-3,Negatif
Sun Oct 11 09:13:47 +0000 2020,generasi rentan ganggu sehat mental akibat kembang teknologi luas akses media siapa dipungkiri dampak teknologi mampu beri efek buruk rugi generasi,-3,Negatif
Sun Oct 11 09:13:46 +0000 2020,halo nama ramadhan mulia fajri fakultas ilmu komputer jurus pti cluster jelas penting jaga sehat mental mental health generasi,1,Positif
Sun Oct 11 09:13:44 +0000 2020,generasi pemuda rasa ada gejala ganggu sehat mental langsung cari bantuanbisa cari psikolog lalu aplikasi komunitas gerak bidang sehat mental minimal bagi cerita teman teman dekat,-5,Negatif
Sun Oct 11 09:13:44 +0000 2020,exmuslim freefromhijab makarallahlebihhebat sehat mental generasi,-1,Negatif
Sun Oct 11 09:13:42 +0000 2020,senang nyata teliti american psychological association apa tahun judul stres america generation anak muda usia tahun kelompok manusia kondisi sehat mental buruk banding generasi,-5,Negatif
Sun Oct 11 09:13:41 +0000 2020,sehat mental generasi paling banyak pengaruh media social generasi pamer hujat bahkan bullying akun media social,-4,Negatif
Sun Oct 11 09:13:40 +0000 2020,bahkan beberapa aspek lebih tingkat stres alami orang lebih tua kondisi sehat mental remaja generasi sangat perlu jadi perhati banyak pihak,-3,Negatif
Sun Oct 11 09:13:30 +0000 2020,bagai zaman ganggu sehat mental banyak jadi kalang muda zaman sekarang generasi lah kalang muda kalang rupa alih remaja dewasa,-3,Negatif
Sun Oct 11 09:13:27 +0000 2020,kondisi sehat mental generasi sangat perlu jadi perhati banyak pihak ikut komunitas milik teman bagi masalahmasalah tengah hadap langkah penting,1,Positif
Sun Oct 11 09:13:26 +0000 2020,teliti generasi rupa generasi kondisi sehat mental buruk stres faktor besar sebab buruk sehat mental generasi generasi punya gejalagejala emosional maupun fisik kait stres depresi,-7,Negatif
Sun Oct 11 09:13:20 +0000 2020,teliti american psychological association tahun judul stres america generation anak muda usia tahun kelompok manusia kondisi sehat mental buruk banding generasigenerasi lain,-4,Negatif
Sun Oct 11 09:13:13 +0000 2020,tanggulang masalah sehat mental generasi ikut upaya laku laku aktivitas fisik tetap aktif fisik pelihara pikir positif cari bantu profesional perlu,1,Positif
Sun Oct 11 09:13:08 +0000 2020,beberapa tips sebut harap mampu bantu jaga sehat mental remaja kala pandemi jangan negatif lama pandemi malah jadi rubah diri pribadi masyarakat utama generasi,-6,Negatif
Sun Oct 11 09:13:01 +0000 2020,beberapa tips generasi jaga sehat mental lama pandemi dekat tuhan atur informasi tetap tenang komunikasi teman makan gizi olahraga jaga bersih,0,Netral
Sun Oct 11 09:12:58 +0000 2020,generasi rupa generasi dominasi orang dewasa muda kenal generasi burnout dasar the health of america report burnout nyata dampak generasi utama sehat mental emosional,-3,Negatif
Sun Oct 11 09:12:57 +0000 2020,mental health jadi penting generasi khusus tumbuh besar zaman teknologi kuasa besar mungkin sehat mental ganggu ada tekan lingkung pengaruh circle teman toxic,-2,Negatif
Sun Oct 11 09:12:51 +0000 2020,sehat mental masalah sering jadi butuh perhati khusus khusus generasi anakanak usia remaja banyak anggap sehat fisik anggap sehat,-3,Negatif
Sun Oct 11 09:12:49 +0000 2020,mental health sehat mental hubung jiwa ini sangat pengaruh penting mental health diri manusia utama generasi,-1,Negatif
Sun Oct 11 09:12:47 +0000 2020,definisi generasi orang lahir tumbuh teknologi internet media sosial sehat mental pengaruh peristiwa interaksi hidup sorang sadar penting sehat mental masa depan pemuda,1,Positif
Sun Oct 11 09:12:46 +0000 2020,nama rio audi surya fakultas tani jurus agribisnis psdku diri cluster sehat mental perhati olaeh semua orang genersi generasi sendiri generasi terus generasi milenial pew reseach,-6,Negatif
Sun Oct 11 09:12:46 +0000 2020,mental health genz lahir era serba teknologi generasi kenal cukup rentan ganggu bagai soal dampak sehat mental jaga sehat sal sangat penting khusus generasi,-6,Negatif
Sun Oct 11 09:12:43 +0000 2020,bagaimana cara sikap isu sehat mental era demi generasi generasi sangat ikut kembang teknologi era jadi contoh banyak orang adhikara mabaub rajabrawijaya kitasatubrawijaya kreasinyatabrawijayans,-2,Negatif
Sun Oct 11 09:12:33 +0000 2020,ucap terima kasih panitia raja brawijaya beri sempat suara tulis penting sehat mental masa sekarang utama generasi,0,Netral
Sun Oct 11 09:12:32 +0000 2020,brilianita trisna andharbeni fakultas dokter jurus ilmu gizi cluster generasi definisi lahir rentang tahun lahir generasi lapor lebih rentan alami masalah sehat mental,1,Positif
Sun Oct 11 09:12:29 +0000 2020,generasi baik selalu jaga sehat mental rasa tuntut jadi lebih baik sempurna loveyourself adhikara mabaub rajabrawijaya kitasatubrawijaya kreasinyatabrawijayans,-2,Negatif
Sun Oct 11 09:12:28 +0000 2020,mental health biasa sebut kesehatah mental kondisi baik buruk kondisi psikologis orang sehat mental kait generasi dkondisi baik buruk kondisi psikologis mental generasi,-3,Negatif
Sun Oct 11 09:12:27 +0000 2020,biasa gejala ganggu sehat mental alami generasi indonesia sebab masalah nilai masalah teman mungkin ada masalah ekonomi,-6,Negatif
Sun Oct 11 09:12:18 +0000 2020,who sebut anak muda alias generasi rupa generasi lebih rentan kena ganggu mental ubah hidup teknologi turut kontribusi sehat mental generasi muda,-8,Negatif
Sun Oct 11 09:12:18 +0000 2020,sehat mental orang manusia perhati lebih sehat fisik sehat pikir sehat jiwa sekali utama lebih orang remaja generasi,0,Netral
Sun Oct 11 09:12:17 +0000 2020,sini bahas kena generasi generasi lahir rentang waktu bagaimana sehat mental lihat masa sekarang,0,Netral
Sun Oct 11 09:12:17 +0000 2020,dampak negatif isolasi fisik ajar remaja khusus generasi rumah banyak pengaruh sehat mental satu tugas satgas tangan covid catat kelompok remaja usia hingga tahun jadi sumber tular virus corona covid,-5,Negatif
Sun Oct 11 09:12:13 +0000 2020,sehat mental generasi buat makin kualitas generasi sehat mental jaga jaga fokus konsentrasi generasi ajar ajar jadi lebih semangat penting sehat mental genrasi,1,Positif
Sun Oct 11 09:12:09 +0000 2020,manfaat dunia virtual tempat lari hidup nyata nyata buat kondisi sehat mental generasi jadi lebih buruk tanda tanda orang alami masalah sehat mental lebih tahu lebih waspada,-3,Negatif
Sun Oct 11 09:12:08 +0000 2020,generation anak muda usia tahun kelompok manusia kondisi sehat mental buruk banding generasi generasi lain,-6,Negatif
Sun Oct 11 09:12:06 +0000 2020,devita agustina cahyaning suharto putri didik vokasi bidang ahli perban cluster sehat mental generasi generasi milenial banyak orang pikir orang sehat jarang sakit fisik loveyourself,-4,Negatif
Sun Oct 11 09:12:04 +0000 2020,empat laku generasi jaga sehat mental meski media sosial beri dampak negatif sehat mental guna sesuai perlu dampak positif dapat,1,Positif
Sun Oct 11 09:12:02 +0000 2020,mental health generasi generasi arti taylor eter orang orang lahir tahun generasi rupa generasi muda iring kembang teknologi sehat mental generasi mulai ikut dampak,-3,Negatif
Sun Oct 11 09:11:54 +0000 2020,penting sadar sehat mental millennial gen tahun jakarta ulfa maria pengaruh media sosial komunikasi pasar sikap konsumen generasi yogyakarta yogyakarta world health organization investing mental health,1,Positif
Sun Oct 11 09:11:54 +0000 2020,jurnal adab pikir islam vol no yogyakarta handayani suka darurat sehat mental generasi interagency standing committee iasc catat aspek sehat jiwa psikososial wabah covid versi rahmantio audi,-1,Negatif
Sun Oct 11 09:11:52 +0000 2020,postingan muncul agam upa kampanye quotes singkat utas alam bahkan karya seni kandung pesan dalam situ generasi ajar apa sehat mental gejalagejalanya dampak bahkan cara atas,1,Positif
Sun Oct 11 09:11:51 +0000 2020,cari teman cerita bagi masalah ikut komunitas dukung sehat mental bila perlu cari bantu klinis bila memang butuh jadi mulai sekarang generasi sadar penting sehat mental masa depan generasi ancam,-5,Negatif
Sun Oct 11 09:11:48 +0000 2020,komunitas sehat mental tingkat kompetensi individu komunitas daya capai tuju sendiri world health organization generasi generasi akrab teknologi seningga,0,Netral
Sun Oct 11 09:11:40 +0000 2020,sehat mental sama penting dua elemen ibarat reaksi arah saling pengaruh satu sama lain jaga sehat mental sama penting jaga sehat fisik generasi generasi rentan alami ganggu sehat mental,-3,Negatif
Sun Oct 11 09:11:38 +0000 2020,teliti american psychological association apa stres america generation anak muda usia tahun kelompok manusia kondisi sehat mental buruk banding generasigenerasi lain,-6,Negatif
Sun Oct 11 09:11:36 +0000 2020,sehat mental rupa ancam cukup rentan generasi generasi rupa generasi dapat alam sangat beda generasigenerasi belum alami banyak sekali ubah kembang kondisi atau ada,-6,Negatif
Sun Oct 11 09:11:30 +0000 2020,jiwa peran perintah aktif atas masalah sehat mental generasi generasi rupa terus bangsa adhikara mabaub rajabrawijaya kitasatubrawijaya kreasinyatabrawijayans,-3,Negatif
Sun Oct 11 09:11:28 +0000 2020,salah satu cara jaga sehat mental masa pandemi generasi,-3,Negatif
Sun Oct 11 09:11:27 +0000 2020,penting jaga sehat mental masa sekarang generasi a thread,-1,Negatif
Sun Oct 11 09:11:27 +0000 2020,sakit mental sebab masalah hidup hari hari dapat beberapa jenis masalah sehat mental biasa alami generasi,-5,Negatif
Sun Oct 11 09:11:26 +0000 2020,generasi perlu pandai sesuai diri kondisi banyak cara laku jaga sehat mental masa pandemi laku me time me time luang waktu jenak diri sendiri,-2,Negatif
Sun Oct 11 09:11:23 +0000 2020,tekan mental kala pandemi virus covid orang dewasa kata siapa virus covid beri dampak seluruh aspek masuk beri dampak sehat mental kalang generasi,-6,Negatif
Sun Oct 11 09:11:22 +0000 2020,teliti apa sebut oleh hasil banyak persen generasi punya gejalagejala emosional maupun fisik kait stres depresi ganggu cemas stres faktor besar sebab buruk sehat mental generasi,-6,Negatif
Sun Oct 11 09:11:19 +0000 2020,banyak faktor buat anakanak muda generas punya tingkat stres tinggi bahkan beberapa situasi lebih tingkat stres orang tua kondisi sehat mental generasi perlu jadi perhati banyak pihak,-1,Negatif
Sun Oct 11 09:11:18 +0000 2020,ganggu mental alami generasi sebab bagai tingkat kasus leceh seksual kasus bunuh diri kasuskasus lain sebab turun sehat mental generasi,-7,Negatif
Sun Oct 11 09:11:18 +0000 2020,pandemi sakit virus corona covid bukan ancam sehat fisik ancam sehat mental banyak orang utama sangat dampak generasi milenial generasi,-8,Negatif
Sun Oct 11 09:09:13 +0000 2020,data atas simpul generasi generasi milenial milik sehat mental sangat buruk adhikara mabaub rajabrawijaya kitasatubrawijaya kreasinyatabrawijayans,-3,Negatif
Sun Oct 11 09:09:12 +0000 2020,sehat mental generasi jamila taufik fakultas program didik vokasi akuntansi terap cluster a thread,-1,Negatif
Sun Oct 11 09:09:12 +0000 2020,cara jaga sehat mental hindar rasa sepi olahraga atur istirahat cukup bijaksana guna gadget media sosial khusus generasi,-3,Negatif
Sun Oct 11 09:09:11 +0000 2020,penting jaga sehat mental laku segala usia bukan orang dewasa anakanak remaja pemuda utama generasi generasi generasi kata generasi tumbuh teknologi sangat maju,-6,Negatif
Sun Oct 11 09:09:06 +0000 2020,sehat mental seringkali disalahpahami lihat fisik banyak orang lambat sadar sakit mental sebut generasi lebih rentan kena ganggu mental tekan media sosial terkadang dapat pembullyan,0,Netral
Sun Oct 11 09:09:06 +0000 2020,stres depresi faktor besar sebab buruk sehat mental generasi,-5,Negatif
Sun Oct 11 09:09:00 +0000 2020,ekspektasi generasi pengaruh sehat mental thread adhikara mabaub rajabrawijaya kitasatubrawijaya kreasinyatabrawijayans loveyourself beyourself,-1,Negatif
Sun Oct 11 09:08:59 +0000 2020,sadar penting sehat mental indonesia sangat rendah masyarakat sering salah arti sehat mental ganggu mental padahal dua amat beda ganggu mental paling banyak derita generasi,-4,Negatif
Sun Oct 11 09:08:59 +0000 2020,sehat mental sangat penting generasi sorang milik mental sehat atas tekan hidup normal laku giat produktif manfaat,1,Positif
Sun Oct 11 09:08:50 +0000 2020,generasi berbondongbondong guna media sosial dapat bagai informasi luar sana sangat dampak sehat mental guna media sosial terus terus sebab orang lebih mudah rasa kurang percaya diri,1,Positif
Sun Oct 11 09:08:39 +0000 2020,akhirakhir isu sehat mental tengah jadi sorot sadar sehat mental makin tingkat pesat kembang teknologi informasi sebut luput peran media sosial erat kait generasi,3,Positif
Sun Oct 11 09:08:24 +0000 2020,generasi lahir tumbuh tengah kembang teknologi maju banyak alami ganggu sehat mental depresi,-1,Negatif
Sun Oct 11 09:08:24 +0000 2020,zaman serba canggih banyak orang alami ganggu sehat mental utama generasi,-3,Negatif
Sun Oct 11 09:08:23 +0000 2020,mental health nama yasika permatasari fakultas dokter jurus dokter cluster a thread penting sehat mental generasi adhikara mabaub rajabrawijaya kitasatubrawijaya kreasinyatabrawijayans loveyourself,-1,Negatif
Sun Oct 11 09:08:22 +0000 2020,mental health awareness generasi sehat mental mental health ada sejahtera individu wujud potensi diri kesehayan mental sifat pribadi individu liput cara pikir rasa tindak,-1,Negatif
Sun Oct 11 09:08:16 +0000 2020,sehat mental rupa sangat penting sering remeh indonesia sehat mental jadi bagi konsep sehat uu sehat no remaja masuk generasi lahir,0,Netral
Sun Oct 11 09:08:10 +0000 2020,sehat mental sangat lah penting generasi muda generasi ikut cara cegah ganggu nya sehat mental jaga sehat tubuh jalan gaya hidup sehat jaga hubung orangorang baik masuk keluarga,-7,Negatif
Sun Oct 11 09:08:06 +0000 2020,penting sehat mental generasi indri rahayu fisip hi cluster kunci utama sehat mental terima nyata beda nyata benar loveyourself adhikara mabaub kitasatubrawijaya kreasinyatabrawijayans,1,Positif
Sun Oct 11 09:07:52 +0000 2020,harap semua kalang umur utama generasi sepele sehat mental alami gejalagejala ganggu mental segera cari tenaga ahli profesional bantu minimal gejala sebut,-5,Negatif
Sun Oct 11 09:07:52 +0000 2020,akrab generasi teknologi pengaruh aspek psikologis behavioralnya generasi cenderung manfaat teknologi lari diri hidup offline kondisi sehat mental generasi sangat perlu jadi perhati banyak pihak,-5,Negatif
Sun Oct 11 09:07:49 +0000 2020,menujukkan sehat mental penting milik jaga semua kalang utama generasi hidup ada ombangambing arus maju teknologi informasi,-1,Negatif
Sun Oct 11 09:07:41 +0000 2020,kenal nama deva sonya fakultas ilmu administrasi prodi administrasi didik cluster nah kali jelas sedikit penting jaga sehat mental utama generasi,-1,Negatif
Sun Oct 11 09:07:40 +0000 2020,arti atas tekan hidup normal fungsi produktif manfaat mampu beri kontribusi komunitas bagaimana sehat mental generasi kesana tahu dulu apa generasi,0,Netral
Sun Oct 11 09:07:30 +0000 2020,era teknologi sekarang media social sebab munculnyacyber bullying standar cantik realistis rasa tinggal temanteman jawat lainlain halhal sebut beban pikir sehat mental generasi,-3,Negatif
Sun Oct 11 09:07:23 +0000 2020,jadi penting wujud mental health generasi kembang teknologi cepat pesat sehat kuat mental sangat butuh kurang angka mati sebab bunuh diri bunuh candu narkoba,-4,Negatif
Sun Oct 11 09:07:22 +0000 2020,upaya jaga sehat mental generasi luthfiah rusyda nur rahma cluster fakultas ilmu administrasi ilmu pustaka adhikara mabaub rajabrawijaya kitasatubrawijaya kreasinyatabrawijayans,2,Positif
Sun Oct 11 09:07:18 +0000 2020,gejalagejala emosional maupun fisik kait stres depresi ganggu cemas stres faktor besar sebab buruk sehat mental generasi perlu sadar sibuk diri laku halhal positif,-6,Negatif
Sun Oct 11 09:07:17 +0000 2020,salah satu sehat mental sering jadi generasi stres dampak buruk sehat psikologi fisik generasi sekarang utama generasi lebih aware dampak sehat mental sendiri,-7,Negatif
Sun Oct 11 09:07:02 +0000 2020,sebab turun sehat mental generasi ikut tips generasi guna jaga sehat mental selektif pilih informasi tetap jaga komunikasi jalan hidup sehat,-2,Negatif
Sun Oct 11 09:06:56 +0000 2020,generasi manfaat dunia virtual tempat lari hidup nyata sayang internet buat kondisi sehat mental generasi jadi lebih buruk,-2,Negatif
Sun Oct 11 09:06:56 +0000 2020,sehat mental generasi perlu tahu penting apa sehat mental bagaimana tetap sehat mental masa pandemi,-1,Negatif
Sun Oct 11 09:06:48 +0000 2020,mental health masa sekarang utama generasi sehat mental ada sejahtera mana individu wujud potensi sendiri,0,Netral
Sun Oct 11 09:06:45 +0000 2020,teliti laku apa oleh hasil banyak persen generasi punya gejalagejala emosional maupun fisik kait stres stres faktor besar sebab buruk sehat mental generasi,-3,Negatif
Sun Oct 11 09:06:38 +0000 2020,penting jaga sehat mental generasi zjawabnnya sangat pentingmengapa jaga sehat mental mungkin orang kerja ajar jalan aktivitas seharihari nya produktif,0,Netral
Sun Oct 11 09:06:38 +0000 2020,luar arti milik masalah stabil diri jadi rasa gelisah stres buat diri stabil nah kalian tau enggak sih kalau ganggu sehat mental paling sering alami generasi loh,-5,Negatif
Sun Oct 11 09:06:37 +0000 2020,persentase ganggu mental generasi sangat tinggi milik gejalagejala emosional maupun fisik kait stres stres faktor besar sebab buruk sehat mental generasi,-5,Negatif
Sun Oct 11 09:06:37 +0000 2020,teliti american psychological association apa tahun judul stres america generation anak muda usia tahun kelompok orang manusia kondisi sehat mental buruk banding generasigenerasi lain,-5,Negatif
Sun Oct 11 09:06:29 +0000 2020,banyak sebab ganggu sehat mental generasi pandemi takut wabahamp anak muda biasa hangout sama teman jadi bosan laku psbb takut sosial mula,-4,Negatif
Sun Oct 11 09:06:28 +0000 2020,orang tua diri sdiri jaga sehat mental generasi cara orang tua lebih perhati masalah anak jadi bantu selesai bantu anak generasi kontrol,-7,Negatif
Sun Oct 11 09:06:28 +0000 2020,meski gen lihat paling sadar mental health nyata punya sehat mental buruk bandung generasi lain sema jadi banyak faktor sebab gen stres,-5,Negatif
Sun Oct 11 09:06:28 +0000 2020,sehat mental generasi sangat pengaruh baik faktor internal maupun faktor eksternal faktor internal diri sendiri keluarga fator eksternal lingkung masuk teknologi gadget,-7,Negatif
Sun Oct 11 09:06:18 +0000 2020,kelemahankelemahan sebut sebab generasi milik mental lemah tak sedikit punya ganggu sehat mental,-1,Negatif
Sun Oct 11 09:06:08 +0000 2020,mental health generasi mental health sangat penting banyak orang perhati utama usia tahun jadi generasi jaga sehat mental sangat pengaruh karakter orang sekitar,-2,Negatif
Sun Oct 11 09:06:08 +0000 2020,gangguang sehat mental jadi tak pandang umur banyakpemudapemudi generasi hadap masalah faktor picu agam antara,-1,Negatif
Sun Oct 11 09:06:05 +0000 2020,nama adinda pramesti regita erwin kusumawati fakultas dokter jurus bidan cluster thread penting mental health masa sekarang utama generasi who sehat mental definisi ada baik individu sadar,0,Netral
Sun Oct 11 09:06:04 +0000 2020,era generasi banyak sekali alami ganggu sehat mental illness beberapa faktor buat sehat mental mental health generasi ganggu,-6,Negatif
Sun Oct 11 09:06:03 +0000 2020,generasi sehat mental keutaman penting sehat mental utama generasi ialah kesiap hadap segala situasi apa mampu sosial orang individu gantung sehat mental,-3,Negatif
Sun Oct 11 09:05:59 +0000 2020,generasi amp sehat mental a thread,-1,Negatif
Sun Oct 11 09:05:48 +0000 2020,zaman sekarang generasi lebih peka aware mental health banyak generasi alami ganggu sehat mental karena tekan hidup adhikara mabaub rajabrawijaya kitasatubrawijaya kreasinyatabrawijayans,-3,Negatif
Sun Oct 11 09:05:42 +0000 2020,tanya lanjut ganggu sehat mental generasi jemput bonus demografi siap soal memang perlu jawab adhikara mabaub rajabrawijaya kitasatubrawijaya kreasinyatabrawijayans loveyourself,-1,Negatif
Sun Oct 11 09:05:42 +0000 2020,halo mungkin tahu sehat konotasi sehat arti fisik sehat nyata luas sangkut mental lho masalah generasi makin complicated sosmed terkadang buat stres depresi,0,Netral
Sun Oct 11 09:05:41 +0000 2020,ubah pola hidup kembang teknologi turut kontribusi sehat mental generasi adhikara mabaub rajabrawijaya kitasatubrawijaya kreasinyatabrawijayans loveyourself,0,Netral
Sun Oct 11 09:05:40 +0000 2020,masa sekarang banyak jadi masalah sehat mental who sebut generasi milenial lebih generasi inirentan kena ganggu mental adhikara mabaub rajabrawijaya kitasatubrawijaya kreasinyatabrawijayans loveyourself,-4,Negatif
Sun Oct 11 09:05:38 +0000 2020,beberapa cara laku generasi punya sehat mental baik peran orang tua didik anak laku keras beri edukasi penting mental health,-2,Negatif
Sun Oct 11 09:05:14 +0000 2020,generasi terus generasi sehat rupa perhati baik sehat fisik mental,-1,Negatif
Sun Oct 11 09:05:13 +0000 2020,who memamparkan beberapa solusi guna atas cegah ganggu sehat mental masyarakat utama generasi tingkat layan sehat mental masyarakat,0,Netral
Sun Oct 11 09:04:58 +0000 2020,generasi hadap stres sehat mental dapat indikasi sedang usaha atas baik masalah buat masa depan masa depan dunia jadi jauh lebih cerah,-3,Negatif
Sun Oct 11 09:04:48 +0000 2020,kalian tahu sendiri beberapa dekade belakang orangorang duli mental health makin kesini orangorang makin sadar berapa penting sehat mental utama generasi generasi,-1,Negatif
Sun Oct 11 09:04:48 +0000 2020,kondisi psikologis sehat mental anak muda zaman sekarang nyata baik anggap orang teliti apa generasi usia tahun kelompok manusia sehat mental buruk banding generasi belum,-6,Negatif
Sun Oct 11 09:04:47 +0000 2020,generasi hati hati guna media sosial media sosial dampak sehat mental orang,1,Positif
Sun Oct 11 09:04:44 +0000 2020,era digital generasi sangat sulit lepas internet gadget ternyta guna internet gadget sangat dampak sehat mental loh contohcontohnya jabar dislide lanjut,-1,Negatif
Sun Oct 11 09:04:40 +0000 2020,hi izzatul athiyah jurus statistika fakultas mipa cluster raja brawijaya sehat mental sangat penting generasi saveyourhealth adhikara mabaub rajabrawijaya kitasatubrawijaya kreasinyatabrawijayans,0,Netral
Sun Oct 11 09:04:40 +0000 2020,thread mental health nama lengkap adzhani dalilati hafizhah fakultas ekonomi bisnis jurus manajemen cluster jaga sehat mental generasi masa pandemi me time,-1,Negatif
Sun Oct 11 09:04:39 +0000 2020,ratarata generasi alami ganggu sehat mental ganggu sehat mental alami generasi rasa sepi jauh keuarga sedih pikir rumit rasa cemas lebih bagai,-12,Negatif
Sun Oct 11 09:04:37 +0000 2020,jaga mental tetap stabil generasi dekat teknologi hingga punya akses informasi luas perlu sikap proaktif paham kondisi sehat mental sendiri,5,Positif
Sun Oct 11 09:04:36 +0000 2020,tingkat stres tinggi bareng mudah akses informasi self harm besar mungkin anakanak muda generasi punya kondisi sehat mental buruk,-2,Negatif
Sun Oct 11 09:04:36 +0000 2020,cara jaga sehat mental generasi,-1,Negatif
Sun Oct 11 09:04:34 +0000 2020,a thread penting sehat mental generasi,-1,Negatif
Sun Oct 11 09:04:29 +0000 2020,penelitianamerican psychological associationapa tahun judul stres america generation anak muda usia tahun kelompok manusia kondisi sehat mental buruk banding generasigenerasi lain,-4,Negatif
Sun Oct 11 09:04:27 +0000 2020,betapa pentignya jaga sehat mental masa pandemi utama generasi world health organizationwho rilis pandu masyarakat samasama jaga sehat mental,1,Positif
Sun Oct 11 09:04:23 +0000 2020,mental health generasi perlu perhati seluruh kalang anggap sehat mental lebih ganggu orang dewasa salah melinia p fpik bp clstr adhikara mabaub rajabrawijaya kitasatubrawijaya kreasinyatabrawijayans,0,Netral
Sun Oct 11 09:04:23 +0000 2020,teliti apa sebut banyak persen generasi punya gejala emosional maupun fisik kait stres depresi ganggu cemas stres faktor besar sebab buruk sehat mental generasi,-7,Negatif
Sun Oct 11 09:04:15 +0000 2020,beberapa tahun akhir bagai riset tunjuk sehat mental ada darurat rentan terumata gen generasi bukan cenderung dekat teknologi dekat kondisi sehat mental miris,-5,Negatif
Sun Oct 11 09:04:15 +0000 2020,banyak sekali ancam sehat mental hadap gen ironi ncaman sebut muncul akibat masif kembang teknologi teliti generasi anggap generasi paling sepi,-4,Negatif
Sun Oct 11 09:04:03 +0000 2020,ubah jadi lama pandemik covid pengaruh sehat mental generasi maupun orang rasa dampak ubah bijak jadi stres lebih turun imun tubuh akhir ancam sehat fisik,-6,Negatif
Sun Oct 11 09:04:01 +0000 2020,banyak masyarakat sangat tabu bahkan anggap remeh sehat mental padahal sehat mental rupa penting generasi zaman sosial media,1,Positif
Sun Oct 11 09:03:58 +0000 2020,penting jaga sehat mental pandemi covid generasi pandemi covid tak dampak infeksi semua masyarakat dunia,-5,Negatif
Sun Oct 11 09:03:52 +0000 2020,sehat mental tingkat sejahtera psikologis tiada ganggu jiwa sehat mental rupa penting lebih perhati masyarakat dunia utama generasi,1,Positif
Sun Oct 11 09:03:52 +0000 2020,akhir masalah sehat mental generasi suatu sederhana kompleks sama mana masalah solusi bagai aspek hidup libat banyak pihak wujud baik benar end,-2,Negatif
Sun Oct 11 09:03:50 +0000 2020,a t h r e a penting sehat mental generasi nama miftahur rohmah al magfiroh jurus didik dokter gigi fakultas dokter gigi cluster loveyourself adhikara mabaub rajabrawijaya kitasatubrawijaya kreasinyatabrawijayans,-1,Negatif
Sun Oct 11 09:03:49 +0000 2020,tangan sehat mental generasi perlu edukasi intervensi kondisi hidup didik kena hubung sehat intervensi lingkung keluarga sosial sehat perlu normalisasi jadi trigger sehat mental remaja negatif,1,Positif
Sun Oct 11 09:03:43 +0000 2020,penting sehat mental generasi orang milik sehat mental hal sehat fisik perlu jaga pelihara organisasi sehat dunia who,3,Positif
Sun Oct 11 09:01:59 +0000 2020,buat banyak masalah sehat mental muncul jadi cikal bakal sakit sehat mental generasi antara tingkat angka bunuh diri tingkat lapor kasus keras leceh seksual,-2,Negatif
Sun Oct 11 09:01:57 +0000 2020,produktif hasil peran masyarakat era sekarang generasi harusmengetahui apa sih penting sehat mental diri sendiri banyak generasi milik ganggu mental mental illness milik banyak faktor,-3,Negatif
Sun Oct 11 09:01:56 +0000 2020,sehat mental sangat penting pengaruh semua aspek baik emosional fisik maupun sosial sehat mental sangat perlu generasi tahan tengah pandemi sekarang,-1,Negatif
Sun Oct 11 09:01:53 +0000 2020,anak muda usia tahun kelompok manusia kondisi sehat mental buruk banding generasigenerasi lain teliti apa sebut oleh hasil banyak persen generasi punya gejalagejala emosional maupun fisik,-3,Negatif
Sun Oct 11 09:01:53 +0000 2020,jadi simpul sehat mental sangat penting generasi ingat besar akibat timbul sehat mental ganggu beberapa alas utama tanggung jawab generasi deskripsi,-5,Negatif
Sun Oct 11 09:01:52 +0000 2020,jadi sehat mental sangat penting generasi alas generasi rupa calon generasi bangsa indonesia dua kondisi mental pengaruh hidup generasi dewasa,-2,Negatif
Sun Oct 11 09:01:50 +0000 2020,kondisi masa tingkat stres ganggu sehat mental alami generasi utama sedang sekolah sedang kuliah guru tinggi makin tingkat tahun tahun,1,Positif
Sun Oct 11 09:01:37 +0000 2020,teknologi serta tumbuh kembang generasi pengaruh pribadi paling utama perlu perhati sehat mental generasi generasi lahir generasi semua hubung teknologi,-1,Negatif
Sun Oct 11 09:01:36 +0000 2020,generasi khusus generasi peduli sehat mental tiap individu bahkan diri sendiri ganggu bahkan sebut tantang global segera hadap baik,-6,Negatif
Sun Oct 11 09:01:34 +0000 2020,oleh informasi edar lebih banyak pikir timbul stres makin generasi tahu informasiinformasi sebut makin papar dalam sehat mental sebut,1,Positif
Sun Oct 11 09:01:33 +0000 2020,penting mental health generasi definisi sehat mental who kondisi sejahtera orang individu sadar mampu sendiri atas tekan hidup normal kerja produktif amp mampu beri kontribusi komunitas,1,Positif
Sun Oct 11 09:01:29 +0000 2020,perhati penting sehat mental generasi adapun solusisolusi terap jaga kondisi sehat mental solusi baik masalah sebut coba senyum bagi cerita sosial dunia luar,0,Netral
Sun Oct 11 09:01:28 +0000 2020,peran penting sehat mental generasi jaga fokus konsentrasi cipta tubuh sehat tingkat daya tahan tubuh bangkit sulit jaga hubung baik,-2,Negatif
Sun Oct 11 09:01:26 +0000 2020,hingga isuisu negara isuisu sebut jadi masalah serius generasi gantung bagaimana tangkap arti isu masalah sebut tinggi akses informasi pengaruh sehat mental makin mudah,-4,Negatif
Sun Oct 11 09:01:24 +0000 2020,sehat mental generasi ganggu sanggup maju negara generasi pandai jaga diri apa rusak sehat mental gadget sosial media,-3,Negatif
Sun Oct 11 09:01:23 +0000 2020,penting mental health masa sekarang utama generasi wikipedia sehat jiwa sehat mental tingkat sejahtera psikologis tiada ganggu jiwa organisasi sehat dunia who sehat mental,0,Netral
Sun Oct 11 09:01:22 +0000 2020,simpul semua milik ancam sehat mental berbedabeda kaum generasi sangat rentan ancam sebut,-3,Negatif
Sun Oct 11 09:01:21 +0000 2020,sehat mental sangat penting perhati utama generasi muda sekarang generasi generasi ini jadi pegang masa depan negara,-5,Negatif
Sun Oct 11 09:01:20 +0000 2020,sehat mental generasi mungkin ganggu masa pandemi iniseperti tahu covid sedang landa dunia timbul banyak sekali ubah proses ajar laku daring komunikasi,-5,Negatif
Sun Oct 11 09:01:19 +0000 2020,generasi anggap generasi paling sepi akibat pola tidur media sosial lingkung milik mungkin besar alami masalah sehat mental fisik akibat situasi hadap,-3,Negatif
Sun Oct 11 09:01:16 +0000 2020,tadi sedikit alas sehat mental penting semua utama generasi jangan sungkan minta bantu ahli kalian rasa beda atau kena mental kalian,-8,Negatif
Sun Oct 11 09:01:16 +0000 2020,sehat mental ganggu hambat generasi maksimal potensi diri dampak diri masa depan orang orang sekitar bahkan dampak negara,-5,Negatif
Sun Oct 11 09:01:15 +0000 2020,utama generasi jaga sehat mental baik jalan aktivitas lebih baik mental tubuh sehat lebih banyak aktivitas aktivitas manfaat laku,1,Positif
Sun Oct 11 09:01:14 +0000 2020,sehat mental rupa penting perhati khusus generasi kurang peduli bahkan rasa sehat mental penting beberapa alas sehat mental penting generasi,-3,Negatif
Sun Oct 11 09:01:13 +0000 2020,kondisi sehat mental generasi perlu jadi perhati banyak pihak kajiankajian ilmiah kena sebab kondisi psikologis bagai pihak perlu terus kembang sosialisasi kena penting mental health,-2,Negatif
Sun Oct 11 09:01:11 +0000 2020,sangat penting jaga sehat mental zaman sekarang masa pandemi covid semua orang perlu jaga sehat mental ganggu mental serang siapa masuk generasi remaja usia,-6,Negatif
Sun Oct 11 09:01:09 +0000 2020,sadar penting sehat mental masa depan generasi ancam,-2,Negatif
Sun Oct 11 09:01:05 +0000 2020,generasi punya gejalagejala emosional maupun fisik kait stres depresi ganggu cemas stres faktor besar sebab buruk sehat mental generasi,-7,Negatif
Sun Oct 11 09:01:05 +0000 2020,kondisi psikologis sehat mental anak muda anggap orang anak muda usia tahun generasi kondisi sehat mental buruk banding generasigenerasi lain generasi rupa generasi muda,-9,Negatif
Sun Oct 11 09:00:32 +0000 2020,halo nama kintan ayudhia utami fisip jurus psikologi cluster thread papar ringkas essay judul rapuh sehat mental generasi muda generasi,-3,Negatif
Sun Oct 11 09:00:32 +0000 2020,pemaparanpemaparan sebut tunjuk generasi tak dekat teknologi dekat kondisi sehat mental buruk adhikara mabaub rajabrawijaya kitasatubrawijaya kreasinyatabrawijayans loveyourself,-2,Negatif
Sun Oct 11 09:00:30 +0000 2020,stigma kurang tahu kena sehat mental buat topik penting angkat khusus generasi generasi sendiri orang lahir tahun,-2,Negatif
Sun Oct 11 09:00:29 +0000 2020,muhammad imam hanafi teknik komputer fakultas illmu komputer universitas brawijaya cluster sehat mental perlu jaga utama generasi generasi terus bangsa loveyourself adhikara mabaub rajabrawijaya kitasatubrawijaya kreasinyatabrawijayans,-2,Negatif
Sun Oct 11 09:00:29 +0000 2020,bahkan beberapa aspek lebih tingkat stres orangorang lebih tuakondisi sehat mental generasi sangat perlu jadi perhati banyak pihak,0,Netral
Sun Oct 11 09:00:28 +0000 2020,thread penting sehat mental masa sekarang utama generasi nama elvina lus fakultas ilmu administrasi jurusanilmu administrasi publik cluster sehat mental rupa buah kondisi individu bebas segala bentuk gejala ganggu mental,0,Netral
Sun Oct 11 09:00:27 +0000 2020,emosional maupun fisik kait stres depresi ganggu cemas stres faktor besar sebab buruk sehat mental generasi zbanyaknya waktu habis akses internetlamakelamaan tahu jelma jadi buah,-7,Negatif
Sun Oct 11 09:00:27 +0000 2020,generasi rupa lahir tahun generasi rupa generasi milik kondisi sehat mental buruk banyak asumsi kata makin muda makin dikit masalah hidup alami nyata generasi justru,-5,Negatif
Sun Oct 11 09:00:26 +0000 2020,penting sehat mental generasi zaman sekarangkesehatan mental tingkat sejahtera psikologis tiada ganggu jiwa sehat jiwa diri beberapa jenis kondisi umum kategori kondisi sehat ganggu cemas,-3,Negatif
Sun Oct 11 09:00:26 +0000 2020,paham penting sehat mental generasi harap bantu termovitasi jaga,-1,Negatif
Sun Oct 11 09:00:26 +0000 2020,sehat mental utama generasi perlu pantau serius generasi terus bangsa jaga sehat mental laku diri sendiri cara,-3,Negatif
Sun Oct 11 09:00:26 +0000 2020,kondisi sehat mental generasi sangat perlu jadi perhati banyak pihak perlu terus kembang sosialisasi kena penting sadar sehat mental,0,Netral
Sun Oct 11 09:00:25 +0000 2020,penting generasi milik sehat mental kuat mudah pancing atau rasa pojok komentarkomentar jelas,-2,Negatif
Sun Oct 11 09:00:25 +0000 2020,kondisi tentu sangat prihatin generasi rentang usia tahun masa remaja jadi langkah awal dewasa diri coba halhal baru jadi ubah sehat mental buruk,-3,Negatif
Sun Oct 11 09:00:24 +0000 2020,stres faktor besar sebab buruk sehat mental generasi mulai rasa takut waswas panik depresi gejala menucul sakit mental akibat banyak anak muda pergi pskiater ringan derita ganggu mental,-12,Negatif
Sun Oct 11 09:00:24 +0000 2020,teliti pew research center generasi lahir lebih penting sehat mental banding masalah klasik remaja generasigenerasi belum rentan masalah mental guna gadget terus terus,-1,Negatif
Sun Oct 11 09:00:24 +0000 2020,sehat mental sangat penting remaja biasa sebut generasi lebih kondisi pandemi sekarang pandemi dampak sehat fisik kondisi mental orang,-4,Negatif
Sun Oct 11 09:00:24 +0000 2020,generasi apa sih generasi arti taylor amp eter orangorang lahir tahun tahun rupa golong muda kondisi sehat mental buruk utama stres banding generasigenerasi lain,-4,Negatif
Sun Oct 11 09:00:24 +0000 2020,tak kalah penting sehat mental generasi generasi milenial kondisi sekarang kaum milenial lah punya potensi cukup rawan alami ganggu sehat mental anatara pengaruh lingkung gaul,-6,Negatif
Sun Oct 11 09:00:23 +0000 2020,harga orang ubah ini picu ada konflik diri remaja sendiri sebab dampak baik maupun dampak buruk pengaruh sehat mental remaja khusus generasi,-7,Negatif
Sun Oct 11 09:00:23 +0000 2020,iring kembang zaman sehat mental jadi perlu kupas utama generasi makin banyak kasus sakit mental jadi dasar tulis essay bentuk ikut jaga generasi tetap sehat baik fisik maupun psikis,1,Positif
Sun Oct 11 09:00:22 +0000 2020,generasi dekat teknologi perlu sikap proaktif paham kondisi sehat mental diri sendiri,-1,Negatif
Sun Oct 11 09:00:21 +0000 2020,hingga buruk perilaku bunuh diri anggap salah satu jalan keluar atas ganggu sehat mental alami derita tangan ganggu sehat mental generasi selalu pikir positif usaha selalu,-8,Negatif
Sun Oct 11 09:00:21 +0000 2020,siapa sebut generasi generasi anak muda usia tahun kelompok manusia kondisi sehat mental lebih buruk banding generasi lainnyamengapa jadi,-5,Negatif
Sun Oct 11 09:00:19 +0000 2020,bagai contoh ganggu sehat mental stres depresi ganggu cemas bipolar banyak who sebut generasi milenial generasi lebih rentan kena ganggu mental,-9,Negatif
Sun Oct 11 09:00:17 +0000 2020,teliti stres america generation laku american psychological association apa tahun generasi rupa generasi milik kondisi sehat mental buruk banding generasigenerasi lain,-4,Negatif
Sun Oct 11 09:00:15 +0000 2020,generasi hidup tak pisah media sosial bagaimana cara jaga sehat mental jadi orang adiktif media sosial nah cara simak,-1,Negatif
Sun Oct 11 09:00:15 +0000 2020,jelas bukan diannggap enteng fakta sebut laku bunuh diri akibat stres atau sakit sehat mental lain generasi muda biasa sebut generasi,-10,Negatif
Sun Oct 11 09:00:15 +0000 2020,media sosial sedikit banyak ambil andil pengaruh sehat mental generasi tahu masyarakat sekarang utama generasi akan asuh media sosial betumbuh kembang media sosial,1,Positif
Sun Oct 11 09:00:14 +0000 2020,masalah masalah sebut nilai jadi sebab utama stres generasi teknologi turut kontribusi sehat mental generasi muda salah satu pengunaan media sosial,-6,Negatif
Sun Oct 11 09:00:14 +0000 2020,kasus sehat mental lebih banyak alami generasi muda generasi maslaah ganggu mental harus atas baik bijak efektif derita,-6,Negatif
Sun Oct 11 09:00:14 +0000 2020,jadi simpul pandemi virus corona bukan serang sistem ekonomi akibat ganggu sehat mental beberapa orang utama generasi,-5,Negatif
Sun Oct 11 09:00:14 +0000 2020,hidup tingkat resiko stres depresi tambah masalah bahaya derita tangan benar lantas bagaimana upaya generasi atas soal sehat mental masa pandemi,-6,Negatif
Sun Oct 11 09:00:14 +0000 2020,perlu laku generasi sehat mental ganggu,-1,Negatif
Sun Oct 11 09:00:13 +0000 2020,kondisi sehat generasi sangat perlu jadi perhati banyak pihak sehat mental sama penting sama bahaya sehat fisik,0,Netral
Sun Oct 11 09:00:13 +0000 2020,anak muda usia tahun kelompok manusia kondisi sehat mental buruk banding generasigenerasi lain generasi arti taylor amp eter orangorang lahir tahun tahun,-3,Negatif
Sun Oct 11 09:00:13 +0000 2020,stres lebih sebab ganggu mental jadi generasi amp masyarakat indonesia hendak usaha maksimal mungkin kena sakit ganggu sehat mental,-5,Negatif
Sun Oct 11 09:00:13 +0000 2020,cemas banyak temu indonesia utama lingkung dipungkiri ada pandemi jadi pengaruh sehat manusia khusus sehat mentalbagi generasi tahun anggap masa sulit,-1,Negatif
Sun Oct 11 09:00:12 +0000 2020,alas buat generasi alami ganggu sehat mental rasa bosan terlalu sering rumah sekolah biasa laku ajar tatap muka temu teman teman,1,Positif
Sun Oct 11 09:00:12 +0000 2020,sehat mental sengat penting selalu jaga utama generasi stayhealthy adhikara mabaub rajabrawijaya kitasatubrawijaya kreasinyatabrawijayans,-1,Negatif
Sun Oct 11 09:00:12 +0000 2020,kondisi sehat mental generasi sangat perlu jadi perhati banyak pihak sadar penting sehat mental masa depan pemuda ancam segala potensi milik mimpi punya jadi hambat con,1,Positif
Sun Oct 11 09:00:12 +0000 2020,generasi lebih rentan alami ganggu sehat mental generasigenerasi belum padahal generasi generasi lanjut waris generasi belum,-6,Negatif
Sun Oct 11 09:00:12 +0000 2020,generation kelompok manusia kondisi sehat mental buruk banding generasigenerasi lain anak muda usia tahun lebih tahun rupa tahun krisis global pandemi covid ancam sehat,-5,Negatif
Sun Oct 11 09:00:11 +0000 2020,bahkan beberapa pihak nyata isu sehat mental kurang jadi perhati indonesia generasi milik catat khusus isu sehat mental teliti american psychological association apa tahun judul stres america,-5,Negatif
Sun Oct 11 09:00:11 +0000 2020,apa sih mental heath mental health arti sehat mental rupa ada psikologi emosial suatu individu guna interaksi orang nah pandemi mental health generasi perlu perhati,1,Positif
Sun Oct 11 09:00:10 +0000 2020,banyak sekali sebab muncul ganggu sehat mental salah satu rasa sepi sepi alami generasi kait banyak salah satu diskriminasi,-8,Negatif
Sun Oct 11 09:00:10 +0000 2020,nah masa pandemi sekarang sehat mental sangat rentan jadi masyarakat utama generasi,-3,Negatif
Sun Oct 11 09:00:10 +0000 2020,data atas simpul generasi generasi milenial milik sehat mental kurang baik,-3,Negatif
Sun Oct 11 09:00:10 +0000 2020,penting sehat mental generasi a thread,-1,Negatif
Sun Oct 11 09:00:10 +0000 2020,generasi masuk mahasiswa jaga sehat mental diri sendiri alangkah baik jalan upaya cegah ganggu sehat mental terjadilebih baik cegah obat terima kasih,-5,Negatif
Sun Oct 11 09:00:10 +0000 2020,kondisi sehat mental generasi sangat perlu jadi perhati banyak pihak generasi dekat teknologi perlu sikap proaktif paham sehat mental sendiri generasi perlu manfaat akses informasi cari bantu klinis cont,0,Netral
Sun Oct 11 09:00:10 +0000 2020,stres faktor besar sebab buruk sehat mental generasi sebab tingkat kasus bunuh diri kasus leceh seksual hingga panas global tambah sekarang ada pandemi covid,-6,Negatif
Sun Oct 11 09:00:10 +0000 2020,generasi darurat sehat mental a thread loveyourself adhikara mabaub rajabrawijaya kitasatubrawijaya kreasinyatabrawijayans,-1,Negatif
Sun Oct 11 09:00:09 +0000 2020,teliti american psychological association apa tahun judul stres america generation anak muda usia tahun kelompok manusia kondisi sehat mental buruk banding generasi,-5,Negatif
Sun Oct 11 09:00:09 +0000 2020,narkoba ubah besar biasa makan rasa marah benci lebih ingin bunuh diri era generasi makin lihat banyak perilaku arah sehat mental ganggu picu paling pengaruh dunia maya media,-2,Negatif
Sun Oct 11 09:00:09 +0000 2020,hai semua kenal nama davina salsabilla inam carissa fakultas ekonomi bisnis universitas brawijaya jurus akuntansi cluster sini aku mau bagi cerita nih bagaimana penting sehat mental generasi simak terus akhir,0,Netral
Sun Oct 11 09:00:09 +0000 2020,stres faktor besar sebab buruk sehat mental generasi tingkat angka bunuh diri tingkat lapor kasus keras leceh seksual hingga panas global ubah iklim beberapa faktor picu stres generasi,-7,Negatif
Sun Oct 11 09:00:08 +0000 2020,jaga sehat mental sangat penting utama generasi lama masa pandemi pelajarmahasiswa ajar daring tak salah maksud tingkat paham ajar teknologi sekarang makin canggih,-2,Negatif
Sun Oct 11 09:00:08 +0000 2020,who sebut anak muda alias generasi milenial lebih rentan kena ganggu mental stres faktor besar sebab buruk sehat mental generasi,-9,Negatif
Sun Oct 11 09:00:08 +0000 2020,mental health generasi hai aku nabi fakultas teknik jurus teknik sipil cluster aku mau kasitau penting jaga sehat mental cara obat loveyourself adhikara mabaub rajabrawijaya kitasatubrawijaya kreasinyatabrawijayans,-2,Negatif
Sun Oct 11 09:00:07 +0000 2020,kondisi sehat mental generasi sangat perlu jadi perhati banyak pihakselain kajiankajian ilmiah kena sebab kondisi psikologis bagai pihak perlu terus kembang sosialisasi kena penting sadar jaga sehat mental,-1,Negatif
Sun Oct 11 09:00:07 +0000 2020,postpartum depression serang ibu melahirkanpara teliti nyata dapat ubah struktur otak orang idap sakit mentalsayangnya internet buat kondisi sehat mental generasi jadi lebih buruk,-2,Negatif
Sun Oct 11 09:00:07 +0000 2020,hai kenal aku ferdhy ihza armanda salah satu ribu mahasiswa baru universitas brawijaya aku fakultas ilmu komputer prodi sistem informasi kluster aku mau jelasin nih penting sehat mental masa sekarang utama generasi,-1,Negatif
Sun Oct 11 09:00:06 +0000 2020,teliti apa banyak persen generasi punya gejalagejala emosional maupun fisik kait stres depresi ganggu cemas stres faktor besar sebab buruk sehat mental generasi,-7,Negatif
Sun Oct 11 09:00:05 +0000 2020,generasi sangat kait keburu sehat mental lihat rendah attitude perilaku anak muda jauh kata baik baik diri sendiri maupun orang penting ada kesadarah sehat mental generasi zaman sekarang,-7,Negatif
Sun Oct 11 09:00:05 +0000 2020,generasi sekarang remaja tidak bebas masalah sehat mental masa remaja penuh gejolak ubah buat lebih rentan remaja milik sehat mental tengah ganggu jiwa orang dewasa bentuk umur,-3,Negatif
Sun Oct 11 09:00:05 +0000 2020,generasi harus jaga sehat mental alami gejalah sehat mental banyak resiko dampak buruk diri pelihara sehat wadah umur panjang mario teguh,-4,Negatif
Sun Oct 11 09:00:05 +0000 2020,mungkin kejut anggota generasi lebih selaras sehat mental sendiri generasi belum mentalhealthmatters,-3,Negatif
Sun Oct 11 09:00:05 +0000 2020,sehat mental jadi penting generasi who pandemi timbul ganggu mental serius kemudian tegas psychiatry india times jama networks open cnn,-6,Negatif
Sun Oct 11 09:00:05 +0000 2020,jelas cara atas sehat mental generasi salur stres makna produktif generasi awal mulai terap pola hidup sehat konsultasi psikolog psikiater,1,Positif
Sun Oct 11 09:00:05 +0000 2020,lansir meski generasi lebih rentan alami ganggu mental lebih sigap lapor kondisi sehat mental generasi laku awat rutin profesional sehat mental,-2,Negatif
Sun Oct 11 09:00:04 +0000 2020,banyak jumlah media massa bas internet media daring buat generasi makin dekat informasi seluruh dunia beberapa jadi buah solusi jaga sehat mental generasi,1,Positif
Sun Oct 11 08:56:10 +0000 2020,penting mental health generasi sehat mental suatu kondisi pengaruh peristiwa hidup tinggal dampak besar pribadi perilaku orang sehat mental ganggu timbul gangguanpenyakit mental,-3,Negatif
Sun Oct 11 08:55:54 +0000 2020,penting mental health sehat mental generasi masa pandemi covid,-2,Negatif
Sun Oct 11 08:55:35 +0000 2020,penting mental health sehat mental generasi a trhead,-1,Negatif
Sun Oct 11 08:54:25 +0000 2020,sehat mental sifat pribadi orang rupa ada sejahtera tiap individu wujud potensi sendiri sehat mental penting hidup khusus generasi,1,Positif
Sun Oct 11 08:54:22 +0000 2020,a thread generasi teknologi sehat mental nama ribkah wahyu santika fakultas terna cluster mentalhealthday careforyourself adhikara mabaub rajabrawijaya kitasatubrawijaya kreasinyatabrawijayans,0,Netral
Sun Oct 11 08:53:59 +0000 2020,generasi beri sadar penting sehat mental cara ikut,-2,Negatif
Sun Oct 11 08:53:21 +0000 2020,halhal tadi nanti akibat stres depresi sering cemas stres ini jadi faktor besar sebab buruk sehat mental generasi,-7,Negatif
Sun Oct 11 08:49:10 +0000 2020,beberapa tahun akhir isu penting tingkat perhati sehat mental naik masyarakat khusus kalang generasi punya juluk generasi internet generasi khusus platform media sosial twitter,0,Netral
Sun Oct 11 08:49:09 +0000 2020,ganggu sehat mental serang siapa sini bahas betapa rentan generasi,-2,Negatif
Sun Oct 11 08:47:43 +0000 2020,rentan generasi ganggu sehat mental masa pandemi covid sehat mental baik kondisi batin ada ada tentram mungkin nikmat hidup seharihari harga orang,-3,Negatif
Sun Oct 11 08:44:25 +0000 2020,sehat mental generasi nikmat hidup kamu muda jaga sehat mental stres laku senang olahraga pikir positif love yourself and stay healthy adhikara mabaub rajabrawijaya kitasatubrawijaya kreasinyatabrawijyans,-1,Negatif
Sun Oct 11 08:43:25 +0000 2020,walaupun sulit guna guna media sosial era digital generasi tahu batas ganggu sehat mental penting generasi depan sehat mental baik diri sendiri,-3,Negatif
Sun Oct 11 08:42:23 +0000 2020,pengaruh covid sehat mental anakanak remaja khusus generasi a thread,-2,Negatif
Sun Oct 11 08:42:04 +0000 2020,generasi jadi sang laku cyberbullying cari lari dunia nyata ganggu sehat mental sangat dampak guna media sosial lebih terus terus lihat konten media sosial negatif,0,Netral
Sun Oct 11 08:40:07 +0000 2020,picu ganggu sehat mental media sosial karena hampir semua generasi punya media sosial dampak aksesibilitas informasi sangat tinggi,-2,Negatif
Sun Oct 11 08:39:53 +0000 2020,generasi milik sehat mental buruk persen generasi punya gejala emosional amp fisik dampak sehat mental depresi stres cemas,-4,Negatif
Sun Oct 11 08:38:55 +0000 2020,media sosial menganggu sehat mental generasi a thread nama edelweis fakultas hukum cluster,0,Netral
Sun Oct 11 08:37:57 +0000 2020,buah artikel cnbc sebut gen adu alami lumpuh lama pndemi generasi muda kata sehat mental buruk signifikan lama masa pandemi cont,-10,Negatif
Sun Oct 11 08:37:44 +0000 2020,stres faktor besar sebab buruk sehat mental generasi stres alami banyak orang generasi sebab beberapa salah satu leluasa media massainternet era sekarang,-8,Negatif
Sun Oct 11 08:36:04 +0000 2020,generasi baik perhati sehat mental sehat mental anggap remeh ganggu mental cukup parah picu orang sebut bunuh diri rangkul orangorang milik ganggu mental sebut,-7,Negatif
Sun Oct 11 08:35:39 +0000 2020,generasi era pisah teknologi era beri dampak poaitif negative generasi salah satu dampak buruk palinv ancam generasi ada ganggu sehat mental mental health,-10,Negatif
Sun Oct 11 08:35:38 +0000 2020,generasi kelompok demografis ganti generasi milenial generasi alfa belum generasi lebih rentan masalah sehat mental mungkin hadap turun mampu kognitif utama kalang elit kognitif,-7,Negatif
Sun Oct 11 08:35:35 +0000 2020,penting mental health generasi orang milik sehat mental hal sehat fisik perlu jaga memeliharanyakita generasi generasi terus bangsa penting kira jaga stabil sehat mental,0,Netral
Sun Oct 11 08:33:06 +0000 2020,nama dewi iva rochmawati fakultas terna cluster sehat mental mental health rupa tingkat sejahtera psikologis tiada ganggu jiwakesehatan mental sangat penting generasi mentalhealth rajabrawijaya,0,Netral
Sun Oct 11 08:32:21 +0000 2020,soal sehat mental sayang terlalu perhati banding sehat fisik anak muda alias generasi lebih rentan alami masalah ganggu mental,-8,Negatif
Sun Oct 11 08:21:59 +0000 2020,paham ilmu kedokteraan sehat mental rupa suatu kondisi mungkin kembang fisik intelektual emosional optimal orang kembang jalan selaras ada orang sehat mental generasi pengaruh,4,Positif
Sun Oct 11 08:16:59 +0000 2020,nama lintang dheshinta istiqfarend fakultas ilmu administrasiprodi ilmu administrasi publikcluster generasi rentan serang sehat mental loveyourself adhikara mabaub rajabrawijaya kitasatubrawijaya kreasinyatabrawijayans,-1,Negatif
Sun Oct 11 08:15:10 +0000 2020,informasiinformasi bawa motif cenderung sisi negatif sangat dampak sehat mental generasi sebut,-3,Negatif
Sun Oct 11 08:14:23 +0000 2020,mental health generasi tingkat stres tinggi bareng mudah akses informasi self harm besar mungkin anakanak generasi punya kondisi sehat mental buruk loveyourself mabaub rajabrawijaya kitasatubrawijaya,-2,Negatif
Sun Oct 11 08:06:22 +0000 2020,nama muhajid bayu prastiyo fakultas tani jurus agrorkoteknologi cluster rangkum mental health generasi sehat mental perlu jaga dampak sosmed loveyourself adhikara rajabrawijaya kitasatubrawijaya kreasinyatabrawijayans,-2,Negatif
Sun Oct 11 07:50:21 +0000 2020,untung gen rupa generasi paling mungkin dapat bantu milik masalah sehat mental pergi terapi hingga obat generasi paling mungkin cari bantu,-5,Negatif
Sun Oct 11 07:49:34 +0000 2020,sehat mental sangat penting generasi rupa waris tahta jaya indonesia depan,1,Positif
Sun Oct 11 07:48:03 +0000 2020,jenis stres dampak langsung sehat mental generasi semua stres kronis rasa gen alami tingkat tingkat cemas depresi,-7,Negatif
Sun Oct 11 07:47:33 +0000 2020,gen rasa lebih stres masalah generasi teliti lebih mungkin alami masalah sehat mental fisik langsung akibat situasi buat stres,-4,Negatif
Sun Oct 11 07:45:07 +0000 2020,temu generasi milik rentan tinggi sakit mental factor sebab buruk sehat mental generasi factor stres picu dampak buruk dunia digital sosial media,-5,Negatif
Sun Oct 11 07:39:26 +0000 2020,oleh hasil banyak persen generasi punya gejalagejala emosional maupun fisik kait stres depresi ganggu cemas stres faktor besar sebab buruk sehat mental generasi,-5,Negatif
Sun Oct 11 07:29:05 +0000 2020,penting jaga sehat mental generasi a thread kesehatanmental mentalhealth loveurself,-1,Negatif
Sun Oct 11 07:21:13 +0000 2020,sehat mental generasi memang sangat penting genrasi generasi muda generasi muda rupa generasi terus bangsa baik tetap jaga sehat baik sehat fisik maupun mental,-4,Negatif
Sun Oct 11 07:09:03 +0000 2020,generasi kelompok manusia kondisi sehat mental buruk bandung generasi generasi lain stres alami anak generasi sebab tinggi aksesibilitas informasi generasi ubah jadi tekan diri sendiri,-13,Negatif
Sun Oct 11 06:44:37 +0000 2020,mental health sehat mental sangat penting perhati utama generasi,-1,Negatif
Sun Oct 11 06:34:08 +0000 2020,banyak faktor sebab buruk mental health generasi aku mau jelasin dulu apa mental health organisasi sehat dunia who sehat mental ada sejahtera mana individu wujud potensi sendiri,-2,Negatif
Sun Oct 11 06:27:41 +0000 2020,masa pandemi covid sehat mental jadi salah satu dampak ancam masyarakat dunia tak luput masyarakat indonesia salah satu rentan alami ganggu sehat mental anak muda biasa kenal generasi,-12,Negatif
Sun Oct 11 06:21:39 +0000 2020,teknologi akibat ganggu kondisi psikologis ketidakmampuan atur rasa takut rasa frustasi selesai masalah kondisi sehat mental generasi perhati semua pihak kembang sosialisasi,-7,Negatif
Sun Oct 11 06:01:30 +0000 2020,halo semua kiky david ilhamsyah fakultas vokasi bisnis digital ecommerce absen cluster penting mental health masa sekarang utama generasi masa sekarang sehat fisik jaga sehat mental,-1,Negatif
Sun Oct 11 06:01:22 +0000 2020,stres rupa faktor besar sebab buruk sehat mental generasi selisih dapat orang tua bullying gagal banyak,-6,Negatif
Sun Oct 11 05:45:26 +0000 2020,generasi penting sekali semua orang remaja dewasa muda sadar betapa penting sehat mental jangan biar masalah kecil apa menganggu halang langkah kalian kembang,-6,Negatif
Sun Oct 11 05:14:32 +0000 2020,tengara problema sehat mental lepas dampak media sosial jadi bagi hidup generasi,-2,Negatif
Sun Oct 11 05:14:31 +0000 2020,zaman zaman generasi a hingga generasi sakit selalu alami khusus remaja sehat mental mental illness,-5,Negatif
Sun Oct 11 04:39:35 +0000 2020,jaga sehat fisik mental mental fisik sehat generasi makin lancar jalan peran masa depan semangat,0,Netral
Sun Oct 11 04:34:16 +0000 2020,era digital sangat keras ini cipta tekan beban pikir generasi akibat maju teknologi sehat mental generasi pengaruh lingkung,-3,Negatif
Sun Oct 11 04:31:00 +0000 2020,teliti american psychological association apa tahun judul stres america generation anak muda usia tahun kelompok manusia kondisi sehat mental buruk banding generasigenerasi lain,-5,Negatif
Sun Oct 11 04:28:52 +0000 2020,sehat mental rupa bagi penting hidup perlu jaga rawat lebih generasi aktif guna sosial media dipungkiri sih,4,Positif
Sun Oct 11 04:20:44 +0000 2020,penting sehat mental generasi masa sekarang,-1,Negatif
Sun Oct 11 04:08:36 +0000 2020,entah istilah salah zaman ubah rupa kondisi psikologis sehat mental anakanak muda baik anggap banyak orang adapun lima kelompok generasi lain silent generation baby boomers generation kali millennials generasi,-5,Negatif
Sun Oct 11 04:04:05 +0000 2020,banyak anak muda luka diri sendiri hingga laku coba bunuh diri tingkat stres tinggi bareng mudah akses informasi self harm besar mungkin anakanak muda generasi punya kondisi sehat mental buruk,-9,Negatif
Sun Oct 11 04:03:56 +0000 2020,penting mental health generasi sehat dapat bebas sehat penting pertama semua bebas henric frederic amiel,-4,Negatif
Sun Oct 11 02:52:54 +0000 2020,sayang internet buat kondisi sehat mental generasi jadi lebih buruk,0,Netral
Sun Oct 11 02:52:47 +0000 2020,generation anak muda usia tahun kelompok manusia kondisi sehat mental buruk banding generasigenerasi lain,-4,Negatif
Sun Oct 11 02:39:36 +0000 2020,step by step cara jaga sehat mental masa pandemi khusus generasi,-2,Negatif
Sun Oct 11 02:06:21 +0000 2020,national institute of mental health nimh era generasi banyak salah anggap rupa kondisi psikologis sehat mental anakanak muda,-2,Negatif
Sun Oct 11 01:57:33 +0000 2020,sehat mental sangat penting jaga individu khusus generasi loveyourself adhikara mabaub rajabrawijaya kitasatubrawijaya kreasinyatabrawijayans,-1,Negatif
Sun Oct 11 01:54:34 +0000 2020,faktorfaktor pengaruh kondisi sehat mental generasi stres depresi ganggu cemas stres faktor besar pengaruh kondisi sehat mental generasi tingkat stres dapat sosial media,-7,Negatif
Sun Oct 11 01:49:22 +0000 2020,pengaruh sehat mental generasi ammar najmuddin naufal l vokasi bidang minat film televisi l cluster kbbi mental arti hubung batin watak manusia bukan sifat badan tenaga biasa paut pikir,2,Positif
Sun Oct 11 00:18:22 +0000 2020,perhati pandang luar perlu pandang diri siapa baik generasi maupun mahasiswa masuk orangorang alami tekanantekanan ujung ganguan sehat mental,-2,Negatif
Sun Oct 11 00:18:15 +0000 2020,sini mahasiswa perlu peran ikut suara pentingya sehat mental masyarakat indonesia khusus kalang generasi,-1,Negatif
Sat Oct 10 23:43:54 +0000 2020,teliti apa sebut oleh hasil banyak persen generasi punya gejalagejala emosional maupun fisik kait stres stres faktor besar sebab buruk sehat mental generasi,-3,Negatif
Sat Oct 10 16:15:19 +0000 2020,ganggu sehat mental generasi karena rasa takut waswas panik pikir halhal jadi trauma depresi bagai bukan stres depresi ganggu sehat mental generasi,-12,Negatif
Sat Oct 10 15:33:08 +0000 2020,faiq almubarokvokasibkdkvc sehat mental perhati generasi remaja dunia alami ganggu psikis dasar survei who waktu tangan lebih serius sepele,-3,Negatif
Sat Oct 10 15:17:00 +0000 2020,generasi adapun faktorfaktor sebab ganggu sehat faktor eksternal internal faktor internal kena halhal asal diri sendiri faktor genetik ada riwayat idap ganggu mental keluarga,-10,Negatif
Sat Oct 10 15:16:57 +0000 2020,sehat mental buruk banding generasigenerasi lain generasi arti taylor amp eter orangorang lahir tahun tahun adapun lima kelompok generasi lain silent generation,-4,Negatif
Sat Oct 10 15:11:28 +0000 2020,generasi jadi salah satu perlu perhati dalam kasus sehat mental nama luqmanul hakim fakultas ilmu administrasi bisnis jurus paja cluster mentalhealth adhikara mabaub rajabrawijaya kitasatubrawijaya kreasinyatabrawijayans,2,Positif
Sat Oct 10 14:25:32 +0000 2020,sehat mental generasi muhammad dicky ramadhan fakultas teknik jurus teknik elektro cluster adhikara mabaub rajabrawijaya kitasatubrawijaya kreasinyatabrawijayans jagakesehatanmental,-3,Negatif
Sat Oct 10 14:22:27 +0000 2020,penting sehat mental generasi mampu oleh suatu tahu terampil interpersonal sikap baik rangka buat remaja paham harga diri sendiri orang,-1,Negatif
Sat Oct 10 12:49:41 +0000 2020,sehat mental generasi sangat penting perhati mereka harap bangsa buat bangsa jadi lebih maju,1,Positif
Sat Oct 10 12:46:26 +0000 2020,penting sehat mental generasi generasi manfaat dunia virtual tempat lari hidup nyata sayang internet buat kondisi sehat mental generasi jadi lebih buruk,-3,Negatif
Sat Oct 10 11:56:22 +0000 2020,generasi sangat khawatir candu video game video game media sosial solusi praktik mindfulness sehat mental sangat penting loveyourself mentalhealth,3,Positif
Sat Oct 10 10:25:05 +0000 2020,jelina lubisilmu administrasiadministrasi bisniscluster mental healthkesehatan mental tingkat sejahtera psikologisgenerasi rupa mayoritas derita mental health adhikara mabaub rajabrawijaya kitasatubrawijaya kreasinyatabrawijayans,1,Positif
Sat Oct 10 10:00:11 +0000 2020,cara jaga sehat mental lama pandemi utama generasi nandana daffa nugraha fakultas ekonomi bisnis universitas brawijaya jurus akuntansi cluster,-2,Negatif
Sat Oct 10 09:11:26 +0000 2020,generasi generasi internet lahir tahun hingga tahun generasi generasi identik tidak stabil emosional canggih teknologi buat erti ada luar keluar rumah jaga sehat mental,-2,Negatif
Sat Oct 10 08:23:26 +0000 2020,semua baik sehat mental sangat penting langsung diri sendiri generasi generasi lahir thats us milenials,-3,Negatif
Sat Oct 10 04:59:13 +0000 2020,sering jumpa cakap seharihari entah istilah salah zaman ubah rupa kondisi psikologis sehat mental anakanak muda baik anggap banyak orang taylor amp eter definisi generasi orangorang,-1,Negatif
Sat Oct 10 04:59:12 +0000 2020,sehat mental generasi entah bagaimana mula telinga mulai akrab istilah generasi milenial generasi punya nama generasi sekarang muncul sebut generasi meski tak terlalu paham arti penyebutanpenyebutan nyata,-5,Negatif
Sat Oct 10 03:06:39 +0000 2020,tahu sebab apa pengaruh sehat mental masa remaja bilang generasi,-3,Negatif
Sat Oct 10 02:04:38 +0000 2020,awat didik kerja generasi beri dampak positif sehat mental meski beri awat sama ahli sehat mental,2,Positif
Sat Oct 10 02:02:22 +0000 2020,pengaruh stres sehat mental jenis stres dampak langsung sehat mental generasi semua stres kronis rasa gen alami tingkat tingkat cemas depresi,-8,Negatif
Sat Oct 10 02:01:32 +0000 2020,gen rasa lebih stres masalah generasi teliti lebih mungkin alami masalah sehat mental fisik langsung akibat situasi buat stres,-4,Negatif
Fri Oct 09 22:01:47 +0000 2020,beberapa teliti kata faktor besar pengaruh sehat mental generasi kembang teknologi internet generasi rasa stres akibat tak bendung nya informasi edar sekitar,-5,Negatif
Fri Oct 09 22:01:46 +0000 2020,teliti apa oleh hasil persen generasi punya gejalagejala emosional maupun fisik kait stres depresi ganggu cemas stres faktor besar sebab buruk sehat mental generasi,-6,Negatif
Fri Oct 09 22:01:46 +0000 2020,teliti apa american psychological association tahun judul stres america generation generasi kelompok manusia kondisi sehat mental buruk banding generasigenerasi lain,-4,Negatif
Fri Oct 09 16:09:13 +0000 2020,mental health sehat mental sangat penting masa sekarang khusunya generasi generasi terus bangsa sehat mental perhati acuh sehat mental sangat ganggu bahkan menggakibatkan ganggu jiwa,-4,Negatif
Fri Oct 09 15:56:49 +0000 2020,generasi patut nya lihat aneh atau rendah ganggu sehat mental hadap orang tulis buat remaja khusu nya gen lebih tahu penting nya mental health masa sekarang,-1,Negatif
Fri Oct 09 15:56:22 +0000 2020,dar remaja generasi patut nya lebih peduli sehat mental sendiri sadar banyak sekali macam macam jenis ganggu sehat mental sana jangan anggap enteng gengguan mental,-5,Negatif
Fri Oct 09 15:55:17 +0000 2020,generasi kadang rasa bingung apa rasa masa kini lebih mudah sulut emosi tahu apa benar nya jadi macam macam ganggu sehat mental bipolar overthinking nya,-3,Negatif
Fri Oct 09 15:42:04 +0000 2020,generasi banyak sekali temu banyak sekali pemuda punya sehat mental ganggu mungkin stres tugas ada masalah hidup,-6,Negatif
Fri Oct 09 15:24:57 +0000 2020,andra pradia rahmadani fakultas dokter didik dokter cluster sadar sehat mental rupa sangat perlu masa sekarang utama generasi anakanak zaman sekarang banyak sekali mudah kena sakit menta banyak pengaruh,-2,Negatif
Fri Oct 09 14:02:47 +0000 2020,generasi wajib perhati sehat mental sehat mental jaga sosial terima kasih loveyourself adhikara mabaub rajabrawijaya kitasatubrawijaya kreasinyatabrawijayans,0,Netral
Fri Oct 09 13:38:40 +0000 2020,bagaimana cara generasi selalu jaga sehat mental isi waktu luang manfaat isi waktu luang manfaat mungkin sangat efektif kondisi pandemik isi waktu luang sebut isi,1,Positif
Fri Oct 09 13:38:25 +0000 2020,akhir kata aku harap banyak kalian baca mungkin sadar betapa penting sehat mental khusus generasi kerap banyak sekali keluh sehat mental,-3,Negatif
Fri Oct 09 13:37:23 +0000 2020,lalu apa sih alami generasi kena dampak sehat mental sakit mental sering hantu gen mulai rasa takut waswas panik pikir halhal jadi trauma depresi bagai,-7,Negatif
Fri Oct 09 13:33:23 +0000 2020,penting mental healt masa sekarang utama generasi apa maksud mental healt sendiri sehat mental ada sejahtera mana individu wujud potensi sendiri khusus sering jadi generasi,-2,Negatif
Fri Oct 09 10:41:15 +0000 2020,buah teliti oleh hasil banyak persen generasi punya gejalagejala emosional maupun fisik kait stres depresi ganggu cemas stres faktor besar sebab buruk sehat mental generasi,-5,Negatif
Fri Oct 09 10:40:46 +0000 2020,anak muda usia tahun kelompok manusia kondisi sehat mental buruk banding generasigenerasi lain generasi loveyourself adhikara mabaub rajabrawijaya kitasatubrawijaya kreasinyatabrawijayans,-5,Negatif
Fri Oct 09 06:24:21 +0000 2020,tahu partisipasi aktif perintah masyarakat generasi saling topang topang atas masalah sehat mental hasil suatu hasil lebih cemerlang generasi sehat cerdas sahaja indonesia,1,Positif
Fri Oct 09 06:22:29 +0000 2020,sadar penting sehat mental generasi masa depan pemuda ancam segala mimpi potensi milik hambat akibat mental kurang baik,-1,Negatif
Fri Oct 09 05:44:02 +0000 2020,kenal aku gabriella ester paulina fakultas ilmu sosial ilmu politik jurus hubung internasional aku sendiri cluster aku sini jelas pentingya sehat mental generasi generasi,-1,Negatif
Fri Oct 09 03:31:21 +0000 2020,data sebut bukti generasi banyak alami ganggu mental ganggu sehat mental sering libat generasi rasa takut panik stres trauma depresi,-10,Negatif
Thu Oct 08 22:57:47 +0000 2020,atas rupa beberapa cara atas mental health sehat mental setipa derita memang era milenial tuntut dunia generasi cukup besar,-5,Negatif
Thu Oct 08 09:31:50 +0000 2020,banyak orang persepsi sehat segi fisik benar benar sehat segi mental jiwa anak muda generasi milenial biasa sebut generasi perhati sehat mental,-6,Negatif
Thu Oct 08 09:24:41 +0000 2020,ada wabah virus covid semua sibuk pasti alami ubah perilaku giat sehariharinya bagai latar belakang semua alami bagai tekan ekonomi social didik pengaruh sehat mental utama generasi,-4,Negatif
Thu Oct 08 04:48:17 +0000 2020,perlu sadar sehat mental jadi buah butuh perhati orang utama generasi sayang diri selalu jaga sehat mental,-2,Negatif
Wed Oct 07 14:44:52 +0000 2020,paham sehat mental generasi a thread umum sehat mental cakup sejahtera emosional psikologis sosial orang selalu tertawa bukan arti sehat mentalelakukan aktivitas seharihari,2,Positif
Wed Oct 07 12:47:43 +0000 2020,sehat mental cakup beberapa nyaman emosional psikologis hubung sosial who sebut anak muda alias generasi lebih rentan ganggu ganggu mental,-3,Negatif
Wed Oct 07 11:59:43 +0000 2020,generasi generasi terus bangsa sangat penting nya sehat mental baik maju negara gantung generasi generasi muda bangsa sadar atas sehat mental diri jiwa jiwa muda bangsa sangat penting,-9,Negatif
Wed Oct 07 10:37:53 +0000 2020,mental health generasi sehat mental kondisi pikir orang pola pikir laku suatu tindak sehat mental rawan sekali ternacm sebab beberapa sakit serius,-4,Negatif
Wed Oct 07 09:39:56 +0000 2020,mental health mental health ada sejahtera individu wujud potensi sendiri generasi sangat penting jaga sehat mental hidup zaman globalisasi buat semua hidup ubah ubah,0,Netral
Wed Oct 07 09:26:30 +0000 2020,sehat mental generasi,-1,Negatif
Wed Oct 07 09:13:11 +0000 2020,misal usaha masuk sekolah lulus kuliah cari kerja ubah sesuai teknologi pengaruh sehat mental generasi banyak orang ilmuwan amatir kait isuisu sehat mental guna media sosial,4,Positif
Wed Oct 07 09:13:08 +0000 2020,nama ramadhani rachman fakultas ilmu komputer jurus teknik informatika cluster penting mental health generasi mental health sehat mental rupa salah satu unsur sehat manusia hingga kurang perhati masyarakat,-1,Negatif
Wed Oct 07 09:04:01 +0000 2020,generasi sedang kembang proses kembang diri mungkin lebih banyak aktif beberapa aktivitas sedang jalan didik sehat mental sangat lah penting perhati,1,Positif
Wed Oct 07 09:04:00 +0000 2020,thread kali sedikit jelas apa sehat mental sehat mental penting generasi masa sekarang benar sehat mental penting semua generasi,-5,Negatif
Wed Oct 07 08:33:43 +0000 2020,urai atas simpul sehat mental milik banyak manfaat sangat guna generasi milik mental sehat sebab kan banyak efek negatif banyak faktor sebab mental ganggu,2,Positif
Wed Oct 07 07:11:38 +0000 2020,ubah pola hidup pengaruh media sosial kembang teknologi dampak sehat mental kaum generasi,1,Positif
Wed Oct 07 07:11:37 +0000 2020,nama hafiz ilmi fakultas vokasi jurus teknik komputer cluster penting sehat mental generasi thread loveyourself mentalhealth mentalhealthmatters adhikara mabaub rajabrawijaya kitasatubrawijaya kreasinyatabrawijayans,-2,Negatif
Wed Oct 07 03:12:12 +0000 2020,halo semua jadi kali aku mau bahas penting mental health kiatkiat jaga sehat mental generasi,0,Netral
Wed Oct 07 02:01:33 +0000 2020,sebut dapat masalah cukup serius generasi zapakah ituyapss sehat mental terganggusebelumnya apa erti sehat mental sehat mental ada orang sebut rasa tenang hidup,-6,Negatif
Wed Oct 07 02:01:32 +0000 2020,penting sehat mental generasi shalom assalamualaikum wrwb om swastyastu namo buddhaya salam kebaji salam sejahtera semua balik sama aku sharon moga enggak bosan nah kali aku mau bahas sehat mental khusus,1,Positif
Wed Oct 07 01:47:11 +0000 2020,dasar think mental health cara jaga sehat mental sejahtera efektif generasi antara habis waktu sama teman orang dekat orang cinta,1,Positif
Wed Oct 07 00:22:29 +0000 2020,penting sehat mental hidup generasi anggap sangat pengaruh perilaku sehariharinya sehat mental buruk tentu arah perilaku buruk cipta,-2,Negatif
Wed Oct 07 00:20:49 +0000 2020,penting milik sehat mental sehat positif mungkin individu kerja baik produktif optimal utama generasi sekarang generasi,1,Positif
Tue Oct 06 22:48:32 +0000 2020,sehat mental sangat penting remaja era generasi usaha upaya jadi kurang ganggu mental indonesia stayhealthy adhikara mabaub rajabrawijaya kitasatubrawijaya kreasinyatabrawijayans,-4,Negatif
Tue Oct 06 17:44:45 +0000 2020,penting sehat mental generasi tengah pandemi halo semuaa kenal nama dea ladiesta alsadila fakultas ilmu administrasi cluster loveyourself adhikara mabaub rajabrawijaya kitasatubrawijaya kreasinyatabrawijayans,1,Positif
Tue Oct 06 16:15:58 +0000 2020,nama bagos yogiono fakultas terna cluster penting sehat mental generasi milenial generasi keefloveyourself adhikara mabaub rajabrawijaya kitasatubrawijaya kreasinyatabrawijans,-2,Negatif
Tue Oct 06 15:52:56 +0000 2020,hadap bagi orang utama generasi mana sedang ada fase sosial intensitas cukup tinggi alami ganggu psikologis sehat mental adaptasi,-2,Negatif
Tue Oct 06 15:51:20 +0000 2020,baik masa pandemi perlu jaga sehat mental utama bagu generasi sedang hidup masa bonus demografi sehat mental harus mutlak generasi generasi milenial orang pimpin bangsa,-5,Negatif
Tue Oct 06 15:19:12 +0000 2020,era milenial khusus generasi ganggu sehat mental lumrah jadi sebab bermacammacam mulai stres banyak tugas sekolah maupun universitas kemudian imbas pandemi anjur aktivitas,-5,Negatif
Tue Oct 06 15:05:35 +0000 2020,stres faktor besar sebab buruk sehat mental generasi orang stres biasa tampak gelisah cemas mudah singgung stres ganggu konsentrasi kurang motivasi kasus tentu picu depresi,-12,Negatif
Tue Oct 06 15:05:34 +0000 2020,sehat mental tingkat sejahtera psikologis tiada ganggu jiwa teliti oleh hasil banyak persen generasi punya gejalagejala emosional maupun fisik kait stres depresi ganggu cemas,-1,Negatif
Tue Oct 06 15:05:33 +0000 2020,generasi terus generasi milenial sebut igeneration gen tech plurals lahir kembang era teknologi digital jadi generasi candu teknologi cenderung antisosial pengaruh sehat mental,-2,Negatif
Tue Oct 06 14:51:49 +0000 2020,nyata generasi manfaat teknologi upa internet tempat lari dunia nyata internet malah buat kondisi sehat mental generasi makin buruk bukan stres jadi candu tumbuh sikap anti sosial,-2,Negatif
Tue Oct 06 14:51:40 +0000 2020,makin generasi tahu informasiinformasi sebut makin papar dalam sehat mental sebut,1,Positif
Tue Oct 06 14:51:19 +0000 2020,padahal sehat mental masalah timbul sakit fisik salah satu organisasi bidang sehat internasional who world health organization meyebutkan generasi lebih rentan kena ganggu sehat mental,-6,Negatif
Tue Oct 06 14:12:49 +0000 2020,sehat mental generasi nama muhamad khalid fakultas teknik jurus teknik elektro cluster adhikara mabaub rajabrawijaya kitasatubrawijaya kreasinyatabrawijayans loveyourself,-3,Negatif
Tue Oct 06 13:59:30 +0000 2020,jumlah responden generasi nyata masalah kerja sumber stres buruk sehat mental persentase sebut lebih tinggi persentase responden generasi belum nyata masalah kerja sumber,-3,Negatif
Tue Oct 06 13:59:29 +0000 2020,nyata uang sumber stres buruk sehat mental persentase lebih tinggi persentase responden generasi belum masalah kerja pengaruh sehat mental generasi,-3,Negatif
Tue Oct 06 13:59:29 +0000 2020,anonim internet masalah hidup pribadi jadi salah satu sumber buruk sehat mental generasi salah satu masalah hidup personal sebut uang kerja data survei apa jumlah responden generasi,-8,Negatif
Tue Oct 06 13:59:27 +0000 2020,informasiinformasi beritaberita buruk sedia internet rupa satu faktor sumbang buruk sehat mental utama generasi lebih peka informasi web beritaberita negatif sebut contoh global warming naik,0,Netral
Tue Oct 06 13:59:26 +0000 2020,generasi web papar internet semenjak usia mudamenurut survei tahun american psychological association apa rilis tahun sehat mental generasi lebih buruk banding generasigenerasi belum bahkan kualitas,-2,Negatif
Tue Oct 06 13:59:25 +0000 2020,penting milik individu sehat fisik sehat mental sering sepele banyak masyarakat utama sehat mental generasi baby boomers generasi generasi generasi lahir kurun tahun biasa sebut,0,Netral
Tue Oct 06 13:58:53 +0000 2020,bagai masalah mental hadap generasi jadi sadar penting sehat mental hidup kemudi hari adhikara mabaub rajabrawijaya kitasatubrawijaya kreasinyatabrawijayans loveyourself,-1,Negatif
Tue Oct 06 07:59:42 +0000 2020,generasi milik akses informasi luas harap cari bantu klinis perlu lapis masyarakat harap selalu jaga sehat mental sekian terimakasih,3,Positif
Tue Oct 06 07:58:54 +0000 2020,beda beda langsung tetap jaga sehat mental semangat sembuh jaga sehat mental buah harus semua generasi lebih generasi muda biasa sebut generasi,-4,Negatif
Tue Oct 06 05:49:01 +0000 2020,generasi terus bangsa tentu sehat mental generasi jaga atas masalah mental health bagai pihak sosialisasi adhikara mabaub rajabrawijaya kitasatubrawijaya kreasinyatabrawijayans,-6,Negatif
Tue Oct 06 05:07:02 +0000 2020,zaman sekarang sehat mental sangat butuh utama generasi sebut generasi lahir rentan lanjut generasi kali,-4,Negatif
Tue Oct 06 04:19:43 +0000 2020,bagi besar generasi tunjuk gejalagejala emosi maupun fisik akibat stres banyak memang buruk sehat mental generasi sebab lingkung sosial media,-3,Negatif
Tue Oct 06 03:58:54 +0000 2020,sebab utama ganggu nya sehat mental generasi stres teliti apa american psychological association oleh hasil banyak persen generasi punya gejalagejala emosional maupun fisik kait stres,-2,Negatif
Tue Oct 06 03:58:53 +0000 2020,mental health sehat mental topik sedang banyak bincang sempat kali bahas penting sehat mental utama generasi,1,Positif
Tue Oct 06 03:26:15 +0000 2020,stres faktor besar sebab buruk sehat mental generasi sebab beberapa tingkat angka bunuh diri tingkat lapor kasus keras leceh seksual hingga panas global ubah iklim,-4,Negatif
Tue Oct 06 03:05:33 +0000 2020,sehat mental sehat positif penting milik mungkin generasi kerja produktif masuk beri kontribusi arti kelompok generasi wujud potensi sepenuh milik mampu,3,Positif
Tue Oct 06 02:59:53 +0000 2020,penting jaga mental health era modern generasi a thread sehat mental ada sejahtera mana individu wujud potensi sendiri arti atas tekan hidup normal fungsi produktif,3,Positif
Tue Oct 06 01:59:18 +0000 2020,nilai dunia tempat aman sama generasi punya sadar global tinggi didik toleransi ketenagakerjaan peran orang tua sehat mental generasi sangat penting,-1,Negatif
Tue Oct 06 00:51:13 +0000 2020,generasi pandai jaga kontrol sehat mental hadap polemik proses dewasa mentalhealth adhikara mabaub rajabrawijaya kitasatubrawijaya kreasinyatabrawijayans,2,Positif
Mon Oct 05 14:09:43 +0000 2020,sih imbang aktivitas hidup upaya capai tahan psikologis sehat mental generasi sangat penting usia belia tak banyak tahu kondisi sehat mental anak muda baik anggap orang,-4,Negatif
Mon Oct 05 14:09:42 +0000 2020,penting mental health generasi sehat mental tingkat sejahtera psikologis ada sakit mental perspektif psikologi positif holisme sehat mental cakup mampu individu nikmat hidup cipta sih,1,Positif
Mon Oct 05 07:47:17 +0000 2020,beberapa cara bagi tetap jaga sehat mental walaupun rumah khusus generasi stay happy stay healthy,2,Positif
Mon Oct 05 07:47:15 +0000 2020,mental health sini bagi tips trik tetap jaga sehat mental utama generasi masa pandemi,0,Netral
Mon Oct 05 07:10:10 +0000 2020,pasti tementemen semua tau kan penting sehat mental efek nyata tementemen sehat mental gen nyata turun lho nah salah satu faktor sebab gen lebih suka diam rumah banding generasi lain,-2,Negatif
Mon Oct 05 07:10:09 +0000 2020,halo semuaa nama aku zidan zuhdi cluster fakultas tani prodi agroekoteknologi universitas brawijaya thread twitter kali aku mau ngebahas sehat mental generasi gen,0,Netral
Mon Oct 05 05:46:00 +0000 2020,penting sehat mental utama generasi thread,-1,Negatif
Mon Oct 05 05:15:41 +0000 2020,penting sadar sehat mental milenial who sebut generasi kena ganggu sehat mental tambah masa muda masa proses cari jati diri tuju jadi manusia utuh lebih bimbang tentu,-4,Negatif
Mon Oct 05 03:30:10 +0000 2020,edukasi sehat mental penting lihat banyak invidu generasi alami stres maupun depresi tuntut lebih maju iring kembang zaman beri edukasi sehat mental masyarakat jadi tau sehat mental penting,-3,Negatif
Mon Oct 05 03:29:12 +0000 2020,sehat mental sangat penting generasi banyak kalang alami stres masalahmasalah jadi diri,-4,Negatif
Mon Oct 05 02:20:47 +0000 2020,relita nurcahyanifpubagroekoteknologicluster mental health mental health sehat mental seringkali abai bagi besar orang utama generasi padahal sebut sangat penting hidup,-2,Negatif
Sun Oct 04 13:46:41 +0000 2020,sebab tinggi ganggu sehat mental generasi kurang perhati orang tua kondisi mental cara didik salah lingkung sosial dukung kembang pribadi orang,-2,Negatif
Sun Oct 04 13:30:51 +0000 2020,dinamika sehat mental tantang generasi hadap masalah sehat mental a thread,-2,Negatif
Sun Oct 04 13:18:16 +0000 2020,nama andinie zalfa rizqy fakultas program didik vokasi universitas brawijaya jurus business english cluster berapa penting sehat mental era pandemi covid utama generasi,-2,Negatif
Sun Oct 04 13:05:36 +0000 2020,kaji urgensi sehat mental generasi indonesia a thread,0,Netral
Sun Oct 04 09:49:25 +0000 2020,dasar jurnal jadi referensi jawab masalah solusi saran baik jaga sehat mental masyarakat indonesia ada generasi,-1,Negatif
Sun Oct 04 09:37:34 +0000 2020,arah negatif bermacammacam jenis ganggu mental contoh bipolar depresi stres insecure perlu sadar orangorang sehat mental jadi butuh masyarakat utama generasi,-4,Negatif
Sun Oct 04 07:48:25 +0000 2020,ganggu sehat mental banyak temu generasi banyak alami ganggu sehat mental akibat banyak tekan beri contoh tekan beri tugas lebih hubung kurang,-4,Negatif
Sun Oct 04 07:10:21 +0000 2020,jaga sehat mental generasi tetap stabilsetiap orang tua selalu pantau perhati tingkah laku anak beri batas waktu akses internetbeberapa cara laku,-2,Negatif
Sun Oct 04 04:08:55 +0000 2020,kalau generasi ajar asa cemas sedih terus kan ajar ganggu turun risiko cemas ganggu cemas lebih bukan ganggu sehat mental fisik bukti terkadang orang cemas mualmual sakit,-12,Negatif
Sun Oct 04 04:06:10 +0000 2020,bicara soal mental health seperti perlu bicara soal generasi gen mental health rupa salah satu penting hidup mental health sini bukan arti berani sehat mental hadap halhal,-3,Negatif
Sun Oct 04 01:13:32 +0000 2020,banyak aku pernah alami stres generasi generasi generasi huni banyak anakanak milenial sehat mental utama sering timbul masalah ada teknologi pada degradasi moral banyak,-7,Negatif
Sat Oct 03 07:44:24 +0000 2020,jadi ganggu sehat mental individu sebut hambat aktivitas hari hari lebih generasi generasi kini mayoritas hidup habis mahasiswa ajar anak anak,-4,Negatif
Sat Oct 03 07:38:59 +0000 2020,dampak pandemi sehat mental generasi lihat angka pasien covid indonesia kian hari makin tambah buat perintah indonesia akhir luncur program psbb putus mata rantai virus sebut adhikara mabaub rajabrawijaya,-1,Negatif
Sat Oct 03 06:16:00 +0000 2020,generasi generasi tahun lahir rentang tahun hingga tahun banyak pengaruh sehat mental contoh nya paling dekat ada pandemic covid orang ajar tentu tuntut laku,-3,Negatif
Sat Oct 03 06:15:59 +0000 2020,penting mental health generasi assalamualaikum warahmatullah wabarokatuh nama audiava happy kenthida vanezza h fakultas terna cluster tahu mental health sehat mental tentu milik orang,1,Positif
Fri Oct 02 14:25:19 +0000 2020,generasi sangat butuh maju bangsa negara masa datang sehat mental mental health sangat perlu citacita impi masa datang ganggu ganggu jiwa alami,-6,Negatif
Fri Oct 02 12:47:37 +0000 2020,sehat mental jadi perhati generasi langsung hidup masa depan bangsa dunia,0,Netral
Fri Oct 02 12:33:47 +0000 2020,sayang soal sehat jiwa anggap kurang penting bagi orang banding sehat fisik bahkan who sebut generasi muda generasi sangat rentan kena ganggu mental,-8,Negatif
Fri Oct 02 10:09:53 +0000 2020,judul stres america generation anak muda usia tahun kelompok manusia kondisi sehat mental buruk banding generasi lain,-5,Negatif
Fri Oct 02 09:09:22 +0000 2020,solusi cara cegah moga perhati sehat mental generasi bawa ubah nyata bangsa negara,1,Positif
Fri Oct 02 09:09:21 +0000 2020,dampak bahaya lahir kembang era teknologi digital jadi generasi candu teknologi cenderung antisosial dampak buruk sehat mental mental health generasi,-5,Negatif
Fri Oct 02 08:07:16 +0000 2020,bagai lihat kondisi indonesia sekarang rasa khawatir makin tambah rasa ancam sendiri hadap saing masa depan adapun cara positif jaga sehat mental generasi,-1,Negatif
Fri Oct 02 07:47:21 +0000 2020,simpul saling mengigatkan betapa penting jaga sehat mental masa sekarang utama generasi loveyourself adhikara mabaub rajabrawijaya kitasatubrawijaya kreasinyatabrawijayans,1,Positif
Fri Oct 02 07:45:25 +0000 2020,darurat sehat mental generasi penelitianamerican psychological associationapa tahun judul stres america generation anak muda usia tahun kelompok manusia kondisi sehat mental buruk,-4,Negatif
Fri Oct 02 07:04:24 +0000 2020,sehat sering sekali hubung fisik nyata sehat mental penting diri who nyata generasi milenial utama gen lebih rentan masalah mental health,-3,Negatif
Fri Oct 02 03:47:14 +0000 2020,sehat mental padahal sehat mental rupa penting utama generasi sangat aktif guna sosial media jaga sehat bukan fisik sehat mental jaga jadi imbang laku,1,Positif
Thu Oct 01 20:10:58 +0000 2020,jaga sehat mental sangat penting utama generasi redyta zalfa fayza putri maharani fakultas ilmu budaya didik bahasa sastra inggris cluster stayhealthy adhikara mabaub rajabrawijaya kitasatubrawijaya kreasinyatabrawijayans,0,Netral
Thu Oct 01 10:44:14 +0000 2020,usia kelompok manusia milik konidisi sehat mental buruk banding generasigenerasi lain faktor besar stres sebab sehat mental generasi dunia pasuk modern buat generasi lebih,-2,Negatif
Thu Oct 01 10:37:07 +0000 2020,penting sehat mental generasi a thread,-1,Negatif
Thu Oct 01 09:02:00 +0000 2020,generasi rasa jenuh sosial ajar baru luar sana sehat mental perlu perhati sering temu berita artikel bahas sehat mental anak,0,Netral
Thu Oct 01 09:01:55 +0000 2020,teliti american psychological association apa tahun judul stres america generation remaja usia tahun milik sehat mental lebih buruk generasi atas,-3,Negatif
Thu Oct 01 07:44:38 +0000 2020,teliti american psychological association apa tahun judul stres america generation generasi generasi sehat mental paling buruk generasigenerasi lain,-5,Negatif
Thu Oct 01 06:43:51 +0000 2020,generasi jadi terus bangsa masa depan generasi mental sehat kuat sehat sangat pentik sehat mental generasiz jangan sehat mental ganggu masa depan cemerlang,-4,Negatif
Thu Oct 01 06:42:22 +0000 2020,pengaruh masalah sehat mental generasiz banyak isuisu bagai sebar dunia maya buat timbul banyak khawatir generasi,-2,Negatif
Thu Oct 01 06:38:36 +0000 2020,alami generasi kata sehat mental baik genrasi kata alami gejala fisik emosional akibat masalah sehat mental dominasi stres,-6,Negatif
Thu Oct 01 06:38:10 +0000 2020,masalah sehat banyak jadi generasi dominasi kalang remaja banyak faktor pengaruh banyak generasi alami masalah sehat mental lingkung sekolah kampus lingkung keluarga isu politik leceh,-8,Negatif
Thu Oct 01 06:32:56 +0000 2020,tugas raja brawijaya adikhara essai mental healt generasi masalah sehat mental kalang generasi astri aprilia cluster,-4,Negatif
Thu Oct 01 02:35:13 +0000 2020,mental healt generasi sehat mental buah kondisi orang bebas segala bentuk gejalagejala ganggu mental,-2,Negatif
Thu Oct 01 02:17:08 +0000 2020,pandemi covid banyak bawa ubah hidup masuk bidang teknologi lingkung masyarakat ancam sehat fisik sehat mental pandemi covid sangat dampak generasi masuk sehat mental,-7,Negatif
Wed Sep 30 15:06:39 +0000 2020,penting jaga sehat mental generasi masa sekarang banyak ganggu pandemi sedang berlanggsung sehat mental tetap jaga rasa stres tekan ada sedang langsung,-3,Negatif
Wed Sep 30 14:04:02 +0000 2020,satu generasi sehat mental a thread,-1,Negatif
Wed Sep 30 13:19:14 +0000 2020,tanggulang masalah sehat mental generasi ikut upaya laku laku aktivitas fisik tetap aktif fisik pelihara pikir positif milik mampu atas masalah jaga cukup tidur,-1,Negatif
Wed Sep 30 12:01:15 +0000 2020,dasar data menteri sehat indonesia tingkat jumlah pasien ganggu mental indonesia seluruh dunia sebab pesat tumbuh hidup manusia tingkat beban hidup utama alami generasi,-2,Negatif
Wed Sep 30 09:05:27 +0000 2020,generasi pandaipandai jaga sehat mental sehat mental pengaruh segala laku jaga diri sendiri upaya jaga sehat mental orangorang,-3,Negatif
Wed Sep 30 02:38:12 +0000 2020,cara jaga mental health generasi terima paham sehat mental kalian sibuk diri hobi bicara diri sendiri positif,-2,Negatif
Wed Sep 30 01:53:42 +0000 2020,kondisi sehat mental generasi sangat perlu jadi perhati banyak pihak bagai pihak perlu terus kembang sosialisasi kena penting sadar sehat mental,-1,Negatif
Tue Sep 29 13:56:03 +0000 2020,namasaniyah salma fakultasilmu hukum jurusanhukum cluster sehat mental seringkali dinomorduakan banyak orang lebih mengutamakann sehat fisik rasa tekan hidup generasi rasa stres akibat informasi tak bendung,-4,Negatif
Tue Sep 29 13:46:20 +0000 2020,kondisi sehat mental generasi sangat perlu perhati banyak pihak bagai pihak perlu terus kembang sosialisasi kena penting sadar sehat mental generasi muda kelak bangun bangsa perlu jaga diri sendiri,-4,Negatif
Tue Sep 29 12:59:29 +0000 2020,namaatha darari putra fakultas teknik jurus teknik elektro cluster masalah sehat mental remaja khusus generasi timbul stres sepi depresi era pandemi banyak remaja habis banyak waktu,-11,Negatif
Tue Sep 29 12:44:27 +0000 2020,buat pilih picu hasrat sakit diri sendiri banyak cara jaga sehat mental anak muda generasi indonesia salah satu tebar segala positif orang cara tumbuh rasa percaya diri,-7,Negatif
Tue Sep 29 12:29:26 +0000 2020,alami ganggu mental awal stres kemudian lanjut jadi depresi berat sebab kasus bunuh diri perlu peduli penting sehat mental anak anak generasi,-8,Negatif
Tue Sep 29 12:29:25 +0000 2020,buat generasi sangat rentan ganggu sehat mental faktor picu sangat agam mulai keluarga media sosial teman,0,Netral
Tue Sep 29 12:07:48 +0000 2020,maret who rilis pandu laku antisipasi rusak sehat mental remaja utama generasi,0,Netral
Tue Sep 29 12:05:38 +0000 2020,tahu sebut wajar sehat mental generasi sangat penting jaga mereka sebar informasi cepat sosial media mental generasi rusak sebar berita hoax sosial media kendali,-2,Negatif
Tue Sep 29 11:47:35 +0000 2020,sehat mental biasa sebut mental health sehat mental sangat penting utama generasi generasi terus bangsa generasi tentu ada negeri puluh tahun depan,-4,Negatif
Tue Sep 29 10:51:39 +0000 2020,ambil simpul sehat mental generasi salah satunua pengaruh handphone sering main sosial media banding hidup orang picu depresi stres,-2,Negatif
Tue Sep 29 09:25:17 +0000 2020,lalu jaga sehat mental sangat penting jaga utama generasi,0,Netral
Tue Sep 29 09:25:17 +0000 2020,sini sampai ringkas essai buat judul penting sehat mental samping menjagakesehatan fisik saat pandemi covid utama generasi,-2,Negatif
Tue Sep 29 08:33:00 +0000 2020,sini aku bahas kena penting sehat mental generasi generasi,-2,Negatif
Tue Sep 29 07:45:26 +0000 2020,sarmita ayu sefiani fakultas teknik prodi teknik kimia cluster penting mental health generasi sehat mental pengaruh peristiwa hidup tinggal dampak besar pribadi perilaku orang,-3,Negatif
Tue Sep 29 04:15:27 +0000 2020,ikut laku jaga sehat mental lama pandemi virus corona terutatama generasi laku aktivitas fisik konsumsi makan gizi henti biasa buruk,-6,Negatif
Tue Sep 29 00:00:47 +0000 2020,nama farida oktafiyanofita putri fakultas terna psdku diri jurus terna cluster teknologi sangat pengaruh sehat mental generasi generasi sangat gantung teknologi generasi lebih selektif,-5,Negatif
Mon Sep 28 16:20:18 +0000 2020,generasi sehat mental sangat perlu banyak ubah jadi era generasi generai sendiri banyak ubah paham kondisi hidup,-2,Negatif
Mon Sep 28 15:49:51 +0000 2020,sehat mental kalah penting sehat fisik remaja zaman generasi masa remaja rupa masa alih masa anakanak tuju masa dewasa,-2,Negatif
Mon Sep 28 15:11:54 +0000 2020,ringkas esai penting mental health masa generasi mental health sehat mental kondisi batin ada tentram tenang mungkin nikmat hidup seharihari harga orang adapun penting,0,Netral
Mon Sep 28 15:07:01 +0000 2020,kelompk manusia kondisi sehat mental buruk banding generasigenerasi lai masa pandemi banyak anak muda generasi strees akibat banyak nya masalah masa sekarang anjur perintah stay,-6,Negatif
Mon Sep 28 14:22:20 +0000 2020,simpul saling mengigatkan betapa penting jaga sehat mental masa sekarang utama generasi,1,Positif
Mon Sep 28 12:09:46 +0000 2020,gen generasi rentang kena ganggu sehat mental depresi pelihara pikir positif cegah ganggu sehat mental jaga sehat mental loveyourself,-3,Negatif
Mon Sep 28 11:24:50 +0000 2020,internet malah buat kondisi sehat mental generasi makin buruk bukan stres jadi candu tumbuh sikap anti sosialmungkin solusi beri generasi beri panggung salur minat,-1,Negatif
Mon Sep 28 11:24:49 +0000 2020,isu masalah sebut tinggi akses informasi pengaruh sehat mental makin mudah oleh informasi edar lebih banyak pikir timbul stres makin generasi tahu informasiinformasi sebut,0,Netral
Mon Sep 28 11:24:45 +0000 2020,timbul sakit fisik salah satu organisasi bidang sehat internasional who world health organization meyebutkan generasi lebih rentan kena ganggu sehat mental tambah masa muda masa cari jati diri buat diri,-7,Negatif
Mon Sep 28 11:19:24 +0000 2020,perintah milik peran penting tangan masalah sehat mental khusus generasi perintah tingkat sedia sarana prasarana bantu masyarakat sedang alami masalah sehat mental,1,Positif
Mon Sep 28 11:19:24 +0000 2020,kondisi sehat mental generasi perlu perhati banyak pihak bagai pihak sosialisasi beri edukasi kena sadar penting sehat mental,-3,Negatif
Mon Sep 28 11:19:23 +0000 2020,masa sekarang teknologi satu per satu alami kembang sangat pesat teknologi ganggu sehat mental generasi teknologi faktor sosial ekonomi budaya politik didik pengaruh sehat mental generasi,-4,Negatif
Mon Sep 28 09:44:31 +0000 2020,generasi tumbuh rasa duli isuisu ada pandemi covid akibat tingkat masalah sehat mental masyarakat,-3,Negatif
Mon Sep 28 09:44:28 +0000 2020,mudah informasi masuk jadi salah satu sebab tingkat masalah sehat mental indonesiaketergantungan generasi media sosial sebab lebih mudah papar informasiinformasi sebar,-2,Negatif
Mon Sep 28 03:09:49 +0000 2020,nama anggita dian pramudhita fakultas terna jurus terna cluster langsung maupun langsung masa pandemi sebab banyak orang alami ganggu sehat mental kecuali kaum muda generasi,-3,Negatif
Sun Sep 27 23:11:30 +0000 2020,pertama kenal nama rizkynanda finhartanto mahasiswa universitas brawijaya fakultas ilmu sosial ilmu politik jurus hubung internasional cluster kali bagi buah thread penting sehat mental generasi,1,Positif
Sun Sep 27 17:54:53 +0000 2020,media sosial pisah generasi generasi guna bijak salah satu guna sosial media bijak singgung sehat mental,0,Netral
Sun Sep 27 16:53:47 +0000 2020,sehat mental sehat sangat penting milik mungkin orang kerja produktif utama generasi rupa terus bangsa indonesia,2,Positif
Sun Sep 27 10:06:19 +0000 2020,bagi ilmu jaga sehat mental generasi era covid kata mental biasa sebut mentalitas cara pikir manusia ajar merespon suatu mental sangat berepengaruh hidup sosial,2,Positif
Sat Jun 27 12:00:52 +0000 2020,remaja tahun generasi iman amp sehat mental fasilitator moze simanjuntak julianto simanjuntak amp tim lk rabu juli sd aug wib sesi digital detox temu,-2,Negatif
Mon Jun 22 06:10:49 +0000 2020,generasi iman amp sehat mental candugame gameonline rekonsiliasi ampun awanhitam depresi bunuhdiri lembahkekelaman lukabatin generasiz kesehatanmental mentalhealth kehidupankristen remajakristen remaja,-2,Negatif
Mon Jun 22 06:10:48 +0000 2020,generasi iman amp sehat mental underpressure spiritualitaskristen lostinfear pembangunankarakter characterbuilding remajaindonesia mahasiswaindonesia indonesia indonesiaemas masadepanindonesia bonusdemografi produktivitas,-1,Negatif
Mon Jun 22 06:10:48 +0000 2020,generasi iman amp sehat mental umur umur umur umur pemuda keluargakristen imankristen christianfaith berbagiinfokristen pemikirankristen pendidikankristen selfcare mindfullness wellbeing loneliness sepi tekan takut,-2,Negatif
Mon Jun 22 06:10:47 +0000 2020,generasi iman amp sehat mental seminaronline indonesia seminarkristen christianyouth anak orangmudakristen orangtua parenting pendidikananak kelas kelas kelas kelas kelas mahasiswabaru mahasiswakristen umur umur umur umur,-7,Negatif
Tue May 05 12:20:38 +0000 2020,nah gen lebih buka lapor simptomsimptom psikologis rasa papar informasi lebih kembang didapetin generasi makanya gen anggap lebih aware sama sehat mental,3,Positif
Fri Jan 24 09:33:18 +0000 2020,halo nusantara bidang human development hd ada kaji advokasi i tema manajemen sehat mental era generasi daftar diri kalian lalu cp khairunnisa forkompi nada harmoni nusantara,2,Positif
Sun Jul 14 05:43:55 +0000 2024,kotler perbezaan generasi gen vs gen amp alpha gen financial struggle sebab lebih pantas ajar urus wang pelabur masa depan banyak belanja produk materialistik amp utama gen amp alpha,1,Positif
Sun Jul 14 01:05:35 +0000 2024,gen hanyaa mau hidup finansial metal stabil tjukup mental stabil kunci finansial stabil nah ngestabilinnya pr banget yakin banget ngadepinnya,7,Positif
Fri Jul 12 08:54:15 +0000 2024,sasa aden duale ataenda wapi nya ngamia zake zilikufa juu kiangazi reject financial bill real gen,1,Positif
Thu Jul 11 16:23:37 +0000 2024,president ruto yirukanye ku mirimo abaminisitiri bagiye government nyuma yimyigaragamyo gen yamagana financial bill rutikanga twitege iki nyuma yibi,0,Netral
Mon Jul 08 10:04:44 +0000 2024,usaha walaupun gen gen milenial jadi generasi sandwich financial stabil setle carrier ngangkat derajat keluarga gtgtgtgt,1,Positif
Sat Jul 06 20:55:30 +0000 2024,spencer haiya kube nih gen pia apewe financial bill aihandle,0,Netral
Tue Jul 02 15:39:21 +0000 2024,ruto nishaangusha financial billmnataka nini tena gen anguka nayo,0,Netral
Tue Jul 02 12:57:17 +0000 2024,nama siskawati simandalahi pukul wib judul analisis hubung financial attitude financial knowledge family financial socialization perilaku manajemen uang gen jabodetabek timbang financial selfefficacy variabel mediasi,3,Positif
Sun Jun 30 15:50:57 +0000 2024,mwaipaya kenya nih gen wanareject financial bill ila bongo nih kazi,0,Netral
Fri Jun 28 09:16:41 +0000 2024,kalian gen relate enggak tantang gen buat punya rumah pertama finansial batas pinterpinter cari rumah sesuai kriteria sesuai budget nah minpin tips buat mudah cari rumah pertama,5,Positif
Thu Jun 27 23:41:22 +0000 2024,lepas era sekarang semua serba mahal alhamdulillah nya gen aware lebih mentingin financial banding nikah muda,0,Netral
Wed Jun 26 19:32:11 +0000 2024,ivi kumbe wamemchoka nya sio financial bill sasa hii itakua nih kisiasa zaidi nya sio gen tena,1,Positif
Wed Jun 26 08:36:38 +0000 2024,pitia hapa pia seneta anasapoti gen ila anaeleza effect kata huu muswaada katika financial system kenya,-1,Negatif
Tue Jun 25 17:59:30 +0000 2024,ramai duk sembang pasal childfree tak berani nak komen lebih iolls tak kahwin mula aku tak nak anak bukan masalah financial takut edar zaman tengok lah gen macam mana alpha,-3,Negatif
Tue Jun 25 08:26:06 +0000 2024,fam be safe mimi nih mtanzania ila nawaunga mkono mnachokifanya kuitetea nchi yenu nya jamaa pia kwa ujumla never give up reject financial bill people power gen,0,Netral
Mon Jun 24 11:40:08 +0000 2024,people of mombasa muache uoga kesho tunatoka kwa pomoja kushinikiza financial bill bila uoga together we can achieve,0,Netral
Sat Jun 22 20:15:04 +0000 2024,toto anajua vizuri gen hafai kuambiwa imewaraukia after financial bill tunajua mtaanza story legalise weed mara tunataka prezzo anachana jaba tunataka tupewe serikali nusu godly govnmt should ban all substance esp bhang for harmonious rshp our country,-1,Negatif
Sat Jun 22 18:05:25 +0000 2024,wakuu sih mnifollow gen for gen nya tukikataa hii financial bill rejecttokeatuesday,1,Positif
Sat Jun 22 03:32:29 +0000 2024,kocak memang kali boomer selalu rendah gen miskin financial unstable overpopulasi sandwich generation sumber,-3,Negatif
Fri Jun 21 09:49:27 +0000 2024,banjukaformfriday sama gen nya millenial mpooo ndo hii mida yenu sasa hapa leo kwenye banjukatrendz napiga story nya embarambamba makokha makacha tom daktari smart joker je wanasemaje kuhusu financial bill tegea orang stream live sulwe,3,Positif
Fri Jun 21 09:05:21 +0000 2024,lapor etiqas gen financial health survey naik kos sara hidup ubah struktur ekonomi paksa generasi muda timbang mula simpan pelabur,-3,Negatif
Thu Jun 20 16:06:57 +0000 2024,uzur wa gen sisi hatuna kazi sok tunaweza piga maandamano siku zote reject financial bill genz,0,Netral
Thu Jun 20 10:40:43 +0000 2024,fakta nunjukin walaupun gen fase awal bangun karir batas mampu finansial banding generasi atas jadi milik rumah prioritas bravo gen semangat terus kerja biar makin banyak tabung,1,Positif
Thu Jun 20 09:40:36 +0000 2024,gen tukimalizia financial bill we supposed ensure that hawa watu wanaozea kwa viti mayut wameondoka we gat sok mau degrees rotting kwa sababu wasee wamekwama kwa viti zetu,-2,Negatif
Wed Jun 19 12:29:16 +0000 2024,can relate semangat mentemen gen semua mampir nih buat insight kena financial biar tetap financially fit,1,Positif
Tue Jun 18 19:23:52 +0000 2024,thursday tunaweza amka tupate wamezima kali bna alaf gen kak ulipost anything else apart from reject financial bill wewe n jiambie mimi n mojinga kinuthia,0,Netral
Tue Jun 18 07:00:00 +0000 2024,generasi milenial gen sering jebak utang paylater pinjam online aturgaji hadir beri edukasi pandu finansial kamu kelola dapat keluar bijak smartfinance aturgaji,-1,Negatif
Tue Jun 18 04:59:04 +0000 2024,generasi milenial gen sering sebut sandwich generation urus butuh keluarga multigenerasi atur uang sendiri aturgaji kasih solusi edukasi pandu finansial gampang paham generationfinance aturgaji,0,Netral
Wed Jun 12 14:14:15 +0000 2024,obligasi cocok buat orang punya dana nganggur lumayan gede arti orang financial settle gen bagi besar titi karir proses ngumpulin dana lagi ngapa sih ngejar anak piyik buat ngutangin duit negara,4,Positif
Sat Jun 08 05:31:02 +0000 2024,teliti banyak gen punya anak kendala financial lengkap,0,Netral
Wed Jun 05 12:10:08 +0000 2024,luncur salvi laksana sama ingat satu tahun digital financial center harap salvi beri hasil literasi uang digital kalang mahasiswa utama kalang gen masyarakat luas umum,4,Positif
Tue Jun 04 14:33:48 +0000 2024,apasih gen mulu jadi alesan jir gbisa punya rumah makin kesini melek finansial realistis ngitung enggak mudahny langsung ambil kpr cekik diitung rugi kalo total waktu masa cicil kpr akhir banding bangun rumah sendiri gede cicil,1,Positif
Tue Jun 04 02:50:58 +0000 2024,kredit hutang and cukai all those financial awareness and gen still the one banyak bankrap muda,-2,Negatif
Mon Jun 03 10:00:01 +0000 2024,halo life friends apa betul gen capai financial independence yuk diskusi sama sini eazylifebnilife solusiproteksi mulaisekarang asuransijiwa asuransi proteksi perlindunganjiwa,2,Positif
Mon Jun 03 03:06:46 +0000 2024,mau kabinet menteri menteri jangan ternak orang miskin gen tak mati perdata lengkap infobank bank banking perban financial ekonomi prabowo gibran prabowogibran korupsi koruptor menteri genz,-6,Negatif
Wed May 29 06:55:24 +0000 2024,we offer the best internet services kasarani no data caps low latency best experience online mikel arteta malema uclfinal kikuyus helb karen nyamu financial bill simps mogadishu sudi gen etims,-1,Negatif
Sun May 26 11:02:02 +0000 2024,selamat datang dunia orang dewasa gen mulai pasuk fase quarter life crisis financial crisis sobat idx nyisihin budget buat ganti gadget tahun sekali beli sepatu kini tren berat banget tuntut hidup moga,3,Positif
Thu May 23 16:47:42 +0000 2024,semua ubah gara gara krisis finansial asia tahun krisis krisis buat periodisasi genz indonesia beda amrik pandang gue kalau amrik indonesia masuk gen baru lahir dampak krisis turun,-8,Negatif
Thu May 23 09:50:50 +0000 2024,buah financial goal gen,0,Netral
Thu May 23 07:31:35 +0000 2024,gen sandwich generation gue paham banget sama sih sama pengin bebas laku banyak ambisius sisi keluarga bebas finansial plus ortukakek nenek tua erti banget awal egois enggak mau ikut urus keluarga,0,Netral
Wed May 22 08:51:48 +0000 2024,gen rapat miniv bisikin cara dapat financial freedom umur an siapa sih enggak pengin simak video invlinic genz financialfreedom financialtips,0,Netral
Wed May 22 04:12:54 +0000 2024,bapak mikir lah gen banyak anggur memilki didik cukup alasannhya financial bagaimana mau maju kalo kayak begini terus kurikulum gonta ganti mulu capek tau pak,-5,Negatif
Mon May 20 03:54:47 +0000 2024,gue gen malah pikir property rumah makin tahun makin mahal gue pikir bagaimana cara duit muter biar beli rumah biar anak lahir rahim gue punya fasilitas jamin bjir boro nikah struggle pikir finansial,5,Positif
Fri May 17 16:59:16 +0000 2024,sebab faktor disabilitas kurang pada transportasi kurang finansial didik mungkin jadi perhati mas gibran tweet daya gen,-5,Negatif
Tue May 14 12:04:01 +0000 2024,kapai pilih that thing kalo perempuan matang financial power superior mau punya pacar cewek gen,1,Positif
Wed May 08 08:01:49 +0000 2024,makanya cewek gen enggak sedikit kan kalo suka suka bahkan nikah laki matang mapan alam baik umur financial jiwa macam sugar dedi bukan unt jadi simpan,-2,Negatif
Wed May 08 07:58:14 +0000 2024,makanya cewek gen enggak sedikit kan kalo suka suka bahkan nikah laki matang mapan alam baik umur financial jiwa macam sugar dedi bukan unt jadi simpan,-2,Negatif
Sun May 05 04:17:58 +0000 2024,sila kerja tes ikut menit maaf apa kompensasi orang rekruter picu debat internet ungkap kesal orang kandidat gen kandidat sebut minta kerja financial modelling test lama menit,0,Netral
Mon Apr 29 10:21:32 +0000 2024,hahahaa gen melek financial plan memang,0,Netral
Mon Apr 29 08:33:46 +0000 2024,beli rumah jadi salah satu citacita ingin semua orang makanya yuk tahu strategi beli rumah milenial gen financial planner,1,Positif
Mon Apr 29 04:31:03 +0000 2024,wah gen support najibzz i saw the tt comments i tengok parents i okay je financial bila najib lead our country lah kau tau parents kau punya financial camana dulu tak orang nak cerita susah orang cringe siot,0,Netral
Tue Apr 23 06:46:08 +0000 2024,meeting kantor semua isiny milenial sama gen jawa semua kadang gue suka frontal asa jadi tokoh antagonis i mean financial dept kalo enggak frontal enggak nyaman wkwkwk,2,Positif
Thu Apr 18 16:38:29 +0000 2024,girls gen atas nih makin woke akibat pengaruh motivasi socmed up ego dorg rasa diri entitle sombong kata princess sindrome demand lelaki high class financial stable hensem dorg mmpu on table just muka amp puci je no something bervalue dorg bang,-5,Negatif
Tue Apr 16 10:56:58 +0000 2024,laku gen bukan sandwich gen orang tua support financial,-1,Negatif
Tue Apr 09 06:15:45 +0000 2024,gen kalo entar enggak punya rumah salah bukan poor financial decisionnya perintah suka bikin stres thus we spend money that bring us little happiness,-2,Negatif
Mon Apr 08 22:46:25 +0000 2024,hannah was balling ngl,0,Netral
Thu Apr 04 10:27:39 +0000 2024,gen kali miskin salah orang tua boomers enggak beli gold millenials miskin salah orang tua gen kali enggak beli property gen miskin salah orang tua milenials enggak beli saham gen alpha miskin salah orang tua gen enggak beli cryptocurrency edukasi financial sangat perlu,-11,Negatif
Sun Mar 17 01:00:01 +0000 2024,kalang anak muda sebut jadi salah satu sumbang besar porsi pinjam financial technology fintech masuk pinjam online alias pinjol bahkan debitur gen milenial kerap terkenablacklistlantaran gagal bayar,-5,Negatif
Sat Mar 16 06:00:50 +0000 2024,si under si under gaji digit freedom financial under,0,Netral
Wed Mar 13 12:41:56 +0000 2024,tabung baru sama deh rasa financial freedom dasar gen hahaha,1,Positif
Fri Mar 08 02:04:49 +0000 2024,gen notabennya banyak minor nguras financial,0,Netral
Tue Feb 27 22:45:49 +0000 2024,wah salah sih kalau main target nya ibu tiktok mau merger manfaatin giring audience kayak pasuk tiktok buat ig youtube kalau promote bau bisnisfranchise lebih cocok bawa millenial amp gen melek sama financial freedom,0,Netral
Wed Feb 21 12:34:32 +0000 2024,financial planner rista zwestika jabar alas banyak anak muda baik milenial gen jadi korban investasi bodong,-2,Negatif
Fri Feb 16 15:39:17 +0000 2024,buat bingung wajib banget ikut personal financial coaching amp workshop for gen book your seat now sunday february ruang kampus semanggi unika atma jaya jakarta,0,Netral
Wed Feb 14 02:34:03 +0000 2024,gen nih kan kalau elok bagus betul career development financial planning semua deh plan awal awal mentality elok kalau tak elok memang betul teruk lah orang kata jawab exam main main fikir ajar tak penting jauh betul jurang perbezaan,-5,Negatif
Mon Feb 12 08:25:50 +0000 2024,financial planner ingat milenial gen atur lifestyle tak jebak fomo hingga jerat pinjol,0,Netral
Tue Jan 30 14:59:01 +0000 2024,tunggu financially stable dulu lah baru punya anak urus finansial enggak pernah tau besok lo stable lama lo enggak pernah stable cuma bocil gen tolol ingus enggak paham hidup punya pikir hitung soal finansial,-3,Negatif
Fri Jan 26 10:50:23 +0000 2024,yakin generasi melek finansial mulai bagi uang hingga dana darurat pandang bagi gen milik ahli bidang kenal crypto amp saham sejak bantu ada cryptocurrency baik trading maupun invest,4,Positif
Wed Jan 24 13:48:29 +0000 2024,guys this election looks unfair menang normal paslon hadap sama paslon koalisi gemuk dukung presiden aktif partai besar menteri ormas besar big financial support plus dukung gen bebal dungu minim literasi this is a hard battle for amp,4,Positif
Thu Jan 18 09:00:52 +0000 2024,survei financial times temu beberapa fakta gen kata beberapa gen nyata malu guna android suaramerdeka suaramerdekacom promedia survei genz ponsel android ponselandroid teman kucil,1,Positif
Wed Jan 17 11:06:33 +0000 2024,penting tahu putar uang gen yuk bahas the importance of financial literacy for gen jangan lewat ekrutesid ekrutalks sharingsession financialwisdomtalks genzkeuangan literasikeuangan instagramlive,1,Positif
Sat Jan 13 14:19:45 +0000 2024,benar nih buah riset keluar financial times tunjuk bagi besar remaja masuk golong gen amerika serikat as malu guna android kata android ponsel jadul guna android sebut,-3,Negatif
Thu Jan 04 06:30:55 +0000 2024,sering lihat enggak sih kalo rumah jepang sederhana asal tahan gempa jadi mungkin mampu cuma kan milenial sama gen pakai standar gengsi mungkin bikin susah ego bukan masalah mampu finansial,-2,Negatif
Thu Jan 04 03:13:01 +0000 2024,gue gen tahun sekian banyak lalu susah payah cari uang kerja tempat beda penuh financial orang tua tinggal pacar selingkuh makin gue erti mental health enggak penting orang punya tekat juang dalam diri,-2,Negatif
Tue Jan 02 05:53:48 +0000 2024,hubung frekuensi promosi grup kpop financial stability gemar gen gue enggak tau lo dulu kuliah jurus apa jadi arang judul,-2,Negatif
Mon Jan 01 10:34:41 +0000 2024,jir enggak sebocil pak sebel perkara parsoc dukung paslon most of kpopers isi gen rata umur mostly mandiri finansial pikir memang kambing bawa auto ngikut tali,-4,Negatif
Fri Dec 29 12:21:18 +0000 2023,maaf bukan mau salah orang tua milenial bahkan lebih dark orang tua gen orang tua they are my universe pls lah enggak sih calon calon ayah minimal siap mental wawas financial sehat jaga jangan siap cuma burung cont,-6,Negatif
Wed Dec 20 15:09:35 +0000 2023,seengaknya kalo enggak nyukupin financial anak mbok jangan nambahin beban tanggung anak baru rintis,-5,Negatif
Wed Dec 13 15:57:24 +0000 2023,sumpaaa gua bukan buzzer anies gua rasa program cocok banget buat gen benar inovasi brilian anak muda kan banyak banget jerat pinjol hadir acara publik buat konsultasi soal masyarakat bakal lebih melek finansial keren sih ide,0,Netral
Mon Dec 11 23:41:08 +0000 2023,enggak wajar gen enggak paham financial planning bikin cashflow hancur gara lifestyle padahal segi hasil hemat tabung beda generasi belum gen sentuh macam teknologi sejak lahir makanya heran kalo enggak banyak ajar,-1,Negatif
Mon Dec 11 15:52:13 +0000 2023,finansial milenial gen kacau ikut generasi tua,-3,Negatif
Mon Dec 11 13:03:15 +0000 2023,resolusi merdeka finansial gen perlu mulai tanam biasa penting bisnis,4,Positif
Mon Dec 11 03:12:59 +0000 2023,banyak bijak solutif generasi muda tweet edukasi finansial gen frugal living jangan banyak healing paylater lebih produktif pak fokus hankam amp geopolitik stabilitas kawasan amp ekonomi koentji,0,Netral
Mon Dec 11 03:01:51 +0000 2023,lebih baik tweet banyak edukasi finansial ajar gen frugal living jangan dikit healing selfreward paylater kuat hankam wamil kayak korea biar gen amp a lebih tanggung enggak cuma rebah,-3,Negatif
Mon Dec 11 02:23:27 +0000 2023,mbamas gen komentar benar sederhana gen enggak punya bukan bagi rendah standar finansial generasi bentuk kritik harga properti terus langit padahal rumah butuh primer,-3,Negatif
Thu Dec 07 05:02:12 +0000 2023,rupa gen milik kartu kredit pertama rupa langkah penting jalan finansial,4,Positif
Thu Dec 07 01:04:07 +0000 2023,ingat gen nikah jangan sekali berani diri nikah kalo masalah finansial aman mending enggak usah nikah kaya amp nikmat hidup sendiri seprti orang jepang eropa punya anak berat biaya enggak dikit,-6,Negatif
Mon Dec 04 05:58:14 +0000 2023,sih sender ngeluh wajar capek kuliah urus rumah beberes kakak sender kagak bantu finansial pakai sama sama diri lu dalih gen gen gen lu kan bantu finansial doang kga paham,-1,Negatif
Sun Dec 03 02:32:03 +0000 2023,financial independence gen selalu ngeluh maaf situ sama ngeluh lah sama ngeluh tetap jalan inti ngeluh gaappa gaboleh nyerah,-3,Negatif
Fri Dec 01 15:03:09 +0000 2023,jagadiri beri literasi finansial asuransi gen jagadiri,0,Netral
Fri Dec 01 10:41:40 +0000 2023,support gen ikut edukasi masyarakat lain cerdas finansial,-1,Negatif
Thu Nov 30 18:07:42 +0000 2023,pesa kidogo gen anaanza kepeana financial advice,0,Netral
Thu Nov 30 16:18:20 +0000 2023,gantung gen nya kalo finansial aman mental aman kayak gwen ashley gas kan nikah muda banyak gen mungkin jadi sandwich generation kali,-5,Negatif
Wed Nov 29 09:02:25 +0000 2023,business incubator banyak anak gen cerdas loh piawai financial engineering jadi finance director ngerik kan,-1,Negatif
Tue Nov 28 02:52:15 +0000 2023,lebih paruh responden gen aku andal keluarga urus finansial bagaimana politis kampanye uang mandiri gen,0,Netral
Tue Nov 28 01:43:36 +0000 2023,aneh kalo aku nya financial expert senggol balesannya selalu rendah wkwk gen apa milenial ah gataulah takut direndahin aku,-2,Negatif
Sun Nov 26 12:44:14 +0000 2023,gue sih rasa perlu gen literasi uang harus lebih pintar tinggal alokasi budget post asuransi protect their financial goals,0,Netral
Sat Nov 25 15:43:25 +0000 2023,salah finansial hindar gen masa tua lilit utang,-4,Negatif
Fri Nov 24 23:35:08 +0000 2023,jatuh bangun milenial gen cipta financial freedom,0,Netral
Fri Nov 24 18:41:55 +0000 2023,persis buat gen percaya marcos orang baik,2,Positif
Fri Nov 24 14:20:03 +0000 2023,gen wajib tahu salah finansial milenial haram kamu tiru,-2,Negatif
Fri Nov 24 11:24:35 +0000 2023,lebih persen gen kali gen gen anggap tabung penting bantu wujud rencana finansial,4,Positif
Fri Nov 24 03:13:24 +0000 2023,aco nih kang gen still survive kuliah kerja tetap bantu finansial keluarga,2,Positif
Mon Nov 20 11:31:03 +0000 2023,prinsip hidup biar enggak pusing soal financial buat gen nih spill dong kalian capekcapek kerja dapetnya apa,-1,Negatif
Fri Nov 17 08:41:08 +0000 2023,lihat gen soal gen sekitar aku orangorang krisis finansial,-1,Negatif
Thu Nov 16 15:26:22 +0000 2023,gen matimatian kejar financial freedom super boros jadi balance kwkwkw,-2,Negatif
Sun Nov 12 12:57:08 +0000 2023,finansial financial freedom for gen genius money management halo sobat gensoed jadi mahasiswa sulit kelola uang usaha hemat tetap rasa boros pengin main pengin nabung bagaimana sih cara,1,Positif
Tue Nov 07 21:47:45 +0000 2023,money hulu,-1,Negatif
Sun Nov 05 07:58:12 +0000 2023,coming soon finansial financial freedom for gen genius money management halo sobat gensoed jadi mahasiswa sulit kelola uang usaha hemat tetap rasa boros pengin main pengin nabung bagaimana sih cara,1,Positif
Sat Oct 28 13:37:32 +0000 2023,bank sahabat sampoerna bank sampoerna ajak gen manfaat fiturfitur sampoerna mobile banking smb capai financial wellbeing,2,Positif
Thu Oct 26 00:58:15 +0000 2023,enggak bang mental gen kuat financial nya kuat,0,Netral
Wed Oct 25 05:39:26 +0000 2023,hari ikut seminar picip rangka fflm fisip financial literacy month topik financial literacy gen sangat insightful kayak kalau seminarseminar begini pengin lebih sering ikut apa topik,-4,Negatif
Mon Oct 23 02:45:00 +0000 2023,yuk ikut talkshow selenggara infobank digital sama askrindo tema jadi gen melek asuransi hari rabu oktober pukul wib via zoom meeting aliyah natasya financial planner expert lain,1,Positif
Fri Oct 20 01:10:39 +0000 2023,prompt bard tiba tiba gue suruh jadi mc buat acara talkshow vibe nya lucu bikin talking points lucu kait financial gen hasil,2,Positif
Sat Oct 14 02:03:40 +0000 2023,arti niat gen buat tahan nikah punya anak mental financial stable is right and good,3,Positif
Tue Oct 10 16:50:58 +0000 2023,pantas gen susah financial freedom duit dikit tamak serasa miliarder,-2,Negatif
Mon Oct 09 12:32:03 +0000 2023,gue beli tiket pulang indonesia but beli tiket pesawat singapore buat tonton taylor swift beli tiket taylor swift beli day pas pestapora buat tahun depan sungguh gen reckless irresponsible financial decisionmaking,1,Positif
Sun Oct 08 15:08:16 +0000 2023,benar banget walaupun diskon olshop syarat aktifin pay later tarik banget tetap skip dulu tau pay later jahat banget memang perlu banget sih nama edukasi finansial masyarakat khusus gen kayak resiko pay later deposito up from,6,Positif
Fri Oct 06 06:17:33 +0000 2023,gen aku enggak marah kalo lihat becandaan bang oza mental health gen memang marah kalo nyangkutin financial gen boros enggak beli rumah gaji umr kalo beli rumah kpr relain tengah gaji buat nyicil tahun cuy,2,Positif
Thu Oct 05 02:11:27 +0000 2023,pikir orang orang masalah financial gen gengsi padahal jadi sandwich gen wkwkwk,1,Positif
Wed Oct 04 17:01:30 +0000 2023,pikir kolot kalo gengsi dianggep buah akar masalah finansial gen,-1,Negatif
Wed Oct 04 08:20:26 +0000 2023,cocok nih buat aku mau ikut otw wealthy biar erti soal financial mental health manfaat banget buat gen keren permatabank wealthwisdom,2,Positif
Wed Oct 04 07:48:01 +0000 2023,otw wealthy sapa enggak mau anjir btw keren banget permatabank materi enggak melulu putar financial bahas mental health nih sakit gen banget hihi tengah terpa ekpetasi keluarga tinggi wealthwisdom,1,Positif
Tue Oct 03 19:44:29 +0000 2023,nemu influencer dulu pernah krja bareng eh nikah kayak muda banget deh gen terus lihat foto amp video weddingnya super mewah oke pantas putus cepat meni nyata financial support masing keluarga kuat lihat both of em kalang ada,3,Positif
Mon Oct 02 10:29:32 +0000 2023,randomly ketemu video channelnya mbak maudy omong financial gen ampun aku kaya fan sama mbak aliyah natasya deh omong kalem banget on point,1,Positif
Tue Sep 05 12:57:15 +0000 2023,specific case tabung enggak sih interestingly the survey shows that gen consider being rich as important more tahan milenial amp gen kali kalo soal online loans amp financial inclusion cukup banyak data research,-2,Negatif
Sun Aug 27 04:21:18 +0000 2023,arti aku jadi financial advisor relatable buat gen,2,Positif
Thu Aug 24 04:54:45 +0000 2023,gen pakai iphone gengsi buah riset keluar financial times tunjuk bagi besar remaja masuk golong gen amerika serikat as malu guna android,-1,Negatif
Tue Aug 22 03:15:46 +0000 2023,makanya nih gen jangan trgiur pinjol sama paylatter banyak screening data kalian bakal tahu bi checking kalo mau masuk usaha financial skor kredit yauda bye kredit nunggak mulu bayar,-4,Negatif
Mon Aug 14 11:58:03 +0000 2023,tmi i spent of my uni life for layan mahasiswa including advocate their financial and academic problems alihalih apresiasi sering kali laku kayak layan benar bahkan kata manusia kalian capek layan publik enggak,-1,Negatif
Fri Aug 11 06:36:15 +0000 2023,malas aku nak mansplaining tldr gen jangan beli rumah mindset sewa dekat orang penting location je this is not a financial advice,-1,Negatif
Wed Jul 05 03:35:34 +0000 2023,international business seminar business financial planning business education proudly present business financial planning kupas tuntas strategi cara atur uang bisnis optimalisasi profit bisnis gen era digitalisasi,3,Positif
Fri Jun 30 08:59:42 +0000 2023,hai gen kamu punya financial goals bingung bagaimana cara capa kamu mulai hindar beberapa salah mungkin hambat lho yuk catat,1,Positif
Tue Jun 27 04:23:54 +0000 2023,gen amp gen beres uang gen kali siap pensiun kalo kantor kamu kayak apa qmtraining by financial,-2,Negatif
Sat Jun 24 16:43:18 +0000 2023,gen sekarang nih baru masuk kerja deh duk fikir nak amik myvi adoii ptptn start bayar memang duk fikir nak gaya lebih geram nak jer nak educate pasal financial apa semua dorang bukan nak dengar tak ikut trend nih,-3,Negatif
Fri Jun 23 06:57:46 +0000 2023,dukung institusi didik komunitas resmi investor academy indonesia jadi salah satu batu loncat gen ajar kelola investasi aman partisipasi enggak bantu anak muda gapai financial goals,1,Positif
Tue Jun 20 02:38:33 +0000 2023,mindset hemat grow income marak muncul anak muda utama gen millenial sukses usia muda semua mungkin certified financial planner kasih tips detikers,-3,Negatif
Sat Jun 17 16:40:28 +0000 2023,twitter kena hadam baca belas thread buka yt tengok video minit hello guys welcome back my channelbla bla bla terus rasa deh jadi financial expert konklusi ada gen malas baca,1,Positif
Tue Jun 13 09:00:25 +0000 2023,anakanak gen wajib quote tweet dong hasil lapor riset hasil buah studi sama cfa institute financial industry regulatory authority si investor education foundation jadi buah tren mungkin dorong kelompok tumbuh sama,2,Positif
Fri Jun 09 10:30:00 +0000 2023,aset kripto masuk bitcoin btc ethereum eth investasi paling umum pegang investor gen buah studi sama cfa institute financial industry regulatory authority si investor education foundation lengkap,1,Positif
Sun Jun 04 04:26:45 +0000 2023,gen kalo deh melek financial literacy mah enggak main main,0,Netral
Wed May 31 01:58:42 +0000 2023,gen koar koar siap mental financial etc biar no more anak jadi korban also gen sering dibekalin mie,0,Netral
Sun May 28 22:00:34 +0000 2023,nih kira content publication wang gabung roh cosmopolitan the financial times aim kat perempuan tahun jana as juta kukuh empayar ilmu bina nih hogoe kpessou gen pernah buat uber eats,2,Positif
Thu May 25 06:13:04 +0000 2023,financial planner kata gen milenial atur cash flow uang sumber mana,0,Netral
Fri May 19 10:58:48 +0000 2023,betul makanya gen mateng biar masa tua nikmat financial freedom yuk coba tin daftar,1,Positif
Thu May 18 15:19:12 +0000 2023,alas gen nunda nikah financial kokoh good banget,2,Positif
Fri May 12 04:49:11 +0000 2023,beda dulu ngetroll gen perihal invest financial freedom uprise tantang ngetroll semua lini,-2,Negatif
Thu Apr 27 04:40:12 +0000 2023,danamon tuh memang selalu tepat buat generasi milenial jaman sekarang alias gen soal atur financial baik benar danamonlawancemasfinansial cek,-3,Negatif
Thu Apr 27 04:36:41 +0000 2023,umur gin tuh memang tren financial anxiety untung danamon kasih edukasi literasi uang mudah paham gen jadi enggak perlu khawatir danamonlawancemasfinansial cek,-1,Negatif
Tue Apr 18 03:40:21 +0000 2023,financial services sulit atur uang tokio marine life bekal gen rencana uang beritabisnis beritamarketing financialservices klik berita sini via coid,-1,Negatif
Tue Apr 04 19:46:26 +0000 2023,trivia gtgtgtgtgtgtgt karaoke,0,Netral
Tue Mar 28 12:51:35 +0000 2023,bahas masalah financial zaman sekarang mjd soal besar utama gen milenial bahkan gen nanti uang akan kejar butuh hidup gaya hidup hidup gaya,-4,Negatif
Mon Mar 27 13:55:26 +0000 2023,financial freedom idam gen,0,Netral
Sat Mar 18 05:50:03 +0000 2023,banyak anak gen sekarang gara financial influencer model punya prinsip mau cepat kayak proses lupa investasi sdm skill kompetensi,1,Positif
Wed Mar 15 08:06:42 +0000 2023,nek dhelok financial planing koyok arek gen koyok e sulit depan e nder arti nek kamu pilih duwe anak nah engko anak masa sekolah suami wes masa pensiun dadi sulit uang e apa kalo kamu siap kerja keras bebas se,-2,Negatif
Mon Mar 13 05:07:55 +0000 2023,lihat konser hitam merah muda kemarin jadi pikir tunggu berita financial judul ojk catat jadi tingkat user pinjam online banyak yoy dominasi millenial gen,1,Positif
Fri Mar 10 12:02:51 +0000 2023,lapor financial times sebut guna iphone amerika gen kelompok demografis lahir tahun gen beli samsung,2,Positif
Wed Mar 08 16:43:30 +0000 2023,kalo gue perhati masalah kaum milenial amp gen masalah financial kerja tempat tinggal lahan makin mahal sehat mental mudah insecure cenderung kurang peduli soal politik amp bijak sangat pengaruh faktor atas,-6,Negatif
Sun Mar 05 02:09:28 +0000 2023,hindi nya tayo bumabata,0,Netral
Thu Mar 02 03:03:52 +0000 2023,populer lapor financial times banyak gen amerika serikat lebih pilih iphone banding hp android kirakira apa sebab,1,Positif
Wed Mar 01 02:00:39 +0000 2023,lapor financial times banyak gen amerika serikat lebih pilih iphone banding hp android kirakira apa sebab,0,Netral
Tue Feb 28 10:43:17 +0000 2023,barubaru lapor financial times klaim amerika serikat konsumen gen lebih pilih iphone bas ios ketimbang ponsel android merk baik sekalipun,1,Positif
Tue Feb 28 08:06:10 +0000 2023,lapor financial times temu gen amerika rasa milik apple kalau kucil peersnya,2,Positif
Fri Feb 24 10:32:40 +0000 2023,gen amerika serikat rasa malu dapat tekan sosial besar kalau guna hp android dasar lapor financial times baru sebut guna iphone amerika gen kelompok demografis lahir tahun,2,Positif
Wed Feb 08 18:38:14 +0000 2023,qtna,0,Netral
Mon Jan 30 14:00:33 +0000 2023,buat punya impi jadi sultan sini rapat yuk sesi talkshow nih bakal ngebahas penting financial planner khusus buat kamu gen sok prepare your future be the next sultan goplaycreatorsplaydate goplayindonesia goplayxmaybank,3,Positif
Mon Jan 30 09:04:29 +0000 2023,solusi paling rasional sekarang tawar financial advisor pasu tambah lalu side job kontra pandang umum gen malas lemah gue justru lihat banyak doubletriple job tiap bulan,3,Positif
Mon Jan 30 06:36:55 +0000 2023,enggak gua gen kejar financial freedom kok,-2,Negatif
Mon Jan 30 02:47:44 +0000 2023,jangan suka ngebandingin planning financial gen gen boomer gen lu enggak tau uang bagaimana siapa tau memang cukup buat self reward butuh lain penuh,-5,Negatif
Mon Jan 30 01:29:15 +0000 2023,betuuul sekali informasi financial lebih mudah akses curiousity tinggi buat gen jadi lebih melek soal produk investasi banding millenial amp gen kali sih wkwk terima kasih mbak ngepost,4,Positif
Mon Jan 30 00:13:56 +0000 2023,enggak semua kok malah gen banyak sadar financial planning kebetukan maybe enggak umbar tanya tanya wkwkwk,-1,Negatif
Sun Jan 29 23:26:14 +0000 2023,wkwkwk gen sekarang banyak generasi sandwich gara gara generasi atas senang anak timbang financial,-5,Negatif
Sun Jan 29 07:49:18 +0000 2023,rumus kejar pelbagai income amp kerja makin popular gen rana mahukan financial stability capai financial goals bebas kerja hidup on own terms gen pursuing multiple income mungkin mudah laku banding dulu,1,Positif
Thu Jan 26 03:55:28 +0000 2023,budak budak muda especially gen nih ajar lah financial memang kalau kau ilmu financial kau tak mesti kayak insya allah hidup kau tenang,0,Netral
Wed Jan 18 16:14:56 +0000 2023,sorry beda kelas waktu umur kamu dulu financial freedom tinggal sendiri bayar kuliah si sendiri nongkrong fokus kerja apa jadi duit jadi tau kan beda wahai gen,-7,Negatif
Wed Jan 18 05:55:11 +0000 2023,buat gen kalau mau cepat financial freedom rajin nabung press banget keluar usahain tabung minimal gaji jangan jadi iri dengki kalaupun iri sama orang jadi motivasi buat sukses bukan jatuh kerja keras punya side jobusaha,0,Netral
Thu Jan 12 07:36:24 +0000 2023,gue finansial salah satu alesan kuat gen banyak putus enggak punya anak enggak tau sih soal gua mikir wkwk,-4,Negatif
Fri Jan 06 14:09:21 +0000 2023,multitalenan banget memang cewek satu aura gen cerdas bermedsos financial planning nya raung raung,1,Positif
Thu Dec 29 14:24:34 +0000 2022,on point baby boomers takda kurang faham realiti anakanak milennials gen struggling nih lah dedah mula financial planning lebih awal,-1,Negatif
Wed Dec 14 05:23:34 +0000 2022,mending sesal beli sesal enggak beli kalo kata gen sih you only life once alias yolo malah degdegan buka isi dompet bagaimana sih cara atur uang biar kantong tetap aman dengar uangbicara podcastindonesia financial,2,Positif
Tue Dec 13 13:58:37 +0000 2022,kalo mau main jelek generasi dulu malah lebih parah nder lupa berapa sering dulu anak sama tinggal cuman gara tawur bukan arti gen lebih bagus ibarat semua tempat umum tempat sampah,-4,Negatif
Tue Dec 13 13:58:36 +0000 2022,gen mulai child free sih kak kemarin aku baca mungkin rasai hidup kasih sayang orang tua kali jujurly memang gedein anak susah kalo siap mental financial pikir deh,0,Netral
Wed Dec 07 08:25:00 +0000 2022,mending sesal beli sesal enggak beli kalo kata gen sih you only life once alias yolo malah degdegan buka isi dompet bagaimana sih cara atur uang biar kantong tetap aman dengar uangbicara podcastindonesia financial,2,Positif
Wed Nov 30 09:12:55 +0000 2022,financial services instrumen investasi gen pilih reksadana milenial gen kali pilih emas beritabisnis beritamarketing financialservices klik berita sini,-3,Negatif
Tue Nov 29 23:45:00 +0000 2022,generasi millennial gen punya financial freedom goals masuk list resolusi tahun,0,Netral
Mon Nov 21 02:13:26 +0000 2022,umur segitu kok kerja mbah financial freedom kalah sama gen jaksel plan buat pensiun dini umur,0,Netral
Sat Nov 19 00:29:23 +0000 2022,eh sumpah memang anak gen kenal ngeluh mental health sgl macam smnjk gue kantor ketemu anak gen internship keren banget kisah hidup beasiswa sana sini problem solving nya bgsbgt biayain orgtua amp adik financial independent huah keren,-2,Negatif
Thu Nov 03 13:59:48 +0000 2022,jadi begini milenial gen jaman sekarang banyak utama gaya hidup butuh hidup bagaimana mau capai financial freedom sini goldmin kasih tau solusi capai financial freedom generasi,-4,Negatif
Tue Nov 01 03:07:46 +0000 2022,gen begini mikir mending bosan financial freedom lah,-1,Negatif
Mon Oct 24 08:30:00 +0000 2022,mending sesal beli sesal enggak beli kalo kata gen sih you only life once alias yolo malah degdegan buka isi dompet bagaimana sih cara atur uang biar kantong tetap aman dengar uangbicara podcastindonesia financial,2,Positif
Sun Oct 16 00:06:09 +0000 2022,tips raih financial freedom gen milenial investment news,2,Positif
Fri Oct 07 10:17:35 +0000 2022,bukti gen financial savvy gen banyak sekali konsumsi finfluencer online influencer uang buka jujur temanteman gen biasa belanja gen,-2,Negatif
Fri Sep 30 13:24:42 +0000 2022,nikah pakai duit orang tua gen knowledge financial planning buat rumah tangga enggak punya ilmu parenting enggak mental labil ah mantap kali,3,Positif
Sat Sep 17 04:58:24 +0000 2022,kagak usah nambahin beban finansial gen enggak,-3,Negatif
Wed Aug 31 03:08:52 +0000 2022,tema sustainable and management financial planning for generation tuju bagi tahu bagaimana cara manajemen uang tepat jangka panjang khusus gen investasi sampai materi alam,2,Positif
Fri Aug 26 03:16:06 +0000 2022,sobat mapan pengin lancar investasi rutin selfrewarding memang yuk cari tahu jawab special live podcast most carnaval financial planning for gen how balance both investing and selfrewarding,3,Positif
Tue Aug 23 16:16:25 +0000 2022,meski sulit sekarang rasa hampir mustahil kondisi gen sekarang makanya financial freedom wajib banget juang,-2,Negatif
Sat Aug 13 10:57:37 +0000 2022,fmcg banyak gandrung gen banyak multinasional company fmcg rupa usaha established kerja fmcg milik banyak benefit financialstable bonus produk sempat expand keluar negeri,3,Positif
Tue Aug 02 01:37:07 +0000 2022,qtna,0,Netral
Thu Jul 28 07:43:33 +0000 2022,wah nampaknya ramai perempuan gen madu gaya demand supply sikit tinggi demand financial stable walaupun ianya subjektif tak sabar nak tengok if masuk world book of record as nation ramai madu,-1,Negatif
Sat Jul 23 12:54:18 +0000 2022,hows life umur an sandwich generation gen millenial hari harap apa pernah baca harus circle nya bahas saham bagaimana hidup depan financial stable etc but,-2,Negatif
Thu Jul 21 14:51:04 +0000 2022,bilang gen paling enak banget hidup zaman enak kalo mau cari financial planning cari referensi bisnis jadi web developer musti kuliah tinggal ajar by yutubbb tinggal mau apa enggak buat effort develop diri sendiri,-2,Negatif
Sat Jul 09 09:11:45 +0000 2022,biar enggak boros ngafe tiap nugas luar akselerasi financial freedom gen,-1,Negatif
Tue Jul 05 07:47:40 +0000 2022,hemat pangkal kayak hemat enggak cukup buat jadi kayak fire kalo kata gen paham investasi financial planning paham cara ningkatin earning power sumber dapat kalau mau kayak btw malam kok bakal sharing loh,-5,Negatif
Thu Jun 09 01:07:45 +0000 2022,sswmenjadi millennial gen cerdas financial planning life blog bni life insurance,-2,Negatif
Thu Jun 02 00:02:47 +0000 2022,haha suraya nih lawak lah nasib tak gen,0,Netral
Sun May 29 06:10:06 +0000 2022,uji sabar anak rantau sendiri jauh keluarga jomblo financial pincang kalo weekend cuma stay kosan rencana level beda gen umum,-3,Negatif
Thu May 26 03:42:58 +0000 2022,benar benar gen nih ngeri ngeri sedep enggak takut tinggal apa financial sama mental stabel enggak sih kalo begini,-3,Negatif
Tue May 24 00:52:21 +0000 2022,ngeri gen sekarang enggak paham priotitas financial banyak orang tua masalah didik hayuk dijabanin kalo lyfestyle anak mah kagak teman gue dibeliin macbook pro buat butuh kuliah hapenya biar samsung juta,-5,Negatif
Wed Apr 27 16:32:40 +0000 2022,ft her hubbys income kerja as an employee tahun alias woy gen idealis too concern their mentality tahan their work enggak usah mimpi tinggi buat financial freedom,2,Positif
Fri Apr 22 22:43:50 +0000 2022,betul punya adik paksa aku suruh buat gap year dulu takut tengah semester henti kendala financial jadi gap year buat siap biaya kasihan adik masuk gen kurang untung untung sih cuman sabar,1,Positif
Fri Apr 22 13:26:48 +0000 2022,baru nasib gen untung kuliah bayang nasib enggak kendala finansial mungkin lebih chaotic,1,Positif
Tue Apr 19 12:32:51 +0000 2022,hulu,-1,Negatif
Sat Apr 16 06:27:29 +0000 2022,benar opini kak gita enggak salah cuma statementnya giring opini gen banyak manja lebih pilih nganggur padahal banyak kok pilih kerja biar financial freedom mentingin mental health mending capek kerja capek cari kerja,-1,Negatif
Thu Apr 14 11:59:17 +0000 2022,gen dukung gitasav financial freedom work life balance kan aneh,0,Netral
Tue Apr 05 15:26:38 +0000 2022,ira cuma millenials amp gen ajar financial literature autodidak nyata memang enggak pilih ajar mandiri as a future parents orang parents soontobe,-4,Negatif
Sat Mar 26 14:25:59 +0000 2022,simak obrol meja belah anak gen sih kayak asn ambi kata punya target nikah usia tahun mau mapan financial siap enak hidup me,-1,Negatif
Fri Mar 04 04:10:03 +0000 2022,gen bingung bagaimana sih cara atur uang benar malam min bakal bahas soal financial management gen teletalks komunitas finansial link join,0,Netral
Tue Feb 22 00:22:05 +0000 2022,maksud he is sok stable for years old boy like he is strong as wall man mau karir financial gila gen memang,-1,Negatif
Mon Jan 31 02:33:17 +0000 2022,mariah carey,0,Netral
Sun Dec 12 11:05:59 +0000 2021,kamu masuk gen saat kamu siap tinggal uang jadi financial savvy nih simak yuk mybank maybank,1,Positif
Tue Nov 16 14:32:48 +0000 2021,mau konsultasi financial planning gen sandwich kebab generation hubung kak bhaga,1,Positif
Wed Oct 27 12:23:04 +0000 2021,veteran investment day diri rangkai acara sangat tarik sekolah pasar modal tema money and investment how gen realize and reach financial independence from a young age,0,Netral
Mon Oct 25 01:36:53 +0000 2021,gen rapat cara ajar uang kini paling cocok buat kamu,2,Positif
Fri Oct 22 12:42:40 +0000 2021,sekolah pasar modal tema money and investment how gen realize and reach financial independence from a young age our speakers arief wind kuncahyo analis senior kembang sistem informasi pasar modal otoritas jasa uang wakil jakarta,1,Positif
Mon Sep 20 00:31:43 +0000 2021,thanks kanika,1,Positif
Wed Jul 28 15:30:12 +0000 2021,team gen seru ajar cepat ringkes gerak cepat cenderung pragmatis deliver kerja prekariat pilih enggak mau keiket punya financial purpose makanya kerja apa ambil rebah tiada hasil mending begadang jadi cuan,0,Netral
Sat Jul 24 09:38:27 +0000 2021,benar sih mungkin memang jadi target usia an turut gen sendiri melek banget masalah finansial jdnya lebih targetin kerja dulu kayak dulu pokok financial stable dulu baru pikir nikah jaman sekarang cont,-3,Negatif
Fri Jul 23 22:20:54 +0000 2021,angel investing,0,Netral
Mon May 10 05:41:50 +0000 2021,begini nih mindset gen kali mikirnya anak investasi semangat nder rasa kasih saran tepat yuk gen amp gen nekanin mindset beda amp planning finansial baik biar anak enggak jebak sandwich generation,-4,Negatif
Fri May 07 13:30:30 +0000 2021,dscussion ternak uang misi luas edukasi finansial millennial gen,1,Positif
Sat Apr 17 05:23:34 +0000 2021,gue mending ngadepin politik orang lembaga deh ketimbang dengar financial awareness amp galau gen hahahahaha,-2,Negatif
Fri Apr 09 07:16:22 +0000 2021,anak muda jaman sekarang gen nih baru lulus kuliah mulai kerja pertama gue banyak melek financial lena gaya hidup hasil habis gaya hidup konsumtif bahkan utang dimanamana,0,Netral
Wed Mar 24 08:59:39 +0000 2021,siapa sangka milenial gen nyata lebih pusing sama finansial banding politik,0,Netral
Sun Mar 21 10:36:36 +0000 2021,unpopular opinion gen tolak anak lahir ayahibu finansial enggak stabil tahu basic didik anak kasih sayang lengkap ratarata gen khilaf bobol enggak mampu kontrol nafsu diri sendiri,-5,Negatif
Mon Jan 25 05:24:16 +0000 2021,financial planning for gen what you are waiting for registrasi buka tanggal jadi pasti kamu daftar diri sekarang,-1,Negatif
Mon Jan 18 11:41:56 +0000 2021,buat kamu gen coba simak ikut pilih kamu tentu karir jadi pastilebihsiap genz karir karirgenz pandemi tunai fintech finansial teknologi,-2,Negatif
Mon Jan 18 08:51:16 +0000 2021,financial planning for gen what you are waiting for registrasi buka tanggal jadi pasti kamu daftar diri sekarang dilomakassar,-1,Negatif
Thu Jan 14 11:30:29 +0000 2021,artikel maksud sindir diri sendiri baca masalah finansial sering hadap millennial gen,-4,Negatif
Tue Dec 29 05:29:04 +0000 2020,gen millenial perlu laku finansial reset lama pandemi simak alas jelas lebih lengkap postingan yuk beberapa faktor buat generasi muda perlu laku lho jangan lupa share tementemen kamu,-1,Negatif
Tue Nov 10 12:18:59 +0000 2020,mungkin pandemi finansial jot masalah pamor grup turun,-4,Negatif
Mon Oct 12 13:00:04 +0000 2020,umur berapa kamu pengin punya rumah sendiri gen milenial kok beli rumah buat kamu capai masuk rumah merdeka finansial nih admin bocorin cara atur finansial buat masa depan simak baikbaik,4,Positif
Sun Oct 11 09:05:10 +0000 2020,lapor sebut temu tiga generasi milenial usia hingga tahun gen usia hingga tahun kata covid milik dampak ekstrem sangat negatif aman finansial,-1,Negatif
Tue Oct 06 03:03:52 +0000 2020,coba tan bikin financial workshop buat gen,1,Positif
Tue Sep 29 14:50:47 +0000 2020,sent,0,Netral
Fri Aug 28 07:44:17 +0000 2020,jangan lifestyle gen jadi impulsif milik rencana uang baik nah webinar hadir samasama sharing financial management,2,Positif
Fri Aug 21 12:26:42 +0000 2020,beberapa alternatif lebih urgent mahasiswa ketimbang latih militer metode ilmiah literasi finansial didik seks sehat mental public speaking diplomasi budaya niat mau saing kpop nb mahasiswa sekarang gen,-1,Negatif
Fri Aug 07 01:28:01 +0000 2020,bukan milenials gen kali milenials mah kenal financial planning jauh jauuhh jouska sejak jaman safir senduk,-3,Negatif
Wed Jul 31 17:35:03 +0000 2024,gen malas lembur benar bukan lembur tambah gaji cuma seuprit,-2,Negatif
Sun Jul 28 10:00:02 +0000 2024,indonesia gaji juta kayak biasa padahal jam kerjany sadis sok an bawa gen malas padahal gajiny buat bayar bensin pp kurang kocakk,-2,Negatif
Sun Jul 28 05:06:46 +0000 2024,buat gen enggak usah mikir gaji gede bla bla bla apa kerjain dulu peluang habis asah skil deh gue gaji gasampe syukur padahal kerja gue menang kalo enggak kuat wkwk lembur gue ribu per jam baru kemarin naik ribu ehehe semangat,0,Netral
Fri Jul 26 10:17:59 +0000 2024,gen nya zibuk kerja tahun gaji enggak kumpul,1,Positif
Fri Jul 26 07:17:18 +0000 2024,sih et bilang gen lemah pernah enggak gaji nya buat keluarga nya buat diri sendiri akhir bulan jikahahahhahahahhahaha,-1,Negatif
Thu Jul 25 15:38:36 +0000 2024,perintah enggak mau naikin gaji apa serius lu bikin gen stres mikir buat diri sendiri tambah jadi generasi sandwich orang tua pikir anak investasi nerak jahanam buat perintah deh,-6,Negatif
Fri Jul 19 09:15:13 +0000 2024,gen gue aku lebih pintar dahulu realistis gue suka sikap kerja profesional sesuai gaji,5,Positif
Fri Jul 19 01:51:00 +0000 2024,gen tida kerja bawah tekan kata gue usernya minta tenaga kerja murah jobdesk posisi semua kalo mau kerja orang jobdesk beda deserve buat gaji tara posisi asih jobdesk,3,Positif
Thu Jul 18 17:56:58 +0000 2024,ngertikan gen malas gawe usaha lokal lebih pilih kerja remote web mah gaji enggak berapa eksploitasi cuti ribet politik kantor enggak jelas senioritas susa naik jabat kalo minim skill jilat,-4,Negatif
Thu Jul 18 16:28:54 +0000 2024,kantor belum gen kasi uang lembur mau lembur waktu closing hari minggu banyak gen kutu loncat gaji umr kerja santai pulang tenggo mending enggak usah lamar kerja jadi youtuber orang buka umkm,1,Positif
Thu Jul 18 15:56:55 +0000 2024,iya banget rasa banget sekarang kerja sama gen mau kerja dikit gaji gede padahal tau bukan usaha gede tambah jobsdesk dikit langsung minta naik gaji enggak mau banget ribet ngebatin mulu punya partner kerja gen,5,Positif
Thu Jul 18 13:04:57 +0000 2024,lu makan tuh loyalitas tahi kebo gen mau nikmat uang gaji istirahat cukup mau lembur gratis,-2,Negatif
Thu Jul 18 08:09:55 +0000 2024,thats me the gen enggak mau suruh lembur gaji ajuin resign enggak kunjung acc sama supervisor jadi habis terima thr langsung kabur hari molor jam kadang jam kalo gabungin minggu juta gila kali gue ngabisin masa muda sono,2,Positif
Thu Jul 18 03:24:40 +0000 2024,kesel gen jujur banget kali wkwkw padahal jangan mau kalo enggak gaji harus,-2,Negatif
Thu Jul 18 03:16:43 +0000 2024,enggak gen malas jaman boomer kalo lembur sangat harap bayar buat tambah gaji,0,Netral
Thu Jul 18 02:44:53 +0000 2024,company sekarang lembur bayar lumayan bukan cuma gaji jam beberapa staff gen tetap enggak mau ambil gilir tinggal sama ngeluhin lingkung gila kerja akhir jadi low effort syndrome toxic,0,Netral
Thu Jul 18 02:29:19 +0000 2024,mana kemarin ibu bilang gen tuh pilih kerja mau gaji tinggi apa enggak sadar butuh tuh makin kesini makin mahal,1,Positif
Thu Jul 18 02:21:28 +0000 2024,aiden gen banyak tuntut mau gaji gede hrd sekarang mau asih gaji kecil beban besar rusak ekosistem kerja sekarang,-2,Negatif
Thu Jul 18 01:52:40 +0000 2024,situ ngehire gen buat kerja kan syukur gen mau kasih gaji minim enggak berapa sekarang malah tuntut loyalitas waras,1,Positif
Thu Jul 18 01:39:35 +0000 2024,ngeluh mulu bjr bukan gen siapa mau lembur terus enggak gaji kira badan manusia tuh robot loyalitas loyalitas omong kalo loyalitas bikin orang sakit sama stres hak kerja lah,-3,Negatif
Thu Jul 18 01:15:22 +0000 2024,purto memang hak kan benar enggak ambil gaji longor,-1,Negatif
Thu Jul 18 01:11:27 +0000 2024,padahal terima gen cuma kasih gaji minim,-1,Negatif
Thu Jul 18 01:08:26 +0000 2024,hrd minta upah kecil gen fg minta gaji gede banyak main tiktok lupa realitas hidup,-2,Negatif
Thu Jul 18 00:36:19 +0000 2024,alam hiring dulu banyak kandidat enggak sadar skill mau gaji langsung besar maksud tanya dulu gaji sama sekali enggak salah tanya ditest skill enggak aemua rata rata gen fresh grad mana banyak satu almamater,-1,Negatif
Wed Jul 17 23:02:41 +0000 2024,mau gen gen lain enggak mau lembur enggak gaji adek gue lembur gue tanya kok bayar lebih enggak syukur jawab bayar usaha hancur karyawan tolol apa sih ken orang lembur enggak mau ngebayar dzalim brengsek,-1,Negatif
Wed Jul 17 17:00:51 +0000 2024,tau ngegaji usaha doi julid gen enggak mau lembur kan bukan doi gaji bacot,-4,Negatif
Tue Jul 16 14:24:47 +0000 2024,anak muda utama gen kerja start up jangan gengsi kalau suruh buat serikat kerja pakai alas kan staff bukan buruh flex fasilitas kantor gaji atas ratarata kalau enggak serikat kalian susah buat jkp ami amit,-5,Negatif
Sun Jul 14 22:43:33 +0000 2024,buset deh cari kerja jaman sekarang padahal cuma tanya soal mess isu gen tt sama gaji julidnya ampunampunan,-4,Negatif
Thu Jul 04 04:40:33 +0000 2024,senang lah majikan sekarang sng nak tuduh employees buat saje mc terus potong gaji mybe gelintir camtu kali payah nak buat blanket statement gen memang problematic younger gen work their ass off xdpt value for money cost of living like back then sok shush,0,Netral
Wed Jul 03 15:31:48 +0000 2024,gen boomer asih ide suruh gen millenial gen ngoding apknya mau bantah gen boomer gaji terus pas jadi kalau enggak suka nyalahinnya ngoding freak,-2,Negatif
Wed Jun 26 16:19:58 +0000 2024,gen mah asal gaji oke lu suruh kerja lambung bocor rela pak underpaid banyak request,1,Positif
Wed Jun 26 12:28:29 +0000 2024,menang terus cerita bilang habis omong sama dokter spesialis pulang ontime kata dokter minimal awat pulang jam begini laku gen diomongin begini kali posisi anak pkl smk plus gaji,-2,Negatif
Wed Jun 26 11:39:26 +0000 2024,bilang gen tuh generasi paling terima banyak informasi percaya diri enggak suka basa basi lihat problem hadap sama generasi milenial sering enggak tau informasi gaji jenjang karier mulai kerja,1,Positif
Wed Jun 26 02:33:10 +0000 2024,join the tugasgenz squad were looking for awesome workers join our team untung gaji kompetitif kerja mana join tim dinamis mudah interested chat us on whatsapp zonauang zonaba jokitugas opentimjoki,5,Positif
Wed Jun 26 01:34:45 +0000 2024,urus paket enggak beres minta gaji tara senior minta ordal maju direktur mau heran gen,2,Positif
Tue Jun 25 15:09:51 +0000 2024,editor enha benar kudu naik gaji anjir suka banget konsep sangat cermin remaja gen masa kini tinggal debut majalah sampul sekolah,3,Positif
Tue Jun 25 09:43:53 +0000 2024,gen generasi paling malas lelet disiplin beri beban tugas berat protes gilir gaji potong salah teriak aniaya umur hidup padahal kerja training bulan jalan,-8,Negatif
Tue Jun 25 04:19:47 +0000 2024,jadi pegawai negeri sipil pns tampak jadi citacita bagi besar masyarakat indonesia karena gaji jamin hari tua janji hmm pns jadi profesi gengsi tarik mata gen ikut hasil survei populix,-1,Negatif
Tue Jun 25 02:11:32 +0000 2024,tetap nama manusia kan butuh uang jadi cari kerja faktor utama jadi timbang pilih kerja gaji gen gaji kisar juta tuh oke oke enggak terlalu rendah terlalu tinggi,0,Netral
Mon Jun 24 12:10:43 +0000 2024,gua yakin lu beban orang tua alias numpang buat makan hari habis ribu lu makan minggu habis gaji btw buat gua beli game biji steam langsung habis dah gua makin julid gen sudah,0,Netral
Mon Jun 24 12:03:16 +0000 2024,memang gaji lu benar sedih gua pas fg tahun kali lipat rasa kurang ujung resign gen memang attitudenya bukti hancur gaji lu segitu songong katai orang enggak habis pikir mana keluar mulut guru,-7,Negatif
Mon Jun 24 00:19:35 +0000 2024,zaman sekarang kena mahir banyak gen lebih suka kerja sendiri kerja makan gaji lebih bebas lebih mudah buat putus jurang pikir gen kali baby boomers faktor sebab gen lebih suka gerak sendiri,3,Positif
Sun Jun 23 15:24:17 +0000 2024,nyata benar gen kalo kerja gaji kecil mikir hehe,0,Netral
Sun Jun 23 15:16:42 +0000 2024,kaesang amp gibran suruh kerja enggak capek persis gen jaman sekarang kerja santai gaji tinggi,1,Positif
Sun Jun 23 13:48:31 +0000 2024,a super fun team enggak politik kantor banyak gen flexible working arrangement no absen bebas datang jam berapa wkwk penting fastresp izin wfh gampang growth work with a view privilege gaji b prolly baca entry lvl,-4,Negatif
Sun Jun 23 10:38:41 +0000 2024,kok sih boomer nyinggung soal ekspektasi gaji gen memang salah kalo fg pengin punya gaji digit punya ekspektasi gaji segitu mungkin tau value sendiri ngincer masuk mt mnc enggak usaha lu lari,-6,Negatif
Sun Jun 23 05:43:03 +0000 2024,lucu gen syarat mau nikah wanita kerjaminimal gaji jetisupaya calon suami mokondo kan banyak post ku cari uang sendiri,-2,Negatif
Sat Jun 22 18:35:16 +0000 2024,juta gaji juta enggak bakal tembus omong most of gen bukan anomali kasih gebrak bilang ngerusak tatanan diam ngelempem ikut atur cara kerja orang lama bilang reng kreatif malez,1,Positif
Sat Jun 22 18:33:11 +0000 2024,dikit salah gen dikit salah gen gen pulang teng waktu pulang ngamok dahal jam kerja memang segitu enggak royal enggak royal usaha memang kau royal anak buah enggak nabung beli rumah jelas inflasi tinggi deh gaji dikit harga rumah kota sama,-3,Negatif
Sat Jun 22 08:12:50 +0000 2024,kalau lihat culture worknya enak banget hampir kagak preassure paling cuma sedikit capek ngelive atur mood biar tetap stabil rata rata gen semua sini kerja enggak bawa rumah gaji enak alas resign sekarang sistem kartap pindah outsource,1,Positif
Sat Jun 22 02:34:08 +0000 2024,gue sih gen kerja dapur boro work life balance kerja jam sendiri mana gaji kerja fnb kecil indokdg kalo libur lebaran openingclosing enggak tuh dongeng orang kalo sebel tuh memang,-1,Negatif
Fri Jun 21 17:45:46 +0000 2024,terimakasih pak jadi komisaris gaji cukup buat keluarga jilat modal intelektual patut contoh gen uang tuhan selamat pagi semua sahabat opurtunis kalian memang,2,Positif
Fri Jun 21 07:29:13 +0000 2024,jam kalo buat usaha sendiri gass kalo buat orang skip dulu memang situ berani gaji berapa kok berani bilang lemah situ ngomentari gen lemah kerja jam hari,2,Positif
Thu Jun 20 06:15:11 +0000 2024,kadang kadang gweh mikir benar gen nih bukan malas kerja lebih enggak terima aja jadi sapi perah usaha gaji tak berapa alias kalau pakai sudut pandang uu ketenagakerjaan kerja jam hari salah,3,Positif
Thu Jun 20 05:34:57 +0000 2024,sangat wakil gen pengin kerja enak gaji gede jadi influencer alaala bikin senasasi biar viral kurang gen apa coba,-1,Negatif
Wed Jun 12 17:17:37 +0000 2024,tinggi banget kayak ekspektasi gaji gen,0,Netral
Tue Jun 11 07:14:30 +0000 2024,woy please gue deg deg ser ovt gue repost konten tiktok pov gen hilang minggu kerja kata kata pov nya begini kantor lo enggak enak lembur mulu gaji kecil terus dilike sama user kantor terus dichat buat masuk pas idul adha tiba tiba uang lembur nya,-2,Negatif
Sun Jun 09 03:37:22 +0000 2024,gen mau gaji tinggi bro im fucking underpaid hidup kota mahal banget padahal makan makan kantin enggak beli kopi i often work on weekends kerja jam malam gaji pokok gue bawah umr tambah tunjang mepet umr,2,Positif
Sat Jun 08 02:41:55 +0000 2024,and not mention pas cerita lembur uang nominal sekian langsung kaget wkwkwk cekikik terus teman gua bilang kata gaji lembur cuman buat main hari dasar gen,2,Positif
Thu Jun 06 02:09:39 +0000 2024,hampir semua gen kerja telaten semua enggak saling lempar salah enggak suka jilat jilat atas orang orang baaaiiikkk banget inti enggak toxic bikin work environment sehat gapapa gaji kadang telat aku betah,-3,Negatif
Wed Jun 05 17:24:37 +0000 2024,aku umur gin hikss srottttt percaya sih gen susah punya rumah bagaimana anjuir gaji segitu potong banyak tapera investasi bodong rumah ghaib kaya taspen jiwasraya asabri mah kagak rakyat tuh duit,0,Netral
Wed Jun 05 15:33:38 +0000 2024,gen sekarang banyak cari kerja udab kerja gaji cukup buat bikin rumah memang kuliah kena gen pindah tarakarta lah wong tiap rumah kasih steamdeck yekan,2,Positif
Wed Jun 05 10:39:08 +0000 2024,gen banyak khayal gaji gede kerja enak mangkanya banyak nganggur,1,Positif
Wed Jun 05 08:26:41 +0000 2024,gue gen gue enggak tuju soal gaji gue buat ngehidupin keluarga kalo kena potong gue entar asih makan bayar listrik pakai apa kalo kuranggg,-3,Negatif
Wed Jun 05 08:11:20 +0000 2024,boomer milenial amp gen gaji mepet umr banyak enggak beli rumah gaji naik harga tanah rumah nainya lebih,5,Positif
Wed Jun 05 07:05:22 +0000 2024,enggak naikin gaji gen turunin harga rumah,2,Positif
Wed Jun 05 06:27:10 +0000 2024,apa kabar gen jadi programmer gaji puluh juta bulan,-1,Negatif
Wed Jun 05 03:48:36 +0000 2024,coba gen koar kalo gaji rapel habis banget katai lemah manja apa padahal memang gasesuai hak,0,Netral
Wed Jun 05 03:34:27 +0000 2024,enggak usah deh gaji enggak berapa malah beban tambah kata buat gen sorry pak gen mulu kambing hitam padahal niat buat korup,-4,Negatif
Wed Jun 05 03:14:28 +0000 2024,peel cipta lapang kerja naik gaji biar jadi gen mandiri bukan jadi gen manja dulu beli rumah enggak bantu bos,3,Positif
Wed Jun 05 02:55:30 +0000 2024,gen butuh rate gaji naik rp masa umr rata cuma kalo jakarta jawa tengah bulan perintah benar enggak kerja,0,Netral
Wed Jun 05 02:16:38 +0000 2024,memang minta urus coba urus misal kayak batas usia kerja naik gaji lihat dong gaji enggak sesuai sama pekerjaaan salah harus bapak mikir gen susah beli rumah,1,Positif
Wed Jun 05 02:15:51 +0000 2024,suicidal thoughts nya gen mostly socmed anjir seram isi sakit hati kontrol kontrol mulai sendiri uninstall ikut sukses punya gaji unlimited,-1,Negatif
Wed Jun 05 02:08:46 +0000 2024,gen milik mampu milik rumah bukan tapera solusi nya pak uno tungkatkan kesejahtaraan lalu banyak lapang kerja gaji tunjang memuiliki rumah bukan tapera jangan racun mind set gen,6,Positif
Wed Jun 05 02:01:29 +0000 2024,tolak tapera kritik jawab gen sulit punya rumah masa depan tapak nontapak fakta skema program potong gaji cpf for housing schemes sg social security negara barat lain mau coba contoh,-3,Negatif
Tue Jun 04 22:56:04 +0000 2024,kalau pengin gen punya rumah sendiri naikin gaji buka lapang kerja didik mudah bukan dipalakin buat nabung kamu kayak ribu bulan enggak rasa,-1,Negatif
Tue Jun 04 22:45:36 +0000 2024,kalau potong gaji usaha nama bukan tolong gorok gen punya banyak cicil motor hp cicil numpuk eh tiba tiba gaji potong nunggak cicil uang pakai butuh hidup pakai akal sehat dong,-5,Negatif
Tue Jun 04 22:36:37 +0000 2024,sedih hidup gue deh capekcapek kerja ngerawat anak saudara gaji bayar,-1,Negatif
Tue Jun 04 01:58:08 +0000 2024,badut banget wkwkwkwkwk gen enggak beli rumah harga gila meanwhile gaji umr segitu doang,2,Positif
Mon Jun 03 14:01:30 +0000 2024,kata gue mah mending naikin dulu gaji kerja indonesia sama satu turunin harga rumah mahal bukan main kelen orang kayak enak mikirnya motong gaji cuma sedikit buat orang banyak kelen lah punya jabat tinggi bantu gen nabung biar punya rumah,3,Positif
Mon Jun 03 12:53:46 +0000 2024,progam buat jabat noh gaji tahun berapa sama anjir lumayan kan ambil potong kata bantu dana gen,-1,Negatif
Mon Jun 03 11:30:57 +0000 2024,gen nya dilibatin omong enggak sih serius tanya ngambil sumber daya alam kurang sist sekarang meres gaji rakyat wkwkw,-3,Negatif
Mon Jun 03 04:47:16 +0000 2024,peel kapai urus gen mau pengin rumah apa enggak ain dulu lapang kerja bakal kebel biarpun nyicil potong kerja kadang gaji telat mikir dikit jadi perintah,-1,Negatif
Mon Jun 03 03:02:16 +0000 2024,naik pajak orang kaya tara juta lapang kerja baru gen enggak perlu tapera siksa rakyat gaji pas,5,Positif
Mon Jun 03 01:06:43 +0000 2024,iya kan bestieh sebel gua anyink apa gen apa gen coba deh sekali lihat loker sedia pada kriteria muluk gaji asdfghjkl jancoookkkk mfff kesaall ayok bestieh pindah,-4,Negatif
Sun Jun 02 15:01:13 +0000 2024,deh lah mending gen nganggur lagi kerja banyak potong gaji beli makan pajakny malah tapera kalo sempat keluar negeri tetap kesana kalian cari biaya hidup murah gaji gede,-3,Negatif
Sun Jun 02 06:12:59 +0000 2024,aku gen baru bulan kerja company kecil resign better opportunity bumn gaji lebih besar julidin habis sama ibu kantor gen kutu loncat padahal gue yakin ibu bakal pindah kalo ditawarin gaji gede sirik lu bu wrk,1,Positif
Sun Jun 02 05:23:13 +0000 2024,perintah always like gen enggak bakal punya rumah and the solution is tapera never naikin gaji orang musnahin mafia tanah like lol,1,Positif
Sat Jun 01 11:22:54 +0000 2024,inti era inijauh lebih buruk dsri sgl aspek ekonomidll padahal dulu enggak medsos tunjang mudah wirausaha tetap nyaman sekarang gaji atas umr asa was bodhnya gen enggak berani gerak era dulu padahal kondisi sekarang lebih parah,1,Positif
Sat Jun 01 08:07:07 +0000 2024,sdm milenial gen terus cuma duduk nikmat gaji lebih besar masa kerja lebih lama enak betul,2,Positif
Sat Jun 01 06:39:38 +0000 2024,benar sakit rawat inap enggak potong gaji kan fleksibel kalo benar sakit rasa gen banyak pura pura sakit her tau sendiri kan,-6,Negatif
Sat Jun 01 04:56:57 +0000 2024,habis baca pp bahas tapera gue makin geleng geleng kepala gen baru mau kerja potong pajak gaji dimanamana mana prediksi bakal jadi generasi biaya hidup paling mahal paling benar jadi wna,-1,Negatif
Fri May 31 20:27:20 +0000 2024,juta gen nganggur salah siapa bagi salah teknologi terlalu canggih sdm sekarang kurang dua salah kadang terlalu pilih cari kerja tiga kurang lapang kerja hulu hilir empat banyak mau gaji gede effort dikit,-6,Negatif
Fri May 31 13:07:00 +0000 2024,kerja mah banyak cuman gen nya pilih minta gaji gede enggak punya skill dikit mental health justru narasi tebar padahal semua keluh masalah perlu benah,-2,Negatif
Fri May 31 11:58:21 +0000 2024,kerja potong banyak banget orgil mana mau gen kerja gaji kasih banyak potong potong realisasi baik,-1,Negatif
Fri May 31 04:38:02 +0000 2024,gen terlalu tinggi ekspektasi perihal besar gaji pedahal mampu enggak sesuai dikit ngeluh capek mental health alami selaku laku usaha bukan enggak mau rangkul gen fakta tmpat tahan minggu minta resign,-6,Negatif
Fri May 31 04:10:12 +0000 2024,gws deh gaji enggak berapa kelah potong sana sini enggak semua orang tuju kerja biar beli rumah masa depan harga rumah deh gila amp memang gen kayak gue enggak tau lah mampu apa enggak nntinya sekarang penting gue waras butuh cukup,-2,Negatif
Fri May 31 02:14:05 +0000 2024,gen jangan pilihpilih kerja jangan ngincer gaji dulu gaji mah entar ikut meanwhile gue intern plus freelance pasu enggak berapa tetap alhamdulillah overthinking mulu padahal usaha buat accept reality after interview berkalikali,2,Positif
Thu May 30 23:50:53 +0000 2024,cina jadi super power belanda jadi satu buat microchip indonesia yalahin gen gen gaji bawah umr didik tersier pajak naik harap investasi anak muda kerja rodi,0,Netral
Thu May 30 11:19:12 +0000 2024,guys mungkin saat gen tinggal bareng harap hidup layak makin jauh sekolah mahal gaji potong punya huni layak udara baik fasilitas sehat bagus transportasi umum enggak rata,1,Positif
Thu May 30 08:21:15 +0000 2024,gaji guru keluar karyawan scbd asu wkwk dasar gen,1,Positif
Thu May 30 05:42:53 +0000 2024,mungkin alas banyak gen nganggur lulus asal lulus enggak punya skill apa mau kerja nyantai gaji tinggi minim tekan,0,Netral
Thu May 30 01:49:04 +0000 2024,gara gara laku gen gaji umr foya foya kagak nabung ngeluh kagak punya rumah bangkai generasi manja menteri jabat sekarang generasi tolol manfatin ada buat untung bangsat,-8,Negatif
Wed May 29 14:11:32 +0000 2024,gaji potong buat tapera lowker usaha rumit ekonomi krisis nasib gen bakal kayak bagaimana,-3,Negatif
Wed May 29 12:47:46 +0000 2024,ckap kawan punya gaji lebih rendah amp semua degree holder malas nk cari keje baru saing sekarang gen gen dah saing cari keje sok memang susah nk gaji,-5,Negatif
Wed May 29 12:24:44 +0000 2024,yaelahcapek kerja dipotongin terus gajibener gen laahmending rebah,1,Positif
Wed May 29 11:51:52 +0000 2024,berkah buat mahasiswa tahun depan ukt naik berkah juta gen nganggur berkah buat nilai tukar rupiah tembus kdollar berkah buat pkerja swasta pot gaji bikin rumah banyak berkah nya kreng kan,12,Positif
Wed May 29 02:02:43 +0000 2024,gaji kecil kelah tapera gen gua enggak pengin rumah soal bentar perang,-3,Negatif
Tue May 28 19:06:48 +0000 2024,usaha amp kuasa untung biaya gaji makan pak bpjs ketenagakerjaan cukup harus tapera beban indonesia gen banyak generasi sandwich kasihan pak dapat potong kalo mau harus umr naik dulu juta bulan,-4,Negatif
Tue May 28 16:22:15 +0000 2024,harus gaji mah enggak potong buat tapera gen butuh uang banyak buat pergi ngonser,-1,Negatif
Tue May 28 10:17:48 +0000 2024,jujur gue capek baca gaji enggak berapa potong nya banyak mau makan enak kena ppn gede tahi lah rumah susah tanah mahal kacau nih dikadalin pemrentah berita sekarang kagak habis bikin gila gen astaga,-4,Negatif
Tue May 28 06:38:55 +0000 2024,besok kejut apa hari belum juta gen milik kerja harini potong gaji kerja swasta,2,Positif
Tue May 28 04:44:03 +0000 2024,isu gen enggak beli rumah kali masuk akal gue enggak mau ah gila potong mulu gaji aing sararia mah maraksa kak rakyat teh geuleuh teu resep kesel aingah kak warga,-1,Negatif
Mon May 27 23:58:31 +0000 2024,ketawaaaaaaa wkwkwkwk aseli gue sih gen gaji enggak berapa if i want a house id rather kpr meski nowadays kpr banyak anjing ye gaji gue potong skema enggak jelas begini,-4,Negatif
Mon May 27 21:19:51 +0000 2024,bukan enggak bang loker nya lokernya lamar banyak lamar gen semua tau kan mindset gen mental blok izasah sama gaji si enggak mau capek kena marah salah langsung bawa asa attitude kurang kalo enggak kuat kerja dikit dikit healingpilih pilih kerja,-6,Negatif
Mon May 27 12:12:04 +0000 2024,jadi jongos cina untung kerja gaji beli motor rumah nyekolahin anak jadi jongos onta apa takut anak dikentd sama tuh onta sange,-1,Negatif
Sun May 26 14:32:40 +0000 2024,benar mangkanya kan paling penting jam kerja gaji sama jobdesk sesuai sama janji awal syukur sekarang benar benar ngasah skill biar enggak banting sama gen,6,Positif
Sat May 25 04:18:20 +0000 2024,long weekend kok kerja kerja apa dikerjain kata gen kerja agency gaji mepet umr,1,Positif
Fri May 24 08:14:27 +0000 2024,trueee jir kerja sama gen mayoritas pengin gaji lebih kerja malas malesan se enak jidat cacimaki resign wkwkwk,3,Positif
Thu May 23 06:44:49 +0000 2024,mnrt gue sih lebih senior usia atau senior mandang gen kurang minat kerja lebih mentingin diri sendiri padahal apa salah didik utama betul memang ada saing antar orang utama gaji tinggi,-3,Negatif
Thu May 23 06:31:44 +0000 2024,nah terus lo sekarang salah gen buat rumah layak tinggal keluarga bebas banjir gaji juta bulan mah bukan gen enggak beli rumah gen enggak mampu beli rumah layak ditinggalin,1,Positif
Thu May 23 04:36:42 +0000 2024,gue lihat tweet tntng cemennya mental gen mata boomers tuh kayak asa banget jir pas pilih enggak ngambil tawar jadi jurnalis salah satu media lokal janji asih gaji umr pimrednya toxic tuh gue rasa takut banget,-3,Negatif
Thu May 23 04:30:56 +0000 2024,aarisandi tambah kak musuh gen ai soal kantor belum habis layoff karyawannya digantiin ai wkwk alhamdulillah sekarang kerja baru walopun smsm umr solo nah mungkin aku sih salah satu contoh gen mau kerja gaji murah,1,Positif
Thu May 23 03:58:33 +0000 2024,celetuk hrd gen kerja enggak benar enggak disiplin gampang mental issue kerja gaji umr harap kerja maksimum kerja rodi banyak kerja hebat tanggung jawab enggak bayar murah,4,Positif
Thu May 23 02:29:08 +0000 2024,emergency client of course beda treatment benefits deliverynya selalu tepat waktu enggak ngaret gaji hari raya selalu dibayarin and i will still sayang that most if not all gen working under my company is lazy and incompetent,-1,Negatif
Thu May 23 02:14:22 +0000 2024,kali mau serius benar banyak orang masuk gen millenial cuma mau gaji enggak pas banget umr kerja manusiawi hak cuti sulit lembur bayar kalo emamg sedang cuti liburtanggal merah benar stop kerja simpel,2,Positif
Thu May 23 01:50:24 +0000 2024,capek tawar kerja gen ponakan kan kuliah nyambi kuliah ponakan cowok aku tawarin bantu jual baju anak lapak temenku ponakan ce aku tawarin ajar calistung anak sd lesan temenku nolak alas gaji enggak sesuai,1,Positif
Thu May 23 01:26:56 +0000 2024,sih orang kemal cik aku gen kerja macam gasing tiap hari ngukur gudang gaji cukup ku heheh meski miris kadang,-1,Negatif
Thu May 23 01:19:57 +0000 2024,enggak sih gue gen enggak terlalu musingin nominal gaji punya prinsip kalo memang rejeki pernah terima kerja waktu diinfoin gaji juta tetap ambil nyata pasu samping banyak enggak sangka balik rejeki enggak,3,Positif
Wed May 22 21:57:08 +0000 2024,hey manajer posisi atas waktu kalian ganti gen gaji kalian terlalu tinggi banyak fresh graduate ganti kalian gaji lebih reasonable bayar digit kalian tutup kredit tampak kalian lunas sendiri,-4,Negatif
Wed May 22 17:54:06 +0000 2024,adaaa tau aku gen lebih idealis enggak melulu soal gaji gede kerja tekan enggak terlalu besar lingkung kerja nya sehat sehat mental jaga cukup walaupun gaji ngepas,-2,Negatif
Wed May 22 17:50:07 +0000 2024,as gen kerja jujur sebel banget sama soal paja entah hitung usaha apa bagaimana anjirt gede banget cokk pajak gua potong gaji lumayan buat makan minggu anjirt,-1,Negatif
Wed May 22 16:50:31 +0000 2024,aku gen entah knapa lama aku mirip gen atas bukan pick me orang kayak aku buanyak santuy enggak kejar jabat penting enggak punya musuh kantor kerja kurang tantang pengin punya tantang lebih alias aku pengin selow gaji alhamdulillah,-6,Negatif
Wed May 22 15:56:47 +0000 2024,aku gen amp freshgraduate aku masa probation padahal nextnya bakal jadi karyawan kontrak langgar uu enggak sih kerjain jobdesk harus pegang orang gaji bawah umr banget juta kalo kayak begini complain anggap lemah,-2,Negatif
Wed May 22 15:33:45 +0000 2024,gen tuh pengin gaji digit,0,Netral
Wed May 22 15:26:54 +0000 2024,farabi jadi ingat thread reddit soal marah marah gen pas tanya soal gaji onboarding baru tahu memang jelek onboarding gaji minimal lebih gampang nyalain orang banding nyalain diri sendiri,-6,Negatif
Wed May 22 15:09:55 +0000 2024,jelek gen semua padahal gen sekarang gagal dik gen belum banyak gen punya mampu semangat daya juang tinggal bagaimana nyaring jangan lupa gaji layak mau pegawai loyal rajin gaji seuprit buat makan kurang wkwk,-2,Negatif
Wed May 22 14:20:55 +0000 2024,gen mau kerja santai gaji juta,3,Positif
Wed May 22 14:10:07 +0000 2024,gen mau wna tinggal europe gaji tiga digit anak happy family aku lah gen,0,Netral
Wed May 22 12:14:17 +0000 2024,serah generasi kalian mau omong apa memang selalu salah gen gaji kecil kerja extra mile gen biaya hidup mahal gen rumah mahal gen memang mending jadi gen jakarta bareng teh melody,0,Netral
Wed May 22 06:59:01 +0000 2024,gen kalau deh tahun kerja mau nya gaji digit,0,Netral
Wed May 22 02:26:53 +0000 2024,wkwkwkwk coba lihat gen kerja biyuemen migas mana keluar masuk lah gaji gede kerja nyaman cuy memang kadang kantor skill issue kok enggak kasih upah layak salam aku milenial,3,Positif
Wed May 22 01:34:18 +0000 2024,tadi kaya gen dijelekjelekin soal dunia kerja coba introspeksi dulu tempat kerja gaji sesuai bebas toxic kaya bukan dikitdikit undur diri lebih tau mana lingkung kerja baik sesuai bayar,0,Netral
Wed May 22 01:28:19 +0000 2024,enggak mau kerja effort lebih kalo benefit utama gaji enggak sesuai kapai bukan cuma buat gen semua memang pikir manusia budak apa asih imbal lele kerja enggak ngotak,4,Positif
Wed May 22 01:25:52 +0000 2024,kalau label staff gaji manager gacuma gen mau sih semua gen mau alam jadi user gacuma gen hilang pas mau interview gacuma gen hari hilang boomer millenial banyak,-1,Negatif
Wed May 22 01:16:27 +0000 2024,aku skill experience aku punya aku usaha gaji oke turut soal aku dulu lulus enggak pengalama banyak jadi sangat gapapa buat gen have a potential and experience expect some salary,2,Positif
Wed May 22 01:12:53 +0000 2024,lawdt gaji gen asih target macam ancelotti,0,Netral
Wed May 22 00:58:17 +0000 2024,sisi positif gen sekarang duit gampang jadi content creator selebgram youtuber selebtweet lebih gampang entah jalur kontroversial enggak jadi kayak kayak bella poarch remote worker gaji digit hasil ide pandemi dulu,-2,Negatif
Wed May 22 00:52:48 +0000 2024,gue gen kalo minta ktp kakak tahap interview akhir nego gaji gue auto skip enak tau detail keluarga gue niat hire,0,Netral
Wed May 22 00:41:48 +0000 2024,gue gen kontrak kerja tulis magang kasih gapok juta ketimbang gapok juta tahan sama hrd wkwk pengin enggak masuk marah gaji tahan amp enggak sesuai janji kontrak pernah mau izin enggak masuk enggak ongkos eh malah atas gue asih utang duit buat ongkos,0,Netral
Wed May 22 00:11:00 +0000 2024,ayo gen terusin rebelnya nyata memang mayoritas kerja enggak balanced gaji ekspektasi,2,Positif
Wed May 22 00:06:19 +0000 2024,masalah gaji enggak rewel gen rata giat buat jaga pikir enggak cepat pikun,-2,Negatif
Tue May 21 23:45:54 +0000 2024,lagi buka loker intern cari kandidat skillful unpaid terus buka loker fulltime cari spek dewa gaji bawah umr gen malas terima semua,-4,Negatif
Tue May 21 23:38:04 +0000 2024,good for you kalau kerja sama orang luar arti profesionalitas skill experience enggak ragu jadi masalah kan amin mending nganggur kerja awal gaji enggak besar impact nya mayoritas gen,1,Positif
Tue May 21 23:28:07 +0000 2024,bayar apa ada soal kalau gen mikir kasih gaji sekian sesuai enggak buat butuh seharihari roti lapis roti isi roti sobek milk bun generation pikir keluarga gimane,-3,Negatif
Tue May 21 23:06:57 +0000 2024,lah gen prinsip yolo dunia tengah kacau begini gua mah yaudah terima nasib gaji gua belikan gua suka,-3,Negatif
Tue May 21 22:23:35 +0000 2024,makin keluarga bulan aku bahkan patok rendah ribu hari itu enggak cukup pangan mahal enggak cukup kak serius juta makanya minta gaji juta itu ngepas aku enggak nabung aku gen jarang banget foya mau jajan mikir besok keluarga makan apa maaf jadi curhat kak,-3,Negatif
Tue May 21 22:18:08 +0000 2024,aku gen sandwich sini kak kait gaji aku sangat hitung keluar keluarga bulan orang tua aku phk sekarang anggur jadi aku sangat pikir ongkos public transport tagih listrik air sama makan keluarga buat bulan sih,-3,Negatif
Tue May 21 22:00:10 +0000 2024,iya lupa enggak kasih gaji minim mungkin millenials boomers alam semua gen kan fresh graduate semua jadi gaji kecil gapapa penting cari alam kan,-7,Negatif
Tue May 21 21:52:12 +0000 2024,oo betul lantas kalau gen kata nganggur lebih baik kerja gaji kecil nganggurnya umur terus jadi apa,-3,Negatif
Tue May 21 21:30:57 +0000 2024,true gen akan buat serba salah kalo komplain kerja enggak manusiawi this aint the atleast if you aint giving the workers a big salary give them a sane workload dont normalize gaji kecil kerja seabreg kriteria langit,1,Positif
Tue May 21 19:59:40 +0000 2024,gue umur punya adean lulus gen gue tanemin lu kerja keras gaji kecil gapapa lu jalan lama up gaji lu kalo lu kuliah kerja sekarang jaman internet enak apply kerja mudah lu muda jangan kayak gue ketua,-1,Negatif
Tue May 21 19:57:41 +0000 2024,kurang tau bang lama ketemu teman kerja se gen jarang ngeluh kerja kerja sama gaji sesuai apa keluh,1,Positif
Tue May 21 19:52:54 +0000 2024,punya bisnis umkm enggak mau hire gen mungkin enggak kuat byr gaji malas argumen,-1,Negatif
Tue May 21 18:32:37 +0000 2024,memang gen lahir atas kasihan gen millenial kasihan kena phk putus kontrak pas masuk kerja gaji kurangenggak sesuai gaji dulu sangon buat usaha nyata susah ngejalaninnya kalau mau salah perintah korup duit,-2,Negatif
Tue May 21 17:52:03 +0000 2024,artikel kemarin bahas masalah gen anggur terima pajak jeblok ganti judul kok tetap ngganjel kalau upah penuh standar hidup layak bagaimana kalau defisit gaji bagaimana bagaimana,-5,Negatif
Tue May 21 17:15:24 +0000 2024,kerja berat gaji enggak muas pantas gen enggak mau kayak kerja full time bahkan jobdesk nya kadang enggak sesuai sama apa tera terus banyak lembur bayar nya dikit lu kira mau,3,Positif
Tue May 21 17:09:02 +0000 2024,memang gen enggak kerja keras fakta banyak lapang gen hitung sekali kalau soal kerja mau gaji tinggi soal kecil tuntut boomer buat bantuin orang dewasa akhir pas benar dewasaudah capek mau kapai alias jompo,0,Netral
Tue May 21 17:01:45 +0000 2024,sedih banget jadi gen hidup indonesia kerja kualifikasi dds kuliah butuh tersier min tahun alam tahun max tahun gaji jauh bawah umr satu sisi butuh hidup tingkat makin besar biaya dikeluarin,1,Positif
Tue May 21 16:25:08 +0000 2024,sulfat pernah kerja usaha banyak lebih tua aku aku gen mepet milenial btw gila kerja banyak banget gaji enggak berapa jadi supervisor urus administrasi aku cut alas salah satu kerja aku enggak selesai,3,Positif
Tue May 21 16:17:26 +0000 2024,aku gen dokter kerja hari enggak libur bayar standard umr lihat teman tahun bawah aku bukan dokter awat bidan ogah padahal shift libur gaji memang umr rasa paling pintar kena tegur dikit langsung bilang mau resign,1,Positif
Tue May 21 16:08:48 +0000 2024,bro gen paling tua sekarang umur tahun enggak bodoh hitung masa depan apa gaji rendah biaya punya anak mahal rumah tak beli masa depan apa mimpi makanya mending senang buat diri sendiri putus asa,-1,Negatif
Tue May 21 16:06:33 +0000 2024,banu sulfat tempa keras hidup zaman sek penak bbm sek ribu lah saiki kerjo gaji entek ge tuku bensin memang gen mau jadi budak modern usaha pikir keluar sekarang makin tinggi gaji tak sesuai jaman mu penak kabeh sek murah,1,Positif
Tue May 21 15:53:16 +0000 2024,enggak bilang enggak ngaruh maksud gen sulit punya properti gen belum nimbun milik properti akhir harga properti naik sulit kejar gaji,3,Positif
Tue May 21 15:50:52 +0000 2024,memang benar gen melek teknologi melek undang pintar memang orang kekgitu enggak tanggung jawab malah ngelunjek makanya problem ketenagakerjaan gaji bawah umr enggak jamin sehat benar masalah struktural,-3,Negatif
Tue May 21 15:50:12 +0000 2024,pengaruh konten kreator kerja enggak sih kak mnrtku gen baru bakal nyemplung rl mostly enggak punya mentor orang tua paling mudah lihat konten beberapa influenser asih tau cara jawab expektasi gaji umr daerah kerja,2,Positif
Tue May 21 15:47:33 +0000 2024,seengaknya turun level seengaknya punya tabung duit gaji kerja belum buka usaha sendiri lah gen baru mau cari kerja rebut sama gen kali punya alam duit tabung enggak mana buka usaha sendiri,4,Positif
Tue May 21 15:45:44 +0000 2024,aku kerja sama gen benar inisiatif mostly enggak dijelasin satu padahal kerja banyak mikir sendiri terus kalo ditegor alus enggak mikir ditegor keras malas terus ken gaji digit padahal enggak experience,1,Positif
Tue May 21 15:42:37 +0000 2024,lahiya apa gue bilang gen kali turun entry level gencetin gen cari kerja bikin saing entry level jadi tinggi banget usaha banget cari gen kali alam gen minim alam gaji entry level,-1,Negatif
Tue May 21 15:38:59 +0000 2024,iya padahal gue lihat banyak kok mau kerja gaji kecil ribu jadi karyawan toko lain ken punya gaji gede enggak usah omong gen malas kerja kalo ngelamar kerja batas umur goodloking meni,0,Netral
Tue May 21 15:23:58 +0000 2024,adik sepupu ane lahir an awal masuk lah gen kalau pakai teori begini nakes kerja pontangpanting libur bulan diitung pakai jari tangan enggak masuk kalo libur nas jobdescnya bahkan incl jadi admindriver bolak balik sakit gaji bawah umr,-3,Negatif
Tue May 21 15:20:28 +0000 2024,tuju gue punya kantor pegawai usia mau kerja gesit inisiatif tinggi enggak banyak ngeluh padahal gaji cuma umr terus ngehire gen lahir lulus bulan resign kata bosan kerja doang sekarang pilih nganggur,0,Netral
Tue May 21 15:20:04 +0000 2024,tuju banget kak kuliah kerja ajar buat naikin soft skill rasa kurang mata senior selalu kena sindir gen padahal buat gaji atas umr tuh jadi kutu lompat berkalikali,-3,Negatif
Tue May 21 15:19:47 +0000 2024,loker juniorentry masuk gen kali kelimpungan cari kerja lah gen gencet usaha jelas pilih gen kali alam lah gaji kelas juniorentry level big win usaha gen seok cari kerja,-4,Negatif
Tue May 21 15:18:48 +0000 2024,gen banyak demand nya gaji umr enggak mau padahal alam disclaimer enggak semua skill nama baru rintis universitas gede biasa doktrin kalau keluar sini gaji digit balik banyak demand,-4,Negatif
Tue May 21 13:30:31 +0000 2024,adik gue punya toko bahan bangun asih sempat buat gen gaji umr istirahat makan siang ganti kerja jam main hp baru kerja bulan resign alas capek suruh angkat berat kayak paku lem kecil hpl resiko kerja sama orang siap suruh,1,Positif
Tue May 21 13:18:13 +0000 2024,tempat kerja enggak gen banyak usia pensiun kerja sini nerimaan bahkan gaji utang sekalipun kerja disiplin,1,Positif
Tue May 21 13:15:36 +0000 2024,banyak benar gen serius cuma banyak kayak memang ngiranya kerja simple dapat duit banyak terus kalo lihat orang kerja warungtoko langsung ngeremehin padahal gaji umkm jarang mau soal pengin kerja lihat keren,3,Positif
Tue May 21 13:12:27 +0000 2024,kerja jam gaji bawah umr lingkung kerja kga manusiawi gen nya cabut disalahin siapa gen nya enak main salahsalahin,0,Netral
Tue May 21 13:10:27 +0000 2024,imo kalo konteks umkm wajar banget gen penuh timbang banyak umkm skala kurang besar ajar cari ilmu memang timbang kerja hari gaji sekian lebih worth banding lanjut cari kerja upgrade skill,2,Positif
Tue May 21 12:59:03 +0000 2024,banyak gen makan omong sosmed mental health lah gaji harus enggak segitu lah standar bos friendly lah pensiun mah penting kerja hidup enggak rewel dikit bacot sosmed,-5,Negatif
Tue May 21 12:52:16 +0000 2024,minimal gaji karyawan pakai standar upah minimum korban umkm hari kerja jam triple job cook waiters n kasir gaji bulan enggak ump jogja selamat anggur umkm abai atas kondisi kerja aku gen aku sadar hukum ketenagakerjaan,-3,Negatif
Tue May 21 12:45:13 +0000 2024,kalau expected gaji pasti gen beri sesuai skill sama alam kak kalau kota mana misal umrnya besar jadi bakal nyantumin terus kakak cari full time kalau fulltime memang nyantuminnya enggak sedikit beda perproject,-4,Negatif
Tue May 21 12:40:50 +0000 2024,sulfat mana nih gen baru kerja minggu resign eh gen znya nyata pindah usaha lebih elit punya jam kerja normal jobdesk jelas gaji oke benefit mantap,7,Positif
Tue May 21 12:38:58 +0000 2024,kali part timer gen gaji umr include makan kali hari bensin kerja kasir toko jam siang sore mess minggu enggak masuk padahal toko ku masuk sepi keluar enggak baik buat mental health sekarang cari,-3,Negatif
Tue May 21 12:37:01 +0000 2024,sulfat ye pressure oke oke bikin anak gen kabur tuh jobdesk kagak jelas mau kagak jelas jadi senior plin plan kayak enggak punya diri job role dikerjain satu orang gaji under umr jelas kabur usaha lebih bonafit punya jobdesk jelas,-3,Negatif
Tue May 21 12:29:23 +0000 2024,gen sisi positif demanding gaji biar bayar lagak sisi jelek most gen kurang perform well,-1,Negatif
Tue May 21 12:24:38 +0000 2024,iyasih jujur gue gen rasa begini soal sekitar gue enggak semua mostly pengin kerja gaji digit pas terima yaallah isi ngeluh gue gapapa benar aku kurang suka sama orang kurang syukur,-3,Negatif
Tue May 21 12:22:14 +0000 2024,aku gen kalo prinsip aku mending kerja aku suka bidang santai kalo semua kerja gaji kecil kerja sekarang gaji kecil ltumr huhu wkw tempat unik relasi luas bidang niche sama santai jadi mungkin tunjuk unggul luar gaji,2,Positif
Tue May 21 12:11:14 +0000 2024,kantor gue cari fresh graduate lamar ribu panggil test online an submit test an wawancara an wawancara enggak lanjut wfo an lulus wawancara an final ttd kontrak gaji sesuai minta enggak mau wfo iya gen semua,1,Positif
Tue May 21 12:10:31 +0000 2024,pensiun cari sibuk gen cari validasi gaji besar,-3,Negatif
Tue May 21 12:05:55 +0000 2024,gue masuk gen benar clueless minta naik gaji tunggu tahun dulu butuh makin sini semua serba mahal jajan buat diri sendiri enggak tiap hari dilakuin cap foyafoya kontol megalodon,-2,Negatif
Tue May 21 12:02:42 +0000 2024,peler mah apa gen banyak pilih resign bilang lemah tahi anjing beban kerja enggak banding gaji tuntut syukur lu enak tinggal nyuruh gaji tetap gede lu lah suruh gaji per bulan tinggal lewat doang malah disalahin banyak jajan kopi peler,-7,Negatif
Tue May 21 11:52:25 +0000 2024,gue milenials gue enggak tuju narasi begini dikeluarin sama usaha cuma mau take advantage kerja ganda gaji esa gen notabene nya banyak fresh graduate minim alam as long as you treat them like a human,-3,Negatif
Tue May 21 11:45:55 +0000 2024,gen ber attitude selalu punya sempat apa kerja ajar asal akal nya pakai bukan cuma cari gaji roda putar kalo gerak kan jangan cuma diam salah ada tuhan,-5,Negatif
Tue May 21 09:35:13 +0000 2024,iklim investasi stabil jabat suka korupsi siklus lingkung kerja korporasi indonesia sehat kondusif tentu daya beli masyarakat lemah gaji sesuai kompensasi marah selalu gen milenials,-1,Negatif
Tue May 21 09:12:47 +0000 2024,kapai gen habis interview tanya gaji kasih gaji probation dulu bulan habis umr kabur mau nya langsung juta bulan enggak usah kerja lah,-1,Negatif
Tue May 21 01:17:15 +0000 2024,emaknya gen kadang pernah punya aemak kerja cuma jam gaji separoh umr hari sabtuminggutgl merah libur makan siang cuma tahan beberapa bulan ngerjain kerja rumah doang bukan urus anak alas capek,0,Netral
Tue May 21 01:00:28 +0000 2024,lihat komentar lihat banyak gen sekitar mahasiswa freshgrad kok punya utang puluh juta baru kerja pengin work life balance self reward nya kalah gaji,2,Positif
Tue May 21 00:24:52 +0000 2024,gen nganggur uang bulan orang tua lebih gede gaji,-2,Negatif
Mon May 20 23:27:09 +0000 2024,sulfat gue gen enggak begini lu bilang gue tahan satu bulan kerja gue resign gaji gue potong janji tulis,-2,Negatif
Sun May 19 02:05:21 +0000 2024,saran buat gen lamar kerja apa enggak usah pilih gaji kecil coba dulu kalau punya alam gaji ikut kalau rasa kerja enggak cocok yaudah resign lamar terus ketemu jual mental kali lebih kuat,-1,Negatif
Wed May 15 00:42:18 +0000 2024,netizen kalo memang guru jaga gen berat gasesuai gaji tiada acara study tour bikin acara study tour pihak internal sekolah kalo memang enggak mau punya tanggungjawab lebih enggak usah study tour,2,Positif
Wed May 15 00:32:01 +0000 2024,netizen duh kalo mulai adu sama gaji jaga gen kayak gamasuk kalo ranah celaka kan poin cek armada jalan tugas panitia kan jaga lancar acara cek armada detail budgeting selamat poin kelalaiankecolongan sejak awal hmm,-2,Negatif
Sat May 04 16:41:36 +0000 2024,gen tuli tuna rungu gantung duit buat healing rumah beli mobil semnungkin kata gaji kecil sekali malah main sisa cukup tabung banyak suskes,-3,Negatif
Sat May 04 16:36:35 +0000 2024,buat anak gen kumpul uang banyak hemat apa hemat cari hasil tambah luar gaji jadi karyawan tampang paling kucel menu makan siang paling pelit outfit paling gembel kantor trust me yrs youll still wait for final qing,0,Netral
Sat May 04 14:12:12 +0000 2024,kurang more like oversupply deh kurang tekan gaji macam operator kerja kilang memang bagus gen pilih tak pilih stem biar kitar nih imbang balik,-5,Negatif
Sat May 04 11:55:02 +0000 2024,buat anak gen kumpul uang banyak hemat apa hemat cari hasil tambah luar gaji jadi karyawan tampang paling kucel menu makan siang paling pelit outfit paling gembel kantor trust me years youll be older and,0,Netral
Sat May 04 09:30:37 +0000 2024,tinggi tinggi benar sebal fisik sukar ubah mau sekarang gaji lifestyle sih usaha mampu mungkin rasio rata mungkin ras jarang gen jodoh tentu ras,-3,Negatif
Sat May 04 05:56:58 +0000 2024,buat anak gen kumpul uang sebanyakbanyaknya cari income luar gaji jadi karyawan well dressed urus diri and smells good makan gizi cukup kurang micin gula bisa mungkin olahraga rutin hemat wajar bijak trust me,-3,Negatif
Sat May 04 00:12:24 +0000 2024,lalu seko ketemu guru gen krim menfess kemarin makan gaji negara sering nyumpahin murid enggak jiwa ayom nya nyata benar kata gugem guru banyak ajar cara jadi guru banyak ajar administrasi rip bocah bangsa,5,Positif
Fri May 03 10:51:21 +0000 2024,sonic nanyak dek dekan banget lhoh pas aku tonton gaji rizki,2,Positif
Sat Apr 27 09:24:07 +0000 2024,rashford as gen gaji berapa anjir,0,Netral
Sat Apr 20 10:20:03 +0000 2024,barusan simulasi interview sama hrd glam wkwkwkwkw tanya memang gen tuh kalo cari kerja mau bagaimana sih gaji gede memang buat apa gaji gede buat lifestyle lah,2,Positif
Tue Apr 16 02:55:14 +0000 2024,unpopular opinion gaji benefit segala perks kerja zaman sekarang gen jauh lebih baik banding zaman boomers orang dulu enggak kena mental illness dulu sosmed orang sakit dirasain sendiri sekarang berapa sakit self diagnosed,-3,Negatif
Mon Apr 15 12:38:43 +0000 2024,gen lahir keluarga cemara tengah atas tanggung kapai cari gaji gede kan mending cari pacar,-2,Negatif
Sun Apr 14 01:21:09 +0000 2024,sempat pulkam gaji umr habis patah hati wapres model gibran eh mau ww iii begini jadi gen,-1,Negatif
Sat Apr 13 05:07:19 +0000 2024,breadwinner medioker gen tua amp sandwich dek jalan jauh banget kalo waktu kuliah ngandelin duit bidikmisi doang enggak kerja adek gue banyak bantu tetangga buat ongkos nya bawa goreng kampus memang orang enggak semua punya gaji punya rejeki,3,Positif
Sat Mar 30 10:15:09 +0000 2024,gomen tengok gen sekarang nih basic beli barang lavish cemana lah nak naik demand gaji lolll,1,Positif
Thu Mar 28 11:44:53 +0000 2024,paling mls kalo asih info loker terus apa tanya gaji rewel memang gen tawar enggak demanding banget,-4,Negatif
Fri Mar 22 15:54:53 +0000 2024,laku phk besarbesaran rekrut karyawan indonesian gen bukti kerja meski gaji bawah umr,0,Netral
Wed Mar 20 11:35:00 +0000 2024,wrk kerja nonstop jam per hari kos tetap lanjut tugas kantor jam gaji jauh under umr tuh wajar kan punya ingin resign sender bukan gen lebay kan aku butuh validasi thx,-2,Negatif
Wed Mar 20 02:57:47 +0000 2024,lihat storycerita orang kalau austempat enak gaji hidup semua tanggung bla bla bla etc gen begini banyak banget padahal enggak mikir enggak gampang,-2,Negatif
Tue Mar 19 06:22:28 +0000 2024,mau tanya nih buat kalian gen misal kalian punya gaji umr sekitar juta bakal kalian nabung dulu biar kumpul banyak terus beli rumah langsung ngambil cicil rumah,6,Positif
Tue Mar 19 01:28:30 +0000 2024,pagi pagi lihat konten tiktok gen ngeluh kalo gaji enggak padan sama uang jajan kasi bonyok nya nyemangatin gen nya alphard siap,2,Positif
Mon Mar 18 13:08:15 +0000 2024,milenial gen susah beli rumah bukan terlalu boros kopi latte terlalu boros libur bal terlalu boros nongkrong mall harga rumah terlalu mahal gaji kerja terlalu kecil,-5,Negatif
Mon Mar 18 05:54:21 +0000 2024,awas kena semprot gen hidup cuma sekali gaji enggak berapa apaapa enggak kebel mending foyafoya nikmat hidup padahal hidup masa tua masa enggak gantungin dapat uang pensiun semua atur semenjak muda rajin nabung,-7,Negatif
Mon Mar 18 01:32:40 +0000 2024,boomer coli ego dilampiasin blue collar worker gaji umr probably cuma nganter makan doang terus viralize content jatuh orang asa kemarin milenial deh puluh tahun bidang masak masak retire gen disalahin,-3,Negatif
Sun Mar 17 15:29:09 +0000 2024,hope helps guys kalo mau masuk orang else gapapa soal gen susah kerja lihat standar makin tinggi gaji makin turun pajak harga pangan makin naik,3,Positif
Sun Mar 17 05:18:55 +0000 2024,sama kak padahal juta tara umr enggak sih gaji minggu bilang enggak tau deh standar gaji berapa padahal kalo punya tanggung juta lumayan banyak enggak sih gen aku kalo tinggal jakarta mau banget kerja kayaginii,4,Positif
Sun Mar 17 05:18:02 +0000 2024,alokasi sumber dana mana buat belanja semua gen lebih gantung tabung belanja butuh ramadan idulfitri kalau milenial lebih andal gaji thr,1,Positif
Sat Mar 16 13:34:19 +0000 2024,euy aduh euy maha carana gen beli rumah allah rumah mahal gaji naik nya saetik saetik wae bayangkeun imah layak jtm gaji umr kab bandung ampunnn,5,Positif
Sat Mar 16 08:24:53 +0000 2024,gen minta huni murah unit bagus dekat tempat kerja gaji gede hari ngopi mimpi,0,Netral
Fri Mar 15 07:27:52 +0000 2024,bisa banget buat tarik gen tarik jadi guru wkwk jangan mau adik kalian jadi honor dulu minimal tahun baru pakai guru enggak pns itu lu lama honor besok gaji dana bos dana bos nya potong buat makan gratis adik,7,Positif
Fri Mar 15 02:48:46 +0000 2024,not sure lah aku nih gen idok aku officemate baya perangai begini serba serbi tak tahu kena ajar padahal gaji sama stres buat,-2,Negatif
Thu Mar 14 13:51:20 +0000 2024,kan kpr omklo gen lah rumah pinggir jakarta harga jtan gaji kecil tenor panjang susah kayak mau gaji digit bank malas accalasannya klasik kepentok umur,-1,Negatif
Sun Mar 03 11:50:52 +0000 2024,my dad used get for his allowance now hes sedihla kalau nak ubah pekak you are a boomer minded nk orang hidup zaman kerja paruh mati gaji sikit jilat kaki bos baru naik gen dah tak mcmtu we want change,-3,Negatif
Thu Feb 15 06:52:55 +0000 2024,sama gen aku ikut resah jujur sekarang cari kerja susah banget mana banyak loker enggak manusiawi gaji bawah umr,-1,Negatif
Wed Feb 14 20:33:39 +0000 2024,enggak jelas jenjang karir usaha sekarang banyak sistem magang arti hak lu karyawan enggak penuh enggak cuti enggak masuk potong gaji biaya lembur kecil lu gen tolol pilih enggak sadar kalo tahun depan tuh saat lu lu,-4,Negatif
Sun Feb 04 07:28:58 +0000 2024,kerja naik motor honda beatscoopy gaji juta hape samsunggalaxyfold gen,3,Positif
Sat Feb 03 17:24:20 +0000 2024,my mom lecturerex cikgu my wife cikgu my mil cikgu few my auntie and uncle cikgu semua aku tengok burnout mat hadap perangai gen above gelintir macam pantat gaji cikgu pornhub kot mak aku lecturer buat business nak kasih cukup,-3,Negatif
Sat Feb 03 07:31:14 +0000 2024,when gen waitress meets gen customers the battle of gen kalo jaman gue dulu kna dik ala militer soeharto orang tua diajarkandipaksakan selalu psng muka tsenyum ada mungkin entah lelah ketdk puas gaji,-3,Negatif
Sat Feb 03 01:38:23 +0000 2024,moga bukan gen biar enggak makin jelek branding gen kerja bayar memang bikin company profit kalau boncos terus wajar lah kena coaching kalau hidup dapat gaji orang jangan pernah punya mental princess,-2,Negatif
Fri Feb 02 23:51:13 +0000 2024,bukan gue gaji bos lewat hrd nya ngerekrut tugas gue cuma ajar anak baru gen lama interaksi kerja lah rasa sedih capek ajar ilmu enggak lihat niat kerja nya,-2,Negatif
Fri Feb 02 15:34:05 +0000 2024,banyak pengaruh sih syarat batas usia tahun posisi pegang beberapa job gaji minim syarat berat buat cari kerja kadang gen terlalu menye menyee,-2,Negatif
Thu Feb 01 17:33:16 +0000 2024,gen dikit mental health mental health woylah lu minta gaji gede kerja kagak benar kira bos enggak rugi apa,-2,Negatif
Thu Feb 01 13:22:13 +0000 2024,iya generasi hayuk hayuk asal gaji meski rasa pengin ngeluh enggak paksa pengin kerja rumah imo meski enak enggak mesti jauh jauh jalan kadang rumah tuh suntuk jadi makin ansos gue kira bos gen lebih asik nyata,-1,Negatif
Thu Feb 01 13:12:25 +0000 2024,gen harus kerja pimpin gen sih gue rasa soal erti sama kalau kayak mah ngikut penting gaji,-3,Negatif
Thu Feb 01 07:49:26 +0000 2024,bocil gen enggak marah rapuh kerupuk kalo salah maklum kalo perlu tambah gaji cuti nya biar mental health jaga,0,Netral
Thu Feb 01 05:09:47 +0000 2024,august you can choose mbak take orang leave jangan bawa narasi generasi tua gen kamu gaji usaha mungkin harus hadir kerja harus individu hadir kalau enggak cari kerja remote simpel kan,-7,Negatif
Wed Jan 31 16:05:37 +0000 2024,buat semua gen gue kasih libur minggu gaji tetap juta bulan,2,Positif
Wed Jan 31 13:41:51 +0000 2024,sok amaze sama orang bikin konten soal profesi being a teacher neng ketemu anak sekolah ajar kayak sok honorable tengah gen lomba achive dapat setinggi romantisizing profesi stereotype nya gaji enggak berapa,1,Positif
Wed Jan 31 06:54:09 +0000 2024,banding gen gaji juta ngeluh mulu mending sih,0,Netral
Wed Jan 31 05:55:38 +0000 2024,mau wfh bukan cuman gen kok semua mau kalau dulu pas wfh gue gaji bagus mungkin sekarang enggak bakal pilih wfo deh,-4,Negatif
Wed Jan 31 05:32:50 +0000 2024,gaji enggak berapa nyawa taruh,1,Positif
Wed Jan 31 05:22:43 +0000 2024,gaji kali lipat belum gen full senyum dong bangga jadi abdi negara kata,0,Netral
Tue Jan 30 21:56:14 +0000 2024,apas atas enggak rela gen wfh hujan bukan cuma perkara basah pak jalan tuju kantor memang yakin mulus semua tambah susah lihat kalo naik motorojek jalan licin suruh taruh nyawa gaji kudu irit tuh gamasuk akal padahal lewat email,-2,Negatif
Tue Jan 30 16:38:33 +0000 2024,kalau normalisasi generasi mau naik gaji bagaimana mau naik kelas low class middle class bagaimana makin senjang generasi millenial cukup gen enggak ngangkat sendiri,-3,Negatif
Tue Jan 30 14:43:22 +0000 2024,millenial gen jaman sekarang kerja rumah gaji kali umr kantor asih mudah buat wfh biar sihhhhh,2,Positif
Tue Jan 30 06:42:56 +0000 2024,tempat gue kerja divisi ai punya privilege lebih gaji lebih moncer semua gen mile ilmu bukan prampt prompt kreatifitas nya memang mumpuni bayar mahal suruh etik pakai mesin tik nyerah,1,Positif
Tue Jan 30 02:54:14 +0000 2024,mungkin biar gen mikir jangan bela mau naik gaji jabat,-2,Negatif
Mon Jan 29 14:21:07 +0000 2024,beli awningnya kayak gaji gen lama tahun,-2,Negatif
Mon Jan 29 05:24:45 +0000 2024,gen lah perabih duit makpak belanja air gedik makan gedik jadah ambience bagai nih kitonyo gen usia senja corporate slave tabung invest deh bau tanah sok xleh terima meal geli rm gaji tengah hari minimum wagers,0,Netral
Mon Jan 29 01:52:57 +0000 2024,begitu ngejar dunia pangkat jabat gaji karir didik takut mau nikah cepat buat bungkam mulut sampah orang orang bahkan keluarga sendiri maklum orang desa pikir kolot soal perempuan,-4,Negatif
Sun Jan 28 15:02:09 +0000 2024,pcmoetwibu sari bahrawi wedoks nasihat gen kayak omong sama batu capek capek orang tua lu cari duit eeh gaji bapak emak lo palakin gede pulaaakrugi dong,-4,Negatif
Sun Jan 28 14:32:36 +0000 2024,gen mana mau jadi pns mau kerja usaha besar biar gaji digit banding sama asn jauh banget level sejahtera sehat sehat pns polisi tni juang hidup pungli salute moga gaji tunajangan naik,4,Positif
Sun Jan 28 06:23:13 +0000 2024,baby boomers deh sara kot muda naik and people keep saying gen tak bagus lompat kerja habistu tua tua nih asyik minta gaji naik kerja hauk not applicable for those kerja bagus,1,Positif
Sat Jan 27 14:36:38 +0000 2024,tweet buzzer nya rendah keluarga jokowiprabowo cawapres nya rendah orang ibu lahir anak taruh nyawa begini calon wakil rakyat gaji keringat masyarakat,-2,Negatif
Sat Jan 27 03:01:13 +0000 2024,pikir beliau hebat naik gaji jabat cegah korupsi beri makan siang gratis hilang depresi gen tingkat tax ratio tingkat dapat negara kurang keren bagaimana tuh,0,Netral
Sat Jan 27 01:30:01 +0000 2024,gen nih tak heran skim pencen orang nak kerja dgb gaji tara je baby boomers je sibuk pencen,3,Positif
Fri Jan 26 16:08:23 +0000 2024,buku nih cukup gen tak kisah psl gaji sangat bila bab duit fikir janji duit cukup paling penting mahukan env seronok fullfillmentmental healthy jadi apa aku gen gen lebih prefer jual skill orang jual software why,-2,Negatif
Fri Jan 26 12:23:51 +0000 2024,aku tengok response nih tadi bila dengar betul betul apa gen nih cakap pakai sense kau suruh masuk meeting pkl contracts kerja masuk awal kira gaji lebih orang balik kerja awal,-1,Negatif
Thu Jan 25 14:14:40 +0000 2024,pilih enggak rasai anjir beras naik terus gula gaji rata gen enggak tau kondisi lapang kayak bagaimana cuma mentingin gemoy,-1,Negatif
Thu Jan 25 06:04:26 +0000 2024,besar harap gen smart pilih pengaruh sama masa depan kalian mudah cari kerja cari beasiswa naik gaji umrumk jangan salah pilih kalau enggak mau sesal tua,-5,Negatif
Thu Jan 25 05:28:08 +0000 2024,tebak gaji millenial mepet gen dihire buat,1,Positif
Tue Jan 23 14:41:49 +0000 2024,banyak gen pasu all paham bagaimana berat nyisihin gaji rutin pajak,-1,Negatif
Tue Jan 23 14:11:47 +0000 2024,aku sih percaya yakin belibikin rumah sendiri apa aku lihat sendiri kakak gaji umr daerah aku leukeun nabung apa istilah indonya kalo sini leukeun akhir sekarang punya rumah memang bukan gen zanak an sandwich gen,1,Positif
Tue Jan 23 05:41:27 +0000 2024,masalah mas luker awal mau jadi amat bahas terlalu seru buatdia inid gadibahas luker sosok posisi cita hampir semua millenialis amp gen kerja remote sama orang luar posisi manager gaji juta padahal umur baru tahun,2,Positif
Tue Jan 23 04:27:10 +0000 2024,rame gen resah gelisah akan beli rumah harga sekarang jadi ingat alam beli rumah dulu nikah akhir tahun terus kontrak lama tahun bulan biaya juta tahun gaji dua besar jtbln punya rumah kpr,2,Positif
Mon Jan 22 15:51:28 +0000 2024,baseless accusation kan bisnis kelas kan memang ln banyak jenis coursework kok lagi gue masalah cuma nyebut nominal gaji sama umur netizen suka panas kalo dengar gen banyak duit usia muda,-3,Negatif
Mon Jan 22 15:44:42 +0000 2024,lempar heels wajar wajar ndasmu run bestie kantor toxic duit gaji enggak berapa eh punya senior sek padahal sama buruh gegayaan senioritas sama gaji bukan gaji belagu dikit gen mental tempe enggak nder enggak cara kerja dunia kerja benar,3,Positif
Mon Jan 22 09:14:30 +0000 2024,imagine how being a gen choosing baru mau kerja npwp pajak naik hiks bagaimana gaji freshgrad enggak mungkin digit kan,0,Netral
Mon Jan 22 09:14:05 +0000 2024,memang gen haus aku jujur pas gue tahun jadi manager rasa nya pengin flexing takut kualat eh kalau cerita sih luker kes mengadangada sih i mean kalau gaji segitu masa iya hp kamera nya jelek buat konten edukasi,-3,Negatif
Mon Jan 22 03:41:15 +0000 2024,gaji umr minta spek superman lagi memang sama gen milenial apa lupa dulu diremehin sama boomer mau ngulang salah sama,0,Netral
Sun Jan 21 23:57:39 +0000 2024,aih pengin banget tonton plis angkat masalah gaji guru honorer gen gen a etika kurang sama guru,2,Positif
Sun Jan 21 13:18:54 +0000 2024,dikit dikit bawa bawa gen mulu jir tahi sok paling baja mental lu goblok mau mau dibabuin bos gaji kagak sesuai malah iye iye,-4,Negatif
Sun Jan 21 12:28:19 +0000 2024,alas gen minta gaji digit tekan kerja nontonnin kan,1,Positif
Sun Jan 21 06:47:26 +0000 2024,gen sekarang nih polah aneh aneh deh baru kerja beberapa bulan gaji umr jakarta beli series iphone baru tiap bulan mesti minjem uang buat makan bayar kost hadeh mana ngeluh pengin resign mulu,-3,Negatif
Sun Jan 21 06:21:59 +0000 2024,gen nyesalnya meni pikir nikah umur an aman enggak mkrin kdpannya bagaimana pas punya anak butuh rumah cicil butuh anak istri modal income gaji hutang bank ditemen keluarga fuck hidup,-2,Negatif
Sun Jan 21 05:19:33 +0000 2024,bravob enggak nego gaji sesuai ingin kalau awal enggak laku sulit tahan meski kerja banyak gen utama keluh kerja enggak sesuai enggak pernah tuju jelas,2,Positif
Sat Jan 20 22:24:11 +0000 2024,anjir semangat nder gen gaji kamu deh hebat sekali,-1,Negatif
Sat Jan 20 14:39:41 +0000 2024,gen mental lemah bodohbodoh capres enggak punya strategi jelas bilang mau naik gaji jabat naik pajak hapus subsidi survey tunjuk gen pilih capres,-1,Negatif
Tue Jan 16 05:01:41 +0000 2024,gen tahun gua plih gaji oke sama wlb,1,Positif
Tue Jan 16 00:36:35 +0000 2024,anak gen jaman sekarang orang itung an banget sama kerja kerja enggak pakai mikir banyak standar tinggal pakai enggak capek itung an jara duit ribu enggak klaim gaji sama kok sama gue layak kerja tidur siang,4,Positif
Sun Jan 14 13:55:16 +0000 2024,mobil tua bawah worth buat mobil pertama pakai daily enggak pak gub gen gaji umr bingung arah wkwkwk,3,Positif
Sun Jan 14 12:46:17 +0000 2024,sok bully gen tanya pilih makan gratis internet gratis jawab mending kerja gaji layak bilang malas kerja otak pakai,1,Positif
Sun Jan 14 12:37:08 +0000 2024,iri banget sama hidup gen coy tanya suruh pilih kasih gratis internet sama makan jawab mending kerja gaji layak kasih sedekah eh malah jauh negbully gen,1,Positif
Sun Jan 14 06:44:35 +0000 2024,tahi betul player gen nih manja sangat benda gaji bukan kecil main,-3,Negatif
Sat Jan 13 19:08:27 +0000 2024,gaji digit kerja klamar klemer inisial gen,1,Positif
Sat Jan 13 15:44:38 +0000 2024,maklum kak gen self reward gaji,0,Netral
Sat Jan 13 15:35:02 +0000 2024,cewek gaji work semangat gen sandwich generation hampir seluruh gaji dedikasi buat keluarga,1,Positif
Sat Jan 13 05:46:22 +0000 2024,bos melayu acah stable padahal banyak hutang effect gaji staff utama kalau bos muda n kahwin leader wanita kerja terlalu ikut emosi colleague semua melayu banyak drama gen lebih banyak kali matang n mindset laut,-3,Negatif
Sat Jan 13 04:55:03 +0000 2024,cewek gaji work benar normal kantor mental gen ku terlalu lemah hadap semua,-1,Negatif
Fri Jan 12 13:07:22 +0000 2024,sekarang gue paham gen susah punya rumah bayang kalo habis lulus gaji gue freshgrad umr kira juta sdgkan keluar gue biasa jtperbulan jujur enggak tau cara srink ngurangin keluar bagaimana kadang segitu banyak enggak penuh padahal gue tinggal sama orang tua,1,Positif
Thu Jan 11 14:06:20 +0000 2024,reply deh tau deh budak sekarang malas belajardok bising gen taknak ajar apa semua last tua nih dok bising gaji bukan based on ajar yada yadajust encourage pasal gaji without consent bukan atas ajar tak no need aku diploma je aku spm je,-6,Negatif
Thu Jan 11 11:15:03 +0000 2024,gen punya gaji pas pas gua kerja instansi perintah gua sih saran buat usaha beli rumahbangun rumah sendiri banding ngontrak rumah better kalo punya rumah sendiri banyak kok rumah murah subsidi harga cont,6,Positif
Thu Jan 11 09:31:46 +0000 2024,tharasi lbs nama gen enggak mau riset data mau instant sama kalo cari kerja cari kerja enak gaji gede mkmkmkmkmk,0,Netral
Wed Jan 10 05:35:21 +0000 2024,sorry gue gen kerja masa sekolah jangan nilai semua orang sama kadang semangat kerja malah enggak gaji wkwkwkkw,3,Positif
Tue Jan 09 08:46:04 +0000 2024,hari hari klarifikasi gen tiktod nangisin prabowo ngitung gaji umr kapan pakai dp rumah uk,1,Positif
Tue Jan 09 03:52:00 +0000 2024,gaji budaya sesuai gen lebih pilih resign benar enggak terus apa dong laku swipe yuk genz millenials kerja resign faktor didyouknow fact fakta,0,Netral
Mon Jan 08 15:54:50 +0000 2024,a guru nya sendiri honorer gaji kecil malah biasa bocah lah kok sama konglo ditangisin gen aneh poll,0,Netral
Sun Jan 07 03:41:17 +0000 2024,gen sandwich generation kerja dikoporat gaji umr jadiii enggak bangga kalo minta dapat coba kasih alam pikir sekian terima kasih,3,Positif
Sat Jan 06 14:46:13 +0000 2024,gua orgnya enggak pernah ngitung bro gaji gue masuk payroll naik berapa ratus ribu cuman sekali naik gaji kala pas ttd kaget naik cuman ribu peienes gen jelas ngomel cuman peinses jaman orde baru nganter form buat ttd bilang kalo aku dsuruh syukur,2,Positif
Sat Jan 06 08:08:00 +0000 2024,kaya memang selalu jawab fenomena resah follower nya salsur begitupula versi mulai kerja mau gaji gede enggak jakarta gaji kuliah negeri vs swasta gaji gede enggak instant fomo nya gen magang,1,Positif
Sat Jan 06 05:35:37 +0000 2024,gen duit gaji habis buat langgan app premium,3,Positif
Sat Jan 06 03:54:55 +0000 2024,kalau lah duit berjutajuta tuh rakyat takpe duit bina things sendiri takde tuju kerja orang atas amik foreigner tak mampu nak ikut hendak gaji budak gen i guess this is why our pm try fix what prev gov did,-3,Negatif
Sat Jan 06 03:20:14 +0000 2024,selesai miskin indonesia buka lapang kerja cukup walaupun kerja banyak gaji sesuai butuh pokok sekarang perintah sukan maksimal mungkin bantu masyarakat kurang mampu balik bansos salah sasar,-2,Negatif
Fri Jan 05 15:37:37 +0000 2024,aku sih gen keluh tiap hari kalo suruh ajar alas butuh motivasi minimal minta naik gaji meanwhile milenials semangat dahal deh punya anak enggak minta apa aku rasa otw jadi remah rengginang,-4,Negatif
Fri Jan 05 09:26:58 +0000 2024,pov millenials workers vs gen workers korang rasa betul gen kuat kelat kerja lebih banyak peluang kerja kini gaji tarik klik link bio sekarang,4,Positif
Fri Jan 05 06:19:10 +0000 2024,budak nih alas benak betul subjek sains tak apply social media penting sambung ajar bukan paksi ikut budak nih contoh buruk gen tiktok bukan main buat video pasal profession gaji word bangang,-3,Negatif
Thu Jan 04 17:20:11 +0000 2024,gue arti kaum gen kali memang benar gen bebal banget sumpah pengin gaji gede kerja super santai kayak hahhhhhh,2,Positif
Thu Jan 04 05:16:48 +0000 2024,gua pikir keren title bang nyata sebut cuman admin sosmed mau gaji juta juta astaga gen gen,1,Positif
Thu Jan 04 05:07:21 +0000 2024,harus gaji uang pajak boleh pilih deh coba tayakan guru sekolah banyak pilih siapa,-1,Negatif
Thu Jan 04 00:25:43 +0000 2024,sapi pikir kayak begini kayak anak sekolah gen jaman sekarang gue bayar sekolah semua gurudosen gue gaji jadi lo semua tunduk sama gue lagi dosen ajar kuliah biasa sama jadi dospem skripsi beda jobdesk kalo ajar kuliah kan semua dosen ajar menuhin tugas tuh,-8,Negatif
Wed Jan 03 13:08:07 +0000 2024,banyak orang tua gen gen kali banyak ukur sukses anak kalau anak kerja tetap tempat baik gaji besar kalau gen jadi anak bungsu tuntut lebih saudara pas ngeluh sama gen atas malah adu nasib jadi kesan anggap,-5,Negatif
Wed Jan 03 11:38:23 +0000 2024,etos kerjane enggak profesional pengin kerja gaji gede gen,1,Positif
Tue Jan 02 16:16:36 +0000 2024,satu lupa bagi gen experience enggak semua tanya google lalu jawab rasa sekolah tinggi pengin jadi bos gaji gede enggak mau mulai bawah alam ketemu gen aku konsultan besar malah mulung elmu,3,Positif
Tue Jan 02 16:16:29 +0000 2024,tahun an mungkin oke pikir depan pola pikir gen ubah gaji sesuai standar tuntut kerja kalo perintah tahan gaji bagaimana mau tarik gen high quality keburu masuk cuman kerja ada,1,Positif
Tue Jan 02 12:04:33 +0000 2024,hmm aku enggak tuju soal lahir gen apaapa instan iya sih memang instan apa jaman sekarang cuma kalo enggak duit sama bohong kalo kerja mau keluar duit mikir dulu mau utamain mana saking sedikit gaji perlu rumah banyak,-2,Negatif
Tue Jan 02 10:56:03 +0000 2024,batas loker umur pas masuk isi gen semua bikin tingkah kantor malah oceh marah sosmed salah generasi padahal sendiri sengaja cari muda gampang suruh gaji minimum,-11,Negatif
Tue Jan 02 10:00:32 +0000 2024,gen standar hidup materi sekolah kuliah kerja gaji luar biasa punya rumah kendara yakin kamu bahagia miris hidup kapitalismesengsarakanumat khilafahperisaihakiki islamsolusi,3,Positif
Tue Jan 02 06:22:14 +0000 2024,xxw gen nih kau nih memang tak sesuai buat sales lah dik lembik nak buat sales hati jiwa kena kental kalau keje makan gaji baru start keje parking tak payah bayar travel takyah keluar duit duit minyak tol mrt lrt apa punya mentaliti lah lembikkk,1,Positif
Mon Jan 01 09:00:14 +0000 2024,visi ubah capres buka juta sempat kerja rubah hilir jadi industrialisasi naik gaji buruhampasn tiap tahun pupuk murah bantu nelayan modal ampbimbing umkm jadi eksportir anti kkn kampanye politik anies kpop gen,4,Positif
Sat Dec 30 23:57:49 +0000 2023,ajar gen bikin mental emosional guru enggak karuan beban administrasi komplain orang tua gaji enggak masuk akal sama sekali dtmbh beban ekonomi keluarga guru kagak bahagia bagaimana mau hasil generasi masa depan cemerlangngipiiiiii,-3,Negatif
Sat Dec 30 10:40:17 +0000 2023,bukan gaji prioritas gen milenial kerja cakup kembang karier worklife balance idntimeslife,1,Positif
Sat Dec 30 10:18:37 +0000 2023,data simpul benar gen punya minat cukup besar jadi pns maupun korporat swasta beda milenial cenderung lebih tinggi jadi pns milenial orientasi gaji tunjang tabung masa depan idntimeslife,3,Positif
Fri Dec 29 17:12:52 +0000 2023,aku en tak pernah judge gaji orang kecil besar asal kau rajin cari duit sendiri nih exception gaji kau baru ribu lebih je tkyah lah nk lagak depan orang tua gaji baru takat adab dah takde gen memang miskin adab,-3,Negatif
Thu Dec 28 20:21:07 +0000 2023,nama jaga toko gaji nya segitu lah gen kok paok mau gaji gede offshore ajg,-1,Negatif
Thu Dec 28 17:09:04 +0000 2023,koko enggak enggak mau jadi guru dokter gen tau berapa hasil seleb sosmed konten bodonk gen tau berapa gaji guru gaji dokter,1,Positif
Mon Dec 25 11:05:30 +0000 2023,izin tanya sertifikat tanah pakai uang pribadi wamen gaji rakyat gaji pakai dana pribadi pak lurah wahai generasi milenial gen jangan pilih calleg id gemar kkn,-3,Negatif
Fri Dec 22 09:00:02 +0000 2023,bincang seru merry riana kait anak muda nih guys gen millenial wajib paham tarik banget sandrina rosalia indah gaji juta ajudan kali samsul gibran selamat hari ibu kuma cawapres,5,Positif
Fri Dec 22 05:51:11 +0000 2023,tahun akhir investor pasar modal saham catat terus lonjak unik hampir juta investor dominasi anak muda alias gen kirakira jenis saham cocok gen apa gaji rp juta apa investasi,-1,Negatif
Fri Dec 22 04:57:36 +0000 2023,jaman sekarang rame kalang gen gaji kecil gaya langit,-2,Negatif
Fri Dec 22 00:42:05 +0000 2023,gen cenderung pilih turun gaji dapat lingkung kerja ideal ingin kumparantech,0,Netral
Thu Dec 21 02:16:44 +0000 2023,kbtulan anak buah gen kerja banyak duduk nya sering enggak masuk dalih sakit kok minggu hari turut turut sakit enggak suka sama gaji bukan mundur malah susah atas nya,-7,Negatif
Thu Dec 21 00:17:20 +0000 2023,ababil problematic tipikal gen cut off bilang potong tukin enggak bonus bilang bonus moga sih jadi benar kelak benar potong bonus kali gaji amin,-1,Negatif
Wed Dec 20 16:30:23 +0000 2023,hrd banyak bacot gen komplain nya putar starting position fasilitas sub par jam kerja enggak banding upah kayak implying karyawan senior gen gaji dijit tunjang segala macam enggak pernah buat onar,1,Positif
Wed Dec 20 04:18:11 +0000 2023,makanya anjir kocak sekarang gaji juta harga rumah pinggir nyentuh juta hampir sama lah harga pangan enggak ngotak bahan bakar enggak karuan aspek lain tahi lah gen banyak ngopi boomer noh banyak nimbun properti,1,Positif
Tue Dec 19 11:14:58 +0000 2023,utama fresh graduate consider dapat pelan khas gen perlu je gaji tak perlu lebih,3,Positif
Tue Dec 19 07:13:46 +0000 2023,titik gue benar percaya kalo gaji gen habis buat menuhin inner child nya,1,Positif
Tue Dec 19 00:31:53 +0000 2023,enggak tau kayak era sekarang buat tau kalau banyak gen coquette berlombalomba aesthetic punya macam barbie and friends aku pengin punya sih tunggu aku punya gaji juta,2,Positif
Mon Dec 18 03:41:29 +0000 2023,bahkan lahir an mas gen angkat awal cukup kaget,1,Positif
Sun Dec 17 09:25:15 +0000 2023,nasihat buat gen mulai kerja tetap bantu orang tua kamu kadar mampu kamu jangan boros jangan judol jangan kasih tahu nominal tabung gaji kamu siapa,0,Netral
Sat Dec 16 06:03:23 +0000 2023,gaji pertama fg seninjumat jam kalo lembur tiap hari an sabtu jadi masuk hari tambah uang lembur sistem kontrak enak enggak enak sih wkwk dinikmatin semua nya,-2,Negatif
Sat Dec 16 04:09:18 +0000 2023,ndrewtjan dukung prabowo wakil suara swing voters gen swing voters gen kalian punya sikap sendiri jangan mau dikte orang sekian terima gaji,3,Positif
Fri Dec 15 21:15:24 +0000 2023,inti kalau enggak tahu tanya kalau enggak ajar sebab aku lebih suka tawar karyawan lama gaji kali kerja karyawan baru gen kontribusi enggak malah bikin kerja tumpuk produksi lambat,1,Positif
Fri Dec 15 16:36:12 +0000 2023,untung josh milenial enggak kayak kata gen masuk gue wah ngerjain kerja teman cuti gaji sesuai mending r word,-2,Negatif
Sun Dec 10 04:20:01 +0000 2023,fg wajar anak gen baru lulus sih langsung minta gaji digit jam terbang lu fortopolio lu banyak enggg usaha keluarga bapak lu,1,Positif
Sat Nov 25 15:44:25 +0000 2023,gaji dibeliin kuota doang cukup terus suruh ngangon gen minim akhlak bagaimana enggak depresot pak,-4,Negatif
Fri Nov 24 06:49:41 +0000 2023,kerja bukan soal gaji manfaat orang banyak imam mahdi giselle gemoy ketua kpk shah rukh kan papua gen jumat asal bukan banteng ganjarpranowo ganjarpresiden atikohganjarpranowo alam ganjarmahfud pilpres capres ganjar tpn,0,Netral
Fri Nov 17 03:54:08 +0000 2023,harus kemarin gua foto harga tanah satu meter juta pik biar boomer tahu kalau milenial amp gen gaji umr jakarta enggak mungkin nama beli rumah bahkan karang doang wkwk kalau mengkis mengkis pak buk kalau pinggir,-4,Negatif
Thu Nov 16 22:53:21 +0000 2023,gen gaji juta gaya hidup langit gadget ip nongki coffe shop bayar paylater gaji umr gaya hidup enggak langit uang keluar tuju mulia jadi suka ganti rejeki lebih memang nalar logika hitung enggak masuk begitu hidup,2,Positif
Thu Nov 16 18:44:16 +0000 2023,representasi gen cuma putar jabodetabek doang deh wkwk lu gaji juta kalo daerah kok rumah komersil bagus kalo mau greedy beli rumah subsidi terus renov banget wkwk,3,Positif
Thu Nov 16 18:35:47 +0000 2023,deh banyak kali om gen gaji digit mah,0,Netral
Thu Nov 16 17:13:56 +0000 2023,tutuknyaaa paham enggak sih gen tua umur berapa tahu orang mapan mah minimal paling ngotak an atas kondisi punya properti dkk mikir enggak sih nek wong gek mentas sekolah ki gaji piro rung ngge bantu orang tua adek nek nduwe sekolah saiki larang ju syarat kerjo,-1,Negatif
Thu Nov 16 16:44:11 +0000 2023,kasihan gen disalahin mulu padahal anak pertama jadi sandwich gen gaji umr mending duit beli rumah beli jajan diri sendiri kagak pikir sekolah adeknya iya hasil orang tua enggak well prepared financially sih boomer,-3,Negatif
Thu Nov 16 15:57:06 +0000 2023,enggak semua gen amp milenial punya uang lebih banyak gaji rang butuh makan bulan bensin paket data mind you paket data butuh primer jaman sekarang butuh bawah juta kalau bantu adik ibu bapak isi rumah,-5,Negatif
Thu Nov 16 15:54:16 +0000 2023,fakta kan properti harga roket juta properti kayak bagaimana sih gaji enggak banding sama harga properti sekarang gen isi enggak konser beli hp baru etc etc,2,Positif
Thu Nov 16 15:36:44 +0000 2023,keren sekarang nimbun property banyak nya dalih investasi biar juta gen makin enggak beli rumah gap gaji harga masuk akal,2,Positif
Thu Nov 16 15:34:16 +0000 2023,gen mana nih sini gaji umrnya banyak under jaran diatasnys kan enggak banyak rata gaji kerja sini mostly bawah umr pns punya jabat kerja pabrik gaji jaga toko kerja pabrikpns kisar,3,Positif
Thu Nov 16 15:32:55 +0000 2023,sbrnya cicil developer tuh enggak bank n deh banyak banget korban cuma diam doang enggak tone deaf gaji gen tuh berapa sih paling jtaan aplgi hidup mamakota double income kemarin tolak bank semua cbain deh dulu rumit banget sekarang,-3,Negatif
Thu Nov 16 15:23:17 +0000 2023,coy misal gen enggak fomo konser fomo gadget enggak kebel rumah soal gaji kecil harga properti langit,0,Netral
Thu Nov 16 15:08:08 +0000 2023,kerja jaman sekarang susah minta ampun kalo kerja gaji enggak ngejar harga properti terus naik jadi percuma nabung buat hampir mustahil capai buat average gen sekarang memang paling gampang salah gen sih,3,Positif
Thu Nov 16 15:07:36 +0000 2023,nrvr tulis anggap bang bukan ratarata gaji gen,-1,Negatif
Thu Nov 16 14:55:58 +0000 2023,gen komplain harga rumah makin mahal enggak masuk akal smntr gaji dikit memang lah proses hidup jang lah terus kalo harga rumah turun kalian beli rumah kasihan deh beli rumah darah kalian memang ajar nyisihin duit,7,Positif
Thu Nov 16 14:31:07 +0000 2023,kira gaji semua gen umr apaaaa mana gen,-1,Negatif
Thu Nov 16 14:05:54 +0000 2023,serba salah jadi gen gaji bawah umr jadi sandwich generation bayarin hutang orang tua nya bayarin sekolah adek nya sulit buat nabung beli properti makin roket nabung ingin sekarang judge awowkowkwowk,0,Netral
Thu Nov 16 13:50:23 +0000 2023,laku gaji gue lebih tinggi fresh gradgen umum kalo enggak enggak bakal beli rumah smbl biayain adek gue enggak bayang gen gaji juta tanggung keluarga banyak disalahin enggak beli rumah gaya hidup,3,Positif
Thu Nov 16 13:40:46 +0000 2023,disalahin enggak beli rumah padahal harga properti enggak ngotak gaji umr jakarta cuma juta harga rumah jakarta minimal sama an kali bang boomermilenial superior macam gen enggak beli rumah ngopi sama jalan memang kocag,7,Positif
Thu Nov 16 13:37:30 +0000 2023,wkwkw sama kok gue gaji nembus kali umr jakarta dulu baru ngedp rumah habis buat bantu orang tua sakit sama adek kalo beli kopi kopisop biar kuat lembur biar makin banyak duit tiap bulan enggak bayang gen gaji juta tanggung sama keluarga,4,Positif
Thu Nov 16 13:31:48 +0000 2023,paling kencang lo koar sekarang jelasin gue bagaimana gen gaji rata juta beli rumah gaji sangat umum daerah jakarta biaya hidup tinggi kalo lo bantu orang tua adek lo lihat kopisop doang lo generalisir semua najis,1,Positif
Sun Nov 12 02:38:20 +0000 2023,as gen jujur gue muak najis lihat gen atas gue mau diinjek sama gaji underpaid hobi tusuk belakang konfrontasi depan langsung mewek lemah teriak lemah lo millenial muak diinjek boomer lampias gen kasihan,-4,Negatif
Thu Nov 09 04:32:27 +0000 2023,gapapa lah malah bagus tuh gen enggak mau tahan gaji vak improve usaha enggak peduli sama lu bagaimana loyal apa lu lol,1,Positif
Thu Nov 09 03:30:41 +0000 2023,jangan lihat generasi siapa dasar enggak mau overwork gaji kecil orang jaman dulu akses kurang cari sempat orang jaman sekarang internet wajar cari sempat lebih baik lebih tua gen btw,-5,Negatif
Thu Nov 09 03:03:05 +0000 2023,sumpah nder lu enggak hak urus orang resign gaji lu enggak tau apa puny tanggungab apa punya keluar lebih gede gaji memang gaji sama job desc enggak banding orang punya hak buat resign jangan jadi resign haram amp enggak usah bawa gen mulu blok,-1,Negatif
Thu Nov 09 02:19:50 +0000 2023,maaf nder bukan gen kalo gaji kecil terus enggak cover butuh hidup makin kena naik inflasi bagaimana mau survive tempat kerja bahkan gaji enggak umr mending resign,-1,Negatif
Thu Nov 09 02:00:32 +0000 2023,soal gen kerja cuma buat healing sama self reward gaji dapat pandang soal hidup sama masa depan rusak sama generasi belum jadi pikir sama disanggupin apa depan mata dulu,1,Positif
Thu Nov 09 01:48:07 +0000 2023,enggak cukup kak terus gara-gara orang dulu tahan gaji kecil anak jadi tumpu enggak cukupin jangan salty coba dmnpun kamu ketemu gen jadi tulang punggung keluarga ujung stres,-6,Negatif
Thu Nov 09 01:33:30 +0000 2023,logic sih tuju kerja kan cari duit tahan hidup orang dulu kalo opportunity lebih baik bakal pindah tempat lama overwork gaji kecil orang dulu vs gen punya challenge jaman masing enggak samain apple apple,-1,Negatif
Thu Nov 09 01:22:19 +0000 2023,umur dulu gue alam kerja deh tahun kuliah kerja nikah sederhana penting keluarga besar masing gen gue saran mapan dulu dah dulu sama sekarang beda sembako mahal gaji segitu,2,Positif
Thu Nov 09 00:51:04 +0000 2023,lagi gen mulu ajg kena lihat sana gen sama gen tua tua lain ngeluh soal gaji zaman sekarang enggak jauh jauh deh lihat sisi keluarga lo seengganya salah satu ngeluh soal keluar tinggi pasu rendah,-11,Negatif
Thu Nov 09 00:46:00 +0000 2023,aku bukan gen kalo usaha asih aku gaji dikitt overwork enggak aku ambil keluar banyak nder bahkan umr enggak cukup,-4,Negatif
Thu Nov 09 00:31:23 +0000 2023,jaman dulu emak gue kerja kalo gaji kecil cabut tahan bertahuntahun tahan bertahuntahun arti gaji cukup kalo kecil cabut kok banding sama gen,-3,Negatif
Thu Nov 09 00:26:34 +0000 2023,orang dulu gaji kecil butuh kecil sekarang gaji kecil butuh besar balance butuh ku maksud biaya hidup bukan gaya hidup gen paham job desk kerja uu ketenagakerjaan jadi boongin,-6,Negatif
Wed Nov 08 23:56:56 +0000 2023,gue malah lebih aneh lo tanya begini base orang tuh malah tanya genz lemah gen dikit resign jawab lebih aware sama hak mana mau zaman sekarang gaji kecil budak terus hidup butuh kena inflasi,-1,Negatif
Wed Nov 08 21:50:29 +0000 2023,gen hidup jaman apa serba mahal generasi sandwich bayang nder capek kerja tipes gaji enggak cukup butuh,-2,Negatif
Wed Nov 08 21:10:22 +0000 2023,gen lebih realistis milenial kerja jakarta pusat gaji lo cuman juta memang pakai hidup paling minggu terkahir jadi mayat,4,Positif
Wed Nov 08 19:49:37 +0000 2023,justru bagus dong gen punya mental enggak mau injak orang dulu tahan overwork walaupun gaji kecil nah gen hidup nya gin enggak mau lah posisi terus masa iya lo mau budak bos mu mulu,2,Positif
Wed Nov 08 19:26:45 +0000 2023,orang dulu lebih pilih brthan gaji kecil walaupun overworked terus kbutuhan hidup enggak cukup utang sana sini imbas apa anak nya notabene gen waris utang kan bagus kalo anak sekarang erti kalo usaha padan sama gaji biar enggak warisin utang anak,-9,Negatif
Wed Nov 08 18:42:58 +0000 2023,gua bukan gen ogah gaji kecil kerja abrek,-3,Negatif
Wed Nov 08 17:42:21 +0000 2023,gen lebih melek apa hak lu bayang kerja sekarang tuntut gaji manusiawi padahal butuh apa mahal,0,Netral
Wed Nov 08 17:32:20 +0000 2023,kata folkative gen jam sekarang lebih pilih gaji kecil mental aman tuh bang lu lahir tahun berapa sih bang kalo rentang awal an sih gen lho bang,-1,Negatif
Wed Nov 08 16:34:45 +0000 2023,coba balik tanya kalian sadar enggak sih generasi gen kalo kalian dulu overwork gaji kecil tahan bertahuntahun enggak kayak jaman sekarang overwork gaji kecil langsung resign sebab apa kira,-6,Negatif
Wed Nov 08 16:17:13 +0000 2023,imo sekarang pilih cari kerja banyak info kerja lebih mudah sekarang jadi kalo tau overwork gaji kecil mudah orang buat resign gen tuh banyak yolo tanya deh punya rencana apa enga habis resign enga,-1,Negatif
Wed Nov 08 16:14:40 +0000 2023,lebih gen minim alam harap gaji gede,0,Netral
Wed Nov 08 16:09:42 +0000 2023,jaman dulu banyak risen overwork gaji kecil kaleeeee cuma sekarang lebih lihat transparan beri ruang upa medsos layan internet minimal mikir jangan apa gen,-3,Negatif
Wed Nov 08 16:05:26 +0000 2023,arti gen lebih pintar dong cari gaji lebih baik sesuai workloadnya memang salah hak orang sih,2,Positif
Wed Nov 08 14:19:19 +0000 2023,gen mulu orang generasi apa kalo gaji rbbulan tuntut serba loyalitas tinggi enggak cukup butuh makin naik harga masa gaji tetap,-1,Negatif
Wed Nov 08 14:10:39 +0000 2023,serba mahal atuh puh sepuh bensin dulu ribu kali minggu sekarang mah hari kelar sepuh sadar gen butuh gaji lebih gede dah enggak mau repotin orang tua beli pakai duit sendiri lanjut kuliah pakai duit sendiri,-3,Negatif
Wed Nov 08 14:03:15 +0000 2023,benar pola pikir gen overwork gaji kecil enggak layak lebih baik resign send menfess boomer usaha doyan kasih gaji enggak layak pegawai,2,Positif
Wed Nov 08 13:20:38 +0000 2023,overwork mah enggak masalah nafas tiap hari tau cegah datang sakit segi gaji memang apa apa mahal kali jadi kayak enggak sesuai gua sih gua enggak gen banget alias tengah jalan millenial haha,-6,Negatif
Wed Nov 08 09:28:52 +0000 2023,asli perintah keluar atur tegas sih kena sistem seleksi kualifikasi lamar gen sama fresh graduation ekspetasi kerja sama gaji jangan terlalu tinggi memang segala sisi sih masalah lapang amp tenaga kerja,1,Positif
Wed Nov 08 08:53:20 +0000 2023,balas kalau beban kerja sama gaji enggak imbang malah bilang gen pilih kerja sick,0,Netral
Wed Nov 08 07:08:04 +0000 2023,admin tiktoknya enha sekarang anak gen naik kan gaji pls kemarin konten sukses bikin gila semua,-1,Negatif
Wed Nov 08 06:42:56 +0000 2023,gen hidup zaman cukup hedon perusahaanhrd amp user pola pikir zaman kerja rodi pelit gaji akhir enggak titik temu,1,Positif
Wed Nov 08 05:16:51 +0000 2023,kantor miskin cari gen gaji juta kerja manager,0,Netral
Wed Nov 08 04:44:49 +0000 2023,ih semalem aku obrol sama kakakkakakku gen sekarang fg mau gaji besar wfh,1,Positif
Wed Nov 08 04:20:21 +0000 2023,gen ketidakbersyukurannya lu pikir kerja big enak gaji malah banyak lebih kecil lu mending company receh gaji serius kalo gue mah,-1,Negatif
Tue Nov 07 13:08:00 +0000 2023,hilang harap sejahtera karyawan indonesia jangka panjang banyak netijen benar cara chat fuji karyawannya anti gen kerja sesuai porsi dah rata gaji rendah bentrok sama sama kerja ogah enggak manusia,6,Positif
Wed Nov 01 00:19:14 +0000 2023,gue gen gue kerja pengin gaji gede terus lingkung sehat rekan kerja atas solid gue syukur banget soal wfa enggak terlalu penting sih gue mau wfo wfh gue ayo ayo penting gaji gede lingkung sehat,3,Positif
Thu Oct 26 21:46:47 +0000 2023,dorang nk tunjuk dorang gaji besarsuch a gen zke dorang main petik no gajiorg millionaire billionaire macam bill gates tak dah dah tanya dapat orang medsoc,-2,Negatif
Thu Oct 26 10:56:45 +0000 2023,riset mana nih gue gen enggak mau nama hidup berat masalah banyak jenis jadi mending gaji gede,-1,Negatif
Wed Oct 25 14:31:12 +0000 2023,gen mana rela gaji kecil,-1,Negatif
Mon Oct 23 16:06:03 +0000 2023,christiano ronaldo baru mantap nih punya gaji musim enggak ambil buat hiling sumbang siap palestina besar t freepalestine freepalestinenow,2,Positif
Wed Oct 18 23:47:35 +0000 2023,gen susah kayak gaji nya habis buat subscription app premium,0,Netral
Tue Oct 17 12:32:18 +0000 2023,kalo kata nak gen mah gua pengin slow living jogja gaji digit,-1,Negatif
Tue Oct 17 06:02:49 +0000 2023,gaji basic cuma lah elaunkomisen taktau lah gen maybe kena ajar handle depa nih,-2,Negatif
Sat Oct 14 15:30:28 +0000 2023,gen jadi target market bootcamp socmeddigimar specialist langsung terjun teknis ajar basic marketing masuk gue embel wfa gaji gede,0,Netral
Fri Oct 13 09:18:49 +0000 2023,kalo sih tuju as gen gue kalo aju cuti pas kerja kelar sih kalo enggak mana berani gue enggak sudi suruh kerja rodi gaji becanda memang kalo gue sakit mau bayarin biaya obat gue enggak bakal cuk,0,Netral
Mon Oct 09 09:19:03 +0000 2023,jadi aku orang alam tmpat kerja aku ajr gen macam mana nk demand gaji bab epf socso acane terima tegur atas defend sdr bl tak buat salah tibeeeeeerrrr kena marah cara jimat tips beli bareng personal dlll aku tak nak dorg jadi bodoh macam aku,-1,Negatif
Sun Oct 08 15:24:22 +0000 2023,mohon maaf mas gaya hidup enggak tinggi hemat gue kesel apa gen dikaitin sama gaya hidup tinggi padahal hidup challenging anjir mau kerja saing ketat gaji umr biaya hidup makin tinggi bilang standar hidup tinggi,-1,Negatif
Sat Oct 07 06:39:53 +0000 2023,inimah kalo hrd nya gen kali apa bawa overthinking wkwk lama cv oke interview lancar gaji masuk budget harus jadi timbang utama,-3,Negatif
Fri Oct 06 13:17:55 +0000 2023,gue nih gen kayak lebih sulit hidup kalau tanggung si gaji umr bahkan bawah saing cari kerja susah kalo gaji bawah expektasi usaha enggak sustain cuman sistem kontrak boro punya rumah,-3,Negatif
Fri Oct 06 13:02:32 +0000 2023,akar masalah bangsa mulai urus kota transportasi publik hingga gaji gen cuma cukup buat komuter beli kopi bank bank,-2,Negatif
Fri Oct 06 08:15:58 +0000 2023,gue teman gue gen jadi wota enggak sehopeless berani buat inovasi buat chant unik gerak bidang peridolan kerja volunterr tiap tour gaji jadi jangan nganggep gen lemah,3,Positif
Fri Oct 06 07:58:29 +0000 2023,gaji ribu sekarang xlipet rasai susah senang senep jungkir balik nyungsep baru aku tegas yakin mau punya tim kerja sama gen,2,Positif
Fri Oct 06 07:42:49 +0000 2023,kasihan guru honorer gaji enggak berapa suruh didik moral gen lemah susah atur mau nya dienakin doang sama suka teori nekat payahhhhh memang gen zzzzzz turu cil,1,Positif
Fri Oct 06 06:03:38 +0000 2023,gue teman gue gen mahasiswa enggak sehopeless berani buat inovasi buat startup gerak bidang didik kerja volunterr hampir tahun gaji jadi jangan nganggep gen lemah,3,Positif
Fri Oct 06 05:27:56 +0000 2023,kalo pengin bikin bisnis besar mending join sama teman lo memang pikir mau buka bisnis bareng hati banyak begini pas maju malah kawan depak padahal turut maju usaha bikin usaha enggak gaji orang malah bangga wkwk embel gen hati nurani enggak,3,Positif
Fri Oct 06 04:58:06 +0000 2023,yoga farabi sisihab gue asumsiin lu omong gen bukan boomers buat gen enggak punya rumah mobil travel foodgasm bisa tiket paylater semua fasad doang belakang uang banyak orang cuman gaji gaji krisis dikit lagsung mampus,-1,Negatif
Fri Oct 06 04:29:18 +0000 2023,gaji guru enggak juta tambah bimbel mentok juta tanggung adik orang tua sisa sama butuh bulan sekarang kasih tau bagaimana cara properti jangan asal omong doang jangan lu pikir gen konten kreator influencer kantor semua,-6,Negatif
Fri Oct 06 01:09:20 +0000 2023,susah hilingnya ajak teman indak turut katai macam sok ngirit lah enggak kompak lah kalo turut eh biaya lebih mahal gaji satu bulan gen ngitung enggak sih,-1,Negatif
Fri Oct 06 00:28:14 +0000 2023,kerja gaji is sok gen coded,1,Positif
Thu Oct 05 23:35:02 +0000 2023,memang anjing sih harga naik gaji stuck situ gen bakal susah beli rumah,1,Positif
Thu Oct 05 22:55:00 +0000 2023,orangorang missing the point deh tekan hampir tahun enggak gaji buat nepis stigma gen kerja well paid etc etc ribet soal gaji tanya sanasini bukan bangga kerja enggak bayar bukan susah memang tuhan ngontrol persepsi orang,0,Netral
Thu Oct 05 15:59:34 +0000 2023,capek lihat debat twitter awal cuma bukti gen enggak sehopeless bukti mau usaha walaupun imbal buat diri sendiri enggak malah dianggep enggak sadar priviledge punya resource orang tua gaji gede kayak manaaa,-2,Negatif
Thu Oct 05 15:11:36 +0000 2023,gue teman gue gen gadis enggak sehopeless berani buat inovasi buat anak gerak bidang miring kerja volunterr hampir tahun gaji jadi jangan nganggep gen lemah,1,Positif
Thu Oct 05 14:55:23 +0000 2023,benar fenomena dijelasin sederhana pakai teori maslow gen memang mostly butuh dasar deh penuh makanya dibutuhin aktualisasi diri kapitalist paham banget begini makanya internship murah gaji tumbuh kembang,-1,Negatif
Thu Oct 05 14:10:11 +0000 2023,gue teman gue gen smk enggak sehopeless berani magang perintah gerak bidang nasa analisis magang empat bulan gaji jadi jangan anggap gen lemah,-1,Negatif
Thu Oct 05 13:48:45 +0000 2023,mbak generalisasi gen deh malu baca aku teman gen ku tau malah semangat kerja sih meski tau gaji enggak ikut inflasi and btw harga properti maksud mbak mana soal enggak ngotak harga kota besar sih banyak,-3,Negatif
Thu Oct 05 13:22:53 +0000 2023,lembur enggak gaji bikin kesel malah bangga kerja gaji ckckckck gen gen,1,Positif
Thu Oct 05 13:16:10 +0000 2023,kerja volunterr gaji gen lemah baperan,0,Netral
Thu Oct 05 12:53:34 +0000 2023,bravob lho tweetku kan respon awal sih mbak malas malesan kerja properti makin mahal gaji kata enggak diketawain lah millenial dulu vonis kutu loncat pindah pindah kerja mulu poiinya soal jaga etos kerja gen,2,Positif
Thu Oct 05 12:04:14 +0000 2023,mau kurang gengsi bagaimana anjir gue beli kebab mikirnya lama banget lagi bagaimana enggak pasrah dah harga rumah ratus juta terus gen sandwich gen gaji umr nabung berapa lama kebel rumah,1,Positif
Thu Oct 05 11:27:59 +0000 2023,ampun deh terima gen tuh sopan santun mana jadi atas penuh sabar extrablom alam minta gaji sesuai mau gilir tayang kelarin projevt nya enggak pernah ontime deadline,3,Positif
Thu Oct 05 09:34:18 +0000 2023,amin deh gaji semua gen gede biar beli aset properti harga naik mulu,1,Positif
Thu Oct 05 03:44:48 +0000 2023,kerja gabut gaji umr rasa tekan tinggi nama gen,-1,Negatif
Thu Oct 05 02:39:19 +0000 2023,baru masalah impor kayak begini ngeluh pusing kliyengan padahal kemarin mau aju naik gaji tara spv dasar gen,-4,Negatif
Thu Oct 05 02:05:30 +0000 2023,mau kerja apa enggak beli properti hopeless gaji enggak cukup bantah gen enggak hopeless walaupun kerja enggak gaji enggak masuk kalo mau ngebantah etos kerja gen dilabelin ogah kerja bukan tweet mbak nya,-2,Negatif
Thu Oct 05 01:46:17 +0000 2023,gue baca isi salah gen enggak mau kerja kerja jadi volunteer gaji nyata cap salah,0,Netral
Thu Oct 05 00:28:25 +0000 2023,gengsi gengsi gengsi mana diturunin sok tau banget lu enggak tau sekarang butuh primer apa apa naik gaji umr enggak ikut inflasi gua anak gen sekaligus sandwich gen gedek banget lihat statement lu enggak dasar,-2,Negatif
Thu Oct 05 00:11:22 +0000 2023,rumah jakarta dikprkan kaya minimal juta rumah gang sempit enggak kpr btw anggep salah orang gen gaji awal juta kali umr pas aju langsung tolak lah umr,0,Netral
Wed Oct 04 23:48:00 +0000 2023,tuju gen punya gaji juta an padahal tabung bulan sama hidup sendiri lebih enak enggak usah bulan bulan lahan alam barzah kalo gaji full tabung,1,Positif
Wed Oct 04 23:43:31 +0000 2023,teman teman gen kerja tahun gaji punya tanggung apa kalo tinggal sama orang tua hasil double digit enggak tanggung jawab sih aku siap kerja tahun gaji alam biar masuk cv,1,Positif
Wed Oct 04 23:39:04 +0000 2023,bagaimana gue gen boro boro kerja gaji pegang kerja gaji gacukup buay gen sandwich generation kayak gue mati mati kerja double tripple job menuhin butuh keluarga rela enggak gaji maybe duit entah sumber mana duit,-3,Negatif
Wed Oct 04 23:35:25 +0000 2023,gen mau punya rumah gaji umr kok cari mertua kayak,0,Netral
Wed Oct 04 23:31:17 +0000 2023,omong enak banget wkwkw apa apa gen apa apa gen coba pikir gaji mepet umr inflasi tinggi tuh bagaimana cara mau beli properti mau beli makan mikir apa beli properti apa apa gen apa apa gen mual banget gue lihat,-8,Negatif
Wed Oct 04 23:22:38 +0000 2023,kak walaupun enggak nongkrong sekalipun enggak blin beli properti msalahnya harga properti sekarang makin enggak ngotak gaji gen sdikit terus hidup pas sama gaji ongkos masa mau ngumpulin seluruh gaji buat propertibiaya hidup drmana,5,Positif
Wed Oct 04 23:16:51 +0000 2023,bukan gen tuju kerja sesuai gaji lah,1,Positif
Wed Oct 04 23:16:10 +0000 2023,tiap orang ngenyek gen banyak gengsi makanya gaji kurang mulu pengin gue gebukin pakai bangku kelas kuliah malam,-2,Negatif
Wed Oct 04 22:55:09 +0000 2023,semalem ovt buat target list gaji kerja tahun buat beli apa pusing sekarang apaapa mahal gaji dulu segitu naik enggak banyak eh malah baca tweet kampret bilang gen malas gengsi hopeless sedih banget padahal mikir banget,2,Positif
Wed Oct 04 22:53:57 +0000 2023,betul sekali enggak beli aset properti soal enggak kurang standar orangtua jadi tengah gaji kasihin orangtua semua bayar memang gen enggak bakti enggak nurunin standar,-4,Negatif
Wed Oct 04 22:48:10 +0000 2023,benee pak gaji juta beli rumah ujung tangerang pak kerja jakut gamsalah pak ayo gen penting punya properti,4,Positif
Wed Oct 04 22:08:53 +0000 2023,sok tau banget padahal millenial sama gen korban boomer suka nimbun aset pelit asih gaji lewat atur perundangundangan enggak bikin sejahtera generasi ikut boomer pret,-2,Negatif
Wed Oct 04 21:32:30 +0000 2023,enggak langsung prokontra sama nyata banyak kok gen enggak gengsi cuman butuh pokok memang banyak misal bantu byr sekolah adek les adek wifi rumah listrik rumah ngabisin hampir tengah gaji buat koshidup hari,7,Positif
Wed Oct 04 19:24:51 +0000 2023,gaji cuma naik per tahun anggap lu kudu nabung lama tahun expense enggak lebih juta lama mau nyicil harga total jadi juta keluar uang beli properti lebih banyak bayang pak apa dihadapin millennial sama gen sekarang,3,Positif
Wed Oct 04 18:56:48 +0000 2023,sama sama buruh kok konflik enggak apaapa kalo anak gen ngeluh minta standar gaji tinggi jam kerja rang libur lebih banyak harus saling dukung enggak sih masa kalian lintas generasi enggak mau sih rugi kan usaha bukan kalian senior,-3,Negatif
Wed Oct 04 18:42:16 +0000 2023,berak banget lo enggak usah gen gue millenial banting tulang sejak an awal frugal living minimalism gaji kecil hopeless mau beli rumah sekitar jakarta jangan lo jawab kok murah daerah ngpain beli sono gue kerja jakarta,-1,Negatif
Wed Oct 04 18:37:16 +0000 2023,wajar masalah soal gaji amp lebih soal tadi menginvalidate gen memang enggak titik mas dar ikut giat mikirnya ribu kali pikir duit bahas sensitif banget aplg giat mas soal didik,-2,Negatif
Wed Oct 04 18:31:58 +0000 2023,bagus kalo memang resourcenya lomba jadi masalah resourcenya kan pakai giat bukan gaji orang koreksi kalo aku salahyg mana banyak gen generasi memang enggak kayak begini sandwich gen jadi,-5,Negatif
Wed Oct 04 18:23:52 +0000 2023,wkwkwkkntol gen muda gaji digit orang tua nyekolahin yuk es,-1,Negatif
Wed Oct 04 17:56:43 +0000 2023,baik gaji mung umr bagaimana beli bidang kavling patungan sekalipun tads gen sambat,-1,Negatif
Wed Oct 04 17:32:27 +0000 2023,properti mana beli sama gaji umr sekarang hah mau enggak makan tahun buat nabung gen mustahil kebel properti kalau enggak waris sedikit banyak bantu orang tua gengsi lu bilang gue sarap minggu sekali sisa rapel sama makan siang,0,Netral
Wed Oct 04 17:14:23 +0000 2023,tea enggak usah sok tau lo gue gen kerja usaha jepang lembur bayar company dinner sering training overseas segala benefit lain plus gaji jauh atas umr jakarta kerja memang gila gue harga duit serius invest karyawan loyal,0,Netral
Wed Oct 04 13:10:10 +0000 2023,maaf kak kalo kakak bilang kurang tuju soal mas cuma lihat seliwer sosmed bukan hidup nyata keliling mas balik enggak semua gen hidup makmur gaji digit perlu telusur latar belakang,-3,Negatif
Wed Oct 04 13:06:14 +0000 2023,kerja capek banyak tanggung keluarga orang sosmed bilang gen rata gaji digit punya mobil flexing apartement,2,Positif
Wed Oct 04 12:29:25 +0000 2023,konservatif baratindo sama retorik nya cuma cengang cengeng dahal gen biayain kuliah kosan butuh hari sendiri plus nalangin orang tua bulan gaji enggak berapa wtf are sandwich generation amrite kit cuma baby bubu si,-4,Negatif
Wed Oct 04 12:26:35 +0000 2023,mah rata rata gaji orang indonesia enggak usah gen mau gen a b sama,0,Netral
Wed Oct 04 11:48:59 +0000 2023,hartini kayak enggak omong kalang super miskin deh konteks gen kerja malesan harap gaji digit kerja keras salah ada,-2,Negatif
Wed Oct 04 10:44:04 +0000 2023,jaman dulu kerja ijasah sama gaji buat nabung beli rumah bahkan beberapa buat investasi properti alias beli rumah banyak nah investasi properti jaman dulu bikin inflasi harga properti lebih inflasi gaji siap rugi gen,6,Positif
Wed Oct 04 10:30:21 +0000 2023,gen gaji juta kos juta setiabudibenhil terus kasi uang jajan papah juta buat party kemang,3,Positif
Wed Oct 04 10:20:41 +0000 2023,kak aku gen aku butuh saran bagaimana biar beli rumah gaji umr jujur rada bingung pls butuh saran apa perlu siapin an tips enggak fyi aku sandwich generation aku anak paling tua orang tua sama nenek kakek,-2,Negatif
Wed Oct 04 10:09:57 +0000 2023,anak gen sekarang baru masuk kerja pikir gaji gede enggak sesuai ingin langsung resign,1,Positif
Wed Oct 04 09:43:42 +0000 2023,hopeless apa pengin semua instan gue alamin gen banyak pengin semua instan lulus kuliah langsung kerja kerja gaji langsung digit gaji gede langsung beli rumah semua langsung langsung langsung cepat cepat cepat lihat semua butuh proses waktu,6,Positif
Wed Oct 04 09:39:45 +0000 2023,ratarata gaji anak generasi indonesia cuman juta contrary popular belief enggak semua anak gen influencer online kerja tech company jakarta mau beli rumah bagaimana kalau tanggung orang tua saudara,-4,Negatif
Wed Oct 04 09:36:24 +0000 2023,orang indonesia hobi generalizing teman gue gen kerja rajin banget enggak kerja malah bersih sayang kerja kota kecil gaji umr enggak boomer milenialpun banyak lembek kok lihat tuh milenial banyak kasus tipu kalah judi online enggak sebut,2,Positif
Wed Oct 04 09:16:22 +0000 2023,gue kemarin nemu tweet mana fg thailand enggak alam gaji digit itungannya masuk gen,-2,Negatif
Wed Oct 04 08:54:02 +0000 2023,btull sih bagaimana mau sukses pas kerja gaji potong pajak gede banyak potong lain jadi kayak gaji tuh numpang hari doang beli butuh pokok makanya rata gen keluar negeri jpg taiwan hngkong bangun rumah lain,-4,Negatif
Wed Oct 04 08:45:35 +0000 2023,ril min kerja malas gaji mau gede lemprin kerja gen gilir gen nolak langsung bikin tweet kalo gen generasi lembek,1,Positif
Wed Oct 04 08:32:18 +0000 2023,bravob generasi lama bisa salah doang deh bilang gen malas requirment lokernya enggak ngotak loker buat gen deh kae cari dewa anjim mesti semua jam kerja gaji enggak sesuai gilir enggak baru bilang gen malas kalo loker kae semua orang ogah,-7,Negatif
Wed Oct 04 08:13:12 +0000 2023,baca semua dulu baru balas lepas personal struggle biayain orang tua nenek memang gaji naik harga enggak banding semua gen rasai seluruh gen anak kayak raya rasai,-2,Negatif
Wed Oct 04 07:47:31 +0000 2023,sumpah gue sbnrnya enggak suka kota generasi benar gue bingung sama gen asli kayak cuti enggak ganggu weekend enggak ganggu gaji atas umr banget bahkan tinggi banget kerja banyak salah kalo feedback bukan begini eh malah lebih galak,-3,Negatif
Wed Oct 04 07:39:40 +0000 2023,bukan malas strategis kerja keras amp santai hasil sama gaji rendah ergo kerja santai simpan energi lebih bantu masalah umr harga properti inflasi sistemik amp memang perlu bantu perintah nah lu mau diskusi benar nyinyir gen,4,Positif
Wed Oct 04 07:15:09 +0000 2023,jangan cari benar kalo memang dasar malas mau instan tuh gen umur gaji digit,-3,Negatif
Wed Oct 04 07:13:11 +0000 2023,bravob milenial boomers kalah gaji skill sih gue lebih prefer kerja sama gen cepat paham ide out of the box bukan bapak ibu ude nyaman posisi kantor malas resign anjing beban,-1,Negatif
Wed Oct 04 06:06:39 +0000 2023,betul rata rata gen banyak banget enggak selesai sendiri gaji kecil mau mau ngeluh gaji besar bos enggak enak ngeluh gaji besar vs gaji besar banyak kali nanyanya enggak punya skill decision making ngeluh medsos publik enggak mau konsultasi,-1,Negatif
Wed Oct 04 06:05:40 +0000 2023,kan kamu bukan seluruh gen biayain orang tua stroke nenek gaji enggak seluruh gen sama kayak kamu,-2,Negatif
Wed Oct 04 05:54:07 +0000 2023,sadar diri skill issue gen ngebawa kalian miskin siapa mau hire gen gaji tinggi masa depan siapa mau hire orang tiap hari ngeluh kerja memang berat fakta,-3,Negatif
Wed Oct 04 05:50:56 +0000 2023,enggak cuma gen semua generasi alami teman kerja cerita dulu nyicil kpr mati hampir paruh gaji habis sekarang tahun nyicil ribu kayak bayar kos orang dulu sukses mental kuat ulet tau sukses enggak ikut susah,-6,Negatif
Wed Oct 04 05:33:32 +0000 2023,staydmn lah kan generasi tadi ngina gen ngeluh lembur minggu full lah tolol banget memang kapai mau lembur minggu naik gaji kagak mati iya,-2,Negatif
Wed Oct 04 04:39:18 +0000 2023,kalau mau tahu susah gen ambil data kisar gaji fresh graduate jakarta lalu banding harga properti jabodetabek memang gap nya makin jangkau harga properti tukik tajam kelola swasta profit oriented,-1,Negatif
Wed Oct 04 04:39:03 +0000 2023,ngentot ngasal banget cherry picking bagi kecil gaji digit pikir semua gen gaji digit apa bagaimana kagak tanggung keluarga beli nabung enak hati kontol kuda lu,-5,Negatif
Wed Oct 04 04:30:57 +0000 2023,enggak ngaruh tempat gue banyk gen malah cenderung have fresh idea depends buddy ngarahin bagaimana memang lebih sering ngompare sama temn temn nya siapa enggak mau gaji gede kerja santai gen kali millenials bebal gen not an issue sih,1,Positif
Wed Oct 04 04:23:26 +0000 2023,aku aku gen alam enggak terlalu banyak punya atas milenial gantung manusia kalo asih presure sesuai jobdesc orang jadi malas kerja kerja jam gaji umr potong balas terimakasih loyalitas,1,Positif
Wed Oct 04 04:04:06 +0000 2023,mbak nya kan klaim gen sukses gaji digit flexing apartemen nah kira kira berapa persen kak banding gen gaji nya segitu segitu,0,Netral
Wed Oct 04 03:55:51 +0000 2023,kalo satu problem sama gen lingkung kerja sih kadang suka punya ekspektasi lebih sama gaji bukan fokus naikin value diri professional fresh graduates banyak ujugujug minta double digit alam kerja organisasi enggak,4,Positif
Wed Oct 04 03:35:12 +0000 2023,aku pernah baca literatur bahas soal gen tarik gaji urut no gen no work life balance iya gen lebih pilih imbang kerja hidup pribadi punya boundaries jelas good turut,2,Positif
Wed Oct 04 03:28:23 +0000 2023,problem dunia kerja kerja turun banyak faktor jadi lingkung kerja enggak dukung atas enggak lihat kembang potensi gen enggak opportunity kembang diri karir justru gaji enggak sesuai enggak benefit,5,Positif
Wed Oct 04 03:19:59 +0000 2023,hah mbak curhat apa kamu lihat gen sukses umur muda gaji digit flexing beli mobil apartemen dkk nya seliwer medsos,1,Positif
Wed Oct 04 02:55:01 +0000 2023,benar deh aku masuk gedek banget sama gen kasih kerja overload dikit padahal kerja ngeluh nya se alaihim gambreng mana padahal gaji tuh sangat cukup lebih banget malah terus mau apa gaji gede kerja haha hihi doang,2,Positif
Wed Oct 04 02:54:20 +0000 2023,gue pribadi memang rasa gap generasi sih gen kantor gue sibuk urus jajan teman kantor nongkrong bareng lembur jam an ngeluh gaji naik enggak sesuai ekspektasi ngedumel sedang generasi gue jenis kerja batas kerja,-1,Negatif
Wed Oct 04 02:52:38 +0000 2023,hah lu kerja gacm properti lu butuh uang hidup kerja timbal balik gaji gen banyak banget gue lihat kerja ilangan masuk jam datang jam kayak manaaaaaaaa,-1,Negatif
Wed Oct 04 02:33:19 +0000 2023,generasi lebih tua dendam banget lihat gen lebih santai amp rasional hadap kerja berat gaji rendah gen lebih tua bukan pakai sure gen punya hidup lebih baik amp layak eh malah pakai sure punya kambing hitam disalahsalahin,2,Positif
Wed Oct 04 01:58:18 +0000 2023,anjing bilang gen enggak berskill fuckkklahh fuck gue ngerjain nya semangat kalo gaji bayar muka proper srius sangat respect orang bayar gaji proper sesuai hitam atas putih alias jelas janji,-4,Negatif
Wed Oct 04 01:51:16 +0000 2023,gen hobi flexing saldo gaji gadget baru body count singkir dulu lah kasih space buat punya prestasi olahraga dulu asiangames,2,Positif
Wed Oct 04 01:49:13 +0000 2023,kalo mau alam asih gaji tara fresh graduate pantesan gen semua,-2,Negatif
Wed Oct 04 01:30:04 +0000 2023,kaya kaya kamu masuk gen moga kerja tempat buat mental rusak jobdesk banyak gaji seuprit,1,Positif
Wed Oct 04 01:21:43 +0000 2023,gue gen kemarin kerja jobdesk sama posisi lamar beda kerja dobel bukan tugas gue gaji enggak berapa enggak umr gue ngeluh teman gue akhir keluar gue lemahkalo iya lemah tanya nya lemah atas pelit enggak mau cari orang lebih banyak,-4,Negatif
Wed Oct 04 01:17:51 +0000 2023,benar banget gue gen but rasa kalo kantor enggak kerja gen kali ordal at least kalo gen enggak erti sadar usaha but still kalo enggak arah job desc jelas memang banyak pilih out while gen kali tuh improve enggak minta gaji naik iya,1,Positif
Wed Oct 04 01:01:46 +0000 2023,penasaran deh sama performance kerja lo bagus layak apa gaji lo cukup hidup kayak anak gen hidup jauh atas lo kalau enggak sih wajar iri mungkin kan enggak mampu,-8,Negatif
Wed Oct 04 00:28:19 +0000 2023,gen mata fomo ovt selalu banding diri cerita kok enggak begini aku mbatin umur berapa sih bagus sih kecil bayang gaji digit ln usaha multimulti kalo enggak sampai menang amp rasa gagal loh,-5,Negatif
Wed Oct 04 00:24:39 +0000 2023,sama gaji imbang gen salah satu gen tau eksploitasi enggak,-1,Negatif
Wed Oct 04 00:19:21 +0000 2023,gen lembek kerja jangan kan kerja magang enggak gaji enggak kasih makan terima marah depan umum sindir sama staff yaudah terima sabar cuma sakit hati kalau orang omong kayak,-1,Negatif
Wed Oct 04 00:14:55 +0000 2023,maaf kak anak magang terima apadanya gaji uang saku alhamdulillah makan syukur sama terima kasih mas orang mbak terima ajar sama tambah skill bilang gen kerja abcd sabar deh,9,Positif
Tue Oct 03 21:53:38 +0000 2023,enggak usah nabung lah self reward gen gaji pertama,-1,Negatif
Tue Oct 03 21:34:57 +0000 2023,kerja sama gen sini gen keluarga ekonomi biasa kurang mampu atau generasi sandwich kerja lebih ulet jarang ngeluh ketimbang bawa ipong meski gaji umr,0,Netral
Tue Oct 03 20:04:36 +0000 2023,lulus sekolas stm tahun mau kerja tinggal muter muter ruko mading tulis loker minimum smasederajat sekarang lihat lowong kerja internet maksimal dik si alam tahun gaji umr suka suka hrd wajar sih kalo gen malas mau kerjawkwkwkw,4,Positif
Tue Oct 03 14:04:01 +0000 2023,bacoooottt lihat cuma gen tukang ngeluh coba dong lihat gaji beban kerja gen,-1,Negatif
Fri Sep 22 11:43:13 +0000 2023,gen gaji pertama nya habis buat self reward,1,Positif
Thu Sep 21 13:09:28 +0000 2023,jadi young leader punya challenge sendiri sering diremehin sama manager umur jauh atas gaji enggak beda jauh mohon maaf tau gue borderline gen kalo getting personal pengin rasa sodorin cv sombong,-4,Negatif
Mon Sep 11 06:40:53 +0000 2023,persis gue sama kayak lu pas gaji juta aneh gue gue enggak pernah rasa kurang kalau gue banding sama adek adek gue nih gen gaji juta kurang hampir bulan minjem duit mulu,-1,Negatif
Mon Sep 11 01:56:41 +0000 2023,kasihan gen tantang hidup banyak banget selesai gaji pikir cara typing wkwkwk,1,Positif
Sun Sep 10 08:11:56 +0000 2023,gen gen sama je xde nak respect senior as nih kerja kau kali byr gaji buat keje masing aku hadap senior gen acah nih bila buat kerja last semua tnye aku padahal dah keje tahun while aku baru bulan keje dah buat sendiri,-1,Negatif
Sun Sep 10 06:07:04 +0000 2023,ketemu teman gen banyak enggak sungkan tanya gaji orang dulu anggap enggak etis ikut konten apa bagaimana deh,-2,Negatif
Fri Sep 08 17:40:39 +0000 2023,orang cakap gen manja taknak kerja buruh tani bawah panas matahari i mean kerja dekat office adek ac gaji basic lebih kurang je buruh sume better kerja dekat office,4,Positif
Fri Sep 08 00:03:08 +0000 2023,haiyaaa gen jangan lah makan sangat kata millenials pasal beli rumah waktu muda youre your si i can assume anything can happen your career i have a familys friend gaji terus tak apa lay off for glc,-4,Negatif
Wed Sep 06 05:13:31 +0000 2023,ngeluh kerja karyawan jelek lah gaji lu kasih memang sesuai apa ikan usaha kerja sesuai nominal jangan harap lebih buka mata sdm indonesia bayar rendah bagaimana mau tingkat sdmnya untung gen sekarang cerdas,1,Positif
Tue Sep 05 19:01:51 +0000 2023,pas kali rekan kerja gen beuh kerja mau selow gaji mau banyak koreksi rajok diam kayak ayam sakit tetelo asedekontol memang,1,Positif
Sat Sep 02 16:51:46 +0000 2023,gen tanya info loker mau gaji tinggi kalau mau jadi karyawan baru gaji tinggi prostitusi sana gaji karyawan baru lebih tinggi banding gaji karyawan lama wkwkwk,2,Positif
Fri Sep 01 10:52:42 +0000 2023,mak nok komplen ngan bos anak sik sama gaji orang macam gen nektok,1,Positif
Thu Aug 31 03:46:38 +0000 2023,biasa bank ktpkkrek listrikslip gaji beda sama gen akun igtidtodfbtwit,0,Netral
Wed Aug 30 13:31:49 +0000 2023,gaji kerja enggak becus,1,Positif
Tue Aug 29 15:34:20 +0000 2023,lo mau berangkat kerja pakai kendara coba enggak usah mbacot pertalite enggak enggak usah nyuruh gua kerja lo mau minta gaji berapa gua,-4,Negatif
Tue Aug 29 08:13:03 +0000 2023,lrt apaka rumah jonggol beli orang kaun gen gaji umr,1,Positif
Mon Aug 28 11:04:46 +0000 2023,kuliah nde mlg isine full circle gen tukang abisin gaji papi,-1,Negatif
Mon Aug 28 10:13:35 +0000 2023,terus terang aku cukup aku bukan gen aku lantang pasal hak aku hak aku kerja bos lantik kerja mudah kau fikir kerja tak lompat kerja lebih bagus kau fikir kerja tak nak ketua lebih baik memang pilih kerja gaji bagus,6,Positif
Sat Aug 26 11:34:03 +0000 2023,persen generasi milenial gen anggap faktor penting bangun kaya besar gaji,-1,Negatif
Fri Aug 25 03:32:54 +0000 2023,gen gaji,0,Netral
Fri Aug 11 02:18:24 +0000 2023,gen terus dihighlight bukan semua generasi suka sama gaji besar semua early jobbers generasi mana less experienced bahkan nilai valuenya sendiri apa salah enggak lo waktu awal kerja pernah expect gaji atas wajar negoin,-6,Negatif
Thu Aug 10 16:09:30 +0000 2023,gen fg sejahtera rumah makin mahal semua makin mahal wajar kalau mau gaji tinggi muak hidup nrimo ing punkdoom mau sejahtera raih kerja keras makanya berani tembak gaji tinggi memang niat,3,Positif
Sun Aug 06 03:45:21 +0000 2023,rg cerdas anak bangsa gaji aksibelarockygerung aksibelarockygerung,-1,Negatif
Sun Jul 23 15:51:21 +0000 2023,kerja mainmain gaji bukan main,0,Netral
Sat Jun 24 12:45:59 +0000 2023,semangat gen tunggu jadi decision maker kerja hari minggu timpang gaji lebih minim,0,Netral
Thu Jun 22 02:39:33 +0000 2023,kerja mampu ngomongpun susah plangaplongo kerah sponsor suara belakang kuat suara sebut buzzerp hebat sang pimpin rezim gelontor dana apbn banyak sama uang rakyat gaji buzzerp,3,Positif
Wed Jun 21 12:42:17 +0000 2023,banyak lah aku gen tak pernah keluh gaji kecil besar fuck manja,-1,Negatif
Mon Jun 19 03:40:27 +0000 2023,dpr mau dengar suara rakyat jangan cuma duduk manis sofa rakyat bayar pajak kok lalu gaji siapa kalau bukan rakyat politik parlemen sekarang suka main uang budeg suara rakyat keluh rakyat parlemen ketawa ha ha,-5,Negatif
Tue Jun 06 13:29:20 +0000 2023,je gaji tinggi jaga quality kerja gen,1,Positif
Tue Jun 06 09:27:52 +0000 2023,bagus gen beramairamai minta gaji lebih padan zaman sekarang bila ramairamai suara impak,1,Positif
Tue Jun 06 07:08:00 +0000 2023,bukan gen zaman generasi kali gaji macam hauk,-2,Negatif
Tue Jun 06 04:23:02 +0000 2023,every gen mesti bad apples kalau cari bukti buruk mesti jumpa buruk based on my experience tengok gen kerja and even my brothers diorg sanggup kerja kuat asal gaji padan tampak gen nih rajin kerja waktu cuti sek,-4,Negatif
Sun Jun 04 16:39:29 +0000 2023,gen will not knowing about these orang tau satuuuu malaysia tak mamat pm punca jatuh duit dadak rm rgt start rasa macam rgt since ambik alih zmn tun dulu tau lah gaji beli rumah oii bantu tkde pon bantu orang gomen jer tun,-4,Negatif
Fri Jun 02 17:37:48 +0000 2023,asal jeplak ppsu mau dp gaji juta rusun gen mana mau tinggal rusun ach ngawur nih orang,1,Positif
Fri Jun 02 01:07:37 +0000 2023,glc bawah tweet kan reply akaun private adu gen tanya awat tak tanya consent nak tolak tax dekat gaji aku lah kan hm,0,Netral
Thu Jun 01 23:57:14 +0000 2023,kereta besar sedap pandu kereta tempat pakai branded rata alit selesa import shopee gaji besar balas budi parents gigih buat kerja duduk rumah banglo besar bukan sewa flat gen gen alpha tampak,3,Positif
Thu Jun 01 23:57:14 +0000 2023,tuju tak tuju tuju pelbagai bidang peran masing penting lestari masa depan tak tuju gen gen alpha deh doktrin pempengaruh tunjuk duit solusi masalah hidup susah nak pilih bidang bukan gaji tinggi,-2,Negatif
Thu Jun 01 19:56:34 +0000 2023,buat gen siapx banyak kerja ganti ai desain grafis sekarang banyak banget ganti ai design poto grafis brochure video top management prefer mending pakai ai bayar orang tiap tahun minta naik gaji alas inflasi skill amp attitude kurang,5,Positif
Thu Jun 01 05:03:59 +0000 2023,true banget sih banyak gen tuh pengin nya serba instan gaji gede kerja ringan,2,Positif
Sat May 13 06:24:24 +0000 2023,bikin aku mikir jangan aku nikmat dunia kerja tuntut gen pengin kerja enak gaji gede terlalu yaaaah meski gaji enggak gede sih sekarang waktu cari kerja jogja curi dengar ujung pergola batin,-2,Negatif
Thu May 11 23:39:08 +0000 2023,sakit gen ngejar gaji minim skill,-2,Negatif
Wed May 10 16:00:14 +0000 2023,tiap daerah sama kayak begini cuman enggak berani speakup hidup gaji apa guru pns banyak gaji tahan per bulan banyak duit sekolah dulu kalo dah anak baru bayar,-3,Negatif
Tue May 09 08:43:06 +0000 2023,akak gaji banyak beno macam mane nak kaye kalau nak kaye kene jahat kak apa prinsip lah budak kerja aku nih hahahahahhaha kerja dengab gen nih seronok for energy,0,Netral
Sun May 07 01:44:17 +0000 2023,read the reply and i cant sih anyone agree with this statement tahun jadi orang iv amp appoint bebudak gen kejesurvival critical iniciative thinking lulusyang kelautsemua nak spoonfeedbelum part gaji nak banyak nak keje macam bigbos,1,Positif
Sat May 06 00:57:04 +0000 2023,enggak kayak kayak padahal gaji gen umr munchen tiap hari warung kopi beli v ingat kalo maksi sama sushiramen nyata bukan gaya hidup gem bikin miskin inflasi,-3,Negatif
Fri May 05 05:21:11 +0000 2023,sorrylah most of the gen tidakleh survive kalau timpa susah ingat satu kali alumni universiti kerja sapu sampah kat singapore gen jawab je kerja as sapu sampah gaji mahal kat sana gen mula jawab ada and kata xleh survive,-6,Negatif
Thu May 04 16:28:45 +0000 2023,salah satu cara pak prabowo menang raup suara gen milenial gen naik gaji admin xixiixi juara juara juara,0,Netral
Mon May 01 12:27:26 +0000 2023,pengin si gue mau punya gaji hidup sendiri biar kayak adiml estetok huf pilih hidup sulit gen,-2,Negatif
Mon May 01 11:46:51 +0000 2023,tegang lebih bikin gen jadi lebih stres generasi lain salah satu sebab ketidakstabilan kondisi ekonomi beberapa tahun akhir ketidakamanan kerja gaji sesuai gelombang phk rajalela kalian tuju enggak nih,1,Positif
Mon May 01 02:39:42 +0000 2023,gaji umr gen sandwich orang tua enggak punya sama sekali aset harta dasar aku sih miskin,-1,Negatif
Sun Apr 30 01:00:02 +0000 2023,susah kerja bareng gen apa tanya gaji gilir kerja enggak inisiatif samsek bakal kerja keras kalo mood kalo enggak yaudah,2,Positif
Fri Apr 28 02:44:19 +0000 2023,deep down jujur benci sih sama gen gaji sok sok fresh grad maksa buat branded sheesh,-1,Negatif
Thu Apr 27 05:42:53 +0000 2023,kerja lembaga negara bukan bumn pns begini tanggung jawab besar workloadnya banyak siap tempat bumn loadnya banyak banget enggak punya tim enggak instan gen capek sumpah lihat tl keluhin gaji mulu,-1,Negatif
Fri Apr 14 07:11:47 +0000 2023,bosan gue narasi milenial gen enggak punya rumah lah prediksi tahun blabla sulit beli rumah kalian asih statement alasannyaa heyy gaji enggak berapa harga rumah deh kayak new york,3,Positif
Wed Mar 29 08:14:12 +0000 2023,ababil makaud poin no bagaimana sih pak jelas serdos non pns gurudosen gaji,1,Positif
Tue Mar 28 17:55:00 +0000 2023,tambah generasi muda memang kurang masa kalau yb lihat gen sekarang kena ambil kerja tampung kos sara hidup kalau dulu satu gaji cukup breadwinner nak bina hidup tak mampu yb nak sara anak luang masa family xde masa,-8,Negatif
Tue Mar 28 05:00:28 +0000 2023,gen hadeh bisa siang malah ijin enggak masuk siang murni salah lu sendiri nder usaha mana peduli baik atas lu asih ringan masuk jam pulang lebih lama ganti lambat lu usaha mah no kecot langsung potong gaji,-5,Negatif
Mon Mar 27 13:21:29 +0000 2023,buset deh pamer gaji juta juta gua kerja kayak serasa jalan per hari kadang hari sama pasif income enggak perse tinggi kawan selesai makan buset pamer hp camera boba gen memang beda,0,Netral
Thu Mar 23 07:01:10 +0000 2023,apa iya gen jadi generasi paling stres tempat kerja mulai tekan atas gaji enggak sesuai load kerja kamu masuk gen bagaimana nih dapat coba yuk sharing komunitas jobstreet,0,Netral
Thu Mar 23 01:07:16 +0000 2023,gen kerja but nak gaji perangai kbye,1,Positif
Sun Mar 19 06:55:33 +0000 2023,gen gaji fantastis dunia kerja hlkompasiana,1,Positif
Sun Mar 19 01:48:53 +0000 2023,gen gaji fantastis dunia kerja,1,Positif
Sat Mar 18 20:43:08 +0000 2023,lihat gen freshgrad banding banding gaji sama orang tahun berkarir wkwkkw,2,Positif
Sat Mar 18 11:10:43 +0000 2023,true story orang gen kata milenial kok hpnya android padahal gaji kan juta gue gaji beli makanya nabung jangan boros menej uang enggak benar,-2,Negatif
Fri Mar 17 15:23:56 +0000 2023,jadi cowok enggak masalahin gaji cewek benar kan masalah lanjut pihak keluarga cewek,-2,Negatif
Fri Mar 17 15:21:28 +0000 2023,aku cowok turut masalah gaji memang sensitif cowok makanya kebanyakn minder walopun si cowok deh nurunin ego ikhlas bakal masalah slnjtnya pihak keluarga cewek ada beda status sosial ekonomi sebut buat cowok pikir kali sih opini sih,-2,Negatif
Thu Mar 16 13:37:04 +0000 2023,sudah gaji enggak berapa pasti jabat salah ucap langsung pecat bagaimana gen mau jadi guru kalau begini guru,-2,Negatif
Wed Mar 15 14:24:41 +0000 2023,ngeri enggak takut apa sama rakyat menang doa sama tuhan padahal kan gaji sama rakyat,2,Positif
Wed Mar 15 03:30:09 +0000 2023,sepik sok tanya padahal mau asih tau orang kalo gaji digit iya nder iya gaji digit cuma kamu indonesia gaji digit umr ahaha masa gaji segitu enggak tau apa pph pura tolol roket bau gen nih,-7,Negatif
Tue Mar 14 11:50:26 +0000 2023,gen mulu kena memang situ boomer sama milenial kalo awal kerja enggak sama bego kalo gabisasalah tuh ajar benar enggak usah rasa paling tau segala ajar sini sama minta gaji belagu,1,Positif
Mon Mar 13 08:37:38 +0000 2023,teman curhat punya bawah gen suruh kerja banyak ngeluhnya mau gaji banyak lembur enggak mau sambat mulu,0,Netral
Fri Mar 10 22:52:33 +0000 2023,karyawan gen betah kerja naik gaji bisa hlkompasiana,3,Positif
Fri Mar 10 16:21:21 +0000 2023,iniiiiiii aku triggered banget baca keluh gen soal kantor toxic lah kerja cuma ambil gaji lah makin sok iyeh bocah nih padahal dia sendiri toxic wkwk basa basi diblg munafik sosialisasi diblg enggak pntg entar sambat hidup enggak teman bocil edan,-5,Negatif
Fri Mar 10 05:11:14 +0000 2023,karyawan gen betah kerja naik gaji bisa,3,Positif
Fri Mar 10 04:07:11 +0000 2023,karyawan gen betah kerja naik gaji bisa,3,Positif
Thu Mar 09 01:51:46 +0000 2023,tumblr starbak isi air putih gaji juta jalan ninja gen,-1,Negatif
Wed Mar 08 11:24:47 +0000 2023,nok mak nih kira gen ek kira lah ek aku mana lah tahu nok nk buat ads boost post semua gue bukan degree marketing kalau taknak hire marketing naik lah gaji ku macam semua department je aku buat nih,-1,Negatif
Tue Mar 07 18:03:31 +0000 2023,lihat bapak bapak saltyin gen twitter gen nya bilang profesi media social specialist profesi jaman sekarang memang nama bukan amp range gaji disebutin sih anak gen memang standar enggak sih,-3,Negatif
Tue Mar 07 12:43:05 +0000 2023,boomer enggak boleh anak muda punya kerja gampang gaji gede banget sinting kalo pakai logika beliaubeliau gen mau harga rumah tapak enggak mahal amp buaya hidup murah anjenggg tolol banget jadi orang,4,Positif
Tue Mar 07 03:41:32 +0000 2023,bukan gaji timbang utama gen cari kerja survey,-1,Negatif
Mon Feb 13 13:13:31 +0000 2023,gen memang beda bagaimana enggak beda kerja gaji enggak cukup,-2,Negatif
Sun Feb 12 16:04:00 +0000 2023,baik golkar nasdem pks pkb milik visi misi sama indah sama bangga sama tum hrt airlanggahartarto golkarindonesia gen naik fortuner sen diri hasil gaji first job,7,Positif
Sun Feb 12 07:02:50 +0000 2023,freelance gaji segitu iri capek banget gua lihat keluh gen,-1,Negatif
Sat Feb 11 05:12:06 +0000 2023,bacot gen ngelamar gaji umr banyak syarat kosan lu tuh bayar setan jangan pilih kerja,-2,Negatif
Fri Feb 10 14:44:39 +0000 2023,effortnya dikit mau gaji banyak cermin sangat sempurna buat gen,1,Positif
Wed Feb 08 10:04:51 +0000 2023,gen anak muda mana suara vote yuk apa kalian laku terima gaji pertama,0,Netral
Mon Feb 06 22:50:52 +0000 2023,kerja freelance gaji enggak nentu kerja ngadep laptop kerja mana anak gen kayak gua putusin wfh bilang enak enggak enakin mau sambat,-1,Negatif
Sat Feb 04 05:54:44 +0000 2023,perintah memang enggak gaji sedih banget gen sama millennials memang lebih aware sama sehat mental banyak salah arti malah jadi mau kerja dikit gaji enak,3,Positif
Sat Feb 04 03:37:02 +0000 2023,pfffff indonesia susah cari kerja lulus si usaha enggak berani bayar gaji walaupun alam sekalipun kalo mau cari kerja saran usaha asing minimal fair bayar gaji jadi dosen sama gaji enggak gede banget,2,Positif
Fri Feb 03 14:25:32 +0000 2023,generation gap rasa banget boomers atas blakan banget tanya gaji gen bwh mingkem rapet omong gaji,-2,Negatif
Fri Feb 03 11:01:00 +0000 2023,kumpul orang gen tanya kena nominal gaji harap penasaran jawab yuk tonton lengkap video,-2,Negatif
Fri Feb 03 10:13:55 +0000 2023,cie enggak dong anak gen tanya dapat netizen lewat fess putus hidup aku habis begini kalian aku bagaimana gue f punya gaji kali kalian bagus invest apa gua punya durian matang matanginnya bagaimana,-2,Negatif
Fri Feb 03 05:07:29 +0000 2023,benerbener beberapa gen sekarang kalau pas minta gaji ingat owner cuma balas p doang anjng enggak sopansopannya minimal kasih tau sopan pakai bahasa benar misal maaf pak bagaimana bla bla blanya enggak punya skill laku allah,-2,Negatif
Wed Feb 01 17:16:27 +0000 2023,punya teman kerja gen tau gaji minim kalau bilang smart manajemen uang biar cukup malah ngebantah alas self reward atas jerih payah kalau mau akhir bulan enggak uang malah jual diri alesan tuntut hidup ngerri deh,-6,Negatif
Wed Feb 01 06:41:57 +0000 2023,gaji sesuai jadi alas mayoritas gen indonesia undur diri kerja kalo alas lo sendiri apa sob,0,Netral
Tue Jan 31 06:51:01 +0000 2023,waaah bakti orang tuaaa lantai gen beri gaji pertama orang tua,0,Netral
Tue Jan 31 06:51:00 +0000 2023,gaji pertama terkadang istimewa orang pertama kali dapat uang hasil kerja keras apa laku gen dapat gaji pertama,2,Positif
Tue Jan 31 06:20:35 +0000 2023,mungkin memang buat entry level fresh graduate memang khusus target pasar generasi muda ie millenial gen biasa gaji tawar cukup hidup sendiri bukan hidup keluarga,-7,Negatif
Tue Jan 31 05:48:57 +0000 2023,ceweku pernah bilang begini gen memang beda kerja kasi gaji pantas tiba beberapa hari enggak kabar enggak kerja masuk dihubungin enggak dicariin enggak ditanggepin sama sekali kereeeeeeeen,-2,Negatif
Fri Jan 20 10:54:28 +0000 2023,kantor gue deh kali hire gen magang gaji umr perform baik kayak begini suka ilangan,-2,Negatif
Fri Jan 20 10:09:52 +0000 2023,omg ternyta mental anak gen kerja ratarata begini sama kayak genz kantor ngeluh kerja mulu minta naik gaji mulu padahal jam kerja netflix mulu,1,Positif
Fri Jan 20 03:34:12 +0000 2023,gue rasai kok kerja gaji kecil pernah pegang banyak desain pernah akhir gaji atas umr tahun beda atas baik baik banget bikin aku betah jadi kalo kira gen enggak pernah rasai gaji kecil pikir deh,-1,Negatif
Thu Jan 19 14:57:46 +0000 2023,pntesan gen nya kabur suruh multi tasking gaji cuma orang gue baca thread mbak jelek gen aneh,-4,Negatif
Thu Jan 19 13:47:46 +0000 2023,pantas lah gen nya kabur kayak semua gen bakal kabur kalo suruh kerja rodi gaji part time,-4,Negatif
Thu Jan 19 11:09:36 +0000 2023,gen baru kenal tanya umur terus tanya nikah apa sekarang tanya gaji wkakwkw kocak,-2,Negatif
Thu Jan 19 10:55:02 +0000 2023,tuju gue masuk gen gue tipe jaga attitude kerja keras wajib gue tipe asa kalo memang tegur buat gue biar enggak salah gue terima malah gue tuh lebih suka gaji berapa nominal ketimbang matok gaji,1,Positif
Thu Jan 19 09:10:37 +0000 2023,kantor gue banyak gen anakanaknya pintar pintar orang lapang kantor jadi gue percaya kalo enggak tarik kerja enggak banding sama gaji enggak kayak generasi millennials kantor gue masuk gue banyak workaholic memang suka siksa,1,Positif
Thu Jan 19 05:45:43 +0000 2023,gen memang beda kerja kasi gaji pantas tiba beberapa hari enggak kabar enggak kerja masuk dihubungin enggak dicariin enggak ditanggepin sama sekali kereeeeeeeen,-1,Negatif
Thu Jan 19 04:34:07 +0000 2023,gen memang beda kerja kasi gaji pantas tiba beberapa hari enggak kabar onok duit enggak njilih satus,-1,Negatif
Thu Jan 19 02:24:07 +0000 2023,beda dong kantor ane terima kerja taonan alam rata masuk telat sering absen mau gaji tinggi fasilitas interview tanya gaji duluan suruh datang interview dulu baru nego gaji enggak mau enggak semua gen sih banyak,-4,Negatif
Thu Jan 19 00:57:24 +0000 2023,benar sih gen pernah interview anak baru apa apa tanya gaji kantor berapa pas lihat kerja kerja zona nyaman langsung cut,3,Positif
Wed Jan 18 14:07:14 +0000 2023,suka heran sendiri sama gen part time graphic design baru masuk hari besok izin sakit enggak ngabarin sekarang fulltime sales baru masuk hari besok langsung resign gaji kerja padahal wajar loh,-2,Negatif
Wed Jan 18 06:38:47 +0000 2023,aku gen kerja bela bela lembur jam enggak kasih uang lembur rela nombok kalo duit setor kurang rela ditelfon hari minggu buat kerja menang lihat padahal gaji umr enggak kerja proper malah enak hadehhhhh enggak adil,4,Positif
Wed Jan 18 06:28:14 +0000 2023,wanjir ane pas umur gen malah enggak terlalu pikir gaji cuman the best office alhasil bos kantor enggak enak sama gue gaji gue selalu bonus naik gaji beberapa tahun tiba tiba gue cabut malah kasih sangon,2,Positif
Wed Jan 18 05:53:31 +0000 2023,fakta kayak punya rekan kerja bawah gen minta naik gaji dipromosiin minta minta ngerubah biasa buruk dijalanin enggak berapa lama balik bad habits nya tegur baik padahal kesan enggak terimafinally gue capek sorry sayang cut off,-4,Negatif
Wed Jan 18 05:03:54 +0000 2023,generasi atas susah banget cari kerja padahal memang mau kerja buat hidup eh malah gen leha mau gaji gede suruh coba bikin usaha sendiri mati kali problem banyak,-3,Negatif
Wed Jan 18 03:34:25 +0000 2023,gaji tak sesuai alas utama gen resign tempat kerja,1,Positif
Wed Jan 18 00:48:21 +0000 2023,aku sih terkadang miris lihat gen sering lihat medsos masalah kerja pengin gaji gede gilir enggak kerja salah perintah,3,Positif
Tue Jan 17 07:45:33 +0000 2023,survei jakpat mayoritas gen rencana resign tempat kerja gaji sesuai job desc,1,Positif
Tue Jan 17 06:47:22 +0000 2023,gen memang beda kerja kasi gaji pantas tiba beberapa hari enggak kabar enggak kerja masuk dihubungin enggak dicariin enggak ditanggepin sama sekali kereeeeeeeen,-1,Negatif
Tue Jan 17 00:54:55 +0000 2023,klean kaum gen anggap ipon icon sukses tau harga beras susu anak sih gue gaji digit beli hp atas juta kok rasa sayang banget,-1,Negatif
Sat Jan 14 04:22:32 +0000 2023,survey puas terima gaji gen platform twitter kira begini judul publikasi ri,3,Positif
Sat Jan 14 04:16:51 +0000 2023,ababil kalo gue sih percaya gen mau jadi pns tetangga gue kok jam stengah pergi ngabsen jam rumah ngedota sore balik buat ngabsen jalan hobby punya gaji tetap kata cari kerja gaji kecil perjadin mark up solusi,3,Positif
Sat Jan 14 02:30:59 +0000 2023,gen mau kerja perintah khawatir banyak startup mati terus kaget gaji perintah kecil,0,Netral
Wed Jan 11 19:41:13 +0000 2023,ekspektasi semua orang kayak bang enggak gen enggak gen o bukan masalah gaji sih sistem filter hrdnya banyak advrts lowong syarat pakai embel embel frsh graduate waktu face face hrd malah keluar kata alam,-7,Negatif
Tue Jan 10 17:44:31 +0000 2023,gen masalah kayak begini bain browsing coba kalo suruh kerja riil lifekek monyet salah melulu enggak mau googling cuma peduli terima gaji fix mindset anjing,-6,Negatif
Tue Jan 10 08:57:27 +0000 2023,iya gen goblok mau gaji gede lot kerja,-1,Negatif
Fri Jan 06 11:04:11 +0000 2023,i can not lah working with gen semua bende nak jadi issue simple things suka complicate kerja nak senang then komplen all day pastu demand bos nk gaji tiap hari okay tiap hari,3,Positif
Thu Dec 08 03:38:48 +0000 2022,gen ribut pengin gaji digit ng surabaya umk mayoritas orang gajine ng ngisor iku kabeh bawah malah tambah sabtu jek melbu sg gaji digit ketok akeh soale sering flexing online sg bawah umk neng,1,Positif
Wed Nov 09 14:56:15 +0000 2022,responden orang fik enggak tau cara ambil sampling soal sekadar threatnya gaji logika enggak mungkin punya rumah cara cash kayak enggak jadi gambar sih buat gen realitanya,-2,Negatif
Mon Oct 03 02:02:18 +0000 2022,gapapah eksploitasi penting sumber hidup jaman gen beda lama punya ingin era digital cari freelance sesuai bakat gaji cukup,-3,Negatif
Wed Sep 21 04:06:11 +0000 2022,keluh gen kaum mu ngeluh gaji juta kostannya juta makan ongkos skincare ngafe dkk,1,Positif
Tue Aug 23 07:13:33 +0000 2022,kemarin anes baru bilang ajak gen daftar pns soal gaji pns jakarta lebih gede gaji karyawan swasta urus gen mending urus internal dulu,2,Positif
Mon Aug 08 14:16:12 +0000 2022,naik mobil lu ye boomer anak millenial sama gen gaji umr banyak naik motor kendara umum krltransjakarta sok iye anjir rapat ngurai macet eh tempat rapat naik mobil masingmasing mikir jadi orang teh,6,Positif
Wed Jul 27 12:43:48 +0000 2022,betul masalah enggak semua orang jalan mulus gaji stabil take an example my parents rencanain kayak lama pandemi benar bikin chaos jadi terlalu menggeneralisir sih kalau bilang orang tua gen enggak aware sama dana didik,-5,Negatif
Tue Jul 19 10:36:08 +0000 2022,gen bilang kutu loncat padahal kan enggak salah mau cari gaji gede,-2,Negatif
Mon Jun 27 11:46:26 +0000 2022,banyak kak hasil teliti faktor buat gen pindah kerja enggak puas gaji promosi rekan kerja sikap atas komitmen orgnisasi ikat kerja kak maaf baru sempat baca jurnal,5,Positif
Sun Jun 05 18:01:48 +0000 2022,st workload guru sangat sangat sangat besar aka kau berkahwin kerjaya siang malam amp hujung mggu hadap kerja indak cabar besar sahsiah perilaku gen ibubapanya rd deh kahwin kerjaya gaji banyak labur kerja beli bahanbrg pdpc amp,1,Positif
Mon Apr 25 14:02:33 +0000 2022,red flag apa gue masuk golong gen mah mental tempe bro offering gaji benefit relatif bagus industri takut kena mental wkwkw,-3,Negatif
Fri Apr 22 11:52:54 +0000 2022,orang padahal issue gen enggak masalah kretipitas digitalisasi halhal fancy masalah milik rumah lapang kerja lalu masalah gaji dkk selalu luput,1,Positif
Sun Jan 09 06:22:22 +0000 2022,naini gen punya perkara malah millenial kena berapa banyak sih millenial sempat nya joget tiktok stres kerja gaji paspasan cari side hustle job kesana kemari biar punya tabung iya,0,Netral
Mon Nov 15 21:33:06 +0000 2021,survey generasi milenial gen lebih suka terima gaji pakai bitcoin cs ketimbang uang voi generasi muda gaji kripto bitcoin cs ketimbang uang bitcoin bisnis,0,Netral
Fri Jun 18 14:48:43 +0000 2021,lihat tiktok cah gen kok jumawa sama gaji percaya diri nunjukin nominal iya sih euforia gaji pertama fresh graduate jadi macam pride punya duit sendiri banding teman umur beberapa tahun depan endebra endebru mental illness kerja kantor,2,Positif
Wed Jun 09 15:15:46 +0000 2021,tahun lalu kondisi kantor mulai gonjang ganjing pandemi potong gaji mulai naik jadi karyawan gen mulai cabut sayang sih a enggak cabut umur hampir tahun,2,Positif
Tue Jun 08 17:09:38 +0000 2021,gen nih kadang gaji mau berapa kalo lifestyle enggak mau diturunin sama bodoh mau bal kayak mana kayak,0,Netral
Tue Jun 01 22:02:29 +0000 2021,milenial pusing beli rumah apa kabar gen mana usaha tiba asih lo gaji juta pas baru mulai kerja,3,Positif
Sun May 23 04:52:27 +0000 2021,makin hari memang zaman makin mudah luar masalah gaji kan memang nyata juta mudah tambah hari tahun depan gen bakal ngeluh zaman susah kok banding generasi baru,0,Netral
Sun May 16 03:33:22 +0000 2021,bm millenial amp gen malaysia bayar gaji minima gaji median tak rm sapa nak biak,-1,Negatif
Mon Apr 26 12:04:08 +0000 2021,tanggal makin dekat ceeekk anak ahensi budak korporat bahagiabahagianya hitung hari milennials amp gen punya pola belanja online bulan sekali siap hempas gaji mau beli apa bulan iniiii,-1,Negatif
Sat Apr 24 00:28:53 +0000 2021,tulah pasal pastu kau marah budak budak zaman sekarang marah gen deh tak suka tuntut ilmu budak budak baru habis spm citacita nak jadi engineer kau discourage suruh jangan apply course engineering gaji kat malaysia underpaid,-2,Negatif
Fri Apr 23 13:04:49 +0000 2021,stereotip kerja enak gaji gede orang tahun an manager pns akuntan kerja benar benar ideal buat gen banyak ideal kerja lebih eksploratif amp fleksibel biasa industri kreatif bagi orang rlly sucks,8,Positif
Thu Apr 22 09:13:37 +0000 2021,naikin gaji editor creker gila edit benar benar bikin kayak anak gen cuyyyyyyy,-2,Negatif
Wed Apr 14 09:00:08 +0000 2021,moga gen jadi tenaga didik aware sama siswa jangan cuma mau gaji,2,Positif
Tue Mar 16 05:47:59 +0000 2021,moga benar intern jangan gaji cuil kasih tanggung jawab tinggi makmur asam lambung naik testis panas banyak duduk lembur jangan gen cepat mati bahkan susah hasil turun,0,Netral
Tue Mar 16 05:43:02 +0000 2021,ampun umur gen bakal pendek kaya baru mulai kerja gaji cuil tanggung jawab gede makmur kagak asam lambung bikin ledak meni susah punya anak sperma habis banyak duduk lembur,-1,Negatif
Mon Feb 22 03:30:12 +0000 2021,millennial freshgrad freshgrad sekarang mah rata bukan millennial gen jelas opini bos ahensi lokal enggak tau gaji rata freshgrad naik gaji karyawan kantor sendiri,0,Netral
Sun Feb 14 15:00:25 +0000 2021,lets confuse gen gaji ora umum ora umum,0,Netral
Sun Feb 14 06:11:59 +0000 2021,hati iya kerja hasil gaji segitu mayoritas bukan job kantor employee tetap enggak relate malah jadi kabar baik buat gen sekolah paham content creating makanya early banyak lihat hasil,5,Positif
Sun Jan 17 03:50:57 +0000 2021,harap socalled gen jadi bos nih tak kira lah nak gaji mahal,2,Positif
Sat Jan 16 01:24:56 +0000 2021,gue lihat fresh grad jaman sekarang naik enggak signifikan banding gue padahal selisih tahun biaya hidup lumayan naik gaji gue middle stuck millennial dulu kutu loncat mulai mikir beberapa kali kena krisis jadi mikir sekarang gen challenge nya beda banget,0,Netral
Mon Jan 11 12:12:44 +0000 2021,plisss at this rate gaji gue bills semua begini banget jadi gen,-1,Negatif
Wed Jan 06 05:53:26 +0000 2021,gaji pertama orang tua,-1,Negatif
Thu Dec 31 13:39:09 +0000 2020,terimakasih banyak kakak cantik lantas guru boleh kejar pns gaji tunjang tugas cerdas generasi bangsa tantang gen bagaimana cerdas ampu tugas cerdas sejahtera,-2,Negatif
Mon Jul 13 09:53:57 +0000 2020,mana jilat pilih wakil deh nak mampus macamnidahlah lapuk buruk takboleh pakai pastu tak professional and tak sophisticated tua bangka mulut bau gigi reput nih korang sanjung rethink ur choices gen this is all goverment gaji orang bukan murah rakyat bayar,-9,Negatif
Mon Nov 20 23:42:01 +0000 2023,nah kandani kok angka lihat sehat mental generasi lahir lebih rentan rapuh banding generasi milenial lahir boomers lahir,2,Positif
Mon Nov 20 08:50:19 +0000 2023,nyata sehat mental gen lebih lemah generasi milenial boomers,0,Netral
Sat Nov 18 23:07:08 +0000 2023,sehat mental generasi lebih rapuh banding milenial boomers,0,Netral
Tue Nov 14 11:19:09 +0000 2023,adu gagas ganjar vs prabowo sehat mental generasi sorot penting sehat mental damping bidang isu sehat mental sering abai banyak pihak atas sehat mental generasi,-5,Negatif
Tue Nov 14 06:20:21 +0000 2023,orangtua arsjad rasa sedih lihat lonjak kasus sebut kalang generasi tegas penting saling peduli sehat mental arsjadrasjid ketua tpn ganjar mahfud mentalhealth inklusifkolaboratif,-2,Negatif
Tue Nov 14 06:20:08 +0000 2023,arsjad rasjid suara prihatin tingkat kasus sebut kalang generasi tekan perlu perhati intens kondisi sehat mental arsjadrasjid ketua tpn ganjar mahfud mentalhealth inklusifkolaboratif,1,Positif
Tue Nov 14 02:17:20 +0000 2023,rangka hari sehat nasional ikut seminar hybrid a about school bullying jemput generasi emas bebas bullying sama profesional alam bidang sehat mental didik indonesiaampmalaysia tanggal november,-3,Negatif
Fri Nov 10 03:54:43 +0000 2023,pengin bikin artikeljurnal pengaruh tiktok sehat mental fokus lebih objektif generasi segmentasi nya mbak mbak sering teriak bundir buah studi kasus aku kalo nemu cewek enggak pengaruh damn its a good example,2,Positif
Thu Oct 26 07:37:02 +0000 2023,ganjarmahfudfriendly peduli generasi milenial serius tangan sehat mental calon presiden ganjar pranowo mahfud md laku beberapa kali temu anak muda serap aspirasi generasi utama aspirasi kena,-3,Negatif
Wed Oct 11 10:19:42 +0000 2023,generasi punya contoh bagus ganjar pranowo soal peduli sehat mental ganjar presiden,0,Netral
Mon Aug 14 10:55:04 +0000 2023,anak psikolog mending judul skripsi pengaruh sopi cocok sehat mental generasi ajadeh soal bikin emosi banget anjir,-1,Negatif
Sun May 29 07:08:17 +0000 2022,army jangan lupa malam live instagram ahcidn penasaran apa sih gen bagaimana sehat mental generasi pokok malam bahas jadi jangan lupa,-5,Negatif
Sun May 08 16:44:40 +0000 2022,gen memang generasi paling uras emosi pola pikir nya generasi kalian hidup makin mahal sulit tahi kucing kalian arti makna sehat mental tuh enggak,1,Positif
Sun May 08 16:41:24 +0000 2022,sih paling aware sehat mental over asumsi kalimat utama generasi,-3,Negatif
Mon Jan 17 12:56:41 +0000 2022,iya ahli jiwa bakal banyak minta generasi ikut sadar sehat mental penting,-2,Negatif
Tue Dec 21 00:19:15 +0000 2021,random thoughts mungkin gara-gara generasi baby boomers banyak nikah muda jadi siap mental terus enggak obat sadar kalau penting jadi rembet gen lanjut akhir gen alhamdulillah sih gen banyak sadar sehat jiwa penting,-4,Negatif
Sun Oct 11 14:21:38 +0000 2020,generasi notabene generasi paling banyak alami ganggu sehat mental saling dukung satu sama perlu tunggu orang tindak jadi orang awal,-1,Negatif
Sun Oct 11 14:08:38 +0000 2020,masa sangat pengaruh sehat mental ada pandemi covid sehat mental jadi siapa masuk generasi who stres muncul selam amasa pandemi covid upa,-4,Negatif
Sun Oct 11 13:30:18 +0000 2020,teliti apa uji oleh hasil banyak persen generasi punya gejalagejala emosional maupun fisik kait stres depresi ganggu cemas stres faktor besar sebab buruk sehat mental generasi,-5,Negatif
Sun Oct 11 13:30:17 +0000 2020,tuntut hidup dampak stres lebih dampak ganggu sehat mental lebih buruk lalu berapa besar pengaruh mental health generasi,-4,Negatif
Sun Oct 11 13:26:31 +0000 2020,generasi perlu sadar sebut kerja satu sama sebar penting sehat mental hidup saat remaja lebih baik,2,Positif
Sun Oct 11 13:26:28 +0000 2020,generasi muda sekarang sebut generasi mulai erti peduli sehat mental diri sendiri mulai sadar penting sehat mental apa efek sehat mental rusak,-3,Negatif
Sun Oct 11 11:20:52 +0000 2020,maju teknologi pengaruh sehat mental generasi generasi rasa stres akibat informasi tak bendung sekitar terkadang manfaat dunia maya tempat lari nyata buat mental generasi jadi buruk,-6,Negatif
Sun Oct 11 10:44:20 +0000 2020,sehat mental sangat penting generasi kena dampak buruk maju teknoloi masa kini perhati orang tua jadi filter baik era digital rizkinaswara,-4,Negatif
Sun Oct 11 09:59:01 +0000 2020,jaga sehat mental sangat penting laku mental sehat pengaruh tingkat produktivitas orang sehariharinya utama generasi sekarang sehat mental terkadang kurang perhati sibuk seharihari,0,Netral
Sun Oct 11 09:53:46 +0000 2020,tingkatstresstinggi mudah akses informasiself harm kondisi media sosial sangat bebas makin sulit kendali maraknyacyberbulliying sebab buat generasi punya kondisi sehat mental buruk,2,Positif
Sun Oct 11 09:53:45 +0000 2020,penelitianamerican psychological associationapa tahun judul stres america generation generasi kelompok manusia kondisi sehat mental buruk banding generasigenerasi,-2,Negatif
Sun Oct 11 09:43:51 +0000 2020,tingkat stres tinggi picu besar mungkin generasi milik kondisi sehat mental buruk sakit mental lain sering kali alami generasi rasa takut panik trauma depresi lain,-9,Negatif
Sun Oct 11 09:43:50 +0000 2020,bicara masalah sehat mental teliti american psychological association apa judul stres america generation remaja usia tahun kelompok kondisi sehat buruk banding generasigenerasi lain,-6,Negatif
Sun Oct 11 09:41:17 +0000 2020,kondisi psikologis dampak buruk sehat mental generasi bukan sebab laku sendiri tahun jadi krisis ekonomi global sebar seluruh dunia pengaruh mental generasi,-7,Negatif
Sun Oct 11 09:36:44 +0000 2020,buah utas mental health sehat mental generasi mentalhealth takecareofyourself loveyourself,0,Netral
Sun Oct 11 09:36:43 +0000 2020,urai masalahmasalah mental kalang generasi terus bangsa masalah sehat metal bukan cuma hisapan jempol belaka tahu partisipasi aktif perintah sangat butuh warga negara khusus generasi,-5,Negatif
Sun Oct 11 09:36:14 +0000 2020,banyak orang pikir sehat fisik benar sehat sehat mental kejiawaan sehat mental saangat perlu perhati sekarang banyak generasi sehat mental sering ganggu,0,Netral
Sun Oct 11 09:36:13 +0000 2020,penting sehat mental masa sekarang utama generasi thread loveyourself adhikara mabaub rajabrawijaya kitasatubrawijaya kreasinyatabrawijayans,-1,Negatif
Sun Oct 11 09:34:58 +0000 2020,sehat mental parah kondisi alami generasi milenial muda teliti teori masalah picu akses ponsel pintar kurang waktu tidur riset amat data national survey on drug use and health amerika serikat,-5,Negatif
Sun Oct 11 09:33:43 +0000 2020,gen milik sehat mental buruk semua generasi siap pernah alami krisis inimenurut whi masalah mental healt muncul generasi masa pandemic khawatir soal sehat keluarga,-6,Negatif
Sun Oct 11 09:30:40 +0000 2020,bicara kena sehat bukan fisik sajakesehatan mental masa sekarang sangat penting perhati khusus generasi who papar generasi lebih rentan kena ganggu mental,-7,Negatif
Sun Oct 11 09:29:01 +0000 2020,sehat mental generasi who world health organization sebut generasi orangorang lahir rentang tahun lebih rentang terkenamental illnessatau ganggu mental,-1,Negatif
Sun Oct 11 09:23:10 +0000 2020,teliti american psychologi assaciation apa tahun judul stres america generation anak muda usia tahun kelompok manusia kondisi sehat mental buruk banding generasigenerasi belum,-4,Negatif
Sun Oct 11 09:23:09 +0000 2020,usia muda tahun kelompok manusia kondisi sehat mental buruk banding generasi belum generasi generasi milik gejala emosional maupun fisik kait stres,-4,Negatif
Sun Oct 11 09:23:06 +0000 2020,sehat mental pengaruh cara orang pikir ting paling kecil zaman sekarang generasi lebih peka sadar mental health,0,Netral
Sun Oct 11 09:23:04 +0000 2020,penting sehat mental generasi sehat mental pengaruh giat produktivitas misal mudah bawa suasana hati suatu tindak sifat kritik sulit fokus kerja mudah terdistraksi,0,Netral
Sun Oct 11 09:23:03 +0000 2020,mental health generation stres sebab buruk sehat mental generasi generasi sikap proaktif paham kondisi sehat mental sendiri adhikara mabaub rajabrawijaya kitasatubrawijaya kreasinyatabrawijayans,-4,Negatif
Sun Oct 11 09:22:56 +0000 2020,ganggu sehat fisik sebut sangat ganggu sehat mental utama geneasi sangat rentan ganggu mental sebut sebab usia sangat muda banding generasi lain,-7,Negatif
Sun Oct 11 09:22:56 +0000 2020,sehat mental kait revolusi mental generasi perintah sedang gerak program gera nasional revolusi mental gera bentuk rangka baik bangun karakter bangsa indonesia,1,Positif
Sun Oct 11 09:22:50 +0000 2020,ganggu sehat mental benarbenar perhati utama kaum generasi apabila ganggu sehat mental sebab komplikasi serius salah satu asa bahagia hidup,-6,Negatif
Sun Oct 11 09:22:44 +0000 2020,seru kena mental health sangat penting generasi sehat mental ganggu selalu ingat bukan sehat fisik perhati sehat mental sangat perlu perhati,-3,Negatif
Sun Oct 11 09:22:31 +0000 2020,fakta alami anak muda sebut sangat prihatin perlu ada sosialisasi penting sadar sehat mental generasi perlu sikap proaktif paham kondisi mental sendiri masalah bagi orang kamu percaya,-3,Negatif
Sun Oct 11 09:22:21 +0000 2020,penting sehat mental generasi sama isu sehat mental sedang hype bicara anakanak muda zaman kini gen milik ciriciri open minded tak kaget topik rupa suatu obrol penting,0,Netral
Sun Oct 11 09:22:20 +0000 2020,hubung positif orang sehat mental sangat penting generasi kerja produktif laku halhal positif mungkin nikmat hidup seharihari harga orang,4,Positif
Sun Oct 11 09:22:18 +0000 2020,penting mental health generasi sedikit orang cemas khawatir stres masa karantina sehat mental orang utama generasi rupa penting sehat mental pegang peran penting sorang mampu,-6,Negatif
Sun Oct 11 09:22:18 +0000 2020,sehat mental sangat penting masa sekarang utama generasi zgenerasi rupa generasi generasi didefenisikan orangorang lahir rentang tahun lahir,0,Netral
Sun Oct 11 09:22:17 +0000 2020,deh aku pesan aku generasi selalu sehat mental masingmasing peduli sehat mental sama rupa salah satu upaya cinta diri sendiri loveyourself,-2,Negatif
Sun Oct 11 09:22:15 +0000 2020,kembang teknologi pengaruh loh sehat mental generasi contoh hidup sosial media tak banyak remaja usaha keras punya eksistensi dunia maya,1,Positif
Sun Oct 11 09:22:14 +0000 2020,sedang stres banyak masalah banyak tugas mungkin hehehe langsung nih bahas sehat mental generasi generasi notabene sekarang remaja,-5,Negatif
Sun Oct 11 09:22:12 +0000 2020,halo temanteman thread kali aku bahas penting mental health masa sekarang utama generasi bahas lebih lanjut kalian tahu apa sehat mental,2,Positif
Sun Oct 11 09:22:11 +0000 2020,mental health sehat mental jadi sangat penting jaga zaman sekarang utama anakanak muda sering sebut generasi,-1,Negatif
Sun Oct 11 09:22:00 +0000 2020,mental health sehat mental masa sekarang khusus generasi sangat penting lebih situasi sangat meprihatinkan akibat ada pandemi covid sebut harus ajar mahasiswa ajar online daring rumah,-1,Negatif
Sun Oct 11 09:20:15 +0000 2020,kondisi psikologis sehat mental generasi baik anggap banyak orang teliti apa tahun anak muda usia tahun kelompok manusia kondisi sehat mental buruk banding generasigenerasi lain,-6,Negatif
Sun Oct 11 09:19:56 +0000 2020,jenis masalah sehat mental umum jadi generasi depresi cemas who nyata ganggu mental emosional memang umum jadi usia tahun bagai kasus bunuh diri rupa akibat masalah sehat remaja,-6,Negatif
Sun Oct 11 09:19:55 +0000 2020,sehat mental pegang peran penting diri remaja generasi mana rupa fase alih anak tuju dewasa jadi banyak ubah mulai ubah fisik hormonal kognitif cerdas emosi perilaku,-1,Negatif
Sun Oct 11 09:19:50 +0000 2020,nama wangi delita fakultas mipa jurus kimia cluster sehat mental sejahtera psikologi jiwa orang sehat mental diri orang pengaruh sehat fisik generasi jaga sehat mental era sekarang,-1,Negatif
Sun Oct 11 09:19:48 +0000 2020,akhir solusi penting sehat mental generasi muda indonesia mungkir apabila generasi memang jadi niscaya depresi beda sakit lain butuh obat obat depresi laku cara,-11,Negatif
Sun Oct 11 09:19:43 +0000 2020,masyarakat utama generasi perhati jaga sehat mental masingmasing generasi jadi generasi terus bangsa stay safe stay healthy and stay strong,-3,Negatif
Sun Oct 11 09:19:41 +0000 2020,inti ambil jaga sehat mental sangat pentingterlebih apabila generasi hadap dinamika hidup modern milik tekan mental sangat luar biasa,1,Positif
Sun Oct 11 09:19:39 +0000 2020,indonesia mental health dengar sangat tabu bahas padahal american psychological association apa anak muda usia tahun kelompok manusia generasi kondisi sehat mental buruk banding generasigenerasi lain,-4,Negatif
Sun Oct 11 09:19:11 +0000 2020,generasi darurat mental sehat a thread nama fatimatun zahro akhiyar fakultas ilmu sosial ilmu politik prodi ilmu perintah cluster,2,Positif
Sun Oct 11 09:19:05 +0000 2020,remeh penting sehat mental generasi muda generasi nanti jadi generasi terus bangsa saat sadar penting jaga sehat mental baik diri sendiri lingkung,-7,Negatif
Sun Oct 11 09:19:04 +0000 2020,mental health generasi selalu jadi sorot lebih banyak sedang alami ganggu sehat mental,-2,Negatif
Sun Oct 11 09:18:59 +0000 2020,awat didik kerja generasi beri dampak positif sehat mental bahkan beri awat sama ahli sehat mental awat tetap bantu pasien,5,Positif
Sun Oct 11 09:18:58 +0000 2020,meski beban mental hadap generasi benarbenar berat tetap cara tanggulang beban sebut lansir unicef indonesia ikut beberapa cara jaga sehat mental tengah pandemic covid,-2,Negatif
Sun Oct 11 09:18:53 +0000 2020,generasi rupa generasi terus bangsa tetap jaga sehat mental fisik,0,Netral
Sun Oct 11 09:18:48 +0000 2020,tunjuk detik dapat satu orang laku bunuh diri seluruh dunia bahkan bunuh diri jadi sebab mati besar dua usia tahun data atas simpul generasi generasi milenial milik sehat mental,-6,Negatif
Sun Oct 11 09:18:42 +0000 2020,semua muncul cenderung sakit diri bahkan bunuh diri generasi rentan alami ganggu sehat mental angka bunuh diri muda lihat terus naik ubah gaya hidup teknologi turut pengaruh sehat jiwa generasi muda,-14,Negatif
Sun Oct 11 09:18:33 +0000 2020,pemaparanpemaparan sebut tunjuk generasi tak dekat teknologi dekat kondisi sehat mental buruk bagai mudah akses informasi teknologi hingga caracara komunikasi justru punya efek samping rugi,-1,Negatif
Sun Oct 11 09:18:11 +0000 2020,lanjut kembang penting sadar sehat mental generasi harap mampu jadi terus aksi baik selamat banyak orang sebut lantai,2,Positif
Sun Oct 11 09:16:36 +0000 2020,generazi generasi teknologi canggih sehat utama kalian khusus mental health banyak alami mental health generasi jangan terlalu nilai kurang orang,-5,Negatif
Sun Oct 11 09:16:35 +0000 2020,mental health suatu masalah sehat penting diri bagaimana cara atas mengalani mental health bagaimana tangan kali aku bahas solusi generasi alami mental health,-2,Negatif
Sun Oct 11 09:16:34 +0000 2020,ringkas penting mental health generasi sehat rupa topik tang kaji integral bahas sakit fisik sakit mental sehat mental dapat perhati khusus,-1,Negatif
Sun Oct 11 09:15:37 +0000 2020,generasi sehat mental sangat penting kondisi mental sehat ajar kerja aktivitas hadap masalah baik,-1,Negatif
Sun Oct 11 09:15:36 +0000 2020,stres rupa faktor besar sebab ganggu sehat mental anakanak generasi zstres akibat guna sosial media berlebihankarena anakanak generasi lebih sering interaksi guna gadget lalu media sosial,3,Positif
Sun Oct 11 09:15:34 +0000 2020,generasi terus bangsa lebih perhati sehat diri baik fisik maupun mental sehat mental penting,-1,Negatif
Sun Oct 11 09:15:31 +0000 2020,kondisi sehat mental generasi perlu sekali perhati adapun cara cegah sehat mental generasi bagi dengankeluargamaupun teman hadap masalah alih pikir positif olahraga,-2,Negatif
Sun Oct 11 09:15:27 +0000 2020,teliti americanpsychological associationapa tahun judul stres america generation anak muda usia tahun kelompok manusia kondisi sehat mental buruk banding generasigenerasi lain,-4,Negatif
Sun Oct 11 09:15:27 +0000 2020,sehat mental sangat penting utama generasi zkesehatan mental ada orang fungsi tingkat sesuai emosi perilaku muas,3,Positif
Sun Oct 11 09:15:17 +0000 2020,sehat mental sangat dekat generasi fase dewasa muda remaja akhir alami jadi salah satu faktor percaya hilang cari selalu perlu adaptasi apa lihat mata bukan jadi hati jadi jangan,-6,Negatif
Sun Oct 11 09:15:15 +0000 2020,penting mental health era pandemi generasi sehat segi fisik sehat arti tentangkesehatanjiwa persoalankesehatanjiwa anggap kalah penting banding sehat fisik,-3,Negatif
Sun Oct 11 09:15:11 +0000 2020,solusi ganggu sehat mental generasi laku obat pau gionfriddo pesident ceo mental health america kata obat depresi upa konseling datang psikologi meditasi laku halhal menenagkan jiwa,-5,Negatif
Sun Oct 11 09:15:09 +0000 2020,nama agista risky meylandari fakultas ilmu administrasi jurus administrasi publik cluster mental health dampak wabah covid sehat mental generasi gen generasi paling keras hantam ada pandemi covid,-5,Negatif
Sun Oct 11 09:15:08 +0000 2020,mental health arti sehat mental rupa ada orang sehat penuh ada sempurna baik fisik mental maupun sosial ada sangat pengaruh psikologis orang khusus generasi,2,Positif
Sun Oct 11 09:15:02 +0000 2020,mental health generasi beberapa tahun akhir makin banyak aku penting sehat mental khusus generasi zaman serba mudah jajah media sosial kesahatan mental generasi tahap dadurat,-2,Negatif
Sun Oct 11 09:15:01 +0000 2020,sering jumpa ganggu sehat mental masyarakat utama generasi utama akhirakhir ada pandemi covid,-2,Negatif
Sun Oct 11 09:14:57 +0000 2020,mental health generasi sehat mental kondisi batin ada tenang mungkin nikmat hidup tiara dokter hewan cluster adhikara mabaub rajabrawijaya kitasatubrawijaya kreasinyatabrawijayans,0,Netral
Sun Oct 11 09:14:56 +0000 2020,generasi sangat rentan masalah sehat mentalmenurut teliti apa generasi milik gejalagejala emosional maupun fisik kait stres depresi ganggu cemas,-7,Negatif
Sun Oct 11 09:14:50 +0000 2020,tantang jaga sehat mental tengah pandemi lebih berat hadap generasi dasar survey ada apa american psychological association generasi lebih mudah serang psikis tuntut dunia kreatif makin,-2,Negatif
Sun Oct 11 09:14:48 +0000 2020,penting mental health generasi mental health generasi belum sahabat milenialku tahu apa mental health kata mental artimya pribadi watak jiwa health arti sehat,-2,Negatif
Sun Oct 11 09:14:42 +0000 2020,maupun fisik kait stres depresi ganggu cemas stres faktor besar sebab buruk sehat mental generasi beberaba masalah sehat timbul akibat stres rawan jadi generasi insomnia lelah,-12,Negatif
Sun Oct 11 09:14:41 +0000 2020,sehat mental generasi era pandemi a thread,-2,Negatif
Sun Oct 11 09:14:26 +0000 2020,generasi guna aktif media sosial cerdas bijak media sosial sehat mental,2,Positif
Sun Oct 11 09:14:10 +0000 2020,penting mental health generasi banyak abai bahkan mau aku diri sendiri sehat mental ganggu,-5,Negatif
Sun Oct 11 09:13:19 +0000 2020,saat sehat mental jadi perhati serius semua generasi manfaat gadget punya akses informasi sosialisasi webinar penting sehat mental jaga diri sayang diri,-2,Negatif
Sun Oct 11 09:13:14 +0000 2020,semua dampak positif dapat banyak dampak negatif teknologi ini buat masalahmasalah datang hampir generasi khusus masalah sehat mental,-4,Negatif
Sun Oct 11 09:13:13 +0000 2020,masalah solusi sehat mental generasi nama tutur anggoro jati fakultas ekonomi bisnis jurus manajemen cluster a thread adhikara mabaub rajabrawijaya kitasatubrawijaya kreasinyatabrawijayans loveyourself,0,Netral
Sun Oct 11 09:11:17 +0000 2020,salam satu brawijaya generasi sebut generasi muda bangsa patut milik sehat mental psikis baik tetap pikir positif tahan emosi,0,Netral
Sun Oct 11 09:11:13 +0000 2020,masa pandemi rupa krisis global besar tak dampak sehat fisik pengaruh kondisi mental orang salah satu generasi kena dampak mahasiswa,-6,Negatif
Sun Oct 11 09:11:04 +0000 2020,penelitianamerican psychological associationapa tahun judul stres america generasi anak muda usia tahun kelompok manusia kondisi sehat mental buruk banding generasigenerasi lain,-5,Negatif
Sun Oct 11 09:11:02 +0000 2020,internet buat kondisi sehat mental generasi makin buruk papar atas patah stigma anakanak muda punya tingkat stres lebih rendah ketimbang orang dewasa,-2,Negatif
Sun Oct 11 09:11:02 +0000 2020,penting sehat mental generasi sahid rijal fakultas ilmu administrasi program studi administrasi publik cluster,1,Positif
Sun Oct 11 09:10:59 +0000 2020,banyak manusia fokus perhati ada fisik benar sehat mental tak kalah penting perhati khusus generasi adhikara mabaub rajabrawijaya kitasatubrawijaya kreasinyatabrawijayans mentalhealthday,-1,Negatif
Sun Oct 11 09:10:59 +0000 2020,kondisi sehat mental generasi sangat perlu jadi perhati banyak pihak laku cegah halhal buruk jadi depresi stres,-4,Negatif
Sun Oct 11 09:10:57 +0000 2020,generasi promosi penting sehat mental hidup tahu sehat mental perlu kembang kalang masyarakat semua jadi warga cerdas bangsa negara,0,Netral
Sun Oct 11 09:10:55 +0000 2020,kondisi sehat mental generasi perlu jadi perhati generasi dekat teknologi hingga punya akses informasi luas perlu sikap proaktif paham kondisi sehat mental banyak bacain generasi perlu manfaat akses,6,Positif
Sun Oct 11 09:10:54 +0000 2020,hidup temu kenyam lari diri fantasi isi waktu maupun kosong emosional generasi manfaat dunia virtual tempat lari hidup nyata internet buat kondisi sehat mental,-1,Negatif
Sun Oct 11 09:10:51 +0000 2020,jaga sehat mental laku positif produktif inovatif kreatif menuat senang ita wujud generasi mental sehat,3,Positif
Sun Oct 11 09:10:49 +0000 2020,bagaimana ada sehat mental generasi nytanya american psychological association tahun judul stres america generation anak muda usia tahun manusia denga kondisi sehat buruk banding generasi lain,-5,Negatif
Sun Oct 11 09:10:48 +0000 2020,thread halo nama anisah shabira shaleh cluster fakultas teknik jurus teknik elektro hari aku bahas penting sehat mental gernerasi tentu sehat mental sangat penting generasi,-2,Negatif
Sun Oct 11 09:10:45 +0000 2020,ganggu jiwa khusus generasi inigangguan sehat mental sering jadi generasi depresi suatu ganggu hilang akal sehat akibat tekan berat alami orang skizofrenia penyalahgunaan napza lainlain,-5,Negatif
Sun Oct 11 09:10:42 +0000 2020,walaupun masyarakat peleh kondisi mental generasi stigma indonesia kena sehat mental sakit mental tinggi banyak orang perhati diri mulai puruk perlu bantu jiwa medis,-2,Negatif
Sun Oct 11 09:10:38 +0000 2020,zaman sekarang sehat mental sangat penting generasi siap lihat tandatanda ganggu diri orang dapat tolong tepat,-1,Negatif
Sun Oct 11 09:10:35 +0000 2020,generasi rupa usia produktif jaga sehat mental baik hindar stres laku halhal positif manfaat lebih masa pandemic covid,3,Positif
Sun Oct 11 09:10:32 +0000 2020,milik sadar penting sehat mental jaga sehat mental ganggu generasi generasi terus bangsa milik peduli sehat mental,-1,Negatif
Sun Oct 11 09:10:31 +0000 2020,generasi kenal teknologi canggih sejak kecil langsung teknologi pengaruh pribadi beberapa orang siap hadap pesat kembang teknologi dampak buruk sehat mental,-1,Negatif
Sun Oct 11 09:10:25 +0000 2020,generasi milennial lebih waspada sehat mental rasa alami gejala gejala atas langsung konsultasi dokter maupun psikiater,-1,Negatif
Sun Oct 11 09:10:23 +0000 2020,faktor besar sebab buruk sehat mental generasi stres,-4,Negatif
Sun Oct 11 09:10:21 +0000 2020,sehat mental generasi pengaruh faktor ubah hidup guna media sosial guna media sosial ini sangat pengaruh sehat mental generasi media sosial cipta gaya hidup ideal sesuai nyata,4,Positif
Sun Oct 11 09:10:20 +0000 2020,bicara penting sadar sehat mental generasi sangat pengaruh langsung masa depan kelak bukan masa depan masa depan negara langsung hidup negara,0,Netral
Sun Oct 11 09:10:18 +0000 2020,nama achmad zinky fakultas ftp jurus tep cluster sehat mental baik sangat penting jaga utama generasi terus bangsa mentalhealth adhikara mabaub rajabrawijaya kitasatubrawijaya kreasinyatabrawijayans,-1,Negatif
Sun Oct 11 09:10:13 +0000 2020,fakta satu generasi generasi lain selalu muncul nama ganggu sehat mental salah satu generasi banyak orang tua sadar anak bagi masuk generasi sedang alami ganggu sehat mental,-13,Negatif
Sun Oct 11 09:10:13 +0000 2020,beberapa jadi atas generasi sadar bahawa pentingya selalu jaga sehat mental mudah akses suatu informasi manfaat baik baik,0,Netral
Sun Oct 11 09:10:07 +0000 2020,generasi selaras sehat fisik sehat mental nasihat diri pribadi alir generasi semua harus tahu langkah upaya laku buat mental rasa sehat selalu,-4,Negatif
Sun Oct 11 09:10:07 +0000 2020,mental health sangat peran penting kembang generasi sehat mental bina baik bukan mungkin makin banyak anakanak indonesia khusus generasi bangga indonesia,-1,Negatif
Sun Oct 11 09:09:58 +0000 2020,generasi bisa mungkin jaga sehat mental lalu jaga sehat mental sangat penting sehat mental pengaruh bagai hidup,-1,Negatif
Sun Oct 11 09:09:55 +0000 2020,sehat mental masa sekarang generasi vira febriana putri fakultas ilmu sosial ilmu politik jurus hubung internasional cluster presentasi pasar agen sparks honey tahun rentang umur generasi,-2,Negatif
Sun Oct 11 09:09:41 +0000 2020,nah simpul generasi perlu guna teknologi bijak rugi diri sendiri orang ajar harga orang jangan orang rasa intimidasi sehat mental bukan sepele,-4,Negatif
Sun Oct 11 09:09:36 +0000 2020,badan sehat duniawho generasi mudagenerasi sangat rentan kena ganggu mental akibat banyak ubah sesuai jadi baik psikologis emosional maupun finansial,-4,Negatif
Sun Oct 11 09:09:30 +0000 2020,paham penting sehat mental harap bantu khusus generasi motivasi jaga langsung hidup sejahtera fungsi baik hindar ganggu mental,-1,Negatif
Sun Oct 11 09:09:29 +0000 2020,milik tahu sehat mental milik erti generasi muda utama generasi sekarang mulai pasuk usia produktif,1,Positif
Sun Oct 11 09:09:27 +0000 2020,jadi relax mudah singgung cemas gelisah marah jalan rutinitas hari produktif penting jaga sehat mental sejak dini paham generasi masuk peduli sehat fisik,-4,Negatif
Sun Oct 11 09:09:27 +0000 2020,teliti apa oleh hasil banyak generasi punya gejalagejala emosional maupun fisik kait stres depresi ganggu cemas stres faktor besar sebab buruk sehat mental generasi,-7,Negatif
Sun Oct 11 09:09:26 +0000 2020,generasi mulai paham sehat mental sebut bila benar benar alami ganggu sehat mental jangan anggap buah aib justru rangkul beri dukung ganggu sehat mental jiwa sendiri sembuh,-4,Negatif
Sun Oct 11 09:09:26 +0000 2020,generasi anggap diri milik mental rusak banyak studi kasus anggap generasi sering laku selfdiagnose sehat mental selfdiagnose buat cemas diri sendiri,-2,Negatif
Sun Oct 11 09:09:24 +0000 2020,sehat mental generasi zaman generasi maju teknologi informasi sangat pesat jadi tantang generasi teknologi informasi selalu isi positif,-3,Negatif
Sun Oct 11 09:09:19 +0000 2020,kondisi sehat mental generasi sangat perlu perhati kaji ilmiah kena sebab kondisi psikologi perlu kembang sosialisasi kena penting sadar sehat mental,1,Positif
Sun Oct 11 09:09:14 +0000 2020,rangka atas ganggu sehat mental generasi peran orang tua rupa utama controlling paling utama dapat psikologi media konsultasi terapi sehat mental kemudian susul guru bimbing konseling,-1,Negatif
Sun Oct 11 09:09:14 +0000 2020,canggih teknologi jadi titik balik generasi manfaat teknologi bijak guna teknologi informasi lebih sebab ganggu sehat sedikit alami ganggu sehat mental,-4,Negatif
Sun Oct 11 09:09:07 +0000 2020,generasi tau betapa penting sehat mental indonesia masalah sehat mental banyak sepele orangorang anggap penting suatu gejalagejala ganggu mental justru anggap sebut masalah biasa,-4,Negatif
Sun Oct 11 09:09:06 +0000 2020,teliti american psyhcological association tahun judul stres america generation remaja usia tahun kelompok manusia kondisi sehat mental buruk banding generasi belum,-3,Negatif
Sun Oct 11 09:06:01 +0000 2020,masa pandemi jaga sehat mental penting capai sehat psikologis generasi tahan diri ganggu mental landa,-4,Negatif
Sun Oct 11 09:03:08 +0000 2020,sehat fisik memang penting hidup manusia sehat mental tak kalah penting sehat fisik utama generasi pimpin masa depan bangsa,-1,Negatif
Sun Oct 11 09:03:04 +0000 2020,sehat mental penting utama generasi nama zuhlia dwi listiani fakultas ikan ilmu laut prodi agrobisnis ikan cluster adhikara mabaub rajabrawijaya kitasatubrawijaya kreasinyatabrawijayans a thread,0,Netral
Sun Oct 11 09:03:03 +0000 2020,generasi calon terus bangsa jaga diri orang gangguangangguan mental sebut kait makna hidup sehat mental telusur sumber utama makna hidup sehat mental sendiri,0,Netral
Sun Oct 11 09:02:52 +0000 2020,generasi pantas jaga sehat mental mental sehat positif sangat penting diri mungkin kerja produktif,0,Netral
Sun Oct 11 09:02:50 +0000 2020,generasi generasi definisi orangorang lahir tahun umum tahun lahir sebut generasi muda bangsa sehat mental sangat penting generasi,-1,Negatif
Sun Oct 11 09:02:47 +0000 2020,umum generasi notabene ajar jaman now sangat butuh banget nama sehat mental,-1,Negatif
Sun Oct 11 09:02:44 +0000 2020,teliti american psychological association apa tahun judul stres america generation anak muda usia tahun kelompok manusia kondisi sehat mental buruk banding generasigenerasi lain,-5,Negatif
Sun Oct 11 09:02:43 +0000 2020,masalah ganggu sehat mental upa masalah keluarga relationship finansial uji hidup rasa mampu hadap sendiri derita sendiri mayoritas generasi,-6,Negatif
Sun Oct 11 09:02:40 +0000 2020,beri tekan generasi sisi harihari banyak anak muda sadar berapa penting sehat mental pengaruh hidup padahal sedikit generasi sehat mental ganggu,-6,Negatif
Sun Oct 11 09:02:39 +0000 2020,generasi rupa generasi melek informasi segala macam informasi akses lalu internet media sosial internet milik pengaruh buruk sehat mental banyak generasi menyalahgunakannya,1,Positif
Sun Oct 11 09:02:34 +0000 2020,mental health generasi generasi lahir generasi internet generasi nikmat ajaib teknologi usai lahir internet rupa kondisi psikologis sehat mental anakanak muda generasi baik generasigenerasi belum,-2,Negatif
Sun Oct 11 09:02:26 +0000 2020,padahal lihat jaman sekarang anak muda biasa sebut generasi rentan kena ganggu sehat mentalstress ganggu sehat mental sakit pengaruh emosi perilaku pola pikir derita,-7,Negatif
Sun Oct 11 09:02:26 +0000 2020,sini jadi tahu betapa penting sehat mental utama generasi suka main guna media sosial loveyourself beyourself adhikara mabaub rajabrawijaya kitasatubrawijaya kreasinyatabrawijayans,2,Positif
Sun Oct 11 09:02:25 +0000 2020,penting sehat mental sebut buat lebih aware sehat mental dampakdampaknya sehat generasi,1,Positif
Sun Oct 11 09:02:24 +0000 2020,banyak orang kurang perhati penting sehat mental padahal zaman sehat mental paling utama utama generasi,-2,Negatif
Sun Oct 11 09:02:03 +0000 2020,penting mental health masa sekarang utama generasi i erti mental health mental healt sehat mental sehat mental pengaruh peristiwa hidup tinggal dampak besar pribadi perilaku seseor,-1,Negatif
Sun Oct 11 09:02:02 +0000 2020,rasa cemas panik jenuh overthinking seringkali laku generasi asa picu ada ganggu sehat mental ingat generasi generasi sejak kecil dekat maju teknologi,-8,Negatif
Sun Oct 11 09:02:01 +0000 2020,tentu generasi remaja masa kini sehat mental sangat pengaruh bidang akademik maupun non akademik kembang nali diri sendiri pilih pendam masalah mental,-5,Negatif
Sun Oct 11 09:02:01 +0000 2020,teliti laku american psychological association apa tahun judul stres america generation sebut remaja pemuda usia tahun milik sehat mental buruk banding generasi lain haryadi,-4,Negatif
Sun Oct 11 09:01:59 +0000 2020,apa generasi penting sehat mental mental health generasi generasi rupa generasi lahir kembang teknologi makin pesat,-1,Negatif
Sun Oct 11 09:01:50 +0000 2020,sehat mental memang sebab faktor internal maupun faktor eksternal media sosial jadi faktor besar ganggu sehat mental generasi sekarang generasi,-5,Negatif
Sun Oct 11 09:01:50 +0000 2020,penting sehat mental generasi nama salsa rachmatulloh pratiwi fakultasekonomi bisnis jurus ilmu ekonomi cluster loveyourself mentalhealth adhikara mabaub rajabrawijaya kitasatubrawijaya kreasinyatabrawijayans,1,Positif
Sun Oct 11 09:00:51 +0000 2020,cara jaga sehat mental generasi ajar terima masalah sulit hadap selalu pikir positif masalah hidup hikmah minta saran orang percaya kena masalah hadap ikut giat sosial,-1,Negatif
Sun Oct 11 09:00:50 +0000 2020,jaga sehat mental sangat penting utama generasi mudah pikir overload informasiinformasi edar utama maju teknologi sosial media era sekarang,1,Positif
Sun Oct 11 09:00:46 +0000 2020,nama muhammad hafizh hariyanto fakultas mipa prodi matematika cluster generasi bijak jaga sehat mental zaman sekarang loveyourself adhikara mabaub rajabrawijaya kitasatubrawijaya kreasinyatabrawijayans,-1,Negatif
Sun Oct 11 09:00:45 +0000 2020,sehat mental generasi generasi lahir teknologi canggih smartphone internet teknologi ada ujung jari generasi orang lahir antara tahun tahun,-2,Negatif
Sun Oct 11 09:00:42 +0000 2020,penting sehat mental generasi thread mentalhealth loveyourself adhikara mabaub rajabrawijaya kitasatubrawijaya kreasinyatabrawijayans,-1,Negatif
Sun Oct 11 09:00:37 +0000 2020,nama titi eriwanti fakultas teknik jurus rencana wilayah kota cluster sehat mental generasi maksud mental health berapa penting sadar sebut,-3,Negatif
Sun Oct 11 09:00:35 +0000 2020,generasi selalu jaga sehat kesahatan mental sangat penting generasi salah satu cara overthinking bagi masalah orang dekat kitasekian,-4,Negatif
Sun Oct 11 09:00:33 +0000 2020,nama dina badriatul marifah fakultas terna jurus terna cluster sehat mental rupa ada orang sehat psikis maupun emosi stres rupa faktor besar sebab buruk sehat mental generasi,-3,Negatif
Sun Oct 11 09:00:33 +0000 2020,teliti american psychological association apa judul stres america generation oleh hasil anak muda usia tahun kelompok manusia kondisi sehat mental buruk banding generasigenerasi lain,-4,Negatif
Sun Oct 11 09:00:04 +0000 2020,akhirakhir sering temu kasus banyak generasi milenial gen alami stres hingga depresi sayang banyak orang anggap sepele isu padahal tak jarang kasus bunuh diri remaja karena ganggu sehat mental,-8,Negatif
Sun Oct 11 09:00:04 +0000 2020,anggap banyak oranggenerasi kelompok manusia kondisi sehat mental buruk banding generasigenerasi lainnyaera globalisasi bawa banyak ubah sehat mental bagi besar promosi lalu bagai media,0,Netral
Sun Oct 11 09:00:03 +0000 2020,sehat mental substansi penting masa covid generasi covid sakit sebab novel coronavirus gejala umum upa demam batuk kering sesak nafas orang infeksi derita lalu droplet,-1,Negatif
Sun Oct 11 09:00:03 +0000 2020,masa remaja masa proses kembang tuju dewasa tahap tugas kembang perlu lalu sehat mental baik sangat pengaruh penuh tugas masa kembang generasi rentan alami masalah sehat mental,0,Netral
Sun Oct 11 08:53:08 +0000 2020,ganggu sehat mental sering kali hantu generasi mulai rasa takut panik overthinking depresi trauma bagai,-3,Negatif
Sat Oct 10 22:01:05 +0000 2020,banyak generasi asumsi standar cantik ibarat artis selebgram milik paras cantik kulit putih badan langsing tinggi bagai sikap selflove milik peran sangat penting sehat mental,-1,Negatif
Sat Oct 10 12:25:25 +0000 2020,sehat mental tanda jadi waswas takut panik stres trauma lain stres alami generasi sebab aksesbilitas tinggi cari informasi,-9,Negatif
Sat Oct 10 12:25:24 +0000 2020,generasi rupa generasi lahir gencargencarnya kembang teknologi akrab generasi teknologi picu cemas sehat mental masingmasing individu generasi,-1,Negatif
Sat Oct 10 12:25:24 +0000 2020,nama aku farah karenina r fakultas teknik jurus arsitektur universitas brawijaya aku cluster sehat mental generasi,-1,Negatif
Wed Oct 07 12:00:15 +0000 2020,ganggu mental orang beri efek baik diri maupun orang sekitar generasi selalu perhati sehat mental,-2,Negatif
Tue Oct 06 08:46:58 +0000 2020,sejati sehat bukan lihat aspek fisik aspek mental banyak orang sehat fisik sehat mental sehat mental sangat penting semua orang utama generasi,-3,Negatif
Tue Oct 06 05:41:16 +0000 2020,generasi sehat mental sangat penting generasi terus sehat mental ancam ada kbm daring jumlah tugastugas beri makin tingkat karena mindset orangorang,-2,Negatif
Sun Oct 04 05:39:07 +0000 2020,mental health apa pikir kalian dengar kata generasi mungkin asing dengar kata banyak orang singgung mental health sadar sehat mental indonesia sangat rendah,-4,Negatif
Thu Oct 01 11:17:20 +0000 2020,paham cara pandang gaya hidup kini generasi riset teliti american psychological association generasi rupa generasi paling rentan kena masalah sehat mental balik orang milik sehat mental dapat orangorang,-3,Negatif
Thu Oct 01 06:06:37 +0000 2020,seluruh populasi perlu ada solusi atas masalah sehat mental masyarakat utama generasi solusi laku coba terima paham sehat mental masingmasing banyak laku,1,Positif
Thu Oct 01 06:06:35 +0000 2020,zaman sekarang jauh lebih rentan masalah kait sehat mental laku utama generasi kata generasi sangat kritis segala informasi bahkan sebar media sosial generasi hidup,-5,Negatif
Thu Oct 01 06:06:34 +0000 2020,penting sehat mental era generasi apa sehat mental who sehat mental rupa kondisi sejahtera sadar individu dalam dapat kemampuankemampuan kelola stres hidup wajar kerja,0,Netral
