"conversation_id_str","created_at","favorite_count","full_text","id_str","image_url","in_reply_to_screen_name","lang","location","quote_count","reply_count","retweet_count","tweet_url","user_id_str","username"
"1820674604853326031","Tue Aug 06 04:13:46 +0000 2024","0","ngapa dah setiap gua kerja ketemu gen z 2000an yang kaya anjing sihh taik gaji ajh pengen gede kerja ke kontoll","1820674604853326031","","","in","Bandung, Jawa Barat","0","0","0","https://x.com/sanbear26/status/1820674604853326031","1414067866618384384","sanbear26"
"1820645933786558949","Tue Aug 06 02:19:54 +0000 2024","0","Posisi Gen Z dalam dunia kerja itu seperti gado-gado yang sayurannya sudah nggak fresh. Gaji pas-pasan masa depan nggak pasti selalu was-was kena PHK ya gimana gak bikin depresi?","1820645946390434291","","jurno_id","in","Baca 👉","0","0","0","https://x.com/jurno_id/status/1820645946390434291","1278195993796698112","jurno_id"
"1820369463352635410","Mon Aug 05 23:57:01 +0000 2024","0","@confessyu Maaf ini kurang realistis. Lingkungan kerja yang bayar kamu 50 juta per bulan sudah PASTI toxic (kata gen z) atau super kompetitif (kata gen x / boomer). Kalau dah gaji segitu ga ada yang baik2 aja antar personil. Udah keras dan terang2an sikut2an nya walaupun tetap profesional.","1820609988609646854","","confessyu","in","Indonesia","0","0","0","https://x.com/AlexandraNg1991/status/1820609988609646854","842768227201499136","AlexandraNg1991"
"1820387730184163427","Mon Aug 05 09:13:53 +0000 2024","0","21) We are a branch office of an international company = nyari karyawan murah di Indonesia 22) Memiliki inisiatif = atasan gak bisa kerja gak tahu mau dikasih kerjaan apa 23) Gaji tidak ditampilkan = underpaid 24) Loyal pada perusahaan = overwork ","1820387741642768700","","hrdgenz","in","freiburg","0","1","0","https://x.com/hrdgenz/status/1820387741642768700","1614987151246229504","hrdgenz"
"1820387730184163427","Mon Aug 05 09:13:52 +0000 2024","0","12) Usia di bawah 25 tahun = nyari anak polos yang belum tahu hak ketenagakerjaan 13) Gaji negotiable = pas offer ditawarin underpaid 14) Urgently required = karyawan lama resign tapi belum disiapin gantinya gak ada handover. 15) Full stack developer = programmer ngerjain semua","1820387737155023296","","hrdgenz","in","freiburg","0","1","1","https://x.com/hrdgenz/status/1820387737155023296","1614987151246229504","hrdgenz"
"1820387730184163427","Mon Aug 05 09:13:51 +0000 2024","0","4) Gaji kompetitif = kompetisinya sama UMR 5) Bersedia ditempatkan di seluruh Indonesia = di pelosok ujung dunia 6) Able to work in dynamic team environments = anggota timnya ganti terus karena gelut 7) Able to work in tight deadline = kantor gak bisa manage waktu ","1820387732453007629","","hrdgenz","in","freiburg","0","1","1","https://x.com/hrdgenz/status/1820387732453007629","1614987151246229504","hrdgenz"
"1820384515162030490","Mon Aug 05 09:01:04 +0000 2024","0","Kerja di indon mesti bisa segalanya tapi gaji underpaid. Entar kl ngeluh dibilang nya gen z banyak nuntut dan lemah mental lah elo elo pemilik perusahaan juga kaga ngotak kl nyari karyawan","1820384515162030490","","","in","Jinshi","0","0","0","https://x.com/lazulimedea/status/1820384515162030490","1249303830379950080","lazulimedea"
"1820354098593759368","Mon Aug 05 07:00:12 +0000 2024","0","Jadi dejavuu di suatu seminar ada yg nyuruh guru buat gausah mikirin gaji yg penting pengabdian dan akhirat. Meanwhile buat sekolah aja pake duit ukt makin mahal.. Buat gen Z please jgn dengerin ceramah para boomer/milenial model begini.","1820354098593759368","","","in","","0","0","0","https://x.com/galdipzz/status/1820354098593759368","1563774114824736768","galdipzz"
"1805433758474190972","Sun Aug 04 12:09:12 +0000 2024","14","@GabRey99 Wah..wah..wah..kok berani2nya nyenggol gen z? Gen Z itu generasi terpintar mereka itu jg bukan sensitif tapi lebih bisa menyuarakan isi hati. Gen Z itu ga pilih2 kerjaan tapi kalo gaji ga dobel digit n disuruh lembur ya mana bisa work life balance. Gen Z jaya..jaya..jaya","1820069472209862911","","GabRey99","in","","0","2","0","https://x.com/bobomboi/status/1820069472209862911","758867695622238209","bobomboi"
"1819754059303453092","Sat Aug 03 15:18:04 +0000 2024","0","Netijen twitter kalo gen z emang ga bisa diajak kerja. Ribet. Ga mau cari peluang maunya kerja santai gaji gedhe. DU digaji 1000 per pasien aja masih ada. Bener2","1819754615329755275","","nananarini","in","USE YOUR GPS","0","0","0","https://x.com/nananarini/status/1819754615329755275","408392806","nananarini"
"1819701048002465882","Sat Aug 03 12:23:08 +0000 2024","9","@worksfess Pasti Gen Z nih. Paling kagak coba 1 tahun dulu cok itu kalau perusahaan berkembang udah pasti lu jadi senior auto gaji naik + benefit lain. Blm ada bps ya lu bikin sendiri juga.","1819710590782165171","","worksfess","in","あなたの心に","0","0","0","https://x.com/Exa5Ds/status/1819710590782165171","80987094","Exa5Ds"
"1819575707145851064","Sat Aug 03 05:01:56 +0000 2024","0","@aim_iki Iya makin cemas lagi ini dengan gen z + alfa nih dikasih tugas sekolah agak banyak udah bilang stress bla bla apalagi tar masuk kuliah dan dunia kerja. Beda topik: Sekarang cita cita kayaknya harus kerja di LN deh ausi misal kayak si BIMA Tiktok dimana lah biar sesuai gaji ","1819599561767506188","","aim_iki","in","","0","1","0","https://x.com/bluesky101115/status/1819599561767506188","1139412261095628801","bluesky101115"
"1818880995892117618","Fri Aug 02 18:19:30 +0000 2024","0","@secr3thm4nz56 Yang salah yg mau menerima pegawai atau gen Z yg maunya duduk enak kerja santai gaji minta selangit","1819437889014714647","","secr3thm4nz56","in","Jakarta Capital Region","0","0","0","https://x.com/Ione_Brother/status/1819437889014714647","960223797356802049","Ione_Brother"
"1819380793892131004","Fri Aug 02 14:32:44 +0000 2024","0","**ASN: Karir Keren Dampak Besar ** Jadi ASN bukan cuma soal gaji tapi juga soal kontribusi nyata buat masyarakat. Dengan kemampuan dan semangat Gen Z kita bisa bikin perubahan besar! #KarirBermakna #JadiASN","1819380818734637266","","aaybmi","in","Kota Surabaya, Jawa Timur","0","1","0","https://x.com/aaybmi/status/1819380818734637266","1817206759842533376","aaybmi"
"1819050070433788227","Fri Aug 02 07:38:10 +0000 2024","0","@hai_niinnnss hah seriusan ada orang yg kasih surat pengalaman kerja palsu? jadi keinget ada yg kirim CV ke tmpt ku kerja pernah kerja di PT tapi ngechat di nomor WA CP nanya gaji per bulan padahal sudah intrvw. kenapa gak pas interview nanya gajinya dia blg lupa ","1819276490984640710","","hai_niinnnss","in","","0","1","0","https://x.com/sugses/status/1819276490984640710","1165112558","sugses"
"1818993107850961157","Thu Aug 01 13:05:56 +0000 2024","0","Dari awal gue bilang ke dia ini kedai gue buka dari 0 lagi sementara lu gue gaji 1juta nah gue tau nih isu Gen Z &amp; Alpha itu OGAH LEMBUR tapi gue tau alasan mereka gamau lembur ya karena kadang ga dikasih duit staff gw mau gw lemburin dg upah /jam dg sangat MURAH 10K/hr-","1818996587638796725","","unsaintedperson","in","Valheim","0","1","0","https://x.com/unsaintedperson/status/1818996587638796725","90870447","unsaintedperson"
"1793829136517279823","Thu Aug 01 09:12:48 +0000 2024","0","Saying gen z pemales banyak yang nganggur banyak mau gaji nawar gapunya pengalaman meanwhile beberapa anak payroll dan gue adalah gen z adalah bjir bgt lu","1818937919727677626","","Akujoann","in","ak sampah","0","2","0","https://x.com/Akujoann/status/1818937919727677626","1257661739597836290","Akujoann"
"1818926683308925000","Thu Aug 01 08:28:09 +0000 2024","0","YG BERTAHAN PUN GAJI SUDAH MULAI TELAT! EMG AJG NIH GEN Z GAK ADA PERGERAKANNYA LO PADA SUDAH PADA TANEM GANJA YA NJING PADA ANTENG2 AJA!?","1818926683308925000","","","in","United States","0","0","0","https://x.com/Jakerday/status/1818926683308925000","2686157473","Jakerday"
"1818854799347216794","Thu Aug 01 03:42:31 +0000 2024","0","Gue rasa lama2 udah ga ada lagi yg mau jadi guru klo gaji gajelas gini apalagi kena ke anak gen z yg dimana sangat wajar mrk bakalan ga mau.","1818854799347216794","","","in","","0","0","0","https://x.com/inpraaw/status/1818854799347216794","77458782","inpraaw"
"1818701925493489967","Wed Jul 31 17:35:03 +0000 2024","0","gen Z malas lembur? benarkah?? bukannya HARUS lembur demi menambah gaji yg cuma seuprit itu???","1818701925493489967","","","in","","0","0","0","https://x.com/allkive/status/1818701925493489967","1130796667","allkive"
"1817412843970736153","Sun Jul 28 10:00:02 +0000 2024","0","@beingjinx di indo gaji 1/1.5jt kek hal biasa pdhal jam kerjany sadis so an bawa gen z malas pdhal gajiny aja buat bayar bensin pp msih kurang kocakk","1817500253828075858","","beingjinx","in","dc","0","0","0","https://x.com/Pamung1Anggaraa/status/1817500253828075858","1624404364680138752","Pamung1Anggaraa"
"1817155077553160530","Sun Jul 28 05:18:16 +0000 2024","0","@inisayaraka Iya masalahnya tuh dia jd bitter gtuloh kalo ada org yg minta gaji sekian yg menurut dia kemahalan. Smp sm junior gue diginiin ya namanya rejeki org mba. Kalo udah rejeki mah dpt2 aja gaji yg dia pengen. Terima kasih adik gen z ku.","1817429344358482063","","inisayaraka","in","All around you dolby stereo","0","1","0","https://x.com/pradaivon/status/1817429344358482063","38839883","pradaivon"
"1817426451919966230","Sun Jul 28 05:06:46 +0000 2024","0","Buat gen Z gausa mikir harus gaji gede. Harus ini bla bla bla apa aja kerjain dulu selagi ada peluang. Abis itu asah skil deh. Gw yang gajinya gasampe 4 uda bersyukur padahal kerjaan gw nangis2 kalo ga kuat wkwk. Lemburan gw 8rb per jam baru kemaren naik 2rb ehehe. Semangat.. https://t.co/KoX9ArLQXi","1817426451919966230","https://pbs.twimg.com/media/GTjLtyOaoAAxJ3e.jpg","","in","","0","0","0","https://x.com/BabayEngek/status/1817426451919966230","1227569816929632256","BabayEngek"
"1817207218120585467","Sun Jul 28 02:11:01 +0000 2024","0","@cathatseo @5teV3n_Pe9eL gen z butuh gaji yg gede dan mengutamakan worklife balance. while generasi sebelumnya apalagi baby boomers mereka lebih butuh pekerjaan yg settle (pns) even gajinya dikit. jd karakter tiap gen itu ada baby booms cenderung nyari yang aman while gen z tantangan gt","1817382219834650649","","loudlyvoice","in","Jakarta Capital Region","0","0","0","https://x.com/loudlyvoice/status/1817382219834650649","1767403421307658240","loudlyvoice"
"1817207218120585467","Sun Jul 28 00:33:28 +0000 2024","5","@5teV3n_Pe9eL Gen Z terlalu berekspektasi dengan gaji tinggi. Pak/bu dapet kerjaan yang gajinya UMR aja uda seneng. Jangan ambil sampel di luar sana yang pengen gaji 2 digit padahal freshgrad + ga punya pengalaman terus digeneralisir. ","1817357673756844059","","5teV3n_Pe9eL","in","Sidoarjo, Indonesia","0","5","0","https://x.com/cathatseo/status/1817357673756844059","93570590","cathatseo"
"1817166986738291028","Sat Jul 27 15:32:17 +0000 2024","1","@lynxluna @tyohan Ini case gw handle gen z freshgrad. Doi curhat soal gaji. Ndilalah compare ke gw. Ya lu kerja dulu 15 tahun baru ngomong lagi ke gw ya ","1817221479991484722","","lynxluna","in","United Kingdom of Banten","0","1","0","https://x.com/adhams/status/1817221479991484722","14284867","adhams"
"1817204452887335184","Sat Jul 27 14:24:38 +0000 2024","0","Kenapa dosen yang (maaf) keliatannya udah capek dengan hiruk pikuk perkuliahan gen z ini ga mau pensiun aja? Perasaan gaji dosen juga ga gede gede amat?","1817204452887335184","","","in","antah berantah","0","0","0","https://x.com/mrkepoid/status/1817204452887335184","799968014573502465","mrkepoid"
"1817164015568834826","Sat Jul 27 11:43:57 +0000 2024","0","-Balik on time n wont work on weekend cos I tak buat kerja amal oso idc about ot. -Tak kejar sale (company dsnt rlly hv KPI) cos idc about the 'duti tepi'. N now they 'hate' me n want to pull out the gen z card(?) Hello aku tak buat semua tu pun ada kacau gaji korang ke? - -","1817164015568834826","","","in","원호's hearteu","0","0","1","https://x.com/flwreono0301/status/1817164015568834826","1199585442665943040","flwreono0301"
"1817125388533035018","Sat Jul 27 09:10:27 +0000 2024","2","Baru rabu lalu cerita sama dedek dedek gemes gen z para mentee ku soal dulu gaji gue awal awal di 2014 itu barely 4 Mio (4 1 krn diitung uang makan yang 20k per days dikasi Cash) Masa 10 tahun kemudian naiknya cuma sejuta sih? In this economy? Gila banget sih","1817125388533035018","","","in","unfinishedscript.tumblr.com","0","0","0","https://x.com/ribkadel/status/1817125388533035018","83760592","ribkadel"
"1817079898093301966","Sat Jul 27 06:09:42 +0000 2024","1","Smlm aku tertgok ada video makcik tua tu kata nk buli budak gen z fresh grad yg masuk kerja siap kata baya2 anak buah lah apalah. Hei makcik hengko tu kejap lagi pencen dan nk mampos. Entah2 gaji makcik takat 1.2k ja budak fresh grad tu dah 2k++. Lol. Dah tua pun bodoh","1817079898093301966","","","in","","0","0","0","https://x.com/nurrraaaa_/status/1817079898093301966","1146304721092665344","nurrraaaa_"
"1816337704793297313","Fri Jul 26 10:23:09 +0000 2024","0","@txtdrimedia Woi kimbek. Gen Z susah punya rumah. Generasi lu tu gk bisa sesuain harga. Semua naik gaji kaga naik. Goblok.","1816781294015250567","","txtdrimedia","in","","0","0","0","https://x.com/annes_monang/status/1816781294015250567","1091303513294958592","annes_monang"
"1816779994464682070","Fri Jul 26 10:17:59 +0000 2024","0","gen Z Z nya zibuk kerja setahun tp gaji ga kekumpul","1816779994464682070","","","in","","0","0","0","https://x.com/iichyayyy/status/1816779994464682070","1521279397726396416","iichyayyy"
"1816748149840744823","Fri Jul 26 08:11:27 +0000 2024","0","Kasian gen z... Udah gapunya rumah duit pas pasan disuruh lembur tp gak ada gaji lembur jelek lagi ","1816748149840744823","","","in","TBZ","0","0","0","https://x.com/biggestdino/status/1816748149840744823","1792162911865163776","biggestdino"
"1816734524472197298","Fri Jul 26 07:17:18 +0000 2024","0","si ET bilang gen z lemah dia pernah ngga gaji 75% nya buat keluarga 25% nya buat diri sendiri sampe akhir bulan JIKAHAHAHHAHAHAHHAHAHA","1816734524472197298","","","in","DKI Jakarta, Indonesia","0","0","0","https://x.com/moreidkk/status/1816734524472197298","986927561333653504","moreidkk"
"1816652617499705733","Fri Jul 26 01:51:50 +0000 2024","0"," gen z lemah lemah pernah ga dijalan sambil berderai air mata gara gara mau bayar ukt yang ga ngotak biayanya padahal gaji ayah pas pasan tapi tetep bisa bawa motor dalam keadaan lancar jaya aman sentosa","1816652617499705733","","","in","𝑒𝓃𝑔𝒾𝓃𝑒𝑒𝓇𝒾𝓃𝑔 𝑒𝓃𝓉","0","0","0","https://x.com/dadiesterne/status/1816652617499705733","1419299708292370435","dadiesterne"
"1815901429493817854","Thu Jul 25 23:53:00 +0000 2024","6","@awaysideofme Setujuu. Liat aja milenial pertengahan-akhir sampe Gen Z awal pada kena getahnya mas. Pokoknya yang pada lulus kuliah sama SMA medio 2016 sampe sekarang hectic soal kerjaan karna rerata mereka itu cuma kontrak n then gampang pindah2 tanpa kompensasi. Gaji juga ga seberapa pula","1816622713626325202","","awaysideofme","in","Jakarta","0","2","0","https://x.com/FelixSGL1/status/1816622713626325202","2862109627","FelixSGL1"
"1816337704793297313","Thu Jul 25 15:38:36 +0000 2024","4","@txtdrimedia pemerintah gamau naikin gaji kita apa serius lu bikin gen z stress karna mereka mikir buat diri sendiri ketambah jadi generasi sandwich yang ortu berpikir anak adalah investasi. nerak jahanam buat pemerintah deh","1816498291833766242","","txtdrimedia","in","","0","0","1","https://x.com/windolala/status/1816498291833766242","1223126236471250944","windolala"
"1816110253785899013","Thu Jul 25 11:43:25 +0000 2024","1","@worksfess Gua gen Z mau lembur mau engga GAS KEUUN yg penting gaji sesuai &amp; gua masih bisa kerja di perusahaan itu","1816439107259658394","","worksfess","in","","0","0","0","https://x.com/wiratsc/status/1816439107259658394","3306594926","wiratsc"
"1816032354575737314","Thu Jul 25 11:10:37 +0000 2024","1","@AirinDatangLagi AH KEBANYAKAN ANAK MUDA YG BARU GABUNG DI KTR GW CENGENG2. MAU NYA KERJA ENAK GAJI TINGGI TP KERJAAN BANYAK DIKIT UDAH NGELUH NGANCEM RESIGN . FAKTA ANAK GEN Z ZAMAN NOW","1816430852626321843","","AirinDatangLagi","in","","0","0","0","https://x.com/Allfamousname1/status/1816430852626321843","1548478513065635840","Allfamousname1"
"1816110253785899013","Thu Jul 25 09:34:29 +0000 2024","0","@worksfess Temen gua gen z (anak '98) tapi posisinya senior di kantor sering giniin anak baru yg gen z juga. Jabatan tanggung jawab gaji pun beda tapi ga suka kalo ada bawahannya tenggo wkwk. Bukan masalah gen tapi lebih ke pola pikir orangnya","1816406659255959846","","worksfess","in","","0","0","0","https://x.com/kyutoya/status/1816406659255959846","1563016270143860736","kyutoya"
"1816402459927187830","Thu Jul 25 09:17:48 +0000 2024","0","Gen Z lemah ? Nyatanya sekarang dihadapkan dengan hal seperti ini gaji yang seminimun itu harus berkelahi dengan beban kerja yang ekstra dan pengeluaran yang seperti ini. Beras aja sekarang gak dapat 12 K wehhh. Belum lagi dituntut bayar ini itu https://t.co/ZJRX5pYd8G","1816402459927187830","https://pbs.twimg.com/media/GTUoaQLbMAAGkpP.jpg","","in","EXO.NCT.WAYV.BAE173","0","0","0","https://x.com/Kyunieee3/status/1816402459927187830","946223559713505282","Kyunieee3"
"1816057661621952848","Wed Jul 24 10:27:41 +0000 2024","0","Mau ini punya ide itu pengen kaya gini. Kemudian baru inget kalo lo cuma digaji sepantasnya aja dan kayanya ga worth buat go extra miles. Monmaap sekarang saya mending kaya Gen Z aja prinsipnya. Bekerja sesuai gaji &amp; kewajiban.","1816057661621952848","","","in","Seoul, Republic of Korea","0","0","0","https://x.com/nissamaulina/status/1816057661621952848","64164526","nissamaulina"
"1816022026999734593","Wed Jul 24 08:06:05 +0000 2024","0","Penyelidikan KADI untuk Gen Z yang baru memulai bekerja dengan gaji sekitar UMR membutuhkan waktu untuk membeli rumah mewah di atas Rp 2 M itu terlalu mahal. https://t.co/6sov62Sx0l","1816022026999734593","https://pbs.twimg.com/media/GTPOZyqaUAA47G3.jpg","","in","Indonesia","0","0","0","https://x.com/CrownCecil14473/status/1816022026999734593","1779530643518439424","CrownCecil14473"
"1815533478081130923","Mon Jul 22 23:44:46 +0000 2024","14","Menyaksikan sulitnya Gen Z dapat kerjaan yang bagus dan gaji layak di negeri sendiri para Gen Z di sekitar saya mulai mikir untuk cari kerjaan di luar negeri. Ada infokah kira-kira SDM bidang apa yang dibutuhkan supaya prepare jauh-jauh hari.","1815533478081130923","","","in","Surakarta","0","7","6","https://x.com/afifahafra79/status/1815533478081130923","158660810","afifahafra79"
"1815391206295392286","Mon Jul 22 14:19:26 +0000 2024","0","What's wrong with gen z mau gaji tinggi like lol siapa sih yg gamau gaji tinggi wake up our wildest dream memang gaji tinggi gen z just being honest gen ga ngaku aja hih https://t.co/AYH2IYCtYK","1815391206295392286","","","in","최 종호 마음속❣️","0","0","0","https://x.com/JonghoJoestarr/status/1815391206295392286","1433722375481085954","JonghoJoestarr"
"1815270377360351509","Mon Jul 22 06:22:11 +0000 2024","0","tanpa potong gaji. Padahal tgh tempoh probation. Belum lagi tang makan2 office boss bagi tanggungjawab and duit cukup2 untuk beli makanan tapi masing2 beli extra untuk bawak balik sorok2 tanpa pengetahuan anyone. Halal ke tak dengan cara macamtu. Kita ni Gen Z perhati je","1815271100869226559","","Fawaa___","in","","0","1","0","https://x.com/Fawaa___/status/1815271100869226559","1009642229432909824","Fawaa___"
"1814854105694937300","Mon Jul 22 01:40:22 +0000 2024","0","@Mdy_Asmara1701 Gaa setuju...faktor pertama ga ada ordal kyk pman di mk faktor kedua krna gen z pilih2 kerja yg gaji tinggi..","1815200179047518474","","Mdy_Asmara1701","in","Surakarta","0","0","0","https://x.com/DQPras/status/1815200179047518474","75200543","DQPras"
"1814867911712121112","Sun Jul 21 13:50:33 +0000 2024","1","@tigerwood158 Sy punya 2 anak satu milenial satu gen Z. Dua2nya kerja di perusahaan asing. Syarat ga ribet. Sesuai kriteria test wawancara di terima. Gaji asuransi kesehatan bonus insentif. Boleh nanya digaji brp punya pengalaman bisa ajukan kisaran gaji.","1815021549499682839","","tigerwood158","in","","0","0","0","https://x.com/BeebeMiu/status/1815021549499682839","2911507393","BeebeMiu"
"1792758113244008527","Sun Jul 21 07:33:40 +0000 2024","0","@sultohn @chef_dokyungsoo @rillakumakawaii @worksfess ngomong lu enak banget bang praktekin di lapangan dengan kebutuhan ekonomi yang menumpuk gen z nganggur sambil nyari kerjaan yang layak dan balance untuk keuangan sebulan ga ada yang mau nganggur bertahun-tahun karna gaji kecil stereotip banget otak lu","1814926702579229010","","sultohn","in","","0","0","0","https://x.com/Blackbirddd__/status/1814926702579229010","1465313391233277958","Blackbirddd__"
"1814854105694937300","Sun Jul 21 05:35:54 +0000 2024","0","@Mdy_Asmara1701 Kombinasi. pemerintah gagal ortu jg mgkn gagal si gen z sendiri pun bs jadi gagal. Yg nganggur itu pdhl bs bisnis kecil2an konsinyasi (tanpa modal) atau kerja apa pun yg penting halal meski gaji kecil pasti ada aja.. Pasti ada faktor gengsi jg ini klo smpe 10juta yg nganggur","1814897066490884222","","Mdy_Asmara1701","in","","0","0","0","https://x.com/chatrine_2003/status/1814897066490884222","1681912586542157825","chatrine_2003"
"1814877108922937365","Sun Jul 21 04:24:19 +0000 2024","0","Solusi dari gw sebagai Gen Z untuk para Gen Z tentu kalau kalian punya talenta dan skill kalian bisa jadi freelancer dan ambil job longterm dari banyak orang Alhamdulillah aku sendiri kerja freelance di banyak tempat dengan gaji yang fair sama apa yang kukerjakan ️","1814879051787743706","","iamzaganosh","in","Bandung","0","0","0","https://x.com/iamzaganosh/status/1814879051787743706","1246263992370118658","iamzaganosh"
"1814877108922937365","Sun Jul 21 04:18:18 +0000 2024","1","Maka jangan heran kalo ada Gen Z yang gonta ganti kerjaan karna mungkin selain melihat gaji mereka juga ngeliat kalo dizaman sekarang berbagai kebutuhan harganya pada naik","1814877537849204925","","iamzaganosh","in","Bandung","0","1","0","https://x.com/iamzaganosh/status/1814877537849204925","1246263992370118658","iamzaganosh"
"1814253673330942205","Sat Jul 20 15:37:40 +0000 2024","0","@Yulia_jie Pengangguran tinggi itu di era gen z Klo kerja 1-3 bulan risaign hahah Mau gaji gede kyk di luar negeri tpi skill nol hajja Klo mw gaji 10 juta pertama kerja para gen Z mending ke luar negeri aja","1814686118727852136","","Yulia_jie","in","","0","0","0","https://x.com/AlexXan50419962/status/1814686118727852136","1612412712818200577","AlexXan50419962"
"1814619837089653076","Sat Jul 20 11:14:17 +0000 2024","0","terserah deh mau dibilang gen z lemah mental emang cape anjir kerja di bawah tekanan bgsttt mana ga di gaji lagi ini pliss ini baru pkl gimana entar kalo udh kerja beneran??!?","1814619837089653076","","","in","","0","0","0","https://x.com/RyanMalik62269/status/1814619837089653076","1721859817088905216","RyanMalik62269"
"1814582685538656557","Sat Jul 20 08:46:40 +0000 2024","0","ngapain kerja keras tekanan &amp; target sana-sini kalau cuma gaji segitu? mending joget-joget gak jelas bikin konten dapat duit. Sebut Saja Bunga - Gen Z","1814582685538656557","","","in","ꦯꦸꦫꦧꦪ","0","0","0","https://x.com/ChandraSapoetRa/status/1814582685538656557","76281055","ChandraSapoetRa"
"1814180328334086422","Sat Jul 20 00:59:35 +0000 2024","7","@convomf Tapi kebanyakan sales/marketing tuh kenapa pada dihindari karena anak anak muda terutama gen z banyak yang merasa ga dihargai karena target yang tinggi tapi gaji ga sesuai kalo di perusahaan kecil/baru. Tapi mungkin kalau perusahaan besar masih banyak yang minat.","1814465139363721596","","convomf","in","北 信介","0","1","0","https://x.com/kitasvne/status/1814465139363721596","1647850828647272450","kitasvne"
"1814444288786542639","Sat Jul 20 00:40:37 +0000 2024","0","@AetherSullyoon Gen Z tuh kerja nanya gaji duluya bukan loyalitas","1814460368053514730","","AetherSullyoon","in","","0","1","0","https://x.com/AetherJungwon/status/1814460368053514730","3266922193","AetherJungwon"
"1814253883193012261","Fri Jul 19 14:29:17 +0000 2024","0","@worksfess Aku otw 7 thn kerja dari fg 6 hari kerja 8 to 16 sabtu setengah hari ini masih baik2 aja loh. Yg penting gaji sesuai. Work life balance. Waktu kerja ya kerja waktu balik ya balik. Waktu libur ya libur. Pantes banyak yg nyepelein gen Z gak bisa kerja. Blm apa2 udah ngeluh ","1814306519632207961","","mintchocoyeay","in","Bandung","0","0","0","https://x.com/mintchocoyeay/status/1814306519632207961","177107512","mintchocoyeay"
"1813586559721250850","Fri Jul 19 14:03:11 +0000 2024","0","@worksfess Kalo lembur bisa bikin naik pangkat sm gaji jg rela bukan masalah gen z gen z tay ayam dsr","1814299950894784693","","worksfess","in","","0","0","0","https://x.com/avocadoofee/status/1814299950894784693","1105866660538343424","avocadoofee"
"1813586559721250850","Fri Jul 19 09:15:13 +0000 2024","0","@worksfess Gen Z gw akui lebih pintar dari saya dan pendahulunya. Realistis juga. Gw suka sikapnya. Kerja harus profesional sesuai gaji ","1814227481945329879","","worksfess","in","","0","0","0","https://x.com/4nti_koruptor/status/1814227481945329879","1604287522959372290","4nti_koruptor"
"1814148309369675810","Fri Jul 19 04:00:36 +0000 2024","0","tiba tiba lewat tl dan langsung keinget bapak kalo ada yang bilang gen z gak mau lembur dll hey bapak saya yang angkatan baby boomers aja bilang lembur itu buang buang waktu gak usah lembur kalo gaji gak sepadan ","1814148309369675810","","","in","nomin, acc homo","0","0","0","https://x.com/kamaalfie/status/1814148309369675810","1500119229747838977","kamaalfie"
"1814115694491123946","Fri Jul 19 01:51:00 +0000 2024","0"," Gen Z tida bisa bekerja di bawah tekanan Kata gue usernya aja yg minta tenaga kerja murah tp jobdesk 3 posisi harus bisa semua Ya kalo mau mempekerjakan seorang untuk 3 jobdesk yang beda ya dia deserve buat dapet gaji setara 3 posisi. Kecuali Anda suda ngasi jobdesk..","1814115694491123946","","","in","","0","1","0","https://x.com/darutama_/status/1814115694491123946","3221171478","darutama_"
"1813586559721250850","Thu Jul 18 17:56:58 +0000 2024","0","@worksfess Ngertikan knp gen z males gawe di perusahaan lokal dan lbh milih kerja remote di web? Udh mah gaji ga seberapa dieksploitasi cuti ribet politik kantor ga jelas senioritas susa naek jabatan klo minim skill jilat","1813996400163836324","","worksfess","in","","0","0","0","https://x.com/michiganill/status/1813996400163836324","1132321600915640324","michiganill"
"1813586559721250850","Thu Jul 18 16:28:54 +0000 2024","0","@worksfess Kantor saya sebelumnya ada gen z sudah dikasi uang lembur namun tdk mau lembur pada waktu closing hari minggu dan banyak gen z sbg kutu loncat. ingin gaji umr kerja santai pulang tenggo. Mending gk usah lamar kerja jadi youtuber or buka UMKM.","1813974237268541621","","worksfess","in","Central Java, Indonesia","0","0","0","https://x.com/Vanillalatte20/status/1813974237268541621","893487739","Vanillalatte20"
"1813241729040146447","Thu Jul 18 15:56:55 +0000 2024","0","@worksfess tapi iyaa banget ngerasa banget sekarang kerja sama gen z maunya kerja dikit tapi gaji gede padahal tau bukan perusahaan yang gede. tambah jobsdesk dikit langsung minta naik gaji gak mau banget ribet ngebatin mulu punya partner kerja gen z ;(","1813966188416041380","","worksfess","in","","0","0","0","https://x.com/teuday3/status/1813966188416041380","3017882905","teuday3"
"1813922910614212846","Thu Jul 18 13:04:57 +0000 2024","0","Lu makan tuh loyalitas tai kebo. Gen Z mau nikmatin uang gaji dan istirahat cukup tanpa mau lembur gratisan.","1813922910614212846","","","in","Buitenzorg","0","0","0","https://x.com/urbadmommy_/status/1813922910614212846","1218880304665939973","urbadmommy_"
"1813586559721250850","Thu Jul 18 08:09:55 +0000 2024","0","@worksfess That's me the gen z yg ga mau di suruh lembur tanpa gaji udh ajuin resign tpi ga kunjung di acc sm supervisor jadi abis terima thr lgsung kabur sehari molor 1 5 jam kadang smpe 2 jam itu klo di gabungin seminggu udh bisa dapet sejuta gila kali gw ngabisin masa muda di sono","1813848662017265771","","worksfess","in","","0","0","0","https://x.com/unknow_biji/status/1813848662017265771","1296269457698873344","unknow_biji"
"1813586559721250850","Thu Jul 18 03:24:40 +0000 2024","0","@worksfess Kesel karna Gen z jujur2 bgt kali ya dia wkwkw pdhl jgn mau kalo ga di gaji HARUSNYA","1813776878626595165","","worksfess","in","London, England","0","0","0","https://x.com/pembalutbrsayap/status/1813776878626595165","1310741464817610752","pembalutbrsayap"
"1813586559721250850","Thu Jul 18 03:16:43 +0000 2024","0","@worksfess Ga ada gen Z malas dari jaman boomer juga kalo lembur sangat berharap dibayar buat tambah² gaji.","1813774874713944520","","worksfess","in","Yogyakarta","0","0","0","https://x.com/BSastranegara/status/1813774874713944520","296804226","BSastranegara"
"1813586559721250850","Thu Jul 18 02:44:53 +0000 2024","0","@worksfess tp di company skrg yg lemburnya dibayar lumayan bukan cm gaji perjam. ada bbrp staff gen z yg ttp gamau ambil. giliran tertinggal sama yg lain ngeluhin lingkungannya 'gila kerja' akhirnya jd low effort syndrome dan toxic ke yg lain.","1813766863555600479","","worksfess","in","","0","0","0","https://x.com/thetidesbeckon/status/1813766863555600479","1188333631","thetidesbeckon"
"1813762946692235498","Thu Jul 18 02:29:19 +0000 2024","0","mana kemaren ada ibu2 bilang gen z tuh pada pilih2 kerjaan maunya gaji tinggi apa gak sadar kebutuhan kita tuh makin kesini makin mahal? ","1813762946692235498","","","in","","0","0","0","https://x.com/AKAN3KO/status/1813762946692235498","1809079478418821124","AKAN3KO"
"1813742849219006915","Thu Jul 18 02:21:28 +0000 2024","0","@rip_aiden @hrdbacot gen z juga banyak nuntut dan maunya gaji gede dan HRD skrang maunya ngasih gaji kecil dengan beban yg besar rusak ekosistem kerja skarang","1813760973590970805","","rip_aiden","in","","0","0","0","https://x.com/mbahnya_UN/status/1813760973590970805","1689874613617180672","mbahnya_UN"
"1813742849219006915","Thu Jul 18 01:52:40 +0000 2024","0","@hrdbacot situ ngehire gen z buat kerja kan? syukur2 gen z mau dikasih gaji minim yg ga seberapa itu sekarang malah nuntut loyalitas. waras?","1813753722616574012","","hrdbacot","in","Earth","0","0","0","https://x.com/libr0cubicular/status/1813753722616574012","4861481628","libr0cubicular"
"1813586559721250850","Thu Jul 18 01:39:35 +0000 2024","0","@worksfess Ngeluh Mulu bjr yg bukan gen z. Siapa yg mau lembur trs tapi g di gaji?? Di kira badan manusia tuh robot? Loyalitas loyalitas aja ngomongnya klo loyalitas bikin orang sakit sama stress. Itu hak pekerja lah","1813750430402527554","","worksfess","in","","0","0","0","https://x.com/loey_yo/status/1813750430402527554","1634534914875088898","loey_yo"
"1813531844735860935","Thu Jul 18 01:15:22 +0000 2024","0","@ad_pur1to @detikcom @detikjatengcom Emang itu hak dia kan bener dia gak ambil gaji longor2","1813744338939387957","","ad_pur1to","in","","0","0","0","https://x.com/genville99/status/1813744338939387957","1574674572028223489","genville99"
"1813742849219006915","Thu Jul 18 01:11:27 +0000 2024","94","@hrdbacot Padahal dia nerima gen z juga karena cuma bisa kasih gaji minim ","1813743353261158610","","hrdbacot","in","In Your Timeline","0","5","14","https://x.com/BukanPegawaiJP/status/1813743353261158610","852460193346592769","BukanPegawaiJP"
"1813241729040146447","Thu Jul 18 01:08:26 +0000 2024","1","@worksfess HRD minta upah kecil Gen Z FG minta gaji gede kebanyakan main tiktok sampai lupa realitas kehidupan ","1813742594243141846","","worksfess","in","","0","0","0","https://x.com/mbahnya_UN/status/1813742594243141846","1689874613617180672","mbahnya_UN"
"1813241729040146447","Thu Jul 18 00:36:19 +0000 2024","45","@worksfess Pengalamanku hiring dulu banyak kandidat yang ga sadar skill tp mau gaji langsung besar.. maksudnya yang ditanya dulu adalah gaji (ini sama sekali ga salah) tapi saat ditanya atau ditest skill ga ada dan itu aemua rata rata gen z atau fresh grad mana banyak yang satu almamater","1813734512268079311","","worksfess","in","Jakarta Capital Region","0","1","3","https://x.com/2024akukayabgt/status/1813734512268079311","4711251133","2024akukayabgt"
"1813710947984502819","Wed Jul 17 23:02:41 +0000 2024","1","Mau gen z atau gen lainnya gak ada yang mau lembur tapi gak di gaji. Adek gue lembur aja gue tanya kok di bayar lebih gak? Syukurnya dia jawab di bayar. Ini perusahaan ancur dengan karyawan setolol apa sih pengennya org lembur tapi gamau ngebayar? Dzalim amat brengsek.","1813710947984502819","","","in","˙ . ꒷ 🍰 Jin 𖦹˙—","0","0","0","https://x.com/notyourbicsh/status/1813710947984502819","1516408258655039505","notyourbicsh"
"1813586559721250850","Wed Jul 17 17:00:51 +0000 2024","0","@worksfess Udah tau yg ngegaji perusahaan kenapa doi yg julid karena gen z ga mau lembur kan bukan doi yg gaji. Bacot.","1813619887841095789","","worksfess","in","between hell and heaven","0","0","0","https://x.com/goddezzs/status/1813619887841095789","747120368549138432","goddezzs"
"1813577737334092112","Wed Jul 17 14:13:21 +0000 2024","0","Last job hunting umur 26. Ada recruiter approach tapi nak offer lower than gaji sekarang position sama level. Patut la gen z sekarang struggle cari kerja.","1813577737334092112","","","in","","0","1","0","https://x.com/_xsnydx/status/1813577737334092112","862898142210965504","_xsnydx"
"1813543325439520880","Wed Jul 17 11:56:37 +0000 2024","0","Di fase dilema gen z. Ngerasa gaji kurang krn haknya ga sepadan kerjaan tp klo resign kena judge ngga bersyukur &amp; mental tempe","1813543325439520880","","","in","","0","6","0","https://x.com/rieevrse/status/1813543325439520880","1355738302800752644","rieevrse"
"1813241729040146447","Wed Jul 17 11:49:25 +0000 2024","2","@worksfess Aku bukan gen z tapi pengalamanku hampir smua sama perusahaan memberikan ruang belajar dgn baik dan menguasai sistem lalu setelah sudah pintar dlm berbagai sistem lalu jobdesk ditambah gaji tetap sama intinya mau protes kita hanya seorang pegawai bukan bos","1813541514049646870","","worksfess","in","","0","0","0","https://x.com/kaderkyai/status/1813541514049646870","1666622828001771520","kaderkyai"
"1813241729040146447","Wed Jul 17 03:59:34 +0000 2024","1","@worksfess Dear Hard... Aku adlg anak gen z yg sdg mencari pekerjaan. Pengalaman aku administrasi pddkn akhir D3. Kerja dibawah tekanan satset cepet belajar hal yg baru. Aku resign di tmpt kerjaku Karna di sekolah dan itu yayasan. Gaji kecil kerja dibawah tekanan:). Ga cukup buat nutupin","1813423273180557444","","worksfess","in","","0","1","0","https://x.com/skybluee_55/status/1813423273180557444","1539137375452147712","skybluee_55"
"1813342254523904011","Tue Jul 16 22:37:38 +0000 2024","0","Emang masalah struktural aja ini mah. Gen z yang males-malesan emang banyak tapi yang skillnya oke juga banyak. Kadang yg rekruter minta juga nggak ngotak. Skill minta setara avatar gaji mentok umr. Akhirnya dari pada jadi korban kapitalisme beberapa gen z mending nganggur.","1813342254523904011","","","in","Ujung Sumatera, Indonesia","0","0","0","https://x.com/aeshaya__/status/1813342254523904011","1282577444663222274","aeshaya__"
"1813241729040146447","Tue Jul 16 17:12:35 +0000 2024","6","@worksfess Dari sudut pandang ku yang ngeinterview anak gen z minggu kemarin itu nder attitude saat interview kurang baik pengalaman 0 minta gaji gede ga mau cape kerja tapi minta gaji gede ga research dulu range gaji dengan wilayah perusahaan","1813260453960949813","","worksfess","in","","1","0","1","https://x.com/deny_rosyid/status/1813260453960949813","948132638719598592","deny_rosyid"
"1813227852755837375","Tue Jul 16 15:03:02 +0000 2024","0","Keinget apa yg dibilang sama hrd kemarin Disini tertulis gaji yg kamu harapkan 3jt sedangkan kamu fresh graduate belum ada pengalaman sama sekali. Hehe maaf bapak gen z ini memang banyak mau nya","1813227852755837375","","","in","","0","0","0","https://x.com/nisholiip/status/1813227852755837375","1505913450144305155","nisholiip"
"1813218226190623161","Tue Jul 16 14:24:47 +0000 2024","0","anak muda terutama gen z yg kerja di start up jangan gengsi kalau disuruh buat serikat perkerja apalagi pakai alasan kan kita staff bukan buruh sambil flex fasilitas kantor dan gaji yg diatas rata-rata. kalau gada serikat bisa bisa kalian susah buat JKP dan ami amit ada -","1813218226190623161","","","in","hope not everdose","0","1","0","https://x.com/drw1sz/status/1813218226190623161","1712865265439109120","drw1sz"
"1813117954135105829","Tue Jul 16 07:46:21 +0000 2024","2","Sometimes yang aku kurang sreg soal diskusi Gen Z khususnya tentang kultur kerja bahwa Gen Z dipersepsikan mementingkan gaji. Sure i mean like do we even have proper choice kita jadi picky ya karena kebanyakan kerjaan disini ga layak. Ga layak dalam ukuran objektif aja","1813117954135105829","","","in","","0","1","0","https://x.com/BambangSupratn1/status/1813117954135105829","1467896796672262146","BambangSupratn1"
"1813030308566167995","Tue Jul 16 05:20:26 +0000 2024","0","@timikiciw @hrdbacot Dlu 4 bulan jd intern dgn gaji di bawah umr kerja lembur2 setiap hr krn peak season di salah satu kap 3 huruf gk pernah ngeluh spt gen Z zaman skrg skrg. And the result sampai hari ini achievement2 dateng sendiri. Soal gaji urusan nanti yg ptg usaha dulu.","1813081232995209478","","timikiciw","in","","6","3","0","https://x.com/SaulGoodManIndo/status/1813081232995209478","114401910","SaulGoodManIndo"
"1813073991273443714","Tue Jul 16 04:51:39 +0000 2024","5"," Gak enakan + loyalitas Liat sendiri (beberapa)millenials ini stuck dikarir+gaji segitu paling lama 13 tahun stuck(yg ku kenal). Padahal punya bargain skills. Loyalitas okelah cuman jgn mau diperbudak juga lh. Tapi klu dari POV mereka saya ini Gen Z kurang ajar kali ya","1813073991273443714","","","in","DKI Jakarta, Indonesia","0","1","0","https://x.com/azwar4fahmi/status/1813073991273443714","248038136","azwar4fahmi"
"1813070099911483429","Tue Jul 16 04:36:11 +0000 2024","0","Talkshow career coaching Kyke disini blm butuh segitu krn gen Z suka resign krywn lama jg nyaman betah di posisinya. Ditawari naik jabatan jg blm tentu mau Naik jabatan naik gaji cm dikit tugasnya byk bgt &amp; lembur trs tp ga dibayar (cm lvl staff kebawah yg dibayar lemburnya)","1813070099911483429","","","in","Kota Surabaya, Jawa Timur","0","0","0","https://x.com/roy1alien/status/1813070099911483429","173407719","roy1alien"
"1813055707396383056","Tue Jul 16 03:39:00 +0000 2024","42"," demi hemat operasional berarti udh terbukti kan ya kasarnya HR dan pendiri start up ini nyari babu kerja full time gaji seadanya dah terus terang gitu aja tp knp tiap hari guilt trip-nya gen z mental tempe mulu? pdhl orang-orang ini yg emang kapitalis.","1813055707396383056","","","in","","0","1","24","https://x.com/telordiceplok/status/1813055707396383056","1282531844768952320","telordiceplok"
"1812826257295589422","Mon Jul 15 12:27:15 +0000 2024","3","Karena perusahaan sekarang banyak yg minta spek palugada tapi gaji seadanya makanya gen z yg rata2 baru lulus dan minim pengalaman pada susah dapet kerja. Bayangin td liat loker tapi jobdescnya tax+bookkeeping+financial payment+AR+AP+doc management","1812826257295589422","","","in","","0","1","0","https://x.com/woochu24/status/1812826257295589422","1151861497561116672","woochu24"
"1812743022993695220","Mon Jul 15 11:34:12 +0000 2024","0","@worksfess Gen Z tu nyari kerja yang kayak gimana sih yang di cari? Gw dulu lulusan SMK gak punya relasi ngawali kerja jadi sales dor to dor jualan kompor..setahun mental dah kebentuk pengalaman dah lumayan baru ngelamar perusahaan..intinya di awal jangan nyari gaji besar dulu..Semangat","1812812909837439128","","worksfess","in","","0","0","0","https://x.com/KomporRinnai1/status/1812812909837439128","1781930121521500161","KomporRinnai1"
"1812643861304693021","Mon Jul 15 00:22:28 +0000 2024","0","in this economy? ga ngurusin gaji? yg bener aja kampang malah bagus gen z skrng melek ga di perbudak. tai bgt org tua kaya gini sumpah","1812643861304693021","","","in","","0","0","0","https://x.com/eudaemconia/status/1812643861304693021","1488535147523813386","eudaemconia"
"1812623569433797096","Sun Jul 14 23:01:50 +0000 2024","3"," anak2 sekarang klo ngelamar kok yg dipandang gaji tipe rekrutmen yg nyalahin gen z mulu ini mah wkwk","1812623569433797096","","","in","","0","0","0","https://x.com/pirahyung/status/1812623569433797096","800324979363454976","pirahyung"
"1812618966352982172","Sun Jul 14 22:43:33 +0000 2024","0","buset dah nyari kerjaan jaman sekarang padahal cm ditanya soal mess (isu gen z di tt) sm gaji aja julidnya ampun-ampunan","1812618966352982172","","","in","ic: @inkiingogo","0","0","0","https://x.com/rasibiru/status/1812618966352982172","1790017142194421760","rasibiru"
"1812553777133797758","Sun Jul 14 18:24:30 +0000 2024","123","Ini pak salah satu jawaban kenapa gen Z di Indonesia masih kadang bergantung sama orang tua. Cari kerja susah persyaratan kerja ribet gaji gak sesuai sama beban kerjabelum lagi dapet atasan agak kureng kek begini nih masa mempertimbangkan gaji salah https://t.co/EhyrnaNWG0","1812553777133797758","https://pbs.twimg.com/media/GSd8DC3WkAA_ot2.jpg","","in","langit","0","0","10","https://x.com/hobimakanyupi/status/1812553777133797758","1083896412914372608","hobimakanyupi"
"1812496422476128444","Sun Jul 14 14:36:36 +0000 2024","0","Gapapa gaji kecil yang penting kerjaan dikerjain di cafe sambil bawa laptop. Begitu kah gen Z? ","1812496422476128444","","","in","belahan pantat","0","0","0","https://x.com/Zadakidi/status/1812496422476128444","1644756691","Zadakidi"
"1791423426080702821","Sun Jul 14 09:29:07 +0000 2024","0","@GabRey99 Gak juga sih. Gen z bisa beli hape cash yg gk sampai sekian gaji mereka. Beli motor yg cm 4 ~ 5 gaji mereka. Rasio beli rumah juga gk spt senior mereka yg kejebak KPR. Lbh baik mereka sewa sih drpd punya rumah cm jadi budak KPR","1812419044525621732","","GabRey99","in","","0","0","0","https://x.com/sujiwo_tego/status/1812419044525621732","1210780507727745025","sujiwo_tego"
"1812377974274150733","Sun Jul 14 06:45:56 +0000 2024","1","Okay tak gaji yang kita offer ni? Gen Z: https://t.co/wHKd5LMCSh","1812377974274150733","https://pbs.twimg.com/ext_tw_video_thumb/1812357716095971328/pu/img/u23fczn1loK2UOn4.jpg","","in","Malaysia","0","1","1","https://x.com/Bang_kai_/status/1812377974274150733","1317500605158412293","Bang_kai_"
"1812358174642696556","Sun Jul 14 05:27:15 +0000 2024","17","HR: Okay tak gaji yang kita offer ni? Gen Z: https://t.co/8KpA1vMbwY","1812358174642696556","https://pbs.twimg.com/ext_tw_video_thumb/1812357716095971328/pu/img/u23fczn1loK2UOn4.jpg","","in","Malaysia","1","2","5","https://x.com/mstaronline/status/1812358174642696556","28749269","mstaronline"
"1811717138673205466","Sun Jul 14 02:45:06 +0000 2024","0","@txtdrimedia Hidup mandiri itu menyesuaikan gaji ga sih karena kalau gaji di bawa umr juga mana cukup buat hidup mandiri sedangkan kemungkinan mayoritas gen z masih banyak yang di gaji dibawah UMR","1812317368632414313","","txtdrimedia","in","Kota Surabaya, Jawa Timur","0","0","0","https://x.com/BianchoJ/status/1812317368632414313","1155731699709272064","BianchoJ"
"1812308352430751845","Sun Jul 14 02:09:16 +0000 2024","1","Ya gimana ya pak gaji gen z yg udh kerja pun gak nutupin buat sehari2 wkwkwk banyak yg penghasilannya di bawah UMR. Yg udh nikah dan mau beli rumah pun gak kebeli ujung2nya ya tinggal di rumah ortu meskipun resiko konfliknya gede. Intinya mah ekonomi sulit pak.","1812308352430751845","","","in","Indonesia","0","1","0","https://x.com/chordream/status/1812308352430751845","1306637875136442369","chordream"
"1811981733224677811","Sat Jul 13 17:46:22 +0000 2024","5","@worksfess ngga redflag itu jangan dikit diredflag redflagin nder hehe. kalau kamu ga cocok tinggal ga usah TTD aja. simpel banget justru menurutku greenflag ya karna gaji pokoknya UMR","1812181791593386077","","worksfess","in","freiburg","0","0","0","https://x.com/hrdgenz/status/1812181791593386077","1614987151246229504","hrdgenz"
"1812051324005163141","Sat Jul 13 17:26:42 +0000 2024","0","@worksfess ga papa deh ga ada libur semesternya nanti kalau libur semester terus ga terima gaji nanti aku makan apa?","1812176843484836346","","worksfess","in","freiburg","0","0","0","https://x.com/hrdgenz/status/1812176843484836346","1614987151246229504","hrdgenz"
"1812174218542624790","Sat Jul 13 17:19:18 +0000 2024","0","@worksfess gaji hari kerja jam kerja jobdes (di OL biasanya ada) tunjangan hari libur lembur dll","1812174979959804173","","worksfess","in","freiburg","0","0","0","https://x.com/hrdgenz/status/1812174979959804173","1614987151246229504","hrdgenz"
"1811987110444122142","Sat Jul 13 12:40:49 +0000 2024","0","@pawoie mereka sok sokan bilang mengabdi terus bilang gen z manja banyak nuntut gaji.. halah bilang aja mau eksploitasi","1812104898500014417","","pawoie","in","18, © hailailai2","0","0","0","https://x.com/xileonen/status/1812104898500014417","3257675340","xileonen"
"1811717138673205466","Sat Jul 13 12:39:10 +0000 2024","0","@txtdrimedia Lo ngomongin adek gw? pikir dulu sebelum ngomong bos.. Gen z tak berdaya krn kalian bego ngelola negara. Lapangan kerja sempit kalopun dpt ada. gaji di bawah umr yg ga relevan ama beratnya kerjaan dan kebutuhan idup. bisa kalian cuman ngomel doang action mana ada","1812104483440410683","","txtdrimedia","in","","0","0","0","https://x.com/ell6_e/status/1812104483440410683","1730428262420279296","ell6_e"
"1811717138673205466","Sat Jul 13 12:24:54 +0000 2024","0","@txtdrimedia Kata siapa? Justru orang tua jg ngandelin gaji anaknya yg gen z","1812100891023204532","","txtdrimedia","in","","0","0","0","https://x.com/Eun1485/status/1812100891023204532","1321322875685539840","Eun1485"
"1812053377595166834","Sat Jul 13 09:16:06 +0000 2024","0","minimal maksimal lapangan pekerjaannya turah turah dong bos gen z banyak banget kok yang pengen banget mandiri ada kerjaan tapi cari kerja aja sulit gaji ga sesuai job desk hufftttttttttttttt","1812053377595166834","","","in","","0","0","0","https://x.com/sweetyfavv7/status/1812053377595166834","1211247781005803520","sweetyfavv7"
"1811984044630163804","Sat Jul 13 04:40:35 +0000 2024","0","anakanak gen Z ini tau attitude ga sih? nanyain jam kerja hari kerja bahkan gaji di chat. ada gilanya. perasaan dulu gue kalau ngelamar pekerjaan ga segitunya. nanya ini itu ya ketika interview langsung deh. biasanya di chat hanya konfirmasi panggilan interview.","1811984044630163804","","","in","UNISBANK '12","0","0","0","https://x.com/angeelichaa/status/1811984044630163804","435618095","angeelichaa"
"1811717138673205466","Sat Jul 13 01:52:30 +0000 2024","0","@txtdrimedia Gimana nggak tergantung gaji mereka aja pas-pasan( pas buat bayar kontrakan doang) coba bumn buka loker sebanyak-banyaknya dengan gaji gede pastinya gen z semua bisa mandiri berani ngak??? basic salary di luar negeri brapa!","1811941741630795851","","txtdrimedia","in","","0","0","0","https://x.com/mangnik/status/1811941741630795851","45018841","mangnik"
"1811717138673205466","Sat Jul 13 01:52:05 +0000 2024","0","@txtdrimedia Gen z yg masih bergantung sama ortu juga biasanya gaji yg di dpt di setor ke ortu utk bantu pengeluaran rumah tangga jadi take and give lah. Sejatinya gak ada anak yg mau nyusahin ortunya tapi housing di kota2 besar itu mahal gaji kecil. Kek manaaa!??","1811941639696662781","","simply_valll","in","Venus","0","0","0","https://x.com/simply_valll/status/1811941639696662781","172392989","simply_valll"
"1811873006886748294","Fri Jul 12 21:19:22 +0000 2024","0","Yg disalahin gen z mulu dah harga tanah malah gaji rendah nyari kerja susah salah siapa ini bro ","1811873006886748294","","","in","","0","0","0","https://x.com/esthaphora/status/1811873006886748294","1109848278571474944","esthaphora"
"1811318527665778707","Fri Jul 12 15:03:52 +0000 2024","0","@ardisatriawan Napak tanah dulu pak baru bandingin gen z sini sm gen z luar. Udah jelas dari gaji dll ga sebanding.","1811778507883839771","","ardisatriawan","in","","0","0","0","https://x.com/asemanggasem/status/1811778507883839771","1407350525352366082","asemanggasem"
"1811744842416083031","Fri Jul 12 12:50:05 +0000 2024","0","Di Italia ada generasi bamboccioni Di Jepang ada generasi parasite singles Generasi ini lahir karena harga property nggak kejangkau gaji. It's not a rocket science untuk melihat gen z bakalan bergantung sama ortu","1811744842416083031","","","in","","0","0","0","https://x.com/LivingInNirwana/status/1811744842416083031","1776964511456776192","LivingInNirwana"
"1811718222296600723","Fri Jul 12 11:04:18 +0000 2024","0","Banyak mana sama yg nanggung orang tua gegara program pensiun ga jelas harga tanah mahal sehingga gaji habis buat KPR gadai SK dan biaya pendidikan mahal sehingga tabungan ortu habis terus masa tua yg nanggung si gen z ini Salah siapa coba?","1811718222296600723","","","in","","0","0","0","https://x.com/augenuous/status/1811718222296600723","1417472353013882888","augenuous"
"1811318527665778707","Fri Jul 12 05:50:39 +0000 2024","4","@ardisatriawan Saya gen z tapi orang tua dan adek bergantung sm saya . Cuman lulusan Smk gaji ga umr. Sekarang malah kontrak ga diperpanjang. Lucu banget hidup","1811639286195986733","","ardisatriawan","in","home sweet home","0","0","0","https://x.com/bekbonable/status/1811639286195986733","1401876594","bekbonable"
"1811566458100679109","Fri Jul 12 01:01:15 +0000 2024","0","Memang Gen Z ini manja pak harusnya lulus kuliah langsung cari kerja gaji 20 juta ke atas ya pak ","1811566458100679109","","","in","","0","0","0","https://x.com/mrpr07/status/1811566458100679109","123157638","mrpr07"
"1811535640556962125","Thu Jul 11 22:58:48 +0000 2024","0","sbg gen z angkatan paling tua nyari kerja as fresh graduate tuh susah bgt. ya syaratnya ya gaada relasi. Alhamdulillah dapet tapi gaji pun ngga stabil gimana projek. kebutuhan selama sebulan hampir gak ketutup. untungnya kalo makan masih aman ya itu karena tinggal sama ortu","1811535640556962125","","","in","Earth","0","1","0","https://x.com/marchmommy404/status/1811535640556962125","1730622882160738304","marchmommy404"
"1811318527665778707","Thu Jul 11 17:21:40 +0000 2024","12","@ardisatriawan Et emg lucu wkwkwkw. Dia pikir gaji gen Z seperti dirinya yg bisa beli rumah msh bisa jalan msh bisa rawat diri msh bisa foya . Malah adu nasib sm gen z yg asam lambung kumat dibawa tidur","1811450801648493011","","ardisatriawan","in","EXO Planet","0","1","1","https://x.com/chionyctophilee/status/1811450801648493011","1646548008","chionyctophilee"
"1811222165737685275","Thu Jul 11 02:18:08 +0000 2024","1","@tanyarlfes Gaji 600k/hari?","1811223416672018936","","tanyarlfes","in","Fairytale","0","0","0","https://x.com/SayaGenZ/status/1811223416672018936","1528389839191953408","SayaGenZ"
"1811210858875572535","Thu Jul 11 01:57:13 +0000 2024","16","@worksfess memang keterima kerja itu bukan soal kandidatnya bagus atau ga bagus tapi cocok ga cocok cocok sama budaya perusahaan cocok sama gaji cocok sama user cocok sama kompetensi yang dibutuhkan. jadi aku saranin buat yang ga lolos lolos interview jangan anggap kalau kalian tu ga","1811218154577916230","","worksfess","in","freiburg","0","0","1","https://x.com/hrdgenz/status/1811218154577916230","1614987151246229504","hrdgenz"
"1811070007297855604","Wed Jul 10 16:08:32 +0000 2024","1","mending kerja digaji 20 juta tapi bersyukur daripada kerja gaji 3 juta tapi foya foya","1811070007297855604","","","in","freiburg","0","0","0","https://x.com/hrdgenz/status/1811070007297855604","1614987151246229504","hrdgenz"
"1811066922135605715","Wed Jul 10 15:56:16 +0000 2024","1","agree sm pernyataan kak albertus axel kl menahan lifestyle dgn cara disiplin secara finansial belajar budgeting dan konsisten investasi hrs mulai diterapin buat gen z krn inflasi di indonesia bahkan dunia lg gila-gilanya. kenaikan gaji ga seimbang sm angka inflasi pertahunnya","1811066922135605715","","","in","","0","2","0","https://x.com/kiraayss/status/1811066922135605715","1075709297760395264","kiraayss"
"1791423426080702821","Wed Jul 10 08:27:04 +0000 2024","41","@GabRey99 Karena generasi diatas gen z banyak yang memaksa gen z untuk jadi tulang punggung keluarga. Gaji ga seberapa tapi dipalakin mulu. Kalo ga setor nanti bilangnya anak durhaka. Terus rajin banget bahas dulu ibu biayain km sampe gede padahal itu emg kewajiban ortu wkwk","1810953873546432863","","GabRey99","in","PPH21 Genk","0","0","1","https://x.com/gresdisiniya/status/1810953873546432863","1672548320554938368","gresdisiniya"
"1810551796936683655","Wed Jul 10 07:40:24 +0000 2024","0","@andikamalreza HRD nya gimana sih jejak digital kaya gitu bisa jadi mentri giliran gen Z mau nyari kerja gaji umr aja jejak digitalnya di korek abis abisan","1810942131231433075","","andikamalreza","in","","0","0","0","https://x.com/illussatire/status/1810942131231433075","1232240006137204739","illussatire"
"1810851348247920876","Wed Jul 10 04:00:59 +0000 2024","13","@DS_yantie anak konglomerat dikasih fasilitas mewah beasiswa gaji gede. Herannya dipuji milenial dan gen Z miskin. Itulah sebabnya kualitas pendidikan di konoha sengaja dibikin hancur dengan menteri abal2 giveaway. Rakyat tolol adalah koentji.","1810886913039159603","","DS_yantie","in","Occupied Indonesia","0","1","2","https://x.com/Arth168/status/1810886913039159603","2226372536","Arth168"
"1810534734218563700","Wed Jul 10 03:48:44 +0000 2024","1","@worksfess Ga cuma boomer gaes yg diatas gen z ini juga otaknya banyak yg kolot. Kasian anak2 yang mau kerja jadi tulang punggung ga bisa dikasih kesempatan mau gaji at least umr (minimal bgttt). Moga hrd yg merasa pahlawan ngurangin cost gaji/ownernya yg kek gini Hidupnya bakal sial","1810883832742306191","","gamonbeing","in","","0","1","0","https://x.com/gamonbeing/status/1810883832742306191","882182419","gamonbeing"
"1810821250547401079","Wed Jul 10 00:26:22 +0000 2024","72","@DokterTifa Gen z terlalu asyik dgn hpnya Bu apatis thd lingkungan apalagi politik.pejabat terlalu nyaman dgn gaji dan fasilitasnya.golongan bwh terlalu pusing dgn cara bertahan hidupnya.","1810832901640249529","","DokterTifa","in","Indonesia","0","3","2","https://x.com/wynn_517/status/1810832901640249529","4683061034","wynn_517"
"1810466253288706091","Tue Jul 09 02:54:54 +0000 2024","52","@5teV3n_Pe9eL Gen Z sangat ga dianjurkn ngambil jurusan guru cari yg lain klo memang suka dunia pendidikan jgn ambil guru serius bgt ini asli sengenes itu gaji guru honor cuma 300an itupun dibyr per 3bulan bayangin gajimu cuma 100rb/bulan bayangin aja dlu","1810507894108102788","","5teV3n_Pe9eL","in","","3","23","7","https://x.com/Sorayaame/status/1810507894108102788","1567733923479982081","Sorayaame"
"1810463397366075411","Tue Jul 09 02:06:29 +0000 2024","0","@cithetic oalah gen z gen z pas kuliah males2an tpi nyari kerja yg bisa tiduran dan gaji melimpah. serah lu dah gen z. wkwkwk","1810495711668220085","","cithetic","in","","0","0","0","https://x.com/faktur_ackerman/status/1810495711668220085","1479654975319908362","faktur_ackerman"
"1810317177494573512","Mon Jul 08 14:17:03 +0000 2024","0","Storage Box Stop Kontak https://t.co/56p5pqGMc9 cable manager stop kontak kotak listrik pengatur kabel kotak charger kado nikahan kado ultah colokan aman rumah ramah anak toddler pengaman anak pengaman listrik gajian belanja 7.7 bonus cair gaji gen z dekorasi https://t.co/ygzLK6thSE","1810317177494573512","https://pbs.twimg.com/media/GR-J3xga0AAQ0yc.jpg","","in","","0","0","0","https://x.com/livynlune/status/1810317177494573512","1555558313688895489","livynlune"
"1810224033440698795","Mon Jul 08 08:06:56 +0000 2024","0","Sorry to say but aku cukup tak suka bila orang pukul rata pasal gen z ni tak competent la bila bekerja. Cepat koyak la bagai. Tapi bila bab nak exploit org no 1. Kerja banyak gaji ciput. Benefits takde.","1810224033440698795","","","in","","0","0","0","https://x.com/audinbil/status/1810224033440698795","1661716930649280515","audinbil"
"1809883651704037786","Sun Jul 07 09:34:23 +0000 2024","0","bener gen z banyak yg redflag di dunia kerja gamau susah tapi mau gaji banyak itu bukan smart work tapi males aja.","1809883651704037786","","","in","","0","2","0","https://x.com/ke2andhermind/status/1809883651704037786","1432251485266407427","ke2andhermind"
"1809833732838416426","Sun Jul 07 06:16:01 +0000 2024","11","Terlalu boomer untuk bersembang dengan gen Z Gaji besaq dia tu berapa?","1809833732838416426","","","in","","0","1","2","https://x.com/markonahajis/status/1809833732838416426","228180161","markonahajis"
"1809544381244010753","Sat Jul 06 11:06:14 +0000 2024","0","Berdasarkan hasil survei Jakpat dan Jangkara 2024 sebanyak 40 persen Gen Z menilai besaran gaji yang ideal Rp 5 juta-Rp 10 juta. https://t.co/IWbriaQXuZ","1809544381244010753","","","in","Jakarta","0","1","0","https://x.com/kompascom/status/1809544381244010753","23343960","kompascom"
"1809475755451248972","Sat Jul 06 06:33:33 +0000 2024","1","Berdasarkan hasil survei Jakpat dan Jangkara pada 2024 yang melibatkan 1.377 responden gaji menjadi faktor utama Gen Z saat memilih pekerjaan. https://t.co/KNwx2wVf0l","1809475755451248972","","","in","Jakarta","0","0","1","https://x.com/kompascom/status/1809475755451248972","23343960","kompascom"
"1809338425151246575","Fri Jul 05 21:27:51 +0000 2024","0","jadi admin atau resepsionis? kalau jadi admin enak bgt siii gaji 4.5jt. yg ga enak resepsionisnya mesti ketemu orang. wkwkwk not my league.","1809338425151246575","","","in","","0","0","0","https://x.com/sugses/status/1809338425151246575","1165112558","sugses"
"1809186481250218202","Fri Jul 05 11:24:04 +0000 2024","0","Mengenali Kecenderungan Naker Gen Z: Mau WFA Gaji Moderat. Lembaga survei Jakpat berkolaborasi engan Jangkara merilis hasil survei tentang kecenderungan Generasi Z (Gen Z) terkait karir. -- Ikuti https://t.co/rSUxTcBexy #Ekbis #genz #karir #Surabaya via @beritajatimcom","1809186481250218202","","","in","Surabaya","0","0","0","https://x.com/beritajatimcom/status/1809186481250218202","21287066","beritajatimcom"
"1809022693083394190","Fri Jul 05 00:33:14 +0000 2024","0","Guyonan bulan ini: di kantor ada anak baru Gen Z ngeluh mulu gajinya dikit padahal dia juga udah tahu kalau gaji di sini performance based tak ada perbedaan orang baru/lama","1809022693083394190","","","in","Semarang, Jawa Tengah","0","0","0","https://x.com/ranger_maroon/status/1809022693083394190","1386966554428862466","ranger_maroon"
"1808508073662877725","Thu Jul 04 21:01:06 +0000 2024","0","@kegblgnunfaedh Anak sekarang pengen gaji gede kerja gampang Pengalaman NOL Hidup di dunia nyata ga sama kek angan Lapangan kerja banyak cuma ga mau ambil Itulah gen Z","1808969307973693515","","kegblgnunfaedh","in","","0","0","0","https://x.com/benksatan_kills/status/1808969307973693515","447030168","benksatan_kills"
"1808720374747836887","Thu Jul 04 07:25:19 +0000 2024","15","@fedtriyahya Tak ramai gen z n gen alpha nak study tgk abang kakak millenials buat loan study gaji 1.5k ja","1808764008520151078","","fedtriyahya","in","Paraparaumu, Kapiti Coast Dist","0","0","1","https://x.com/heinze940401/status/1808764008520151078","2536378785","heinze940401"
"1808721241714667842","Thu Jul 04 04:40:33 +0000 2024","0","Senang la majikan skrg sng nak tuduh employees buat hal / saje mc + trs potong gaji. Mybe ada segelintir camtu tapi x payah nak buat blanket statement Gen Z mmg problematic . Younger gen work their ass off pun xdpt value for money / cost of living like back then. So shush.!","1808722543005815129","","timzulq1","in","","0","0","0","https://x.com/timzulq1/status/1808722543005815129","1220488028436619265","timzulq1"
"1808349153162047790","Wed Jul 03 22:28:13 +0000 2024","0","@tanyarlfes ya logika aja anjir gaji rata² di indo dibawah 3jt(yg 5jt cuma jkt itupun ga semua perusahaan ngasi) belom harga bahan pangan dan papan yg semakin hari makin mahal. gen x aja yg punya rumah cuma dikit apa lgi gen z yg hidup diserba mahal yakali nikah masi ngontrak kasian anaknya","1808628840929112548","","tanyarlfes","in","","0","0","0","https://x.com/Austin588164642/status/1808628840929112548","1570315027256844289","Austin588164642"
"1808534171062829288","Wed Jul 03 16:12:01 +0000 2024","0","ya sis perlu diketuk dah ni gaji sa pun 1.8k tempat tinggal ehailing ulang alik makan minum smua tanggung sendiri tapi each month sa masi ada saving gurl be a smart Gen Z","1808534171062829288","","","in","Sabah, Malaysia","0","0","0","https://x.com/lipmattessss/status/1808534171062829288","1671067225883840514","lipmattessss"
"1808524049582358641","Wed Jul 03 15:31:48 +0000 2024","0","Gen boomer ngasih ide suruh gen millenial - gen z ngoding apknya mau bantah tp gen boomer yg gaji terus nanti pas udah jadi kalau pada gk suka nyalahinnya yg ngoding. Freak²!!","1808524049582358641","","","in","Ampel, Indonesia","0","0","0","https://x.com/riankangsrvsmtr/status/1808524049582358641","1616011529870270464","riankangsrvsmtr"
"1808381271749583177","Wed Jul 03 14:41:55 +0000 2024","1","@MasMasBiassaa HR itu kayanya satu circle sama yg kemaren ngejek gen Z karena nanya ada mess atau ngga. Padahal emang berhak nanya gaji dan fasilitas. Kan biasanya HR juga abis interview suka nanya ada yg mau di tanyain ga terkait pekerjaan atau hal lain? ","1808511492595081462","","MasMasBiassaa","in","Heaven is a place on earth w u","0","0","0","https://x.com/aloraeislyn/status/1808511492595081462","1456838028421328896","aloraeislyn"
"1808100899190956258","Wed Jul 03 12:46:00 +0000 2024","0","@Dee_Rose82 Mana yg nyalahin gen z mulu? Nih liat kerjaan boomer2 makan gaji buta","1808482323765330124","","Dee_Rose82","in","","0","0","0","https://x.com/gstayuananda/status/1808482323765330124","904333008","gstayuananda"
"1808458909968961996","Wed Jul 03 11:16:28 +0000 2024","0","nah itu yang tak rt harus ditiru hr indo nih drpda menghina hinu jobseeker gen Z pemalas belum apa-apa uda nanyain gaji lah kocak kerja aja buat nyari gaji.. jelas tanya","1808459792375251269","","ohyesohnoooo","in","hayodimana","0","0","0","https://x.com/ohyesohnoooo/status/1808459792375251269","1254668825544372224","ohyesohnoooo"
"1808357884570542544","Wed Jul 03 11:08:49 +0000 2024","0","@18fesss gaji 1M","1808457867143594071","","18fesss","in","freiburg","0","0","0","https://x.com/hrdgenz/status/1808457867143594071","1614987151246229504","hrdgenz"
"1808343561903263899","Wed Jul 03 10:23:59 +0000 2024","0","@ardisatriawan Cih dasar gen z cengeng itung2an. Gak punya jiwa pekerja keras attitude nol besar. Kalian itu harusnya bilang berapa gaji yg kalian mau biar kita bisa guilt trip kalian kalau kalian ngajuin gaji di atas UMR kalian bisa apa? Baru aja kerja udah minta gaji layak.","1808446581743763675","","ardisatriawan","in","","0","1","0","https://x.com/zuidprinsen/status/1808446581743763675","1591969631832797184","zuidprinsen"
"1808427867627491404","Wed Jul 03 09:09:37 +0000 2024","0","Di luar info gaji (range) yang seharusnya ada dari awal ini salah satu culture shock komunikasi Gen Z: ke-terus terang-an/bluntness yang gak perlu &amp; malah jadi ga sopan . Mohon info (range) gajinya udah cukup gak perlu apabila cocok maka saya akan mengirimkan CV ","1808427867627491404","","","in","Ibu kota yg semakin ringkih","0","0","0","https://x.com/riarno/status/1808427867627491404","77712437","riarno"
"1808389385886347291","Wed Jul 03 07:16:26 +0000 2024","0","@lily_prettyyy ya masa ga boleh nanya gaji aneh banget ini mirip2 sama yg viral kemaren yg masalah sama gen z nanya mes doang","1808399386805973401","","lily_prettyyy","in","","0","0","0","https://x.com/rasavocado/status/1808399386805973401","1097672575948271616","rasavocado"
"1808384524071649673","Wed Jul 03 06:17:23 +0000 2024","0","nah sebelumnya ada yg nanya gini tp dicounter belom kerja tp uda nanya gaji dasar Gen Z ","1808384524071649673","","","in","","0","0","1","https://x.com/KenapaGaDiaAja/status/1808384524071649673","272453787","KenapaGaDiaAja"
"1808369101125083509","Wed Jul 03 05:31:07 +0000 2024","1","@musyafasholi Oh salah banget justru yg tua2 yg gak nanyain gaji. Yg belom apa2 udah nanyain gaji lemburan mess jumlah cuti benefit di luar standar itu milenial &amp; gen z ","1808372881925234987","","musyafasholi","in","komplek yang banyak kucingnya","9","7","0","https://x.com/AdeptusAstartia/status/1808372881925234987","1449725228846764035","AdeptusAstartia"
"1807439750904910063","Tue Jul 02 10:59:22 +0000 2024","0","@__emeno @ricorinaldi Geram kan.. i pernah kena dgn Gen Z tk dtg iv but dia ws utk kali ke-2 nak attend iv. So kami bg position dkt dia bila dpt gaji dia blah 24jam. No manners hmm","1808093098876285052","","__emeno","in","Pahang, Malaysia","0","1","0","https://x.com/fazrinnatasha1/status/1808093098876285052","1240652746572754945","fazrinnatasha1"
"1808032003926941972","Tue Jul 02 08:51:25 +0000 2024","0","@nh_nh_ Cobain deh gaji 50 rb perhari. Apa gak ketar-ketir tuh Gibran Kaesang dan Gen Z pada umumnya. https://t.co/ZcnO4mNItd","1808060901968564576","","nh_nh_","in","Jakarta Capital Region","0","0","0","https://x.com/TwoKidsNoJob40/status/1808060901968564576","1409393623","TwoKidsNoJob40"
"1808023910459625504","Tue Jul 02 06:24:26 +0000 2024","0","gaji gen z abis buat beli aplikasi premium","1808023910459625504","","","in","","0","0","0","https://x.com/therealdusastr/status/1808023910459625504","1104623319968473088","therealdusastr"
"1807439750904910063","Tue Jul 02 03:00:34 +0000 2024","1","@ricorinaldi Gen Z in my circle la mohon gaji nak tinggi bila kerja no experience suka main game suka selfie suka post masalah disosial. Tidak focus. Tidak tau communicate dan sahsiah semua bawah expectation. Kalau yg bagus tu please la jaga. Sbb susah jmp.","1807972607175917954","","ricorinaldi","in","Malaysia","0","0","0","https://x.com/quezack2/status/1807972607175917954","1048908464229994498","quezack2"
"1807439750904910063","Mon Jul 01 12:02:50 +0000 2024","0","@ricorinaldi Aku pernah amik gen Z jadi kerani. Dah la mulut busuk macam longkang. Keje 1 bulan bg notis 24jam nk quit lepas dpt gaji. Aku tak sempat lg tegur mulut busuk dia. Last2 Malas ambil tindakan biar je la.","1807746685361381393","","ricorinaldi","in","Malaysia","0","0","0","https://x.com/johndoe8338/status/1807746685361381393","982135658952065024","johndoe8338"
"1807726935159758969","Mon Jul 01 10:44:21 +0000 2024","0","Gen z biasanya nk gaji 5k sbb tu kita replace mereka ngn AI","1807726935159758969","","","in","","0","0","0","https://x.com/AmniAzharan/status/1807726935159758969","1008533740123873280","AmniAzharan"
"1807723199477788836","Mon Jul 01 10:29:31 +0000 2024","5","Kalau dah kali ke-3 tu maybe bukan masalah Gen Z. Cer ejas gaji","1807723199477788836","","","in","Malaysia","0","0","0","https://x.com/fikerirazlan/status/1807723199477788836","1225718858742296577","fikerirazlan"
"1807676343066493331","Mon Jul 01 07:23:19 +0000 2024","1","Kalaulah nak stay ke tak tu diukur melalui gaji berapa ramailah agaknya housewife yang takde gaji dah kena tinggal tepi jalan.Tinggi mana pon gaji isteri level suami tetap lagi tinggi. Kuasa cerai pon kat tangan bapak nak takkanlah mak boleh pergi gitu je. Gen Z ni pelik","1807676343066493331","","","in","","0","0","0","https://x.com/MekSangBuaya/status/1807676343066493331","1729401330463297536","MekSangBuaya"
"1807439750904910063","Sun Jun 30 15:43:11 +0000 2024","6385","Ni dah masuk kali ke-3 candidate s Gen Z yang dah kita interview gaji dah setuju offer letter dah sign tapi esok patut masuk keje tiba2 hantar WhatsApp cakap xleh nak keje. Mmg culture ke canner? Maybe now senang dapat keje kot ","1807439750904910063","","","in","Kuala Lumpur","470","216","1977","https://x.com/ricorinaldi/status/1807439750904910063","153624228","ricorinaldi"
"1807429682004152559","Sun Jun 30 15:03:11 +0000 2024","1","lebih pilih kerja santai tapi gaji 10 juta atau kerja nyiksa batin gaji 2 juta?","1807429682004152559","","","in","freiburg","0","0","0","https://x.com/hrdgenz/status/1807429682004152559","1614987151246229504","hrdgenz"
"1807428916589867368","Sun Jun 30 15:00:08 +0000 2024","0","Gen z mh normalny dh mninggal gk si ditengah kehidufan yg kelam ini dgn gaji yg tdk sberapa","1807428916589867368","","","in","Indonesia","0","1","0","https://x.com/weirdlilyaya/status/1807428916589867368","1966621470","weirdlilyaya"
"1807115845468147941","Sun Jun 30 12:24:33 +0000 2024","2","@vwexcellent Gen Z &gt; Nikah muda &gt; kerja belum balance &gt; gaji kecil &gt; kredit motor &gt; ngontrak &gt; punya anak &gt; istri impulsif &gt; suami sakit &gt; kredit macet &gt; struggle literally slow living to the hell ","1807389762292207753","","vwexcellent","in","","0","0","1","https://x.com/LyixSuegar/status/1807389762292207753","1603958121676046337","LyixSuegar"
"1806631307046203458","Sun Jun 30 05:57:26 +0000 2024","3","@kegblgnunfaedh Hebat mbaknya disaat bnyk anak muda lulus kuliah pengennya kerja di kantoran dg gaji gede tp mbaknya justru bekerja yg dianggap hina gen Z. Justru dg kerja spt itu akan jd pondasi kehidupan dimasa depan yg kuat dan tangguh. Moga jd batu loncatan meraih cita2 yg membanggakan.","1807292342321483952","","kegblgnunfaedh","in","","0","0","0","https://x.com/ArsitaAkbar/status/1807292342321483952","1614218014806925313","ArsitaAkbar"
"1806565090784944579","Sat Jun 29 13:45:43 +0000 2024","0","@Shendy_M18 @kegblgnunfaedh Maklum gen z ogah capek mau nya gaji gede Di kira pabrik moyang lu x yak","1807047800011755628","","Shendy_M18","in","","0","0","0","https://x.com/kodok_anti/status/1807047800011755628","1603528748761878530","kodok_anti"
"1807013892431774046","Sat Jun 29 11:30:59 +0000 2024","3","alasan knp seru banget lahir jadi gen z di Indonesia dan keluarga yg ga punya previlage. 1. diunderestimate boomer sama milenial 2. potensi resesi 3. pemerintah tolol 4. gaji kecil 5. harga properti selangit 6. nyari kerjaan susah 7. mayoritas jadi sandwitch 8. prabowo menang","1807013892431774046","","","in","","2","0","1","https://x.com/bukanyourtype/status/1807013892431774046","1201414040896987138","bukanyourtype"
"1806303160077853141","Thu Jun 27 17:13:09 +0000 2024","0","@kegblgnunfaedh Gen z gak bakal percaya gaji 2juta udah bisa nabung ngasih orang tua hura hura liburan &amp; nongki sana sini.","1806375226193932702","","kegblgnunfaedh","in","","0","0","0","https://x.com/ibnuuhasann/status/1806375226193932702","292733615","ibnuuhasann"
"1806290196545298932","Thu Jun 27 12:31:10 +0000 2024","105","@xiayuejiu selamanya mau kerja dimanapun akan terus-menerus merasakan sakit hati I knowwww it for sure tapi kalau gak sesuai jobdesk dan gaji kecil bener2 buat stress yaudah mau gmn lagi. skrg fokus upgrade skill diri dan berdoa semoga dpt kerjaan yg layak bisa dpt bpjs dll.","1806304261476917552","","xiayuejiu","in","","0","1","8","https://x.com/sugses/status/1806304261476917552","1165112558","sugses"
"1806243338892476929","Thu Jun 27 08:29:05 +0000 2024","0","1. biaya produksi mahal 2. gaji aktor/aktris mulai naik 3. skrg zaman gen z kebanyakan nonton di ott bukan di tv lagi selain itu mungkin jg biar alur cerita dramanya lebih padat dan gk bertele-tele ‍️","1806243338892476929","","","in","in kdrama world ✿","0","0","0","https://x.com/geohyoseon/status/1806243338892476929","1735419953132756992","geohyoseon"
"1805999206974583262","Wed Jun 26 16:19:58 +0000 2024","0","Gen z mah asal gaji oke lu suruh kerja sampe lambung bocor juga rela pak. Underpaid banyak request ","1805999455747051563","","forcession","in","","0","1","0","https://x.com/forcession/status/1805999455747051563","1321620352032669696","forcession"
"1805940538400809172","Wed Jun 26 12:28:29 +0000 2024","0","Dia nangis terus cerita dia bilang dia habis di omongin ama dokter spesialis karena dia pulang ontime. Kata dokternya minimal perawat pulang jam 7 gini ya kelakuan gen z dan dia diomongin gini udah 2x. Posisi dia anak pkl dan smk plus tidak di gaji ","1805941200199024724","","Tiyfat","in","Hotel De Luna 🌕","0","1","0","https://x.com/Tiyfat/status/1805941200199024724","192800431","Tiyfat"
"1805928852641956210","Wed Jun 26 11:39:26 +0000 2024","0","Mereka bilang Gen Z tuh generasi yang paling bisa nerima banyak informasi percaya diri dan gak suka basa basi karena mereka udah liat problem yang dihadapi sama generasi milenial: Sering gak tau informasi tentang gaji dan jenjang karier sebelum mulai kerja.","1805928854860800285","","girlsbeyond_id","in","","0","1","0","https://x.com/girlsbeyond_id/status/1805928854860800285","1542347235836727296","girlsbeyond_id"
"1805791381631516844","Wed Jun 26 02:33:10 +0000 2024","0"," Join the TugasGenZ Squad! We're looking for awesome workers to join our team! Keuntungan: Gaji kompetitif Bisa kerja dari mana aja Join tim yang dinamis dan mudah Interested? Chat us on WhatsApp: https://t.co/CMPofayeAK #zonauang #ZonaBA #jokitugas #opentimjoki","1805791381631516844","","","in","𝐅𝐀","0","0","0","https://x.com/jokiTugasGenZ/status/1805791381631516844","1380382243042947072","jokiTugasGenZ"
"1805776680809906269","Wed Jun 26 01:34:45 +0000 2024","5","Ngurusin paket aja gak beres. Gitu minta gaji setara senior sampe minta ordal yg maju ke direktur. Mau heran tapi ini gen z.","1805776680809906269","","","in","East Java, Indonesia","0","10","0","https://x.com/babybreaths__/status/1805776680809906269","1292839371847024640","babybreaths__"
"1805619423363080421","Tue Jun 25 15:09:51 +0000 2024","0","tapi editor enha beneran kudu naik gaji anjir suka bangettt konsepnya sangat mencerminkan remaja gen z masa kini tinggal debut majalah sampul sekolah","1805619423363080421","","","in","she/her. legal.","0","0","0","https://x.com/chimedens/status/1805619423363080421","1584068285846650881","chimedens"
"1805174488637784102","Tue Jun 25 09:43:53 +0000 2024","2","@tvOneNews Gen Z itu generasi paling malas lelet dan Tidak disiplin. Diberi beban dan tugas berat dia protes tp giliran gaji dipotong Krn kesalahan mereka. Teriak spt teraniaya seumur hidup padahal kerja masih training sebulan jalan.","1805537390288846985","","tvOneNews","in","Qatar","0","0","0","https://x.com/Kacaback678910/status/1805537390288846985","1111595565232459776","Kacaback678910"
"1805455826217582630","Tue Jun 25 04:19:47 +0000 2024","4","Menjadi Pegawai Negeri Sipil (PNS) nampak menjadi cita-cita untuk sebagian besar masyarakat Indonesia dikarenakan gaji serta jaminan hari tua yang menjanjikan. Hmm tapi apakah PNS masih menjadi profesi yang bergengsi dan menarik di mata Gen Z? Berikut hasil survei Populix https://t.co/HR2lRbBijF","1805455826217582630","https://pbs.twimg.com/media/GQ5EGNabwAEuGIR.jpg","","in","Jakarta Capital Region","0","0","0","https://x.com/populixco/status/1805455826217582630","1250405042101747712","populixco"
"1805422379499405394","Tue Jun 25 02:11:32 +0000 2024","0","Tapi tetep ya namanya manusia kan butuh UANG yah. Jadi ketika lagi cari kerja faktor utama yang jadi pertimbangan saat memilih kerja: gaji. Tapi menurut Gen Z gaji kisaran 5-10 juta tuh oke oke aja gak terlalu rendah atau terlalu tinggi https://t.co/uuYhhGOQeq","1805423553078247833","https://pbs.twimg.com/amplify_video_thumb/1805423473642323970/img/YkTGO--I2XHU_LwN.jpg","jurno_id","in","Baca 👉","0","1","0","https://x.com/jurno_id/status/1805423553078247833","1278195993796698112","jurno_id"
"1804500550211563936","Mon Jun 24 12:10:43 +0000 2024","0","@ayakawatooru Gua yakin lu masih beban ortu alias msh numpang. Buat makan aja sehari itu bs abis sampe 150ribu lu makan 2 minggu aja udah abis itu gaji. Btw buat gua beli game 2 biji di steam aja udah lgsg abis jg itu. Dahlah drpd gua semakin julid ke gen z kita sudahi saja ya ","1805211954216345797","","reognain","in","","0","1","0","https://x.com/reognain/status/1805211954216345797","1638652483177439233","reognain"
"1804500550211563936","Mon Jun 24 12:03:16 +0000 2024","0","@ayakawatooru Yah emg gaji lu beneran menyedihkan gua pas FG di thn 2017 aja dpt 7x lipat dr itu aja ngerasa kurang dan ujungnya resign. Gen z ini emg attitudenya terbukti pd ancur ya gaji lu segitu aja udah bs songong ngatain orang ini itu ga abis pikir mana ini keluar dr mulut guru lg ","1805210076468433228","","ayakawatooru","in","","0","1","0","https://x.com/reognain/status/1805210076468433228","1638652483177439233","reognain"
"1805032990646603950","Mon Jun 24 00:19:35 +0000 2024","0","Zaman sekarang kena ada kemahiran. Kebanyakan Gen Z lebih suka kerja sendiri dari kerja makan gaji. Lebih kebebasan dan lebih mudah untuk dia membuat keputusan. Jurang pemikiran antara Gen Z X dan baby boomers juga antara faktor menyebabkan Gen Z lebih suka bergerak sendiri.","1805032990646603950","","","in","Selangor, Malaysia","0","0","0","https://x.com/ElZaliffa/status/1805032990646603950","1600487608450269184","ElZaliffa"
"1804898276736655748","Sun Jun 23 15:24:17 +0000 2024","1","Ternyata bener jg gen Z klo kerja gaji kecil tu mikir hehe","1804898276736655748","","","in","","0","0","0","https://x.com/sayaguyon/status/1804898276736655748","1306973078799360004","sayaguyon"
"1804828067585839366","Sun Jun 23 15:16:42 +0000 2024","4","@DarneNyoman @CNNIndonesia Kaesang &amp; Gibran disuruh kerja yg g boleh capek2. Persis gen z jaman skrng. Ingin kerja santai tp gaji tinggi.","1804896369112723558","","DarneNyoman","in","","0","2","1","https://x.com/AryaZulvikar/status/1804896369112723558","1449053263","AryaZulvikar"
"1804874178283336184","Sun Jun 23 13:48:31 +0000 2024","2","(+) - a super fun team - ga ada politik kantor - banyak gen z - flexible working arrangement - no absen bebas dateng jam berapa aja wkwk (yg penting fastresp) - izin wfh gampang - growth ok - work with a view - privilege (-) - gaji b aza (prolly bc masih entry lvl)","1804874178283336184","","","in","he/they","0","1","0","https://x.com/9OSREMIX/status/1804874178283336184","1249006047773122560","9OSREMIX"
"1804826405068271736","Sun Jun 23 10:38:41 +0000 2024","0","Kok ada lagi aja sih boomer yg nyinggung soal ekspektasi gaji Gen Z? Emang salah kl FG pengen punya gaji 2 digit? Mereka punya ekspektasi gaji segitu mungkin tau value mereka sendiri dan ngincer masuk MT di MNC ga akan ke perusahaan lu larinya","1804826405068271736","","","in","","0","0","0","https://x.com/littledaisyy__/status/1804826405068271736","1125805180480417792","littledaisyy__"
"1804752006097354862","Sun Jun 23 05:43:03 +0000 2024","0","lucunya gen Z syarat mw nikah adlh wanita harus kerja...minimal gaji 3jeti...supaya calon suami bisa mokondo kan byak tu yg post q uda bisa cari uang sndiri ","1804752006097354862","","","in","Kapas madya surabaya Indonesia","0","0","0","https://x.com/massabili/status/1804752006097354862","764494778322989056","massabili"
"1804035581779067350","Sat Jun 22 18:35:16 +0000 2024","9","@akunyakul Juta gaji 5-10 juta pun juga ga bakal tembus (ini ngomong most of gen z bukan yang anomali) kasih gebrakan dibilang ngerusak tatanan diem ngelempem ngikutin aturan dan cara kerja orang lama dibilang kureng kreatif dan malez","1804583954512806275","","suenoseeker","in","","0","1","0","https://x.com/suenoseeker/status/1804583954512806275","1456400811706126336","suenoseeker"
"1804035581779067350","Sat Jun 22 18:33:11 +0000 2024","114","@akunyakul Dikit2 salah gen z dikit2 salah gen z gen z pulang teng waktu pulang ngamok dahal jam kerjanya emang segitu ga royal ga royal ke perusahaan emang kau royal ke anak buahmu ? Ga bisa nabung beli rumah yo jelas inflasi tinggi dah gitu gaji dikit harga rumah di kota 1m bisa 40","1804583428601626679","","akunyakul","in","","0","1","2","https://x.com/suenoseeker/status/1804583428601626679","1456400811706126336","suenoseeker"
"1804143089734553911","Sat Jun 22 08:12:50 +0000 2024","5","@chillucksba @worksfess Kalau diliat dari culture worknya enak banget. Hampir kagak ada preassure. Paling cuma sedikit capek ngelive + ngatur mood biar tetep stabil. Rata rata Gen Z semua disini. Kerjaan gak dibawa ke rumah + gaji enak. Alasan resign karena sekarang sistem kartap dipindah ke outsource","1804427311166673240","","criterifed","in","","0","1","0","https://x.com/criterifed/status/1804427311166673240","1403651876957036545","criterifed"
"1804332700549120285","Sat Jun 22 07:21:13 +0000 2024","0","@tanyakanrl bukan cuman gen z aja nder semua generasi pasti ada kok yg ngalamin kyk gini gaji gak seberapa tpi harus nghidupin 1 keluarga walau belum nikah tapi dulu banyak yg mau diajak susah bareng nanggung bareng kalau skrg banyak wanita yg udh melek soal ini","1804414323122688244","","tanyakanrl","in","","0","1","0","https://x.com/TahuBacem2121/status/1804414323122688244","1655233038463410178","TahuBacem2121"
"1804342076211146974","Sat Jun 22 02:34:08 +0000 2024","3","Gue si Gen Z yg kerja di dapur itu. Boro2 work life balance kerja bisa 14jam sendiri mana gaji pekerja FnB kecil di indo.Kdg kalo libur lebaran aja bisa opening-closing gaada tuh dongeng. Org kalo udah sebel tuh emg gitu","1804342076211146974","","","in","","0","1","0","https://x.com/eeenjeeelii/status/1804342076211146974","4411028204","eeenjeeelii"
"1804193277387903373","Sat Jun 22 01:59:49 +0000 2024","4","@hrdbacot Terus kalau tertekan dibilang mental yupi gen Z lemah kalau ngundurin diri makin dihujat wkwkwk kocak geming mau yg profesional dgn gaji yg sangat amat minimal blm lagi di indo tu kebanyakan sok merasa superior","1804333438528557094","","hrdbacot","in","Indonesia","0","0","0","https://x.com/Jiliaryuu/status/1804333438528557094","1546077013097648130","Jiliaryuu"
"1804264366562542032","Fri Jun 21 21:25:21 +0000 2024","2","gen z gen z mulu kontol padahal yg bikin kita susah idup adalah GENERASI LO MONYET. Memperkerjakan orang kasih gaji kecil tp mau untung banyak mimpin negara tp mikir uang doang kerjaanya budakin anak muda trs koar2 doang. konten lo jg sampah btw ","1804264366562542032","","","in","","0","1","0","https://x.com/mmfkshi/status/1804264366562542032","1743914028429381632","mmfkshi"
"1804078500552544547","Fri Jun 21 17:45:46 +0000 2024","31","@praburevolusi Terimakasih pak @jokowi Saya sudah jadi komisaris dengan gaji yang cukup buat keluarga saya Menjilat dengan modal intelektual adalah sesuatu yang patut dicontoh gen Z Dimana uang adalah tuhan. Selamat pagi semua sahabat opurtunis. Kalian memang ","1804209105768452257","","praburevolusi","in","","0","3","5","https://x.com/logika_saia/status/1804209105768452257","1778609483121655808","logika_saia"
"1803634197367603272","Fri Jun 21 12:38:48 +0000 2024","0","@hrdbacot aku masuk ke gen z ga? kelahiran 05L kerja 17 jam setiap hari libur seminggu sekali libur dipake kuliah dari jam 7 sampe jam 5 sore besoknya kerja lagi gaji jauh dari umr padahal tinggal dan kerja di jakarta","1804131856511893991","","hrdbacot","in","","0","0","0","https://x.com/akupunyamacan/status/1804131856511893991","1472216436428787717","akupunyamacan"
"1804128533989724645","Fri Jun 21 12:25:36 +0000 2024","0","Gw tadi dengerin zoom soal profesi hakim buat genzi pembicara fokus pda flexing gaji dll. Gw expect pertanyaan gen z bakalan kek gimana cara jadi hakim eh mostly pertanyaan kritikan smua wkwk soal putusan kpu soal kompetensi hakim soal ultra petita wkwk.","1804128533989724645","","","in","","0","0","0","https://x.com/jisoofficiall/status/1804128533989724645","1077041117420445696","jisoofficiall"
"1804059507204723065","Fri Jun 21 07:51:18 +0000 2024","0","Pernah kerja sama gen z bikin elus dada tiap hari Diajarin ngeyel dinasehatin ngegas dikasih kerjaan manyun-manyun kerja maunya pas ada atasan katanya biar kelihatan kalo dia kerja datang telat istirahat mau cepat-cepat iri sama gaji orang yg lebih tinggi *c","1804059507204723065","","","in","","0","1","0","https://x.com/comelsamawa/status/1804059507204723065","1436182437088751618","comelsamawa"
"1804058058299183585","Fri Jun 21 07:45:33 +0000 2024","0","&lt;p&gt;Faktor gaji masih menjadi penentu terbesar preferensi memilih pekerjaan oleh Gen Z. Sementara 95% responden Gen Z sepakat &amp;nbsp;&lt;em id= isPasted &gt;work life balance&lt;/em&gt; penting bagi kehidupan mereka&lt;/p&gt; https://t.co/McvKURpjwj","1804058058299183585","","","in","Jakarta Capital Region, Indone","0","0","0","https://x.com/validnewsid/status/1804058058299183585","874558344593195008","validnewsid"
"1804054113010733379","Fri Jun 21 07:29:52 +0000 2024","0","mas ku bikin sw gen z manja weeww helloww yg udh di sekolahin s2 tp ga cari kerja yg bagus dan ngandelin gaji dr ortuku sape yee","1804054113010733379","","","in","she/her","0","0","0","https://x.com/linonenkiyowo/status/1804054113010733379","1112921578877014016","linonenkiyowo"
"1803440124618834335","Fri Jun 21 07:29:13 +0000 2024","12","@gastronusa 20 jam kalo buat usaha sendiri gass tp kalo buat orang lain skip dulu... emang situ berani gaji brp kok berani bilang lemah2 Situ ngomentari gen z lemah udah kerja 20 jam sehari blm? ","1804053948262740325","","gastronusa","in","Unknown","0","0","0","https://x.com/joki_ambis/status/1804053948262740325","1671998961970974720","joki_ambis"
"1804030112519827835","Fri Jun 21 05:54:30 +0000 2024","0","wkwk gen Z buka usaha aja ga si biar ga bergantung sm jam kerja yg ditentuin org lain. sedih amat diginiin mulu sm orang2 tua pemikiran cetek kaya gini. mau 8jam 20jam kalo ga sesuai sm gaji dan kerjaannya jg gen a-y jg bakal pilih2 deh. iya iya si paling kuat tahan lama ","1804030112519827835","","","in","using wifi and data","0","0","0","https://x.com/orisatoori/status/1804030112519827835","1141784462608363520","orisatoori"
"1804014200152551637","Fri Jun 21 04:51:16 +0000 2024","1","Temen temen gue gen z banyak ko yg kerja d jepang katanya kerja manusiawi cuma rulesnya aja yg lebih ketat. Kalau lembur ada gaji lembur. Kalau d sini kan lembur ga d gaji katanya loyalitas Ya kalau kerja 20 jam tanpa ada uang lembur gen apapun juga ga mau bjirr. Lu aja","1804014200152551637","","","in","스쿠나 마음 ❤","0","0","1","https://x.com/muichi_ryoumen/status/1804014200152551637","1528638228323962880","muichi_ryoumen"
"1803992331642917085","Fri Jun 21 03:24:23 +0000 2024","0","I don t care mau gen z dikatain kek ape. Yang paling penting w bisa dapet gaji sama bonus buat beli ketoprak sama makan di warmindo","1803992331642917085","","","in","Jakarta Capital Region","0","0","0","https://x.com/bagindamaulanaa/status/1803992331642917085","354736167","bagindamaulanaa"
"1803982344967373279","Fri Jun 21 02:44:42 +0000 2024","0","Yeuu anjink gue disuruh kerja diatas 12 jam tapi gaji dibawah umr juga ogah apalagi gaji dibawah 2jt. Dibanding mikirin gen Z yang terlalu pemilih soal kerjaan kenapa lo gak kepikiran kalo para recruitment cuma mau tenaganya doang tapi pelit soal upah?","1803982344967373279","","","in","beomgyu - jennie solos","0","0","0","https://x.com/beomgyuluvies/status/1803982344967373279","987844111427235840","beomgyuluvies"
"1803823337107558525","Fri Jun 21 02:31:41 +0000 2024","1","@sugarchc12 iya kesel bgt sama hr yg punya pemikiran gini wkwk dikira mereka yg nyantumin loker max umur 25 itu dari generasi mana kalo bukan gen z mana persyaratannya gak ngotak harus bisa ini itu tapi gaji seenaknya padahal banyak gen z yg pada ambis daripada generasi sebelumnya","1803979070444835117","","sugarchc12","in","Adn'","0","0","0","https://x.com/evestar_/status/1803979070444835117","1706594761","evestar_"
"1803440124618834335","Fri Jun 21 02:07:12 +0000 2024","1","@gastronusa @mrs_khannn Apasi anyg. Replymu sinting banget. Overwork dibilang lemah. Standart gaji di Indo udh memenuhi belum? Kadang sok iye banget si paling anti gen z","1803972910320882009","","gastronusa","in","Lyon, France","0","0","0","https://x.com/alalaabraham/status/1803972910320882009","1343063997671567361","alalaabraham"
"1803337162278183411","Thu Jun 20 17:54:47 +0000 2024","0","@tanyarlfes Gw Gen Z kerja di angkringan gajinya cuma 1jt juga gw lakuin no resign2. Karena gw mencoba bersyukur lebih baik kerja gaji kecil daripada nganggur cari kerja juga susah wkwkwk kerja 13 jam padahal ","1803848989579842015","","tanyarlfes","in","","0","0","0","https://x.com/Ofik_bimas69/status/1803848989579842015","1784074317455917056","Ofik_bimas69"
"1803842694567072052","Thu Jun 20 17:29:46 +0000 2024","0","Ya namanya juga udh punya tanggungan sih wajar kalau harus beneran usaha sepenuh hati gw gen Z tahun 98 tp tujuan gw sekarang nyari kerja cuman satu ya cuman kenyamanan kerja ama jam kerja serta jobdesk yg bener aja soal gaji ya asal UMK gw dh syukur banget.","1803842694567072052","","","in","","0","0","0","https://x.com/f4d_1L/status/1803842694567072052","1284380306816954368","f4d_1L"
"1803811544272359702","Thu Jun 20 15:26:00 +0000 2024","0","Terlalu ngepush anak Gen Z mental lemah padahal loker di negara ini aja yang banyak mau dan maunya ngasih gaji kecil. Di LN kalau bidang A ya jobdescnya A aja gak palugada cuannya juga lebih banyak","1803811544272359702","","","in","","0","0","0","https://x.com/sungaci/status/1803811544272359702","784645764232257539","sungaci"
"1803810290599137473","Thu Jun 20 15:21:01 +0000 2024","0","ga di tiktok ga di twt sampe ke linkedln gen z di bawa2 mulu dah dari yg ga mau cape kerja dari yg gengsi dari ini itu ga semua gen z dari orang kaya bjir gen z yg kerja 12 jam dengan gaji cuma under 2 jt tuh masih banyakkkk woy","1803810290599137473","","","in","","0","0","0","https://x.com/rynabluu/status/1803810290599137473","1337597837937262592","rynabluu"
"1803797685532778919","Thu Jun 20 14:30:55 +0000 2024","0","di instagram pernah ada HRD ngejelekin Gen Z terus komentarnya pada Gen Z yang fresh graduate pada minta gaji UMR LAH!? BUKANNYA UMR TUH KAYAK BATAS BAWAH YA???? kata gue banyak perusahaan ngejatuhin gen-z karena kita well-informed dh biar kira cuman mantum lan nrimo.","1803797685532778919","","","in","mars.","0","0","0","https://x.com/whosthatcoolkid/status/1803797685532778919","978818877080485888","whosthatcoolkid"
"1803789142792544266","Thu Jun 20 13:56:59 +0000 2024","1","As a Gen Z gw pernah kerja from 9 to 11 yup selalu lebih dari 12 jam waktu gw di TV.. gaji kecil atasan toxic lingkungan banyak gosip intinya gak asik","1803789142792544266","","","in","Jakarta Capital Region","0","1","0","https://x.com/fomalhaut_dust/status/1803789142792544266","1141737110690394113","fomalhaut_dust"
"1803786438921887908","Thu Jun 20 13:46:14 +0000 2024","0","Wkwk indo nih lucu ya? Bikin persyaratan kerja se strict ini giliran gen z pada milih kerja dan sukses dan menetap di LN dikatain gak cinta tanah air. Ya sekarang mikir aja jingan dengan persyaratan yg gak ngotak gini jam kerja yg overwork tapi gaji mepet umr.","1803786438921887908","","","in","she/her 22's🔞","0","0","0","https://x.com/yoyowhasup_/status/1803786438921887908","987982642967527425","yoyowhasup_"
"1803746389094170653","Thu Jun 20 11:07:05 +0000 2024","0","gue bukan gen Z juga ogah kerja 20 jam. ujungnya duit gaji buat beli obat itu mah","1803746389094170653","","","in","","0","0","0","https://x.com/Kenawhysii/status/1803746389094170653","1111830077375811584","Kenawhysii"
"1803735118131216457","Thu Jun 20 10:22:18 +0000 2024","0","[Pekerjaan yang Cocok untuk Gen Z di Filipina. Gajinya Bisa Sampai 2 Digit Lho!] Hello Cationers!! Siapa yang punya impian untuk kerja di luar negeri terus dengan gaji 2 digit nihh Filipina menawarkan peluang karier untuk Cationers apalagi kamu yang anak Gen Z nih. https://t.co/kc5SEP7G7d","1803735118131216457","https://pbs.twimg.com/media/GQgnht6asAAPSot.jpg","","in","","0","0","0","https://x.com/hellocationofc/status/1803735118131216457","1462357150433382411","hellocationofc"
"1803726102117969986","Thu Jun 20 09:46:29 +0000 2024","1","Emang mereka-mereka si paling bukan gen z ini sebetulnya ngerasa iri aja karena gen z mulai bisa bersuara tentang hak-hak. Kayak ini nih lo mau disuruh kerja 20 jam tapi biasanya dgn gaji gak sepadan?? Wajar dong kalau gen z mengeluhkan itu","1803726102117969986","","","in","20+","0","0","0","https://x.com/kxmsato/status/1803726102117969986","1334371381006409730","kxmsato"
"1803689438477738043","Thu Jun 20 08:15:53 +0000 2024","28","@BudiBukanIntel cuan sepadan ilmu juga dapet. yg kocak nerapin standar jpg disini tp gaji dan ilmunya kaga ngikut trs ngatain gen Z lemah","1803703304117178783","","arkassssabbiqe","in","","0","1","3","https://x.com/arkassssabbiqe/status/1803703304117178783","1744056207084777472","arkassssabbiqe"
"1803337162278183411","Thu Jun 20 07:55:27 +0000 2024","0","@tanyarlfes Badjindol. Gue kerja sekarang di di lembaga LAZNAS Indonesia gue perempuan line 99 posisi kerja gue lapangan nyari donaturrr. Gajiii??? Gaji sebulan cuma 1 jt. Padahal gue S1. Gue jabanin. Ngeluh??? Gen z mana yg mau S1 kerja nyari donaturrr door to door gaji cuma 1jt","1803698162324087191","","tanyarlfes","in","Semarang Timur, Indonesia","0","1","0","https://x.com/Caramelyz_/status/1803698162324087191","1234001668410245120","Caramelyz_"
"1803634197367603272","Thu Jun 20 07:51:17 +0000 2024","0","@hrdbacot seolah2 salah generasi yg baru dewasa aja kyk gen z ini padahal generasi sebelumnya yg ngasih loker harus bisa segala hal dan handel banyak kerjaan diposisi lain dengan gaji naudzubillah","1803697111760031975","","hrdbacot","in","West Java, Indonesia","0","0","0","https://x.com/januaribet/status/1803697111760031975","1561672580322701312","januaribet"
"1803683331885900294","Thu Jun 20 06:56:31 +0000 2024","2","skrg gue tanya generasi mana yg mau kerja 20 jam dengan gaji segitu2 aja? gausahlah fomo bawa2 gen z bacot bgt mentang2 sembunyi dibalik akun ini","1803683331885900294","","","in","","0","2","0","https://x.com/poseidonchilds/status/1803683331885900294","1088080418040033281","poseidonchilds"
"1803672929156084043","Thu Jun 20 06:15:11 +0000 2024","0","kadang kadang yak gweh mikir sebenernya gen z ni bukan males kerja tapi lebih ke enggak terima ajalah dijadiin sapi perah perusahaan dengan gaji tak seberapa itu alias kalau pakai sudut pandang UU Ketenagakerjaan kerja 20 jam sehari itu sudah salah.","1803672929156084043","","","in","Twitter ","0","1","1","https://x.com/dibacanangis/status/1803672929156084043","1195520518142611456","dibacanangis"
"1803337162278183411","Thu Jun 20 05:34:57 +0000 2024","0","@tanyarlfes sangat mewakili gen z yang pengen kerja enak gaji gede ya jadi influencer ala-ala bikin senasasi biar viral. kurang gen z apa coba","1803662803615822041","","tanyarlfes","in","","0","0","0","https://x.com/yanginiakun/status/1803662803615822041","1573249467662598144","yanginiakun"
"1803337162278183411","Thu Jun 20 05:18:18 +0000 2024","164","@arifnurulhuda @cvbycaca @tanyarlfes Aku gen milenial liat gen z gimana ga ngeluh ngab. Cari kerjaan skrg susah gaji kecil tapi apa2 serba mahal. Itu ulah siapa juga bang? Ya gen sebelumnya","1803658612969292130","","arifnurulhuda","in","2014 BTS Army","0","4","10","https://x.com/gryffitdor/status/1803658612969292130","162582314","gryffitdor"
"1802609595116036141","Mon Jun 17 07:49:52 +0000 2024","0","gen Z gk sopan blass ngono wi kowe gae airpods ora ketok edge cok malah koyok wong ra berpendidikan. gayanya jg tangannya petantang petenteng.iku onok wong ngomong rungokno baek2. ita itu gaji ne pak mu ko rakyat ae lo.","1802609595116036141","","","in","Semangat terlupakan","0","0","0","https://x.com/DebySudar/status/1802609595116036141","1660219520","DebySudar"
"1802313028538679330","Sun Jun 16 18:05:12 +0000 2024","8","@monokorobogawl From this to this. Gw gen Z (lahir 98). Bener kata bapak nya jangan pernah milih2 kerjaan. contoh nyata nya gue yg awalnya gue FG dan digaji 2.5 lalu di hijack oleh perusahaan lain sampai bisa ngomong perusahaan bapak sanggup gaji saya berpa? . Intinya adalah tingkatkan skill https://t.co/I8fYX8Jmrg","1802402058227900480","https://pbs.twimg.com/media/GQNrHk3bAAAS19o.jpg","monokorobogawl","in","Jakarta Capital Region","0","1","1","https://x.com/donquixoteliszt/status/1802402058227900480","1156502322974879744","donquixoteliszt"
"1802313028538679330","Sun Jun 16 15:17:12 +0000 2024","0","@monokorobogawl Picky biasanya anak2 gen z FG. No skill mo gaji gede ","1802359780381753414","","monokorobogawl","in","","0","0","0","https://x.com/kasanudin2006/status/1802359780381753414","1262774088507899904","kasanudin2006"
"1801966742971072677","Sat Jun 15 13:15:25 +0000 2024","27","Gen Z mari merapat! Kamu ngerasa gaji kamu kurang bukan karena nilainya yang kecil mungkin karena kamu belum melek finansial. Jadi yuk belajar dan terapkan dalam kehidupanmu! https://t.co/IRBXCNHXJf","1801966742971072677","https://pbs.twimg.com/ext_tw_video_thumb/1801966706539286528/pu/img/Gwl1BrK2OnXdHLAw.jpg","","in","Indonesia","0","1","6","https://x.com/PermataBank/status/1801966742971072677","293414812","PermataBank"
"1801815688748929236","Sat Jun 15 09:07:40 +0000 2024","0","@ferizandra @ARSIPAJA Tapi kak anak muda sekarang gk mau kerja dari 0 maunya kerja instan gaji 2 digit salah di tehur gk mau pula kebanyakan gen z kelahiran 2000an gini","1801904394822398399","","ferizandra","in","","0","0","0","https://x.com/echantukubakso/status/1801904394822398399","1075989101310967810","echantukubakso"
"1801792502514782550","Sat Jun 15 01:43:02 +0000 2024","0","Nah gini baru hebat hidupnya napak bumi ga ngawang2 Gaji guru SDN tuh ga dobel dijit kek harapan gen z","1801792502514782550","","","in","","0","1","0","https://x.com/dyActorDoh/status/1801792502514782550","1123252722478698497","dyActorDoh"
"1801732840205521141","Fri Jun 14 21:45:58 +0000 2024","0","wwww Gen z aja kritis ga mau di setir soal kerja keras gaji becanda banyak yg marah marah kan Bayangin kalau generasi kedepannya pada pinter semua aduh ga enak ga bisa dibodohi ","1801732840205521141","","","in","Indonesia","0","0","0","https://x.com/Lit00qia/status/1801732840205521141","1702309507731488768","Lit00qia"
"1801704734178558161","Fri Jun 14 19:54:17 +0000 2024","0","Kata kak Ami: Ngapain lu galau kalau lu gak pacaran? Aneh nih gen z satu NJIRTTT KIT JUGA KAWAN2!!! Ngebelah pun gua tetap kena semprot anjrit dari anak binus gaji 2 digit umur 30 tahun inii :(( Tiba2 aja di hotel nginap ber 3 dan ditanya2 kenapa gak minat pacaran...","1801704734178558161","","","in","","0","1","0","https://x.com/skyvilatte_/status/1801704734178558161","1303357566471168000","skyvilatte_"
"1801681518563311636","Fri Jun 14 18:22:02 +0000 2024","0","justru gen z berani tanya kaya gini tuh bagus. dia bisa mempertimbagkan gaji yg ditawarkan terus ada mess dia bisa ngatur dan memperkirakan pengeluarannya dgn gaji segitu gmn.","1801681518563311636","","","in","","0","1","0","https://x.com/kokowinne/status/1801681518563311636","1439620340448038914","kokowinne"
"1801476154706248076","Fri Jun 14 07:15:59 +0000 2024","1","@suns3t_70 Fenomena Gen Z kerja pgn santai scroll HP twitteran tapi gaji minta milyaran ... ","1801513900329844835","","suns3t_70","in","Indonesia","0","1","0","https://x.com/MindaGTV/status/1801513900329844835","178600446","MindaGTV"
"1801484737871233228","Fri Jun 14 05:20:06 +0000 2024","0","ramee banget pada bahas mbak2 yg bahas gen z gegara tanya mess dan katanya perusahaan pialang. ngga semua perusahaan pialang begitu gaiss jadinyaa sama semua orang disamakan. memang yaa kalo misal untuk marketing harus capai target dulu baru turun gaji dan itu disampaikan di awal","1801484737871233228","","","in","","0","1","0","https://x.com/syaaakieba/status/1801484737871233228","1453244929627598850","syaaakieba"
"1801067131729248536","Fri Jun 14 04:37:55 +0000 2024","4","@firlysavitri jangankan melayakkan gaji guru gen z aja diramal ga bakal bisa beli rumah dibilang pendidikan itu kebutuhan tersier mencerminkan kalo mereka nih takut kita punya penerus yg proper secara materiil dan intelektual kan ya? drpd memberi makan otak mereka lebih baik menimbun harta","1801474122226221148","","firlysavitri","in","somewhere only we know","0","0","1","https://x.com/oktapiak__/status/1801474122226221148","541776666","oktapiak__"
"1801457034338177214","Fri Jun 14 03:30:01 +0000 2024","0","kesel bgt sama angel wijaya gen z dibilang pemales woy kalo gue males gue gabakal kerja tiap hari tapi gaji sangat pas pasan ya anjir ","1801457034338177214","","","in","","0","0","0","https://x.com/dumpiesdumpp/status/1801457034338177214","1662795607965327360","dumpiesdumpp"
"1801248433015226608","Fri Jun 14 03:19:07 +0000 2024","0","@linabossanova Gen Z lagi dihajar habis2an dlm 2 minggu terakhir ini akibat sebelumnya banyak pegawai kritisi perusahaan2 besar yg pelit menekan pegawainya dengan bayar gaji kecil tapi tenaganya diperas habis2an.","1801454293662249015","","pinqypromise","in","Petamburan","0","0","0","https://x.com/Rockgar12/status/1801454293662249015","168101897","Rockgar12"
"1801248433015226608","Fri Jun 14 03:15:40 +0000 2024","0","@linabossanova gw bukan gen Z tapi pernah interview di Ciputr* nanya range gaji dijawab selama ini gada kandidat yang tanya gaji kalo interview gini baru kamu doang LAHHHH??? LAAAHHH??? gw di sinisin ","1801453422753026396","","pinqypromise","in","Jakarta Barat, DKI Jakarta","0","0","0","https://x.com/skgwur_/status/1801453422753026396","329822436","skgwur_"
"1801130673769415118","Thu Jun 13 06:41:27 +0000 2024","0","@txtdrdigital Udah gitu nawarin gaji UMR yang mana cuma gen Z yang mau gen lain kebutuhannya dah lebih banyak","1801142824211300542","","txtdrdigital","in","","0","0","0","https://x.com/diluarnalar__/status/1801142824211300542","1633758097717235712","diluarnalar__"
"1800854208897483119","Thu Jun 13 06:34:02 +0000 2024","0","@DoankWarto kalo penilaian objektif saya SDM pekerja disini terutama gen Z mental dan etos kerjanya lemah terus belum serikat buruhnya tiap tahun demo terus minta upah naik dan dimana-mana investor pengennya untung banyak jadi jika kerja tidak optimal dan bayar gaji tinggi mana mau","1801140958123466957","","DoankWarto","in","indonesia/malang/jawatimur","0","0","0","https://x.com/mahfudanwar/status/1801140958123466957","224549945","mahfudanwar"
"1801082513231847680","Thu Jun 13 02:41:48 +0000 2024","1","Gimana ya Gen Z aja yg pengangguran + sandwich gen + gaji dibawah umr aja buanyaaakkkkk","1801082513231847680","","","in","","0","2","0","https://x.com/Pickacuuuu/status/1801082513231847680","1585861297127579648","Pickacuuuu"
"1800890948836307302","Wed Jun 12 17:17:37 +0000 2024","0","@kegblgnunfaedh Tinggi bgt kayak ekspektasi gaji gen z","1800940532342182144","","kegblgnunfaedh","in","","0","0","0","https://x.com/cariamanah/status/1800940532342182144","1363484238100619275","cariamanah"
"1800904036247630178","Wed Jun 12 14:52:36 +0000 2024","0","ya mikir aja deh gen z hidup di jaman nyari kerja susah gaji pas2an bgt sedangkan harga apa2 makin mahal apalagi rumah??? gue udh di titik beli rumah sendiri kyknya impossible deh sampe itu tuh kaga ada di list impian/target gue lagi. terserah mau bilang terlalu pesimis jg idc.","1800904036247630178","","","in","","0","1","0","https://x.com/skyonsummer/status/1800904036247630178","1363377701197766657","skyonsummer"
"1800876921166962913","Wed Jun 12 13:04:51 +0000 2024","0","GEN Z PEMALAS KATA SIAPA GUE KERJA DI LAUNDRY DENGAN GAJI 1JT AJA DITRABAS ANJ","1800876921166962913","","","in","gem4h","0","2","0","https://x.com/puyiyou/status/1800876921166962913","1503733368630161408","puyiyou"
"1800845961096495174","Wed Jun 12 11:01:49 +0000 2024","2"," gen z kan lemah Orang gila mana yang tahan diera apa apa pake orang dalem udah gitu apa apa mahal negara amburadul cari kerja pake minimal umur dan IPK sedangkan ipk wapres nya aja segitu belom lagi potongan gaji yang ga seberapa buat biaya biaya lain kaya Tapera sama BPJS ","1800845961096495174","","","in","She/her - 1821 area 🇮🇩","0","0","0","https://x.com/luneomaa/status/1800845961096495174","1361549568131829763","luneomaa"
"1800805753768575403","Wed Jun 12 08:22:03 +0000 2024","0","jdi ga heran gen z susah beli rumah yy karna gaji yg umr jogja itu abis buat servis motor n tambal ban","1800805753768575403","","","in","","0","0","0","https://x.com/hy_chanie/status/1800805753768575403","1211584530533871616","hy_chanie"
"1800421454695260387","Wed Jun 12 07:07:33 +0000 2024","0","@BosPurwa gaji gen z abis buat milenial yg ngangep anak investasi","1800787006039175423","","BosPurwa","in","","0","0","0","https://x.com/moonavile/status/1800787006039175423","1096814377","moonavile"
"1800753505101295807","Wed Jun 12 04:54:26 +0000 2024","1","Gen Z ini udah jadi kerakusan rezim. Sulit mendapatkan pekerjaan kompentensi rendah krn ga mampu utk afford pendidikan sekalinya punya kerja gaji pas2an dipotong sana sini pula. Masih disuruh jg beli surat utang negara ckckckck","1800753505101295807","","","in","","0","1","0","https://x.com/dreamfordreamis/status/1800753505101295807","1026156634173657088","dreamfordreamis"
"1800721914140528831","Wed Jun 12 02:48:54 +0000 2024","0","Belakangan ini isu iuran Tapera lagi jadi pembicaraan hangat. Banyak yang berpendapat kalau ini bisa jadi solusi buat Millennial dan Gen Z yang kesulitan punya rumah sendiri Namun menurut survei Populix alasan utama mereka susah memiliki rumah adalah gaji yang belum https://t.co/vrGNdjPBuq","1800721914140528831","https://pbs.twimg.com/media/GP1w9M8awAABTum.jpg","","in","Jakarta Capital Region","0","0","1","https://x.com/populixco/status/1800721914140528831","1250405042101747712","populixco"
"1800694023558140398","Wed Jun 12 00:58:05 +0000 2024","0","Dan ibu2 di kantor gue juga mengeluh sekarang apa2 mahal begimana bisa kalo masih ada yang gaji underpaid gmn gen z ga ngeluh","1800694023558140398","","","in","21","0","0","0","https://x.com/ddyo0_/status/1800694023558140398","1261295925374279684","ddyo0_"
"1800679709879292227","Wed Jun 12 00:05:15 +0000 2024","1","@helloforyou @worksfess gk bisa menuduh semua gen z kyk gitu sih ini lebih ke orangnya aja yg gak pertimbangkan diawal perihal gaji","1800680730563158426","","helloforyou","in","West Java, Indonesia","0","0","0","https://x.com/januaribet/status/1800680730563158426","1561672580322701312","januaribet"
"1800665237928210588","Tue Jun 11 23:03:42 +0000 2024","2","Ya tiap generasi ya pasti ngalamin tekanan ini. Bedanya tuh anak² Gen Z hidup di zaman sudah sangat enak banyak yg dpt uang saku dr ortunya lebih gede dari gaji bulanan yg mrk dpt pas kerja.. jd ya gt deh pas kerja","1800665237928210588","","","in","","5","0","2","https://x.com/vincanindya/status/1800665237928210588","3257047272","vincanindya"
"1800421454695260387","Tue Jun 11 22:20:45 +0000 2024","207","@BosPurwa Kalopun punya pekerjaan gen Z yg punya gaji berlebih masih sibuk bayar cicilan KPR dan kredit mobil boro2 mikirin surat utang negara.","1800654431517909339","","BosPurwa","in","","0","0","5","https://x.com/Lesnaya01/status/1800654431517909339","1511004506183536645","Lesnaya01"
"1800440783864275442","Tue Jun 11 16:57:49 +0000 2024","1","@dittameliaa Kalo gen z gaji brapa aja Terima drpd nganggur... Aku si gen z gitu bos bos ku dulu gitu... Nyari yg mau kerja bukan bisa kerja","1800573160670269450","","dittameliaa","in","","0","0","0","https://x.com/EvitaCahyaDewi1/status/1800573160670269450","1560613436622778369","EvitaCahyaDewi1"
"1800385340601176141","Tue Jun 11 15:10:23 +0000 2024","1","@CNNIndonesia Abis anggarannya salah 1 nya buat 1000 (rencana) anakPalestina. R.I gak bisa bukan sulit untuk rayu Gen Z beli Surat Utang Benarkah itu nanti @KhofifahIP @prabowo @gibran_tweet @jokowi Kasus makan gaji buta berat pd kasus Janda bh@yangkari tjdi ke lurah #cempakaputihtimur https://t.co/792bYpM0Iu","1800546124446736873","https://pbs.twimg.com/media/GPzTKE4a0AA2bo8.jpg","CNNIndonesia","in","Kayuputih","0","0","0","https://x.com/ieyasu_kirin/status/1800546124446736873","1553401445050769408","ieyasu_kirin"
"1800446650852471171","Tue Jun 11 08:35:06 +0000 2024","0","Mba2 pialang emosi di tiktok bawa2 gen z males huhu siap mba paling rajin cari nasabah soalnya kalo ga dpt nasabah ga dpt gaji","1800446650852471171","","","in","","0","0","0","https://x.com/____mbakyaaaah/status/1800446650852471171","1253828768172367872","____mbakyaaaah"
"1800426367210971194","Tue Jun 11 07:14:30 +0000 2024","0","Woyyy please gue deg deg ser ovt gue repost konten tiktok pov: gen z ngilang 1 minggu kerja kata kata di pov nya gini kantor lo ga enak lembur mulu gaji kecil terus dilike sama user di kantor Terus ini dichat buat nanti masuk pas idul adha tiba tiba ada uang lembur nya","1800426367210971194","","","in","","0","1","0","https://x.com/Arukasu17/status/1800426367210971194","1272681006688899072","Arukasu17"
"1800378626984272373","Tue Jun 11 04:04:48 +0000 2024","0","HRD tiktok kesel ditanya gen Z ada Mess apa nda kalo masih gaji orang UMR mah gausah sok2an kesel anj ","1800378626984272373","","","in","sendhelp","0","1","0","https://x.com/xxmediocre/status/1800378626984272373","1020880698","xxmediocre"
"1799884334125711770","Mon Jun 10 19:26:25 +0000 2024","0","@_93niusLab dan lo tau ga bangsat HYBE CORPORATION itu 100% mendukung Israel tidak ada sejarah Korea Selatan mendukung palestine. APA ITU HYBE CORPORATION? YA ITU YANG GAJI BTS dan artis lain nya. TOLOL LO GEN Z","1800248170854965326","","Sarochatp","in","California ","0","0","0","https://x.com/Sarochatp/status/1800248170854965326","1890979969","Sarochatp"
"1800062026682978599","Mon Jun 10 07:06:45 +0000 2024","2","Tapera rencananya akan menghimpun dana pembiayaan rumah murah. Kebijakan ini langsung menuai kontroversi dari berbagai kalangan. Lantas menurut Gen Z Tapera yang memotong gaji bisa jadi solusi atau beban baru? [THREAD] #IDNTimes #IDNTimesHyperLocal #IDNTimesJateng","1800062026682978599","","","in","Jawa Tengah, Indonesia","0","1","2","https://x.com/IDNTimesJateng/status/1800062026682978599","1318855369641263105","IDNTimesJateng"
"1800037835212493187","Mon Jun 10 05:30:37 +0000 2024","0","Aku gen Z dpt fasilitas kerja : - rusun seukuran rumah tipe 36 - kl udh nikah dpt rusun sendiri untuk sekeluarga - rusun satu komplek sm tmpt kerja - makan siang dpt - gaji diatas umr Memang ada tmpt kerja yg ngasih fasilitas lengkap. Mungkin yg sewot karna blm tau aja https://t.co/wT2gxf13XC","1800037835212493187","https://pbs.twimg.com/media/GPsE3aFbIAAB4OR.jpg","","in","Sumatera Selatan, Indonesia","0","0","0","https://x.com/kocceng_/status/1800037835212493187","3020719771","kocceng_"
"1800029179200913499","Mon Jun 10 04:56:13 +0000 2024","0","katanya gen z ribet gamau inilah itulah pdhl gen z asal dpt kerjaan pasti bakal dilakonin dng baik kok gaji d bawah UMR terima2 aja skrng coba tanya milenial sm boomers mau gak dpt upah dibawah UMR?️","1800029179200913499","","","in","","0","0","0","https://x.com/Rzky_bgas/status/1800029179200913499","1058343424833675265","Rzky_bgas"
"1800007695476592906","Mon Jun 10 03:30:51 +0000 2024","0","Kemarin ada hrd yang ngomongin calon employee gen z di t1ktok. Katanya gen z kalau kerja milih2 dan maunya enaknya doang kerja ga ribet tp gaji gede. Itu sih emang ego masing-masing ya tapi sebagai as hrd u should know better instead of julid di socmed gws mbak","1800007695476592906","","","in","","0","0","0","https://x.com/alphiohomora/status/1800007695476592906","1277230332878573569","alphiohomora"
"1800001381002318099","Mon Jun 10 03:05:46 +0000 2024","0","Pro Kontra Tapera Potong Gaji Jadi Solusi Atau Beban Baru Gen Z? https://t.co/SnR2v0KH61","1800001381002318099","","","in","Jawa Tengah, Indonesia","0","0","0","https://x.com/IDNTimesJateng/status/1800001381002318099","1318855369641263105","IDNTimesJateng"
"1799991949828702389","Mon Jun 10 03:00:02 +0000 2024","0","Kalo stereotype gen Z (dan generasi berikutnya) itu benar akan ada waktunya dmana Nakes mayoritas diisi ama generasi yang 'Persetan dengan profesi ini!' Banyak yg ga tahan dng gaji:beban kerja. Konsekuensinya ya tiap tahun 'anak baru' ada aja yg keluar.","1799999938073600329","","plasmasitrat","in","Laboratorium Hematologi","0","1","0","https://x.com/plasmasitrat/status/1799999938073600329","1146258155506229249","plasmasitrat"
"1799987874592588189","Mon Jun 10 02:12:06 +0000 2024","0","Pro Kontra Tapera Potong Gaji Jadi Solusi Atau Beban Baru Gen Z? https://t.co/o7eYBZgQgD","1799987874592588189","","","in","Jawa Tengah, Indonesia","0","0","1","https://x.com/IDNTimesJateng/status/1799987874592588189","1318855369641263105","IDNTimesJateng"
"1799791247072325877","Mon Jun 10 00:32:53 +0000 2024","0","intinya mah ya gen z tau kalo akan ada kantor atau tempat kerja yang akan memperlakukan karyawannya dengan baik dapet apresiasi gaji yg layak dan hal baik lain makanya ketika ada kerjaan yg gak sesuai ya gak mau dianya","1799962905628291089","","sambatologyy","in","","0","0","0","https://x.com/sambatologyy/status/1799962905628291089","1314017077326303234","sambatologyy"
"1799859198249116011","Sun Jun 09 17:40:47 +0000 2024","0","yg blg gen z males tuhh sp siee tuh gw msih gaji intern dh msih duduk depan laptop 8 jam","1799859198249116011","","","in","","0","1","0","https://x.com/magajinen/status/1799859198249116011","1371338944642572291","magajinen"
"1799849065464865207","Sun Jun 09 17:00:31 +0000 2024","2","ada yang ngikuti permasalah ini gasi? dia permasalahin anak gen z yang ngelamar di perusahaan dia anak gen z tersebut menanyakan perihal gaji dan fasilitas apa aja yang dia dapet di perusahaan mereka mungkin si mbaknya ga terima karena baru ngelamar uda nanya begitu jadi https://t.co/bouHSnCp5r","1799849065464865207","https://pbs.twimg.com/media/GPpZJs3b0AAeKQ5.jpg","","in","","0","2","0","https://x.com/suciauliap89633/status/1799849065464865207","1646405276428554240","suciauliap89633"
"1799842751732961570","Sun Jun 09 16:35:26 +0000 2024","1","coyy? di waiji kerja jarang tpi duit ngalir lancar (this is gen z) i mean daripada esem kerja kea robot bangsatttt tpi kaga di gaji wkwkwkwk sehat2 anak agensi","1799842751732961570","","","in","HOMOPHOBIC‼️","0","0","0","https://x.com/sassygurlya/status/1799842751732961570","1462042631421108231","sassygurlya"
"1799643357922427173","Sun Jun 09 12:28:03 +0000 2024","0","@mardigu024 Klo alasannya mau nolong Gen Z pny rumah beri gen Z pekerjaan yg tetap dg gaji cukup utk mencicil rumah.trs ikut iuran @BPJSTKinfo profit keuntungan kelola dana JHT bs disalurkan utk pinjaman beli/kredit rumah. Gak perlu lembaga baru BP #TAPERA &amp; gk perlu ada potongan baru lg","1799780498786619697","","mardigu024","in","Indonesia Jl. Pancasila ","1","0","1","https://x.com/JubirHansip/status/1799780498786619697","536833984","JubirHansip"
"1799776296987467883","Sun Jun 09 12:11:22 +0000 2024","22","Data Finder: 31% Gen Z gak punya tabungan buat masa depan! Buat kamu yang kesulitan buat nabung cobain metode nabung yg efektif ala orang Jepang nih biar gaji gak cuma lewat aja~ Save dulu thread ini buat dicoba nanti ygy https://t.co/6YBNmYNFt6","1799776296987467883","https://pbs.twimg.com/media/GPoXAA3bUAAwpyf.jpg","","in","","1","1","1","https://x.com/myskill_id/status/1799776296987467883","1299606533764837383","myskill_id"
"1799769335285883027","Sun Jun 09 11:43:42 +0000 2024","0","Gen z tuh cuma gamau kerja dibawah tekanan tp digaji kecil krn udh tau value mereka seberapa contohnya jd kang mochi yg tiap bulan dpt 1 5-2jt (bersih) tp menyenangkan dan menenangkan lebih menggiurkan ketimbang kerja under pressure walaupun di gaji lebih dari itu","1799769335285883027","","","in","","0","0","0","https://x.com/bukan_mecin/status/1799769335285883027","1545385534142697473","bukan_mecin"
"1799704301662847253","Sun Jun 09 07:25:17 +0000 2024","1","Gen Z selalu disudutkan ketika mau bekerja seperti milih2 lah mau dapat gaji besar lah dsb. Tp sebenernya itu terserah Gen Z nya lah cuma penting bagi Gen Z mengukur dan menyiapkan dulu mau karir gmn. (Cont)","1799704301662847253","","","in","","0","1","0","https://x.com/fuckolol_lah/status/1799704301662847253","1315497904899907584","fuckolol_lah"
"1799394374398419331","Sun Jun 09 05:01:25 +0000 2024","0","@eunseaok Mouretta from Machinery Aku gak akan melanjutkan bekerja di sana dalam waktu lama jika lingkungan kerjanya benar-benar toxic. Sebagai Gen Z kesehatan mental dan kebahagiaan adalah prioritas utama yang tidak dapat dikorbankan hanya demi gaji dan nama besar perusahaan.","1799668097214976342","","eunseaok","in","","0","1","0","https://x.com/Rosieasnne/status/1799668097214976342","1865789984","Rosieasnne"
"1799646926943703086","Sun Jun 09 03:37:22 +0000 2024","0","Gen z mau gajinya tinggi Bro im fucking underpaid kehidupan kota mahal banget padahal udah makan makanan kantin juga ga beli kopi 50k I often work on weekends kerja sampai jam 12 malam dan gaji pokok gue aja di bawah umr ditambah tunjangan juga masih mepet UMR","1799646946250080260","","michellecathbi","in","","0","1","0","https://x.com/michellecathbi/status/1799646946250080260","1698955168363216896","michellecathbi"
"1799599772489376088","Sun Jun 09 00:29:55 +0000 2024","10875"," UKT dibikin mahal Gaji bapak ibunya dipangkas Tapera Hobi kerjasama dengan &amp; naikin tukang cuci artis bego &amp; orkay bego Gagal bikin policy yg mendorong industrialisasi Keliatan banget nge-push gen Z &amp; gen-α biar ga kuliah","1799599772489376088","","","in","Catooine","106","16","4150","https://x.com/ObiWan_Catnobi/status/1799599772489376088","371261655","ObiWan_Catnobi"
"1799057493089505592","Sat Jun 08 17:10:57 +0000 2024","0","@Andy_setiawan93 @Ricz_sky @ScariestProject Santai? 10juta gen z berpotensi jd pengangguran gegara pilihan lu. Mahasiswa baru nanggung UKT mahal gaji pekerja makin menipis karena Tapera. Dll. Dll. Santai lu mirip Esemka. Cuma halusinasi hahahaha. Ngaku aja deh. Gak usah munafik.","1799489304831619112","","Andy_setiawan93","in","","0","1","0","https://x.com/DzakwanFirst/status/1799489304831619112","1310584490","DzakwanFirst"
"1799449105174802787","Sat Jun 08 14:31:13 +0000 2024","3","Trus Luhut mau undang Elon investasi ke Indonesia? Ke depan ormas peliharaan seperti ini ngajak makin merajalela. Siap² aja biasakan diri kalian! Gen Z kalian jogetin aja kalo kantor kalian didatangi preman yg minta jatah. Siap² gaji kalian dipotong kantor buat bayar preman ","1799449105174802787","","","in","Indonesia","0","0","1","https://x.com/rizieqdivist/status/1799449105174802787","453931027","rizieqdivist"
"1799390933240401960","Sat Jun 08 10:40:04 +0000 2024","0","Menambah Beban Pekerja Gen Z di NTB Tolak Potong Gaji untuk Tapera https://t.co/4dr6n15kkU","1799390933240401960","","","in","Nusa Tenggara Barat, Indonesia","1","0","2","https://x.com/IDNTimesNTB/status/1799390933240401960","1318858445940875264","IDNTimesNTB"
"1799289280994685366","Sat Jun 08 03:56:08 +0000 2024","18","Gen Z dan milenial diperkirakan tdk akan memiliki rumah karena gaya hidup mereka yg konsumtif. Kemudian muncul program Tapera utk memudahkannya. Namun justru menolak karena merasa gajinya dipotong. Lantas maunya punya rumah tanpa mengeluarkan gaji? Hadeuhh! https://t.co/F6ijV0OuXO","1799289280994685366","https://pbs.twimg.com/ext_tw_video_thumb/1799289151030005760/pu/img/As4an8svvYwS5gjO.jpg","","in","DKI Jakarta, Indonesia","1","12","15","https://x.com/Franken_blues/status/1799289280994685366","1301242545888849921","Franken_blues"
"1799269544655245667","Sat Jun 08 02:41:55 +0000 2024","0","and not to mention pas lg cerita lembur dapet uang nominal sekian mereka langsung kaget WKWKWK CEKIKIK trus temen gua sampe blg katanya gaji lembur dia cmn buat main sehari dasar gen z","1799270604446851131","","fancky","in","she / her ","0","0","0","https://x.com/fancky/status/1799270604446851131","1286019368275472384","fancky"
"1799253770502852971","Sat Jun 08 01:37:31 +0000 2024","0","Udah mah harga bahan pokok kian melambung tiket konser as entertainment juga ga ngotak tapi gaji masih segini2 aja. Ntar yg disalahin Gen Z lagi. Kenapa pada gamau beli rumah? Kenapa pada gamau nikah? Lah gimana... berasa dicekik negara sendiri :)","1799254396913537360","","shortcakiey","in","","0","0","0","https://x.com/shortcakiey/status/1799254396913537360","1617927786","shortcakiey"
"1799251734524833803","Sat Jun 08 01:26:56 +0000 2024","0","Mak gua tiba-tiba ngomong Ada pengusaha di Tiktok bilang males ngehire Gen Z ngeluh mulu soalnya *laughs* Anjing kita gen Z mati aja kali ya semua mahal gaji dipotong terus kerjaan nyari susah ngapain hidup kan tai","1799251734524833803","","","in","","0","0","0","https://x.com/jonstruggletwts/status/1799251734524833803","1202060095946817536","jonstruggletwts"
"1799237397802361278","Sat Jun 08 00:29:58 +0000 2024","3","Tahan banting = mampu mengerjakan pekerjaaan 5 orang sendiri dengan gaji umr lemburan ga dapet tapi tetep harus kerja kl sakit gaji potong Biasanya yg diincer belum ada pengalaman (kebanyakan gen z) manajemen ga dpt orang nyalahin gen z. Padahal orng lama juga banyak yg cabut","1799237397802361278","","","in","disini ","0","2","1","https://x.com/bebashambatann/status/1799237397802361278","1110115825338339328","bebashambatann"
"1799035058118070331","Fri Jun 07 15:33:29 +0000 2024","0","@KediriFess what's wrong yh bundz? skrg cari kerjaan itu susah apalagi yg sesuai sm kemauan kita. dapetlah kerjaan yg bagus gaji lumayan ya kenapa disia-siain. ayolah gen z yg mana? kamu survei dari berapa populasi?","1799102386763641227","","KediriFess","in","","0","0","0","https://x.com/pwittydepressed/status/1799102386763641227","1133602430711607301","pwittydepressed"
"1799035058118070331","Fri Jun 07 14:23:37 +0000 2024","2","@centanghitam @KediriFess Okey. One thing should people know is gak semua gen Z itu kayak yang disebut. Mulai dari gamau susah cari kerja enak dan gaji gede. Tolong diklasifikasikan dulu gen Z tahun berapakah itu?. Jadi biar gak generalisasi all gen Z have same type. Sama kayak gen milienal boomer dll.","1799084803217825866","","centanghitam","in","","0","1","0","https://x.com/Azulaaaaaaaz/status/1799084803217825866","1489652149034176514","Azulaaaaaaaz"
"1799040953493389472","Fri Jun 07 11:29:22 +0000 2024","0","Tapi memang bener sih kemarin sempat wawancara gen Z. padahal belum diterima kerja &amp; pengalaman kerja hanya intern sudah tanya terkait benefit dan nego gaji. gen Z lebih banyak mengeluh istilahnya gak tahan banting https://t.co/IeZp8B252s","1799040953493389472","https://pbs.twimg.com/ext_tw_video_thumb/1799040890864029697/pu/img/pMWtH3R9Iqpt6Ss2.jpg","","in","Jakarta Selatan, DKI Jakarta","0","0","0","https://x.com/dewi_samsuri/status/1799040953493389472","445312187","dewi_samsuri"
"1798425721871929679","Fri Jun 07 06:22:40 +0000 2024","0","@opposite6892 Temen saya aja gen Z susah dibilangin sering lupa curhat temennya kesaya cape ngedidik ngasih tau gini gt.. Eehh msh aja mau patungan ktnya uangnya di mamah nya Yang masukin juga kynya nyesel ampe bilang Km kok msh blo'on Gaji pingin sama diantepin gk ngerti ","1798963769655390600","","opposite6892","in","Karawang, Jawa Barat","0","0","0","https://x.com/Bawanx84/status/1798963769655390600","936432070233960449","Bawanx84"
"1798951936038973893","Fri Jun 07 05:35:39 +0000 2024","2","Tapi memang bener sih kemarin sempat wawancara gen Z. padahal belum diterima kerja &amp; pengalaman kerja hanya intern sudah tanya terkait benefit dan nego gaji. gen Z lebih banyak mengeluh istilahnya gak tahan banting https://t.co/X83N5l6ka7","1798951936038973893","https://pbs.twimg.com/ext_tw_video_thumb/1798951887762522113/pu/img/yHmeRKQw-lPN1bp3.jpg","","in","Jakarta Selatan, DKI Jakarta","3","1","1","https://x.com/dewi_samsuri/status/1798951936038973893","445312187","dewi_samsuri"
"1798933993506967569","Fri Jun 07 04:24:21 +0000 2024","0","Inilah kenapa GEN Z tidak kuat dalam bekerja 1. Manja &gt; Dikit² healing dikit² mental down 2. Dimarahi &amp; dikritik dikit langsung ngeluh 3. Merasa dirinya special kayak nasi goreng mau gaji 2 digit tapi gak punya skill + kerja perhitungan 4. Ide banyak ngmg gede eseksi tdk ada.","1798933993506967569","","","in","","0","0","0","https://x.com/Mariopurwanto92/status/1798933993506967569","1744229853162098688","Mariopurwanto92"
"1798229679633260592","Fri Jun 07 02:43:47 +0000 2024","0","@epiVany7Soul @roan_gylberth Sering jg dirapel karena uangnya di depositokan dlu bunga depositonya dibayar buat gaji","1798908685282148638","","ephiVany7Soul","in","Engelberg, Switzerland","0","0","0","https://x.com/GenZ3T/status/1798908685282148638","1257249470623801345","GenZ3T"
"1798904768695517558","Fri Jun 07 02:28:13 +0000 2024","26","Inilah alasan knp banyak gen Z pengangguran 1.Manja dikit² hiling dikit² mental break down 2.Di marahin di kritik dikit lsg ngeluh 3.Merasa dirinya spesial kek nasi goreng mau gaji 2 digit tapi ga punya skil 4. Ide byk ngomong gede eksekusi lmh Ada lagi..+ di kolom reply","1798904768695517558","","","in","","2","7","2","https://x.com/Safa_Andriana/status/1798904768695517558","1432328670648037378","Safa_Andriana"
"1798425721871929679","Thu Jun 06 16:21:41 +0000 2024","0","@opposite6892 GEN Z baru pertama x kerja belom ada pengalaman minta gaji diatas UMR ","1798752130423312390","","opposite6892","in","","0","0","0","https://x.com/punyaamg/status/1798752130423312390","1559904928164098048","punyaamg"
"1798612117937086786","Thu Jun 06 13:19:26 +0000 2024","5","@asumsico 10jt gen z nangis liat berita ini...mau kerja enak gaji gede butuh orang dalem blm lg backgroundnya ga sesuai dgn jabatan yg diemban","1798706264702369866","","asumsico","in","","0","0","0","https://x.com/penggemarmu85/status/1798706264702369866","1353199206","penggemarmu85"
"1798425721871929679","Thu Jun 06 12:49:23 +0000 2024","0","@opposite6892 Sbg pengusaha saya pun merasakan Gen Z.. banyakan nih pd suka bolos kerja alasan bejibun. Sering pindah kerja bahkan lbh suka nganggur. Skill dan attitude rendah. Yg melamar kerja banyak saat disuruh dtg interview hidungnya pun ga nongol. Blm apa2 sdh tanya jam kerja gaji dll","1798698703009828881","","opposite6892","in","","0","0","0","https://x.com/BAR69999/status/1798698703009828881","1477275752525561859","BAR69999"
"1798425721871929679","Thu Jun 06 10:14:45 +0000 2024","0","@opposite6892 Sangat setuju sih dengan bapak ini permasalahan gen z ini terlalu lebay ngelamar kerja tapi tanya gaji dulu brapa dan di masyarakat gak ada etitud sama sekali merasa paling waw sendiri makanya di jaman sekarang banyak pengangguran padahal lapangan kerja banyak","1798659788672471417","","opposite6892","in","","0","0","0","https://x.com/TokPadang/status/1798659788672471417","1504778995862151170","TokPadang"
"1798649183005802534","Thu Jun 06 09:32:37 +0000 2024","38","Bos @sandiuno gen Z gimana punya rumah klo nganggur⁉️ Emang anda pikir pekerja yg dipotong gajinya ga sedang nyicil rumah gw aja masih nyicil sd 2 tahun malah dipotong lg.. Mending menteri dan eselon aja yg dipotong gaji dan tunjangannya toh itu dari pajak rakyat khan⁉️ https://t.co/MmShopCco4","1798649183005802534","https://pbs.twimg.com/media/GPYV5TtagAAqS8I.jpg","","in","58%","4","7","17","https://x.com/toe_giman/status/1798649183005802534","1336576386987790336","toe_giman"
"1798425721871929679","Thu Jun 06 07:13:08 +0000 2024","1","@opposite6892 Bener anak Gen Z hobby nya ngeluh tapi pengen gaji gede ","1798614082024767986","","opposite6892","in","","0","0","0","https://x.com/maya_vdk/status/1798614082024767986","1793557379981758464","maya_vdk"
"1798598902586949654","Thu Jun 06 06:12:49 +0000 2024","0","inget nih si bapak 2020 pernah bilang di salah satu podcast yg bilang karyawan sakit harus tetep kerja tapi duit gaji di potong Kek anjim sih tapi gen z adalah korban dari pemerintah skrg menurut gw karena generasi sebelumnya yg buat kebijakan dan buat statement aneh ke gwn z.","1798598902586949654","","","in","","0","0","0","https://x.com/alphabeta_h/status/1798598902586949654","1383184172093558785","alphabeta_h"
"1798537707976859654","Thu Jun 06 02:09:39 +0000 2024","2","Hampir semuanya Gen Z tapi mereka kerjanya telaten semua ga ada yang saling lempar kesalahan ga ada yang suka jilat menjilat ke atasan orang orangnya BAAAIIIKKK BANGEETT intinya ga ada yang toxic bikin work environment sehat. Gapapa gaji kadang telat tapi aku betah ","1798537707976859654","","","in","18+","0","1","0","https://x.com/pomelemonade/status/1798537707976859654","1443542202861318146","pomelemonade"
"1798405579754573990","Wed Jun 05 17:24:37 +0000 2024","0","aku diumur segini hikss srottttt percaya sih knp gen Z susah punya rumah ya gimana anjuir gaji segitu potongannya banyak apalagi itu tapera investasi bodong rumah ghaib. dr yg udah2 kya taspen jiwasraya asabri mah kaga nyampe ke rakyat tuh duit ","1798405579754573990","","","in","","0","0","0","https://x.com/fuchasinn/status/1798405579754573990","1415866727397658624","fuchasinn"
"1798113966151086467","Wed Jun 05 15:33:38 +0000 2024","0","@GemaShowIndo Gen z skrg masih banyak yg cari kerja yg udab kerja gaji aja masih belum cukup buat bikin rumah belum ada yg memang masih kuliah tpi yg kena gen z gitu ya. Pindah tarakarta lah wong tiap rumah aja dikasih steamdeck yekan","1798377649666244962","","GemaShowIndo","in","","0","0","0","https://x.com/alphonse2nd/status/1798377649666244962","1729943392615067650","alphonse2nd"
"1798057954907918621","Wed Jun 05 10:39:08 +0000 2024","0","@lip4s3 @opposite6892 Gen Z kebanyakan ngayal gaji gede kerja enak mangkanya banyak yg nganggur","1798303536247394567","","lip4s3","in","","0","0","0","https://x.com/ReandySetiaone/status/1798303536247394567","1308644008223072266","ReandySetiaone"
"1797999161956352484","Wed Jun 05 08:26:41 +0000 2024","0","@kegblgnunfaedh gw gen z. gw ga setuju. soalnya gaji gw buat ngehidupin keluarga kalo kena potongan ini itu. gw tar ngasih makan bayar listrik ini itu pake apa kalo kuranggg!","1798270202867839474","","kegblgnunfaedh","in","Kudus, Indonesia","0","0","0","https://x.com/nick__can/status/1798270202867839474","1446469669674643460","nick__can"
"1797999161956352484","Wed Jun 05 08:11:20 +0000 2024","0","@kegblgnunfaedh boomer milenial &amp; gen z (yang gajinya mepet umr) kebanyakan ga bisa beli rumah gaji naik 100-200 harga tanah / rumah nainya lebih dari itu","1798266338915606689","","kegblgnunfaedh","in","","0","0","0","https://x.com/arcachen2/status/1798266338915606689","1275082407830450176","arcachen2"
"1798249739647074383","Wed Jun 05 07:05:22 +0000 2024","0","Kenapa nggak naikin gaji Gen Z atau turunin harga rumah? ️","1798249739647074383","","","in","21+, icon: monaka_tanemaki","0","0","0","https://x.com/puppywoofies/status/1798249739647074383","873870355378487300","puppywoofies"
"1797999161956352484","Wed Jun 05 06:27:10 +0000 2024","0","@kegblgnunfaedh Apa kabar yang gen Z jadi programmer gaji puluhan juta perbulan ","1798240128357515455","","kegblgnunfaedh","in","","0","0","0","https://x.com/Tokioshy_/status/1798240128357515455","1543024201476771840","Tokioshy_"
"1798160843307434045","Wed Jun 05 03:48:36 +0000 2024","26","@niwseir @madHink coba gen z yg koar kalo gaji dirapel. udah abis bgt dikatain lemah manja apalah. padahal emg gasesuai dg hak aja","1798200223409570018","","niwseir","in","","0","0","3","https://x.com/devilsparadize/status/1798200223409570018","1681345261388591104","devilsparadize"
"1798181491228479574","Wed Jun 05 03:34:27 +0000 2024","0","@humanbyasa Ga usah deh gaji ga seberapa malah bebannya nambah. Katanya buat gen z tapi sorry ya pak gen z mulu yg dikambing hitamkan padahal niatnya buat korup","1798196659463344343","","humanbyasa","in","","0","0","0","https://x.com/athalapew/status/1798196659463344343","1781657990556475392","athalapew"
"1797166075395940469","Wed Jun 05 03:14:28 +0000 2024","0","@5teV3n_Pe9eL Ciptakan lapangan pekerjaan dan naikkan gaji biarkan jadikan mereka para gen z mandiri bukan jadikan mereka gen manja saya dulu beli rumah gak ada yang bantu boss","1798191630320803997","","5teV3n_Pe9eL","in","","0","0","0","https://x.com/gue94961387466/status/1798191630320803997","1732612026500071424","gue94961387466"
"1797520011575402611","Wed Jun 05 02:55:30 +0000 2024","0","@tanyakanrl GEN Z BUTUH RATE GAJI YG NAIK! Rp-$ aja udah 16k/1$ masa umr rata2 cuma 300$ itu pun klo jkt jawa tengah? 150$/bln pemerintah kita bener2 gk bisa kerja","1798186860717773311","","tanyakanrl","in","","0","0","0","https://x.com/peoql3/status/1798186860717773311","1523581440939544577","peoql3"
"1798177077642100898","Wed Jun 05 02:16:38 +0000 2024","0","YA MEMANG KITA MINTA DIURUSIN??? Coba urusin hal lain misalnya kayak pembatasan usia di pekerjaan atau kenaikan gaji atau lihat dong yang gajinya gak sesuai sama pekerjaaan??? Dari hal dan kesalahan itu aja harusnya bapak mikir kenapa gen z susah beli rumah","1798177077642100898","","","in","Athala.","0","1","0","https://x.com/stardelust/status/1798177077642100898","436593305","stardelust"
"1798176876441276926","Wed Jun 05 02:15:51 +0000 2024","0","suicidal thoughts nya gen z itu mostly dari socmed anjir serem isinya penyakit hati. selagi bisa dikontrol kontrol ya dimulai dari sendiri (uninstall sampe ikutan sukses dan punya gaji unlimited)","1798176878664261936","","takiguci","in","wibu, bokem, politik (dikit)","0","0","0","https://x.com/takiguci/status/1798176878664261936","1417088194349178883","takiguci"
"1798175096483537372","Wed Jun 05 02:08:46 +0000 2024","1","Jika ingin GEN Z memiliki kemampuan memiliki rumah bukan TAPERA solusi nya pak UNO... Tungkatkan saja kesejahtaraan mereka melalui banyaknya lapangan kerja dengan GAJI yang menunjang untuk memuiliki rumah. BUKAN TAPERA ‼️ Jangan racuni MIND SET GEN Z‼️","1798175096483537372","","","in","","0","0","0","https://x.com/IqbalsahidAbdu1/status/1798175096483537372","1358455502028460033","IqbalsahidAbdu1"
"1798173264092815580","Wed Jun 05 02:01:29 +0000 2024","0","Penolakan Tapera itu kritik ya dijawab aja. Gen Z akan sulit punya rumah di masa depan (tapak atau non-tapak) itu fakta. Skema program potongan gaji CPF for Housing Schemes di SG dan Social Security negara barat lainnya. Itu yang mau coba dicontoh tapi...","1798173264092815580","","","in","Indonesia","0","1","0","https://x.com/FMNovendra/status/1798173264092815580","971310080049197056","FMNovendra"
"1797520011575402611","Wed Jun 05 01:13:05 +0000 2024","0","@tanyakanrl Investasi itu keputusan masing-masing. Munafik banget niatnya bantu beli rumah tapi dipaksa. Sedangkan untuk kebutuhan hidup mungkin banget gaji itu udah pas-pasan. Kenapa ngga umr dinaikan terus gen Z diberikan pendidikan finansial? Karena emang cuma mau makan duit Haram ajg.","1798161085549412687","","tanyakanrl","in","","0","0","0","https://x.com/putrizkykairu/status/1798161085549412687","950694227171672064","putrizkykairu"
"1797780456290869523","Tue Jun 04 22:56:04 +0000 2024","0","@CNNIndonesia @sandiuno kalau pengen Gen Z bisa punya rumah sendiri ya naikin gaji buka lapangan kerja pendidikan dipermudah bukan dipalakin buat nabung Kamu udah kaya 60-100ribu perbulan ga kerasa","1798126602259493362","","CNNIndonesia","in","","0","1","0","https://x.com/b3f3f2/status/1798126602259493362","1194752926306033664","b3f3f2"
"1797780456290869523","Tue Jun 04 22:45:36 +0000 2024","0","@CNNIndonesia Kalau dipotong dari gaji dan perusahaan itu namanya bukan ditolong tapi digorok. Apalagi gen z punya banyak cicilan dari motor sampai hp. Cicilan numpuk eh tiba tiba gaji dipotong lagi yang ada nunggak cicilan karena uangnya dipakai untuk kebutuhan hidup . Pakai akal sehat dong","1798123970342146478","","CNNIndonesia","in","Jakarta Capital Region, Indone","0","0","0","https://x.com/Andry18916980/status/1798123970342146478","748161740144148481","Andry18916980"
"1798121707045314858","Tue Jun 04 22:36:37 +0000 2024","0","Hal yang menyedihkan di hidup gw saat ini adalah dah capek-capek kerja ngerawat anak saudara tapi gaji belum di bayarkan!","1798121707045314858","","","in","Kota Makassar, Sulawesi Selata","0","0","0","https://x.com/Nistor_Gz69/status/1798121707045314858","1770604979067465728","Nistor_Gz69"
"1797520011575402611","Tue Jun 04 20:21:00 +0000 2024","0","@tanyakanrl Padahal ada cara dengan ngasih magang bumi dengan gaji setengah gaji pokok penerimaan kemitraan lulusan smk/kampus dan tabungan kredit pendidikan dimana bisa bantu pemasukan gen z dari awal atau enggak upah lembur jangan pakai ucapan terima kasih doang","1798087577628737974","","tanyakanrl","in","","0","0","0","https://x.com/NinaKar12/status/1798087577628737974","1211252266402861061","NinaKar12"
"1797999161956352484","Tue Jun 04 17:06:39 +0000 2024","0","@kegblgnunfaedh Halah halah ntar juga rumahnya gak ke Gen Z tapi ke anak2 penjabat yang udah jelas2 hidup mampu Gen Z kebagian gaji UMR dengan KPR yang gak sebanding","1798038669766607027","","kegblgnunfaedh","in","Indonesia","0","0","0","https://x.com/SelokanKingdom/status/1798038669766607027","485408886","SelokanKingdom"
"1798004624018088297","Tue Jun 04 14:51:22 +0000 2024","0","kek sebel bgt bukan urusan lu bjir w punya rumah apa enggak keknya yg harusnya lu pikirin adalah kapan gen z gaji nya UMR semua???hhhh","1798004624018088297","","","in","","0","0","0","https://x.com/salsabilaulian/status/1798004624018088297","415618310","salsabilaulian"
"1797973628505706512","Tue Jun 04 12:48:12 +0000 2024","1","Tak Cuma Gaji Ada Benefit Lain yang Diincar Gen Z saat Cari Kerja https://t.co/7DoMI0v1cA #TempoBisnis","1797973628505706512","","","in","Indonesia","0","0","0","https://x.com/tempodotco/status/1797973628505706512","18129942","tempodotco"
"1797968552122798107","Tue Jun 04 12:28:02 +0000 2024","0","Mending potong gaji dan tunjangan pejabat banyakan juga kagak bener kerjanya. Lagi pula dibantu siapa? Yang ikut tapera juga gen z gen z juga","1797968552122798107","","","in","","0","0","0","https://x.com/yogialfin23/status/1797968552122798107","1076103001230589952","yogialfin23"
"1797871224242237523","Tue Jun 04 12:25:55 +0000 2024","0","@tanyarlfes ni program urgensinya gaada tapi getol banget direalisasikan. prioritas gen z juga bukan beli rumah aja sekarang karena sekarang tempat tinggal banyak opsinya kecuali Tapera. lo bayangin aja sekarang gen z udah beli apart bayar maintenance trs gaji dipotong tapera. gila aja","1797968021878927554","","tanyarlfes","in","Everywhere","0","0","0","https://x.com/abcdeajae/status/1797968021878927554","858098904180465664","abcdeajae"
"1797953039703351296","Tue Jun 04 11:26:23 +0000 2024","2","Om @sandiuno gaji kalian saja para pejabat yang dipotong buat bikin rumah tuh Gen Z... Sampean ini cuma bisa Nggedabrus ja !!!","1797953039703351296","","","in","Kalimantan Barat, Indonesia","0","0","0","https://x.com/ws_parsito/status/1797953039703351296","4711924284","ws_parsito"
"1797871224242237523","Tue Jun 04 11:24:21 +0000 2024","1","@tanyarlfes Gua gen z udah ada rumah terus gaji gua lu potong mau lu bangunin rumah baru model gimana lagi","1797952527130046531","","tanyarlfes","in","","0","0","0","https://x.com/bbybluesky_/status/1797952527130046531","1112239955386880000","bbybluesky_"
"1797896654319915017","Tue Jun 04 11:23:19 +0000 2024","0","@prastow Gk mau pokoknya gk mau Ngapain mikirin gen Z Gen kapan Ngapain mikirin orang miskin Hidup sendiri2 aja susah Gw jg gk punya rumah Lagi investasi sendiri Ngapain nabung sm pemerintah yg endingnya sekian persen buat gaji mereka Mending gw nyari laba buat diri sendiri Gk rela gw","1797952266173067637","","prastow","in","","0","0","0","https://x.com/kangchunoona/status/1797952266173067637","2970955914","kangchunoona"
"1797780456290869523","Tue Jun 04 11:07:50 +0000 2024","0","@CNNIndonesia Kalian kalo tdk di gaji dari uang rakyat mana bisa beli mobil dn ini itu .. G usah bantu gen Z gen Z anak org kaya semua kalian aja yg susah.","1797948372474831032","","CNNIndonesia","in","DKI Jakarta, Indonesia","0","0","0","https://x.com/Akd50512689/status/1797948372474831032","1123282525437042689","Akd50512689"
"1797135413494325543","Tue Jun 04 10:53:56 +0000 2024","0","@sandiuno GW BISA NABUNG SENDIRI YA ANJIR!!! GAUSAH OTAK ATIK GAJI GW. BAWA BAWA GEN Z LAGI LAU","1797944871980093478","","sandiuno","in","Indonesia","0","0","0","https://x.com/jyoung9991/status/1797944871980093478","524114920","jyoung9991"
"1797930719559512414","Tue Jun 04 09:57:42 +0000 2024","0","Dana pensiun TASPEN aja ketauan dikorupsi kemaren apalagi TAPERA . Bukan kolaborasi membangun negeri ini mah kolaborasi membangun dompet oknum pejabat. Gen Z aja tross dibikin alibi nabung kerja gaji umr sampe pensiun aja cuma dapet 60 juta dapet nya rumah triplek? ","1797930719559512414","","","in","","0","0","0","https://x.com/Burhaniff/status/1797930719559512414","1120373737159675905","Burhaniff"
"1797520011575402611","Tue Jun 04 09:28:19 +0000 2024","0","@tanyakanrl Rasanya gaji Lo di tahan gara-gara aturan negara kabupaten kota yang kyk taik lu coba hidup susah deh mending dari pada gitu gajinya sama ratakan aja bisa gak ? Kagak bisa berarti lu kagak liat berapa banyak gen z nganggur gara-gara gak ada lapangan pekerjaan yang memadai ??","1797923325991366686","","birthdaybooyyy","in","","0","1","0","https://x.com/birthdaybooyyy/status/1797923325991366686","1622767670604230656","birthdaybooyyy"
"1797520011575402611","Tue Jun 04 05:52:38 +0000 2024","0","@tanyakanrl Gen z maunya dapet kerjaan dengan gaji layak pak","1797869046773563405","","tanyakanrl","in","unknown","0","0","0","https://x.com/capriwinscene/status/1797869046773563405","1433382427729096707","capriwinscene"
"1797868648335618192","Tue Jun 04 05:51:03 +0000 2024","0","Perusahaan emang gamau terima gen z? Terus gimana cara gen z bertahan hidup? Gaji kecil bilangnya gen z ga bersyukur cuma mau enak gamau susah","1797868648335618192","","","in","Jawa Barat, Indonesia","0","0","0","https://x.com/DyahAyuMKh/status/1797868648335618192","1296680139732836355","DyahAyuMKh"
"1797780456290869523","Tue Jun 04 04:37:53 +0000 2024","0","@CNNIndonesia GEN Z MASIH KONSUMTIF APA AJA DIBELI PERTENGAHAN BULAN GAJI UDAH HABIS..","1797850234598707548","","CNNIndonesia","in","Jatiasih, Indonesia","0","0","0","https://x.com/borja_juanborja/status/1797850234598707548","369311266","borja_juanborja"
"1797520011575402611","Tue Jun 04 04:31:00 +0000 2024","0","@tanyakanrl lah kok mikirin rumah Gen Z lah kami millenials yang bertahun tahun banting tulang dengan gaji seadanya ini jauh dari kepemilikan rumah malah tetep harus mikirin rumah Gen Z. Makin sini makin bjgn.","1797848503181574203","","tanyakanrl","in","Ig: fatharanihaifas","0","0","0","https://x.com/fhaifas_/status/1797848503181574203","177039023","fhaifas_"
"1797780456290869523","Tue Jun 04 02:59:27 +0000 2024","0","@CNNIndonesia Setelah dipanglas gaji oleh tapera selama 285 tahun baru deh dapat rumah buat gen z","1797825464964354222","","CNNIndonesia","in","","0","0","0","https://x.com/imiss_your_gaze/status/1797825464964354222","1456970869805228033","imiss_your_gaze"
"1797824903112163685","Tue Jun 04 02:57:13 +0000 2024","4","gen z gabutuh rumah pak butuhnya gaji gede buat jalan-jalan keluar negeri dan nonton konser","1797824903112163685","","","in","personal space","0","1","1","https://x.com/adoredle/status/1797824903112163685","1534086524668891136","adoredle"
"1797780456290869523","Tue Jun 04 02:45:07 +0000 2024","0","@CNNIndonesia @sandiuno Bila mau bantu Gen Z dan mereka yg gajinya dibawah 8 juta/bln; yg dipotong Pejabat2 Tinggi Anggota MPR/DPR. Tega sekali pemerintah gaji seuprit masih dipotong tiap bulan bagamana mau bayar anak2 sekolah dll.. https://t.co/t3EDih4xEj","1797821856881443003","","CNNIndonesia","in","Jakarta Capital Region, Indone","0","0","0","https://x.com/CeciliaSuwanda1/status/1797821856881443003","899597703058817024","CeciliaSuwanda1"
"1797520011575402611","Tue Jun 04 02:38:07 +0000 2024","1","@tanyakanrl Maaf pak saya Gen Z udh ambil rumah subsidi gak butuh potong gaji lagi ","1797820098088247406","","tanyakanrl","in","Indonesia","0","0","0","https://x.com/BrennnUwu/status/1797820098088247406","957289716860076033","BrennnUwu"
"1797595913877393806","Tue Jun 04 02:18:58 +0000 2024","0","@yudhistiramissu @asumsico Coba deh lu hitung. Misal gaji nya kita ambil rata UMR Cikarang 5 2 jt 3% nya 156 rb. Perumahan subsidi tahun ini rata2 100 jt an anggap lah 100 jt. Butuh waktu 641 bulan untuk kekumpul atau 53 tahun. Gen Z pun pun belum bisa beli itu kecuali untuk cucu nua Gen Z","1797815276870009343","","yudhistiramissu","in","Bekasi","0","1","0","https://x.com/RioAndira20/status/1797815276870009343","839453066","RioAndira20"
"1797813247451791642","Tue Jun 04 02:10:54 +0000 2024","1","Pak @sandiuno Tapera tidak khusus gen Z tapi untuk semua dan menurut UU sifatnya wajib (fardhu). Nah sebagai orang PPP mungkin bisa dijelaskan apakah ini fardhu ain atau fardhu kifayah. Karena tidak semua orang bergaji seperti gaji menteri pak","1797813247451791642","","","in","Jakarta, Indonesia","0","0","1","https://x.com/imandnugroho/status/1797813247451791642","106312179","imandnugroho"
"1797810035525062668","Tue Jun 04 01:58:08 +0000 2024","0","Badut banget wkwkwkwkwk gen z gabisa beli rumah karena harganya yang gila yaaa meanwhile gaji umr segitu gitu doang","1797810035525062668","","","in","Yogyakarta, Indonesia","0","0","0","https://x.com/starskiesmoon/status/1797810035525062668","1121922195234541568","starskiesmoon"
"1797520011575402611","Tue Jun 04 01:54:28 +0000 2024","0","@tanyakanrl gen z masih mau nyenengin diri sendiri dulu pak soal nya gaji nya di bagi dua buat keluarga pak","1797809112501338229","","tanyakanrl","in","ind","0","0","0","https://x.com/alchemygyj/status/1797809112501338229","1256421549315223552","alchemygyj"
"1797780456290869523","Tue Jun 04 00:39:06 +0000 2024","2","@CNNIndonesia Kenapa bukan gaji / tunjangan anda-anda sekalian yg kelewat besar itu aja yg dipotong utk bantu Gen Z beli rumah pak? https://t.co/c44zbAQXcF","1797790143581237496","https://pbs.twimg.com/media/GPMIm5Sa0AEBBAn.jpg","CNNIndonesia","in","","0","0","1","https://x.com/d_ndraaaa/status/1797790143581237496","1538497126052732928","d_ndraaaa"
"1797786730323386875","Tue Jun 04 00:25:32 +0000 2024","0","Halaahh alibi bennn jgn kambing hitamkan gen z. Bilang aja cari cuan. Gaji umr ga seberapa dipotong sana sini abiss yg ada. Boro² rumah. Buat sehari-hari aja alhamdulillah. Lagi aliran tapera bakal kemana. Ujung²nya korupsi sana sini","1797786730323386875","","","in","💙Super Junior","0","0","0","https://x.com/CKyu32/status/1797786730323386875","1929460142","CKyu32"
"1797783043144339616","Tue Jun 04 00:10:53 +0000 2024","5","Jadi Jelas ya kenapa Pemerintah memaksa potong gaji buat Tapera.. Kita mau Demo mau Teriak Fixed jika jokowi sdh ketok palu dia ga bakal peduli.. Gen Z https://t.co/7PEzYEoafV","1797783043144339616","https://pbs.twimg.com/media/GPMCIrObkAAILLj.jpg","","in","","0","0","3","https://x.com/Neiska21/status/1797783043144339616","1758741088091947008","Neiska21"
"1797520011575402611","Mon Jun 03 22:45:08 +0000 2024","0","@tanyakanrl Padahal gen z ga perlu rumah gen z mah lagi sibuk buat bertahan hidup dengan gaji kurang dari 4 juta dipotong ini itu dan tiap belanja apa2 mahal dan masih kena tax 12% tiap barangnya","1797761462817173998","","tanyakanrl","in","","0","0","0","https://x.com/just2yeon/status/1797761462817173998","1181455747340619777","just2yeon"
"1797520011575402611","Mon Jun 03 20:25:53 +0000 2024","0","@tanyakanrl Gen z itu butuh lapangan kerja dan gaji yg layak. Gua kerja di Indonesia gaji UMR abis ajh buat kost makan transportasi belum lagi harian yg kapanpun bisa di depak.","1797726421198213136","","tanyakanrl","in","lampung","0","0","0","https://x.com/jepank_1994/status/1797726421198213136","3274987652","jepank_1994"
"1797725898852184242","Mon Jun 03 20:23:49 +0000 2024","0","Gen Z mana yg kau maksud sih? Apakah ada gen Z yg aktif mengajukan hal ginian? Pak sbg genZ nih jjur aja saya pen gaji cukup utk kebutuhan keinginan dn impian saya aja ini mah gaji uda sgtu² doang naik kaga di potong pula ","1797725898852184242","","","in","pixie hollow ","0","0","0","https://x.com/ceriprunus/status/1797725898852184242","1670921855488888837","ceriprunus"
"1797520011575402611","Mon Jun 03 18:35:49 +0000 2024","0","@tanyakanrl buka lapangan kerja sebanyak-banyaknya standar cari kerja dipermudah Naikan gaji pekerja bukan gaji pejabat Turunin harga bahan pokok Bbm listrik dgn begitu gen z bsa punya rumah bukan ngebajak gaji mreka...","1797698721435795719","","tanyakanrl","in","astrophile","0","0","0","https://x.com/my_new_world25/status/1797698721435795719","1712126646093053952","my_new_world25"
"1797520011575402611","Mon Jun 03 16:59:06 +0000 2024","1","@tanyakanrl Gen z banyak ga punya rumah karena biaya hidup makin mahal sedangkan gaji pas-pasan. Selain itu gen sebelumnya ngegoreng harga tanah. Harga properti makin mahal. Kalaupun ada yang murah jaraknya jauh dari kota dan justru nambah beban biaya transportasi.","1797674381008937357","","tanyakanrl","in","South Borneo,Indonesia","0","0","0","https://x.com/naufalatha14/status/1797674381008937357","413776459","naufalatha14"
"1797672348264616155","Mon Jun 03 16:51:01 +0000 2024","0","apes banget gue lahir jd kaum gen z. pdhl solusinya cm permudah lowongan kerja-dapet gaji-nabung sendiri-bisa beli rumah. nunggu tabungan itu keluar kayaknya nanti gue udh punya cucu","1797672348264616155","","","in","","0","0","0","https://x.com/imacafelatte/status/1797672348264616155","1060835118716084224","imacafelatte"
"1797520011575402611","Mon Jun 03 16:48:08 +0000 2024","0","@tanyakanrl capeklah bwbw gen z buat rencana2 itu. udh cari kerja jaman skrg susah gajinya pas pasan masih dipotong sm tabungan yg lg di isukan itu cekek ajalah kaum kita ini. gaperlu lah tabungan2 itu uang kita gaji kita kita handle lah sendiri apalah tabungan yg diatur pemerintah itu","1797671622637465722","","imacafelatte","in","","0","0","0","https://x.com/imacafelatte/status/1797671622637465722","1060835118716084224","imacafelatte"
"1797668017809334429","Mon Jun 03 16:33:49 +0000 2024","0","emank brp besar sih gaji gen z","1797668017809334429","","","in","½crazy ½lost","0","0","0","https://x.com/mingyuggwp/status/1797668017809334429","1311204460912238592","mingyuggwp"
"1797665190428938489","Mon Jun 03 16:22:35 +0000 2024","0","Dipikir pikir perusahaan tuh gamau nerima yang umurnya udah tua karna kemampuan fisik trus susah diajarin gaptek gaji tinggi dll. Trus gamau juga dapet gen z karna stereotypenya padahal tahun 2024 ini yang muda di dunia kerja ya pasti gen Z (dan millenial) gak sih","1797665190428938489","","","in","","0","2","1","https://x.com/Muthinaf/status/1797665190428938489","253459845","Muthinaf"
"1797656980745850972","Mon Jun 03 15:50:42 +0000 2024","0","gausa lah blg gen z gabisa nabung ajg mau nabung sampe kapan jg susah kl lapangan pekerjaan kecil gaji jg kecil tp harga barang naik semua","1797657167564263472","","tempekpenyet","in","","0","1","0","https://x.com/tempekpenyet/status/1797657167564263472","1446311874748825606","tempekpenyet"
"1797657067077173737","Mon Jun 03 15:50:18 +0000 2024","0","gen z maunya kerja santai tp gaji 2 digit pak (guweh)","1797657067077173737","","","in","","0","0","0","https://x.com/feittuccine/status/1797657067077173737","1030060740","feittuccine"
"1797656980745850972","Mon Jun 03 15:49:57 +0000 2024","1","gen z tidak akan bisa punya rumah soalnya harga-harga naik semua (bahkan properti yg gila2an bgt kl naik) tapi gaji tetep segitu segitu aja","1797656980745850972","","","in","","0","1","0","https://x.com/tempekpenyet/status/1797656980745850972","1446311874748825606","tempekpenyet"
"1797135413494325543","Mon Jun 03 15:47:10 +0000 2024","0","@sandiuno BANGKE. GEN Z kagak bisa beli rumah karena kelakuannya sendiri. Haji mereka abis buat foya foya. Kita yang kerja nabung buat hidup layak keluarga sendiri kena getahnya juga. Kebijakan BANGKE emang. Gue nanya ama lu No gaji lu di potong gak buat Tapera? Saaattt","1797656277507781045","","sandiuno","in","","0","0","0","https://x.com/OtakUdangku/status/1797656277507781045","1261469436847861761","OtakUdangku"
"1797655155804168604","Mon Jun 03 15:42:42 +0000 2024","0","Gen z ga bsa punya rumah soalnya gaji kecil biaya hidup besar pak","1797655155804168604","","","in","","0","0","0","https://x.com/surimicheryl/status/1797655155804168604","1118826060584349696","surimicheryl"
"1797520011575402611","Mon Jun 03 15:10:00 +0000 2024","0","@tanyakanrl gen z siapa sih anjing? gaji aja mereka underpaid tai dipaksa gitu yg ada baru terealisasi punya rumah pas udah punya cicit untung2 masih pada hidup","1797646926885822741","","tanyakanrl","in","","0","0","0","https://x.com/94pocalypse/status/1797646926885822741","980119720744517632","94pocalypse"
"1797520011575402611","Mon Jun 03 14:01:30 +0000 2024","0","@tanyakanrl Kata gw mah mending naikin dulu gaji pekerja di indo. Sama satu lagi turunin tu harga perumahan yg mahalnya bkn main. Kelen org kaya enak mikirnya motong gaji cuma sedikit tp buat org lain itu banyak . Kelen aja lah yg pnya jabatan tinggi yg bantu gen z nabung biar pnya rmh","1797629689307300332","","tanyakanrl","in","","0","0","0","https://x.com/huzelnat_/status/1797629689307300332","1590937223519948800","huzelnat_"
"1797135413494325543","Mon Jun 03 13:54:53 +0000 2024","0","@sandiuno Aku ga paham tp kok aku pusing ya pak. Emang urgent banget ya buatin rumah2 gen Z ini? Kenapa ga mensejahterakan guru nakes Brantas korupsi. Itu2 dulu aja dehhh. Apa ga kasian mereka yg udah gaji dikit masih dipotong sana sini. Iya kalo terjamin bakalan dapet rumah kalo nggak?","1797628022369230917","","sandiuno","in","lagi disini","0","0","0","https://x.com/pakeksR/status/1797628022369230917","1415298698616078340","pakeksR"
"1797627968195571903","Mon Jun 03 13:54:40 +0000 2024","1","Gen Z susah punya rumah solusinya Tapera.. Gak yah. Susah punya rumah ya karena... gajinya gak manusiawi. Gawe sampe lembur2 gaji ga sampe UMR. Ya yang bisa kebeli cuman rumah keong ama cilok dikit.","1797627968195571903","","","in","","0","0","0","https://x.com/Mochichimoru91/status/1797627968195571903","1689831900339417088","Mochichimoru91"
"1797227205057286482","Mon Jun 03 13:50:29 +0000 2024","0","@FOODFESS2 Self reward? Saya gak kenal itu.. Saya punya duit tabungin buat bangun rumah.. Eh skarang gaji mau dipotong buat gen z biar bs bangun rumah.. Pengorbanan saya selama saya masih muda sia2 donks.. Yg bantu saya bangun rumah siapa?","1797626913282015449","","FOODFESS2","in","Blitar-Jember","0","0","0","https://x.com/farobay/status/1797626913282015449","58454277","farobay"
"1797481234626736351","Mon Jun 03 12:53:46 +0000 2024","0","@tanyarlfes Seharusnya progam ini buat para pejabat noh yg gaji pertahunnya bisa berapa M njir Mayan kan ambil potongan 15% yg katanya untuk 'membantu pendanaan gen z'","1797612642506551683","","tanyarlfes","in","","0","0","0","https://x.com/gxrciar/status/1797612642506551683","740463929336430592","gxrciar"
"1797481234626736351","Mon Jun 03 12:41:11 +0000 2024","1","@shyscia @tanyarlfes Bahkan keknya Gen Z yang sekarang udah MUAK banget tinggal di NEGARA yang KEPUTUSANNYA makin ga jelas jujur ya gue kalo udah lulus dari dunia per-kuliah-an dan dapet gaji puluhan juta... Ga pake mikir langsung mau pindah ke NEGARA TETANGGA yang jelas-jelas lebih MAJU","1797609473235980643","","Liz_Eliza27","in","","0","1","0","https://x.com/Liz_Eliza27/status/1797609473235980643","1723945854866972673","Liz_Eliza27"
"1797609055814607331","Mon Jun 03 12:39:31 +0000 2024","0","Gen z mah maunya tiket konser murahhh. Woi liat noh tiket konser harga 1-2x gaji. Gila apa ya","1797609055814607331","","","in","","0","0","0","https://x.com/namnamukoya/status/1797609055814607331","1391774404107935744","namnamukoya"
"1797520011575402611","Mon Jun 03 12:37:13 +0000 2024","0","@tanyakanrl ah pake gen z buat alesan pak tp gen yg lain jg kena lgian msh bnyk org yg memprioritaskan gaji buat biaya hidup dll drpd rumah","1797608476614758531","","tanyakanrl","in","JIKJIN","0","0","0","https://x.com/wilsof_/status/1797608476614758531","1332717033125888001","wilsof_"
"1797520011575402611","Mon Jun 03 11:59:56 +0000 2024","0","@tanyakanrl knp selalu disalahkan gen z jangan repot2 pak @sandiuno warisan bpk ku ada sawah sama tanah gaperlu lah ada tapera kita berjuang d kehidupan masing2 aja.. Kalau mau kredit subsidi boleh di fasilitasi jgn pejabat ngemis macam ini ke karyawan gaji pejabat aja potong ","1797599092606226800","","tanyakanrl","in","aRMy","0","0","0","https://x.com/sierkive/status/1797599092606226800","1569574214927261697","sierkive"
"1797166075395940469","Mon Jun 03 11:59:52 +0000 2024","0","@5teV3n_Pe9eL kenapa gen Z ga dibuatin rumah dulu nanti baru dipotong gaji/dicicil sesuai kemampuan","1797599077825437976","","5teV3n_Pe9eL","in","SAN SIRO","0","0","0","https://x.com/willyagiel/status/1797599077825437976","92267275","willyagiel"
"1797520011575402611","Mon Jun 03 11:57:37 +0000 2024","0","@tanyakanrl Pak ya gimana kebanyakan Gen Z ini generasi sandwich. Mana gaji ya segini tapi kebutuhan naik terus. Minta tolong bantu naikin gaji masyarakat Pak..... aaaksosjsj inflasi naik tapi gaji segini-gini aja pak. Jangan kan mikir rumah mikir nikah juga belum kepikiran pak ","1797598511745437958","","tanyakanrl","in","","0","0","0","https://x.com/Helianthus_Al/status/1797598511745437958","1641996343832096769","Helianthus_Al"
"1797598084995887512","Mon Jun 03 11:55:55 +0000 2024","1","Sebagai gen z gaji udah habis buat ngopi syantik biaya terapi psikiatri dan beli barang lushyu tidak berguna. Lagian tanda tanda kiamat uda banyak muncul. Who need a house?","1797598084995887512","","","in","Kota Surabaya, Jawa Timur","0","0","0","https://x.com/KhoChan0227/status/1797598084995887512","1515480431390441474","KhoChan0227"
"1797596895193530384","Mon Jun 03 11:51:12 +0000 2024","0","oi tapera... emang gen z ada rencana buat punya rumah? ini aja pada minta mati muda gamau hidup lama2 sampe tua2 amat jadi biarin kita hidup di masa muda pake duit GAJI KITA SENDIRI ITU kagak usah elu recokin jingggg","1797596895193530384","","","in","Pink Ocean","0","0","0","https://x.com/chesuy0n/status/1797596895193530384","2322375925","chesuy0n"
"1797595466538086700","Mon Jun 03 11:45:31 +0000 2024","0","gen z gen z mau generasi apapun kalo gaji ga naik tp harga rumah/tanah naik terus ya ga akan bisa mas","1797595466538086700","","","in","istj","0","0","0","https://x.com/azzahrasybl_/status/1797595466538086700","1539363759268933632","azzahrasybl_"
"1797591801320411501","Mon Jun 03 11:30:57 +0000 2024","0","gen Z nya dilibatin ngomong ga sih serius nanya.... ngambil sumber daya alam masih kurang ya sist sampe skrg meres gaji rakyat wkwkw","1797591801320411501","","","in","","0","0","0","https://x.com/mndynight/status/1797591801320411501","1656551665972158464","mndynight"
"1797587684141203631","Mon Jun 03 11:14:36 +0000 2024","1"," ga bisa semuanya dibebankan ke pemerintah LHAAA TERUS MASA DIBEBANIN KE GEN Z YANG SANDWICH GENERATION DAN GAJI UMRNYA ITU DIPAKAI UNTUK BIAYAIN KELUARGANYA SIH PAKKKKKK?","1797587684141203631","","","in","","0","1","0","https://x.com/y0urteaaa/status/1797587684141203631","1208379376930131969","y0urteaaa"
"1797481234626736351","Mon Jun 03 11:01:10 +0000 2024","1","@shyscia @tanyarlfes Anjir gen z kena mulu sialan dah pemerintah ini sumpah. Dahal yg lebih kita butuhin itu kerja anjir kerja yg dpt gaji layak karna disini masih banyak perusahaan yg gaji ga sampe umr. Masih dibawah banget dan ditambah loker nentuin kualifikasi kudu begini begitu","1797584303691632900","","shyscia","in","East Java, Indonesia","0","0","0","https://x.com/minahhjh/status/1797584303691632900","1242004286302646276","minahhjh"
"1797578391115513921","Mon Jun 03 10:37:40 +0000 2024","2","Kalo emang targetnya buat menunjang ekonomi gen z biar punya rumah di masa depan ya sediain dong program rumah siap huni yang murah dan layak. Kasih subsidi dari pemerintah tanpa harus motong gaji atau naikin umr + luasin lapangan kerja tanpa persyaratan yg strict banget","1797578391115513921","","","in","bxb shipper dni | Selective","0","0","0","https://x.com/luna_w053/status/1797578391115513921","1487220594051452933","luna_w053"
"1797578349021438425","Mon Jun 03 10:37:30 +0000 2024","0","pak yaAllah pak mau nabung jg gen z gaji gak seberapa tp harga jual buat keperluan hidup setinggi langit","1797578349021438425","","","in","127 aespa / dnf","0","0","0","https://x.com/june6hae/status/1797578349021438425","1408472410878218247","june6hae"
"1797520011575402611","Mon Jun 03 10:34:03 +0000 2024","0","@tanyakanrl Gen z diem diem aja padahal ga punya rumah gapapa yang penting hidup tenang udh sadar diri aja lah pokoknya gaji umr buat hidup aja sesek napas apalagi beli rumah","1797577481488413126","","tanyakanrl","in","somewhere on earth","0","0","0","https://x.com/xyz_apf/status/1797577481488413126","3480600792","xyz_apf"
"1797481234626736351","Mon Jun 03 10:21:16 +0000 2024","0","@shyscia @tanyarlfes pdhl gen z ga punya rmh krna kebutuhan naik tp umr segitu2 aja udh umr segitu2 aja gaji yg di bwh umr lebih banyak ","1797574263383429569","","shyscia","in","Depok,Indonesia","0","0","0","https://x.com/YASMINERSwriter/status/1797574263383429569","530825987","YASMINERSwriter"
"1797574184765424033","Mon Jun 03 10:20:57 +0000 2024","0","Ya mau bantuin biar gen z punya rumah tp gaji kecil trs dipotong segala tetek bengeknya ya bukannya punya rumah duluan yg ada meninggal duluan","1797574184765424033","","","in","","0","0","0","https://x.com/diarididi/status/1797574184765424033","1376732558600200196","diarididi"
"1797481234626736351","Mon Jun 03 10:04:34 +0000 2024","7","@shyscia @tanyarlfes padahal mimpi gw ga punya rumah dan fokus sama hal lain eh ada tepera seoalah menganggap rumah sebagai impian gen z. pak impian gen z tuh kerja enak gaji gede","1797570061747794290","","shyscia","in","","0","1","0","https://x.com/ArinaFadya/status/1797570061747794290","1572482089685258242","ArinaFadya"
"1797520011575402611","Mon Jun 03 10:03:03 +0000 2024","0","@tanyakanrl Pil pahit kepala lu peyaang.. Lo kira pemotongan gaji ni kena nya di gen z doang. Mikirrr doong.. Pake apa beli rumah duit nya g bakal cukup ituu.. Aahh elaah...","1797569680263286994","","tanyakanrl","in","Indonesia","0","0","0","https://x.com/tklvcm12/status/1797569680263286994","495452111","tklvcm12"
"1797520011575402611","Mon Jun 03 10:01:43 +0000 2024","0","@tanyakanrl gen z butuh kerjaan pak gaji cukup boro mikirin rumah buat makan jajan aja muter otak dulu cukup ga sebulan","1797569344723136750","","tanyakanrl","in","","0","0","0","https://x.com/fabianolin_/status/1797569344723136750","1430364729868881922","fabianolin_"
"1797564490424488260","Mon Jun 03 09:42:26 +0000 2024","0","gausah jauh2 mikirin rumah buat gen z. banyakin aja dulu itu lowongan pekerjaan. sejahterain dulu masyarakatnya baru bikin peratura potong2 gaji. ngadi2 emang","1797564490424488260","","","in","","0","0","0","https://x.com/archiveal_/status/1797564490424488260","1752627319196520448","archiveal_"
"1797564477946355927","Mon Jun 03 09:42:23 +0000 2024","0","Gaji seberapa + harga rumah/tanah selalu naik nyalahin gen z :) (eventhough i am gen z)","1797564477946355927","","","in","IDN/ENG","0","0","0","https://x.com/Capucin1902/status/1797564477946355927","1410894255644569601","Capucin1902"
"1797563239984984470","Mon Jun 03 09:37:28 +0000 2024","0","PEDULI AMAT???? Lagian katakanlah gaji rata2 gen z 5 jt. 3% nya berarti 150k. Misal 20 tahum kerja itu juga cuma dapet 36 juta sekian. RUMAH MANA YG HARGANYA SEGITUUU??? Kecuali gaji kita nih 20 jt perbulan","1797563239984984470","","","in","","0","0","0","https://x.com/foryuuji/status/1797563239984984470","1450018198397415427","foryuuji"
"1797520011575402611","Mon Jun 03 09:16:48 +0000 2024","0","@tanyakanrl Aneh banget. Kalo emang ga mau gen z ga punya rumah ya pemerintah bikin kebijakan biar harga rumah murahlah! Bukan malah ngambil dari yang rakyat mulu. Udahmah gaji segitu doang. Masih aja dipotong","1797558038662185106","","tanyakanrl","in","Nomaden","0","0","0","https://x.com/GsooGmin/status/1797558038662185106","1646423104040865793","GsooGmin"
"1797555770495734170","Mon Jun 03 09:07:47 +0000 2024","1","makasih ya pak sandiaga (dan pejabat lain) karena udh mikirin rumah buat gen z. biar baiknya ga nanggung knp ga bapak beserta para menteri/pejabat yang lain aja sisihin uang dari gaji atau tunjangan kalian yang BANYAKK itu","1797555770495734170","","","in","","0","0","0","https://x.com/beauvune/status/1797555770495734170","1535960562504376320","beauvune"
"1797555585090756980","Mon Jun 03 09:07:03 +0000 2024","0","Pak gamau pak mau pale cara sendiri gak usah atur² gen z pake segala potong gaji sana sini","1797555585090756980","","","in","","0","0","0","https://x.com/yoojae_leejen23/status/1797555585090756980","1517181450071973888","yoojae_leejen23"
"1797555268009820634","Mon Jun 03 09:05:47 +0000 2024","1","boro² mikirin rumah pak gen z banyak yg nganggur cari kerja susah lapangan pekerjaan pun sedikit sekalipun udh kerja dapet gaji potongannya banyak blm lg klo sandwich generation. minimal kebijakan batas usia perkerja dihapus dulu lah baru mikirin rumah","1797555268009820634","","","in","","0","0","0","https://x.com/induklouis/status/1797555268009820634","3010427520","induklouis"
"1797152507791311277","Mon Jun 03 08:59:42 +0000 2024","0","@rtobg71 @Jojobetako2 @xquitavee @BpTapera @tsetiady @TaperaEmmanuel Buzzer tapera mau nipu masyarakat Gen Z gak bisa beli rumah karena harga rumah naik gila gilaan gara gara inflasi. Gaji lu dipotong 3% kasih bunga 5% mau sampai mampus juga nggak akan kebeli rumah. yang ada daya beli Tapera menurun drastis pas diambil pensiun","1797553737306976313","","rtobg71","in","Jakarta","0","0","0","https://x.com/indonode/status/1797553737306976313","1451859919536197633","indonode"
"1797520011575402611","Mon Jun 03 08:54:00 +0000 2024","0","@tanyakanrl Gen z gen z generasi bapak noh yg harusnya banyak turun ke lapangan biar ga banyak mau. jangan kan mikir rumah mikir buat makan tiap hari udh ada aja pada alhamdullilah. Gaji di Indo engga segede itu buat di potong potong jadi sedekah rumah . Plis lah mikir","1797552303651860860","","tanyakanrl","in","Pluto","0","0","0","https://x.com/inthesho0p/status/1797552303651860860","2585082662","inthesho0p"
"1797550203635163624","Mon Jun 03 08:45:40 +0000 2024","0","aneh. yg jadi permasalahan tu kok bisa sampai gen z ga sanggup beli rumah? kenapa harga rumah &amp; tanah mahal? kenapa pemasukan/gaji gen z ga bisa ditabung utk beli rumah? bukannya terus bikin kebijakan ga jelas jir ini mah akar permasalahannya juga ga bakal selesai","1797550203635163624","","","in","","0","0","0","https://x.com/trecestrella/status/1797550203635163624","1487103268064878594","trecestrella"
"1797542614763499565","Mon Jun 03 08:15:30 +0000 2024","1","Ya karena gen z diem aja mana masih m8kirin mental health minta kerjaan enak gaji gede tp cm lulusan sma sederajat kagak mikir anak cucu lu mau di kasih makan apa ? sebenernya bukan cari kerja itu susah tp emng orng ny aja yg pilih² kerja.","1797542614763499565","","","in","Osaka-shi Konohana-ku, Osaka","0","1","0","https://x.com/Khairuzzadittqw/status/1797542614763499565","1581275668457091072","Khairuzzadittqw"
"1797520011575402611","Mon Jun 03 08:11:25 +0000 2024","1","@tanyakanrl Boro boro mikirin rumah gen z aja masih bertarung dengan gaji rendah dan beban kerja yg tidak sesuai ini lagi mikirin duit gaji dipotong hedeh!","1797541587511394518","","tanyakanrl","in","Earth 616","0","0","0","https://x.com/urfav_kkk/status/1797541587511394518","1008319806309744645","urfav_kkk"
"1797520011575402611","Mon Jun 03 08:10:01 +0000 2024","0","@tanyakanrl Gak tau aja gen z itu tulang punggung pak gaji kita 50% untuk org tua 20% untuk keperluan rumah sisa nya baru bisa di nikmatin ","1797541233537269774","","tanyakanrl","in","Jawa Tengah, Indonesia","0","0","0","https://x.com/Vwxyz58/status/1797541233537269774","2375257686","Vwxyz58"
"1797520011575402611","Mon Jun 03 08:07:59 +0000 2024","0","@tanyakanrl kenaikan gaji skrg ga ngikutin inflasi duit kelihatan banyak tapi tetep ga cukup buat beli rumah akhirnya duit dipake buat beli barang mau dipake apa lagi? trs disorot katanya gaya hidup gen Z boros karena ngopi tiap hari jadi gbs beli rumah lah dr awal emg ga cukup duitnya","1797540720557142224","","tanyakanrl","in","","0","0","0","https://x.com/grumpyygirl/status/1797540720557142224","1539888936566132736","grumpyygirl"
"1797538499119452449","Mon Jun 03 07:59:09 +0000 2024","0","Bukannya ini malah ngeberatin gen z? Gaji umr dikurang lagi buat tapera","1797538499119452449","","","in","","0","0","0","https://x.com/phuuuuue/status/1797538499119452449","1109326857051111424","phuuuuue"
"1797520011575402611","Mon Jun 03 07:43:20 +0000 2024","0","@tanyakanrl Tinggal buka lapangan pekerjaan yg banyak gaji layak terus syarat yg gapenting dihapus gaperlu lu mikirin rumah gen z","1797534517328290217","","tanyakanrl","in","","0","0","0","https://x.com/Galih_RN29/status/1797534517328290217","1386316718","Galih_RN29"
"1797481234626736351","Mon Jun 03 07:37:43 +0000 2024","2","@shyscia @tanyarlfes Bantuin gen Z tu dari gaji aja si pak lagian kenapa kek hina bgt org2 yg ga kebeli rumah tu","1797533104388870163","","shyscia","in","Bandung, Indonesia","0","1","0","https://x.com/astrophilleeii/status/1797533104388870163","1115590111905730560","astrophilleeii"
"1797531077332123713","Mon Jun 03 07:29:40 +0000 2024","0","Gimna gen Z susah punya rumah properti makin mahal lahan makin sempit dan sekrang gaji yg begitu kecil ini dipotong buat tapera","1797531077332123713","","","in","도경수의 마음속에 ","0","1","0","https://x.com/ksoolup12/status/1797531077332123713","1445796320166301704","ksoolup12"
"1797520011575402611","Mon Jun 03 07:18:17 +0000 2024","0","@tanyakanrl gen z maunya gaji naik pak bukan nabung tapera","1797528213541044407","","tanyakanrl","in","","0","0","0","https://x.com/todayislunnar/status/1797528213541044407","1543927928584835073","todayislunnar"
"1797520011575402611","Mon Jun 03 07:14:46 +0000 2024","0","@tanyakanrl Pak gen z lagi mikirin gmna caranya biar dapet kerjaan dan gaji naik soalny kebutuhan hidup makin mahal ditambah lagi kebijakan baru yg gk ngotak trs emng pemerintah bisa jamin kalo Tapera bakal bersih dan bisa diambil? ntar kayak yg udh² mls dikibulin mulu kayak orng tolol","1797527331776675996","","tanyakanrl","in","","0","0","0","https://x.com/pochamintchoco/status/1797527331776675996","1619560326634283009","pochamintchoco"
"1797520011575402611","Mon Jun 03 07:02:26 +0000 2024","1","@tanyakanrl Mending gen Z dikasih lapangan kerja yang banyak kak dan syarat serta gaji yg masuk akal","1797524224216862992","","tanyakanrl","in","neraka","0","1","0","https://x.com/gimmecchocolate/status/1797524224216862992","1603724253014024192","gimmecchocolate"
"1797523827674767549","Mon Jun 03 07:00:51 +0000 2024","0","guru gen z ni makan gaji buta doang mending gausa jadi guru dah tai kalo masuk kelas tergantung mood mah","1797523827674767549","","","in","she","0","0","0","https://x.com/vymh3drx/status/1797523827674767549","1502012784007016450","vymh3drx"
"1797513733033570782","Mon Jun 03 07:00:00 +0000 2024","0","@e100ss Gen Z yg baru mau menata hidup dihadapkan dengan kegagalan pemerintah dengan tidak terkendalinya kenaikan harga komoditi di pasaran udah gitu subsidi dikurangin dan dipersulit ditambah lagi agenda pemotongan gaji ini itu berdalih tabungan... mau bahagia gimana?","1797523613375180978","","e100ss","in","","0","0","0","https://x.com/gb_sleepy/status/1797523613375180978","60553785","gb_sleepy"
"1797481234626736351","Mon Jun 03 06:55:26 +0000 2024","0","@tanyarlfes Gila.. alasan gen z Mulu. I mean gpp deh pemerintah mau Tapera atau apalah tp ya gaji UMR naikin juga mau g ? Ini udh gaji pas Pasan. Mau dipotong bayar ini itu tanggungan banyak. Dah lah. G tau apa rakyat ny bnyk yg Sandwich gen.","1797522463892598795","","tanyarlfes","in","Mataram, Indonesia","0","0","0","https://x.com/lliayum24/status/1797522463892598795","1497446234864242688","lliayum24"
"1797512529947803718","Mon Jun 03 06:15:57 +0000 2024","1","gen Z mo nonton konser dipajakin mahal gen Z mo beli printilan kepop dpajakin becuk mahal gen Z mo beli makanan enak PPn mau naik lg gen Z mo nabung potogan gaji aja gede menurut ngana aja gen Z kepikiran mau beli rumah? pilihan mereka tu kalo ga psikolog ya psikiater ","1797512529947803718","","","in","Belahan Ketek Kiming","0","0","0","https://x.com/nunanya_wonu/status/1797512529947803718","874185474532716544","nunanya_wonu"
"1797228591379513853","Mon Jun 03 05:29:19 +0000 2024","0","@fellexandro Waduh @prastow harta rumah Bu Sri kok banyak banget. Masih nggak puas Milenial dan Gen Z mau diperas dipotong gaji 3% dengan dalih tabungan yang kalau diambil pas pensiun nggak akan bisa beli rumah juga?","1797500794306208025","","fellexandro","in","","0","0","0","https://x.com/meinaret/status/1797500794306208025","466627404","meinaret"
"1797491600026927568","Mon Jun 03 04:52:47 +0000 2024","0","Gen Z ya nabung lah pak biar dapet rumah jangan maunya gaji tinggi mulu","1797491600026927568","","","in","Nusa Barong","0","0","0","https://x.com/sultohn/status/1797491600026927568","852617601570164736","sultohn"
"1797166075395940469","Mon Jun 03 04:47:16 +0000 2024","0","@5teV3n_Pe9eL ngapain ngurusin gen z mau pgn rumah apa enggak sediain dulu lapangan kerjanya mereka jg bakalan kebeli biarpun nyicil drpd harus dipotong dari pekerja yng kadang gaji aja telat mikir dikit jadi pemerintah","1797490211854913581","","5teV3n_Pe9eL","in","sidoarjo","0","0","0","https://x.com/pimpoxy229/status/1797490211854913581","1629845612257767426","pimpoxy229"
"1797485898583695739","Mon Jun 03 04:30:08 +0000 2024","0","iyadeh iyaaaaa gen z emg gabakal bisaa punya rumaaahhh yaa gimana mau bisa punya rumah orang cari kerja aja susahnya 1/2 mati gaji banyak dipotong batasan usia banyak bgt nyet","1797485898583695739","","","in","","0","0","0","https://x.com/sssecretwt/status/1797485898583695739","1205676964494708736","sssecretwt"
"1797472934812131396","Mon Jun 03 03:38:37 +0000 2024","0","Umur 35 gaji 30 juta nanya ginian biasanya di ChatGPT dan itu pun just for fun bukan di menfess. Ini mah Gen Z ngenes pengangguran udah kebaca.","1797472934812131396","","","in","","0","0","0","https://x.com/elonmustofa/status/1797472934812131396","1154814853694885889","elonmustofa"
"1797463787190251565","Mon Jun 03 03:02:16 +0000 2024","5","Menaikkan pajak 10 orang terkaya itu setara 10jt lapangan kerja baru untuk Gen Z. Ga perlu TAPERA untuk menyiksa rakyat yg gaji pas2an","1797463787190251565","","","in","pluto","0","1","0","https://x.com/Mencretisme071/status/1797463787190251565","1456181367906000897","Mencretisme071"
"1797455515985056069","Mon Jun 03 02:29:24 +0000 2024","0","Dimana esensi nya kalau tapera itu buat bantu masyarakat punya rumah? 1. Syarat KPR aja minimal cicilan 30% dari income (Jabotabek dengan harga properti sekarang yang paling murah 400jt aja minimal gaji kudu diatas 8jt) 2. 9.9jt gen z nganggur (di approve kah kalo ajuin?)","1797455515985056069","","","in","","0","0","0","https://x.com/An4teha/status/1797455515985056069","230890920","An4teha"
"1797427704578638093","Mon Jun 03 01:20:26 +0000 2024","0","@Puthutea Rakyat yg Gotong royong ? Gimana kalau gaji presiden menteri pejabat-pejabat semuanya yg gotong royong menanggung IURAN TAPERA seluruh rakyat+Gen Z??? yg gajinya gede &amp; rangkap sana sini aja keberatan dipotong ini rakyat jelata yg tiap bulan msh kekurangan mau dipotong lg?","1797438160684945806","","Puthutea","in","","0","0","0","https://x.com/hyde_take_farza/status/1797438160684945806","2314838342","hyde_take_farza"
"1797433320273506596","Mon Jun 03 01:06:43 +0000 2024","0","@kkavasha_ Iya kan bestieh. SEBEL GUA ANYINK APA2 GEN Z APA2 GEN Z. COBA DEH ITU SEKALI2 LIAT LOKER YG DISEDIAKAN UDAH MEMADAI BLM??? KRITERIANYA MULUK2 TAPI GAJI ASDFGHJKL JANCOOOKKKK /*mfff kesaall/ Ayok bestieh. Kita pindah ","1797434705572491748","","kkavasha_","in","Teyvat, Xnzh Luofu, Solaris-3","0","0","0","https://x.com/imbibitorlxnae/status/1797434705572491748","1486531290669060101","imbibitorlxnae"
"1797430958423265656","Mon Jun 03 00:51:49 +0000 2024","19","Gen Z tu belum apa apa udah nanyain gaji cari kerja apa cari gaji. Percaya deh kalo kerja km bagus gaji pasti menyesuaikan.Yang penting isi dulu peluang. Kalo ga sesuai kan nanti bisa mundur. Jangan mundur sebelum berjuang.Semangat buat pencari rupiah. Apa pun lakuin dulu itu.","1797430958423265656","","","in","","0","3","2","https://x.com/irenarani86/status/1797430958423265656","1206522432552493056","irenarani86"
"1797166075395940469","Mon Jun 03 00:27:21 +0000 2024","0","@5teV3n_Pe9eL Gen Z jadi kambing hitam padahal akui aja ini kegagalan pemerintah menyediakan lapangan kerja dan memberikan kesejahteraan buat rakyat ngaku hayoh?! Gaji gua di potong pajak buat makan pejabat pemerintah g ikhlas gua klo kelen kerja ngang ngong.","1797424800878789118","","5teV3n_Pe9eL","in","","0","0","0","https://x.com/ValheinAov/status/1797424800878789118","1522727405730897920","ValheinAov"
"1797135413494325543","Mon Jun 03 00:18:08 +0000 2024","0","@sandiuno Gen z gabisa punya rumah kalo masih kerja di indonesia dengan gaji UMR","1797422480761798948","","sandiuno","in","Bali, Indonesia","0","0","0","https://x.com/suryadiki/status/1797422480761798948","478385878","suryadiki"
"1797135413494325543","Sun Jun 02 22:54:32 +0000 2024","0","@sandiuno ga ush gitu bgt bro elo tahu koq klo TAPERA itu akal2an... elo pikir brp gaji gen z yang dipotong buat TAPERA dan brp hasilnya nanti ? Tahun 2021 aj dana TAPERA dari ratusan ribu pegawai tidak bisa keluar. Itu keringat orang dosa lu seberapa gede itu ? sadar bro sadar...","1797401443676418264","","sandiuno","in","","0","0","0","https://x.com/un_dreilukas/status/1797401443676418264","2459086860","un_dreilukas"
"1797385977931173909","Sun Jun 02 21:53:05 +0000 2024","0","Gajiku untuk buatin rumah kaum gen Z Gimana kalo gaji anggota dewan aja yang puluhan juta itu dipotong gaji umr aja banyak sekali printilannya","1797385977931173909","","","in","Denpasar Timur, Indonesia","0","0","0","https://x.com/FTR_HDRIANTI/status/1797385977931173909","1410943821236473857","FTR_HDRIANTI"
"1797224759639572556","Sun Jun 02 17:23:46 +0000 2024","0","@awitsagi @WhySooSeriously @fellexandro Mereka menjadikan tanah &amp; properti sbg investasi ditimbun bisa harga melambung tinggi. Tamak &amp; rakus. Tdk perduli org lain. Skrg gen millenial &amp; gen Z merasakan dampak semua kerakusan itu: susah beli rumah sebab harga naik tinggi tiap tahun tdk sebanding kenaikan gaji ","1797318202562916859","","awitsagi","in","","0","0","1","https://x.com/auoquamel/status/1797318202562916859","1563334024516382721","auoquamel"
"1797317303635411008","Sun Jun 02 17:20:12 +0000 2024","0","Gpp deh pak.. Gen Z pake rumah peninggalan ortu ajalah drpd dicekik model begini.. klo emg mau potong gaji lagi ya harga bahan pokok kebutuhan sehari2 bensin listrik pajak dll turunin dong.. ini malah 2025 mau dinaikin berjamaah..","1797317303635411008","","","in","east java","0","0","0","https://x.com/alexmusician/status/1797317303635411008","83797482","alexmusician"
"1797135413494325543","Sun Jun 02 17:02:24 +0000 2024","0","@sandiuno Gen z lagi aja pdhl gen z lagi pusing cari kerja dari pd cari rumah. Yg konkrit aja deh pak lalu klo gaji umr beli rmh dp aja blm dapet trs gen z hrs nunggu tapera berapa tahun? 50? Punya cucu duluan saya pak dr pd rumahnya. Kecuali dapet jaminan punya rumah dr awal byr pajak","1797312826278854862","","Haechnanaa","in","","0","0","0","https://x.com/Haechnanaa/status/1797312826278854862","1530222806830845952","Haechnanaa"
"1797228591379513853","Sun Jun 02 16:32:35 +0000 2024","0","@fellexandro Nah lhoooooo... Ini pejabat tinggi memberi contoh utk penimbunan properti Org biasa disuruh patungan gaji buat nyicil properti yg harganya semakin melonjak setiap tahun tak terkendali gara² ditimbun horang kaya Makanya generasi muda apalagi gen Z semakin sulit punya rumah","1797305319154192407","","fellexandro","in","","0","1","0","https://x.com/BhatnagarEuler/status/1797305319154192407","1563456727705563136","BhatnagarEuler"
"1797166075395940469","Sun Jun 02 16:26:56 +0000 2024","0","@5teV3n_Pe9eL Kaya yakin gen z bakal bisa hidup smp usia pensiun aja?? Liat peraturan gonta ganti udh pengen cepet2 mati aja soalnya udh gakuat hidup lapker yg susah hrus dituntut ini itu sandwichgen pajak ini itu gaji yg dikit masyaallah pemerintah dzolim kali ya allah","1797303901089411341","","5teV3n_Pe9eL","in","","0","0","0","https://x.com/nowplay_august/status/1797303901089411341","1459808684129746947","nowplay_august"
"1797166075395940469","Sun Jun 02 16:07:42 +0000 2024","1","@5teV3n_Pe9eL Maksud lu gen z ga akan bisa punya rumah walau kerja sampe nyentuh usia pensiun? Salah siapa harga kebutuhan naik drastis tapi gaji umr naik aja susah? Udah gitu malah mau dipotong lagi buat program tabungan ke pemerintah yang rentan jadi duit ghaib alias dikorupsi.","1797299059637784900","","5teV3n_Pe9eL","in","","0","0","0","https://x.com/Kindrag_/status/1797299059637784900","1149805337882419200","Kindrag_"
"1797135413494325543","Sun Jun 02 15:21:02 +0000 2024","0","@sandiuno Biar gen Z kerja keras buat sukses.. Ngapain dimanjaaiin.... Udh bnyak nganggur krna aturan pekerja yg ribet skrg di manjain iming2 mudah punya rumah dengan iuran dari rakyat sndiri ga habis pikir... Kenapa ga gaji pejabat aja tuh ilangin","1797287313091018881","","sandiuno","in","","0","0","0","https://x.com/Noorfasya22/status/1797287313091018881","547558892","Noorfasya22"
"1797282326843719804","Sun Jun 02 15:01:13 +0000 2024","2","Dah lah mending Gen Z nganggur aja lagi. Toh lagian kerja juga udah banyak potongan gaji belum lagi beli makanan ada pajakny jg ini malah ada TAPERA lagi. Klo ada kesempatan keluar negeri menetap kesana aja kalian cari yg biaya hidup murah dan gaji jg gede","1797282326843719804","","","in","pluto","0","0","0","https://x.com/Mencretisme071/status/1797282326843719804","1456181367906000897","Mencretisme071"
"1797141723707211815","Sun Jun 02 14:51:06 +0000 2024","0","@tanyakanrl Harga hp 6 kali gaji. Melongoh bets. Ga pernah kebayang krn selalu beli hp dibawah gaji. Pake iphone juga ga krn gengsi. Gapaham lah sama gen z jaman sekarang","1797279783203848649","","tanyakanrl","in","Jogja","0","0","0","https://x.com/dyaanera/status/1797279783203848649","93818266","dyaanera"
"1797166075395940469","Sun Jun 02 14:38:28 +0000 2024","0","@5teV3n_Pe9eL Bilangin ke gen z belajar management keuangan dan buka lowongan kerja yang banyak bukan malah mental pengemis dan bilangin yah kontol kalau gaji kecil ga usah beli barang Mahal anjing","1797276603808100419","","5teV3n_Pe9eL","in","","0","0","0","https://x.com/arifin0004/status/1797276603808100419","1664622598678822913","arifin0004"
"1797229249214239119","Sun Jun 02 14:18:14 +0000 2024","0","@tanyakanrl Sekarang apa yang bisa lo lakuin gak guna nyesal doang. Ayo Gen Z dan milenial bersatu!.Suarakan terus. Kasihan emak kita pusing harga beras naik minyak goreng nak tarif dasar listrik naik. Yang ortunya kerja gaji bulanan pajak jadi 12% Tapera. Udah korupsi semua negara ini","1797271509159010509","","tanyakanrl","in","","0","0","0","https://x.com/BruleLecitin/status/1797271509159010509","1446710059015147521","BruleLecitin"
"1797166075395940469","Sun Jun 02 13:48:47 +0000 2024","0","@5teV3n_Pe9eL halah gaji pejabat aja mending sumbangin buat gen z biar bisa kebeli rmh","1797264099568734628","","5teV3n_Pe9eL","in","Slavesss","0","0","0","https://x.com/Rezaprsty_/status/1797264099568734628","700975236","Rezaprsty_"
"1797178616780140590","Sun Jun 02 13:05:19 +0000 2024","2","@VIVAcoid Itu omong kosong bung sandi @sandiuno yg penting bukan tapera buat gen z tapi pekerjaan dng gaji layak bukan umr ala2 omnibus law. Tapera kamuflase rakyat diperah utk nambahin APBN yg kurang dr penambahan hutang. Tapera bukan menyediakan rumah tp menyediakan uang kas buat APBN","1797253162686136560","","VIVAcoid","in","","0","0","0","https://x.com/CentralFrom/status/1797253162686136560","1395898405965111297","CentralFrom"
"1797135413494325543","Sun Jun 02 12:47:36 +0000 2024","0","@sandiuno Udah baca ini belum @sandiuno ???? Sok2 bawa GEN Z segala yang lalu aja ngga becus ngurusnya. Ngga usah lu merasa paling berhak atas GAJI/DUIT Rakyat!!!!!! https://t.co/oQ6Jtpcq5J","1797248703851561254","","sandiuno","in","","0","0","0","https://x.com/Gambit_XX__280/status/1797248703851561254","1775751097120137217","Gambit_XX__280"
"1797135413494325543","Sun Jun 02 11:44:40 +0000 2024","0","@sandiuno klo niat nya bantu gen z punya rumah dibaliknaja pak siapain dlu rumahnya gen z tempatin baru dia nyicil tu lewat potongan gaji.. gmn? klo mau bantu punya rumah lo ya niat nya ","1797232865446592988","","sandiuno","in","cimahi, Indonesia","0","0","0","https://x.com/RamanaBudak3/status/1797232865446592988","109835934","RamanaBudak3"
"1797178616780140590","Sun Jun 02 11:13:08 +0000 2024","3","@VIVAcoid Karena gen z paling enak dibodohin oleh mereka yg ga pernah ngerasain gaji umr seperti yg buat kebijakan ","1797224930050023625","","VIVAcoid","in","","0","0","0","https://x.com/FoundationCcm/status/1797224930050023625","1639434473614999552","FoundationCcm"
"1797135413494325543","Sun Jun 02 10:46:21 +0000 2024","0","@sandiuno Jangan nyatut Gen Z deh lu pakai otak di dengkul juga ngga bakalan hasil Tapera 3% dr gaji bisa beli rumah memangnya beli rumah cuma pakai DP doang ngga bayar Cicilan?","1797218188209590638","","sandiuno","in","","0","0","0","https://x.com/AriskaPutraS/status/1797218188209590638","1603536827725811712","AriskaPutraS"
"1797216638586249297","Sun Jun 02 10:40:11 +0000 2024","0","@sandiuno lu mau membodohi rakyat? berapa yg dihasilkan dari Tapera yg jangka waktu maksimalnya 15 thn dgn tabungan 3% dr gaji dan berapa pula harga rumah? Gen Z yg mana sementara Gen Z banyak yg nganggur?","1797216638586249297","","sandiuno","in","","0","0","0","https://x.com/AriskaPutraS/status/1797216638586249297","1603536827725811712","AriskaPutraS"
"1797212409914138698","Sun Jun 02 10:23:23 +0000 2024","2","Sepatutnya esok ada staff bru nk masuk. Dah deal gaji and everything. Td kita msg utk confirmkan tak jadi pula. Nsb baik kita msg kalau tak mst dia ghosting je. Kenapa gen Z ni suka sgt ghosting eh kalau bab2 mcm ni? Boleh je bgtau awl so kitorang boleh cr staff lain","1797212409914138698","","","in","Chukai, Trengganu","0","2","0","https://x.com/xeraheadstrong/status/1797212409914138698","152566138","xeraheadstrong"
"1797208660235686394","Sun Jun 02 10:08:29 +0000 2024","12"," POV: Pemikiran 1 Milyar Gen Z sedunia yang belum dapat kerja Semangat apply loker guys semoga dapat kerja gaji minimal UMR Bekasi https://t.co/kcMLlzCJaw","1797208660235686394","https://pbs.twimg.com/media/GPD3v_iacAAZuFH.jpg","","in","","0","0","0","https://x.com/convomf/status/1797208660235686394","1314975287294083073","convomf"
"1797166075395940469","Sun Jun 02 09:44:24 +0000 2024","0","@5teV3n_Pe9eL Bagaimna klo gaji para menteri aja yg dipotong 25 % utk bantu gen z itu.","1797202599667777766","","5teV3n_Pe9eL","in","Pulau Sebatik, Indonesia","0","0","0","https://x.com/_ikhwanyan/status/1797202599667777766","1471082246232686592","_ikhwanyan"
"1796895515650752886","Sun Jun 02 08:52:27 +0000 2024","2","@Dandhy_Laksono kesekian kalinya pemerintah mencari jalan instan utk menyelesaikan masalah yg phl samsek ga nyentuh titik permasalahan itu sndiri. Gen Z biar punya rumah ya stabilkan ekonomi kurangi inflasi dll kok malah potong gaji hadehhh ","1797189523996393976","","Dandhy_Laksono","in","","0","0","0","https://x.com/mahmuh_/status/1797189523996393976","1521740161859854336","mahmuh_"
"1797149393445093867","Sun Jun 02 06:12:59 +0000 2024","1131","Aku Gen Z baru 8 bln kerja di company kecil resign krn dapet better opportunity di bumn dan gaji lebih besar. Di julidin abis sama ibu2 kantor gen z kutu loncat. Padahal gue yakin ibu2 itu juga bakal pindah kl ditawarin gaji gede sirik aja lu bu wrk! ","1797149393445093867","","","in","","13","25","37","https://x.com/worksfess/status/1797149393445093867","1244597361826885636","worksfess"
"1797136868007702793","Sun Jun 02 05:23:13 +0000 2024","0","pemerintah always like gen z gk bakal bisa punya rumah and the solution is tapera NEVER naikin gaji or musnahin mafia tanah like??? lol","1797136868007702793","","","in","‼️❌DO NOT FOLLOW❌‼️","0","0","0","https://x.com/whdrn1122/status/1797136868007702793","1657067238","whdrn1122"
"1796399332121559228","Sat Jun 01 11:22:54 +0000 2024","1","@aimr0d Intinya.. era ini.jauh lebih buruk dsri sgl aspek ekonomi.dll. pdhl dulu ga ada medsos yg menunjang kemudahan wirausaha tp tetep aja nyaman. Skg gaji di atas umr aja msh berasa was2.. dan bodhnya gen z ga berani bergerak sprti era dulu pdhl kondisi skg lbh parah","1796864996988912047","","aimr0d","in","Di dalam benakmu","0","0","0","https://x.com/AryuF8/status/1796864996988912047","2689333280","AryuF8"
"1796815726449410248","Sat Jun 01 08:07:07 +0000 2024","0","SDM sebelum Milenial dan Gen Z terus cuma duduk dan menikmati gaji lebih besar karena masa kerja lebih lama? Enak betul","1796815726449410248","","","in","Kota Surabaya, Jawa Timur","0","0","0","https://x.com/djarsurya/status/1796815726449410248","943449234","djarsurya"
"1796765934843289628","Sat Jun 01 06:39:38 +0000 2024","0","@Haudzan beneran sakit rawat inap ga dipotong gaji kan itu bisa fleksibel jg kalo beneran sakit rasaku. gen Z kebanyakan pura pura sakit her. tau sendiri kan.","1796793712049369236","","Haudzan","in","","0","0","0","https://x.com/edweennugraha/status/1796793712049369236","379080717","edweennugraha"
"1796767869797351536","Sat Jun 01 04:56:57 +0000 2024","0","abis baca PP yang bahas TAPERA gw makin geleng geleng kepala. ini Gen Z baru aja mau kerja potongan pajak gaji dimana-mana. mana kita diprediksi bakal jadi generasi dengan biaya hidup paling mahal. paling bener jadi WNA aja","1796767869797351536","","","in","","0","0","0","https://x.com/nebopalassar/status/1796767869797351536","1253703752986447872","nebopalassar"
"1796639621067247975","Fri May 31 20:27:20 +0000 2024","0","Jutaan gen z nganggur salah siapa? Sebagian salah teknologi yang terlalu canggih sehingga sdm skrg bisa di kurangin. Kedua salah mereka kadang terlalu pemilih dalam mencari pekerjaan. Ketiga kurangnya lapangan pekerjaan dari hulu kehilir keempat banyak mau gaji gede effort dikit","1796639621067247975","","","in","Indonesia","0","0","0","https://x.com/beruaaangkutup/status/1796639621067247975","66648779","beruaaangkutup"
"1796406321086095555","Fri May 31 13:07:00 +0000 2024","0","@ARSIPAJA Pekerjaan mah banyak cuman gen Z nya aja yg pilih2 minta gaji gede ga punya skill dikit2 mental health. Kenapa ya justru narasi ini yg bertebaran padahal semua yg dikeluhkan itu adalah masalah yg perlu dibenahi.","1796528810550349904","","ARSIPAJA","in","","0","0","0","https://x.com/eveningstar632/status/1796528810550349904","1727588786895572992","eveningstar632"
"1796508937845690372","Fri May 31 11:58:21 +0000 2024","0","@mythoughtzzlol Kerja juga ada potongannya banyak bgt?? Orgil mana yg mau gen z kerja tp gaji dikasih banyak potongan yg dmn potongan itu blm tentu terealisasikan dgn baik??","1796511533918527961","","mythoughtzzlol","in","","0","0","0","https://x.com/author_wetpet/status/1796511533918527961","1183261634417942530","author_wetpet"
"1795845859105734991","Fri May 31 04:38:02 +0000 2024","0","@AsahPolaPikir Gen Z ini terlalu tinggi ekspektasi perihal besaran gaji pedahal kemampuan ga sesuai blm lagi dikit2 ngeluh cape dan mental health Itu yang saya alami selaku pelaku usaha. Bukannya ga mau merangkul mereka yg Gen Z tp fakta di tmpat saya bertahan 2 minggu udh minta resign ","1796400721992311287","","AsahPolaPikir","in","","0","0","0","https://x.com/Franoka17/status/1796400721992311287","1631258281997127680","Franoka17"
"1796393718339285163","Fri May 31 04:10:12 +0000 2024","1","Gws deh gaji yg ga seberapa ini harus berkelahi dengan potongan sana sini. Ga semua org tujuan kerja biar bisa beli rumah di masa depan harga rumah dah gila2an &amp; emg gen Z kek gue ini jg ga tau lah mampu apa gak nntinya untuk sekarang yg penting gw waras - kebutuhan tercukupi","1796393718339285163","","","in","Jakarta Capital Region, Indone","0","1","0","https://x.com/_cia_07/status/1796393718339285163","1355372375424950272","_cia_07"
"1796364496623268268","Fri May 31 02:14:05 +0000 2024","0"," gen z jgn pilih-pilih pekerjaan jangan ngincer gaji dulu gaji mah ntar ngikutin meanwhile gw yg intern lagi plus freelance dengan pemasukan yg ga seberapa tp tetep alhamdulillah. overthinking mulu pdhl berusaha jg buat accept reality after interview berkali-kali.","1796364496623268268","","","in","","0","0","0","https://x.com/imsuccessz/status/1796364496623268268","1767697227164925952","imsuccessz"
"1796328457271665043","Thu May 30 23:50:53 +0000 2024","0","2024 cina jadi super power belanda jadi satu2nya pembuat microchip indonesia yalahin gen z gen z gaji dibawah umr pendidikan tersier pajak naik berharap ad investasi dan anak muda ya kerja rodi","1796328457271665043","","","in","Tegal, Jawa Tengah","0","0","0","https://x.com/Rafitheda/status/1796328457271665043","113915300","Rafitheda"
"1796139290008920231","Thu May 30 11:19:12 +0000 2024","2","guys mungkin ini saatnya kita ((gen z)) meninggal bareng karena harapan hidup layak semakin jauh (sekolah mahal gaji dipotong tdk punya hunian layak udara tdk baik fasilitas kesehatan blm bagus transportasi umum ga merata dsb)","1796139290008920231","","","in","joonie 💓","0","0","0","https://x.com/vtagoras/status/1796139290008920231","1358441758342877186","vtagoras"
"1796094507798127098","Thu May 30 08:21:15 +0000 2024","0","Gaji guru pengeluaran karyawan scbd asuuu wkwk dasar gen z","1796094507798127098","","","in","Salatiga, Jawa Tengah","0","0","0","https://x.com/waffleabai/status/1796094507798127098","194913436","waffleabai"
"1796054656860262633","Thu May 30 05:42:53 +0000 2024","0","Mungkin ini alasan banyak gen z nganggur. Lulus asal lulus tapi gapunya skill apapun maunya kerja nyantai yang gaji tinggi minim tekanan ","1796054656860262633","","","in","","0","0","0","https://x.com/TheGodfatherRen/status/1796054656860262633","334457438","TheGodfatherRen"
"1795737813293621452","Thu May 30 01:49:04 +0000 2024","0","@tempodotco Gara gara kelakuan gen Z. Gaji umr aja foya foya. Kagak bisa nabung. Ngeluh kagak punya rumah. BANGKE generasi manja ini !!! Menteri dan pejabat sekarang juga generasi tolol manfatin keadaan buat keuntungan mereka. BANGSAT.","1795995812196913310","","tempodotco","in","","0","0","0","https://x.com/OtakUdangku/status/1795995812196913310","1261469436847861761","OtakUdangku"
"1795820273050222782","Wed May 29 14:11:32 +0000 2024","0","Gaji dipotong buat tapera Lowker perusahaan rumit Ekonomi krisis Nasib gen z bakal kek gimana ya? ","1795820273050222782","","","in","","0","0","0","https://x.com/M4RCL24/status/1795820273050222782","1475332978356080642","M4RCL24"
"1795754608733925493","Wed May 29 12:47:46 +0000 2024","4","@arishafzl @zackthebrawler Dia ckap kawan2 dia punya gaji lebih rendah &amp; smua pun degree holder sbb tu dia malas nk cari keje baru sbb pesaing skrg dr Gen Y smpai Gen Z da bersaing cari keje so mmg susah nk dpt yg gaji OK....","1795799191505047949","","arishafzl","in","","0","1","0","https://x.com/real_remorse/status/1795799191505047949","1573935848340398080","real_remorse"
"1795375997178827002","Wed May 29 12:24:44 +0000 2024","0","@yaniarsim @KemenPU yaelah..capek kerja dipotongin terus gaji..bener gen z laah..mending rebahan aja","1795793394796474609","","yaniarsim","in","","0","0","0","https://x.com/adrianakey300/status/1795793394796474609","1681959144474161152","adrianakey300"
"1795078985736495340","Wed May 29 11:51:52 +0000 2024","0","@EricRicaldo Berkah buat mahasiswa tahun depan UKT naik berkah 10jt Gen Z nganggur berkah buat nilai tukar rupiah yg tembus 10k/dollar berkah buat pkerja swasta pot. 3% dri gaji dibikin rumah Dan msih banyak berkah lain ny.. kreng kan .","1795785126913409443","","EricRicaldo","in","Jakarta Pusat, DKI Jakarta","0","0","0","https://x.com/cutaklenge/status/1795785126913409443","1595822402482470912","cutaklenge"
"1795744937092534743","Wed May 29 09:12:10 +0000 2024","0","Lagi baca corusel tentang Tapera ada yg komen begini dan mikir mungkin ini alasan kenapa Gen Millennial dan Gen Z suka pindah-pidah tempat kerja supaya seenggaknya bisa naik gaji 25%. Ya Dude potongan 22% naik pertahun 3%. Si Pph 21 aja gak ketolong sama naiknya gaji pertahun. https://t.co/qVfe8TPDqj","1795744937092534743","https://pbs.twimg.com/media/GOvEgDJbwAAU3wN.jpg","","in","Jakarta, Indonesia","0","0","0","https://x.com/prtmlintang/status/1795744937092534743","1182342189398933504","prtmlintang"
"1795742111444455590","Wed May 29 09:00:57 +0000 2024","0"," gw gen z not rich gaji gw 700k di tempat kopi tapi gw ketagihan beli tanah dan properti ORTU LU TAJIR YA BGST.","1795742111444455590","","","in","Nara-ken, Japan","0","0","0","https://x.com/aguto_kun/status/1795742111444455590","560184086","aguto_kun"
"1795066156052525160","Wed May 29 06:58:03 +0000 2024","0","@convomf kualifikasi banyak mau tapi gaji ga sesuai... lembur harus di gas ga terima di kritik ngatain pilih pilih kerjaan belum lagi adu nasib nya selalu menyudutkan gen z hadeuhhhh","1795711182747406794","","convomf","in","061313","0","0","0","https://x.com/mxyggi/status/1795711182747406794","1149995319121203203","mxyggi"
"1795698482453582295","Wed May 29 06:07:35 +0000 2024","0","Iuran Tapera Potong Gaji 3% Yakin Gen Z Bisa Beli Rumah saat Pensiun? https://t.co/V4NzLKPYAe","1795698482453582295","","","in","","0","0","0","https://x.com/VIVAcoid/status/1795698482453582295","41730943","VIVAcoid"
"1795693677333119379","Wed May 29 05:48:29 +0000 2024","0","Harga talinya aja udah setara dengan potongan Tapera gaji pertama Gen Z.","1795693677333119379","","","in","Jakarta Pusat, DKI Jakarta","0","0","0","https://x.com/uswahabibah/status/1795693677333119379","108227302","uswahabibah"
"1795413426413711454","Wed May 29 05:25:29 +0000 2024","1","@abigailimuriaa Terus Gen Z dibilang byk mau &amp; pemilih pas lagi kerja. Badjingan pemerintah aja gk support kita sbgai rakyat dgn ksih fasilitas kemakmuran malah menambah mslh dgn membuat iuran baru yg diptong dr gaji kryawan. Kesekian kaliny rezim ini membuktikan bhwa mrka gk mikir alias tolol","1795687886714777934","","abigailimuriaa","in","","0","0","0","https://x.com/febrigoh/status/1795687886714777934","1729882538624368640","febrigoh"
"1795670061635731863","Wed May 29 04:14:39 +0000 2024","0","Gen Z disalahin karena dianggap pemalas dan tidak kompeten membuang-buang waktu dengan aktivitas pengangguran kemudian resurjensi ( bangkit kembali ) mencari pekerjaan dengan susah payah habis-habisan dan mati-matian sehabis dapat kerjaan remunerasi ( gaji ) di potong. Sedih!","1795670061635731863","","","in","Indonesia","1","0","0","https://x.com/alamteGarr/status/1795670061635731863","931942638","alamteGarr"
"1795657791253999802","Wed May 29 03:53:34 +0000 2024","5","@Dennysiregar7 Logikanya dimana ya? Yg umum berlaku di kredit rumah aja 30% dari gaji itu pun paling lama 20 tahun (kecuali gen Z). Kalo 3% artinya butuh 200 tahun dengan harga rumah yg stagnan selama 200 tahun. Tolongnya kami yg 16% ini gak gampang loh dibodohi.","1795664756390674439","","Dennysiregar7","in","Laugh Tale, Grand Line","0","0","0","https://x.com/bigjayen2/status/1795664756390674439","1604125501588504576","bigjayen2"
"1795662159172755603","Wed May 29 03:43:15 +0000 2024","0","Miris banget nglihatnya... tahun demi tahun pengganguran makin bertambah di Indonesia Anak2 Gen Z aku saranin dari pada nganggur yuk coba kerja luar negeri Selain Gaji juga lebih Kesempatan dapet kerja juga masih terbuka lebar buat kamu. sumber: @insidefolkative https://t.co/faFDTuXjo2","1795662159172755603","https://pbs.twimg.com/media/GOt32CGa4AAGAo7.jpg","","in","Malang","0","0","0","https://x.com/ptbinamandiri/status/1795662159172755603","1353306432","ptbinamandiri"
"1795652735012061438","Wed May 29 03:05:48 +0000 2024","0","Setelah gaji dipotong Tapera ( Tabungan Perumahan Rakyat ) tahun depan akan ada potongan gaji lagi oleh pemerintah yang namanya Tamani ( Tabungan Mahar Nikah ) . Tujuan program ini ngebantu Gen Z bayar mahar nikah yang mulai yak terkendali","1795652735012061438","","","in","In bed with Gisele Bundchen","0","0","0","https://x.com/beaglejumper/status/1795652735012061438","47858942","beaglejumper"
"1795651800873435151","Wed May 29 03:02:05 +0000 2024","0","Gaji makin kicik pajak makin naik sehat sehat gen z semoga rumah impian kita yg kita bangun di the sims itu bisa jadi kenyataan yah ","1795651800873435151","","","in","","0","0","0","https://x.com/johnjensuh/status/1795651800873435151","1331140767868350467","johnjensuh"
"1795645577226748231","Wed May 29 02:37:21 +0000 2024","0","Kalau gaji di potong untuk tapera buat bangun rumah yaelah gen Z aja gk mau bangun rumah malah kita yg bangunin kita y bantu gen z yg di bantu gak tau diri","1795645577226748231","","","in","","0","0","0","https://x.com/Bastianalvin22/status/1795645577226748231","1528262664559861760","Bastianalvin22"
"1795632322446074194","Wed May 29 02:14:24 +0000 2024","0","KPR DP 1% bunga murah &amp; angsurqn 30 tahun yg ada di BTN misalnya jadi make sense buat Gen Y &amp; Gen Z. Punya gaji 9t/bulan misalnya bisa beli apartemen 2 bed room tinggal masuk koper harga 400jtan dg cicilan perbulan 3jt an. Masih ngantongin duit 5jtan buat transport &amp; makan.","1795639802517430571","","vaiyo","in","Firenze, Toscana","0","1","0","https://x.com/vaiyo/status/1795639802517430571","49529550","vaiyo"
"1795636859642789939","Wed May 29 02:02:43 +0000 2024","0","Gaji sekecil itu berkelahi dengan Tapera Gen Z (gua) ga pengen rumah soalnya bentar lagi perang","1795636859642789939","","","in","homophobic/minor dni.","0","1","0","https://x.com/stannds/status/1795636859642789939","732116520281767936","stannds"
"1795628764543725948","Wed May 29 01:30:33 +0000 2024","1","kasian banget Gen Z. Nyari kerja nggk dibantu negara dapet kerja gaji dipotong mulu sm negara.","1795628764543725948","","","in","","0","1","0","https://x.com/txtbrandlokal/status/1795628764543725948","1164396687864893440","txtbrandlokal"
"1795002002482856395","Wed May 29 00:13:19 +0000 2024","0","@detikcom Gen Z itu mmg secara mental tdk mudah menyerah mau cepet semua tdk sabar untuk meniti karir rata2 mau instan dgn gaji besar..ini yg gak klop dgn dunia usaha..pekerjaan bnyk iya. Tp dari sisi perusahaan juga akan berpikir ulang untuk terima gen Z dgn karakter ini","1795609328487145808","","detikcom","in","everywhere,. anywhere","0","0","0","https://x.com/lovenoww/status/1795609328487145808","178938870","lovenoww"
"1795594677221237175","Tue May 28 23:15:06 +0000 2024","0","Gen Z yang kemarin koar-koar gak mau punya rumah ngapain punya rumah punya rumah itu gak penting terus sekarang sebagian gaji mereka dipotong buat tabungan perumahan rakyat (Tapera) :)","1795594677221237175","","","in","Jakarta","0","0","0","https://x.com/MHilmi_Setiawan/status/1795594677221237175","232546110","MHilmi_Setiawan"
"1795516070314586534","Tue May 28 19:06:48 +0000 2024","6","@kikysaputrii pengusaha &amp; penguasa lagi yg di untungkan biaya 10% gaji itu bisa utk makan pak BPJS ketenagakerjaan sdh cukup hrsnya tnpa ada tapera lagi itu membebani karna di Indonesia gen Z byk generasi sandwich kasian pak pendapatan di potong kalo mau hrsnya UMR naik dulu ke 20jt perbulan","1795532190585098730","","kikysaputrii","in","","0","1","0","https://x.com/Jwildee_/status/1795532190585098730","1772101455090192385","Jwildee_"
"1795490779219296483","Tue May 28 16:22:15 +0000 2024","0","harusnya gaji mah ga dipotong buat tapera gen z butuh uang banyak buat pergi ngonser","1795490779219296483","","","in","","0","0","0","https://x.com/notfoundraf/status/1795490779219296483","1663776753922473984","notfoundraf"
"1795484339205247459","Tue May 28 15:56:39 +0000 2024","1","ku mau nanya sabagai gen z ini kok pemerintah semakin lama semakin banyak aja ya kebijakannya ?. Nggak kebayang pas gw kerja besok pas dapat gaji pertama eh malah kena potongan pajak lah tapera lah bpjs lah dan masih banyak lagi","1795484339205247459","","","in","","0","1","0","https://x.com/detdisk/status/1795484339205247459","1785312730150535168","detdisk"
"1795301478581817593","Tue May 28 15:02:02 +0000 2024","2","@FiersaBesari aku gen z tapi malah pen beli rumah atas nama sendiri motor mobil atas nama sendiri jg. tapi apa daya gaji ga pernah naek potongan makin banyak","1795470593024020693","","FiersaBesari","in","Tarumajaya, Indonesia","0","0","0","https://x.com/icemirener/status/1795470593024020693","1179194706468601856","icemirener"
"1795447585291010505","Tue May 28 14:37:16 +0000 2024","1","@ARSIPAJA Biar gen z merasakan Zaman orba dmn untuk mengisi jabatan eksekutif lembaga publik sampai BUMN bersaing sama orang militer dan pensiunan militer dan orang dalam juga . Mereka sekolah dibiayai dan di gaji negara sampai jadi perwira . Kalian kuliah biaya sendiri mahal juga","1795464359633936639","","ARSIPAJA","in","","0","1","0","https://x.com/pongo1411/status/1795464359633936639","1595851081908559874","pongo1411"
"1795458345014591738","Tue May 28 14:13:22 +0000 2024","485","Be Gen Z : &gt; Diceng-cengin generasi atas &gt; Susah dapat kerja &gt; Sekalinya ada kerjaan dibego-begoin supaya bisa dibayar murah lalu dijual mimpi-mimpi dan gaslight seperti gapapa kerja keras tapi gaji bercanda &gt; Pendidikan Mahal &gt; Terancam oleh AI &gt; Susah Punya Rumah Sendiri ","1795458345014591738","","","in","her","13","47","137","https://x.com/GuarEmperor/status/1795458345014591738","1388477070523572227","GuarEmperor"
"1795455681962627214","Tue May 28 14:02:47 +0000 2024","0","Gaji dipotong buat tabungan beli rumah padahal Gen z cuma butuh Someone to talk","1795455681962627214","","","in","","0","1","0","https://x.com/BimaaryaArya/status/1795455681962627214","1128175795","BimaaryaArya"
"1795441421031452824","Tue May 28 13:06:07 +0000 2024","266","kemarin liat mirisnya berita 9 9jt gen z nganggur UKT mahal gaji mengsedih rata-rata 4.6 jt. di pikir-pikir kasian juga ya gen z tapi masa siiiih gen z sesedih itu? malah banyak gen z yang menurut mincot very inspiring. contohnya ini walau ga gampang dia tetep punya mimpi","1795441421031452824","","","in","Indonesia","6","6","61","https://x.com/hrdbacot/status/1795441421031452824","501800437","hrdbacot"
"1795437984155873496","Tue May 28 12:52:27 +0000 2024","0","Unpopular opinion: Latest Gen Y (Born 1990-96) &amp; Gen Z idealnya skrg childfree/1 child (Opsi gw kelak yg ke2). Kalo mw 2-3 child (Mostly anak di keluarga 🇮🇩 slama 3 dekade akhir) silakan asal harus punya gaji =&gt;8 jt &amp; bisa jamin kelayakan family. =&gt;4 https://t.co/a4syLyUuZ9","1795437984155873496","","","in","Bekasi, Jawa Barat","0","0","0","https://x.com/MenProgres/status/1795437984155873496","1746354595583193088","MenProgres"
"1795306189859049823","Tue May 28 12:37:31 +0000 2024","1","@srhgrcia @dadimdum Kemarin banyak yg ngatain Millenial jilat pantat atasan gak kayak Gen Z berjuang. Sebenernya dulu millenial juga sama kok cuma sekarang lebih milih diem ajalah. Keadaan serba susah; nyari kerja susah gaji gak naik barang naik ya udah kerja aman aja ","1795434226868953412","","CosplayerCat","in","","0","0","0","https://x.com/CosplayerCat/status/1795434226868953412","1634566340018339841","CosplayerCat"
"1795413217533124691","Tue May 28 11:14:02 +0000 2024","0","Pemerintah tau aja banyak gen z milih bundir trus dibikinlah tapera tapera ini mayankan yg nantinya gaji udah dipotong trus duitnya ngendap ","1795413217533124691","","","in","","0","2","0","https://x.com/GhaliGalih_26/status/1795413217533124691","784793727944364032","GhaliGalih_26"
"1795399062289789160","Tue May 28 10:17:48 +0000 2024","0","Jujur gw capek bacanya gaji ga seberapa potongan nya banyak mau makan enak kena ppn gede tai lah rumah udah susah tanah pada mahal kacau nih dikadalin pemrentah. Berita skrg kagak ada habisnya bikin gila gen z astaga","1795399062289789160","","","in","Jawa Barat, Indonesia","0","0","0","https://x.com/Cowwaaaigg/status/1795399062289789160","1208778590273171456","Cowwaaaigg"
"1795385049359282389","Tue May 28 09:22:07 +0000 2024","0","Potong gaji agar millenial dan gen Z punya rumah. Hey NJOP tiap tahun naik terus. NPOPTKP pertahun ini utk perolehan jual beli hanya berlaku sekali seumur hidup ","1795385049359282389","","","in","Indonesia","0","0","0","https://x.com/daffodil2727/status/1795385049359282389","151753566","daffodil2727"
"1795362775122002411","Tue May 28 08:08:55 +0000 2024","7","@Naz_lira Sdh gagal ente jok membuka lap.kerja..10 juta gen z milenial menganggur..skrng sdh brhasil warga dpt kerja dgn usaha sndiri pontang panting dipotong pula gaji mrk...bajingan tengik jg..kl mmang pem. mau mmbantu sediakan aja perumahannya...nnti suruh warga yg cicil..","1795366628965880231","","Naz_lira","in","","0","0","2","https://x.com/Legislator75/status/1795366628965880231","1563956377478778880","Legislator75"
"1795350427879510447","Tue May 28 07:04:32 +0000 2024","1","Soal Potongan Gaji untuk Tapera Aleg PKS Minta Pemerintah Perhatikan Kelas Menengah Gen Z dan Pekerja Mandiri https://t.co/KgWqeQLG2t","1795350427879510447","","","in","Kuala Lumpur","0","0","0","https://x.com/pksmalaysia1/status/1795350427879510447","1373657900","pksmalaysia1"
"1795343979279781916","Tue May 28 06:38:55 +0000 2024","1","Besok ada kejutan apa lagi? Setelah hari sebelumnya ada 9 9jt Gen Z tidak memiliki pekerjaan dan harini ada potongan gaji 10% bagi yg bekerja di swasta?","1795343979279781916","","","in","pluto","0","0","1","https://x.com/Mencretisme071/status/1795343979279781916","1456181367906000897","Mencretisme071"
"1795336840372994432","Tue May 28 06:10:33 +0000 2024","2","Nah ini jangan salahin milenial ama gen z yang belum punya rumah karena sering jajan kopi atau ngonser. Mau nabung DP berapa taun klo gaji UMR dan harga rumah yang jaraknya wajar buat pp ke kantor ugal2an","1795336840372994432","","","in","","0","0","0","https://x.com/iceshakeavocado/status/1795336840372994432","1572846427201769473","iceshakeavocado"
"1795328794003411320","Tue May 28 05:38:34 +0000 2024","0","Gaji Pekerja Bakal Dipotong Untuk Tapera Anggota DPR Minta Gen Z Lebih Diperhatikan https://t.co/3nYyTqmp26 #TempoBisnis","1795328794003411320","","","in","Indonesia","0","1","0","https://x.com/tempodotco/status/1795328794003411320","18129942","tempodotco"
"1795318932808810738","Tue May 28 04:59:23 +0000 2024","429","Gaji dipotong buat tabungan beli rumah padahal gen z butuhnya someone to talk","1795318932808810738","","","in","","5","12","114","https://x.com/andihiyat/status/1795318932808810738","886934161","andihiyat"
"1795315071998120326","Tue May 28 04:44:03 +0000 2024","0","Ini krn isu Gen Z gabisa beli rumah kali ya? ada masuk akalnya tapi gw gamau ahhhh gila dipotong mulu gaji aing sararia mah maraksa ka rakyat teh geuleuh teu resep kesel aingah ka warga 58%","1795315071998120326","","","in","","0","0","0","https://x.com/dhanwrfzh/status/1795315071998120326","916048118","dhanwrfzh"
"1795269856222380496","Tue May 28 04:31:35 +0000 2024","1","@YudhiTelsa @nabanmudrik Tapi ini lucu tau menurut aku sebagai gen Z yang pengen beli rumah asumsi gaji umr jkt aja deh 5jt. Kena tapera 3% save 150.000/bulan. Dikalikan 10 tahun aja baru 18juta belum inflasinya. Dapet rumah apa ya btw? ","1795311934985981959","","YudhiTelsa","in","Yogyakarta, Indonesia","0","3","0","https://x.com/anggityanrs/status/1795311934985981959","305531749","anggityanrs"
"1795253068986221033","Tue May 28 02:50:44 +0000 2024","0","@kozirama Gaji dipotong ujung2nya buat tabungan masa tua juga kok ribut ","1795286558301696135","","kozirama","in","","0","0","0","https://x.com/txtdarigenzee/status/1795286558301696135","1692710410733113344","txtdarigenzee"
"1795281350523846952","Tue May 28 02:30:03 +0000 2024","20","Aku rasa nggak cuma Gen Z. Tapi semua angkatan kerja saat ini susah cari kerja. Lah kok ada yg nanya (retoris) Mending subscribe AI sekian USD sebulan atau gaji Graphic Designer? https://t.co/qaLnbKvgJC","1795281350523846952","","","in","Narnia","0","3","4","https://x.com/hzboy/status/1795281350523846952","79142741","hzboy"
"1795279496305836490","Tue May 28 02:22:41 +0000 2024","3","Jadi gaji kita dipotong 3% setiap bulan. Terus hasil gaji kita ada 2 kemungkinan: 1. Pertama dibuatin rumah yang udah pasti bukan di deket kontrakan/kosan/rumah keluarga lu sekarang pokoknya jauh dari kehidupan warga gen z yg cinta tanah kelahiran 2. Tabungan lu diambil umur 58.","1795279496305836490","","","in","","0","0","1","https://x.com/harii_apriawan/status/1795279496305836490","1608910445766905860","harii_apriawan"
"1795270990119014769","Tue May 28 01:59:34 +0000 2024","0","@habibthink Gen Z nganggur krn mereka pengennya wisuda hari ini lusanya pengen dapat kerja dg gaji 2 digit dr perusahaan yg memperhatikan mental health","1795273678869131768","","habibthink","in","Indonesia","0","0","0","https://x.com/_beck_keith/status/1795273678869131768","1329237904778883076","_beck_keith"
"1795260798593556889","Tue May 28 01:13:12 +0000 2024","0","edan ya negara ini gw kapan kayanya ini bgstttt!! udh gaji umr dipotong pajak dipotong tapera gaya hidup udh pas2an tetep susah nabung harga rumah jg makin ga ngotak mau ngekos yg ADA JENDELANYA AJA susah n mahal giliran jajan dikit dicengin pAntEs gEn Z gbiSa beLi ruMah","1795262009233347070","","BLEUM0NDAY","in","","0","1","0","https://x.com/BLEUM0NDAY/status/1795262009233347070","836074426424700928","BLEUM0NDAY"
"1795238493259706375","Mon May 27 23:58:31 +0000 2024","0","@xioodz KETAWAAAAAAA WKWKWKWK aseli gue sih sebagai gen z yg gajinya ga seberapa ini if i want a house i'd rather kpr (meski nowadays kpr byk yg anjing jg ye) daripada gaji gue dipotong di skema yg ga jelas gini","1795243218168336414","","xioodz","in","she/her 23","0","1","0","https://x.com/buzzerwoodz/status/1795243218168336414","1556327409653190656","buzzerwoodz"
"1795240552893383060","Mon May 27 23:47:56 +0000 2024","0","ribut ribut masalah UKT ternyata mau ngambil gaji karyawan yang ga seberapa itu harusnya udah dapet clue waktu ada statement 10 juta gen Z menganggur pemerintah khawatir penerimaan pajak berkurang naikin UKT ternyata hanya pengalih perhatian","1795240552893383060","","","in","","0","0","0","https://x.com/sierralphaa/status/1795240552893383060","972645420315787265","sierralphaa"
"1795002002482856395","Mon May 27 21:19:51 +0000 2024","3","@detikcom Bukan ga ada bang loker nya. Lokernya ada yg lamar banyak. Dan yg lamar itu gen z semua. Tau kan mindset gen z. Mental blok. Izasah SMA gaji S1 ga mau cape kena marah karena salah langsung baper attitude kurang klo udah ga kuat kerja dikit dikit healing.pilih pilih kerjaan","1795203286066180281","","detikcom","in","","1","4","0","https://x.com/AsriAna23956045/status/1795203286066180281","1659720476426633217","AsriAna23956045"
"1795078302207816049","Mon May 27 17:36:06 +0000 2024","0","@TirtoID Pemilih anaknya didominasi Gen Z eh kebanyakan nganggur. Gimana bisa gaji dipotong utk Tapera? https://t.co/6IrBw5snFV","1795146979258851583","https://pbs.twimg.com/media/GOmkqRMaAAE-ZZX.jpg","TirtoID","in","","0","0","0","https://x.com/musuhbuzzerp/status/1795146979258851583","1185460243565699072","musuhbuzzerp"
"1795120168219427175","Mon May 27 17:34:35 +0000 2024","0","@tempodotco Pemilih anaknya didominasi Gen Z eh kebanyakan nganggur. Gimana bisa gaji dipotong utk Tapera? https://t.co/UIcni3iSRg","1795146594934829423","https://pbs.twimg.com/media/GOmkT2lbwAAq_DC.jpg","tempodotco","in","","0","0","0","https://x.com/musuhbuzzerp/status/1795146594934829423","1185460243565699072","musuhbuzzerp"
"1795132125345141077","Mon May 27 16:37:05 +0000 2024","0","Gini ya adik-adik Gen Z kalau kalian nekat punya anak di masa depan anak kalian bakal susah kuliah karena mahal kalaupun kuliah sampai lulus susah cari kerja. Kalaupun dapat kerja banyak potongan gaji termasuk buat Tapera yang gak jelas ini.","1795132125345141077","","","in","","1","0","0","https://x.com/BellTossici/status/1795132125345141077","1635114931392778241","BellTossici"
"1795044818868945005","Mon May 27 15:19:00 +0000 2024","0","@worksfess Pantes gen z susah punya rumah. Wong banyak potongan gaji","1795112476817699301","","worksfess","in","Unknown","0","0","0","https://x.com/ebykstsuuu/status/1795112476817699301","374516236","ebykstsuuu"
"1795109479412805923","Mon May 27 15:07:06 +0000 2024","0","-Naik gaji dikit -potongan pajak TER gede -potongan BPJS -skrg potongan 3% Tapera -Tahun depan UKT isu naik dengan skema Student Loan buat anak gw -beli rumah udh tinggi bgt harganya Ooh... rezim kelas menengah ini bener2 dibuat tercekak. Gen z nganggur bisa apa? Cm bisa pinjol","1795109479412805923","","","in","","0","1","0","https://x.com/slaytherinese/status/1795109479412805923","1781019118738771969","slaytherinese"
"1795086236941422668","Mon May 27 13:34:44 +0000 2024","7","LIVE NOW BAHAS SOAL GAJI DIPOTONG KONDISI KERJA GEN Z PRABOWO PIVOT MAKAN SIANG GRATIS DAN MASIH BANYAK LAGI! : https://t.co/7bQm46Fexn","1795086236941422668","","","in","In your phone","0","0","2","https://x.com/tilehopper/status/1795086236941422668","1249662133916192768","tilehopper"
"1795082933717373019","Mon May 27 13:21:37 +0000 2024","0","Gen Z ga bisa beli rumah bukannya bikin regulasi kepemilikan properti atau mecahin bubble harga jual malah motong gaji rata smua yg di atas upah minimum","1795082933717373019","","","in","hogsmeade","0","0","0","https://x.com/honeydukespop/status/1795082933717373019","108512106","honeydukespop"
"1795068108094263518","Mon May 27 12:22:42 +0000 2024","0","gen z gabutuh rumah. butuh jaminan pensiun yang jelas bpjs dan asuransi lainnya untuk tindakan tidak tercover bpjs karena jujur bos-bosnya lebih gila dari romusha. telek amat ni negara gaji gak seberapa di potongnya seharga seporsi kimukatsu","1795068108094263518","","","in","☭ | they/them","0","1","0","https://x.com/lipstickcreek/status/1795068108094263518","3291749478","lipstickcreek"
"1795066666868478327","Mon May 27 12:18:33 +0000 2024","0","Sering bgt nemuin stigma gen Z trlalu bawa bawa sakit mental terlalu lemah soal pekerjaan gak bisa dideket sedikit minta gaji selalu yang gede kerja ga mau susah susah. Pdhl g semua gen z begitu alhasil yang gak begitu kena imbas :(","1795067065327333848","","sanianian","in","instagram: @snrptw","0","2","0","https://x.com/sanianian/status/1795067065327333848","749847539571044352","sanianian"
"1794664632449425713","Mon May 27 12:12:04 +0000 2024","7","@kakekelon @SammiSoh Jadi jongos cina msh untung dapet kerjaan dapet gaji bisa beli motor rumah nyekolahin anak jadi jongos onta dpt apa? Yg ada takut anak2 dikent*d sm tuh onta sange","1795065434221269387","","bian0xd9","in","","0","1","0","https://x.com/genville99/status/1795065434221269387","1574674572028223489","genville99"
"1795052688159219802","Mon May 27 11:21:25 +0000 2024","0","Gimana gen z mau kerja. Udah kerja tapi gaji dipotong-potong berasa kayak hah.. ngapain capek-capek kerja kalau ujung-ujungnya duitnya cuma lewat.","1795052688159219802","","","in","Yogyakarta, Indonesia","0","0","0","https://x.com/khoirrr_/status/1795052688159219802","528071357","khoirrr_"
"1794784300203999344","Sun May 26 17:53:27 +0000 2024","0","6. Trading tempat tujuan gen z dan gen alpha 7. Kaum milenial kesulitan untuk menikah 8. Gaji UMR/UMP tidak akan ada perubahan","1794788955017367964","","anggerstars","in","Surabaya, East Java 🇮🇩","0","1","0","https://x.com/anggerstars/status/1794788955017367964","1072460044745076736","anggerstars"
"1794720352570134932","Sun May 26 14:32:40 +0000 2024","0","@perfectitsagirl Bener mangkanya kan yg paling terpenting jam kerja dan gaji sama jobdesk sesuai sama perjanjian diawal dan bersyukurnya udah dapet sekarang harus bener bener ngasah skill biar ga kebanting sama gen z","1794738428619497917","","perfectitsagirl","in","","0","1","0","https://x.com/vanilalatte2212/status/1794738428619497917","1652449838045474817","vanilalatte2212"
"1794635365405667394","Sun May 26 07:43:08 +0000 2024","0","kalau gaji 6k setakat nak reply email 1-2jam GEN Z okay je bang. tapi tulah rata rata sekarang start gaji pun 2500 buat apa GEN Z nak buat kerja sama parah mcm GEN MILLENIAL GEN X and BOOMER?","1794635365405667394","","","in","","0","0","0","https://x.com/hazirah15/status/1794635365405667394","735402603870191616","hazirah15"
"1794590900531962245","Sun May 26 04:46:27 +0000 2024","0","kalo ada yg bilang gen z males tabok aja kepalanya adek-adek kelas gue cerita dia kerja di cafe ngumpulin botol bekas ada juga yg kerja di warkop supaya bisa punya jajan sendiri. perkara protes knp gaji dan tenaganya ga berimbang dibilang mental tahu? dasar lo jiwa penjajah","1794590900531962245","","","in","moved; ","0","1","0","https://x.com/gniklatanes/status/1794590900531962245","1623328187282509824","gniklatanes"
"1794467509242077331","Sat May 25 20:36:08 +0000 2024","0","sebab satu je bang malas nak serabut time hujung minggu. ko pun bayar ciput je gaji ye ye je gen z manja aku time cuti memang tak tengok mana pun ws ","1794467509242077331","","","in","","0","0","0","https://x.com/wanisneakers/status/1794467509242077331","867629890429788160","wanisneakers"
"1794372958087254110","Sat May 25 14:20:25 +0000 2024","0","Pengen dapet gelar sarjana kerja dan dapet gaji (seperti isi otak gen z pada umumnya) Tapi aslinya masih ada tujuan lain yang hanya Tuhan yang tahu.","1794372958087254110","","","in","java","0","0","0","https://x.com/diebarneule/status/1794372958087254110","1454770477012905986","diebarneule"
"1792936018423022047","Sat May 25 11:59:45 +0000 2024","0","@salab_thefob @Ernst7___ @Pizzamoozarella Asli bang dari semua musuh tweet war gua lu doang yang paling lolot. Opini lu full lelucon bang - gen z gajinya dua dijit - kerja cuma 8 jam (inimah pegawai pabrik) - gaji dua dijit kerja cuma nentuin konsumen layak atau tidak layak (ini APAAN OY KELIATAN ASAL BUNYI)","1794337557003837878","","kntlbakarcreamy","in","Kepler-186F","0","1","0","https://x.com/kntlbakarcreamy/status/1794337557003837878","1724571780537540608","kntlbakarcreamy"
"1794265155775443380","Sat May 25 07:12:03 +0000 2024","0","Dapet gaji yang UMR syukur sih bisa cek berarti aman buat gen z gaji segitu https://t.co/4ea2hAH69x","1794265155775443380","","","in","","0","0","0","https://x.com/NSarpih/status/1794265155775443380","1738872402145419264","NSarpih"
"1793918626590056921","Sat May 25 04:52:45 +0000 2024","2","@saifulhisyam Bukan gen z manja gen dulu bodoh tolol ikut je apa bos kata. Sudahnya gaji kau 3k je masa pencen yg bos dah kawen dua kali keta mercedes tukar 5 tahun sekali.","1794230099816169742","","saifulhisyam","in","Malaysia","0","0","0","https://x.com/Qaifrue/status/1794230099816169742","2711489870","Qaifrue"
"1794221440025395689","Sat May 25 04:18:20 +0000 2024","0"," Long weekend kok kerja? Itu kerja apa dikerjain? Kata gen Z yang kerja sebagai agency dengan gaji mepet2 UMR","1794221440025395689","","","in","","0","1","0","https://x.com/andin78965_y/status/1794221440025395689","1678432633431420929","andin78965_y"
"1794212071346971068","Sat May 25 03:41:07 +0000 2024","0","Ahhh aku tak kira kau nak cakap gen z manja sikit ke banyak ke kalau dah cuti tu cuti jelah kenapa nak tanya pasal kerja bagai ? Bukan berkira tapi sometimes ada yang jenis ambil kesempatan aku dah bayar gaji kau so buat je EH HELLO ! Ingat kita orang takda family ke ?","1794212071346971068","","","in","","0","1","0","https://x.com/yourlifesosad/status/1794212071346971068","1401861338784100357","yourlifesosad"
"1794166712067363267","Sat May 25 00:40:52 +0000 2024","0","Ini bukan gen z je bang marah. Aku pun mungkin dah off hp. Aku kerja ya bukan buat amal jariah. Kalau majikan kata kita kira ot or i bayar you boleh lah aku ikhlaskan. Ini nak naik gaji pun berkira kira bonus apa tah lagi. Bengap bukan main ","1794166712067363267","","","in","","0","0","0","https://x.com/UmirahNurul/status/1794166712067363267","730589474","UmirahNurul"
"1793828883311341827","Fri May 24 23:12:08 +0000 2024","0","@korantempo Salah satu penyebabnya adalah rasa gengsi yg cukup tinggi dari gen z jika tidak mendapatkan kerjaan dengan gaji yang sepadan dengan kebutuhannya..terlalu pilih pilih kerjaan akhirnya justru susah sendiri","1794144380854686053","","korantempo","in","","0","0","0","https://x.com/bedasablon/status/1794144380854686053","1732243827489218560","bedasablon"
"1794133619646317027","Fri May 24 22:32:42 +0000 2024","0","Padahal dari awal nyari karyawan juga nyarinya yang muda2 alias gen z semua nenggg kalian juga nyari yang muda dg pengalaman layakmya karyawan senior biar bisa di gaji kecil kann","1794134455529157008","","agtrmdhnt","in","","0","0","0","https://x.com/agtrmdhnt/status/1794134455529157008","1142934453230034944","agtrmdhnt"
"1794115264315019287","Fri May 24 21:16:26 +0000 2024","0","Punya temen kerja gen z. Anak bekas camat. Baru gaji di atas umr dikit Tp pengeluarannya kosan hampir 2 jt. Cicilan motor 500rb (msh dibantu ortu buat tambahan cicilan) Bisa jadi sisanya mentok 2 jt buat kebutuhan hidup Tina2 pgn tuker tambah motor beat kreditan ke adv","1794115264315019287","","","in","Indonesia","0","1","0","https://x.com/qinkqonk/status/1794115264315019287","170971387","qinkqonk"
"1792936018423022047","Fri May 24 20:21:48 +0000 2024","0","@salab_thefob @Pizzamoozarella Gua jawab pake ini aja ya tolol asli ngakak gua lu ngomongin gaji gen z dua dijit. Yg dua dijit cuma berapa persen kecil doang tod? Napak tanah bego gua curiga keknya lu deh yang g bener2 paham kondisi lapangan. Gua milenial tapi malu liat opini lu https://t.co/kP5D0HKEDw","1794101515705094382","https://pbs.twimg.com/media/GOXt0YhWkAA-5GY.jpg","kntlbakarcreamy","in","Kepler-186F","0","1","0","https://x.com/kntlbakarcreamy/status/1794101515705094382","1724571780537540608","kntlbakarcreamy"
"1792936018423022047","Fri May 24 20:11:25 +0000 2024","0","@salab_thefob @Ernst7___ @Pizzamoozarella Sok ngomongin tekstual sendirinya ngomongin gen z gajinya dua digit? Asli ngakak gua itu berapa persen bro gen z yang punya dua dijit gaji dari populasi gen z keseluruhan????","1794098903110799606","","kntlbakarcreamy","in","Kepler-186F","0","1","0","https://x.com/kntlbakarcreamy/status/1794098903110799606","1724571780537540608","kntlbakarcreamy"
"1792936018423022047","Fri May 24 20:08:56 +0000 2024","0","@salab_thefob @Ernst7___ @Pizzamoozarella (((itumah sedikit orang dari kebanyakan orang))) Meanwhile berapa banyak gen z yang udah punya gaji 2 digit? Standard ganda lu bego","1794098276683092439","","salab_thefob","in","Kepler-186F","0","2","0","https://x.com/kntlbakarcreamy/status/1794098276683092439","1724571780537540608","kntlbakarcreamy"
"1794074306999382324","Fri May 24 18:33:41 +0000 2024","0","Gen Z itu kasihan banget ya udah cari kerja susah nya setengah mati eh masih aja dicari kesalahan nya. Apa generasi sebelum nya ga sadar ya? Zaman udah berubah cari kerja tuh ga segampang jaman lu. Kalo ada orang yg resign karena gaji ga sesuai sama effort emang salah ya?","1794074306999382324","","","in","","0","2","0","https://x.com/_KembaranTzuyu_/status/1794074306999382324","1219618941204488194","_KembaranTzuyu_"
"1794025161546719691","Fri May 24 15:23:54 +0000 2024","5","Mendengarkan cerita boss2 tempatan perangai sial dari kawan2 aku yg kena kacau on weekend tahan kerja stay late night OT tak bayar gaji lambat kena maki lagi dgn boss itu bukan soal manja tak manja. Yg bukan Gen Z pun boleh mental. Kau nak hadap kau hadap sorang","1794026544211603594","","keemmazni","in","Kuala Lumpur | Ipoh","0","0","1","https://x.com/keemmazni/status/1794026544211603594","333590423","keemmazni"
"1794025161546719691","Fri May 24 15:18:24 +0000 2024","34","Aku yang bukan Gen Z pun rasa nak hempuk bila dia guna term kena tolak ansur dengan company like kau dibayar gaji untuk waktu bekerja tau thats law 1-2 jam on weekend/ph kau bayar lah. Sebab tu org tak heran against law sebab tolak ansur Alahai buto.","1794025161546719691","","","in","Kuala Lumpur | Ipoh","0","1","19","https://x.com/keemmazni/status/1794025161546719691","333590423","keemmazni"
"1793996168760107516","Fri May 24 13:26:10 +0000 2024","0","Gaji 50rb/hari dan sempet mau keluar dan kerja ditempat yang lain tapi saya ga dibolehin sama bos saya mungkin kenapa gen Z yang kerja ditempat mba itu pada males atau ga betah mungkin yang salah tempat dia bekerja kalo gabisa merayu gimana caranya karyawan agar loyal kepada","1793996916650553828","","faturrizqyam","in","Uranus","0","1","0","https://x.com/faturrizqyam/status/1793996916650553828","1196237812703481856","faturrizqyam"
"1793421566262624387","Fri May 24 12:25:29 +0000 2024","3","@malique_10 @ikhwanuddin angka partisipasi kuliah nggak turun? btw udah liat berita ttg 9 jt gen Z yg nggak kerja juga nggak sekolah or kuliah? meaning biaya kuliah udah jauh diatas kemampuan rata rata while gaji terlalu kecil klo mo lanjutin kuliah or tidak lagi sepadan dgn kuliah yg mahal","1793981647333024219","","malique_10","in","Central Java, Indonesia","0","2","0","https://x.com/Ronym96650835/status/1793981647333024219","1356392362654662656","Ronym96650835"
"1793977761427759536","Fri May 24 12:10:03 +0000 2024","0","Tengok muka macam gen Z tapi acah terlebih matang nak berfikiran macam boomer. Gaji dibayar based on working hours je yang gedik nak justify kena kacau time weekend dah kenapa? Pergi mampus dengan opinion kau lah lahanat","1793977761427759536","","","in","Allianz Arena","0","0","0","https://x.com/Fitri_Izani/status/1793977761427759536","1864111801","Fitri_Izani"
"1793971765682794965","Fri May 24 11:46:14 +0000 2024","0","Gw pernah punya staff gen z Dateng selalu telat sebelum jam balik udah siap2 biar begitu jam balik langsung mencet absen. Diomongin baik2 nggak bisa diomongin agak tegas juga nggak bisa potong gaji juga nggak mempan nggak ada inisiatif sibuk main hp. akhirnya gw pecat.","1793971767226376403","","tripancabotol","in","","0","1","0","https://x.com/tripancabotol/status/1793971767226376403","804009987752067072","tripancabotol"
"1793848700638544134","Fri May 24 11:44:03 +0000 2024","1","@afrieirham_ Saya bukan Gen Z tapi tak setuju la pasal weekend nak kena kerja sejam dua? Bos bayar tak gaji yg kerja sejam dua tu? Kalau tidak lupakan. Kalau bayar juga lupakan. Orang nak berehat di rumah ehh malah suruh buat kerja pulak","1793971219756384530","","afrieirham_","in","Selangor, Malaysia","0","0","0","https://x.com/sebulatbulan/status/1793971219756384530","312712845","sebulatbulan"
"1793968167439708466","Fri May 24 11:31:56 +0000 2024","1","sukati gen z la keje banyak2 pun gaji takat tu je","1793968167439708466","","","in","Malaysia","0","0","0","https://x.com/fikrirahim_/status/1793968167439708466","936619255","fikrirahim_"
"1793963617542672408","Fri May 24 11:13:51 +0000 2024","0","gen z tak gen z la boss gaji besar sedap la cakap cuba belajar respect masa orang lain","1793963617542672408","","","in","","0","0","0","https://x.com/__khairulanwarr/status/1793963617542672408","956545273697726465","__khairulanwarr"
"1793848700638544134","Fri May 24 11:09:52 +0000 2024","1","@afrieirham_ FO. Benefit company pun ciput gaji below average waktu kerja pun kena balik lambat ada hati cakap gen Z ni manja?! Gaya sembang ibarat tiada hari esok","1793962615540166859","","afrieirham_","in","Selangor, Malaysia","0","0","0","https://x.com/ftnsaaaa/status/1793962615540166859","1081146212424724480","ftnsaaaa"
"1793934207187845174","Fri May 24 09:16:59 +0000 2024","0","Ibu sibuk bgt ngata²in gen z ginilah gen z gitulah. Sampe nuduh aku gapernah nabung krn katanya aku nntn terus. Pdhl aku nntn sebulan sekali. Itu pun hasil nabung. Segala gaji aku anggarin buat apa aja. Udh aku jelasin tp belio ttp gapercaya. Capek dituduh gbs atur duit. ","1793934207187845174","","","in","","0","0","0","https://x.com/omcharloss/status/1793934207187845174","1596066242573455360","omcharloss"
"1793932626421809633","Fri May 24 09:10:42 +0000 2024","26","Aku bukan gen Z tapi aku tengok kita ni dah terbiasa sangat dengan culture kerja sampai mampos untuk menandakan kau seorang yang hebat &amp; bagus walhal kau kerja berhempas pulas gaji tetap bawah 3k. Tak ke kesian kau rasa hidup macam gitu? Kerja pulak tak rehat.","1793932626421809633","","","in","","0","1","10","https://x.com/sarramonez/status/1793932626421809633","882078059771248640","sarramonez"
"1793421893200216408","Fri May 24 08:14:27 +0000 2024","0","@jastairvine Trueee jir kerja sama gen z. Mayoritas pengen gaji lebih kerja males malesan se enak jidat. Di cacimaki resign. Wkwkwk","1793918469848920126","","jastairvine","in","","0","0","0","https://x.com/jendraltkantji/status/1793918469848920126","1050827368070139904","jendraltkantji"
"1793875388894155157","Fri May 24 05:26:09 +0000 2024","0","Ooooh jangan salah gw udah berkali-kali minta sesuain gaji tapi dianggapnya gw akan mampu ngerjain semuanya~ ditawarin jadi karyawan tetap ga dengan kerjaan gw yang memuaskan ini? TENTU TIDAK. Tapi tentu saja sekalinya mengeluh bakal keliatan Gen Z pemalas Gen Z tukang ngeluh~","1793876118455599264","","wanmoongie","in","","0","0","0","https://x.com/wanmoongie/status/1793876118455599264","949999842444566528","wanmoongie"
"1793875388894155157","Fri May 24 05:23:15 +0000 2024","0","Gw 'bocah' workload lebih gede dari senior jam kerja dari pagi sampe maghrib gaji UNDERPAID kerjaan tepat waktu tapi atasan gw yang milenial dan boomers ga menghargai itu. Gw yakin sih ni kalo gw minta keringanan pasti dikatain Gen Z tukang ngeluh.","1793875388894155157","","","in","","0","1","0","https://x.com/wanmoongie/status/1793875388894155157","949999842444566528","wanmoongie"
"1793859738066915481","Fri May 24 04:21:04 +0000 2024","0","Not until a year ago kakak gue resign karena apa...... karyawan yang minta naik gaji mulu tapi suka salah-salahin orang dikasih tau malah ngeyel giliran disentil atasan lgsng diem. Cuma pelakunya dari gen X sih gen Z nya malah masih bertahan disaat millenials2 dah pada kabor","1793859738066915481","","","in","","0","1","0","https://x.com/waybeyondkpop/status/1793859738066915481","1210074904516710401","waybeyondkpop"
"1793830281486667931","Fri May 24 02:24:01 +0000 2024","2","wtf with society huh. ga masalah sih dgn standard tiktok but how bout standard hrd linkedin? &gt;gen z harus personal branding &gt;gen z harus ada pengalaman magang &gt;gen z harus mau kerja dalam tekanan &gt;gen z harus top 3 university u gaji kita aja setengah umr wtf???????","1793830281486667931","","","in","Indonesia","0","0","2","https://x.com/masabersiapp/status/1793830281486667931","1188648460666322945","masabersiapp"
"1793828931549925416","Fri May 24 02:18:39 +0000 2024","2","gen z bertarung terus loh padahal mau kuliah ukt tinggi mau organisasi danusan gede mau magang walaupun unpaid mau kerja walaupun gaji under umr masuk kerja ketemu bapak2 yg suka verbal sexual abuse WKWKWKWKWKWK dan semua itu warisan dari generasi atas","1793828931549925416","","","in","","0","0","0","https://x.com/yiuna1992/status/1793828931549925416","1482327232664449029","yiuna1992"
"1793792704893296982","Thu May 23 23:54:42 +0000 2024","0","Kapan lalu sharing sama rekan kerja yg dah senior-senior. Seperti layaknya gen z hamba sahaya ini lagi mikir gimana caranya bisa beli rumah dengan gaji yang cuma segitu aja terus nasehat mereka semua sama harus yakin pasti bisa jalannya bakal diluar nalar.","1793792704893296982","","","in","","0","1","0","https://x.com/abcd_emmy/status/1793792704893296982","150184087","abcd_emmy"
"1793421893200216408","Thu May 23 23:18:46 +0000 2024","0","@jastairvine Sama jaga toko cuma suruh ngepel dikit sm lap² kaca aja kagak mau. Pernah libur 2 minggu gaji telat ngamuk². Gen z pula males an bgt","1793783663802651033","","jastairvine","in","Kota Surabaya, Jawa Timur","0","0","0","https://x.com/novellanedy/status/1793783663802651033","3244006166","novellanedy"
"1793782122500755662","Thu May 23 23:12:39 +0000 2024","0","ngadepin karyawan Gen Z emang bikin naik darah kasus terbaru sebulan kerja minta resign krn ngga cocok sm gaji dan mau jadi tukang cukur aja. ternyata doi ngambil kursus jd stiap siang-magrib ngga ditempat. aku dan suami? ndaakan naikin dia jadi kangcukur laaah sapalo? hebat wkk","1793782122500755662","","","in","Borneo","0","1","0","https://x.com/dewisarini/status/1793782122500755662","59349034","dewisarini"
"1793663482967236791","Thu May 23 15:21:13 +0000 2024","0","engga bisa soalnya yang mudah diakal-akalin buat digaji rendah atau bahkan ga digaji sama sekali ya cuma gen z doang. minta spek malaikat tapi ogah gaji sesuai dengan beban kerjanya semoga cepat bangkrut","1793663482967236791","","","in","(29/25)","0","0","0","https://x.com/hilangwaras/status/1793663482967236791","1579438467079368705","hilangwaras"
"1793484989243551988","Thu May 23 14:44:06 +0000 2024","0","@geloraco 10 juta Gen z nganggur di Negeri nya sendiri sedangkan Warga China Berdatangan tiap hari dapat Kerjaan dan gaji yg besar ada apa nih Negeri ku.......Indonesia dalam Ke adaan Darurat. Pribumi nganggur China Pendatang Dapat Kerjaan dng Mudah.","1793654141597925757","","geloraco","in","","0","0","0","https://x.com/DonyIra45939737/status/1793654141597925757","1614068500603207680","DonyIra45939737"
"1793652990647394529","Thu May 23 14:39:32 +0000 2024","1","Temen gua Gen Z gaji gak jauh dari ini kerja dari jam 8 pagi-8malem. Sebulan libur 2 kali. Dia tetep rajin kerja dan keselnya masih ada yang nyinyirin gen Z malas pilah pilih dll. Gua sebagai temennya yg juga millenial kesel banget pada generalisir gen Z ","1793652990647394529","","","in","Malaysia","0","0","0","https://x.com/ladanghasegawa/status/1793652990647394529","1719781202322964481","ladanghasegawa"
"1793608936115114211","Thu May 23 11:44:28 +0000 2024","4","Yang punya gaji tetap mengeluh gak cukup. Yang punya gaji plus tunjangan kinerja mengeluh karena tukin sering telat. Yang udh usia pensiun msh bercokol gak mau diganti. Sementara itu... 10 juta Gen Z msh menganggur - Perong Freya 2024 M https://t.co/hxJPgo9HfL","1793608936115114211","https://pbs.twimg.com/media/GOQt0LyakAExDv1.jpg","","in","","0","0","0","https://x.com/sutana_be/status/1793608936115114211","727518547","sutana_be"
"1793607505299579004","Thu May 23 11:38:47 +0000 2024","0","Gen z nggak mau kerja. Loh orang yang buka loker kayak kerja rodi buka dari jam 5 - jam 7 malam . Mana gaji cuma 1 5 juta . Itu Jabodetabek ️","1793607505299579004","","","in","","0","0","0","https://x.com/thewithme1/status/1793607505299579004","1542068281326022657","thewithme1"
"1793605779238600721","Thu May 23 11:31:56 +0000 2024","0","Orang-orang begini nemu gen znya di mana sih? Udak kerja di 2 perusahaan yang mayoritas isinya gen Z dan mayoritas tau diri belum punya pengalaman jadi mau kerja maksimal buat gaji UMR karna butuh pengalaman. Perusahaan pertama ada peraturan taruh HP di loker juga fine2 aja.","1793605779238600721","","","in","Ay's.","0","1","0","https://x.com/mochacchiatou/status/1793605779238600721","1253280487948210176","mochacchiatou"
"1793597718889378002","Thu May 23 10:59:54 +0000 2024","0","lo salah hire orang mbak wkwkw temen gue banyak gen z tapi doi nikmatin aja kerjaan yang dikerjain skrng pdhl gaji under 5jt wkwkw mending hire temen-temen gue aja sini mbakk ","1793597718889378002","","","in","","0","0","0","https://x.com/bukannichol/status/1793597718889378002","865864699","bukannichol"
"1792870610378596418","Thu May 23 10:26:53 +0000 2024","0","@Frownman96 @jiacoustic @IchaVarma Gen z ga akan tahan of course gaji saya 70% dikasih ke ortu yg udah pensiun punya adek yg mau masuk kuliah sampe sampe nikah aja ga ada kepikiran.","1793589412720452025","","Frownman96","in","","0","1","0","https://x.com/TingusPorzingus/status/1793589412720452025","1300477665778966528","TingusPorzingus"
"1793577156909703577","Thu May 23 09:38:11 +0000 2024","0","wah wah wah.. kau punya perangai lepas abis solat terus melulu mcm tu je ya. bukannya nak ambik lipat balik sejadah yg kau guna tu. ada org gaji kau ke kat ofis ni nak kena tolong lipatkan? kakak cleaner tu la tolong lipatkan lepas kau blar ya. budak gen z yg terpaling bangang.","1793577156909703577","","","in","Kuala Lumpur, Malaysia","0","0","0","https://x.com/FyfyAbdGhani/status/1793577156909703577","528312192","FyfyAbdGhani"
"1793576653534458037","Thu May 23 09:36:11 +0000 2024","0","terus masih gen z juga yang disalahin kontol lah gaji minimal minta tenaga maksimal","1793576653534458037","","","in","","0","0","0","https://x.com/wearrethepeople/status/1793576653534458037","1248712858646368256","wearrethepeople"
"1793574315931439163","Thu May 23 09:31:42 +0000 2024","0","Lalu jangan tutup mata juga betapa masih susahnya BURUH KERAH PUTIH di Indonesia mau berserikat buat protes kelayakan gaji dan lingkungan kerja. Merasa kata buruh dan serikat cuma buat orang-orang yg kerja di pabrik. Hari-hari debatin gen Z mulu pula","1793575523022733819","","oriorioshio","in","🇮🇩","0","0","0","https://x.com/oriorioshio/status/1793575523022733819","1210121703449190401","oriorioshio"
"1793571529986646115","Thu May 23 09:15:50 +0000 2024","0","Rakyat lebih membutuhkan kesempatan kerja bagi puluhan juta gen Z yg masih mengaggur dan gaji buruh yang layak dari pada pemberian makan siang dan susu gratis. https://t.co/WLiOcrY6xU","1793571529986646115","","","in","","0","0","0","https://x.com/DirmanNuari/status/1793571529986646115","1503583481053401097","DirmanNuari"
"1793561748202836133","Thu May 23 08:36:58 +0000 2024","1","bingung mau gimana soalnya di kantor gw gen z awal justru yg kayak gini gen z middle (99-00ish) loadnya lebih banyak dan lebih rajin.. herannya gaji yg load lebih dikit lebih gede dr yg load yg banyak ","1793561748202836133","","","in","","0","1","0","https://x.com/amorewon/status/1793561748202836133","2173405117","amorewon"
"1793414388470465020","Thu May 23 07:57:15 +0000 2024","8","@IchaVarma Diluar konteks ini lagian siapa lagi yang berani minta gaji tinggi selain gen z ya betah banget sama umr yang berapa lama ga naik naik itu padahal semuanya udah inflasi","1793551753180545164","","IchaVarma","in","🔥","0","0","0","https://x.com/oldnewbuddy/status/1793551753180545164","3160994970","oldnewbuddy"
"1792870610378596418","Thu May 23 07:49:17 +0000 2024","0","@IchaVarma Gen Z yg pernah masuk kantor kita : dikasih 4 5 juta ngambek maunya gede. Pengalaman belum ada. Kerja 3 minggu ngajuin naik gaji. Ada juga yg cuma suka nongki2 sambil bengong alesan bukan passion tapi gaji diterima aja. Bikin surat 1 aja yg mikir ber 3 lama dan salah pula.","1793549748139606426","","IchaVarma","in","","0","0","0","https://x.com/tamtamsamsam/status/1793549748139606426","40355531","tamtamsamsam"
"1793547755035762913","Thu May 23 07:41:21 +0000 2024","0","gaji 2 juta jam kerja 12 jam plss jangan pukul rata gen z ya sumpah soalnya ada yg bukan gen z kerja bareng sama sama kyk gua tapi bikin darting kyk yg ada di tulisan ini jadi setiap gen pasti punya ko org yg kayak begini balik lagi ga si sama pribadi org masing ","1793547755035762913","","","in","Bekasi, Jawa Barat","0","1","0","https://x.com/breadnmilkchoco/status/1793547755035762913","1014842462253166593","breadnmilkchoco"
"1793414388470465020","Thu May 23 07:27:41 +0000 2024","0","@IchaVarma Kak aku gen z dulu wkt gaji awal awal aku segitu aku kerja 10 jam ka ","1793544312036470989","","IchaVarma","in","Location unknown","0","0","0","https://x.com/maurinayunda/status/1793544312036470989","1246213581181292544","maurinayunda"
"1793535264482267332","Thu May 23 06:51:43 +0000 2024","1","mana spill dong gen z yang bilang gaji 5juta jam kerja 8 jam itu workload???","1793535264482267332","","","in","🇵🇸🍉-useblockchain","0","0","0","https://x.com/tetaevr_/status/1793535264482267332","1552623332662554624","tetaevr_"
"1793533523292488160","Thu May 23 06:44:49 +0000 2024","0","mnrt gue si mereka yg lebih senior usianya ataupun senior menurut mereka mandang gen z tu yg kurang minat kerja yg lebih mentingin diri sndiri. pdhl apa salahnya pendidikan diutamakan? dan betul memang adanya saingan antar orang yg tidak mengutamakan gaji tinggi","1793533525276373166","","911forKimSH","in","","0","0","0","https://x.com/911forKimSH/status/1793533525276373166","1369249753234427905","911forKimSH"
"1793528623942815831","Thu May 23 06:43:13 +0000 2024","0","@xuncleminho Yaudah jangan nangis kalau masa depan gak bisa beli rumah atau rental price jadi makan gaji lu sebulan Gpp kan maunya gen Z kalau rumah 2M harus jadi 300jt kek gak punya otak aja pemikirannya ","1793533123814425060","","unclesminho","in","Nusa Barong","0","0","0","https://x.com/sultohn/status/1793533123814425060","852617601570164736","sultohn"
"1793528623942815831","Thu May 23 06:40:50 +0000 2024","0","@xuncleminho Kalau itu itu mulu argumennya goodluck sampe pensiun pun jangan harap punya rumah logika geser Gen Z emang ajaib Mana bisa blok tau diri kalau gaji UMR cuma bisa nyicil rumah subsidi jadi tetep ambil gak kek lu udah banyak minta gak ngotak juga","1793532523399860584","","unclesminho","in","Nusa Barong","0","1","0","https://x.com/sultohn/status/1793532523399860584","852617601570164736","sultohn"
"1793528623942815831","Thu May 23 06:32:59 +0000 2024","0","@xuncleminho Lagian Gen Z kalau kenyataan gak sesuai harapan elu jangan malah nyalahin orang lain Tau diri kalau mau rumah harga 2M yang aksesnya OK ya naikin gaji elu dulu ke minim 30jt bukan berharap gaji UMR bisa punya rumah akses OK itu namanya gak ngotak","1793530549660966998","","sultohn","in","Nusa Barong","0","0","0","https://x.com/sultohn/status/1793530549660966998","852617601570164736","sultohn"
"1793530234509381973","Thu May 23 06:31:44 +0000 2024","1","Nah terus lo sekarang salahin gen z karena buat dapet rumah layak tinggal sekeluarga bebas banjir harus dapet gaji 30juta perbulan? Ini mah bukan gen z gak bisa beli rumah. Tapi gen z gak mampu beli rumah yang layak untuk ditinggalin.","1793530234509381973","","","in","she/her. ","0","1","1","https://x.com/unclesminho/status/1793530234509381973","1316839975908909056","unclesminho"
"1792936018423022047","Thu May 23 06:01:51 +0000 2024","0","@Pizzamoozarella tapi yg selama ini bener2 memperjuangkan hak2nya (lewat berbagai aktivitas serikat buruh) itu millenials &amp; gen X bukan gen z. nuntut kenaikan gaji pribadi &amp; merjuangin hak sbg pekerja itu beda deh.","1793522711421170044","","Pizzamoozarella","in","","0","1","0","https://x.com/marisa_waha8/status/1793522711421170044","1638156421639598080","marisa_waha8"
"1793496408806527306","Thu May 23 05:06:31 +0000 2024","0","@tanyakanrl Wajib S1 syarat kgk ngotak gk ada uang lemburan wajib pake bgt kudu cakep gaji cuma 1.300an aja. Ngotak dikit napa. Ini sih bukan cuma gen z yg nolak tp gen lain jg ogah","1793508787518885913","","tanyakanrl","in","","0","0","0","https://x.com/randomgirl9899/status/1793508787518885913","1751995915282612224","randomgirl9899"
"1793501284659781647","Thu May 23 04:36:42 +0000 2024","0","gue ngeliat tweet tntng cemennya mental gen z dimata boomers tuh kek berasa bgt jir. pas milih ga ngambil tawaran utk jd jurnalis di slh satu media lokal yg janji ngasih gaji umr krn pimrednya yg toxic tuh gue ngerasa takut bgt","1793501284659781647","","","in","","0","2","0","https://x.com/cyanisnotgreen/status/1793501284659781647","1318414697234792449","cyanisnotgreen"
"1792856275828748557","Thu May 23 04:30:56 +0000 2024","0","@_Aarisandi_ @shyscia Tambah 1 lagi kak musuh gen Z AI. Soalnya kantorku sebelumnya habis layoff sekitar 75% karyawannya karna digantiin AI wkwk. Alhamdulillah sekarang udah dapet kerja baru ya walopun masih smsm UMR solo. Nah mungkin aku si salah satu contoh dr gen Z yang mau kerja dg gaji murah","1793499834932162949","","_Aarisandi_","in","Ay's.","0","0","0","https://x.com/mochacchiatou/status/1793499834932162949","1253280487948210176","mochacchiatou"
"1793491685021975004","Thu May 23 03:58:33 +0000 2024","0","Celetukan HRD. Gen Z kerja gak ada yang bener gak disiplin dan gampang mental issue. Kerja gaji UMR tapi diharapkan kerja Maksimum Kerja Rodi. Banyak pekerja hebat dan bertanggung jawab tapi ya gitu gak bisa dibayar murah.","1793491685021975004","","","in","trotoar jalan...","0","0","0","https://x.com/chinerisme/status/1793491685021975004","184021286","chinerisme"
"1793469176012808522","Thu May 23 02:29:08 +0000 2024","0","kecuali emergency dari client ya. of course beda treatment. benefits juga deliverynya selalu tepat waktu. ga ada ngaret gaji hari raya juga selalu dibayarin. and i will still say that most if not all gen z working under my company is lazy and incompetent.","1793469181880590371","","lumidouce","in","","0","1","0","https://x.com/lumidouce/status/1793469181880590371","1636227653765062656","lumidouce"
"1793317545711407227","Thu May 23 02:14:22 +0000 2024","0","@mediocrickey Kali mau serius sebenernya kebanyakan orang termasuk gen z Millenial dll cuma mau gaji ga pas bgt umr pekerjaan yg manusiawi hak cuti tidak dipersulit lembur dibayar kalo emamg sedang cuti libur/tanggal merah bener2 stop kerjaan. Sesimpel itu.","1793465463479173570","","mediocrickey","in","Indonesia","0","0","0","https://x.com/Bayubnp/status/1793465463479173570","73612804","Bayubnp"
"1792870610378596418","Thu May 23 01:50:24 +0000 2024","0","@IchaVarma Capek nawarin kerja gen z. Ponakanku 2 kan kuliah nyambi kuliah ponakanku yg co aku tawarin bantu jualan baju anak di lapak temenku. Ponakan yg ce aku tawarin ngajar calistung anak SD di les2an temenku jg. Mereka nolak dengan alasan gaji ga sesuai ","1793459433965805912","","IchaVarma","in","","0","0","0","https://x.com/raininginmyarea/status/1793459433965805912","1486159465921773569","raininginmyarea"
"1793453527089713485","Thu May 23 01:26:56 +0000 2024","0","Ini sih orangnya aja yang kemalan cik aku gen z tapi kerja macem gasing tiap hari ngukur gudang dengan gaji yang cukup menurut ku ya heheh meskipun miris kadang ","1793453527089713485","","","in","Surabaya","0","0","0","https://x.com/baelianssi/status/1793453527089713485","1257494678058012679","baelianssi"
"1792856275828748557","Thu May 23 01:19:57 +0000 2024","0","@mandamnd @shyscia Ngga sih. Gw gen Z ga terlalu musingin nominal gaji. Punya prinsip kalo emg rejeki ya pasti dpt. Pernah nerima kerjaan waktu diinfoin gaji 2 9jt tetap diambil. Trnyata pemasukan sampingannya banyak dan ga nyangka jg. Balik lg udah rejeki ga kemana","1793451772079726754","","mandamnd","in","","0","0","0","https://x.com/Amanda138853621/status/1793451772079726754","1296036589252964355","Amanda138853621"
"1793400731455853042","Wed May 22 21:57:08 +0000 2024","1","Hey para manajer di posisi atas ini waktunya kalian digantikan Gen Z karena gaji kalian terlalu tinggi. Banyak fresh graduate yang akan menggantikan kalian dengan gaji lebih reasonable. Sementara bayaran 2 digit kalian utk menutupi kredit tampaknya harus kalian lunasi sendiri.","1793400731455853042","","","in","West Java,Indonesia","0","0","0","https://x.com/ricfin_/status/1793400731455853042","25832124","ricfin_"
"1792870610378596418","Wed May 22 17:54:06 +0000 2024","0","@sfrdwrn @IchaVarma Adaaa tapi setau aku gen Z lebih idealis gak melulu soal gaji gede. Dapet kerjaan yang tekanannya gak terlalu besar lingkungan kerja nya sehat kesehatan mental terjaga itu udah cukup walaupun gaji 'ngepas'.","1793339570899321216","","sfrdwrn","in","","0","0","0","https://x.com/faraanddd/status/1793339570899321216","1252244118807420929","faraanddd"
"1793337996777082962","Wed May 22 17:50:07 +0000 2024","0","As gen z yang kerja. Jujur sebel banget sama soal perpajak-an ini. Entah karena hitungan dari perusahaan apa gimana tapi anjirt gede banget cokk pajak gua di potong dari gaji. Lumayan bisa buat makan seminggu anjirt :)","1793338565499539621","","imneophyte","in","All-in-one Account","0","1","0","https://x.com/imneophyte/status/1793338565499539621","1467757525407657986","imneophyte"
"1793323568144830559","Wed May 22 16:50:31 +0000 2024","0","Aku gen Z tapi ntah knapa lama² aku mirip gen diatasku (bukan pick me orang yg kyk aku buanyak) 1. Santuy ga mengejar jabatan yg penting ga punya musuh dikantor 2. Pekerjaan kurang menantang dan blm pgn punya tantangan lebih alias aku pgn selow ae Gaji alhamdulillah","1793323568144830559","","","in","Indonesia","0","1","0","https://x.com/nachin_48/status/1793323568144830559","1321426158425001985","nachin_48"
"1792870610378596418","Wed May 22 15:56:47 +0000 2024","0","@IchaVarma aku gen z &amp; freshgraduate. aku masih masa probation padahal nextnya bakal jadi karyawan kontrak (ini udah melanggar uu ga sih?). dan kerjain jobdesk yg harusnya dipegang 5 orang dengan gaji dibawah umr bgt (1.5 juta). kalo kaya gini complain masih dianggap lemah kah? ","1793310043028554044","","IchaVarma","in","Indonesia","0","1","0","https://x.com/leipliage/status/1793310043028554044","1075992014078889984","leipliage"
"1793304246903001344","Wed May 22 15:33:45 +0000 2024","0","gen z tuh pgn gaji 2 digit","1793304246903001344","","","in","","0","0","0","https://x.com/onyourmarkllee/status/1793304246903001344","1278681163335266304","onyourmarkllee"
"1793297297297535292","Wed May 22 15:26:54 +0000 2024","51","@iqbal_farabi Jadi inget ada thread di reddit soal marah marah ke gen z. Pas ditanya soal gaji dan onboarding baru ketauan memang jelek onboarding dan gaji minimal. Lebih gampang nyalain orang lain dibanding nyalain diri sendiri","1793302523975290924","","iqbal_farabi","in","","0","1","1","https://x.com/mustafasegf/status/1793302523975290924","1305371021466152962","mustafasegf"
"1792870610378596418","Wed May 22 15:09:55 +0000 2024","0","@IchaVarma Pada jelekin gen z semua padahal gen z sekarang karena kegagalan didikan gen sebelumnya. Banyak gen z yang punya kemampuan dan semangat daya juang tinggal gmn nyaringnya. jangan lupa gajilah dengan layak. mau pegawai loyal dan rajin tapi gaji seuprit yg buat makan aja kurang wkwk","1793298250222665967","","IchaVarma","in","","0","0","0","https://x.com/lofaobao/status/1793298250222665967","1476772330999144448","lofaobao"
"1793285921166828021","Wed May 22 14:20:55 +0000 2024","0","gen z maunya kerja santai gaji 10jt","1793285921166828021","","","in","","0","0","0","https://x.com/cikencomel/status/1793285921166828021","1415038405965062146","cikencomel"
"1793283199529005503","Wed May 22 14:10:07 +0000 2024","0","gen z mau wna tinggal di europe gaji tiga digit anak dua happy family (aku lah gen z itu)","1793283199529005503","","","in","selective | 02 | gg enjoyers","0","1","0","https://x.com/o_rdinateur/status/1793283199529005503","1453197659380936711","o_rdinateur"
"1793279083494748616","Wed May 22 13:56:44 +0000 2024","0","karna those boomers melihat celah kalo gen z bisa dipake untuk tugas beberapa orang tp gaji nya 1 orang aja and when gen z refuse that system merekaa langsung deh ngomong bawa bawa mental yg katanya mental stroberi lah tempe lah wthver is thatt","1793279832945774853","","vousmeoseh","in","","0","0","0","https://x.com/vousmeoseh/status/1793279832945774853","535954240","vousmeoseh"
"1793270206556749973","Wed May 22 13:18:29 +0000 2024","3"," 10 Juta Gen Z di RI Nganggur Soalnya Gen Z itu... Maunya gaji besar tapi kerja ringan. Work-life balance nomor 1 tapi tanggung jawab nomor 10. Sedih juga ya jadi Gen Z selalu jadi korban generalisasi https://t.co/jO2SdTgtud","1793270206556749973","https://pbs.twimg.com/media/GOL5vpPaAAAsKLJ.jpg","","in","","0","0","0","https://x.com/nanadybs/status/1793270206556749973","330922245","nanadybs"
"1792831565070000546","Wed May 22 12:43:58 +0000 2024","0","@worksfess tapi gaji nya jauh dr harapan Gen Z. awikwok ","1793261521700847771","","worksfess","in","Less you know better","0","0","0","https://x.com/urlvlybasstrd/status/1793261521700847771","1178926496422825995","urlvlybasstrd"
"1793254051695722629","Wed May 22 12:14:17 +0000 2024","0","terserah generasi kalian mau ngomong apa emang yang selalu salah gen z - gaji kecil kerja harus extra mile karena gen z - biaya hidup mahal karena gen z - rumah mahal karena gen z udah emang mending jadi gen 1 JKT 48 bareng teh melody","1793254051695722629","","","in","West Java, Indonesia","0","1","1","https://x.com/lifeatfarrel_/status/1793254051695722629","1218292897247723520","lifeatfarrel_"
"1793248075777212685","Wed May 22 11:50:32 +0000 2024","4","Semua keluhan tentang boomer dan milenials Gaji murah HRD yg hire seenaknya berasa tuhan belum lingkungan kerja yg toxic dan setrus seterusnya itu valid Sama validnya dengan gen z skrg ga bgtu punya attitude yg baik dan memang maunya yg instan instan Dua duanya bisa benar","1793248075777212685","","","in","Indonesia","0","1","0","https://x.com/ImaIsBack/status/1793248075777212685","1713265779234549760","ImaIsBack"
"1793244558568153533","Wed May 22 11:36:34 +0000 2024","0"," Gen Z cm mau kerja gampang gaji tinggi Gen Z mau kerja yg mentingin mental health. mana ada?! . Gen Z ... Gen Z:","1793244558568153533","","","in","Jakarta Capital Region, Indone","0","0","0","https://x.com/smgkyry/status/1793244558568153533","1562885824366387200","smgkyry"
"1793210386910728538","Wed May 22 10:16:40 +0000 2024","0","gen z gen z yang lain yang emang bgt butuh pekerjaan yang penting ada gaji mah ayo ayo aja dikasih tekanan gimanapun. nah yang punya relasi ini yang patut dipertanyakan. secara relasi tentunya entah ortu kakak atau saudaranya emang punya kemampuan atau kuasa buat nitip.","1793224451846455533","","canquermad","in","my world","0","1","0","https://x.com/canquermad/status/1793224451846455533","2390358506","canquermad"
"1792911677974843665","Wed May 22 10:16:29 +0000 2024","2","@granolish Ya mending resign drpd maksain kerja yg isinya jobdesk 4 org jadi satu gaji dibawah UMR Menurut mu aja gmn dh Klo perusahaan melek akan hak pegawai aku si gpp Ini gaji kecil Kerja jam nine to five Kek apa si bjir Minimal tuh manusiawi Ini yg kudu melek gen z atau perusahaan?","1793224406141141280","","granolish","in","","0","0","0","https://x.com/Taqiamerr/status/1793224406141141280","1462745532854534144","Taqiamerr"
"1793210386910728538","Wed May 22 09:40:45 +0000 2024","0","yang katanya mau enaknya aja dan gamau nerima gaji kecil dan tidak inisiatif padahal gen z cuma pengen kerja sesuai gaji yang didapatkan.","1793215411384922294","","canquermad","in","my world","0","1","0","https://x.com/canquermad/status/1793215411384922294","2390358506","canquermad"
"1792438393475076153","Wed May 22 09:30:17 +0000 2024","1","@el_sulfat bacot. gua angkatan 2000. kerja di perusahaan isinya senior2 umur 30 keatas. pulang paling malem selalu gua dan temen2. yang handle kerjaan mereka soalnya ga becus juga gua dan temen2. gaji mrk berkali lipat gua dan temen2. nyalahin gen z mulu emang perusahaan lo ga beres aja","1793212779362759086","","el_sulfat","in","","0","2","0","https://x.com/haahaa288464/status/1793212779362759086","1665185818372358144","haahaa288464"
"1792875653035143506","Wed May 22 09:04:40 +0000 2024","0","@SoundOfYogi Boomers udh pensiun. Gen X dan Y sih yg mempertanyakan gen Z. Krn suka kabur²an (karena judging tempat kerjanya toxic). Nuntut work-life balance (padahal gak akan balance selama masih menerima gaji ) Yg ndak suka angkat telepon (pdhl si pemberi kerjanya gak terbiasa chatting).","1793206333694787766","","SoundOfYogi","in","Meet Me In Montauk","0","1","0","https://x.com/vic_hasiholan/status/1793206333694787766","193014517","vic_hasiholan"
"1793186811197444259","Wed May 22 07:47:06 +0000 2024","0","Lah di tmpt kerja gw yg lama yg Gen Z ini yg justru toxic baru masuk bbrp bulan udah minta naik gaji abis itu ngejulid sama gengnya trus tiap ada anak2 baru ngerumpi ngehasut seolah olah kantor yg salah dia yg bener....pfffttt","1793186811197444259","","","in","Jakarta Barat, DKI Jakarta","0","0","0","https://x.com/haewinxpipoy/status/1793186811197444259","54054806","haewinxpipoy"
"1793182098599149716","Wed May 22 07:28:22 +0000 2024","0","Siap Gen Z si paling kurang gaji ","1793182098599149716","","","in","Nusa Barong","0","0","0","https://x.com/sultohn/status/1793182098599149716","852617601570164736","sultohn"
"1793174712283258986","Wed May 22 06:59:01 +0000 2024","0","gen z klu dah 2 tahun kerja mau nya gaji 2 digit ","1793174712283258986","","","in","Yogyakarta, Indonesia","0","0","0","https://x.com/666holyredness/status/1793174712283258986","955738659080216576","666holyredness"
"1793169462784651430","Wed May 22 06:38:10 +0000 2024","8","Banyak yg protes kok gen z offer gaji setinggi langit ya harus dilihat juga pengalaman dan skill yg mereka punya. Kalau oke tapi ngerasa gak mampu gaji mereka skip aja gak usah dipermasalahkan gak heran banyak yg milih kerja remote luar negeri or freelance","1793169462784651430","","","in","Kota Surabaya, Jawa Timur","0","1","0","https://x.com/_p1ter_/status/1793169462784651430","851519902888280064","_p1ter_"
"1793165278697926899","Wed May 22 06:21:32 +0000 2024","0","Masalah properti ini beneran ngefek ke generasi skrg. Bahkan bukan cuman gen z. Banyak millenial pun masih pusing cari rumah. Saya saja yg career levelnya di kantor skrg udah lumayan dan gaji juga lumayan dibanding UMR tetep keteteran mau beli properti.","1793165278697926899","","","in","Yogyakarta, Indonesia","1","2","0","https://x.com/debuatomik/status/1793165278697926899","438121932","debuatomik"
"1793076661635944915","Wed May 22 05:59:56 +0000 2024","1","@strike_bravo_b Organisasi sejak 90an Yg lain udah buka berkembang &amp; buka cabang dianya sampe sekarang disitu² doang Tantangan digitalisasi sedemikian advance eh di mrk gen Z nya sekedar jd junior mana gaji pokok gak sampe 1 wkwkwkwk Boomer menolak punah","1793159842745782758","","strike_bravo_b","in","Bumi Allah","0","0","0","https://x.com/atan_here/status/1793159842745782758","1684114251353554944","atan_here"
"1793133027268370726","Wed May 22 04:13:23 +0000 2024","0","Gen z kalo kuperhatikan spending habitnya yg boros. Gaji ga seberapa tp udah punya iphone pro max ","1793133027268370726","","","in","I hate antis","0","0","0","https://x.com/c4cao/status/1793133027268370726","1042686234596859904","c4cao"
"1793130399163675122","Wed May 22 04:02:56 +0000 2024","0","Gw sbg fresh graduate sebenernya udh ga berekspetasi apapun tapi dipikiran gw gapapa deh gaji underpaid tapi ya setidaknya jgn kebangetan . Gw udh bener2 gak berekspetasi apapun tapi blm kepanggil kerja sampe skrng udh gini jg masih aja disalahin gara2 Gen Z wkwk","1793130399163675122","","","in","Caratland","0","1","0","https://x.com/w0nsthetic/status/1793130399163675122","1435776894117367813","w0nsthetic"
"1793128603787616616","Wed May 22 03:55:48 +0000 2024","1","pada nyalahin gen z perkara karir. lo mending diem kalo lo masih nyari intern unpaid staff dikontrak per satu tahun dgn gaji under umr belom thp dan masih bikin kualifikasi fresh graduate welcome and max age 24th tapi jobdesc rangkap divisi","1793128603787616616","","","in","","0","1","0","https://x.com/watchaudoin/status/1793128603787616616","1042039181218799616","watchaudoin"
"1792814802026549551","Wed May 22 03:53:19 +0000 2024","0","@blessedchoke klo gen z yg di jaman kerja bosny generasi ap y? bosny jg bnykn mau pekerjakan kryawan dg upah seminimum mungkin dmna kryawan dipekerjakan spt budak (lembur ga digaji) nyari yg fresh graduate spy bs byar gaji lebih murah tpi kmampuan fresh graduate dibndngkn mulu sm senior.","1793127978991522140","","blessedchoke","in","","0","0","0","https://x.com/celinetae7/status/1793127978991522140","1683996881683349504","celinetae7"
"1792870610378596418","Wed May 22 03:40:59 +0000 2024","0","@IchaVarma @Rizkihadi ka aku gen z tp mending tu loker kasi ke aku aja deh karna yg kaka jelasin bagi aku normal karna punya pengalaman sblmnya dan gaji segitu cukup bngt gilaakkk","1793124873776378078","","IchaVarma","in","","0","0","0","https://x.com/iwantyababe/status/1793124873776378078","1442676821338714116","iwantyababe"
"1792856275828748557","Wed May 22 03:10:09 +0000 2024","0","@shyscia Pernah punya bawahan gen z 4x dan semuanya aleman manja gabisa mandiri &amp; ga mau cari tau sendiri (padahal udh diajarin semuanya). Kerja ga sesuau jobdesk &amp; udah baik dikasih gaji umr masih aja ngeluh ini itu. Tai tai","1793117116377555226","","shyscia","in","Sleman, Indonesia","0","0","0","https://x.com/__8bal/status/1793117116377555226","1216833863579660288","__8bal"
"1792915828024738014","Wed May 22 02:55:55 +0000 2024","54","@mahdeeana_ Nasib gaji seuprit ekspektasi setinggi langit sukur gen z sadar jangan seperti kami milenial ini ga sadar2 kerja keras dan waktunya ga dihargai","1793113535276556395","","mahdeeana_","in","","0","0","1","https://x.com/48squadsama/status/1793113535276556395","1211156372","48squadsama"
"1793111884864073920","Wed May 22 02:49:22 +0000 2024","0","Gen sebelumnya sibuk numpuk properti jadi harga properti harganya ngawur trus gen z disalahin karena gak punya aset. Ya lo mikir gaji umr 3-4 juta disuruh beli rumah sepetak yg harganya udah 1-2 M. Mau disuruh nabung sampe mati?","1793111884864073920","","","in","","0","0","0","https://x.com/Maddiechlerin/status/1793111884864073920","2337707935","Maddiechlerin"
"1792700829016953124","Wed May 22 02:39:18 +0000 2024","0","@xxyulkyuxx @YaBoiF18 @paracecis08 Sudah dong dan hepi Kalau ngikut pola pikir Gen Z ga jadi apa apa gw nih karena mendingan nganggur daripada kerja gaji kecil katanya.","1793109350556581966","","yuweekyu","in","Nusa Barong","0","0","0","https://x.com/sultohn/status/1793109350556581966","852617601570164736","sultohn"
"1793106226706108586","Wed May 22 02:26:53 +0000 2024","35","Wkwkwkwk coba lihat gen Z yang kerja di biyuemen migas mana ada yang keluar masuk lah gaji gede kerja nyaman cuyyy. Emang kadang kantornya yg skill issue kok ga bs kasi upah layak . (Salam dr aku yg milenial)","1793106226706108586","","","in","","0","0","1","https://x.com/Raynedaisuki/status/1793106226706108586","903968627795177475","Raynedaisuki"
"1792814802026549551","Wed May 22 02:23:38 +0000 2024","1","@blessedchoke tentu carinya gen Z fresh graduate pengalaman minimal 1-3 tahun maksimal umur 25 di tahun 2024 Gaji di bawah umr kabupaten","1793105407524950256","","blessedchoke","in","","0","1","0","https://x.com/UserDingin/status/1793105407524950256","1113796599342231552","UserDingin"
"1793098953078312977","Wed May 22 01:57:59 +0000 2024","0","pemberi kerja setelah posting loker dengan syarat ajaib tapi gaji underpaid: kok Gen Z malas kerja? ","1793098953078312977","","","in","","0","0","0","https://x.com/lastweetX/status/1793098953078312977","1625792368996937728","lastweetX"
"1793096909609120114","Wed May 22 01:49:52 +0000 2024","0","Yg normal kalo Gen Z dapat posisi Frontliner gaji minimal Rp.20 juta. Kalo gak berarti perusahaannya yg bermasalah ","1793096909609120114","","","in","","0","1","1","https://x.com/el_sulfat/status/1793096909609120114","125235427","el_sulfat"
"1792438393475076153","Wed May 22 01:49:11 +0000 2024","25","@el_sulfat ekonomi Indo jeblok kerjaan yg worth it sekarang udah jarang palingan cuma PNS/BUMN/swasta gede yg tuntutan vs gaji sebanding tapi kerjaan swasta biasa sekarang kebanyakan minta banyak tapi gaji kecil anak2 gen Z wajar ga ngrasa worth it mending ngegojek bkebun dll","1793096737575616609","","el_sulfat","in","","0","3","0","https://x.com/saskeXYZ/status/1793096737575616609","1699669684281565184","saskeXYZ"
"1793096264357429713","Wed May 22 01:48:13 +0000 2024","0","Akhirnya apa? kita ambil kerjaan apa aja walaupun kerja 12 jam gada libur senin-minggu gaji sejutaan. Klo hrd semua nganggep gen z yg buruknya aja kaya gini gimana hidup anak gen z yg rela di pontang panting ini buat kedepannya","1793096495325216985","","losestvr","in","she","0","0","0","https://x.com/losestvr/status/1793096495325216985","1354712745850019843","losestvr"
"1793095156339761426","Wed May 22 01:42:54 +0000 2024","1","Aneh liat orang protes gen z gamau kerja di UMKM padahal wajar aja di umurnya yg sekarang gen z milih kerja di tempat yg bisa gaji layak work!","1793095156339761426","","","in","","0","1","0","https://x.com/worksfess/status/1793095156339761426","1244597361826885636","worksfess"
"1792856275828748557","Wed May 22 01:39:52 +0000 2024","0","@shyscia Ekspektasi gen Z terkait gaji lifestyle work life balance itu tidak salah Salah yg salah emang keadaan Indonesia yg pait banget gaji kecil medsos disuguhin glamornya hidup selebgram/pejabrut kerja berangkat subuh pulang malam Salahkan pembuat kebijakan","1793094394012401681","","shyscia","in","Jakarta, Indonesia","0","0","0","https://x.com/rakachumpz/status/1793094394012401681","274810723","rakachumpz"
"1793092993500782884","Wed May 22 01:34:18 +0000 2024","2","dari tadi kayanya gen z dijelek-jelekin soal di dunia kerja. coba introspeksi dulu tempat kerjanya gaji udah sesuai belum? udah bebas dari toxic belum? kayanya bukan dikit-dikit mengundurkan diri lebih ke kita tau mana lingkungan kerja yg baik yg sesuai dengan bayarannya.","1793092993500782884","","","in","IND/ENG 🍉","0","1","0","https://x.com/croissnant/status/1793092993500782884","1358782934","croissnant"
"1793091487200415793","Wed May 22 01:28:19 +0000 2024","0"," gamau kerja effort lebih YA KALO BENEFIT TERUTAMA GAJI GAK SESUAI NGAPAIN?????????? ini bukan cuma buat gen z tapi semuanya emang dipikir manusia budak apa ngasih imbalan semele-mele tapi kerjaannya gak ngotak","1793091487200415793","","","in","jéo.","0","1","0","https://x.com/redgalova/status/1793091487200415793","859548932568776704","redgalova"
"1793090871552045482","Wed May 22 01:25:52 +0000 2024","1","Tapi kalau label staff gaji manager gacuma gen z yg mau sih semua gen mau. Dan pengalaman jd user gacuma gen z yg ilang pas mau interview gacuma gen z yg 3 hari ilang. Boomer dan millenial juga banyak","1793090871552045482","","","in","Sichuan","0","1","0","https://x.com/naningptr/status/1793090871552045482","1322584027","naningptr"
"1793088782520275225","Wed May 22 01:17:34 +0000 2024","0","wkwkw percayalah banyak gen z pengangguran tuh krn terlalu mikir gaji expected salary berbanding terbalik sama skill. atau iya lu cumlaude tp lu bisa apa? wkwkwkwk cape","1793088782520275225","","","in","","0","0","0","https://x.com/_consoledotlog/status/1793088782520275225","1776830906956939264","_consoledotlog"
"1792856275828748557","Wed May 22 01:17:00 +0000 2024","0","@mandamnd @shyscia Aku gen z work life balance menurutku nggak diganggu kalo udah di luar jam kantor jadi sebisa mungkin kerjaan di hari itu aku selesaiin hari itu juga intinya gamau sampe lembur. Masalah gaji pasti matoknya UMR ga berani sampe yg 2 digit takut ga sebanding sama skill yg dipunya","1793088642061340692","","mandamnd","in","iKONIC","0","0","0","https://x.com/ichaciing/status/1793088642061340692","1442658204","ichaciing"
"1793088500935586007","Wed May 22 01:16:27 +0000 2024","0","Aku 50/50 ya. Dengan skill dan experience yang aku punya pasti aku mengusahakan gaji yang oke menurutku. Soalnya aku dulu lulus gak dari 0 tapi udah ada pengalama banyak jadi sangat gapapa buat para gen Z yang have a potential and experience to expect some salary","1793088500935586007","","","in","Pusar Sibuya","0","1","0","https://x.com/heavydirtiesoul/status/1793088500935586007","1943711142","heavydirtiesoul"
"1792982837513097320","Wed May 22 01:12:53 +0000 2024","0","@idextratime @Matt_Law_DT Gaji gen z ngasih target macem Ancelotti","1793087605543993609","","idextratime","in","Lodestar","0","0","0","https://x.com/Genzoo22/status/1793087605543993609","748891576839974913","Genzoo22"
"1793083930750652666","Wed May 22 00:58:17 +0000 2024","6"," Sisi positifnya Gen Z ya sekarang dapet duit gampang jadi Content Creator / Selebgram / Youtuber / Selebtweet lebih gampang entah jalur kontroversial / nggak bisa jadi kaya kek Bella Poarch + Remote Worker gaji 2 digit hasil dari ide Pandemi dulu. https://t.co/O0tWwRPLPB","1793083930750652666","https://pbs.twimg.com/media/GOJQVLkagAAq7RX.jpg","","in","","4","1","0","https://x.com/convomf/status/1793083930750652666","1314975287294083073","convomf"
"1792757084234338580","Wed May 22 00:52:48 +0000 2024","0","@chocofittt gue Gen Z dan kalo udh diminta KTP dan KK sebelum tahap interview terakhir dan nego gaji gue auto skip. enak aja mereka tau detail ttg keluarga gue sedangkan mereka belum seniat itu hire kita.","1793082550380044472","","chocofittt","in","","0","1","0","https://x.com/august_usus/status/1793082550380044472","1307081168173625344","august_usus"
"1793079781854150719","Wed May 22 00:41:48 +0000 2024","0","gue gen Z kontrak kerja ditulisnya magang. di kasih gapok sejuta ketimbang gapok 1 JUTA aja di TAHAN ama HRD wkwk. pengen g masuk krn marah gaji d tahan &amp; g sesuai di perjanjian kontrak prnh mau izin g masuk krn g ada ONGKOS eh malah atasan gue ngasih utangan duit buat ongkos","1793079781854150719","","","in","𝐬𝐡𝐞/𝐡𝐞𝐫","0","1","0","https://x.com/dabchwe/status/1793079781854150719","1076724312969596928","dabchwe"
"1793072032303001784","Wed May 22 00:11:00 +0000 2024","0","Ayo gen z terusin rebelnya. Kenyataannya emang mayoritas pekerjaan ga balanced antara gaji dan ekspektasi.","1793072032303001784","","","in","","0","0","0","https://x.com/knpdilahirkan/status/1793072032303001784","1227099995960070144","knpdilahirkan"
"1792870610378596418","Wed May 22 00:06:19 +0000 2024","0","@IchaVarma Masalah gaji jg ga serewel gen z. Mereka tu rata2 berkegiatan buat jaga pikiran supaya ga cepet pikun","1793070853653209132","","_kaasstengel","in","사람이란 불, 사람이란 별로 가득한 바로 이 곳에서","0","0","0","https://x.com/_kaasstengel/status/1793070853653209132","1317630195700965376","_kaasstengel"
"1793065714741596417","Tue May 21 23:45:54 +0000 2024","0","Lagian buka loker intern cari kandidat skillful tapi unpaid. Trus buka loker fulltime cari yg spek dewa tapi gaji di bawah UMR. Gen Z yang pemalas ini harus terima semua itu?","1793065714741596417","","","in","West Java, Indonesia","0","0","0","https://x.com/itsanotherdev/status/1793065714741596417","231253767","itsanotherdev"
"1793061481380299215","Tue May 21 23:38:04 +0000 2024","0","@theshonenz Good for you kalau kerja sama orang luar berarti profesionalitas skill dan experience udah ga diragukan lagi Yang jadi masalah kan yang mengamini mending nganggur daripada kerja di awal gaji ga besar Impact nya ke mayoritas Gen Z","1793063743209038004","","theshonenz","in","Nusa Barong","0","0","0","https://x.com/sultohn/status/1793063743209038004","852617601570164736","sultohn"
"1793061238655864963","Tue May 21 23:28:07 +0000 2024","0","karna bisa dibayar apa adanya soalnya kalau gen z udh bisa mikir dikasih gaji sekian sesuai ga buat kebutuhan sehari-hari apalagi yang roti lapis roti isi roti sobek milk bun generation harus mikirin keluarga gimane","1793061238655864963","","","in","","0","0","0","https://x.com/meowracca/status/1793061238655864963","1454019438076825601","meowracca"
"1793055914125390025","Tue May 21 23:06:57 +0000 2024","2","Saya lah gen Z berprinsip YOLO itu~ Dunia udah setengah kacau gini gua mah yaudah terima nasib gaji gua beliin yang gua suka aja.","1793055914125390025","","","in","pp not real me","0","0","0","https://x.com/nathanaeldevs/status/1793055914125390025","1723682034361745408","nathanaeldevs"
"1792856275828748557","Tue May 21 22:23:35 +0000 2024","0","@mandamnd @shyscia Mkn keluarga sebulan aku bahkan patok rendah 30rb sehari. Itupun gak cukup krn pangan mahal. Gak cukup kak serius 1-2 juta makanya minta gaji 4 jt itupun ngepas aku gak nabung. Aku gen z yg jarang bgt foya2 mau jajan aja mikir krn bsk keluargaku makan apa. Maaf jd curhat kak‍","1793044999145136427","","aIethasya","in","ヾ⍤⃝ ⌕","0","0","0","https://x.com/aIethasya/status/1793044999145136427","1426157773411160070","aIethasya"
"1792856275828748557","Tue May 21 22:18:08 +0000 2024","0","@mandamnd @shyscia Aku gen z dan sandwich disini kak. Terkait gaji aku sangat memperhitungan pengeluaran keluargaku sebulan. Ortu aku di phk dan sampe skrg masih menganggur. Jd aku sangat mikirin ongkos (ini udh public transport) tagihan listrik air sama makan sekeluarga buat sebulan -c","1793043626764779767","","mandamnd","in","ヾ⍤⃝ ⌕","0","2","0","https://x.com/aIethasya/status/1793043626764779767","1426157773411160070","aIethasya"
"1793038673434354126","Tue May 21 22:00:10 +0000 2024","0","oh iya lupa nanti gak bisa dikasih gaji seminim mungkin karena millenials dan boomers pengalaman semua. gen z kan fREsH gRaDuAte semua jadi gaji kecil gapapa yang penting cari pengalamannya kan?","1793039107100221943","","timelinesurfrs","in","Atomic Absorption Spectrometry","0","1","0","https://x.com/timelinesurfrs/status/1793039107100221943","1281245713557405697","timelinesurfrs"
"1792870610378596418","Tue May 21 21:52:12 +0000 2024","1","@dd_3388_oo @hellotomyx @rmdniahc @fachmiza @IchaVarma Betul lantas kalau gen Z ini katanya nganggur lebih baik daripada kerja gaji kecil nganggurnya sampe umur 30 trus mereka jadi apa nanti?","1793037100935254403","","dd_3388_oo","in","Nusa Barong","0","0","0","https://x.com/sultohn/status/1793037100935254403","852617601570164736","sultohn"
"1792800104384176567","Tue May 21 21:30:57 +0000 2024","501","@lutrinaaee True Gen z seakan akan dibuat serba salah kalo komplain kerjaan yg g manusiawi. This ain't the past. Atleast if you ain't giving the workers a big salary give them a sane workload . Don't normalize gaji kecil kerjaan seabreg tp kriteria selangit ‍","1793031754703356348","","lutrinaaee","in","","3","0","49","https://x.com/Arkans00/status/1793031754703356348","1267001725178703873","Arkans00"
"1792856275828748557","Tue May 21 19:59:40 +0000 2024","58","@shyscia Gue umur 30 punya ade2an ya lulusan gen z tapi yg gue tanemin ke mereka lu kerja keras gaji kecil gapapa lu jalanin nanti lama2 bisa up gaji lu kalo bisa lu kuliah sambil kerja sekarang jaman internet enak apply kerja mudah karena lu masih muda jangan kaya gue udah ketuaan ..","1793008781682745844","","shyscia","in","","0","5","2","https://x.com/bautempatbelas/status/1793008781682745844","1678096996731846656","bautempatbelas"
"1792870610378596418","Tue May 21 19:57:41 +0000 2024","0","@sultohn @hellotomyx @fachmiza @IchaVarma Kurang tau saya bang selama ketemu temen kerjaan yang se gen z jarang ada yang ngeluh ttg pekerjaan selagi kerja sama gaji sesuai apa yang harus dikeluhkan‍️","1793008280517951894","","sultohn","in","Tangerang, Indonesia","0","0","0","https://x.com/user4441f/status/1793008280517951894","1378964742044192769","user4441f"
"1792923852562948549","Tue May 21 19:52:54 +0000 2024","1","@jr205newlivery punya bisnis umkm tp gak mau hire gen Z ? Ada 2 kemungkinan 1. Gak kuat byr gaji 2. Males berargumen","1793007078593749394","","reltanahkusir","in","","0","0","0","https://x.com/sandyuda15/status/1793007078593749394","181822588","sandyuda15"
"1792986871900819827","Tue May 21 18:32:37 +0000 2024","0","Emang Gen Z kelahiran 2000 ke atas kasihan. Tapi Gen Millenial juga kasihan! Kena PHK pemutusan kontrak dll. Pas masuk kerja gaji kurang/enggak sesuai gaji dulu. Belum pesangon buat usaha ternyata susah ngejalaninnya. Kalau mau salah²in pemerintah yang korup duit untuk kita.","1792986871900819827","","","in","Sun 🌞","0","1","0","https://x.com/ALTAismyname/status/1792986871900819827","1156378929323638784","ALTAismyname"
"1792976666559689200","Tue May 21 17:52:03 +0000 2024","1","Artikel yang kemarin membahas masalah gen Z pengangguran dan penerimaan pajak jeblok ganti judul. Tapi kok tetap ngganjel ya? Kalau upah belum memenuhi standar hidup layak bagaimana? Kalau masih defisit gaji gimana? Gimana? https://t.co/FEoMPy2Dq7","1792976666559689200","","","in","Sunset di tanah monarki","0","1","0","https://x.com/prabu_yudianto/status/1792976666559689200","812287529705619456","prabu_yudianto"
"1792967439774523846","Tue May 21 17:15:24 +0000 2024","0","kerja berat dengan gaji ga memuaskan ya pantes gen z pada gamau. kaya kerja full time bahkan jobdesk nya kadang ga sesuai sama apa yang tertera terus udah gitu banyakan lembur dan di bayar nya dikit. lu kira pada mau kah?","1792967439774523846","","","in","avonlea","0","0","0","https://x.com/mailuvreads/status/1792967439774523846","1684847687991205888","mailuvreads"
"1792756101097902101","Tue May 21 17:09:02 +0000 2024","0","@tomaysyah Tapi emg gen z itu kenapa ya ga bs kerja keras? Faktanya banyak di lapangan gen z perhitungan sekali kalau soal kerjaan. Belum lagi mau gaji tinggi. Soalnya dr kecil dituntut boomer buat bantuin orang dewasa akhirnya pas ud beneran dewasaudah cape mau ngapa2in alias jompo ","1792965841186955541","","tomaysyah","in","","0","0","0","https://x.com/achillesgyus/status/1792965841186955541","1613921392617193472","achillesgyus"
"1792964007428858146","Tue May 21 17:01:45 +0000 2024","1","sedih banget jd gen z yg hidup di indonesia.. kerja tpi kualifikasinya - D3/D4/S1 tapi kuliah adalah kebutuhan tersier - min 18/19 thn berpengalaman 1 atau 2 thn - max 25 thn - gaji jauh dibawah umr disatu sisi kebutuhan hidup juga meningkat makin besar biaya yg dikeluarin.","1792964007428858146","","","in","seblak enthu","0","1","0","https://x.com/liixdnxhsxvn/status/1792964007428858146","1137258432686223360","liixdnxhsxvn"
"1792438393475076153","Tue May 21 16:25:08 +0000 2024","0","@el_sulfat Pernah kerja di perusahaan yg kebanyakan lbh tua dr aku. Aku gen z mepet milenial btw. Gilaa kerjaannya bnyk banget dgn gaji ga seberapa. Harus jd supervisor tp ngurus administrasi jg. Aku di cut dgn alasan salah satu kerjaan aku ga selesai. ","1792954791775162565","","el_sulfat","in","","0","1","0","https://x.com/syphayoaku/status/1792954791775162565","1156214070426554369","syphayoaku"
"1792856275828748557","Tue May 21 16:17:26 +0000 2024","0","@shyscia aku gen z dokter kerja stiap hri ga ad libur bayaran standard umr. lihat temen2 yg 1-2 thn dibawah aku walau bukan dokter ya tpi perawat dan bidan pd ogah2an pdhl dpt shift libur gaji emang 60% umr ngerasa paling pinter kena tegur dikit langsung blg mau resign ","1792952854195675257","","shyscia","in","","0","0","0","https://x.com/celinetae7/status/1792952854195675257","1683996881683349504","celinetae7"
"1792926726168658293","Tue May 21 16:08:48 +0000 2024","8","@PrayugoSurip @ardisatriawan Bro gen Z itu paling tua sekarang umur 27 tahun. Mereka itu ga bodoh bisa berhitung. Masa depan apa? Gaji rendah biaya punya anak mahal rumah tak terbeli. Masa depan apa yang bisa dimimpikan seperti itu? Makanya mereka mending senang2 buat diri sendiri putus asa.","1792950679595794563","","PrayugoSurip","in","","0","1","0","https://x.com/Danakecek/status/1792950679595794563","1784588486978453504","Danakecek"
"1792438393475076153","Tue May 21 16:06:33 +0000 2024","12","@yesmar_banu @el_sulfat Tidak tertempa kerasnya kehidupan Zamanmu sek penak BBM sek 7 Rb lah saiki Kerjo gajian entek ge tuku Bensin. Emang kami gen z mau jadi perbudakan modern perusahaan. Yang kami pikir juga pengeluaran skarang semakin tinggi gaji pun tak sesuai. Jaman mu penak kabeh sek murah","1792950115675873770","","yesmar_banu","in","Musi Banyu Asin, Sumatera Sela","0","0","0","https://x.com/RenoWahidSetia/status/1792950115675873770","877406630672977920","RenoWahidSetia"
"1792856275828748557","Tue May 21 15:53:16 +0000 2024","17","@konstantile88 @shyscia Sy nggak blng nggak ngaruh yg sy mksd Gen Z sulit punya properti karena gen sblmnya nimbun kepemilikan properti. Akhirnya harga properti naik sulit dikejar dgn gaji yg ad","1792946772395909163","","konstantile88","in","Bandung Kulon, Indonesia","0","1","0","https://x.com/Moshewd1/status/1792946772395909163","1163408259421655041","Moshewd1"
"1792937198985359786","Tue May 21 15:50:52 +0000 2024","0","Memang bener gen z udh melek teknologi melek undang2 dan udh pada pinter2. Tapi memang ada aja org kekgitu gak bertanggung jawab atau malah ngelunjek. Makanya problem ketenagakerjaan yg gaji di bawah UMR dan gaada jaminan kesehatan itu sebenernya masalah struktural.","1792946167258698162","","chordream","in","Indonesia","0","1","0","https://x.com/chordream/status/1792946167258698162","1306637875136442369","chordream"
"1792856275828748557","Tue May 21 15:50:12 +0000 2024","0","@mandamnd @ANSFTHN @shyscia Ini ada pengaruhnya dari konten kreator pekerjaan jg gak sih kak? Mnrtku untuk gen Z yg baru bakal nyemplung di rl mostly gak punya mentor (kecuali org tua). Paling mudahnya ya liat konten. Dan beberapa influenser itu ngasih tau cara jawab expektasi gaji dari umr daerah kerjanya","1792946001910943849","","mandamnd","in","","0","2","0","https://x.com/syackban_i/status/1792946001910943849","3235422589","syackban_i"
"1792856275828748557","Tue May 21 15:47:33 +0000 2024","2","@capekbangetdong @KuroKaitou @YasAuliaN @shyscia seengaknya bisa turun level seengaknya mereka punya tabungan duit gaji dari kerjaan sebelumnya dan bisa buka usaha sendiri. lah gen Z?? baru mau cari kerjaan udah berebutan sama gen X yg udh punya pengalaman duit tabungan juga enggak ada mana bisa buka usaha sendiri??","1792945334760697873","","capekbangetdong","in","","0","0","0","https://x.com/anggiangger23/status/1792945334760697873","1766748890215436288","anggiangger23"
"1792944877397029024","Tue May 21 15:45:44 +0000 2024","0","Tapi aku kerja sama gen z itu bener2 ada yang inisiatif tapi mostly gabisa. Harus dijelasin satu2 padahal kerjaan kita jg banyak gitu dan mikir sendiri. Trus ya gitu kalo ditegor alus gak mikir ditegor keras males. Trus pengennya gaji 2 digit padahal gada experience.","1792944877397029024","","","in","Your tiny space of heart","0","1","0","https://x.com/twoteehands/status/1792944877397029024","1011873198827233280","twoteehands"
"1792856275828748557","Tue May 21 15:42:37 +0000 2024","0","@capekbangetdong @KuroKaitou @YasAuliaN @shyscia lahiya ituu apa yg w bilang gen X bisa turun ke entry level gencetin gen Z yg juga lagi cari kerja bikin persaingan di entry level jadi tinggi bgt. perusahaan bisa bgt nyari gen X yg udah berpengalaman drpd gen Z yg minim pengalaman dengan gaji di entry level","1792944090939789588","","capekbangetdong","in","","0","0","0","https://x.com/anggiangger23/status/1792944090939789588","1766748890215436288","anggiangger23"
"1792758113244008527","Tue May 21 15:38:59 +0000 2024","2","@worksfess Iya. Padahal gue liat juga banyak ko yg pada mau kerja walau gaji kecil sampe 50 rb jadi karyawan toko atau yg lainnya. Mereka juga kepengen punya gaji yg gede. Gausah ngomong Gen Z males kerja. Kalo ngelamar kerja masih ada batasan umur goodloking belum menikah ","1792943179530170802","","worksfess","in","Amegakure","0","1","0","https://x.com/Userword_/status/1792943179530170802","1462737176844636165","Userword_"
"1792939397920534808","Tue May 21 15:23:58 +0000 2024","2","Adik (sepupu) ane lahir 2000an awal masih masuk lah gen z kalau pake teori2 gini Nakes kerja pontang-panting libur sebulan diitung pake jari tangan gak nyampe (termasuk kalo ada libur nas) Jobdesc-nya bahkan incl jadi admin+driver Udah bolak balik sakit Gaji? Di bawah UMR!","1792939397920534808","","","in","Surabaya, Indonesia","0","2","0","https://x.com/FaizalOktaW/status/1792939397920534808","1254373016294658055","FaizalOktaW"
"1792870610378596418","Tue May 21 15:20:28 +0000 2024","1","@IchaVarma Setujuuu. Gw punya kantor ada pegawai usia udh mau 60. Kerja gesit inisiatif tinggi ga banyak ngeluh padahal gaji cuma UMR. Terus kita ngehire gen z kelahiran 2003 lulusan SMP. 2 bulan resign. Katanya bosen kerjanya gitu2 doang. Skrg dia memilih nganggur","1792938517389361166","","IchaVarma","in","","0","1","0","https://x.com/ditepiansore/status/1792938517389361166","2524735759","ditepiansore"
"1792856275828748557","Tue May 21 15:20:04 +0000 2024","0","@shyscia setuju banget kak! kuliah + kerja + belajar lagi buat naikin soft skill rasa2nya masih kurang di mata 'senior' dan selalu kena sindir 'gen z'. Padahal buat dapet gaji di atas umr aja tuh harus jadi kutu lompat berkali-kali","1792938417795608894","","shyscia","in","","0","0","0","https://x.com/bergaysyeti/status/1792938417795608894","4471851318","bergaysyeti"
"1792856275828748557","Tue May 21 15:19:47 +0000 2024","1","@capekbangetdong @KuroKaitou @YasAuliaN @shyscia sedangkan loker junior-entry juga dimasukin gen X yg juga kelimpungan nyari kerjaan. lah gen Z ini kegencet perusahaan jelas milih gen X yg udh berpengalaman lah dengan gaji di kelas junior-entry level big win untuk perusahaan. sedangkan gen Z?? masih terseok² nyari kerja","1792938344516817026","","anggiangger23","in","","0","1","0","https://x.com/anggiangger23/status/1792938344516817026","1766748890215436288","anggiangger23"
"1792938186223894723","Tue May 21 15:19:09 +0000 2024","0","Millennials yapping tentang gen z yang pemula tapi mau gaji UMR kayak elu baru lahir langsung bisa semua hal aja‍","1792938186223894723","","","in","intp ","0","0","0","https://x.com/avocach0/status/1792938186223894723","1426185072802029569","avocach0"
"1792938095756660979","Tue May 21 15:18:48 +0000 2024","0","Gen Z &gt; banyak demand nya &gt; di gaji umr aja gamau padahal pengalaman belum tentu ada (disclaimer gak semuanya) &gt; skill? Ya namanya juga baru merintis. Tapi tentu saja karena dari univ gede dan udah biasa di doktrin kalau keluar dari sini gaji 2 digit ya balik lagi byk demand.","1792938098235465980","","dilomochinator","in","punya nya *nama kamu disini*","0","6","0","https://x.com/dilomochinator/status/1792938098235465980","1784213864961486848","dilomochinator"
"1792758113244008527","Tue May 21 15:15:29 +0000 2024","1","@worksfess Gen Z: -Kerja gamau dibawah tekanan njir. Mau gaji gede kerja santai work life balance. -Kena deadline/omelan langsung stress bahas mental health terus resign. -Giliran nganggur picky work. -Mau langsung dapet gaji gede+perusahaan top. Realistis bukan idealis.","1792937262621295003","","worksfess","in","Jember Utara disingkat JemBut","0","1","1","https://x.com/yudithSatya/status/1792937262621295003","182751073","yudithSatya"
"1792910847704019273","Tue May 21 13:30:31 +0000 2024","0","adik gue punya toko bahan bangunan ngasih kesempatan buat Gen Z. gaji UMR istirahat makan siang bergantian kerja 9 jam boleh main hp. baru kerja 3 bln resign alasannya capek disuruh2 dan angkat berat kaya paku lem kecil HPL. resiko kerja sm org lain hrs siap disuruh2","1792910847704019273","","","in","Jakarta Selatan","0","0","0","https://x.com/sunflowerss80/status/1792910847704019273","2160262842","sunflowerss80"
"1792870610378596418","Tue May 21 13:18:13 +0000 2024","0","@IchaVarma Di tempat kerjaku ga ada gen Z banyak usia pensiunan yang masih kerja di sini. Mereka nerimaan bahkan gaji terutang sekalipun kerja masih disiplin.","1792907754564379007","","IchaVarma","in","Dimana Saja dengan Siapa Saja","2","8","0","https://x.com/Frownman96/status/1792907754564379007","1102830348331700224","Frownman96"
"1792907093814775824","Tue May 21 13:15:36 +0000 2024","0","Banyak sebenernya gen z yg serius. Cuma kebanyakan kayaknya emang gitu ngiranya kerjanya simple bisa dapetin duit banyak. Trs kalo ngeliat org kerja di warung/toko langsung ngeremehin padahal gaji juga umkm. Mereka pasti jarang yg mau soalnya pengen kerja yg keliatan keren.","1792907093814775824","","","in","","0","1","0","https://x.com/xzzryllaa/status/1792907093814775824","1645822851965136896","xzzryllaa"
"1792902312266170404","Tue May 21 13:12:27 +0000 2024","0","kerja 12 jam gaji dibawah umr lingkungan kerja kga manusiawi gen z nya cabut yg disalahin siapa? yg gen z nya lagi... enak ya main salah-salahin gt aja","1792906302542537120","","karebatsu","in","","0","0","0","https://x.com/karebatsu/status/1792906302542537120","1765676665416617984","karebatsu"
"1792905798537892259","Tue May 21 13:10:27 +0000 2024","0","imo kalo konteksnya umkm wajar bgt gen z penuh pertimbangan. kebanyakan umkm skalanya kurang besar untuk 'belajar'. cari ilmu emg bisa dmn aja tp mempertimbangkan apakah kerja seharian dengan gaji sekian lebih worth it dibanding lanjut nyari kerja sambil upgrade skill?","1792905798537892259","","","in","","0","2","1","https://x.com/hahihuhikun/status/1792905798537892259","1550169829403148289","hahihuhikun"
"1792870610378596418","Tue May 21 12:59:03 +0000 2024","0","@IchaVarma Krn kebanyakan Gen Z yg kemakan omongan di sosmed. Mental Health lah gaji harusnya ga segitu lah standar boss yg friendly lah. Pensiunan mah yg penting kerja bs menghidupi ga rewel dikit2 bacot di sosmed ","1792902927218053144","","IchaVarma","in","jakarta","0","0","0","https://x.com/yasenbinre/status/1792902927218053144","187857800","yasenbinre"
"1792901222963499480","Tue May 21 12:52:16 +0000 2024","171","Minimal gaji karyawan pke standar upah minimum (korban umkm sehari kerja 12 jam++ triple job [cook waiters n kasir] tp gaji sebulan ga sampai UMP Jogja ) Sebagai penyelamat pengangguran UMKM tdk boleh abai atas kondisi kerja Aku Gen Z aku sadar hukum ketenagakerjaan","1792901222963499480","","","in","Kraton, Indonesia","1","1","55","https://x.com/rindiksentrup/status/1792901222963499480","1205372530619383809","rindiksentrup"
"1792856275828748557","Tue May 21 12:45:13 +0000 2024","4","@mandamnd @shyscia kalau expected gaji pastinya gen z akan memberi sesuai dengan skill sama pengalaman kak kalau dia dari kota mana gitu misal yang umrnya besar bisa jadi juga bakal nyantumin ini juga. Terus kakak cari full time kalau fulltime ya memang nyantuminnya ga sedikit beda perproject","1792899447212437843","","mandamnd","in","Indonesia","0","1","0","https://x.com/kabardarifey/status/1792899447212437843","257773894","kabardarifey"
"1792438393475076153","Tue May 21 12:40:50 +0000 2024","2","@helloforyou @hirahoon @el_sulfat Mana nih gen z baru kerja 3 minggu resign Eh gen znya ternyata pindah ke perusahaan lebih elit yg punya jam kerja normal jobdesk jelas gaji oke benefit mantep.","1792898346857738251","","unclesminho","in","she/her. ","0","0","0","https://x.com/unclesminho/status/1792898346857738251","1316839975908909056","unclesminho"
"1792870610378596418","Tue May 21 12:38:58 +0000 2024","15","@IchaVarma 2x dapet part timer yang gen Z. Gaji UMR belum include makan 2x sehari bensin. Kerja kasir di toko jam 12 siang sampe 6 sore mess ada minggu nggak masuk padahal toko ku termasuk sepi. Keluar karna nggak baik buat mental health... Sekarang cari yang 35++ aja","1792897874495471813","","IchaVarma","in","","0","7","2","https://x.com/sultanfrozen/status/1792897874495471813","536024858","sultanfrozen"
"1792438393475076153","Tue May 21 12:37:01 +0000 2024","2","@helloforyou @hirahoon @el_sulfat Ye pressure oke oke aja tapi yg bikin anak gen z kabur tuh jobdesk KAGA JELAS yg dimau juga kaga jelas jadi senior plin plan kaya gapunya pendirian. Oh ya 4 job role dikerjain satu orang dengan gaji under UMR? Ya jelas kabur ke perusahaan lebih bonafit yg punya jobdesk jelas","1792897383359029516","","helloforyou","in","she/her. ","0","1","0","https://x.com/unclesminho/status/1792897383359029516","1316839975908909056","unclesminho"
"1792870610378596418","Tue May 21 12:29:23 +0000 2024","11","@IchaVarma Gen Z sisi positifnya adalah demanding gaji biar dibayar lagak sisi jeleknya adalah most Gen Z kurang perform well.","1792895461755359500","","IchaVarma","in","","0","0","1","https://x.com/bookclan4all/status/1792895461755359500","1669660009922433025","bookclan4all"
"1792894269025612141","Tue May 21 12:24:38 +0000 2024","1","iyasih jujur gue gen Z aja merasa gini soalnya disekitar gw ga semua tp mostly yg pengen kerja gaji dua digit dll tapi pas keterima yaAllah isinya ngeluh..... gw gapapa sebenernya tp knp ya aku kurang suka sama org yg kurang bersyukur","1792894269025612141","","","in","Bogor Selatan, Indonesia","0","2","0","https://x.com/thingthingball/status/1792894269025612141","1714928510996033536","thingthingball"
"1792856275828748557","Tue May 21 12:22:14 +0000 2024","0","@mandamnd @shyscia Aku gen z... Kalo prinsip aku mending kerja yg aku suka bidangnya atau santai kalo semua kerjaan gajinya kecil.. Kerjaanku skrg gajinya kecil (&lt;umr huhu wkw).. Tp tempatnya unik (relasi luas) bidang niche sm santai jd mungkin tunjukin keunggulan di luar gaji(?)","1792893665742053830","","mandamnd","in","kur","0","1","0","https://x.com/feaw333/status/1792893665742053830","981579867434106880","feaw333"
"1792758113244008527","Tue May 21 12:11:14 +0000 2024","2","@worksfess Di kantor gw nyari fresh graduate yg lamar ribuan yg dipanggil test online 200an yg submit test 30an yg wawancara 20an yg wawancara ga lanjut karena WFO ada 5an lulus wawancara ada 5an final ttd kontrak gaji sesuai yg diminta tp gak ada 1 pun yg mau WFO. Iya gen Z semua.","1792890893663437038","","worksfess","in","127.0.0.1","0","0","0","https://x.com/koko_hage/status/1792890893663437038","56892928","koko_hage"
"1792890714868818185","Tue May 21 12:10:31 +0000 2024","1","Pensiunan mencari kesibukan Gen Z mencari validasi dan gaji besar","1792890714868818185","","","in","Nusa Barong","0","0","0","https://x.com/sultohn/status/1792890714868818185","852617601570164736","sultohn"
"1792888748176474592","Tue May 21 12:05:55 +0000 2024","0","gue termasuk gen z tp beneran clueless. minta kenaikan gaji tp harus nunggu sampe 1-2 tahun dulu sedangkan kebutuhan aja makin ke sini semua serba mahal. jajan buat diri sendiri yg ga tiap hari dilakuin pun dicap foya-foya. kontol megalodon.","1792889558767391009","","donquixoxotez","in","Leaky Cauldron","0","0","0","https://x.com/donquixoxotez/status/1792889558767391009","1283825924467654658","donquixoxotez"
"1792888748176474592","Tue May 21 12:02:42 +0000 2024","2","yang peler mah apa? gen z banyak milih resign dibilang lemah. taik anjing beban kerja ga sebanding gaji dituntut harus bersyukur. lu enak tinggal nyuruh tp gaji tetep gedean lu lah yg disuruh gaji per bulan tinggal lewat doang malah disalahin kebanyakan jajan kopi. peler.","1792888748176474592","","","in","Leaky Cauldron","0","2","0","https://x.com/donquixoxotez/status/1792888748176474592","1283825924467654658","donquixoxotez"
"1792881806548804050","Tue May 21 11:52:25 +0000 2024","4","@convomf gue milenials dan gue ga setuju... narasi begini dikeluarin sama perusahaan2 yang cuma mau take advantage agar bisa kerjaan ganda tapi gaji esa aja dari Gen Z yang notabene nya masih banyak fresh graduate atau masih minim pengalaman.. as long as you treat them like a human","1792886161679233173","","convomf","in","in the darkness of the ache","0","0","1","https://x.com/vandalizh/status/1792886161679233173","850494360","vandalizh"
"1792799224670888289","Tue May 21 11:45:55 +0000 2024","0","@hrdbacot Gen Z yg ber attitude pasti selalu punya kesempatan. Apapun kerjaannya bisa dipelajari asal akal nya dipake bukan cuma nyari gaji. Roda berputar klo digerak kan jgn cuma diam dan menyalahkan keadaan apalagi Tuhan","1792884524285845711","","hrdbacot","in","","0","0","0","https://x.com/ExaHyd9171/status/1792884524285845711","1733382441174433792","ExaHyd9171"
"1792754998843216308","Tue May 21 09:35:13 +0000 2024","2","@DevinaYo Selain iklim investasi yang tidak stabil pejabatnya yang suka korupsi siklus lingkungan kerja korporasi di Indonesia tidak sehat dan tidak kondusif juga tentunya daya beli masyarakat lemah karena gaji yang tidak sesuai kompensasi. Yang dimarahi selalu gen Z dan milenials.","1792851632176431382","","DevinaYo","in","Indonesia","0","0","1","https://x.com/erenyuh/status/1792851632176431382","1358395715278364673","erenyuh"
"1792850414519628082","Tue May 21 09:30:23 +0000 2024","0","Prabowo mau nambah 300fk terus skrg nambah dokter asing jd mau gmn? Berobatnya butuh duit gen Z 10jt pengangguran buat berobatnya mau gmn? Dokter saat ini gaji seadanya faskes daerah seadanya mau gimana?","1792850414519628082","","","in","","0","0","0","https://x.com/hahhguy/status/1792850414519628082","910923199436566529","hahhguy"
"1792527457117192683","Tue May 21 09:12:55 +0000 2024","0","@ch_chotimah2 @jokowi Lah idaman gen Z bgt ini udah effort nya dikit maunya gaji gede luar biasa","1792846022529741211","","ch_chotimah2","in","Jepang","0","0","0","https://x.com/TheCreatorSF/status/1792846022529741211","1414773561093283844","TheCreatorSF"
"1792845988287381532","Tue May 21 09:12:47 +0000 2024","0","Ngapain Gen Z abis interview nanya gaji. Di kasih gaji probation dulu 3bulan abis itu UMR aja kabur. Pada mau nya langsung 5 Juta sebulan. Gausah kerja lah.","1792845988287381532","","","in","Indonesia","0","0","0","https://x.com/CKRBN_/status/1792845988287381532","444665809","CKRBN_"
"1792831565070000546","Tue May 21 08:24:27 +0000 2024","11","@worksfess Kok bisa pas banget yah lagi trending gen z ini kebetulan Kamis besok ngisi webinar topiknya tantangan karir gen z. Bahas lanskap karir di Indonesia tantangan karir gen z beserta solusinya. Bahas skill-gap yang nyambung ke personal branding sampai dengan nego gaji. Yang mau","1792833823409131654","","worksfess","in","","0","1","0","https://x.com/xiayuejiu/status/1792833823409131654","1220321640489222144","xiayuejiu"
"1792831369237897502","Tue May 21 08:14:42 +0000 2024","2","Boomers emang cuma mau untung buat mereka dan ngegoblokin gen z yang kritis ketika kerjaan udah overload padahal gaji tidak sesuai. Pada gak ngaca dan gak tau diri bisanya cuma nyalahin lol.","1792831369237897502","","","in","intp ","0","0","1","https://x.com/avocach0/status/1792831369237897502","1426185072802029569","avocach0"
"1792800514171871669","Tue May 21 07:46:26 +0000 2024","0","@Riskyrange Justru Gen Z yang merasa paling bener seakan semua generasi paling salah Contohnya udah tau gaji kecil pengen beli rumah bukannya spending nya ditekan malah hobi beli kopi","1792824255266316369","","Riskyrange","in","Nusa Barong","11","14","0","https://x.com/sultohn/status/1792824255266316369","852617601570164736","sultohn"
"1792433117221044274","Tue May 21 06:50:47 +0000 2024","0","@JrSinaga3 @akuratco Gw juga sama om Kebetulan gw cari team marketing Gw publish uda beberapa bulan yang dateng cuma 1 Padahal gaji dan tunjangan gede Emang gen z lembek aja itu pengen ga kerja pendapatan gede","1792810253589057672","","JrSinaga3","in","","0","1","0","https://x.com/benksatan_kills/status/1792810253589057672","447030168","benksatan_kills"
"1792804019771236801","Tue May 21 06:26:01 +0000 2024","4","Gen Z nganggur dari sisi eksternal sendiri byk faktor penyebabnya. Pengalaman kami: 1) Perusahaan telat bayar gaji 2) Eksploitasi tenaga kerja 3) Baru sebentar kerja dah kena PHK dengan alasan efisiensi 4) Lingkungan kerja tidak manusiawi secara fisik dan mental Coba deh","1792804019771236801","","","in","Australia","0","0","2","https://x.com/diariumbi/status/1792804019771236801","157989446","diariumbi"
"1792797420549771459","Tue May 21 05:59:48 +0000 2024","6","Ini deskripsi stereotype dari so-called the nuruls Anak Gen Z muslimah yang lagi kuliah/kerja Gaji sekitaran UMR yang jadi pangsanya Gacoan Tapi Memenya agak jadul ini terlalu 2018-2019 https://t.co/aFnpfTsyQe","1792797420549771459","https://pbs.twimg.com/media/GOFLv8uaIAAvDOT.jpg","","in","","0","0","2","https://x.com/ardi_tama1/status/1792797420549771459","382641814","ardi_tama1"
"1792794435081949426","Tue May 21 05:47:56 +0000 2024","7","Sebagai gen z ini betul adanya orgil mana yg rela2 dari daerah ke jkt cuma buat intern dgn gaji gaada setengah dri umr??","1792794435081949426","","","in","","0","1","0","https://x.com/Dhancoooook/status/1792794435081949426","1119592397925564417","Dhancoooook"
"1792785954073346231","Tue May 21 05:14:14 +0000 2024","1","90% crew gen z (kelahiran 97-03) yg gawe bareng ama gue kebanyakan begini sama satu lagi: kalo lagi agak rame dikit besoknya izin sakit diminta surat dokter gak ada pas gaji dipotong karena diitung mangkir gak terima playing victim ","1792785954073346231","","","in","The Fox","0","0","1","https://x.com/joijocokladd/status/1792785954073346231","1182148112963387393","joijocokladd"
"1792758113244008527","Tue May 21 05:03:12 +0000 2024","477","@worksfess Boomer eksploitasi alam Millenial eksploitasi manusia Gen z kerja sampe mati status karyawan kontrak gaji underpaid workload gak ngotak diremehin ditindas senior yg punya kuasa ","1792783176995352576","","worksfess","in","Indonesia","4","5","72","https://x.com/nitabaladewa/status/1792783176995352576","375979442","nitabaladewa"
"1792438393475076153","Tue May 21 04:39:50 +0000 2024","0","@el_sulfat Boleh ga sih gen z gantian yalahin kalian para milenial yang ngebuat sistem perekrutan kerja kejamnya nauzubillah?. Udah persyaratannya tinggi ada batasan minimal usia belum lagi jobdesk sama gaji ga berimbang. Boleh ga?","1792777296442704353","","el_sulfat","in","","0","0","0","https://x.com/SandyBahry/status/1792777296442704353","1509738601101205507","SandyBahry"
"1792700829016953124","Tue May 21 04:32:27 +0000 2024","0","@YaBoiF18 @paracecis08 Gpp. Yang penting Gen Z yang punya gaji 2 digit di umur 30an sangat beda pikirannya dengan elu. Gpp juga kan elu yang memilih nganggur tapi fafifu tiap hari daripada kerja cari pengalaman nanti pindah kerja gaji pantes bahkan melebihi gaji orang yang fafifu ini.","1792775439536259207","","YaBoiF18","in","Nusa Barong","0","0","0","https://x.com/sultohn/status/1792775439536259207","852617601570164736","sultohn"
"1792758113244008527","Tue May 21 04:25:16 +0000 2024","0","@chubbyterus @worksfess Iyaa gen z ini masih sadar diri buat nyari pengalaman walau ada yg gatau diri jg buat nembak gaji tinggi walau pengalaman masih gaada. Gen Z ini nano-nano deh bener2 gak merata berkembangnya. Aku gen Z soalnya dan aku merasa bahwa emang beragam bgt modelan genZ ini","1792773631988359593","","chubbyterus","in","","0","1","0","https://x.com/veesara__/status/1792773631988359593","1573517492815007744","veesara__"
"1792772779798081900","Tue May 21 04:25:14 +0000 2024","1","Kalo ngeliat gaji yg gak seimbang dengan tingkat inflasi dan biaya hidup banyak gen z udah termakan nihilism mereka tau seberapa keraspun mereka kerja tetep gabakal bisa afford housing family or even marriage. https://t.co/0noJfcDC8y","1792773622714827080","","cebanterakhir","in","","0","0","3","https://x.com/cebanterakhir/status/1792773622714827080","2896517845","cebanterakhir"
"1792758113244008527","Tue May 21 04:19:42 +0000 2024","0","@veesara__ @worksfess Iya soalnya gaji nya pas umr ditambah potongan gen z kan mau mau aja dibayar gaji dibawah umr pun mau mau aja karna mereka juga butuh buat pengalaman","1792772231699062828","","veesara__","in","","0","1","0","https://x.com/chubbyterus/status/1792772231699062828","702387194","chubbyterus"
"1792758113244008527","Tue May 21 04:17:45 +0000 2024","0","@1novative_id @chef_dokyungsoo @worksfess Ya kan Gen Z sendiri yang maunya gaji tinggi tapi di awal kerja. Gak aneh karena mereka merasa entitled lulus sarjana gaji tinggi tapi nganggur. Yang kompeten sudah kerja sekarang gak mikirin elu pada yang lagi nganggur. Lagian kok kaget pemerintah gak ada otak","1792771738956378197","","1novative_id","in","Nusa Barong","0","0","0","https://x.com/sultohn/status/1792771738956378197","852617601570164736","sultohn"
"1792758113244008527","Tue May 21 04:13:58 +0000 2024","0","@1novative_id @chef_dokyungsoo @worksfess Yaudah nanti buat Gen Z silahkan ubah kondisinya wajibin semua perusahaan ngegaji minimal 5jt se Indonesia. Itu kan yang kalian mau. Kalau yang udah lebih tua sih udah gak mikir gaji kan mereka udah expert. Kalau yang muda maunya begitu nanti nyalon legislatif biar bikin UU","1792770788103458937","","1novative_id","in","Nusa Barong","0","0","0","https://x.com/sultohn/status/1792770788103458937","852617601570164736","sultohn"
"1792438393475076153","Tue May 21 04:12:18 +0000 2024","0","@el_sulfat Gen Z imagenya jelek bgt ye tapi kalo di sekitar gua yg gen Z: 1) yg gua atau temen alamin justru yang gaada kabar dari recruiternya. Bahkan gua pernah udah deal gaji tapi ga dipanggil panggil 2) belom pernah nemu wkwk 3) belum ada tp kenalan gua yg begini justru milenial wkwk","1792770368031371479","","el_sulfat","in","","0","0","0","https://x.com/firdausdicko/status/1792770368031371479","243988708","firdausdicko"
"1792758113244008527","Tue May 21 03:58:49 +0000 2024","1","@sultohn @chef_dokyungsoo @worksfess Ya makanya gaji kecil shouldn t be normalized. Krn klo dr SDM gen Z ini bagus2 loh. Ga kerja di bidang formal kan bukan berarti nganggur dan terima pasrah perlakuan keji kapitalis. Mostly gen z kerja di non-formal sector atau LN. Cuma negara jelek ini kan harus diperbaiki.","1792766974344503701","","sultohn","in","","0","2","1","https://x.com/1novative_id/status/1792766974344503701","1572497797882212352","1novative_id"
"1792763102095872106","Tue May 21 03:51:29 +0000 2024","0","@rurunih Gamau gen z tapi apa2 nuntut pengalaman dan entry level job opportunity maks 25 tahun... emg gajelas maunya apa. Mau yg profesional bisa dijinakin dgn gaji rendah tpi gamau nerima gen z dan gamau ngajarin trs jahat ke younger coworker tpi nyalahin 'mental melempem'","1792765128611701163","","rurunih","in","芥敦 | 侑北","0","0","0","https://x.com/kujouusara/status/1792765128611701163","1326058196482445314","kujouusara"
"1792761996284428675","Tue May 21 03:39:02 +0000 2024","1","Gen z terlalu banyak tercemar konten² kerja di luar negeri yang work life balance gaji gede kerja gak banyak.","1792761996284428675","","","in","Jakarta Pusat, DKI Jakarta","0","0","0","https://x.com/mahesiswa/status/1792761996284428675","1227562769815195648","mahesiswa"
"1792758113244008527","Tue May 21 03:38:21 +0000 2024","6","@sultohn @worksfess Nggak bisa disamaratakan juga sih. Yang pasti ada pertimbangan juga kenapa banyak gen Z yang nggak mau dikasih gaji kecil. Aku sendiri kalo posisi masih tinggal bareng ortu masih nggak terlalu masalah. Tapi kalo udah merantau ya kudu mikir lagi soal biaya hidup","1792761822829019334","","sultohn","in","mbuh","0","1","1","https://x.com/chef_dokyungsoo/status/1792761822829019334","3218766038","chef_dokyungsoo"
"1792761194081898837","Tue May 21 03:35:51 +0000 2024","3","pengalamn gue sbg gen z: 1. intrview jam 8 gue on time 20mnt kmudian tbtb jadwal interview diganti jam 4. cabut lah gwe 2. keterima kerja eh jd palugada alias kerjaan beda pas interview. gaji dibawah umr. 3. ngeganti jobdesk ke yg bukan keahlian gua krn kekurangan sdm. MOH.","1792761194081898837","","","in","","0","1","0","https://x.com/giistara/status/1792761194081898837","870791827602907136","giistara"
"1792438393475076153","Tue May 21 03:32:55 +0000 2024","1","@el_sulfat Pengalaman hire SDM usia gen Z dgn gaji udah UMR daerah : 1. Lemah secara mental 2. Semangat kerja 1-10 diangka 3 3. Gampang resign 4. Gampang menyerah 5. Banyakan main game sampe lupa tupoksi","1792760457964789860","","el_sulfat","in","Malang, Jawa Timur","0","0","1","https://x.com/PenoOnep/status/1792760457964789860","963819289655492608","PenoOnep"
"1792438393475076153","Tue May 21 03:31:54 +0000 2024","0","@el_sulfat Ga Gen Z aja sih millenial juga ada yg bgitu kok. Gaji ga seberapa kerjaan kek orang gila sampe rekannya juga gila ya ditinggal","1792760199595569407","","el_sulfat","in","Sao Paulo, Brazil","0","0","0","https://x.com/Nzackyo/status/1792760199595569407","108530561","Nzackyo"
"1792472206225949144","Tue May 21 02:53:58 +0000 2024","0","@detikcom Kasian gen z masih muter2 job fair Katanya bru ada 12jt loker di 2030 Kriteria cpns dinaikkan biar kompetitif Eh yg ini dapet gaji perbulan tp ngantor 2x/tahun aja","1792750656362791054","","detikcom","in","","0","0","0","https://x.com/CumaAzam/status/1792750656362791054","783665048","CumaAzam"
"1792438393475076153","Tue May 21 02:21:01 +0000 2024","0","@hiliricaci @el_sulfat Ya kalau gitu gak bisa menihilkan pengalaman beberapa orang yang berinteraksi dengan Gen Z. Sebenernya terserah Gen Z sendiri kalau mau ngikutin generasi sebelumnya ya ga ada itu gaji besar diawal buat lulusan biasa aja harus dapet exp buat sekedar naikin gaji ke nilai layak","1792742364496421332","","hiliricaci","in","Nusa Barong","0","0","0","https://x.com/sultohn/status/1792742364496421332","852617601570164736","sultohn"
"1792738742727573990","Tue May 21 02:06:38 +0000 2024","0","Bpk w kacab perusahaan dr jaman w SMA sering bgt cerita kelakuan pegawai2nya tp bener2 yg parah itu emg gen Z semua yg disebutin dsni disebutin semua sm bapak w. dikasih target/ kerja berat dikit ngeluh maunya kerja santai + langsung gaji gede. Padahal karir kan berproses","1792738742727573990","","","in","Jakarta Timur, DKI Jakarta","0","1","0","https://x.com/DeviiSafitry/status/1792738742727573990","86471120","DeviiSafitry"
"1792728836188377538","Tue May 21 01:27:16 +0000 2024","0","Pengalamanku kerja sama Gen Z -attitude Kurang (mostly tapi ada yang bagus) - berharap kerja langsung dapat gaji gede. - libur seenaknya kadang gak ngabarin. ","1792728836188377538","","","in","Bali","0","0","0","https://x.com/duelistbucin/status/1792728836188377538","2266284823","duelistbucin"
"1792443778101608507","Tue May 21 01:22:30 +0000 2024","0","@Lusbowln @MVRRFX @kompascom trus solusi nya apa ? pendidikan gratis ? kan Gen Z ga suka gratisan . makan tu Kuliah mahal. Gaji semua negara hampir sama klo di bandingkan Cost living. gaji tinggi biaya hidup tinggi.","1792727636789391526","","Lusbowln","in","","0","3","0","https://x.com/Setengahgelas_2/status/1792727636789391526","1543188749810487301","Setengahgelas_2"
"1792726315428430123","Tue May 21 01:17:15 +0000 2024","0","Emaknya gen Z jg kadang begitu. Pernah pny ART emak kerja cuma 3 jam gaji separoh UMR hari sabtu-minggu/tgl merah libur dpt makan siang cm bertahan bbrp bulan. Ngerjain kerjaan rumah doang (bukan ngurus anak). Alasannya capek.","1792726315428430123","","","in","@saadillahkhairi","0","0","0","https://x.com/ynaila_karima/status/1792726315428430123","292104602","ynaila_karima"
"1792722091714002978","Tue May 21 01:00:28 +0000 2024","6","Diliat dari komentarnya keliatan banyak Gen Z sekitaran mahasiswa atau freshgrad kok bisa punya utang puluhan juta? Baru kerja udah pengen work life balance tapi self reward -nya ngalahin gaji","1792722091714002978","","","in","Kota Surabaya, Jawa Timur","0","0","1","https://x.com/evtessia/status/1792722091714002978","1733493611902476288","evtessia"
"1792714188701532381","Tue May 21 00:29:04 +0000 2024","3","Salah mulu nih ya gen z. Kalian pernah mikir gak kalo sekarang banyak loker dengan persyaratan tingkat dewa tp gaji kecil hr yang moody-an dan mannerless batas maks usia dll. Pdhl banyak gen z yang emang mau nyari pengalaman mau belajar tp kalian semua mana mau ngebahas itu.","1792714188701532381","","","in","(≧▽≦) 🔞🔞🔞","0","0","0","https://x.com/unjesuk/status/1792714188701532381","1308328205606989824","unjesuk"
"1792713132269580785","Tue May 21 00:24:52 +0000 2024","1","Gen z nganggur karena uang bulanan ortunya lebih gede dari gaji","1792713132269580785","","","in","","0","2","0","https://x.com/billsinthebronx/status/1792713132269580785","1083333408128851968","billsinthebronx"
"1792438393475076153","Mon May 20 23:59:26 +0000 2024","10","@el_sulfat Alasan knpa no 3 itu terjadi karena mereka melihat orang lain memiliki pekerjaan yg lebih ringan dengan gaji yg lebih tinggi sehingga mereka ngejar karir tsb. Gen z gamau diperbudak seperti orang dulu yg mau digaji rendah dengan effort lebih","1792706732558618867","","el_sulfat","in","","0","0","3","https://x.com/MrJhonn007/status/1792706732558618867","1479417625939636224","MrJhonn007"
"1792433117221044274","Mon May 20 23:52:20 +0000 2024","81","@akuratco Realita jobdesc overload gaji underpaid status kontrak senioritas dan dituntut jadi palugada. Temen millenial gw jg banyak kok yg nganggur yg kerjanya gk jelas gaptek juga ada. Trus yg ngerjain kerjaan dia siapa? Gen z yg msh honorer/magang yg dibilang gak bisa apa-apa itu.","1792704944761627022","","akuratco","in","Indonesia","0","1","16","https://x.com/nitabaladewa/status/1792704944761627022","375979442","nitabaladewa"
"1792438393475076153","Mon May 20 23:27:09 +0000 2024","0","@el_sulfat Gw gen Z tp ga begini yg lu bilang gw tahan sampe satu bulan kerja gw resign karena gaji gw dipotong tanpa ada perjanjian tertulis","1792698608388808935","","el_sulfat","in","","0","0","0","https://x.com/axelfbrn03/status/1792698608388808935","1413879170833141763","axelfbrn03"
"1792438393475076153","Mon May 20 23:15:15 +0000 2024","79","@el_sulfat 4. Palugada without any appreciation 5. Micromanage seakan anak2 Gen Z gabisa apa apa 6. Temen gue anak acc hampir tiap hari pulang tengah malem ke Bogor gaji ya segitu aja oiya kan tetep yg salah Gen Z karna ngeluh mulu","1792695611126681956","","namelessginn","in","Bali, Indonesia","1","1","2","https://x.com/namelessginn/status/1792695611126681956","282860536","namelessginn"
"1792438393475076153","Mon May 20 20:36:07 +0000 2024","72","@el_sulfat gue Gen Z dan lagi bekerja. temen2 tim gue 90% Gen Z dan lucunya 10% yg non Gen Z lah yg kerjaannya gajelas. imbasnya kerjaan mereka menyusahkan kerjaan kami. oh belum lagi kantor ga ngasih value apa-apa. kita kerja palu gada. tapi gaji pas pasan. annual review kenaikan cuma 7%.","1792655565350641747","","el_sulfat","in","","0","2","2","https://x.com/august_usus/status/1792655565350641747","1307081168173625344","august_usus"
"1792606738514063590","Mon May 20 17:22:06 +0000 2024","1","asli baru aja kejadian kemarin perkara gaji maunya flat agak jauh diatas UMR udah deal eh tau2 cancel ngilang mana fresh graduate pdhl daftar posisi sales dia gk tau kalo berhasil jualan bisa dpt komisi yg bisa 3-4 kali UMR gk paham sm gen z mau jengkel tp kok pengen ketawa","1792606738514063590","","","in","Jakarta Capital Region","0","1","0","https://x.com/Lycanthroopee/status/1792606738514063590","1732955517591670784","Lycanthroopee"
"1792544717655458049","Mon May 20 13:15:39 +0000 2024","0","Perempuan gen Z skrang klo liat yg seumurannya)lebih tua yg menurut dia gaya nya fancy identik rambut bewarna pasti dibilang ani² (lont3) brti menurut lu dia cantik kerja dek punya gaji perawatan beli fashion stuff yg bagus jgn tiba² lu yg jd lont3.","1792544717655458049","","","in","Jakarta,Indonesia","0","0","0","https://x.com/scorpiontrouble/status/1792544717655458049","231510452","scorpiontrouble"
"1791823764625498365","Mon May 20 11:06:35 +0000 2024","0","@worksfess Gen Z khawatir g bisa berpenghasilan karena lowongan pekerjaan sulit dengan syarat yang rumit. Gini ya kalo mau saling untung ya saling bantu. Gmn genz mau bayar kalo g ada duit. Cari duit butuh kerja. Sekarang cari kerja susah. Kebutuhan makin mahal tp gaji msh segitu2 aja.","1792512237556683186","","worksfess","in","New Zealand","0","0","0","https://x.com/leollena_b/status/1792512237556683186","2295681848","leollena_b"
"1792500245311668406","Mon May 20 10:18:56 +0000 2024","0","Tanggapan mamah dan ayah pas aku bilang gen Z itu gpp gaji kecil yg penting ngga kena mental illness ingin membuatku ngikik ","1792500245311668406","","","in","Malang","0","0","0","https://x.com/yulyethaah/status/1792500245311668406","1612431318","yulyethaah"
"1792497084173894119","Mon May 20 10:06:22 +0000 2024","1","contoh kelakuan Gen Z saat bekerja. Jabatan (+gaji) mau dinaikkan gak mau dgn alasan sudah pewe. Gak habis thinking. Team Gen Z ada pendapat gak nih? Team Milenial dan X ada saran apa? https://t.co/A27re80Y3e","1792497084173894119","https://pbs.twimg.com/ext_tw_video_thumb/1792495172137422848/pu/img/LNn_1bjxUVK06Upy.jpg","","in","","0","0","0","https://x.com/el_sulfat/status/1792497084173894119","125235427","el_sulfat"
"1792438393475076153","Mon May 20 08:58:38 +0000 2024","303","@el_sulfat gw lg hiring untuk karyawan barber ga cuma yg gen z bahkan yg usia 25++ banyak yg bgtu ga sopan pgenya lgsg gaji gede tp skill pengalaman gak mendukung pgen nya banyak libur. menurut gw ini kayanya efek instan dari kebiasaan liat lifestyle orang kaya di sosmed","1792480038564343958","","el_sulfat","in","indonesia","4","10","34","https://x.com/bagspakbagspak/status/1792480038564343958","91568635","bagspakbagspak"
"1792462250294538412","Mon May 20 07:51:51 +0000 2024","1","@memefess Coba ada yang bocorin gaji pegawai Telkomsel auto sumpah serapah yang keluar. ","1792463232676028465","","memefess","in","Jakarta Capital Region, Indone","0","0","1","https://x.com/GenZCoy/status/1792463232676028465","1344764728619409408","GenZCoy"
"1792225668341874698","Mon May 20 07:44:25 +0000 2024","0","@fauzanmuhajir Mungkin ini salah 1 alasan gen Z ga mau gaji kecil","1792461363182506089","","fauzanmuhajir","in","home","0","0","0","https://x.com/nomadcircle/status/1792461363182506089","353531730","nomadcircle"
"1792374413608042866","Mon May 20 01:58:55 +0000 2024","0","Yg di luar ga mau balik karna gaji umr lah anjeng gen z kntl","1792374413608042866","","","in","Bekasi, Jawa Barat","0","0","0","https://x.com/rivanchan/status/1792374413608042866","78507855","rivanchan"
"1791849767896859080","Sun May 19 14:09:26 +0000 2024","0","@waTialiffaTun Aku tau tuh PT ga punya gaji https://t.co/chQFAOasXz gen z emng kurang rasa terima kasihnya","1792195867501527415","","waTialiffaTun","in","Jakarta Barat, DKI Jakarta","0","0","0","https://x.com/PutraSaimi94029/status/1792195867501527415","1696907338668789760","PutraSaimi94029"
"1791761592117530650","Sun May 19 04:43:30 +0000 2024","0","@timpenguinnas 10 jt gen z nganggur Kaget lulusan S2 s3 sedikit Tapi Pendidikan tinggi tersier Tapi Mau daftar jadi PNS minimal s1 Tapi Gaji guru ampas Bacot doang","1792053444800582077","","timpenguinnas","in","","0","0","0","https://x.com/PolCooNaiGulf/status/1792053444800582077","1374384406337482755","PolCooNaiGulf"
"1791820598068551976","Sun May 19 03:16:08 +0000 2024","0","@RagilSemar 1. Pinjol itu ranahnya pribadi emang kebutuhan si peminjam 2. Gen Z banyak yang nganggur karna terlalu banyak persyaratan ga masuk akal dari perusahaan juga ekpektasi gaji yg berlebihan","1792031457747317032","","RagilSemar","in","","0","0","0","https://x.com/0327ariesssss/status/1792031457747317032","1539928431865245696","0327ariesssss"
"1791665621819953158","Sun May 19 02:27:52 +0000 2024","1","@investorgabut Temen gw beberapa gen Z padahal gaji mereka di umur segitu lebih gede dari gw waktu itu. Jadi berbekal masa2 yg udah gw lewati gw banyak share ke mereka soal investment. Dan gak lupa menyentuh soal iman karena keberhasilan juga ada faktor dari Tuhan.","1792019309394563506","","investorgabut","in","ÜT: -7.2661505,112.7666694","0","0","0","https://x.com/akbarananda/status/1792019309394563506","74931792","akbarananda"
"1791496386497978615","Sun May 19 02:05:21 +0000 2024","0","@kegblgnunfaedh Saranku buat gen z : lamar kerja apa aja gak usah milih² gaji kecil dicoba aja dulu kalau udh punya pengalaman gaji bisa mengikuti. Kalau dirasa kerjaannya gak cocok yaudah resign lamar yg lain gitu terus sampe ketemu yang ok. Atau jualan aja tp mental hrs 10x lebih kuat","1792013643988754820","","kegblgnunfaedh","in","","0","1","0","https://x.com/leftandlifeu___/status/1792013643988754820","1597554231996600321","leftandlifeu___"
"1791479486766293133","Sun May 19 00:23:12 +0000 2024","6","@worksfess Tantangan memang yg kulihat Gen Z pengen kl kerja lsg gaji gede dan work life balance. Salah? Ya ga juga kan boleh2 aja nuntut haknya. Di sisi perusahaan pengen hire profesional dg skill macem2 tp upah rendah. Tp ya mereka berpikirnya profit apalagi era skr kan ekonomi lg","1791987938290794719","","worksfess","in","Sleman, DIY","0","0","3","https://x.com/FandomID_/status/1791987938290794719","1175357460468490251","FandomID_"
"1791898692792078410","Sat May 18 18:28:34 +0000 2024","0","emang bener ini gatau kenapa suka kesel kalo ada gen z yang ngeluh dapet gaji UMR (doang) mrk bilangnya. mksd gue as a fresh grad itu gpp bgt tau. under umr kalo masi make sense dan cukup jg menurut gue gpp bgt. at least we try dan ga diem aja gt loh","1791898692792078410","","","in","Indonesia","0","2","0","https://x.com/yaelahte/status/1791898692792078410","1724809112205266944","yaelahte"
"1791496386497978615","Sat May 18 18:20:51 +0000 2024","0","@kegblgnunfaedh mikir ga si udah lapangan kerja sempit kriterianya tingkat dewa tapi gaji miris. padahal gen z rata² kuliah ya ga sesuai lah dengan ilmu yg di dapet. nyalahin gen z mulu tai wkwk","1791896750162354456","","kegblgnunfaedh","in","","0","0","0","https://x.com/jootsuke/status/1791896750162354456","1641045593664688130","jootsuke"
"1791496386497978615","Sat May 18 15:51:04 +0000 2024","0","@kegblgnunfaedh Lapangan kerja non profesi itu BANYAK Gen Z aja yang pemilih pengen kerja ringan gaji besar ga mau melalui proses maunya instan. sekalinya kerja banyak ngeluh etos kerja buruk di bentak dikit langsung letoy kaya krupuk seblak.","1791859056652755362","","kegblgnunfaedh","in","indonesia","0","0","0","https://x.com/kholikekstrada/status/1791859056652755362","262982595","kholikekstrada"
"1791496386497978615","Sat May 18 15:45:39 +0000 2024","2","@koskosangalau @kegblgnunfaedh Gen Z disuruh kerja banyak ngeluh tapi pengen gaji gede ga bisa menikmati proses maunya instan syarat kerja mudah sekarepe dewek syarat kerja berkualitas pada protes","1791857693185204570","","koskosangalau","in","indonesia","0","0","0","https://x.com/kholikekstrada/status/1791857693185204570","262982595","kholikekstrada"
"1791644656159306033","Sat May 18 09:21:26 +0000 2024","2","@aik_arif lowongan pekerjaan butuh certain level of education tapi biaya pendidikan mahal kerjaan gk sebanding sama gaji biaya ke psikiater mahal + stigma mental health masih jelek disini fuckass goverment syarat batasan usia (did you know usia tertua gen z itu 27th).","1791761001324675376","","aik_arif","in","Chōmi Ichi","0","0","0","https://x.com/DufanNarukami_/status/1791761001324675376","963006884918652928","DufanNarukami_"
"1791689295314538614","Sat May 18 04:36:30 +0000 2024","8","KEBALIK! Gw kenal gen Z. Mereka ngerti jomplangnya harga pendidikan sulitnya dapet kerja dgn gaji yg sepadan dan mereka limbung krn ini shgg pada lari ke game online atau jadi content creator. Kesalahannya struktural dan terletak di pemerintahan. Jgn digaslight!","1791689295314538614","","","in","Palestine will be free","0","0","7","https://x.com/trickymindful/status/1791689295314538614","62229279","trickymindful"
"1791473975643779453","Sat May 18 04:12:30 +0000 2024","2","@LexWu_13 Jauh2 ke Gen z jutaan org kocar kacir kerja jd TKI BMI di luar udah sejak dulu Pemerintah tdk mampu membuka lapangan kerja atau paling tidak memudahkan swasta biar membuka lapangan pekerjaan.... Rata2 dari daerah yg PAD rendah APBD nya malah utk penyusutan gaji + operasional","1791683253298196846","","LexWu_13","in","","0","0","0","https://x.com/vernandozz/status/1791683253298196846","138631288","vernandozz"
"1791642953397797047","Sat May 18 01:32:21 +0000 2024","0","UKT MAHAL gen z salah CARI KERJA SULIT gen z salah GAJI UMR MENTOK gen z salah GEN Z MENGELUH Millenials n babybomers menyalahkan gen z. Tamat","1791642953397797047","","","in","Indonesia","0","0","0","https://x.com/Prassmf_/status/1791642953397797047","1156171431241064450","Prassmf_"
"1791496386497978615","Fri May 17 23:12:42 +0000 2024","9","@kegblgnunfaedh Sedikit pengalaman saat memperkerjakan gen Z 1. Takut ngomong sama orang 2. Takut dimarahin orang 3. Sudah dikasih pengarahan dan sop yang jelas tapi tetep aja gk bisa krn alesannya aku inj orangnya introvert 4. Butuh healing 5. Butuh aelf rewars 6. Nuntut gaji gede","1791607806874857650","","kegblgnunfaedh","in","","0","6","1","https://x.com/efun1999/status/1791607806874857650","2399819486","efun1999"
"1791496386497978615","Fri May 17 18:11:34 +0000 2024","0","@kegblgnunfaedh Sekolah dibilang ga passion kerja ngeluh gaji punya temen dibilang toxic punya pacar dibilang love bombing punya keluarga dibilang strict parents dikasih tau bebal ada gesekan dikit bilangnya ada trauma. TAU GAK 1 INDONESIA TRAUMA PUNYA GEN Z MAKANYA PADA SEBEL","1791532025524162768","","kegblgnunfaedh","in","YK","0","0","0","https://x.com/Van73X/status/1791532025524162768","1606234347753046016","Van73X"
"1791518085549297895","Fri May 17 17:16:14 +0000 2024","0","kalau sifat gen z yang maunya gaji diatas umk yang ditetapkan memang banyak dan itu teman saya saya 2024 terjun taxi online liat dilapangan juga yang banyak ngeluh yang tua2 kepala 3 dan 4 saya berangan narik jam 5 pagi pulang jam 8 malem","1791518098027434470","","eighxtyone","in","Kota Surabaya, Jawa Timur","0","1","0","https://x.com/eighxtyone/status/1791518098027434470","1156094291032203264","eighxtyone"
"1791404245469798700","Fri May 17 15:10:41 +0000 2024","0","@itsquaileggs Gen z itu dari sekolah biasa enak.. ga pernah masuk.. ga bisa baca.. nakal.. tetep nilai di atas kkm dan lulus (80-90).. hidup enak ga da beban un/belajar.. kerja favoritenya jadi kang parkir liar ( gaji gede + santai)..sekalinya jadi buruh yang gajinya cuma 8-15jt yah mana mau","1791486502914203835","","itsquaileggs","in","","0","0","0","https://x.com/prasetyasuputra/status/1791486502914203835","1774783596982857728","prasetyasuputra"
"1791475890226119090","Fri May 17 14:40:21 +0000 2024","0","@worksfess tenang pak gak bakal jeblok saya gen z kerja lho gaji umr","1791478870870475014","","worksfess","in","","0","0","0","https://x.com/inianggrai/status/1791478870870475014","747798327048044544","inianggrai"
"1791466976331935771","Fri May 17 13:53:05 +0000 2024","0","saya sudah beberapa kali diskusi bahaya laten dunia konten kreator. bagaimana tidak lulusan kampus teknologi informasi gaji umr. konten kreator yang tak lulus sma bisa dapat ratusan juta per bulan. akibatnya gen Z males sekolah (berpikir). apalagi baca buku.","1791466976331935771","","","in","berhenti di kamu (?)","1","0","0","https://x.com/dwipayuda/status/1791466976331935771","153628179","dwipayuda"
"1791400898939568359","Fri May 17 11:58:37 +0000 2024","0","@ARSIPAJA sya kasih solusi Pak harusnya yg 10 jt itu diserap jadi ASN nya kemenkeu. si Gen Z punya gaji terus pendapatan pajaknya ngga jeblok","1791438170409799912","","ARSIPAJA","in","pesugihan online","0","0","0","https://x.com/dedol_dz/status/1791438170409799912","1472899509206208512","dedol_dz"
"1791407699013611659","Fri May 17 09:57:32 +0000 2024","0","Santo Suruh: Sebenernya pekerjaan banyak asal mau gak gengsi jangan terlalu milih2. Gen Z: sampe skrg belum kerja krn lapangan pekerjaan gak ada. Pnh melamar kerja minta gaji 10 juta gak dikasi.","1791407699013611659","","","in","","0","0","0","https://x.com/el_sulfat/status/1791407699013611659","125235427","el_sulfat"
"1791133222732181993","Fri May 17 07:52:15 +0000 2024","23","@geloraco Mau kerjaa ngapain nyari kerja aja susah banyak prusahaan gulung tikar Bukan gen z nya yg gk mau kerja Lapangan pekerjaannya ada kagak ?? Walaupun dah ada gaji nya sesuai kgak ??","1791376167188259263","","geloraco","in","","0","0","1","https://x.com/oreo_biskuitz/status/1791376167188259263","1652183115752943617","oreo_biskuitz"
"1791351716337897924","Fri May 17 06:15:05 +0000 2024","14","Jadi Gen Z dan Millennial muda tuh serba apes. Udah gaji pas-pasan biaya hidup semakin mahal terus disalahin ga pernah akan bisa punya rumah karena keseringan jajan es kopi susu. Ih padahal bukan itu akar masalahnya!","1791351716337897924","","","in","Baca 👉","0","1","3","https://x.com/jurno_id/status/1791351716337897924","1278195993796698112","jurno_id"
"1791055048832942587","Thu May 16 10:36:14 +0000 2024","2","Gue akan setuju students loan kalau setelah lulus dijamin dapet kerjaan gaji min. 10jt. Gausah ribut Gen Z minta gaji gede emang siapa yang mo bayar utangnya kalo gaji mepet UMR?","1791055048832942587","","","in","","0","1","1","https://x.com/antropolohis/status/1791055048832942587","97671645","antropolohis"
"1790919876527464892","Thu May 16 01:39:06 +0000 2024","0","- Sebagian Gen Z di kantor itu problematik / playing victim - WFA lebih baik dari WFO krn untuk efisiensi waktu kerja dan waktu lainnya - Sebagian pekerja ada yg makan gaji buta - Dll","1790919876527464892","","","in","Galaxy Nebula M78 ","0","0","0","https://x.com/axelovers125/status/1790919876527464892","1249232872902291459","axelovers125"
"1790905302403223707","Thu May 16 00:41:12 +0000 2024","1","menunggu teman2ku yg baik dan sukses itu mjd capres/cagub next periode yh agar supaya gaji min 10 mio AAMIIN ((re:inilah waktumu gen z)) https://t.co/SodjvDITzP","1790905302403223707","https://pbs.twimg.com/media/GNqS4cBaEAAM_08.jpg","","in","","0","0","0","https://x.com/_951230k/status/1790905302403223707","230108950","_951230k"
"1790717985398886532","Wed May 15 23:08:38 +0000 2024","5","@Strategi_Bisnis Yang miris itu justru Gen Z yg sudah kuliah mahal-mahal pas nyari kerja pakai Ijazah SMA dg gaji kecil Kok Pakai Ijazah SMA? Mereka jawab ; Bersaing dengan ijazah Sarjana syulit nyari kerja ","1790882010627715286","","Strategi_Bisnis","in","indonesia","0","0","2","https://x.com/harjonoabi/status/1790882010627715286","231327294","harjonoabi"
"1790753797784088832","Wed May 15 14:39:10 +0000 2024","0","Tapi dengan gaji dan fasilitas setinggi itu. Itu kerjaan impian gen Z sekarang. Clingak-clinguk bayaran.","1790753797784088832","","","in","Jawa Tengah, Indonesia","0","0","0","https://x.com/dimassuryo/status/1790753797784088832","48627340","dimassuryo"
"1790568312273076555","Wed May 15 03:19:24 +0000 2024","0","@orenjiket kebiasaan gen z mungkin .gak semua genz tapi hampir semua gen z.kalu bisa lgsg up gaji 2 digit gak mau cape cape dg proses","1790582729211593072","","orenjiket","in","","0","2","0","https://x.com/doncrypt1/status/1790582729211593072","1453930469779595271","doncrypt1"
"1790530053484499174","Wed May 15 00:42:18 +0000 2024","0","@max_netizen @tanyakanrl klo memang menurut guru menjaga gen z itu berat dan gasesuai gaji mereka. ya ditiadakan aja acara study tour. toh yang bikin acara study tour juga pihak internal sekolah. klo emang gamau punya tanggungjawab lebih ya gausah ada study tour.","1790543191231574444","","duniauli","in","","0","1","0","https://x.com/duniauli/status/1790543191231574444","1527641812424200193","duniauli"
"1790530053484499174","Wed May 15 00:32:01 +0000 2024","0","@max_netizen @tanyakanrl duh klo mulai diadu sama gaji + jaga gen z keknya gamasuk klo ke ranah kecelakaan. kan ini poinnya ke cek armadanya sebelum jalan tugas panitia kan menjaga kelancaran acara cek armada detail budgeting dan keselamatan. poinnya ada di kelalaian/kecolongan sejak awal hmm","1790540606290452574","","max_netizen","in","","0","1","0","https://x.com/duniauli/status/1790540606290452574","1527641812424200193","duniauli"
"1790234290300862717","Tue May 14 04:14:50 +0000 2024","0","kalau ada gen z yang punya mental minimum effort dikantor dan hanya nunggu gaji yang rugi pasti gen Z itu sendiri. Banyak kantor skrg mencoba adaptasi untuk seopen akomodatif dan objektif itu kpd Gen Z dan kalau Gen Z sia2kan pasti ketinggalannn kereta..","1790234290300862717","","","in","indonesia-bintaro","0","0","0","https://x.com/nainggolanjo/status/1790234290300862717","708676484","nainggolanjo"
"1789486312019685854","Mon May 13 14:46:17 +0000 2024","0","@worksfess Info loker yg FG Gen Z bisa dpt gaji segitu https://t.co/PkDCkIoC31","1790030812781387890","","worksfess","in","Seoul, Republic of Korea","0","2","0","https://x.com/picutsss/status/1790030812781387890","1477689979400699904","picutsss"
"1790005589344403867","Mon May 13 13:06:03 +0000 2024","57","Millenials Gen Z Episode perdana podcast Generation Gap ngobrolin offering gaji fresh graduate yang gak masuk akal! Langsung dengerin cerita @roulihutahaean bareng @nadilawantari_ ini yaa: https://t.co/BGQE8ZO5M8 https://t.co/GteRs3oHnA","1790005589344403867","https://pbs.twimg.com/media/GNdglrRawAAk6za.jpg","","in","Indonesia","0","2","13","https://x.com/Box2boxID/status/1790005589344403867","939835083745255425","Box2boxID"
"1789809197800206366","Mon May 13 00:05:40 +0000 2024","1","gue bukan gen z tp kalo udh di luar kantor udh ga bisa dihubungi wkwk. klo mau gue ladenin di luar jam kantor gaji dlu 10 milyar.","1789809197800206366","","","in","","0","0","0","https://x.com/rubyroe_/status/1789809197800206366","1228469795382689793","rubyroe_"
"1789636449845035465","Sun May 12 16:45:06 +0000 2024","0","@topglobaledith @timothyronald22 Ya betul gaji 2 digit baru kebeli klu gen z paling mentok fresh graduated minimal pengalaman salary hanya UMR","1789698327459905664","","topglobaledith","in","","0","1","0","https://x.com/itzullll/status/1789698327459905664","1474389921196494848","itzullll"
"1789470602933555664","Sun May 12 01:40:13 +0000 2024","0","ga mau sama ratain kerja bareng gen z itu ga enak. tapi sepengalaman ku kerja bareng gen z emang ga enak sih wkwk. baperan banyak drama maunya kerja yg enak tapi gaji gede dapet hal yang susah dikit langsung ngeluh. hadehhhh mentalnya kurang digembleng.","1789470602933555664","","","in","Yogyakarta, Indonesia","0","1","0","https://x.com/nunahwansst/status/1789470602933555664","451883185","nunahwansst"
"1789442440342212858","Sat May 11 23:48:18 +0000 2024","0","Buat anak Gen Z kumpulkan uang sebanyak2nya hemat apapun yg bisa dihemat dan cari penghasilan tambahan diluar gaji. Jadilah karyawan dgn tampang paling kucel menu makan siang paling pelit dan outfit paling gembel di kantor. Trust me in 10 years you'll be proud of yourself.","1789442440342212858","","","in","","0","0","0","https://x.com/sopijooo/status/1789442440342212858","1784946946836180992","sopijooo"
"1789314202563494105","Sat May 11 15:18:44 +0000 2024","0","Di kantor gua sebelumnya kaya gini bahkan mantan bos pernah bilang yang tua biasanya kolot emang mayang nyaman setim sama yang tua dia anjir malah yg kolot! Bilang aja lu gamau kasih gaji yang tinggi! Maunya anak gen z lu kasih 2jt tapi udah seenak jidat nyuruh sana sini","1789314202563494105","","","in","DKI Jakarta, Indonesia","0","0","0","https://x.com/dlwlrma__Xborg/status/1789314202563494105","1262861847616606208","dlwlrma__Xborg"
"1788134812924166369","Wed May 08 09:12:15 +0000 2024","3","Gen- Z perlu mempersiapkan dengan segala keperluan pasaran kerja. Landskap pekerjaan memberi tekanan terutamanya isu gaji rendah dan keperluan kemahiran insaniah yang menjadi kayu ukur pengambilan pekerjaan. #JournExpose #DigitalJournalism #JRN500 #gajirendah @JRN500 https://t.co/f0WHyedFrZ","1788134812924166369","https://pbs.twimg.com/media/GNC7Hk2a8AA11lw.jpg","","in","","0","0","1","https://x.com/Mardelinaisme/status/1788134812924166369","1240564720651784194","Mardelinaisme"
"1788085619174060086","Wed May 08 05:56:47 +0000 2024","1","Gen Z susah beli rumah dibilang boros. Eh ada yg punya rumah dari uang pajak gaji Gen Z juga ","1788085619174060086","","","in","Tangerang, Banten","0","0","0","https://x.com/ajeng_ol/status/1788085619174060086","407562673","ajeng_ol"
"1787823482161787075","Tue May 07 12:35:08 +0000 2024","1","#ICYMI Milenial Gen Z lebih berani minta gaji tinggi Golongan itu juga tidak mahu kerja terlalu lama tidak takut dengan idea quiet quitting. https://t.co/pmauGEst0o","1787823482161787075","","","in","Malaysia","0","0","0","https://x.com/SinarOnline/status/1787823482161787075","331383958","SinarOnline"
"1787751259031896161","Tue May 07 07:48:09 +0000 2024","5","letak iklan jawatan kosong di facebook patut lah tak ramai yang mohon sebab lupa yang gen Z ramai berkumpul di X. sebenarnya kita ada satu jawatan kosong bahagian sales untuk di isi. gaji yang kita offer monthly RM2500 + commission.","1787751259031896161","","","in","Equine Park, Seri Kembangan.","0","1","0","https://x.com/izztrzl_/status/1787751259031896161","759315636610662400","izztrzl_"
"1787711124940759305","Tue May 07 05:08:40 +0000 2024","1","baru saja mengetahui gaya hidup anak gen Z agak miris sih gaji yang mostly UMR yah bisa sih di 5-6jt tapi buat jajan aja 4 juta sepertinya buat living cost gk di itung krna bareng sm ortu cm yaa sayang aja gilak hampir 80% gaji buat life style Dah parahnya bayar pake paylater","1787711124940759305","","","in","","0","0","0","https://x.com/hayretno/status/1787711124940759305","492933100","hayretno"
"1787651402912903252","Tue May 07 01:11:22 +0000 2024","0","Milenial Gen Z lebih berani minta gaji tinggi Golongan itu juga tidak mahu kerja terlalu lama tidak takut dengan idea quiet quitting. #SinarHarian #Milenial #GenZ #mahugajitinggi https://t.co/VE1dnVNEBt","1787651402912903252","","","in","Malaysia","0","0","0","https://x.com/SinarOnline/status/1787651402912903252","331383958","SinarOnline"
"1787098177755308411","Sun May 05 12:33:02 +0000 2024","264","sebagai gen Z yang barusan ngerantau aku jadi ada impian baru: punya rumah yg nyaman. biar punya space luas buat hobi privasi lebih terjaga &amp; ngerasa lebih aman untuk jangka panjangnya makanya tiap bulan aku usahain buat nabung min 25% dr gaji kadang sampe 60-70% income.","1787098177755308411","","","in","","3","1","35","https://x.com/elisabetguwanto/status/1787098177755308411","1227757053000601601","elisabetguwanto"
"1786964768076771809","Sun May 05 08:49:36 +0000 2024","0","@gastronusa Setuju sekali tidak semua tapi banyak Gen Z yg suka mengeluh dan tidak tahan banting . Dan gak heran utk masalah ini karena moral kerja keras sopan santun dan etika mereka di rusak ama gadget . Merka mau nya kerja nyantai gaji gede dan tidak mau kerja keras .","1787041946596442356","","gastronusa","in","Gunung Anyar, Indonesia","0","0","0","https://x.com/abriyx/status/1787041946596442356","1544945584725176321","abriyx"
"1786983378518175765","Sun May 05 04:56:52 +0000 2024","0","Buat anak Gen Z kumpulkan uang sebanyak2nya hemat apapun yg bisa dihemat dan cari penghasilan tambahan diluar gaji. Jadilah karyawan dgn tampang paling kucel menu makan siang paling pelit dan outfit paling gembel di kantor. Trust me in 10 years lo tetep gembel","1786983378518175765","","","in","","0","0","0","https://x.com/sebertarius/status/1786983378518175765","1916624515","sebertarius"
"1786977888308523346","Sun May 05 04:35:03 +0000 2024","1","Kalo mau tau kenapa Industri Aviasi gak maju ya check aja gaji engineernya wkwk lebih mahal tukang roti dengan millenial dan gen z sekarang no wonder kerja paling banter 2 tahun abis itu ya jadi abdi Mister aja ","1786977888308523346","","","in","","0","0","0","https://x.com/uphanjoel/status/1786977888308523346","1362809063650721793","uphanjoel"
"1786962275913605394","Sun May 05 03:33:01 +0000 2024","0","Buat anak Gen Z kumpulkan uang sebanyak2nya hemat apapun yg bisa dihemat dan cari penghasilan tambahan diluar gaji. Jadilah karyawan dgn tampang paling kucel menu makan siang paling pelit dan outfit paling gembel di kantor. Trust me in 10 years you'll be older and..","1786962275913605394","","","in","Kamar","0","0","0","https://x.com/juple_6/status/1786962275913605394","2401170608","juple_6"
"1786943726419632202","Sun May 05 02:19:18 +0000 2024","0","Buat anak Gen Z kumpulkan uang sebanyak2nya hemat apapun yg bisa dihemat dan cari penghasilan tambahan diluar gaji. Jadilah karyawan dgn tampang paling kucel menu makan siang paling pelit dan outfit paling gembel di kantor. Trust me in 10 years you'll die.","1786943726419632202","","","in","Es be ye","0","1","0","https://x.com/andree_enyadua/status/1786943726419632202","1505203487902093313","andree_enyadua"
"1786930854687908181","Sun May 05 01:28:09 +0000 2024","3","Buat anak Gen Z kumpulkan uang sebanyak2nya hemat apapun yg bisa dihemat dan cari penghasilan tambahan diluar gaji. Jadilah karyawan dgn tampang paling kucel menu makan siang paling pelit dan outfit paling gembel di kantor. Trust me in 10 years you'll be proud of yourself.","1786930854687908181","","","in","iyamrenzia@aol.com","0","0","0","https://x.com/iyamrenzia/status/1786930854687908181","48375865","iyamrenzia"
"1786927247632593134","Sun May 05 01:13:49 +0000 2024","0","Buat anak Gen Z kumpulkan uang sebanyak2nya hemat apapun yg bisa dihemat dan cari penghasilan tambahan diluar gaji. Jadilah karyawan dgn tampang paling kucel menu makan siang paling pelit dan outfit paling gembel di kantor. Trust me in 10 years kiamat","1786927247632593134","","","in","location anon","0","0","0","https://x.com/yuliatajagih/status/1786927247632593134","1586675011","yuliatajagih"
"1786833446054297840","Sat May 04 19:01:05 +0000 2024","0","Buat anak Gen Z kumpulkan uang sebanyak2nya hemat apapun yg bisa dihemat dan cari penghasilan tambahan diluar gaji pokok. Jadilah karyawan dgn tampang plg kucel menu makan siang paling pelit dan outfit paling gembel di kantor. Trust me deh in ten years you'll be older and","1786833446054297840","","","in","di bawah telapak kaki ibu","0","0","1","https://x.com/maulekcah/status/1786833446054297840","23188117","maulekcah"
"1786798341084627155","Sat May 04 16:41:36 +0000 2024","0","Gen z tuli (tuna rungu) tergantung bisa dapat duit buat healing rumah dan beli mobil dll semnungkin Tapi katamu gaji kecil sekali malah main sisa tidak cukup tabung yg banyak belum tentu suskes?","1786798341084627155","","","in","Indonesia","1","0","0","https://x.com/aicutecats/status/1786798341084627155","1559173478116274177","aicutecats"
"1786797080906027517","Sat May 04 16:36:35 +0000 2024","6","Buat anak Gen Z kumpulkan uang sebanyak2nya hemat apapun yg bisa dihemat dan cari penghasilan tambahan diluar gaji. Jadilah karyawan dgn tampang paling kucel menu makan siang paling pelit dan outfit paling gembel di kantor. Trust me in 10 yrs you'll still wait for final qing3","1786797080906027517","","","in","Radish Field","2","0","5","https://x.com/khns_/status/1786797080906027517","560370655","khns_"
"1786760746313076787","Sat May 04 14:12:12 +0000 2024","18","Kekurangan? More like oversupply dah. Yang kurang tu yang boleh ditekan2 bagi gaji macam operator kerja kilang. Memang baguslah Gen Z memilih untuk tak memilih STEM. Biar kitaran ni seimbang balik.","1786760746313076787","","","in","Melaka Mandate of Langkasuka
","0","0","5","https://x.com/sjfi_twider/status/1786760746313076787","1247462449722212358","sjfi_twider"
"1786726223844090256","Sat May 04 11:55:02 +0000 2024","14689","Buat anak Gen Z kumpulkan uang sebanyak2nya hemat apapun yg bisa dihemat dan cari penghasilan tambahan diluar gaji. Jadilah karyawan dgn tampang paling kucel menu makan siang paling pelit dan outfit paling gembel di kantor. Trust me in 10 years you'll be older and","1786726223844090256","","","in","Bandung, Jawa Barat","262","311","1906","https://x.com/0tk0il/status/1786726223844090256","312534295","0tk0il"
"1786682069739024529","Sat May 04 09:30:37 +0000 2024","4","@arjunaskykok tinggi. tinggi itu bener2 menyebalkan karena ttg fisik yg sukar diubah sedangkan maunya skrg yang 170++ gaji itu lifestyle sih dan bisa diusahakan semampu mungkin rasionya merata mungkin ras? saat2 ini jarang gen z jodoh ditentukan ras","1786689882536243418","","arjunaskykok","in","","0","1","0","https://x.com/mzulznz/status/1786689882536243418","2414259032","mzulznz"
"1786636114897604877","Sat May 04 05:56:58 +0000 2024","25","Buat anak Gen Z - Kumpulkan uang sebanyak-banyaknya - Cari income di luar gaji - Jadilah karyawan yg well dressed ngurus diri and smells good. - Makan dengan gizi yg cukup kurangin micin dan gula sebisa mungkin. - Olahraga rutin - Berhematlah dengan wajar dan bijak Trust me!","1786636114897604877","","","in","Bandung, Jawa Barat","0","1","1","https://x.com/papaojol/status/1786636114897604877","1088810501797163008","papaojol"
"1786367821368156427","Sat May 04 00:12:24 +0000 2024","0","@convomfs Lalu disekolah ketemu guru gen z yg krim menfess kemaren makan gaji negara tapi masih sering nyumpahin murid dn gk ada jiwa mengayomi nya. Ternyata benar kata gugem guru kebanyakan tidak diajarkan cara menjadi guru tpi mrk kebanyakan belajar administrasi. RIP bocah bangsa","1786549400791290037","","convomfs","in","","0","0","0","https://x.com/LebaranCeria/status/1786549400791290037","1533675932728274944","LebaranCeria"
"1786378798117933182","Fri May 03 12:54:29 +0000 2024","16057","Buat anak Gen Z kumpulkan uang sebanyak2nya hemat apapun yg bisa dihemat dan cari penghasilan tambahan diluar gaji. Jadilah karyawan dgn tampang paling kucel menu makan siang paling pelit dan outfit paling gembel di kantor. Trust me in 10 years you'll be proud of yourself.","1786378798117933182","","","in","her","1754","540","2567","https://x.com/GuarEmperor/status/1786378798117933182","1388477070523572227","GuarEmperor"
"1785883594805953000","Fri May 03 10:51:21 +0000 2024","0","@WIRA_SONIC @bahayabahadur @dhelsadell @yang_nanyak @txtdrorgmiskin Dek dekan banget lhoh pas aku nonton gaji rizki ","1786347810570534966","","WIRA_SONIC","in","","0","0","0","https://x.com/adamwildanf/status/1786347810570534966","1710460121908908033","adamwildanf"
"1785972667058934247","Thu May 02 10:12:18 +0000 2024","2","@ipb_menfess ya monopoli properti udah bikin kita (gen z) susah banget punya rumah. harusnya dengan gaji umr kita udah bisa ngeprovide segala kebutuhan seperti sandang pangan papan tapi ya nyatanya ngga akan gara-gara kelas atas yang monopoli properti dan juga lahan yang udh abis (di jawa)","1785975593814904956","","ipb_menfess","in","","0","0","0","https://x.com/notsosadboi/status/1785975593814904956","1134893253541617664","notsosadboi"
"1785870650793726120","Thu May 02 03:15:19 +0000 2024","0","Nahh berikut faktor faktor yang membuat Gen Z Resign dari tempat kerja nya. 'Of course bukan hanya tentang gaji tapi seperti yang kalian tau Gen Z itu melek dengan yang namanya Mental Health https://t.co/D9BgZ6ZBso","1785870659131974016","https://pbs.twimg.com/media/GMium8ea8AAYLFd.jpg","HrKelas","in","","0","1","0","https://x.com/HrKelas/status/1785870659131974016","1565947782241759232","HrKelas"
"1785614616330182897","Wed May 01 10:17:54 +0000 2024","1","Dunia tak betul purata harga rumah di KL RM 700 000 tapi purata gaji baru RM 3 500/month and RM42 000/year in KL crazy to think Gen Z takkan ada rumah","1785614616330182897","","","in","Malaysia","0","1","0","https://x.com/FrezAjiz/status/1785614616330182897","876091297664126976","FrezAjiz"
"1785502469486952516","Wed May 01 02:52:16 +0000 2024","11","Ini lumayan lho ada pembuka dan apa yang ingin dia lakukan tu jelas cuma ga rapih aja. Banyak yang lebih parah banyak. Tapi jangan sedih bukan cuma gen z kok. 10 taonan lalu ada aja manager BD gaji 30-40 jutaan tapi ga bisa bikin email ","1785502469486952516","","","in","the big durian","1","1","5","https://x.com/sicupuh/status/1785502469486952516","70292309","sicupuh"
"1785296592482034058","Tue Apr 30 13:14:11 +0000 2024","0","Jadi Gen Z tuh repot ya. Kerja totalitas dibayarnya seikhlasnya. Kerja sesuai sama bayaran dikritik katanya nggak punya inisiatif padahal masih muda. Makanya lu lu pada kalo pengen punya karyawan yang totalitas Kerja punya inisiatif bayar gaji yang bener anjerr.","1785296592482034058","","","in","Ujung Sumatera, Indonesia","0","0","0","https://x.com/aeshaya__/status/1785296592482034058","1282577444663222274","aeshaya__"
"1785252624843116648","Tue Apr 30 10:19:28 +0000 2024","0","To attract overseas workers people. Kek anak2 gen Z ga layak jadi pekerja di negerinya sendiri shg pada kabur ke LN jadi pekerja kasar yg digaji setara dgn gaji supervisor/manager kl di indonesia? Duh kasian ponakan2 gw ","1785252624843116648","","","in","","0","0","0","https://x.com/Bl3ss3dSoul/status/1785252624843116648","113093830","Bl3ss3dSoul"
"1785183344676004038","Tue Apr 30 05:44:11 +0000 2024","0","Kata bu manager hari ini anak gen z skrg kerja cuma buat flexing healing sm glowing gabutuh rumah gabutuh makan Maaf bu ga ada yg bisa di flexingin gaji juga umr","1785183344676004038","","","in","SOC","0","0","0","https://x.com/anggitatj/status/1785183344676004038","1305495148344737792","anggitatj"
"1785174158856618334","Tue Apr 30 05:08:49 +0000 2024","0","Gen z kepo bgt sm gaji &amp; bonus org hidup lu aja ga gue kepoin njir..bs hidup aja udah sukur","1785174447173120272","","darlinggrid","in","Lives in KEPOland country","0","0","0","https://x.com/darlinggrid/status/1785174447173120272","31963991","darlinggrid"
"1785145318616743999","Tue Apr 30 03:13:05 +0000 2024","28","Dari hasil survei The Institute of Chartered Accountants in England and Wales (ICAEW) 54% Gen Z sadar penting banget buat punya sertifikasi profesi buat bidang akuntansi Ini dia 8 jenis sertifikasi profesional bidang Akuntansi &amp; Finance yang bikin karir &amp; gaji kamu melejit https://t.co/1IcSHfZNi6","1785145318616743999","https://pbs.twimg.com/media/GMYcMvbawAAhWnP.jpg","","in","","2","1","7","https://x.com/myskill_id/status/1785145318616743999","1299606533764837383","myskill_id"
"1785005707743650026","Mon Apr 29 17:58:19 +0000 2024","0","Pasti akan ada balesannya. Minimal ilmu gak bermanfaat susah tolol Minus adab . Gini ya klakuan Gen Z. Entar di disiplinin guru eh malah gurunya yang kenak pidana udh gaji cuma 200rb. Gini amat yg katannya negara beradap jauh banget 380° #rusak #minusmoral https://t.co/DO1bPazcKH","1785005707743650026","https://pbs.twimg.com/ext_tw_video_thumb/1785004488224595970/pu/img/dLPV489RM979NXEW.jpg","","in","Jombang, Indonesia","0","0","0","https://x.com/kedairembukan/status/1785005707743650026","237736491","kedairembukan"
"1784873644281286953","Mon Apr 29 09:13:32 +0000 2024","0","salut bgt sm gen z jaman skg gaji dibawh 3 bisa berani ambil cicilan motor 1.5 jt","1784873644281286953","","","in","","0","0","0","https://x.com/wachitoorico_/status/1784873644281286953","1249294086089007104","wachitoorico_"
"1784863128246731015","Mon Apr 29 08:55:17 +0000 2024","0","@kcggendut99 @worksfess trs dikit2 dianggal toxic gtu2 deh makanya mereka males rekrut gen z apalagi fresh grad walaupun masala gaji bisa bgt di nego murah katanya yauda dri situ jg aku ga keterima alasannya karena aku freshgrad dan aku gen z pdhl blom coba kerja tp udh dikatain mental tempe","1784869051879293191","","moonlightmoney_","in","Bekasi, Jawa Barat","0","1","0","https://x.com/moonlightmoney_/status/1784869051879293191","1763991402814504960","moonlightmoney_"
"1784068461322494066","Mon Apr 29 01:48:20 +0000 2024","0","@madHink @beacukaiRI @DitjenPajakRI Spill dong gaji dan tukinnya. ","1784761606045589532","","madHink","in","Jakarta Capital Region, Indone","0","0","0","https://x.com/GenZCoy/status/1784761606045589532","1344764728619409408","GenZCoy"
"1784599534620016728","Sun Apr 28 15:04:19 +0000 2024","0","Untukmu kaum milenial dan gen z memang banyak shortcut untuk bisa dapat pendapatan jauh di atas gaji dan dengan tetap menggunakan cara legal (alias mendapat personal gain dgn instan). So just milk it while it lasts ","1784599534620016728","","","in","Gray Terminal","0","0","0","https://x.com/nassessary/status/1784599534620016728","46353908","nassessary"
"1784151532654739742","Sat Apr 27 09:24:07 +0000 2024","5","Rashford as Gen Z ya gaji dia berapa njir? ","1784151532654739742","","","in","Bekasi, Jawa Barat","0","0","2","https://x.com/zarryhendrik/status/1784151532654739742","54741308","zarryhendrik"
"1784013493475455147","Sat Apr 27 06:40:31 +0000 2024","0","@tanyakanrl Oiya sekarang jamannya perusahaan lebih pilih banyakin harian lepas karena apa? Undang2 yang baru. Gimana ya jelasinnya? Di tambah sekarang gen Z yang mulai banyak masuk dunia kerja yang capek dikit ngeluh kerjaan nambah dikit minta naik gaji. Maaf bgt tapi ini realita","1784110359437275416","","kokbisagitwo","in","Jawa Tengah, Indonesia","0","0","0","https://x.com/kokbisagitwo/status/1784110359437275416","1265111032814542853","kokbisagitwo"
"1783715771602129056","Fri Apr 26 04:32:34 +0000 2024","0","Buat kamu Millennials dan Gen Z yang menemukan akun ini Miniv mau ucapin congrats! Karena kamu punya cukup waktu untuk betulin keuangan kamu ke jalan yang benar. Swipe untuk simak tipsnya! #Keuangan #Finansial #Budgeting #Gaji #SehatFinansial #FinansialCheckUp https://t.co/B1bGmqdBOP","1783715771602129056","https://pbs.twimg.com/media/GMEICkda8AAB1Pu.jpg","","in","","0","0","0","https://x.com/invlinic/status/1783715771602129056","1775428358874255360","invlinic"
"1783557853640552790","Thu Apr 25 18:05:03 +0000 2024","0","Cari kerja susah kebutuhan makin mahal banyaknya minim gaji (dibawah UMR) generasi gen 'Z' tantangan hidupnya ko susah beut dah !","1783557853640552790","","","in","","0","0","0","https://x.com/rikiwijaya115/status/1783557853640552790","1781343681825648640","rikiwijaya115"
"1782619274198311161","Tue Apr 23 09:18:22 +0000 2024","17","@fmtoday pastu gaji 2.1k hahahahaha pastu bila employee burnt out kata gen z lemah LAHHH","1782700534107168918","","fmtoday","in","johor bahru","0","0","4","https://x.com/crpsdy/status/1782700534107168918","804115405358776320","crpsdy"
"1782674922780942473","Tue Apr 23 07:36:36 +0000 2024","1","panas nya harini. tau takpe. sebab tu m*za duduk je kat sini. *me in my heart* Ekau tuuu gaji lagi tinggi tau takkk?! patut nya kau yg kena kerja lebih. kena banyak jalan. eeei dasar berat montot! dasar gen z!","1782674922780942473","","","in","","0","0","0","https://x.com/sofiaja26361611/status/1782674922780942473","1010501578648793090","sofiaja26361611"
"1782339989470375995","Mon Apr 22 09:25:42 +0000 2024","0","Ketahanan konten gen z lagi lagi soal rumah. Ngontrak terus sampe pensiun karena biaya lebih murah udah tua bingung mau tinggal dimana mau ngontrak udah ga punya gaji bulanan. i learned a lot from orang2 dulu. Kalo ga punya warisan tempat tinggal dari ortu mending beli dah.","1782339989470375995","","","in","Nomaden","0","1","0","https://x.com/gdrmwn/status/1782339989470375995","76270426","gdrmwn"
"1781676647567204474","Sun Apr 21 09:14:47 +0000 2024","1","@heunoras 1st..kenapa nak suruh gov naikkan gji? IT'S YOU the one yang kena naikkan sendiri gaji tu.. Tambah skills tambah network etc. Gaji takes around 30-40% of company expenses. Raw materials akan naik juga bola gaji naik.. Dasar Gen Z ni lemah..","1781974855283581016","","heunoras","in","","1","0","0","https://x.com/mamathensem7828/status/1781974855283581016","1476947172109467649","mamathensem7828"
"1781628893038092607","Sat Apr 20 10:20:03 +0000 2024","0","BARUSAN SIMULASI INTERVIEW SAMA HRD GLAM + WKWKWKWKW di tanya emg gen z tuh kalo cari kerja maunya yg gimana sih yg gajinya gede️ emang buat apa gaji gede buat lifestyle lah ","1781628893038092607","","","in","","0","1","0","https://x.com/bintaaanglaaaut/status/1781628893038092607","1544533136872456193","bintaaanglaaaut"
"1781493241659244588","Sat Apr 20 06:07:15 +0000 2024","0","@ARSIPAJA Wajar banyak Gen Z kerja di luar Negeri daripada dalem Negeri yg gaji pas2an tapi minta spek yg luar biasa . Cuci piring di Australia aja kerja gaji $ 5000 dollar australia.","1781565271351992599","","ARSIPAJA","in","Indonesia","0","0","0","https://x.com/Johan_Vicx/status/1781565271351992599","73858763","Johan_Vicx"
"1781173996563947625","Sat Apr 20 01:09:22 +0000 2024","0","@5upportsystem Aku ex BA HR jaman perekrutan unit baru kami di Medan 2022 akhir rata² 80% Gen Z seperti itu. Apa lg Gen Z Medan. Pengalaman kerja di luar kota medan blm ada baru stuck 1 posisi selama 3 thn tiba² pas apply lgsg nanya gaji dan minta posisi tinggi. Tambah lg ettitude nya kacau.","1781490306971845106","","Sukaknetek","in","Kelantan, Malaysia","0","1","0","https://x.com/Sugar28895/status/1781490306971845106","1696107740001976320","Sugar28895"
"1780950820089192477","Thu Apr 18 15:20:34 +0000 2024","4","@glrhn Dear gen z tips sbelum nego gaji: research brp rerata gaji di sana dg posisi tsb. Ambil range ya jgn ksh angka pasti. Misal 8juta | : 7-10jutaan .","1780979741765574937","","glrhn","in","Berau, kaltim","1","0","0","https://x.com/BahruddinMuh/status/1780979741765574937","709933447","BahruddinMuh"
"1780934942622703622","Thu Apr 18 12:22:33 +0000 2024","0","Gaji 100jt ?? engga dong ini alasan Gen Z pada puas dengan pekerjaannya! https://t.co/wHA6ojmSrQ","1780934942622703622","","","in","Indonesia","0","0","0","https://x.com/GoodStatsid/status/1780934942622703622","1455891922300456968","GoodStatsid"
"1780874597556211877","Thu Apr 18 08:22:45 +0000 2024","1","ibu aku usia 20an tapi versi 2024 bakal jd tipe cewek independent kerja corporate gaji 2 digit seneng poundfit pilates jajan tas ngetrend. tp kalo ibu aku yg skrg tp ver. gen z keknya lbh ke mbak content creator ttg parenting religius fastabiqul khairat","1780874597556211877","","","in","","0","0","0","https://x.com/hereisannabae/status/1780874597556211877","1131409926415241217","hereisannabae"
"1780440209924178370","Wed Apr 17 03:36:39 +0000 2024","0","2.7k untuk lesen memandu? Harga lesen dah macam gaji dah. Mengarut betul la diorang ni. Lagi ramai la gen z takda lesen lepasni.","1780440209924178370","","","in","Malaysia","0","0","0","https://x.com/Damirza2/status/1780440209924178370","989494646312132608","Damirza2"
"1779825409766670726","Tue Apr 16 09:39:34 +0000 2024","0","@worksfess Waktu itu sempet offer gen z tapi minta keduanya Minta gaji gede dan WLB jg","1780169151946129514","","worksfess","in","Jakarta, Indonesia","0","0","0","https://x.com/bukankamudandia/status/1780169151946129514","1303519646","bukankamudandia"
"1779825409766670726","Tue Apr 16 04:46:34 +0000 2024","0","@worksfess wlb khusus buat gen z yg keluarganya old money kalo masih miskin gausah ngurusin mental. fokus kerja aja udh toh gaji gede jg elu2 ini yg seneng.","1780095414521540843","","worksfess","in","nnti aku shareloc","0","0","0","https://x.com/arieftgh/status/1780095414521540843","499779637","arieftgh"
"1780067396419735928","Tue Apr 16 02:55:14 +0000 2024","0","Unpopular opinion: Gaji benefit dan segala perks kerja zaman skrg (gen z) itu jauhhh lebih baik dibanding zaman boomers. Orang dulu gak ada yg kena mental illness? Dulu blm ada sosmed org sakit ya dirasain sendiri. Skrg juga brp % yg sakitnya itu self diagnosed? ","1780067396419735928","","","in","","0","0","0","https://x.com/anonyach/status/1780067396419735928","1642882908","anonyach"
"1779825409766670726","Tue Apr 16 02:00:22 +0000 2024","0","@worksfess Kalo di kantorku sih malah gen Z nya yg perhitungan banget masalah gaji. Gaji segini nggak mau segitu nggak mau. Justru millenials yg lebih berani ambil resiko dan mentingin work life balance. Kerja wes trabas ae lah pokoknya","1780053592227152271","","worksfess","in","","0","0","0","https://x.com/bananasplit789/status/1780053592227152271","576023909","bananasplit789"
"1779825409766670726","Tue Apr 16 01:36:32 +0000 2024","0","@worksfess jgnkan gen z milenial jg. ya gaji emang segitu2 aja soalnya tambah ksini. klo gk work life balance uda mah gaji cuma segitu trus idup sakit2an mati muda? banyak jg sih. dgn work life balance aja idupnya masih kyk zombie rarely enjoy the moment pula.","1780047593122513305","","worksfess","in","","0","0","0","https://x.com/ancientchenle/status/1780047593122513305","733897085406175233","ancientchenle"
"1779825409766670726","Mon Apr 15 21:46:15 +0000 2024","0","@worksfess Yha tentu lah kan jaman sekarang gaji gen z tu setidaknya 20juta sebulan","1779989639174234520","","worksfess","in","","0","0","0","https://x.com/mertakanda/status/1779989639174234520","1877387485","mertakanda"
"1779825409766670726","Mon Apr 15 14:30:19 +0000 2024","0","@worksfess w gen z tapi ttp milih gaji gede","1779879934242259275","","worksfess","in","","0","0","0","https://x.com/strwbrryssundae/status/1779879934242259275","1299721719737769985","strwbrryssundae"
"1779825409766670726","Mon Apr 15 14:24:00 +0000 2024","0","@worksfess Gw gen z tapi gaji ttep no.1 no.2 jarak no.3 baru wlb","1779878343829336157","","worksfess","in","𝑀𝓎 𝐻𝑜𝓂𝑒🥂","0","0","0","https://x.com/Myownhearttt/status/1779878343829336157","1293638158794387456","Myownhearttt"
"1779872390090223621","Mon Apr 15 14:00:20 +0000 2024","0","ga sampe mentingin drpd gaji sih tp kyk work life balance se penting ituu!! jgn maksa gen z buat hidup untuk kerja doang https://t.co/CoefjuIwPm","1779872390090223621","https://pbs.twimg.com/media/GLNgfSQbgAAVXHY.jpg","","in","","0","0","0","https://x.com/pillowluvv/status/1779872390090223621","1486805137","pillowluvv"
"1779825409766670726","Mon Apr 15 13:28:20 +0000 2024","0","@worksfess wajar tapi aku perbatasan gen z milih gaji gede ","1779864336280031435","","worksfess","in","Kota Surabaya, Jawa Timur","0","0","0","https://x.com/eighxtyone/status/1779864336280031435","1156094291032203264","eighxtyone"
"1779825409766670726","Mon Apr 15 13:23:12 +0000 2024","0","@worksfess Gua gen z tapi mentingin gaji ah. Apa itu work life balance","1779863044597989798","","worksfess","in","","0","0","0","https://x.com/ibnucssc19/status/1779863044597989798","736289749","ibnucssc19"
"1779825409766670726","Mon Apr 15 12:53:46 +0000 2024","0","@worksfess Ga berlaku utk smua Gen Z gue Gen Z ttep mentingin gaji lah","1779855637721305474","","worksfess","in","","0","0","0","https://x.com/quezeart/status/1779855637721305474","320201622","quezeart"
"1779853828516630528","Mon Apr 15 12:46:35 +0000 2024","0","tai gaji juga ga gede gede amat kesyan gen z sebenernya woy. gaji kecil tekanan kerja gede stress gede biaya hidup juga gede","1779853828516630528","","","in","🌻","0","1","0","https://x.com/jixeps/status/1779853828516630528","2499135342","jixeps"
"1779851850868818299","Mon Apr 15 12:38:43 +0000 2024","0","yh gen z yg lahir dri keluarga cemara menengah keatas tanpa tanggungan yh ngapain cri gaji gede y kan mnding cari pcar ","1779851850868818299","","","in","id/eng/日本語OK","0","0","0","https://x.com/jjongbaren/status/1779851850868818299","1290270763564457984","jjongbaren"
"1779595837976563739","Mon Apr 15 12:24:19 +0000 2024","1","@mkbijaksana Emang se salah itu kah gen z mas? Saya sendiri termasuk gen z desember 22 saya resign karena kerjaan ga manusiawi secara gaji minim tapi jam kerja tinggi. Singkat cerita diajakin temen buat nguli online lagi di crypto startnya januari 23. Disini saya survive dengan temen maen","1779848224666526018","","mkbijaksana","in","","0","0","0","https://x.com/Swotniel/status/1779848224666526018","867769920054054914","Swotniel"
"1779825409766670726","Mon Apr 15 11:57:51 +0000 2024","0","@worksfess ngga aku gen z mandang gaji maaf mental health ku terobati klo punya duit","1779841565906882586","","worksfess","in","slow reader ʕ•ᴥ•ʔ — infj-t 🩰","0","0","0","https://x.com/issapages/status/1779841565906882586","1549057890576924672","issapages"
"1779825409766670726","Mon Apr 15 11:29:27 +0000 2024","4","@worksfess Gen z awal dulu pas awal masuk dunia kerja sempat lebih milih gaji. Ngejar gaji sampai burnout.. Duit yang dikejar habis buat staycation karena jenuh sama kerjaan. Sekarang kalau disuruh milih lebih milih wlb. Manage gaji sesuai kebutuhan. Dikit gpp pntg cukup tenang bahagia","1779834418968080789","","worksfess","in","Jawa Tengah, Indonesia","0","0","0","https://x.com/asrfa_/status/1779834418968080789","2717567555","asrfa_"
"1779825409766670726","Mon Apr 15 11:15:12 +0000 2024","0","@worksfess ga juga gue gen z tapi gen mentingin gaji wkwk selain itu gue emang gila kerja sih","1779830831768572250","","worksfess","in","","0","0","0","https://x.com/clamaraaa/status/1779830831768572250","1759114448076419072","clamaraaa"
"1779825409766670726","Mon Apr 15 11:10:41 +0000 2024","0","@worksfess Sebagai gen z kalo kerja dimarah2in mulu tapi gaji 100jt sih ayo aja","1779829692826296604","","worksfess","in","","0","0","0","https://x.com/feblistiawan/status/1779829692826296604","1090109720516427776","feblistiawan"
"1779825409766670726","Mon Apr 15 11:04:26 +0000 2024","0","@worksfess Mental health penting sih tapi buat gen Z yang merangkap jadi sandwich kayak gue tentu lebih milih gaji gede","1779828119861698757","","worksfess","in","","0","0","0","https://x.com/rexyaxa/status/1779828119861698757","1617442576386379776","rexyaxa"
"1779825409766670726","Mon Apr 15 11:01:25 +0000 2024","1","@worksfess as gen z jujur iya. kerjaan sebelumnya gaji gede bonus gede tp cm libur sehari. blm ngadepin manusia nyebelin tiap saat coba bertahan tp ujungnya ga kuat &amp; sadar obat gue harganya setengah gaji gue yg gede Itu wkwk disitu udh nyerah cari job baru yg sedikit lebih tenang","1779827363381121435","","worksfess","in","still PCD since Polaris in JKT","0","0","0","https://x.com/dongpyourlove/status/1779827363381121435","1215100329085157376","dongpyourlove"
"1779825409766670726","Mon Apr 15 11:00:07 +0000 2024","20","@worksfess Tapi ga semua gen z milih wlb biasanya ada juga yang milih gaji semua tergantung ama tanggung jawab ma kebutuhan aja. Kalok tanggungan banyak butuh uang banyak yaudah mentingin gaji persetan dengan WLB. Kalok lagi ga ada tanggungan apaa2 yaudah mentingin WLB. Pokok kerja","1779827033738191336","","worksfess","in","Karawang, Jawa Barat","0","0","1","https://x.com/baksotelurrrrrr/status/1779827033738191336","1709837805403418624","baksotelurrrrrr"
"1779825409766670726","Mon Apr 15 10:58:09 +0000 2024","0","@worksfess Bagus sebenrnya. Tp tolong gen z sadar njink duit lu juga dikit jadi gausah ngeluh ngeluh keuangan. Kerja sesuai dengan yg lu lakuin. Mau gaji gede dibarengin work life balance tempatnya bukan di indonesia ","1779826541251510401","","worksfess","in","","0","0","0","https://x.com/sulthonmys/status/1779826541251510401","1223983909530038272","sulthonmys"
"1779825409766670726","Mon Apr 15 10:55:27 +0000 2024","0","@worksfess masalahnya gen z tipis2 sadar gaji gede pun sulit untuk beli2 barang wah kaya seniornya dulu","1779825861501579289","","worksfess","in","","0","0","0","https://x.com/miewonton/status/1779825861501579289","1515659066886209536","miewonton"
"1779825409766670726","Mon Apr 15 10:55:10 +0000 2024","20","@worksfess Gue gen z tp menurut gw mental lebih penting dr pada gaji terserah mau disebut lembek atau gmna wkwk","1779825790445932583","","worksfess","in","","0","1","0","https://x.com/genzyai/status/1779825790445932583","1753714023303127040","genzyai"
"1779825409766670726","Mon Apr 15 10:53:39 +0000 2024","3485","wrk! Wajar aja sih gen z milih WLB ketimbang gaji soalnya mereka melek sm kesehatan mental jd gak liat gaji gede doang Beda sm zamannya milenial/boomer yg bahasan soal kesehatan mental dianggap tabu https://t.co/rNUnlPAXt9","1779825409766670726","https://pbs.twimg.com/media/GLM1xkTbwAA6Gck.jpg","","in","","322","387","265","https://x.com/worksfess/status/1779825409766670726","1244597361826885636","worksfess"
"1779520608197644723","Mon Apr 15 08:17:55 +0000 2024","2","@kegblgnunfaedh gen z: di romantisasi pdhl mah ini nunjukin kalo taraf kehidupan perekonomian masy. indo susah naiknya. yg dulu kismin sampe skrng jg msh kismin walopun bekerja yg kdng dgn kerja keras tanpa diberi imbalan dgn gaji yg setimpal... imho","1779786217359638746","","kegblgnunfaedh","in","Yogyakarta, Indonesia","0","1","0","https://x.com/siswatersesat/status/1779786217359638746","771045426","siswatersesat"
"1779505261780385839","Sun Apr 14 13:41:30 +0000 2024","0","Nasib punya ART Gen Z.. Kerja santai gaji standard. Sebelum mudik lebaran ditanya mudik berapa lama ngomong seminggu. Eh hari H seharusnya uda balik mau WA malah diblok! Etikanya di mana? Kalau mmg gak niat balik ya ngomong dari awal lah biar bisa cari yg lain! #dramaART","1779505261780385839","","","in","East Java, Indonesia","0","0","0","https://x.com/lazyfatmommy/status/1779505261780385839","60244087","lazyfatmommy"
"1779318947667726503","Sun Apr 14 01:21:09 +0000 2024","8","Belum sempat pulkam gaji belum UMR abis patah hati dapet wapres model Gibran eh udah mau WW III aja. Gini amat jadi gen Z.","1779318947667726503","","","in","","0","1","0","https://x.com/literatoer/status/1779318947667726503","2215154222","literatoer"
"1779156488092840373","Sat Apr 13 14:53:01 +0000 2024","0","@UNSfess_ ginjal kau kl ngomong enak sekali..... gw udah merantau di ibukota dari 14th yg lalu. Bela-belain kuliah ambil kelas karyawan. smpe sekarang gaji blm nyenggol 2 digit. gen Z kalo berhayal sangat renyah dan crispy sekaliii....","1779160869362164198","","UNSfess_","in","indonesia","0","1","0","https://x.com/Ancha7foldism/status/1779160869362164198","461334110","Ancha7foldism"
"1779011787888984538","Sat Apr 13 05:07:19 +0000 2024","2","breadwinner medioker gen Z tua &amp; sandwich juga dek perjalanan masih jauh bgt... kl waktu msh kuliah ngandelin duit bidikmisi doang gak ada yg kerja adek gue byk dibantu tetangga buat ongkos nya bawa gorengan ke kampus emg org ga semua punya gaji tp pasti punya rejeki ","1779013475890815256","","ochdn","in","Jakarta","0","2","0","https://x.com/ochdn/status/1779013475890815256","343897648","ochdn"
"1778921618880053591","Sat Apr 13 04:56:20 +0000 2024","2","@tanyakanrl yah tandanya Gen Z udh aware karena nikah itu MAHAL harga tempat tinggal juga MAHAL kebutuhan pokok MAHAL semua serba MAHAL buat apa cepet² nikah kalau serba MAHAL tapi gaji naik tiap taun ga nyampe 20% . Doain aja deh semoga 5 tahun kedepan ada rezekinya buat nikah ","1779010712335233529","","tanyakanrl","in","","0","0","0","https://x.com/wipilarpa/status/1779010712335233529","1024610447847116802","wipilarpa"
"1778610591697174596","Fri Apr 12 10:23:03 +0000 2024","3","@FelixSGL1 @stravenues @theidweltall Kalo aku sebagai gen z dan dapat gaji belasan juta pengennya sih bisa nyicil apartemen di tengah kota yg terkoneksi transum untuk mobilitas tapi setelah melihat cicilan per bulan dan membandingkannya dengan gajiku skrg yah sepertinya hal itu bakal tetap jadi impian aja wkwkwk https://t.co/AdYq58XrbN","1778730543590568282","https://pbs.twimg.com/media/GK9R_7zagAAJyDG.jpg","FelixSGL1","in","","0","2","0","https://x.com/eeenie_meeenie/status/1778730543590568282","1145702931863261184","eeenie_meeenie"
"1778489678498574358","Thu Apr 11 18:25:56 +0000 2024","0","Kita sebenernya ga usah ngerasa terlalu dystopia sama negara krn sesama rakyat (terutama milenial dan gen Z) kita ngerti gaji kita ga sepadan sama harga² properti dan pajak dimintain saat kita pake asuransi kantor. Ngerti ini bareng² aja bagus. Ini baseline dari pemberontakan.","1778489678498574358","","","in","Palestine will be free","0","1","0","https://x.com/trickymindful/status/1778489678498574358","62229279","trickymindful"
"1778411325393383640","Thu Apr 11 13:14:35 +0000 2024","0","Hallo semuanya Saya sedang membuat artikel jurnal yang berjudul Pengaruh Harga Rumah 1.5 Miliar Terhadap Gaji Gen Z Yang Cuma UMR Pengisian kuesioner ini ga lama kok bentar saja https://t.co/daE9dRhlFD","1778411325393383640","","","in","marketing/tech","0","0","0","https://x.com/WhySooSeriously/status/1778411325393383640","612311372","WhySooSeriously"
"1778382260145938607","Thu Apr 11 11:19:06 +0000 2024","1","Beberapa Gen Z pas nego gaji pemgennya setara top performer tapi pas di kasih Tanggung Jawab yang sesuai Requirement aja langsung bawa bawa mental health.","1778382260145938607","","","in","彼女の心のエリナ","0","1","0","https://x.com/chaniaago/status/1778382260145938607","57843594","chaniaago"
"1778301788921405482","Thu Apr 11 05:59:20 +0000 2024","0","Mari kita bikin bingung gen z","1778301788921405482","","","in","","0","0","0","https://x.com/satriyaaazzz/status/1778301788921405482","1105961855023898625","satriyaaazzz"
"1777557219317583925","Tue Apr 09 04:40:41 +0000 2024","21","Gw tuh keukeuh bahwa milenial dan gen z yang dicitrakan media cuma segelintir banyak yang underprivileged. Gaji UMR commute berjam-jam. Gw menolak merendahkan mereka dgn bikin konten yg gak ada isinya. Udah underpriviledge masih direndahkan dengan konten recehan.","1777557219317583925","","","in","Jakarta Capital Region","0","0","7","https://x.com/AnggaPutraF/status/1777557219317583925","98275340","AnggaPutraF"
"1777241914573824018","Tue Apr 09 01:05:53 +0000 2024","2","@okcompawter Coba ngobrol sama Gen Z. Mereka ekspektasi gajinya tinggi banget. Krn udh biasa dpt jajan gede &amp; dimanja ortu. Denger orang dpt gaji 6-8juta aja mereka kaget2. Kok kecil bgt Pas kerja mental tempe. Kerjaannya dikoreksi H-2 deadline lgsg shock patah semangat ga mau ngerjain lagi","1777503162716606797","","okcompawter","in","","0","0","0","https://x.com/pemantautemlen1/status/1777503162716606797","1157951469674364930","pemantautemlen1"
"1777345562930708565","Mon Apr 08 23:11:16 +0000 2024","2","@chitattoo_ itu yg terjadi ama ipar gue kekuh ngangur sampe dpt kerjaan dan gaji yg sesuai padahal udh gue kerahin kekuatan koneksi si ku buat bantu malah saya yg jadi malu sendiri karena mereka nolak udh minta tolong temen giliran di kasih nolak udh cukup sampe di sini bantuin gen z","1777474321222348909","","chitattoo_","in","Surakarta, Jawa Tengah","0","0","0","https://x.com/winacandra11/status/1777474321222348909","1475271062426464264","winacandra11"
"1777377916256702745","Mon Apr 08 17:09:21 +0000 2024","4","Gen z juga potret di media kurang lebih sama tech savvy pekerja kreatif kerja di startup gaji besar. Tapi lagi-lagi datanya bilang begini: https://t.co/2oqdDEXazQ","1777383241739293130","https://pbs.twimg.com/media/GKqIo3_aUAEbTfF.jpg","bfndrk","in","jakarta","0","0","10","https://x.com/bfndrk/status/1777383241739293130","78238549","bfndrk"
"1776771129023385609","Sun Apr 07 09:39:19 +0000 2024","0","@octoowell16 @Hanif_AF @worksfess Buset standarisasi hidup dijkt berapa emng kak? Aku Kerja dijkt gaji 6jt msh bsa nabung 2jt/bulan kak. Yang mahal itu Biaya Media sosial Gen Z Sama biaya Kalau kita HEDON.","1776907599197204681","","octoowell16","in","Seoul, Republic of Korea","0","1","0","https://x.com/LEECHIKO2/status/1776907599197204681","1124171261947535361","LEECHIKO2"
"1776819455068455080","Sun Apr 07 04:18:06 +0000 2024","0","@firdaxnita @sunmoyedeul @tanyakanrl gen z banyak plusnya jg gak melulu minus. kreatif tumbuh sama teknologi cepat adaptasi dll. makanya banyak yg merasa dirinya kompeten dan merasa layak untuk dapat gaji yg sesuai kompetensi dia","1776826762653299063","","ackerrmiez","in","","0","0","0","https://x.com/ackerrmiez/status/1776826762653299063","1258361111612514305","ackerrmiez"
"1776594632924655835","Sat Apr 06 12:55:58 +0000 2024","0","4.5 Think Long Term 6 - Mau kenaikan gaji berapa persen? mau di role apa? Penting tau tujuan karir kedepannya seperti apa untuk plan finansial dan di perusahaan apa","1776594700608111067","","arfianamaulinaa","in","Jakarta","0","1","0","https://x.com/arfianamaulinaa/status/1776594700608111067","1093748394042875904","arfianamaulinaa"
"1776594632924655835","Sat Apr 06 12:55:54 +0000 2024","0","TIPS GAJI MAGANG 4 Think Long Term - Setelah magang goals apa? FTE? S2? Misalnya aku mau FTE &amp; S2 jadi aku set budgeting. Investasi di Skill Development &amp; Learning!","1776594680827744618","","arfianamaulinaa","in","Jakarta","0","1","0","https://x.com/arfianamaulinaa/status/1776594680827744618","1093748394042875904","arfianamaulinaa"
"1776594632924655835","Sat Apr 06 12:55:47 +0000 2024","0","TIPS GAJI MAGANG 3 Risk &amp; Retirement Plan Sebagai anak magang beberapa benefit mungkin beda dengan FTE Misalnya: - Asuransi - Pensiun - dan benefit lainnya Tapi kita bisa curi start untuk diri kita di masa depan","1776594654101725619","","arfianamaulinaa","in","Jakarta","0","1","0","https://x.com/arfianamaulinaa/status/1776594654101725619","1093748394042875904","arfianamaulinaa"
"1776594632924655835","Sat Apr 06 12:55:46 +0000 2024","0","TIPS GAJI MAGANG 2 Smart Budgeting Buat budgeting dengan mempertimbangkan beberapa aspek. Misalnya aku pakai: - Bank yang ada Kantong buat pemisahan - Bank yang bunga tinggi untuk short-term return - Platform Investasi untuk lomg-term return","1776594650591006874","","arfianamaulinaa","in","Jakarta","0","1","0","https://x.com/arfianamaulinaa/status/1776594650591006874","1093748394042875904","arfianamaulinaa"
"1776594632924655835","Sat Apr 06 12:55:46 +0000 2024","0","TIPS GAJI MAGANG 1 Analyze Analisa kebutuhan hidup dan buat kategori Primer Sekunder Tersier. Contoh: Transport Rumah (PDAM PLN Perabot dll) Budget Makan Pajak Asuransi Tabungan Investasi Bayar Hutang Buat kategori prioritas di Sheets!","1776594647361462362","","arfianamaulinaa","in","Jakarta","0","1","1","https://x.com/arfianamaulinaa/status/1776594647361462362","1093748394042875904","arfianamaulinaa"
"1776594632924655835","Sat Apr 06 12:55:42 +0000 2024","9","GAJIAN MAGANG BERKAH DI USIA 20 BISA KURBAN SENDIRI DAN KASIH ORANG TUA ️ Aku mau share beberapa tips jaga gaji magang biar sustain sampai hari tua https://t.co/Df7bLsKUMp","1776594632924655835","https://pbs.twimg.com/media/GKe7ZfBaMAA64_s.jpg","","in","Jakarta","0","1","3","https://x.com/arfianamaulinaa/status/1776594632924655835","1093748394042875904","arfianamaulinaa"
"1776508775601729871","Sat Apr 06 07:14:32 +0000 2024","0","inilah yg aku bilang kasian guru2 dari anaknya anak2 millenial sm gen z soalnya namanya susah2 bgt cok pls naikin gaji guru kasian ngabsen aja harus konsentrasi penuh","1776508775601729871","","","in","West Java, Indonesia","0","1","0","https://x.com/hxaveniall/status/1776508775601729871","311361056","hxaveniall"
"1776330107927630018","Fri Apr 05 19:31:36 +0000 2024","0","Aku gpp banget. Tentu tidak akan menjatuhkan mimpi gen z ini. Mungkin mereka punya koneksi yang satsetwatwet gaji auto 20jt. Privilege anak fh kampus itu ye kaaan. Terlihat jelasss aku bukan circle mereka para gen z fh kampus itu. Awkwkwk","1776331874987917707","","adellptri","in","","0","1","0","https://x.com/adellptri/status/1776331874987917707","1676581045","adellptri"
"1776330107927630018","Fri Apr 05 19:28:05 +0000 2024","0","Anak gen z di kampusnya juga berekspektasi gaji fresh grad minim 20jt (kerja minim gaji maksim) ngekos di benhil gaji pertama buat ortu dan gaji kedua mereka belikan goyard atau barang mahal tanda achievement mereka. Include adek akuuuh wkwkwk","1776330992367944052","","adellptri","in","","0","2","0","https://x.com/adellptri/status/1776330992367944052","1676581045","adellptri"
"1776252325637804232","Fri Apr 05 14:15:30 +0000 2024","0","&gt;Binatang korporat diperkosa bos tiap hari montang manting naik KRL demi gaji seperak: Siap pak bu laksanakan bu &gt;Binatang korporat ketika ngeliat gen Z songong gamau kerja Wah stroberi goblok anak mami papi gua blacklist lo monyet ","1776252325637804232","","","in","","0","0","0","https://x.com/bloody_caltrop/status/1776252325637804232","1630876390362087426","bloody_caltrop"
"1776079987428168059","Fri Apr 05 02:50:42 +0000 2024","2","terkesan nyantai. jadi... gen Z jangan manja! maunya gaji gede kena tekanan dikit langsung resign ‍","1776079989110382862","","worksfess","in","","0","0","0","https://x.com/worksfess/status/1776079989110382862","1244597361826885636","worksfess"
"1775955921975558552","Thu Apr 04 18:37:42 +0000 2024","1","saran buat gen z dn gen seterusnya yg pgn jadi pns: jgn lupa cari sampingan jg ya. lu ga bisa andelin gaji pns lu yg ga seberapa itu kecuali lu klmpk pns kyk rafael alun dn setarany","1775955921975558552","","","in","","0","0","0","https://x.com/palemtiga/status/1775955921975558552","1281591959140757505","palemtiga"
"1775834851733799177","Thu Apr 04 10:42:06 +0000 2024","0","Saya juga bayar pajak btw! Gaji lu ada andil pajak gue! Tp bisa kan baik2 sedikit pda orang tua? Bapak saya kena musibah. Kata gen Z mentalnya lagi down. Dulu loh bapak saya gagah. PINTAR! Bisa mencerdaskan anak-anak. Ngajarin anak kelas1 calistung.","1775836235384414551","","yuniss22","in","","0","1","0","https://x.com/yuniss22/status/1775836235384414551","747119448075681792","yuniss22"
"1775690730436280575","Thu Apr 04 09:55:26 +0000 2024","1","@ardisatriawan Knp ya bsa beda ... Dulu waktu slesai SMA ortu ngk mampu biayain kuliah yg terpikir ya harus kerja. Alhamdulillah dari hasil kerjaan hidup ngirit malah bsa skolah sendiri . Apa karena gen z shg kesannya spt gara2 gaji ortu","1775824490724741212","","ardisatriawan","in","DKI Jakarta, Indonesia","0","0","0","https://x.com/muhrosyid01/status/1775824490724741212","511367888","muhrosyid01"
"1775792811700629775","Thu Apr 04 07:49:33 +0000 2024","0","5 Karier yang Diminati Millenial dan Gen Z Gaji Hingga Dua Digit https://t.co/eBh3IKaGA6","1775792811700629775","","","in","","0","0","1","https://x.com/IDNTimesLife/status/1775792811700629775","1616334886759174144","IDNTimesLife"
"1775750379432775701","Thu Apr 04 05:17:45 +0000 2024","0","@dobbyjaehyuk aku ada jumpa gen z yg racist staff withmuu kat myeongdong mmg aku jeling baliklah dia ko tu pekerja gaji pun dapat sbb aku beli album tpi alhamdulillah lps tu dh xde cuma yg blur2 ada lah sbb aku tnya in english","1775754608817959086","","dobbyjaehyuk","in","","0","1","0","https://x.com/quokkari_sells/status/1775754608817959086","1467713117555625985","quokkari_sells"
"1775365799961837725","Thu Apr 04 02:03:56 +0000 2024","23","@oxscarletxo Gen z tuh unik apalagi udh gen z sekaligus Fg hasilnya : 1. Baru dua bulan kerja minta naik gaji 2. Kerja sambil main PUBG 3. Baru 3 hari kerja orderan customer di malingin 4. Sidejob dibawa kekerjaan dengan alesan kalo sampe rumah udah capek 5. Bulan pertama 5 hari Mangkir","1775705834452078687","","oxscarletxo","in","DKI Jakarta, Indonesia","1","1","1","https://x.com/sakukusut/status/1775705834452078687","315700933","sakukusut"
"1775689756980195551","Thu Apr 04 01:00:03 +0000 2024","0","Tapi gen Z ini emang agak lain pernah ada anak baru gen Z belum seminggu masuk udah disuruh mengundurkan diri aja. 1. Boong masalah kesehatan 2. Boong soal alasan gak masuk kerja 3. Belum apa2 udah ngepoin nominal gaji senior2nya","1775689756980195551","","","in","","0","1","0","https://x.com/r_keyl/status/1775689756980195551","959801629238153217","r_keyl"
"1775016901011472442","Tue Apr 02 23:18:37 +0000 2024","0","@najwawok Begitulah ye gen z ni diorg nak gaji lebih tapi kerja xnak buat pastu asyik merungut gaji sikit gaji sikit. Ehhhhh geram!","1775301844266582492","","najwawok","in","Jangan Sibuk","0","0","0","https://x.com/pajelin87/status/1775301844266582492","239770790","pajelin87"
"1775101016234394097","Tue Apr 02 11:23:32 +0000 2024","0","@mr_nobodylove pernah baca juga di cnbc kalau beberapa tahun kedepan Gen Z mulai susah buat dapet rumah karna harga dimukanya ga masuk di kantong gaji mereka :(","1775121886562922754","","mochiessuns","in","","0","1","0","https://x.com/mochiessuns/status/1775121886562922754","1531696288068083713","mochiessuns"
"1775094282967462333","Tue Apr 02 09:57:39 +0000 2024","0","@hiroeshy Gen Z emang banyak maunya kerja santai gaji gede ","1775100271770874147","","hiroeshy","in","Deket Landasan Pesawat","0","1","0","https://x.com/nasrullah_near/status/1775100271770874147","50279644","nasrullah_near"
"1775055676575830300","Tue Apr 02 09:23:30 +0000 2024","2","@hanmula mending gen z fresh grad apa mending millenial experienced tapi lewat 35? taro lah keduanya ga keberatan dengan posisi gaji jobdesk dll. anggap aja lagi covid dua duanya nyari kerja.","1775091678048858410","","hanmula","in","","0","2","1","https://x.com/da_bloz/status/1775091678048858410","59497595","da_bloz"
"1775043063083340205","Tue Apr 02 06:10:19 +0000 2024","0","penasaran kalo ngandelin gaji doang gen z bisa beli rumah di jkt gak ya","1775043063083340205","","","in","","0","1","0","https://x.com/hategovernmen/status/1775043063083340205","1228011023501672448","hategovernmen"
"1774821381710193089","Mon Apr 01 23:45:16 +0000 2024","0","@worksfess Nih aku gaji 4juta udah 3 tahun belum sampai 50 :( maklum gen z hwhw","1774946162833060269","","worksfess","in","","0","0","0","https://x.com/xoxoeeya/status/1774946162833060269","1265180666032881664","xoxoeeya"
"1774620813473505523","Mon Apr 01 13:53:27 +0000 2024","0","@worksfess Kalo lu masih muda orientasi lu cuma uang!! Ga udah mikir mental health taik kyk gen Z yg lain!! Nanti lu akan nikmatin hasilnya setelah pindah dan naik ke level managerial gaji gede kerjaan anak buah lo yg ngerjain ","1774797225006354599","","worksfess","in","","0","0","0","https://x.com/ALDBRN78/status/1774797225006354599","1654654677861158915","ALDBRN78"
"1774728889698492427","Mon Apr 01 09:21:54 +0000 2024","4","mari kita bingungkan gen Z -kerja 1 tempat gaji sedikit diatas UMR udah bisa beli rumah","1774728889698492427","","","in","","0","1","0","https://x.com/ardi_tama1/status/1774728889698492427","382641814","ardi_tama1"
"1774436962256167029","Sun Mar 31 14:01:53 +0000 2024","17","10% 2 tahun mantap Buat boomer sukses mantap buat gen Z dan gaji UMR kudu banyak bersyukur ala mid curve https://t.co/8KYwWBsVor","1774436962256167029","https://pbs.twimg.com/media/GKARAnKaUAEXK-9.jpg","","in","Jakarta","1","4","4","https://x.com/lucaxyzz/status/1774436962256167029","255809652","lucaxyzz"
"1774329035813961875","Sun Mar 31 07:48:31 +0000 2024","1","@worksfess Gaji segitu kerja apaan sih? Umur berapa? Atau kerja di luar negeri? Kalo gaji segitu diindo pasti levelnya udah manajer bahkan lebih tp kok nanya ginian di mf? Kek tdk mencerminkan individu yg layak digaji 40 jt. Loh piye nder? Ngarang pamer atau opo?","1774343000845697387","","worksfess","in","","0","1","0","https://x.com/HumanGenZ/status/1774343000845697387","1356123041432932354","HumanGenZ"
"1774017512214344056","Sat Mar 30 10:15:09 +0000 2024","1","gomen tgk gen z skrg ni basic 1.5K pun boleh beli barang lavish lagi cemana la nak naikkan demand gaji tu lolll ","1774017512214344056","","","in","","0","0","0","https://x.com/ainaiskndar/status/1774017512214344056","451605923","ainaiskndar"
"1773587166548959335","Fri Mar 29 11:57:57 +0000 2024","0","@hoteliercrypto bli saya lahir '93 termasuk gen Z gak? gaji UMR belum punya rumah sendiri alias ngontrak.","1773680994643521848","","hoteliercrypto","in","di hati yang terdalam","0","0","0","https://x.com/peternakambing9/status/1773680994643521848","1667981456990408704","peternakambing9"
"1773587166548959335","Fri Mar 29 05:45:17 +0000 2024","24","Jadi budak budak corporate. Gaji UMR suruh nyicil rumah 25 tahun. Gen z lihat apa yg ada dipikirannya? Percuma sy kerja keras sekolah tinggi tinggi gaji segini sedang yg mengabdi saja masih UMR daripada syga punya duit mending saya staycation. Jadi jangan salahkan Gen Z","1773587212594041057","","hoteliercrypto","in","Bali, Indonesia","0","3","1","https://x.com/hoteliercrypto/status/1773587212594041057","1527128825901228032","hoteliercrypto"
"1773367814205616486","Thu Mar 28 18:10:21 +0000 2024","0","@rudiansyahf24 @mdaffaalfaathir @Aldhe_Anz Hidup dari penonton secara langsung bukan sebagai gaji expert sebagai pundit. Sekarang coba km tanya org sekitar km yg umuran 20an keatas lah lebih tau koch atau siapapun deh streamer terkenal dikalangan gen z","1773412327737692245","","rudiansyahf24","in","bdg","0","4","0","https://x.com/kamil5b/status/1773412327737692245","1618004550019067904","kamil5b"
"1773307270027251848","Thu Mar 28 17:03:34 +0000 2024","0","@worksfess aku pernah gaji 2jt kebeli laptop baru nder dan masih bisa nabung 30% juga sm ngurus kucing banyak kuncinya bukan gen z","1773395518707896629","","worksfess","in","","0","0","0","https://x.com/sadtournews/status/1773395518707896629","1240955224480608256","sadtournews"
"1773341826344177899","Thu Mar 28 13:30:13 +0000 2024","0","masih edisi gen z jd ceritanya ni anak masuk kantor gw as a freelance. nasib baik keterima krn doi ga pernah kerja trs doi ngedumel gaji nya lama krn payroll tiap tgl 28 udah mana ga bersyukur padahal ga kerja tapi ttp digaji. ya allah ada apa dengan gen z ","1773341826344177899","","","in","","0","0","0","https://x.com/blamesociethic/status/1773341826344177899","1326716655242637315","blamesociethic"
"1773315319743881627","Thu Mar 28 11:44:53 +0000 2024","8","paling mls klo ngasi info loker trs blm apa udh nanya gaji ini itu dan rewel. emg gen Z tu penawarannya gaada tp udh demanding bgt.","1773315319743881627","","","in","Hollywood, FL","0","4","0","https://x.com/hotsummerxnite/status/1773315319743881627","538012711","hotsummerxnite"
"1772784001876623598","Thu Mar 28 08:17:22 +0000 2024","28","@1Obefiend kat tempat kerja pun ade orang mcmni sbb budak budak gen z ni cakap gaji sikit weh. terus kena ceramah dgn si terpaling org lama tu aku sentap dan tk pernah ckp langsung pasal ni dah. elect tech 5years experience gaji tk smpai 2k. buat loan kereta pun kena pakai 2 nama bro","1773263094807957912","","1Obefiend","in","shah alam","0","1","4","https://x.com/shuzzzz_/status/1773263094807957912","1101090166083481600","shuzzzz_"
"1773253607535554652","Thu Mar 28 07:39:40 +0000 2024","0","Aku dulu pun gaji 1100 but i dont want the new generation dapat amaun yang sama. Kos sara hidup makin meningkat diknon.. hang ni jenih yang 30 tahun kedepan nanti dok aku dulu gaji 1100 cam bangang. Go Gen Z! Fight for your right!","1773253607535554652","","","in","","0","0","0","https://x.com/nadyerrrr/status/1773253607535554652","1349506630103154688","nadyerrrr"
"1772784001876623598","Wed Mar 27 23:37:54 +0000 2024","0","@hg_cangkul Terpaling aku dulu . Hang nk hidup susah sorg2 p mampoih la kat hang. Realitynya gaji skrg mmg underpaid. Workload mcm lembu. Btw aku bukan gen Z aku dah kerja more than 10 years tp aku phm je apa yg budak tu keluhkan. do not compare 1.1k zaman kau dgn 1.6k zaman skrg. bodo.","1773132368573780316","","hg_cangkul","in","Kuala Lumpur","0","0","0","https://x.com/NoeEisha/status/1773132368573780316","990834795931299840","NoeEisha"
"1772989548517031966","Wed Mar 27 22:44:32 +0000 2024","1","@localrkyt Tabah lah rakan gen z ku Kita kena standby graduate pikul hutang dengan gaji yg tak naik2 tapi harga makanan dan barang2 semua naik mendadak dan mustahil boleh turun","1773118938529804741","","localrkyt","in","","0","0","0","https://x.com/darimi_hasif/status/1773118938529804741","1381958708637278214","darimi_hasif"
"1772927133620289987","Wed Mar 27 10:06:54 +0000 2024","0","Generasi lemah mokluu aku fresh grad diploma CS pun ada few company offer aku jadi developer range gaji dalam 3-4k ni bukan soal gen z lemah tapi majikan kedekut wkwkwk","1772928274215145743","","aimanwuzgut","in","Kuala Lumpur 🇲🇾 ","0","0","0","https://x.com/aimanwuzgut/status/1772928274215145743","807095704296427520","aimanwuzgut"
"1772900285737816564","Wed Mar 27 08:15:41 +0000 2024","113","Naikkan lah gaji. Apa function board itu ini kalau tak boleh nak regulate gaji. Melabun gen z tak minat stem itu ini. Siapa minat kerja jadi babu. Nak meluah kat medsos nampak colleague kerja GLC gaji 3-4 kali ganda dari orang yang kerja SME dan MNC. Terus rasa down. Fak.","1772900285737816564","","","in","","1","2","136","https://x.com/padeli_/status/1772900285737816564","761564972400844800","padeli_"
"1772878007599800638","Wed Mar 27 06:47:10 +0000 2024","0","Dulu gaji bonus thr itu rahasia. Kalo nanyain bisa dibilang ga sopan. Sekarang tanpa ditanya orang udah flexing sendiri. Ga heran millenial dan gen z tuntutannya tinggi. Padahal belum tentu yang dipamer-pamerin itu real.","1772878007599800638","","","in","","0","2","0","https://x.com/sampurno999/status/1772878007599800638","281799413","sampurno999"
"1772447342509080580","Tue Mar 26 02:25:51 +0000 2024","0","@ARSIPAJA Pengusaha kayu Aset tak bergerak harga naik Gaji &amp; tunjangan presiden","1772449857980039618","","ARSIPAJA","in","","0","0","0","https://x.com/txtdarigenzee/status/1772449857980039618","1692710410733113344","txtdarigenzee"
"1772250270673838269","Mon Mar 25 19:01:47 +0000 2024","19","@worksfess asah skill wajib tp ayoo kita bersyukur jugaaa dan ga usah banding bandingin weh cape timing lingkungan step semua org beda beda. ayoo terus upgrade tp ayo ttp waras jugaaaa yaa. sbgi anak gen z yg baru mau lulus kadang tergesa gesa klo bacain reply worksfess yg bahas gaji","1772338104617287711","","steffygurls","in","","0","1","2","https://x.com/steffygurls/status/1772338104617287711","1281528258136166405","steffygurls"
"1772305091669770511","Mon Mar 25 16:50:36 +0000 2024","0","ternyata gen Z itu suka sekali sharing semuanya yah bahkan termasuk gaji mereka kepada satu sama lainnya.","1772305091669770511","","","in","","0","0","0","https://x.com/cumidarat1605/status/1772305091669770511","1710261540270874624","cumidarat1605"
"1772251550364168448","Mon Mar 25 13:17:51 +0000 2024","0","menfess isinya flaxing gaji semuaaa wkwkw dasar gen z","1772251550364168448","","","in","Bekashit","0","0","0","https://x.com/sayapaddle/status/1772251550364168448","1131058463847534592","sayapaddle"
"1771940725795758302","Sun Mar 24 16:42:44 +0000 2024","5","emoji menghindari typing om-om -&gt; (emoji gen z gaji umr) (menyala) (lucu gak lucu tambahin emot nangis) (nyindir orang di timlin)","1771940725795758302","","","in","🌱🪼 rower","0","0","0","https://x.com/theblueslope/status/1771940725795758302","957950605539950593","theblueslope"
"1771197469424009703","Fri Mar 22 15:54:53 +0000 2024","0","@PeachesMinty Mereka harus melakukan PHK besar-besaran dan merekrut karyawan dari Indonesian Gen Z yang sudah terbukti kinerjanya meskipun gaji dibawah UMR.","1771203908896965050","","PeachesMinty","in","","1","0","0","https://x.com/Waaawwww_/status/1771203908896965050","1708742146042609664","Waaawwww_"
"1770873634225115547","Thu Mar 21 18:02:30 +0000 2024","0","Gaji lambat lagi dah sesak sangat ni. Jadinya masjid hopping paused kejap kita gi masjid nilai impian je hari hari haha. Nak dekat lagi masjid nilai tapinya iftar dia dalam talam pastu rakyat jelata gen z tak mingle pulak haha. Sis pishank haritu habiskan nasi berdua je 1 talam","1770873634225115547","","","in","Multimedia Uni (MMU),Cyberjaya","0","0","0","https://x.com/EyenaMellowD/status/1770873634225115547","1119807644","EyenaMellowD"
"1770800875864199606","Thu Mar 21 14:25:09 +0000 2024","2","@collegemenfess Dr awal munculnya ni kurikulum/program Kampus merdeka gw udh g stuju dlu hmpir ada diskusi ini d tema tugasku syg covid gw menilai ini jd celah perusahaan bisa nge gaji kecil jd akan d buka kbnyakan magang bukan buat loker kerja tp gen z pd ska pncitrannya nadiem si","1770818938420552023","","collegemenfess","in","","0","1","0","https://x.com/cakrawalasenj4/status/1770818938420552023","3370001104","cakrawalasenj4"
"1770657860810113165","Thu Mar 21 03:45:05 +0000 2024","3","Kenapa Gen Z dan Milenial Tak Beli Rumah? Karena Memang Tak Bisa. Gaji Sekecil Itu Berkelahi dengan Bunga KPR ya Rungkad! #TerminalMojok https://t.co/eMa4vYoIpl","1770657860810113165","","","in","redaksi@mojok.co","0","1","2","https://x.com/mojokdotco/status/1770657860810113165","2388795571","mojokdotco"
"1770413729353760950","Wed Mar 20 11:35:00 +0000 2024","5","Wrk! Kerja nonstop 11-12 jam per hari sampe kos tetep lanjut tugas kantor 1-2 jam tapi gaji jauh under UMR tuh wajar kan ya punya keinginan resign? Sender bukan gen Z yang lebay kan ya? aku butuh validasi thx ","1770413729353760950","","","in","","0","18","1","https://x.com/worksfess/status/1770413729353760950","1244597361826885636","worksfess"
"1770280244492251517","Wed Mar 20 02:57:47 +0000 2024","2","@MrOngDedy Karena ngeliat dari story/cerita orang kalau di AUS/tempat lain enak gaji dan hidupnya dan semua ditanggung bla bla bla etc. Apalagi gen Z gini banyak banget yang gitu pdhl gk mikir jg gk segampang itu juga.","1770283569820430399","","MrOngDedy","in","","0","2","1","https://x.com/VandredG/status/1770283569820430399","1611257425130311680","VandredG"
"1769972690155090137","Tue Mar 19 06:22:28 +0000 2024","5"," Mau nanya nih buat kalian Gen Z misal kalian punya gaji umr (sekitaran 3 5- 4 5 jt) bakal kalian nabung dulu biar ke kumpul banyak terus beli rumah atau langsung ngambil cicilan rumah?","1769972690155090137","","","in","Indonesia","0","20","1","https://x.com/tanyakanrl/status/1769972690155090137","1331650559518990336","tanyakanrl"
"1769898709008224307","Tue Mar 19 01:28:30 +0000 2024","1","Pagi pagi ngeliat konten tiktok gen z yg ngeluh kalo gaji dia ga sepadan sama uang jajan yg dikasi bonyok nya sambil nyemangatin para gen z lain nya dari alphard. Siap.","1769898709008224307","","","in","Winterfell ","0","2","0","https://x.com/dapzle/status/1769898709008224307","925814260596326400","dapzle"
"1769712421957201929","Mon Mar 18 13:08:15 +0000 2024","5","milenial dan gen Z susah beli rumah bukan karena : - terlalu boros kopi latte - terlalu boros liburan ke bali - terlalu boros nongkrong di mall tapi karena : - harga rumah terlalu mahal - gaji pekerjaan terlalu kecil","1769712421957201929","","","in","Jakarta","0","0","6","https://x.com/ko2w/status/1769712421957201929","200144577","ko2w"
"1769603227480436757","Mon Mar 18 05:54:21 +0000 2024","0","Awas nanti kena semprot gen Z Hidup cuma sekali gaji gak seberapa apa-apa gak kebeli mendingan foya-foya aja nikmatin hidup. Padahal hidup aja ada masa tuanya masa gak bisa gantungin pendapatan ke uang pensiunan Semuanya harus diatur dari semenjak muda rajin nabung","1769603227480436757","","","in","Indonesien","0","1","0","https://x.com/nanutraweuy/status/1769603227480436757","1090264118173491200","nanutraweuy"
"1769537369974390901","Mon Mar 18 01:32:40 +0000 2024","0","Boomer coli ego dilampiasin ke blue collar worker gaji umr yang probably cuma nganter makanan doang. Terus yang viralize content sampe menjatuhkan org perasaan dr kemaren milenial deh udh puluhan tahun di bidang masak masak dan udh retire knp gen z yg disalahin","1769537369974390901","","","in","","0","0","0","https://x.com/lattedefined/status/1769537369974390901","1541768302774497280","lattedefined"
"1769385427373629822","Sun Mar 17 15:29:09 +0000 2024","0","hope it helps ya guys kalo mau ada masukan or else juga gapapa.... soalnya gen Z akan susah kerja (keliatannya) dg standarisasi yg makin tinggi gaji makin turun dan pajak serta harga pangan yg makin naik","1769385490673963023","","destpair","in","Serenia-aYeesha","0","1","0","https://x.com/destpair/status/1769385490673963023","1399227594604617731","destpair"
"1769228680885391783","Sun Mar 17 05:18:55 +0000 2024","11","@leerihati @wongaaaaaaaa sama kak pdhl 3jt setara UMR ga sih? gaji seminggu lg knp pd blg ini itu gtau deh standar gaji mrk brp pdhl klo blom punya tanggungan 3jt lumayan banyak ga sii??? sbg gen z aku klo tinggal di jkt mau bgt kerjaan kayaginii","1769231921681420765","","leerihati","in","wakanda","0","1","0","https://x.com/Haruyya_/status/1769231921681420765","1539284094177071104","Haruyya_"
"1769197396297461951","Sun Mar 17 05:18:02 +0000 2024","3","Alokasi sumber dananya dari mana buat belanja itu semua? Gen Z lebih bergantung pada tabungan untuk belanja kebutuhan Ramadan dan Idulfitri. Kalau Milenial lebih mengandalkan gaji serta THR. https://t.co/jOgirUQsqa","1769231699798589535","https://pbs.twimg.com/media/GI2ROtjbEAA0q9S.jpg","TirtoID","in","Indonesia","0","1","0","https://x.com/TirtoID/status/1769231699798589535","4187275698","TirtoID"
"1768994203600871871","Sat Mar 16 13:34:19 +0000 2024","42","euy ADUH EUY KUMAHA CARANA GEN Z BISA BELI RUMAH YA ALLAH RUMAH MAHAL GAJI NAIK NA SAETIK SAETIK WAE BAYANGKEUN IMAH LAYAK 200JT-2M GAJI UMR KAB. BANDUNG AMPUNNN","1768994203600871871","","","in","Bandung, Jawa Barat","3","39","9","https://x.com/BaseBDG/status/1768994203600871871","1248335621988311041","BaseBDG"
"1768916334707179523","Sat Mar 16 08:24:53 +0000 2024","0","Gen Z itu mintanya hunian murah unitnya bagus dekat tempat kerja gaji gede setiap hari ngopi. #ngimpi","1768916334707179523","","","in","Jakarta","0","0","0","https://x.com/MHilmi_Setiawan/status/1768916334707179523","232546110","MHilmi_Setiawan"
"1768700916419748300","Sat Mar 16 06:00:50 +0000 2024","0","@user120987655 S1 under 25 S2 under 28 gaji dua digit sblm 30 freedom financial under 50","1768880083144749097","","user120987655","in","Sidoarjo, Indonesia","0","0","0","https://x.com/AnnisaTaurusMei/status/1768880083144749097","1730964273986461696","AnnisaTaurusMei"
"1767880682226008306","Fri Mar 15 07:27:52 +0000 2024","3","@bangroee Bisaan banget buat narik gen z tertarik jadi guru wkwk jgn mau adik² kalian harus jadi honor dulu minimal 2 taun baru bisa P3K karna guru udah ga ada PNS itupun lu selama honor besok gaji dari dana BOS dana BOS nya udh dipotong buat makan gratis adik² ","1768539596714070035","","bangroee","in","Lauterbrunnen, Swiss","0","0","1","https://x.com/RaisFr25/status/1768539596714070035","717921008997388288","RaisFr25"
"1768183321916485820","Fri Mar 15 02:48:46 +0000 2024","1","@meinmokhtar Not sure lah aku ni gen z ke idok tapi aku ada juga officemate sebaya yang perangai gini ya. Serba serbi tak tahu kena diajar padahal gaji sama. Stress ya dibuatnya.","1768469358777610244","","meinmokhtar","in","","0","0","0","https://x.com/urghwell/status/1768469358777610244","1529451396961308672","urghwell"
"1768110299931132119","Thu Mar 14 13:51:20 +0000 2024","1","@ardisatriawan Kan bisa kpr om...klo gen z msh bisa lah dpt rumah dipinggiran jkt yg harganya 300-400jt-an. Walau gaji kecil tenornya bisa panjang. Yg susah tu kyk saya mau gaji dua digit jg bank males acc...alasannya klasik: kepentok umur ","1768273711080333518","","ardisatriawan","in","","0","1","0","https://x.com/Vand0e/status/1768273711080333518","111027398","Vand0e"
"1768141883363217425","Thu Mar 14 05:07:30 +0000 2024","1","Gapapa... Untuk gen z dan milenial silahkan nikmatin aja gaji UMR kalian untuk nongki nongki.. untuk rumah dan properti biar gw yg borong ","1768141883363217425","","","in","Narashino-shi, Chiba","0","0","0","https://x.com/MashiroJunalx/status/1768141883363217425","1323781702011899904","MashiroJunalx"
"1768119941507747900","Thu Mar 14 03:40:18 +0000 2024","0","Boomer2 aja ngasih gaji ke Gen Z dengan upah yg ga layak ","1768119941507747900","","","in","Semarang, Jawa Tengah","0","0","0","https://x.com/xurfavclown/status/1768119941507747900","1125024998689632256","xurfavclown"
"1768097442975932778","Thu Mar 14 02:10:54 +0000 2024","0","Goreng terus. Boro-boro Gen Z ini Gen Millennial gaji UMK kerja jam 8 - 5 sore Mau freelance kalau terlalu push biaya kesehatan mahal. Udah di bela-belain nongkrong pakek kopi sachetan tetep aja kagak kebeli. Udah suruh mikir nikah nanggung hidup anak orang lagi.","1768097442975932778","","","in","indonesia","0","0","0","https://x.com/fathulmunir50/status/1768097442975932778","2949956047","fathulmunir50"
"1767802478311928165","Thu Mar 14 02:07:26 +0000 2024","0","@ardisatriawan Cuma gen z yang berani nembus zona nyaman lagian punya rumah tapi rumah langganan banjir buat apa kalo rumah untuk turunan apa iya rumahnya bakal sesuai kedepannya (strategis aman bencana dll) toh sama sama dibebankan gaji satunya dibebankan untuk permanen satunya sementara","1768096570405540317","","ardisatriawan","in","🔥","0","1","0","https://x.com/oldnewbuddy/status/1768096570405540317","3160994970","oldnewbuddy"
"1768050183060029442","Wed Mar 13 23:09:01 +0000 2024","0","Kalo mau single house yg bagus dan strategis ada tapi harga ga ngotak di atas 600 jutaan. Minimal gaji rata-rata gen z dinaikin dulu dah. Ayo jadikan tempat tinggal di apartment itu sebagai sebuah life style baru! Selama ini kita anggep apartment antara buat yang kaya dan +","1768051667856240943","","froxrhapsody","in","He/Him","0","1","0","https://x.com/froxrhapsody/status/1768051667856240943","1058352164605579266","froxrhapsody"
"1767821852305764566","Wed Mar 13 16:10:48 +0000 2024","9","@ardisatriawan Taun 2009 gaji 4jt harga rumah 150jt. Karyawan sekarang dengan posisi yg setara gajinya 10-12jt an harga rumahnya 700-1M. Dulu harga rumahnya 35x gaji sekarang 70-100x gaji. Yg disalahin Gen Z ngopi.","1767946423889432693","","ardisatriawan","in","Indonesia","0","1","0","https://x.com/fwilmar01/status/1767946423889432693","460146079","fwilmar01"
"1767940328194265410","Wed Mar 13 15:46:35 +0000 2024","0","Dulu gw beli rmh seharga 1.05 kali annual gaji gw. Gw aja dah merasa sesak nafas. Itu jg rmhnya di planet org blg tempat jin buang anak. Ya anak gen Z cita2nya tinggi pengin beli rmh di tgh kota or BSD smntr gajinya = gaji yg gw terima 15th lalu pas beli rmh di planet ","1767940328194265410","","","in","","0","1","0","https://x.com/Bl3ss3dSoul/status/1767940328194265410","113093830","Bl3ss3dSoul"
"1767879787211853836","Wed Mar 13 11:57:02 +0000 2024","2","@collegemenfess Emang gitu gen z sih generasi strawberry pengennya kerja santai gaji tinggi beban kerja ringan no lembur bebas ambil cuti bebas hiling kemana aja cicilan ipon lunas 1x gajian sedia mess kopi bantal kolam renang di kantor kantor menghadap jendela","1767882558103330873","","collegemenfess","in","Semarang, Jawa Tengah","1","0","0","https://x.com/makelar_ojek/status/1767882558103330873","1582171586429612032","makelar_ojek"
"1767802478311928165","Wed Mar 13 10:15:26 +0000 2024","12","@ardisatriawan Gaji kecil karena korporat maunya sekecil mungkin security kerja makin menurun harga rumah makin naik hidden fee membengkak inflasi di harga kebutuhan pokok maintenance mahal belum lagi yang nggak punya cheat code warisan ortu. motivasi Gen Z untuk punya rumah: https://t.co/cu9vnocKBT","1767856989907173623","https://pbs.twimg.com/media/GIiwab9a4AAhNm5.jpg","ardisatriawan","in","Indonesia","0","0","0","https://x.com/MakotoIchinose6/status/1767856989907173623","1221017213286539264","MakotoIchinose6"
"1767851951205868023","Wed Mar 13 09:55:24 +0000 2024","0","Jangankam gen z yang gen sebelumnya juga masih empot2an mikir gaji gak keluar","1767851951205868023","","","in","","0","0","0","https://x.com/tae_ovo_nct/status/1767851951205868023","1312623556124045313","tae_ovo_nct"
"1767844943249408256","Wed Mar 13 09:27:34 +0000 2024","0","Pada akhirnya kebanyakan gen z kalau gak dapat privilege dari generasi sebelumnya mungkin aset rumah bisnis pendidikan relasi usaha dll. Bakal berat buat memiliki rumah. Dengan kenaikan harga tanah inflansi dengan gaji yang didapat.","1767844943249408256","","","in","65315","0","0","0","https://x.com/Al_Pratama/status/1767844943249408256","98750149","Al_Pratama"
"1767667156676956495","Wed Mar 13 08:55:26 +0000 2024","3","@Strategi_Bisnis Ga kaget dengan kata2 ni Harganya makin tak terjangkau. Kenaikan harga rumah jauh lbh tinggi dibanding kenaikan gaji. Konsep lifetime renting lama2 akan jadi mainstream di kalangan Gen Z. Konsep wajib punya rumah lama2 akan hilang dari kosa kata Gen Z.","1767836859324096858","","Strategi_Bisnis","in","","0","0","2","https://x.com/offsidegoal8/status/1767836859324096858","1723278680410206208","offsidegoal8"
"1767828275345391734","Wed Mar 13 08:21:20 +0000 2024","0","Sebenernya gen z bisa aja beli rumah. Ane yakin banyak yang punya gaji 2 digit sekarang ini apalagi di jawa. Asal jangan gengsi pengen beli rumah yang 2 lantai atau rumah yang mewah aja sih. Mending beli yg kecil dulu aja baru kalo ada rezeki tambahan cicil bangun yg lain","1767828275345391734","","","in","","0","0","0","https://x.com/syauqifikri/status/1767828275345391734","278935510","syauqifikri"
"1767680947737251844","Tue Mar 12 23:43:19 +0000 2024","2","@erwanda012 @radifalfian_ @idextratime @bliblidotcom Bro berpikir pepe baru main bola 1 tahun dan langsung gede gajinya Tuh liat gen z fresh grad minta gaji 2xUmr kerja 5 hari minta healing 2 minggu. Katanya gak work life balance.","1767697912690254056","","erwanda012","in","Kota Surabaya, Jawa Timur","0","1","1","https://x.com/yaelahsrul/status/1767697912690254056","1433431547512700946","yaelahsrul"
"1767692224459161884","Tue Mar 12 23:20:43 +0000 2024","1","Kalau harga rumah 1M per bulan bayar kredit 10jt itu baru lunas 8 tahun-an. Kalau bayar kredit 3 juta per bulan baru lunas 27 tahun-an. Itu sisa gaji ya bukan gaji. Makanya berat buat Gen Z beli rumah kalau gaji di bawah 2 digit ","1767692224459161884","","","in","","0","0","0","https://x.com/haisalaz/status/1767692224459161884","545836955","haisalaz"
"1767667156676956495","Tue Mar 12 22:13:10 +0000 2024","57","@promisenewera @Strategi_Bisnis Sudah dibilang. Kenaikan harga properti jauh lebih tinggi dibandingkan kenaikan gaji tiap profesi. Udah paham mestinya kenapa sama aja antara nabung dan ga nabung. Gen Z ya mending have fun aja duit sisa buat sewa kontrakan/apartemen yg deket sama kantor.","1767675224890433827","","promisenewera","in","Bogor","0","2","2","https://x.com/ridwanlzd/status/1767675224890433827","1260342062781657089","ridwanlzd"
"1767667156676956495","Tue Mar 12 21:41:06 +0000 2024","2165","Harganya makin tak terjangkau. Kenaikan harga rumah jauh lbh tinggi dibanding kenaikan gaji. Konsep lifetime renting lama2 akan jadi mainstream di kalangan Gen Z. Konsep wajib punya rumah lama2 akan hilang dari kosa kata Gen Z. https://t.co/Odz6JW9jlq","1767667156676956495","https://pbs.twimg.com/media/GIgD5t_a0AAIvyo.jpg","","in","","284","166","488","https://x.com/Strategi_Bisnis/status/1767667156676956495","190535830","Strategi_Bisnis"
"1767549701342306424","Tue Mar 12 17:33:39 +0000 2024","4","@__AnakKolong Biar Gen Z tau yang dilatih pegang senjata untuk perang akan dapet gaji double dan Gen Z cuma disuruh main game di hape terus merongrong ortunya buat belin kuota","1767604884331962854","","__AnakKolong","in","","0","0","0","https://x.com/radja_warkop/status/1767604884331962854","998594790756270080","radja_warkop"
"1767476893866250326","Tue Mar 12 14:02:24 +0000 2024","1","@Strategi_Bisnis Ya gimana boomers udah pada pensiun ngandelin gen Z gen Z gaji cuma UMR biaya hidup tambah mahal mau menyunting wanita belom-belom udah kepikiran sewa gedung kalo udah nikah mau ngasih makan anak orang pake apa?","1767551719607808459","","Strategi_Bisnis","in","Utopia","0","0","0","https://x.com/elyobbomo/status/1767551719607808459","173766319","elyobbomo"
"1767152864949092362","Mon Mar 11 11:37:29 +0000 2024","0","Sebenarnya buat gen z yang usaha buat nyimpen duit tuh butuh gaji berapa sih buat punya rumah? apalagi setiap tahun aset selalu naik harganya.","1767152864949092362","","","in","","0","0","0","https://x.com/suguschn/status/1767152864949092362","1160476089132576768","suguschn"
"1767111632029970943","Mon Mar 11 08:53:39 +0000 2024","0","lain maciam delulu gen z bila baru dapat pegang gaji sendiri","1767111632029970943","","","in","Saint Petersburg, Russia","0","0","0","https://x.com/niatells/status/1767111632029970943","1103676062209175552","niatells"
"1766487734695473472","Sat Mar 09 15:34:30 +0000 2024","0","Agak kesel sm kebanyakan gen Z nih. Bilangnya hidup susah gaji kecil ga bisa nabung bla bla bla dan minta saran. Udah dikasi saran buat lbh bijak atur keuangan dll eh malah masih aja keliatan beli barang2 kebutuhan tersier dan sering jalan2 ke tempat mahal.","1766487734695473472","","","in","🌏","0","1","0","https://x.com/luminariaco/status/1766487734695473472","1617025898926178304","luminariaco"
"1766034521626235152","Fri Mar 08 16:43:49 +0000 2024","0","@TirtoID JIAKH . Gaji ga seberapa pak pak makin2 dah gen z menuhin lifestyle doang wkwkwkwk","1766142791321858367","","TirtoID","in","indonesia","0","0","0","https://x.com/woodnorge/status/1766142791321858367","3307124095","woodnorge"
"1765568143135744308","Fri Mar 08 07:44:54 +0000 2024","0","@convomf dunia dah gila menurut gua apa apa serba mahal dan banyak sisi negatif de menikah yg ke ekspos ke sosmed shg saya merasa takut. rumah mahal gaji kecil punya anak butuh parenting yg wow kek sy sbg gen z merasa apakah sy bisa?","1766007167558266889","","convomf","in","legal21+","0","0","0","https://x.com/detawanizm/status/1766007167558266889","1264048481749970944","detawanizm"
"1765638916672274520","Fri Mar 08 03:51:13 +0000 2024","1","@meinmokhtar Nak fun gi keje kat funfair....xpun kat sarkas.. Mesti gen z ni..keje jup je da x seronok.. Relaks la..nnti dpt gaji gi la berseronok ronok.. Tggu collect exp skit gi jump company lai.. Jgn la nak lemah sgt..kemon..","1765948360077517271","","meinmokhtar","in","Wherever i need to be..","0","0","0","https://x.com/ymandikadewa/status/1765948360077517271","1251404145648472071","ymandikadewa"
"1765565821680808413","Fri Mar 08 00:52:13 +0000 2024","0","@indrazulfi gausah minta maap gen z emang pada gatau diri (gak semua tapi mayoritas ) gengsinya gede kerja males malesan tapi minta gaji besar. biar mereka ditampar oleh opinimu yang benar ini.","1765903313625919831","","indrazulfi","in","Semarang - jkt","0","0","0","https://x.com/hanintyaputra/status/1765903313625919831","515255658","hanintyaputra"
"1765677534778470684","Thu Mar 07 09:55:03 +0000 2024","0","FG minta gaji layak dinyinyirin entar kalo Gen Z gabisa beli rumah disalahin karena keseringan beli kopi. Gini aja terus siklusnya ","1765677534778470684","","","in","","0","0","0","https://x.com/txtdrwumbo/status/1765677534778470684","1558043392868696064","txtdrwumbo"
"1765646191482519872","Thu Mar 07 07:50:30 +0000 2024","4","Unpopular opinion yang dibenci HR &amp; Business owner. Gaji di Indo itu KECIL dibandingin dengan negara tetangga kita seperti SG dan Vietnam padahal biaya hidup tinggi. WAJAR para Gen Z minta gaji yang layak. Lha wong rata-rata pengeluaran di Jkt itu 14 jt. https://t.co/oVlistrJHZ","1765646191482519872","https://pbs.twimg.com/media/GIDV2Gnb0AAI0Hb.jpg","","in","Bookland","1","0","2","https://x.com/BATnIRON/status/1765646191482519872","3075924408","BATnIRON"
"1765593864159785160","Thu Mar 07 04:22:35 +0000 2024","0","9 dari 10 gen z pengalaman kerja ga sampe setahun udah resign dan pas di interview minta gaji 9 juta minimum. belum setahun udah minta gaji segitu kan kunyuk","1765593864159785160","","","in","","0","0","0","https://x.com/adrpydi/status/1765593864159785160","1709191014395813888","adrpydi"
"1765397633865220500","Wed Mar 06 15:22:50 +0000 2024","1","Dulu pengen bgt kuliah tp org tua udh pensiun akhirnya kerja dulu dan dpt gaji lumayan trs sambil kuliah deh akhirnya lulus. Eh anak gen Z skrg mah enak udh byk bantuan2 pendidikan dr pemerintah mau diterusin malah milihnya yg makan gratis. Aaa kasiaaan aaaaa","1765397633865220500","","","in","Orange Garden","0","0","0","https://x.com/Maulidayellow/status/1765397633865220500","157206100","Maulidayellow"
"1765379075630313651","Wed Mar 06 14:09:05 +0000 2024","0","Coba ngeriset sendiri gen z ini kebanyakan ga terlalu ambisius kayanya gen z lebih mentengin mental health dari pada gaji karir dll. Tapi herannya kebanyakan hp ya iphone. Ya walaupun bli second ","1765379075630313651","","","in","Entah Berantah","0","0","0","https://x.com/Noorpad/status/1765379075630313651","143723073","Noorpad"
"1765311913439969382","Wed Mar 06 09:42:12 +0000 2024","3","Sekarang pelajar gen Z bising elaun untuk internship. Nanti mereka juga akan perjuangkan naikkan gaji basic.","1765311913439969382","","","in","Kampung Pisang","0","0","2","https://x.com/twt_bernutrisi/status/1765311913439969382","1263001510905966593","twt_bernutrisi"
"1765193330219254114","Wed Mar 06 09:17:37 +0000 2024","0","@syera_omar Gen z tapi gaji gen x. Baru syok","1765305723859419324","","syera_omar","in","Selangor, Malaysia","0","1","0","https://x.com/Irfanmajid93/status/1765305723859419324","1312350915597230082","Irfanmajid93"
"1765259116648509529","Wed Mar 06 07:13:30 +0000 2024","1","@OcongBoys @islah_bahrawi Kita dipaksa kembali ke jaman Batu kalo itu terjadi maka jangan harap generasi gen Z punya harapan kerja di pemerintahan. Dwifungsi abri mengerus apbn krn gaji mereka dobel.","1765274490106487180","","ebonXboy","in","","0","0","0","https://x.com/bendot219/status/1765274490106487180","1442719862522986499","bendot219"
"1765259116648509529","Wed Mar 06 07:01:33 +0000 2024","1","@OcongBoys @islah_bahrawi Jangan harap generasi gen Z ngarep lowongan kerja krn dwi fungsi abri aktif akan mendapat gaji dobel.","1765271484761776551","","ebonXboy","in","","0","1","0","https://x.com/bendot219/status/1765271484761776551","1442719862522986499","bendot219"
"1764858068226183205","Tue Mar 05 19:15:11 +0000 2024","0","@ardisatriawan Gaji guru udah gak naek2 kebutuhan pokok malah tambah mahal. Mana siswa Gen Z pada songong2 pula ","1765093721119613074","","ardisatriawan","in","Nevereverland","0","0","0","https://x.com/fishinginit/status/1765093721119613074","1790817962","fishinginit"
"1764498130723295471","Mon Mar 04 03:48:31 +0000 2024","0","Dah intern ada gaji pun esok masuk industri kerja cm gampang jugak. Gen Z semua babi. Belajar straight A ke pointer 4 flat ke Gen Z semua tak reti buat kerja. Dah la tak reti buat kerja. Adab pun tak ada. Siapa nak bekap Gen Z aku kasi wutoh 1 kali ","1764498130723295471","","","in","","0","0","0","https://x.com/oisyedmoehar/status/1764498130723295471","203893867","oisyedmoehar"
"1764265266513686624","Sun Mar 03 12:23:12 +0000 2024","3","Ni aku setuju. Biar je gaji 1.5k takde ot etc etc dptkan pengalaman butoo. Why not dpt gaji setimpal dan pengalaman. Btw aku bukan gen z aku support budak2 berani suara bab ni. Aku 8 thn lepas fresh dpt 2.5k kot xkan budak skrg dpt 1.5k je. Hotak majikan Malaysia","1764265266513686624","","","in","","0","0","0","https://x.com/hanibalqis22/status/1764265266513686624","1607580184395517954","hanibalqis22"
"1764258188428468401","Sun Mar 03 11:55:05 +0000 2024","1","Kehidupan gen Z tu sebatas kerja capek dapet gaji untuk self reward muteerrrrr aja sekitaran situ.","1764258188428468401","","","in","Indonesia","0","0","0","https://x.com/pinyfoxofficial/status/1764258188428468401","1203252691494768641","pinyfoxofficial"
"1764174389829050583","Sun Mar 03 11:50:52 +0000 2024","34","@SyedAsriq94 My dad used to get 500 for his allowance now he's 60. Sedihla kalau nak perubahan pun dia kta memekak. You are a boomer minded nk org hidup zaman 2010. Kerja separuh mati gaji sikit jilat kaki boss bru naik. Gen Z dh tk mcmtu we want change.","1764257130595647860","","SyedAsriq94","in","","0","0","7","https://x.com/_not_yourbaby_/status/1764257130595647860","1382362099834183680","_not_yourbaby_"
"1764194292317470804","Sun Mar 03 07:41:11 +0000 2024","2","Ada temuan menarik bagiku dari riset IDN Research Institute. Bahwa sebagian besar Gen Z kurang tertarik pada pernikahan. Salah satu alasannya krn masih byk yg menumpang hidup dgn keluarga. Ya gimana properti meroket gaji mepet belum lagi kalo ngerapel jadi generasi sandwich","1764194292317470804","","","in","Yogyakarta","0","0","0","https://x.com/aisya_pr/status/1764194292317470804","2520439971","aisya_pr"
"1764109208197472735","Sun Mar 03 02:03:05 +0000 2024","0","Abang gue hari jumat: hadeh gaji kaya lewat doang Abang gue hari sabtu: de gue nonton netral (band) ya Bener-bener peak gen z","1764109208197472735","","","in","exo planet","0","0","0","https://x.com/bloomsvnf/status/1764109208197472735","3236617094","bloomsvnf"
"1764088957871251546","Sun Mar 03 00:42:37 +0000 2024","23","Elaun =/=gaji Ini bukan soal gen Z lembik sensitif. Mereka perlukan duit untuk makan sewa perjalanan ke tempat kerja. Dorang berhujah buat kerja dengan elaun setimpal Kalau elaun sikit kerja banyak korang taknak komen ke boomers? Ya aku intern tersakiti kena scam lect","1764088957871251546","","","in","London, England","0","0","12","https://x.com/kazamashinju/status/1764088957871251546","1222428229346025477","kazamashinju"
"1763924231824511174","Sat Mar 02 13:48:03 +0000 2024","0","One thing I saw from this gen (Z) ialah diorg dgaf nak submit 24 hour notice kalau benefits diorg tak dijaga tak kisah la gaji bulan tu dibayar ke tak ","1763924231824511174","","","in","Shah Alam | Malaysia","1","1","0","https://x.com/kenykhun/status/1763924231824511174","256422921","kenykhun"
"1763824057685008606","Sat Mar 02 07:52:09 +0000 2024","2","@worksfess meskipun gue gen Z gue realistis aja ofc pilih gaji 2 digit meski lingkungan toxic tahan diri sampe kekumpul dana yg cukup buat pensiun dini + bangun usaha susah2 dahulu wkwkwk","1763834664459116705","","worksfess","in","Universitas Indonesia","0","0","0","https://x.com/piztachious/status/1763834664459116705","1234329647094976512","piztachious"
"1763454718213542150","Fri Mar 01 17:58:13 +0000 2024","1","@realfedinuril Berhenti sama di pecat beda.. pak Prabowo masih terdaftar gaji pensiunan TNI... Itu tanda nya masih di akui sesepuh di TNI.. Kalo ga terima ya itu urusan situ... Terima ga terima toh 4 bintang udah di pundak","1763624800243920998","","realfedinuril","in","","0","0","1","https://x.com/alexand66298416/status/1763624800243920998","1636511635904012289","alexand66298416"
"1763044737769201906","Thu Feb 29 03:33:15 +0000 2024","0","Abis interview anak intern di gaji cuma 1.2 di media online gen z","1763044737769201906","","","in","","0","0","0","https://x.com/hahhguy/status/1763044737769201906","910923199436566529","hahhguy"
"1762817937944219668","Wed Feb 28 12:32:02 +0000 2024","0","Persiapan Wawancara Kerja Ini Tips Negosiasi Gaji untuk Milenial dan Gen Z https://t.co/LOXkMsBVMn","1762817937944219668","","","in","","0","0","0","https://x.com/Cerita_Parapuan/status/1762817937944219668","1349286188402712576","Cerita_Parapuan"
"1762451273595642166","Wed Feb 28 10:22:38 +0000 2024","0","@worksfess + lingkungan kerja enak + ga pernah lembur + pulang tenggo + 90% gen z kaya sekolah jadinya + jobdesk jelas ga ditambah2 - gaji UMR - libur kebanyakan weekday - izin diluar libur kena potong","1762785373854531785","","worksfess","in","","0","0","0","https://x.com/gomezforlyfe/status/1762785373854531785","1166553843842334723","gomezforlyfe"
"1762699841329848447","Wed Feb 28 04:42:46 +0000 2024","0","Gen z dan generasi milenial sudah tahu belum posisi pekerjaan yang punya gaji tinggi?⁣ ⁣ Ini dia beberapa pekerjaan dengan gaji tinggi menurut Michael Page!⁣ &gt;&gt; https://t.co/1EEZx77tEW ⁣ #detikedu #GajiTinggi #Pekerjaan #Gaji https://t.co/TnXZfMLMQg","1762699841329848447","https://pbs.twimg.com/media/GHZd579a4AAbB5t.jpg","","in","","0","0","0","https://x.com/detik_edu/status/1762699841329848447","1668188086067683331","detik_edu"
"1762326795934958026","Tue Feb 27 11:15:32 +0000 2024","0","@faizke2 Gaji sedap takkan dapat selesa tahap mcm tuu fuhh pangai gen z sangatt","1762436298739224996","","faizke2","in","Malaysia","0","0","0","https://x.com/nurzhee/status/1762436298739224996","901768986","nurzhee"
"1762324451201519814","Tue Feb 27 09:51:22 +0000 2024","0","@blac_K_amil Member seronok lompat kerja gaji tinggi2 tp dia kerja ikut vibes. Terpaling gen z","1762415114559656195","","blac_K_amil","in","Kuala Lumpur ","0","1","0","https://x.com/najwawok/status/1762415114559656195","2832467335","najwawok"
"1762047779223073278","Mon Feb 26 09:31:42 +0000 2024","0","Kenapa anak2 skrang Gen Z terlebih ingin semua hasil instan bgt penge gaji 2digit tapi baru pertama kerja ingin karir cemerlang tapi ga mau berproses itu konsep dari mana semua itu harus berproses dari 0 kaya anak tangga satu2 ga ujuk2 teko tekan duwur TOLOL!","1762047779223073278","","","in","Kantong blanjaan ","0","0","0","https://x.com/08_dofi/status/1762047779223073278","1173304936592900097","08_dofi"
"1761357892354224235","Mon Feb 26 01:46:04 +0000 2024","1","@zarryhendrik Bener sih 02 langsung pake gimmick gemoy joget oke gas d tiktok dan itu banyak di ambil oleh kalangan gen z yg easy going aja gak mau pusing dan kritis Yang kedua faktor tidak langsung seperti bantuan kenaikan gaji ASN bantuan desa yg datang disaat bersamaan ","1761930599873544421","","zarryhendrik","in","bandung","0","1","0","https://x.com/SantanaIqbal/status/1761930599873544421","422055722","SantanaIqbal"
"1761654763954086311","Sun Feb 25 07:34:16 +0000 2024","0","@worksfess kalo lu freshgraduate dan mencari pengalaman dan gaji nya skrng gede? paksain buat jadi kartap setahun 2 tahun. tp kalo gaji lu kecil lingkungan toxic atau apalah itu ya mending out. tp gq curiga gen z skrng toxic itu gmn kadang terlalu manja di suruh buat kopi di bilang toxic","1761655838446608583","","worksfess","in","Bandung, Jawa Barat","0","1","0","https://x.com/summerin2002/status/1761655838446608583","164177861","summerin2002"
"1761220615489667273","Sat Feb 24 03:15:41 +0000 2024","0","@ardisatriawan Klo gaji dosen 120jt/bln sudah ranking 1 pasti UI se dunia jurnal2nya jg pasti sudah puluhan ribu terbit dalam setahun eh mungkin negeri wakanda yg dimaksud","1761228376994623791","","ardisatriawan","in","Engelberg, Switzerland","0","1","1","https://x.com/GenZ3T/status/1761228376994623791","1257249470623801345","GenZ3T"
"1760561602359894385","Thu Feb 22 07:06:10 +0000 2024","0","jadi relate sm org yg blg gen z tu mending kerja gaji dikit tapi mental health drpd gaji gede tapi stress trs","1760561602359894385","","","in","","0","0","0","https://x.com/kicikkc/status/1760561602359894385","1268217366946574336","kicikkc"
"1760469134469693731","Thu Feb 22 03:58:13 +0000 2024","5","@fellexandro Gwe adalah gen z yg kebeli rumah aja gak kebayang. Gaji 5juta bokap udah mokat jadi harus berbagi income sama nyokap nyokap gw kasih 2jt perbulan nabung sejuta bwt bayar kuliah bayar wifi nabung keinginan. Skrang lagi fokus gmna caranya naikin income","1760514305248858553","","fellexandro","in","","0","1","0","https://x.com/teainbottle/status/1760514305248858553","1745111279579361280","teainbottle"
"1760438434064437674","Wed Feb 21 23:22:19 +0000 2024","9","@priyantoka @ardisatriawan Hibah riset jg dibatasi utk dosen pemula jika dosen sudah Lektor Kepala baru banyak tapi seleksinya ketat dan tanggung jawabnya jg ribet. Dan itupun dana khusus riset bukan gaji","1760444869708001766","","gapleklegit","in","Engelberg, Switzerland","0","0","0","https://x.com/GenZ3T/status/1760444869708001766","1257249470623801345","GenZ3T"
"1760252515130696123","Wed Feb 21 10:37:58 +0000 2024","0","Tidak bisa dipungkiri bahwa di generasi manapun baik babyboomer milenial &amp; gen Z kita akan menemukan org2 yg lebih memilih menganggur daripada bekerja dibawah gaji UMR","1760252515130696123","","","in","Banjarbaru","0","0","0","https://x.com/adii_wijayaaa/status/1760252515130696123","898749684","adii_wijayaaa"
"1760211922962821615","Wed Feb 21 07:56:40 +0000 2024","0","katanya pendidikan mencerdaskan bangsa. Tapi kok deosen aja di bego begoin pake gaji buat makan aja kurang","1760211922962821615","","","in","","0","0","0","https://x.com/DanangSp17/status/1760211922962821615","1239995135615590400","DanangSp17"
"1759484158643249205","Mon Feb 19 07:44:47 +0000 2024","0","oke gas .gen z dg pendukung all in nikmati aja ya .itu yang nampak pdahal 20000T .kalean lah yg bayar pajak .kami mah di naikkin gaji .jogetin aja https://t.co/z7G5uxBOfA","1759484158643249205","https://pbs.twimg.com/media/GGrxgeLb0AA0Pk-.jpg","","in","Kota Palembang","0","0","0","https://x.com/cryptosumsel/status/1759484158643249205","156200001","cryptosumsel"
"1758694352501768399","Sat Feb 17 03:26:23 +0000 2024","3","Lama2 UNJ ga laku tuh kampus gw kampus pendidikan. Kalo guru ga dihargain gaji kecil gimana gen Z minat jadi guru? Makin bobrok Indonesia dah wallahi heran kok bangsa kita alergi sama orang pinter intelektual sih astaghfirullah","1758694352501768399","","","in","","0","0","0","https://x.com/bngtan_my/status/1758694352501768399","1399200848706637826","bngtan_my"
"1758491339073954203","Fri Feb 16 13:59:41 +0000 2024","0","lagi ketawain pendukungnya di tik tok solusi nya joget .rata rata gen z pemilihnya kalu gak ngganggur numpang hidup di ortu .oke gas beras harga beras 17-20 k bbm sebntar lgi listrik ppn 12 % 2025 pulsa dll.oke gas solusinya joged kasihan gaji umr pendukungnya naik 50k","1758491339073954203","","","in","Kota Palembang","0","0","0","https://x.com/cryptosumsel/status/1758491339073954203","156200001","cryptosumsel"
"1758315302260285573","Fri Feb 16 11:02:03 +0000 2024","0","@tanyakanrl pst anak gen Z semua ni yg reply woi dlu pilpres 2019 gini jg tau malah pulang nya bisa sampe siang bayangin aja dengan gaji cuma 800rb lagi bersyukur ajasi wkwk","1758446636450324640","","tanyakanrl","in","","0","0","0","https://x.com/adlrmdnss/status/1758446636450324640","1068200691733151744","adlrmdnss"
"1758138349649637710","Fri Feb 16 07:16:35 +0000 2024","0","@zaialamm pakdhe nya Lord tau gimana caranya memikat hati si miskin (dimiskinkan tapi kasih bantuan) si menengah ( dijanjikan kenaikan gaji) dan si atas (dilancarkan bisnisnya dengan merubah aturan) gen Z (pakai influencer) ..set up panjang berbulan bulan.","1758389896023298059","","zaialamm","in","Behind my gears","0","0","0","https://x.com/Veroiphoto/status/1758389896023298059","857417041","Veroiphoto"
"1757704921716257254","Thu Feb 15 06:52:55 +0000 2024","0","@mraofficial30 Sebagai sesama gen z aku juga ikut resah. Jujur aja sekarang cari kerja susah banget. Mana banyak loker gak manusiawi dengan gaji di bawah umr","1758021553567203433","","mraofficial30","in","","0","0","0","https://x.com/131everyday/status/1758021553567203433","1301659140654133248","131everyday"
"1757974220443996172","Thu Feb 15 03:44:50 +0000 2024","0","Pengawas bilang: gampang kan? Kita tinggal buat dan upload. Apalagi guru-guru di sini gen z banyaknya Pret. Gaji aing aja ga seberapa anjir","1757974220443996172","","","in","Republic of Korea","0","1","0","https://x.com/dalkomaneo/status/1757974220443996172","1313630613446909952","dalkomaneo"
"1757864680767557783","Wed Feb 14 20:33:39 +0000 2024","0","gaada kejelasan jenjang karir perusahaan sekarang banyaknya sistem magang yang artinya hak lu sebagai karyawan nggak penuh. gaada cuti ga masuk potong gaji biaya lembur kecil. u para gen z tolol yg pilih di ga nyadar ya kalo 5 tahun kedepan tuh saatnya u u pada ","1757865710662091206","","goldencrystle","in","DNFF DNSS","0","1","0","https://x.com/goldencrystle/status/1757865710662091206","767981439874838528","goldencrystle"
"1754044360340197636","Sun Feb 04 07:28:58 +0000 2024","0","Kerja naik motor honda beat/scoopy gaji 7 jt tapi hape #samsunggalaxyfold gen Z","1754044360340197636","","","in","ÜT: -6.283657,106.757198","0","0","0","https://x.com/irfanfq/status/1754044360340197636","75287145","irfanfq"
"1753831801586683973","Sat Feb 03 17:24:20 +0000 2024","4","My mom lecturer(ex cikgu) my wife cikgu my MIL cikgu few my auntie and uncle cikgu. Semua aku tgk burnout mat lagi2 hadap perangai gen z above yg segelintir macam pantat. Gaji 8k tu cikgu dalam pornhub tu kot. Mak aku lecturer sampai buat 2 3 business nak kasi cukup.","1753831801586683973","","","in","Syazwani Gazali 💞","0","0","1","https://x.com/P4W4NG/status/1753831801586683973","1235260005172916224","P4W4NG"
"1753604791715201439","Sat Feb 03 07:31:14 +0000 2024","0","@mbakrystall When Gen Z waitress meets Gen Z customers the battle of Gen Z . Klo jaman gw dulu yg msh kna didikan ala militer Soeharto dr org tua diajarkan/dipaksakan utk slalu psng muka tsenyum walau keadaan tdk memungkinkan entah krn kelelahan atau ketdk puasan dgn gaji ","1753682542925115857","","mbakrystall","in","Makati City, National Capital ","0","0","0","https://x.com/i729IL/status/1753682542925115857","3082434457","i729IL"
"1753593743356346421","Sat Feb 03 01:38:23 +0000 2024","136","Semoga ini bukan gen Z yah biar nggak makin jelek aja branding gen Z. :( Pekerja itu dibayar emang untuk bikin company profit tapi kalau boncos terus wajar lah kena coaching. Kalau masih hidup masih dengan mendapatkan gaji dari orang jangan pernah punya mental princess. :(","1753593743356346421","","","in","","3","5","26","https://x.com/xiayuejiu/status/1753593743356346421","1220321640489222144","xiayuejiu"
"1753376471429886261","Fri Feb 02 23:51:13 +0000 2024","0","@nurizkov @yodyibram @worksfess Bukan gw yg gaji bos lewat hrd nya yg ngerekrut tugas gw cuma ngajarin anak² baru (gen z) selama interaksi kerjaan ya itu lah yg dirasa. Sedih sy jg.. cape ngajarin ilmu tp ga klihatan niat kerja nya.","1753566775764193474","","nurizkov","in","","0","1","0","https://x.com/ehewhy/status/1753566775764193474","2693275580","ehewhy"
"1753376471429886261","Fri Feb 02 15:34:05 +0000 2024","0","@worksfess Bnyk hal yg mempengaruhi sih Dri persyaratan yg ada batas usia 25 thn dlm 1 posisi hrs bisa megang beberapa job dgn gaji yg minim dan persyaratan2 yg memberatkan buat para pencari kerja. Kdg gen z jg terlalu menye menyee","1753441667452109285","","worksfess","in","she/her","0","0","0","https://x.com/noturhoes_e/status/1753441667452109285","1112352576589094913","noturhoes_e"
"1752680299094483154","Thu Feb 01 17:33:16 +0000 2024","0","@BNGPY Gen z dikit2 mental health mental health... Woylah lu minta gaji gede kerja kagak bener dikira bos gk rugi apa ","1753109271410364626","","BNGPY","in","Kota Surabaya, Jawa Timur","0","0","0","https://x.com/Dns9393/status/1753109271410364626","1740045719573303296","Dns9393"
"1753034731262709946","Thu Feb 01 13:22:13 +0000 2024","0","@leaderjeonghan Iya kita generasi hayuk hayuk asal di gaji meskipun rasanya pengen ngeluh juga tapi gak memaksakan pengen kerja di rumah karena imo meskipun enak gak mesti jauh jauh jalan tapi kadang di rumah tuh suntuk udah gitu jadi makin ansos. gue kira bos Gen Z lebih asik ternyata-","1753046093208883451","","leaderjeonghan","in","novel only! 🚫 NO RPS❌ ","0","1","0","https://x.com/myjjaksarang/status/1753046093208883451","2899073533","myjjaksarang"
"1753034731262709946","Thu Feb 01 13:12:25 +0000 2024","0","@leaderjeonghan Gen Z harusnya kerja dengan pimpinan gen Z juga sih gue rasa soalnya yang ngerti mereka pasti yg sesamanya. Kalau kayak kita mah ngikut aja ya yang penting di gaji ","1753043626299621612","","leaderjeonghan","in","novel only! 🚫 NO RPS❌ ","0","1","0","https://x.com/myjjaksarang/status/1753043626299621612","2899073533","myjjaksarang"
"1752680299094483154","Thu Feb 01 07:49:26 +0000 2024","2","@BNGPY Bocil Gen Z itu ga boleh dimarahin mereka rapuh spt kerupuk kalo salah ya dimaklumi kalo perlu ditambah gaji dan cuti nya biar mental health terjaga","1752962344874037526","","BNGPY","in","","0","0","0","https://x.com/SulasehCute/status/1752962344874037526","1705086136136470528","SulasehCute"
"1752437305623896459","Thu Feb 01 05:09:47 +0000 2024","0","@inge_august You can choose it mba take it or leave it. Jgn membawa narasi generasi tua atau gen Z selagi kmu di gaji dan perusahaan mungkin mengharuskan utk hadir karena pekerjaan itu mengharuskan individu hadir ya do it. Kalau nggk cari pekerjaan remote lain. Simpel kan","1752922171163472199","","inge_august","in","Yogyakarta, Indonesia","0","0","0","https://x.com/NottoobadforU/status/1752922171163472199","1133265189481078784","NottoobadforU"
"1752646329581641938","Wed Jan 31 16:05:37 +0000 2024","0","@monchaild ini buat smua gen z gw kasih libur seminggu tp gaji ttp 10jt perbulan","1752724825528062224","","monchaild","in","","0","1","0","https://x.com/vantaecoo/status/1752724825528062224","1586645309475520512","vantaecoo"
"1752688646342561977","Wed Jan 31 13:41:51 +0000 2024","0","so amaze sama orang2 yg bikin konten soal profesinya being a teacher senengnya ketemu anak2 di sekolah ngajar dll. Kaya so honorable di tengah gen Z yg berlomba2 achive pendapatan setinggi2nya mereka bisa romantisizing profesinya yg stereotype nya gaji ga seberapa","1752688646342561977","","","in","Bangkok, Thailand","0","1","0","https://x.com/highvibration01/status/1752688646342561977","3327915679","highvibration01"
"1752192109548027992","Wed Jan 31 06:54:09 +0000 2024","0","@juju_uda @LokalPendaki dibanding gen z gaji 7 juta tapi ngeluh mulu ya mending ini sih","1752586044703416543","","juju_uda","in","Radebeul","0","0","0","https://x.com/SugandaRobin/status/1752586044703416543","1542715419768721408","SugandaRobin"
"1752254531893862460","Wed Jan 31 05:55:38 +0000 2024","0","@bintangrafdi Yg mau WFH bukan cuman gen Z kok semuanya mau... Kalau dulu pas WFH gue dapet gaji bagus Mungkin sekarang gak bakal pilih WFO deh","1752571321790455894","","bintangrafdi","in","Sydney, New South Wales","0","0","0","https://x.com/SydneyTokyoNY/status/1752571321790455894","1417118170427449356","SydneyTokyoNY"
"1752520539024097467","Wed Jan 31 05:32:50 +0000 2024","0","@tanyakanrl Gaji ga seberapa tapi nyawa taruhannya.","1752565580232904943","","tanyakanrl","in","Indonesia","0","0","0","https://x.com/lucubgtygy/status/1752565580232904943","1572828746922729473","lucubgtygy"
"1752562789783347492","Wed Jan 31 05:22:43 +0000 2024","0","gaji 2x lipat dari sebelumnya gen Z full senyum dong! bangga jadi 'abdi negara' katanya","1752563033971589230","","GoodStatsid","in","Indonesia","0","1","0","https://x.com/GoodStatsid/status/1752563033971589230","1455891922300456968","GoodStatsid"
"1752450676431733179","Tue Jan 30 21:56:14 +0000 2024","97","Ada apasi dgn atasan2 yg gak rela gen z wfh ini? Hujan bkn cuma perkara basah pak. Jalan menuju kantor emg yakin mulus semua? Ditambah susah lihat klo naik motor/ojek jalan licin. Disuruh bertaruh nyawa demi gaji yg kudu diirit2 tuh gamasuk akal. Pdhl bs lewat email.","1752450676431733179","","","in","London, England","2","1","19","https://x.com/xdoodlegangerx/status/1752450676431733179","341991399","xdoodlegangerx"
"1751823942422266078","Tue Jan 30 16:38:33 +0000 2024","0","@NetanyahuMAMPUS @goaweygo @gingermochipie @DesignRant2 Ya maka dari itu kalau hal hal ini dinormalisasi oleh segenerasinya mau bisa naik gaji gimana mau naik kelas dari low class ke middle class gimana Nanti makin senjang generasinya millenial sudah berkecukupan gen z masih gak bisa ngangkat mereka sendiri","1752370729306448040","","NetanyahuMAMPUS","in","Nusa Barong","0","1","0","https://x.com/sultohn/status/1752370729306448040","852617601570164736","sultohn"
"1752341740902842636","Tue Jan 30 14:43:22 +0000 2024","0","Millenial dan gen Z jaman sekarang bisa kerja dari rumah dengan gaji 10x UMR. Yang kantornya ngasih kemudahan buat WFH ya biarin aja sihhhhh ","1752341740902842636","","","in","","0","0","0","https://x.com/cesarinae/status/1752341740902842636","42847375","cesarinae"
"1752220836730417546","Tue Jan 30 06:42:56 +0000 2024","39","Di tempat gw kerja divisi AI ini punya privilege yg lebih gaji mereka lebih moncer dan mereka semua Gen Z ato mile ilmu mereka bukan prampt prompt aja tp kreatifitas nya memang mumpuni itulah knp mereka dibayar mahal. Jika di suruh ngetik pake mesin tik mereka nyerah ","1752220836730417546","","","in","Cimahi Jawa Barat ","1","3","16","https://x.com/TaniAndani/status/1752220836730417546","1218573836276289537","TaniAndani"
"1752154644862910573","Tue Jan 30 02:54:14 +0000 2024","0","@emgininamaku @jawafess @memelord_666666 Mungkin biar gen z mikir jangan membela yg mau menaikkan gaji pejabat","1752163283006861459","","emgininamaku","in","","0","0","0","https://x.com/imyumycsina/status/1752163283006861459","1428114484627795970","imyumycsina"
"1751958938155987022","Mon Jan 29 14:21:07 +0000 2024","1","@innovacommunity @SelebtwitMobil Beli awningnya aja udah kek gaji gen z selama setahun ","1751973754899456034","","innovacommunity","in","oslo","0","0","0","https://x.com/SleepyOniion/status/1751973754899456034","2902799635","SleepyOniion"
"1751814934470832296","Mon Jan 29 05:24:45 +0000 2024","69","@XXXbyefelicia Gen Z boleh la perabih duit makpak belanja air gedik makanan gedik jadah ambience bagai ni. Kitonyo gen usia senja corporate slave menabung invest sbb dah bau tanah. So xleh terima 1 meal geli2 rm30. Gaji setengah hari untuk minimum wagers tu.","1751838770591400003","","Jahluper","in","","1","1","7","https://x.com/Jahluper/status/1751838770591400003","1457494445180416002","Jahluper"
"1751783589178704374","Mon Jan 29 01:52:57 +0000 2024","0","Segitunya ngejar dunia? Pangkat? Jabatan? Gaji? Karir? Pendidikan? Sampe takut mau nikah cepet ya buat bungkam mulut sampah orang orang yang bahkan keluarga sendiri. Maklum orang desa pikirannya kolot soal perempuan.","1751785469845901608","","AnnisaTaurusMei","in","Sidoarjo, Indonesia","0","0","0","https://x.com/AnnisaTaurusMei/status/1751785469845901608","1730964273986461696","AnnisaTaurusMei"
"1751495695595634832","Sun Jan 28 15:02:09 +0000 2024","0","@_P0c1_1mOeTWibu @AntoniusCDN @Dennysiregar7 @diandra_sari03 @DiniHrdianti @Idingnew @islah_bahrawi @Joker_Wedoks @mikuroQ @Urrangawak Nasehatin Gen Z kayak ngomong sama batu cape cape ortu lu nyari duit eeh gaji bapak emak lo di palakin gede pulaaak..RUGI DONG!","1751621690847891832","","_P0c1_1mOeTWibu","in","","0","0","0","https://x.com/sadammalik_25/status/1751621690847891832","1688552269271420928","sadammalik_25"
"1751613471534522555","Sun Jan 28 14:32:36 +0000 2024","0","gen z mana ada yg mau jadi pns maunya kerja diperusahaan besar biar gaji 2 digit ya karna dibanding sama asn jauh banget level kesejahteraannya sehat sehat pns polisi tni yang masih berjuang hidup tanpa pungli salute semoga gaji dan tunajangan naik yakk ","1751614253491179772","","sideehustle","in","","0","0","0","https://x.com/sideehustle/status/1751614253491179772","1394916837998034953","sideehustle"
"1751491098915287495","Sun Jan 28 06:23:13 +0000 2024","0","baby boomers dah boleh bersara kot bagi yang muda pulak naik and people keep saying gen z tak bagus lompat kerja habistu yang tua tua ni asyik minta gaji naik tapi kerja hauk (not applicable for those yang kerja bagus )","1751491098915287495","","","in","KL","0","0","0","https://x.com/misstajima/status/1751491098915287495","1757118456","misstajima"
"1751223263123120313","Sat Jan 27 14:36:38 +0000 2024","0","@budimandjatmiko @prabowo @gibran_tweet buzzer nya merendahkan keluarga Jokowi+Prabowo cawapres nya merendahkan seorang ibu yang melahirkan anaknya dengan taruhan nyawa beginikah calon wakil rakyat yang di gaji oleh keringat masyarakat ","1751252881553125514","","budimandjatmiko","in","","0","0","0","https://x.com/PartaiGen_Z/status/1751252881553125514","1157213113692741632","PartaiGen_Z"
"1750828670531613021","Sat Jan 27 03:01:13 +0000 2024","0","@undipmenfess Pemikiran beliau hebat menaikan gaji pejabat untuk mencegah korupsi. Memberi makan siang gratis untuk menghilangkan depresi pada Gen Z. Meningkatkan tax ratio untuk meningkatkan pendapatan negara. Kurang keren gimana tuh? ","1751077875070238773","","undipmenfess","in","Indonesia","0","1","0","https://x.com/IbnuWandi/status/1751077875070238773","1420941752","IbnuWandi"
"1750715476609728579","Sat Jan 27 01:30:01 +0000 2024","1","@SinarOnline Gen Z ni tak heran pun skim pencen tu diorang nak kerja dgb gaji setara je. Baby boomers je sibuk dgn pencen.","1751054923574428092","","SinarOnline","in","","0","0","0","https://x.com/riaz_ir/status/1751054923574428092","1230415280733425665","riaz_ir"
"1750913567908597998","Fri Jan 26 16:08:23 +0000 2024","0","Dlm buku ni ckp gen y dan z tk kisah psl gaji sgt bila bab duit mereka fikir janji duit cukup Paling penting mereka mahukan ENV SERONOK +FULLFILLMENT+MENTAL HEALTHY Jdi apa aku dpt adalah gen y dan gen Z lebih prefer jual skill Or jual software Why? ..","1750913583423357191","","hellonajmi1","in","","0","1","0","https://x.com/hellonajmi1/status/1750913583423357191","2289884366","hellonajmi1"
"1750857078682595429","Fri Jan 26 12:23:51 +0000 2024","0","Aku tgk response ni tadi. Bila dengar betul betul apa gen z ni cakap. Make sense jugak. Kau suruh masuk meeting pkl 8. Tapi contracts kerja 9-5. Masuk awal kira gaji lebih ke? Or boleh balik kerja awal?","1750857078682595429","","","in","Watson","0","2","0","https://x.com/kumuhaimin11/status/1750857078682595429","1361951727860150275","kumuhaimin11"
"1750522579998421277","Thu Jan 25 14:14:40 +0000 2024","0","Yang milih gak ngerasain anjir beras naik terus Gula dll. Sedangkan Gaji gitu2 aja. Rata2 gen z yg gak tau kondisi lapangan kayak gmn cuma mentingin gemoy","1750522579998421277","","","in","","0","0","0","https://x.com/ferofh/status/1750522579998421277","415549523","ferofh"
"1750399205208940824","Thu Jan 25 06:04:26 +0000 2024","0","Besar harapan Gen Z bisa smart ya dalam memilih. Ini akan berpengaruh sama masa depan kalian kemudahan cari kerja cari beasiswa sampai kenaikan gaji UMR/UMK. Jangan sampai salah pilih kalau ga mau menyesal sampe tua. https://t.co/WM8TqF9jmm","1750399205208940824","https://pbs.twimg.com/ext_tw_video_thumb/1750398838563799040/pu/img/F6ZtuTakvYnrgyqX.jpg","","in","","0","0","0","https://x.com/billlilipaly/status/1750399205208940824","1072354816830058496","billlilipaly"
"1750390073479286853","Thu Jan 25 05:28:08 +0000 2024","0","Tebak gaji millenial mepet gen Z yang dihire buat ini","1750390073479286853","","","in","Kaia ‹𝟹","0","0","0","https://x.com/querrencies/status/1750390073479286853","1671502143491297281","querrencies"
"1749804635274281115","Tue Jan 23 14:41:49 +0000 2024","0","Kebanyakan gen Z pasukan All In belum paham gimana beratnya nyisihin gaji demi rutin pajak ini itu","1749804635274281115","","","in","waiting @bts_twt 2025","0","0","0","https://x.com/jjknineseven/status/1749804635274281115","1532386574872514562","jjknineseven"
"1749497506227216851","Tue Jan 23 14:11:47 +0000 2024","2","@convomfs Aku si percaya dan yakin bisa beli/bikin rumah sendiri. Karena apa? Aku liat sendiri kakakku. Dia gaji UMR daerah aku. Leukeun nabung. (Apa yah istilah indonya. Klo disini leukeun) sampai akhirnya skrg dan punya rumah. Dia emg bkn gen z(anak 90an) tapi dia Sandwich gen. dan-","1749797075288826136","","convomfs","in","Jawa Barat","0","2","0","https://x.com/manggagamuda/status/1749797075288826136","1536935498807054336","manggagamuda"
"1749668646669213793","Tue Jan 23 05:41:27 +0000 2024","1","Masalah mas luker awalnya mau jadi pengamat aja tapi bahasan ini terlalu seru buatDia iniD gadibahas. Luker adalah sosok dengan posisi yg dicita2kan hampir semua millenialis &amp; gen z. Kerja remote sama orang luar posisi manager gaji udah 50jt padahal umur baru 19thn.","1749668646669213793","","","in","Jakarta Selatan ","0","1","0","https://x.com/Gayagaya_an/status/1749668646669213793","1681671921794949127","Gayagaya_an"
"1749649953243423091","Tue Jan 23 04:27:10 +0000 2024","0","Lagi rame ttg gen z yg resah gelisah akankah beli rumah dgn harga2 seperti sekarang? Jadi inget pengalaman beli rumah dulu. Nikah di akhir thn 1999 trus kontrak selama 2 thn 8 bulan dgn biaya 11 5 jt / thn. Dengan gaji berdua sebesar +/- 6 jt/bln bisa punya rumah tanpa kpr.","1749649953243423091","","","in","Singapore","0","1","0","https://x.com/raiSaRi6/status/1749649953243423091","1289769846352142336","raiSaRi6"
"1749405330856198612","Mon Jan 22 15:51:28 +0000 2024","0","@dirabeokki @tanyakanrl tapi itu juga masih baseless accusation kan? bisnis kelas itu kan emg ada apalagi di LN itu banyak jenis coursework kok lagian menurut gw itu masalahnya cuma dia nyebut nominal gaji sama umur netizen suka kepanasan kalo denger gen z yang udh banyak duit di usia muda.","1749459776764092710","","dirabeokki","in","tortured poets department.","0","0","0","https://x.com/vgilantaeshit/status/1749459776764092710","1363450782855565314","vgilantaeshit"
"1749029930732786112","Mon Jan 22 15:44:42 +0000 2024","0","@convomf Lempar heels wajar? Wajar ndasmu! Run bestie! Kantormu toxic duit gaji ga seberapa eh punya senior kemenyek. Padahal sesama BURUH gegayaan senioritas sama² digaji bukan yang bisa gaji aja belagu! Dikit² gen Z mental tempe gak nder gak gitu cara kerjanya dunia kerja yg bener!","1749458070697361858","","convomf","in","Neptunus","0","0","0","https://x.com/bakulkoi_/status/1749458070697361858","1378656541","bakulkoi_"
"1749359875187192176","Mon Jan 22 09:14:30 +0000 2024","0","imagine how being a gen z choosing 02 kita baru mau kerja dapet NPWP pajak naik HIKS GMN YH pasti gaji freshgrad gak mungkin 2 digit kan","1749359875187192176","","","in","cr: lima sekawan #5","0","0","0","https://x.com/chemaple_/status/1749359875187192176","1231535840343425025","chemaple_"
"1748970877604286584","Mon Jan 22 09:14:05 +0000 2024","0","@tanyakanrl Emang gitu gen z haus pengakuan. Jujur pas gw 18 tahun jadi manager pun rasa nya pengen flexing. Tapi takut kualat. Eh tapi kalau cerita si luker ini terkesan mengada-ngada sih. I mean kalau gaji segitu masa iya HP dan kamera nya jelek buat konten edukasi","1749359771340427653","","tanyakanrl","in","","0","0","0","https://x.com/yaa_udah_sihh/status/1749359771340427653","1691855099302457344","yaa_udah_sihh"
"1749273512559460353","Mon Jan 22 03:41:15 +0000 2024","0","@nakajishi gaji umr mintanya spek superman lagian knp emang sama gen z? kita milenial apa lupa dulu juga diremehin sama boomer mau ngulang kesalahan sama? ","1749276008690377161","","nagetkntang","in","🇮🇩 - she/her - 25+","0","1","0","https://x.com/ClaireDimlight/status/1749276008690377161","1150748576311463936","ClaireDimlight"
"1749219740105818518","Sun Jan 21 23:57:39 +0000 2024","0","Aih pengen banget nonton. Plis angkat masalah gaji guru honorer dan gen z gen A yang etikanya kurang sama guru","1749219740105818518","","","in","Depok, Jawa Barat","0","0","0","https://x.com/anissafrds/status/1749219740105818518","181527421","anissafrds"
"1749029930732786112","Sun Jan 21 13:18:54 +0000 2024","0","@convomf dikit dikit bawa bawa gen z mulu jir taik. sok paling baja mentalnya. lu pada aja goblok mau mauan begitu dibabuin bos gaji kagak sesuai malah iye iye aja","1749058991907586310","","convomf","in","","0","0","0","https://x.com/choizizu/status/1749058991907586310","1482162031096909825","choizizu"
"1749046263960817749","Sun Jan 21 12:28:19 +0000 2024","0","Ini alasan gen z minta gaji 2 digit tanpa tekanan pekerjaan pasti karena nontonnin dia kn","1749046263960817749","","","in","","0","0","0","https://x.com/rising_clown/status/1749046263960817749","1663208424405090305","rising_clown"
"1748960476460163335","Sun Jan 21 06:47:26 +0000 2024","0","Gen Z sekarang ni polahnya aneh aneh deh.. baru kerja beberapa bulan gaji umr jkt tapi udah beli series Iphone terbaru dan tiap bulannya mesti minjem uang buat makan dan bayar kost. Hadeh. Mana ngeluh pengen resign mulu","1748960476460163335","","","in","","0","1","0","https://x.com/akundinii/status/1748960476460163335","879957588","akundinii"
"1748954074442240042","Sun Jan 21 06:21:59 +0000 2024","1","GEN Z itu nyesalnya pd saat menikah dia pikir nikah umur 20an itu aman2 aja dia g mkrin kdpannya gmn pas udh punya anak kebutuhan rumah cicilan blm lagi kebutuhan anak dan istri hanya bermodalkan income dari gaji hutang di bank ditemen keluarga udah fuck pasti idupnya.","1748954074442240042","","","in","Indonesia","0","0","0","https://x.com/dhfbay/status/1748954074442240042","1731559640494911488","dhfbay"
"1748893573075116206","Sun Jan 21 05:19:33 +0000 2024","0","@WongMacho @strike_bravo_b Gak bisa juga nego gaji sesuai keinginan Kalau diawal mereka gak bisa ngelakuin itu akan sulit bertahan meskipun juga udah kerja banyak Gen Z terutama yang mengeluh pekerjaan mereka gak sesuai ya karena gak pernah ada persetujuan yang jelas","1748938359446339757","","sultohn","in","Nusa Barong","0","0","0","https://x.com/sultohn/status/1748938359446339757","852617601570164736","sultohn"
"1748642010700140569","Sat Jan 20 22:24:11 +0000 2024","3","@18fesss Njir semangat nder gen z gaji 12 aja kamu dah hebat sekaliiiii","1748833829945754064","","18fesss","in","east sby","0","0","0","https://x.com/giselleofdreams/status/1748833829945754064","1605938842132893696","giselleofdreams"
"1748716932810080410","Sat Jan 20 14:39:41 +0000 2024","29","Gen z ini selain secara mental lemah juga bodoh-bodoh ya. Ada capres ga punya strategi yang jelas sudah bilang mau naikkan gaji pejabat naikkan pajak dan hapus subsidi tapi masih aja survey menunjukkan gen z pilih capres ini.","1748716932810080410","","","in","imamnya @tucarino_","1","2","8","https://x.com/KemenperinRI/status/1748716932810080410","1030789552867139584","KemenperinRI"
"1748563373577650492","Sat Jan 20 04:36:42 +0000 2024","0","Jadi isu Jawa Tengah jd UMR terkecil no 1 di Indonesia itu bisa rusak image kampaye yg di bangun ganjar selama ini wkkww Pro rakyat kecil dgn memberikan UMR terkecil wkwkw dan gen Z itu udah bngt alergi ama gaji kecil milineal jg no 1 UMR Terkecil loh se indonesia https://t.co/ZAMQZQGwOx","1748565187849011331","https://pbs.twimg.com/media/GEQmxXvaYAAX_jw.jpg","tekarok007","in","","0","1","0","https://x.com/tekarok007/status/1748565187849011331","1184695438365974528","tekarok007"
"1748546608403521992","Sat Jan 20 03:22:52 +0000 2024","0","One more Bila Gen Z tnya something tell them teach them bukan ckp Takkan benda ni pun tak tahu kau belajar apa dulu tak masuk kelas ke Ma'am/sir please. Jgnlah macam tu tak perlu nak perli &amp; sarcastic. Tak kacau pun gaji korang utk ajar diorang benda tu.","1748546608403521992","","","in","","0","1","0","https://x.com/officiallygee_/status/1748546608403521992","603414062","officiallygee_"
"1748447980393496717","Fri Jan 19 20:54:27 +0000 2024","0","Bagi bos-bos gen x peduli setan dengan orang di bawahnya yang penting profit perusahaan lancar dan makin gede Bagi karyawan gen z peduli setan dengan perusahaan yang penting gaji cair tapi kerjaan seminim mungkin Sah sah aja","1748448858156474567","","husk4r","in","Indonesia","0","0","0","https://x.com/husk4r/status/1748448858156474567","328860307","husk4r"
"1748327922119901269","Fri Jan 19 12:53:53 +0000 2024","0","gen z kesulitan beli rumah karena harganya yg semakin gk masuk akal sedangkan gaji tetep segitu gitu aja solusinya bukannya nurunin harga rumah atau kenaikan gaji yg layak malah perpanjangan tenor kpr bjir lah","1748327922119901269","","","in","","0","2","0","https://x.com/prstyodwii/status/1748327922119901269","1127094013406760967","prstyodwii"
"1748219605095780438","Fri Jan 19 12:16:07 +0000 2024","0","@kegblgnunfaedh Di real life ada yg namanya konsekuensi yg mpertaruhkan integritas &amp; gaji anda. Mereka ini Pelajar yg sedang mpelajari norma &amp; aturan di masyarakat termasuk kedisiplinan. Apalagi anak SMA yg segera lulus &amp; masuk ke masyarakat. Bisa ketebak kan bgmn karakter gen Z tbentuk?","1748318417344700466","","Mra_myname","in","Indonesia","0","0","0","https://x.com/Mra_myname/status/1748318417344700466","1399586452502056963","Mra_myname"
"1748292625046847682","Fri Jan 19 10:33:38 +0000 2024","0","Salah ni. Gen z nak gaji masuk tapi kerja goyang kaki sahaja.","1748292625046847682","","","in","","0","0","0","https://x.com/hairecheros/status/1748292625046847682","87670567","hairecheros"
"1747949279787012485","Fri Jan 19 10:18:53 +0000 2024","127","@okmuazh 6.Ramai Gen Z utamakan WLB dari duit/gaji. Perkenalkan jadual kerja fleksibel. WFH/WFA. 7. Rewards tak semestinya duit. Bagi balik awal on Friday etc. 7. Usia tak semestinya menjamin semua lebih mahir. Ada Gen Z lebih berkemampuan. Serah tanggungjawab pada golongan ini.","1748288915331842109","","okmuazh","in","Malaysia","0","2","12","https://x.com/gunNesh33/status/1748288915331842109","251818592","gunNesh33"
"1748235054743175392","Fri Jan 19 06:44:52 +0000 2024","0","Realiti gen z sekarang kerja banyak gaji kurang.","1748235054743175392","","","in","Malaysia 🇲🇾","0","0","0","https://x.com/RafAm1n/status/1748235054743175392","951914522","RafAm1n"
"1748188174588010997","Fri Jan 19 03:38:35 +0000 2024","0","Nak gaji yang setimpal. Ingat tau kalau YOU time muda dulu gaji segitu tak valid tau untuk Gen Z sekarang. Rumah mahal apa semua. Pastu bising kenapa budak sekarang terjerumus dalam DS","1748188174588010997","","","in","Selangor, Malaysia","0","0","2","https://x.com/nadzyyrah/status/1748188174588010997","2944977427","nadzyyrah"
"1747949279787012485","Fri Jan 19 02:53:56 +0000 2024","9","@okmuazh bukan Gen z tapi please la eh para boomers sekalian. Kalau kau nampak ada sorang pekerja kau tu ada experience lebih sikit dari pekerja lain. Kau jangan nak letakkan segala expectations tinggi dekat dia sedangkan gaji yang kau beri sama rata dengan yang lain.","1748176940039888948","","okmuazh","in","","0","1","1","https://x.com/urghwell/status/1748176940039888948","1529451396961308672","urghwell"
"1748152252718891126","Fri Jan 19 01:31:21 +0000 2024","1","I love gen Z kita dtg kerja buat kerja yg dibayar je why would we do more work tapi gaji tak naik? Gen z kita slay ","1748156155149598881","","aliaraub","in","","0","0","0","https://x.com/aliaraub/status/1748156155149598881","746619396643135492","aliaraub"
"1747995963355250851","Thu Jan 18 14:54:48 +0000 2024","0","Gen Z surat terbuka buat kalian semua nih #asalbukanprabowo #asalbukan02 Malam Jumat #BanyakYgBalikKe02 Pandji Raffi Ilana Tan Papua Gaji Miftah #GengPastiPasti Abah Gemes Suka PBNU https://t.co/QOzdg81l6F","1747995963355250851","https://pbs.twimg.com/ext_tw_video_thumb/1747995822200139776/pu/img/NqfdH6iiTMAue358.jpg","","in","malang","0","0","0","https://x.com/noverliagstk/status/1747995963355250851","1730480527470432256","noverliagstk"
"1747995948427661526","Thu Jan 18 14:54:44 +0000 2024","1","Gen Z surat terbuka buat kalian semua nih #asalbukanprabowo #asalbukan02 Malam Jumat #BanyakYgBalikKe02 Pandji Raffi Ilana Tan Papua Gaji Miftah #GengPastiPasti Abah Gemes Suka PBNU https://t.co/NwWhAJ0Ka5","1747995948427661526","https://pbs.twimg.com/ext_tw_video_thumb/1747995772099112960/pu/img/yU_xOqxoOLUEIg9Y.jpg","","in","surabaya","0","0","1","https://x.com/noviannashbrn/status/1747995948427661526","1730468622525681664","noviannashbrn"
"1747881515240006140","Thu Jan 18 07:20:01 +0000 2024","44","Work! Gen Z sekarang dikit2 ngeluh mental tempe manja dll Aku gen z kerja overworked gaji jauh under umr apa termasuk kategori diatas? Kadang mau ngeluh tuh mikir dulu apa emg harus se-susah payah ini kerja buat dapetin gaji yg gk seberapa? Pengen resign (cont..)","1747881515240006140","","","in","","0","4","1","https://x.com/worksfess/status/1747881515240006140","1244597361826885636","worksfess"
"1747846586489819599","Thu Jan 18 05:01:14 +0000 2024","1","misalkan aku mau bikin base menfess baru aku yg modalin kira2 ada yg mau ngurus / jadi adminnya ga? ntar sponsor aku yg cariin biar dapet gaji tp awal2 mau bangun dulu..","1747846586489819599","","","in","","0","1","0","https://x.com/Studio_GenZ/status/1747846586489819599","1212475714861035520","Studio_GenZ"
"1747645517574844765","Thu Jan 18 00:17:26 +0000 2024","0","@TirtoID Udah gaji naik dapet proyekan jg #eh udah bener pilih AMIN","1747775168272019823","","TirtoID","in","Engelberg, Switzerland","0","0","0","https://x.com/GenZ3T/status/1747775168272019823","1257249470623801345","GenZ3T"
"1747089388310602229","Tue Jan 16 05:01:41 +0000 2024","0","@karirspace Sbgai gen z thn 99 gua plih gaji oke sama wlb","1747121925305049534","","karirspace","in","","0","0","0","https://x.com/affah1y4h/status/1747121925305049534","1598653122276052997","affah1y4h"
"1747055211032777017","Tue Jan 16 00:36:35 +0000 2024","0","Knp yaa anak gen z jaman skrg masih ada orang itung an banget sma kerjaan.. kerja ga pake mikir banyak ud ada standar tinggal pake ga cape masih aja itung an perjara duit 10rb yg ga bsa d klaim.. Gaji sma kok sma yg lain.. dan menurut gw layak dgn kerjaan dy yg bsa tidur siang","1747055211032777017","","","in","","0","1","0","https://x.com/p_zhenyi/status/1747055211032777017","136941119","p_zhenyi"
"1746525437663261102","Sun Jan 14 13:55:16 +0000 2024","0","@ridwanhr mobil tua dibawah 2000 worth buat mobil pertama dan dipake daily ga pak gub? gen z gaji umr masi bingung arah wkwkwk","1746531428391882782","","ridwanhr","in","","0","0","0","https://x.com/blueewatermelon/status/1746531428391882782","327070876","blueewatermelon"
"1746060404307177513","Sun Jan 14 12:46:17 +0000 2024","0","@nonsenselfs @idextratime @ganjarpranowo Sok bully gen z. Di tanya pilih makan gratis atau internet gratis. Dijawab mending kerja gaji layak. Di bilang males kerja. Otakmu di pakek.","1746514071539917077","","nonsenselfs","in","","0","1","0","https://x.com/Ratudam05/status/1746514071539917077","1558306564489916416","Ratudam05"
"1746060404307177513","Sun Jan 14 12:37:08 +0000 2024","0","@nonsenselfs @idextratime @ganjarpranowo Kenapa iri banget sama hidup gen z coy? Pertanyaan suruh milih dikasih gratisan internet sama makan di jawab mending kerja dengan gaji layak daripada dikasih sedekah eh malah jauh negbully gen z.","1746511766945984859","","nonsenselfs","in","","0","0","0","https://x.com/Ratudam05/status/1746511766945984859","1558306564489916416","Ratudam05"
"1745999959521124859","Sun Jan 14 06:44:35 +0000 2024","0","@Lqmnzrif Taik betul player gen z ni. Manja sangat benda gaji bukan kecik do main","1746423045420642363","","Lqmnzrif","in","Kuala Lumpur ","0","0","0","https://x.com/shaifulizzuddin/status/1746423045420642363","1056969866089979904","shaifulizzuddin"
"1746060404307177513","Sat Jan 13 19:08:27 +0000 2024","0","@Ratudam05 @idextratime @ganjarpranowo Gaji 3 digit tapi kerjaan klamar klemer inisial gen z","1746247855692808511","","Ratudam05","in","","0","1","0","https://x.com/nonsenselfs/status/1746247855692808511","1602739694940217344","nonsenselfs"
"1746161308771426483","Sat Jan 13 15:44:38 +0000 2024","0","@terkejud maklum kak gen z self reward &gt; gaji","1746196564241219615","","terkejud","in","Ryujin, Chaeyoung, Suengwan","0","1","0","https://x.com/putramayumi/status/1746196564241219615","1138044538797191169","putramayumi"
"1746194148724719987","Sat Jan 13 15:35:02 +0000 2024","14","CW // GAJI work! semangat gen z yg sandwich generation yg hampir seluruh gajinya didedikasikan buat keluarga ","1746194148724719987","","","in","","2","4","5","https://x.com/worksfess/status/1746194148724719987","1244597361826885636","worksfess"
"1745992468716503363","Sat Jan 13 05:46:22 +0000 2024","67","@mazmeerth9 @arfdy12 Bos melayu : Acah2 stable padahal byk hutang.. effect kt gaji staff terutama kalau bos tu muda n belom kahwin. Leader kita wanita : Bekerja terlalu ikut emosi Colleague semua melayu : Byk drama Gen z lebih byk : x matang n mindset kelaut","1746046004309426247","","mazmeerth9","in","","4","2","11","https://x.com/ZaiVoun/status/1746046004309426247","300835615","ZaiVoun"
"1746033090299036144","Sat Jan 13 04:55:03 +0000 2024","13","CW // Gaji Work! Apakah hal hal seperti ini sebenernya normal aja di kantor? atau mental gen z ku yg terlalu lemah menghadapi ini semua https://t.co/pcplg7SGLP","1746033090299036144","https://pbs.twimg.com/media/GDsnp6ibsAApp5V.jpg","","in","","0","11","1","https://x.com/worksfess/status/1746033090299036144","1244597361826885636","worksfess"
"1745794599443116180","Fri Jan 12 13:07:22 +0000 2024","0","skrng gue paham gen z knp susah punya rumah. bayangin kalo abis lulus gaji gue fresh-grad umr / kira2 5jt sdgkan pengeluaran gue biasanya 10jt++/perbulan. jujur gatau cara srink / ngurangin pengeluaran gmn karna kdg segitu aja byk yg ga terpenuhi. pdhl gue msh tinggal sm ortu.","1745794599443116180","","","in","","0","1","0","https://x.com/bbypolarlovesun/status/1745794599443116180","2252116776","bbypolarlovesun"
"1745447050735743323","Thu Jan 11 14:06:20 +0000 2024","0","Dari reply dah tau dah kenapa budak skrg malas belajardok bising gen z taknak belajar apa semua. Last yang tua ni dok bising gaji bukan based on pelajaran yada yada.just encourage pasal gaji without consent bukan atas pelajaran tak bole ke ? No need aku diploma je. Aku spm je.","1745447050735743323","","","in","MY","0","0","0","https://x.com/aezuddin_/status/1745447050735743323","797523037","aezuddin_"
"1745378049443700879","Thu Jan 11 11:15:03 +0000 2024","6","@mediocrickey Sebagai gen Z yg punya gaji pas pasan karena gua kerja di instansi pemerintahan gua sih menyarankan buat usaha beli rumah/bangun rumah sendiri. Krn dibandingkan ngontrak rumah better kalo punya rumah sendiri. Masih banyak kok rumah murah yg subsidi dan yg harganya -cont","1745403947177898204","","mediocrickey","in","The Place That I Call Home","0","2","0","https://x.com/roundhatboy/status/1745403947177898204","1051453371415126016","roundhatboy"
"1744593096074289249","Thu Jan 11 09:31:46 +0000 2024","0","@Delan_Tharasi @Hasbil_Lbs @aniesbaswedan Namanya juga Gen Z gak mau riset data maunya instant Sama ja klo nyari kerja nyari yg kerjanya enak tp gaji gede mkmkmkmkmk","1745377952316162393","","Delan_Tharasi","in","Bandung,Punk Rock City","0","0","0","https://x.com/Hardi_kahar/status/1745377952316162393","79409300","Hardi_kahar"
"1744920443189125532","Wed Jan 10 05:35:21 +0000 2024","0","@investorgabut sorry gw gen z yg udh kerja dri semasa sekolah jgn menilai smua org itu sama. kdg kita udh semangat kerja jg malah ga di gaji wkwkwkkw","1744956070119039442","","investorgabut","in","","0","0","0","https://x.com/lolulili1/status/1744956070119039442","1247124348764164096","lolulili1"
"1744641678290624669","Tue Jan 09 08:46:04 +0000 2024","0","Hari hari klarifikasi ‍ Itu gen z tiktod yg nangisin prabowo udah ngitung blom gaji umr kapan bs dipake dp rumah uk 32/70? https://t.co/LaIlI94q9Y","1744641678290624669","https://pbs.twimg.com/media/GDY2XF3aAAAKxCj.jpg","","in","","0","0","0","https://x.com/BeginiCeritany1/status/1744641678290624669","1276567658968702977","BeginiCeritany1"
"1744567672308744211","Tue Jan 09 03:52:00 +0000 2024","0","Gaji dan budaya tidak sesuai Gen Z lebih pilih resign?! Bener gak yah? Terus apa dong yang harus dilakukan? Swipe Yuk ️ #genZ #millenials #kerja #resign #faktor #didyouknow #fact #fakta https://t.co/5S7px8mDok","1744567672308744211","https://pbs.twimg.com/media/GDSpl1YboAAjObE.jpg","","in","","0","0","0","https://x.com/nusawork/status/1744567672308744211","1354011651700359170","nusawork"
"1744314090858983426","Mon Jan 08 15:54:50 +0000 2024","4","@nitia_a guru nya sendiri yg honorer gaji kecil malah biasa aja itu bocah2 lah kok sm konglo ditangisin gen z aneh poll","1744387190451544379","","nitia_a","in","","0","0","0","https://x.com/x0ox346051/status/1744387190451544379","1736426933842509824","x0ox346051"
"1743839068738519437","Sun Jan 07 03:41:17 +0000 2024","0","Saya hanya gen Z dan sandwich generation yang kerja dikoporat dengan gaji UMR jadiii ya gk ada yang bisa dibanggain juga. Tapi klo ada yang minta pendapat yaa pasti saya coba kasih sepengalaman dan sepemikiran saya. Sekian terima kasih","1743840199216648397","","Muhasbii_","in","indonesia","0","0","0","https://x.com/Muhasbii_/status/1743840199216648397","1248486863284760577","Muhasbii_"
"1743645150927073703","Sat Jan 06 14:46:13 +0000 2024","0","Gua orgnya gk pernah ngitung bro gaji gue yg masuk di payroll naiknya uda brp ratus ribu. Cmn sekalinya ada kenaikan gaji berkala pas ttd kaget karena naiknya cmn 100rb. Peienes gen z jelas ngomel Cmn peinses jaman orde baru yg nganter form buat ttd blg klo aku dsuruh bersyukur","1743645150927073703","","","in","In your mind","0","0","0","https://x.com/GieRedana/status/1743645150927073703","586129426","GieRedana"
"1743537282966286655","Sat Jan 06 08:08:00 +0000 2024","7","Kayanya @hrdbacot emang selalu menjawab fenomena keresahan follower nya dalam salsur begitupula di versi 02. Mulai dari kerja mau gaji gede gak harus ke jakarta gaji kuliah negeri vs swasta gaji gede itu gak instant sampe dengan fomo nya gen z tentang magang https://t.co/J1E2DqLJn4","1743544933884326064","https://pbs.twimg.com/media/GDJQ37vboAAwWPB.jpg","myassirullah","in","Inside your mind","0","1","2","https://x.com/myassirullah/status/1743544933884326064","427370044","myassirullah"
"1743506586386169913","Sat Jan 06 05:35:37 +0000 2024","0","gen z duit gaji abis buat langganan app premium","1743506586386169913","","","in","","0","1","0","https://x.com/yourqtpay/status/1743506586386169913","1618507834706259972","yourqtpay"
"1743478104289579385","Sat Jan 06 03:54:55 +0000 2024","0","kalau lah duit berjuta-juta tuh tolong rakyat takpe lagi. Tapi guna duit bina things yang kita sendiri takde tujuan pekerjaan pun masih lagi orang atas amik foreigner. sebab tak mampu nak ikut kehendak gaji budak gen Z. I guess this is why our PM try to fix what prev gov did.","1743481245043245401","","BaeKill92","in","Selangor, Malaysia","0","1","0","https://x.com/BaeKill92/status/1743481245043245401","1222031238","BaeKill92"
"1743312091443040432","Sat Jan 06 03:20:14 +0000 2024","0","@roomkost menyelesaikan kemiskinan Indonesia itu membuka lapangan pekerjaan yang cukup walaupun pekerjaan banyak tapi gaji tidak sesuai dengan kebutuhan pokok yang sekarang pemerintah sukan semaksimal mungkin membantu masyarakat kurang mampu dan lagi di balik bansos yang salah sasaran.","1743472516889563558","","roomkost","in","","0","1","0","https://x.com/PartaiGen_Z/status/1743472516889563558","1157213113692741632","PartaiGen_Z"
"1742110978471526848","Fri Jan 05 15:37:37 +0000 2024","0","Aku si gen z yg mengeluh tiap hari kl disuruh belajar alasannya butuh 'motivasi' minimal minta naik gaji Meanwhile milenials yg semangat 45 dahal dah punya anak 2 ini ga minta apa2 Ak merasa otw jadi remahan rengginang https://t.co/xuotzB9YIs","1743295696659460276","https://pbs.twimg.com/media/GDFuMlebAAAN7Zj.jpg","pandastoberi","in","","0","0","0","https://x.com/pandastoberi/status/1743295696659460276","974825828583333889","pandastoberi"
"1743202420241625534","Fri Jan 05 09:26:58 +0000 2024","0","POV: Millenials Workers VS Gen Z Workers . Korang rasa betul ke Gen Z kuat mengelat dalam bekerja? . . Untuk lebih banyak peluang pekerjaan terkini dengan gaji menarik klik link di bio kami sekarang! https://t.co/NLomPMTTkV","1743202420241625534","https://pbs.twimg.com/ext_tw_video_thumb/1743202380320305152/pu/img/or81FZ011cvDX_CD.jpg","","in","Singapore, Malaysia, Hong Kong","0","0","0","https://x.com/jobstoredotcom/status/1743202420241625534","2370005035","jobstoredotcom"
"1743155157855248880","Fri Jan 05 06:19:10 +0000 2024","2","Budak ni alasan dia benak betul. Subjek sains tak boleh apply dalam social media. Sebab tu pentingnya sambung belajar. Bukan berpaksikan pengikut. Budak ni contoh buruk pada gen z. Tiktok bukan main buat video pasal profession - gaji. 1 word 'bangang.","1743155157855248880","","","in","","0","0","1","https://x.com/Rainism08/status/1743155157855248880","712122258261553152","Rainism08"
"1742053941385568743","Thu Jan 04 17:20:11 +0000 2024","0","@harlizadea Gue berati kaum Gen X tapi emg bener² Gen Z itu bebal bgt sumpah pgn gaji gede tapi kerjanya super santai(?) Kaya HAHHHHHH","1742959120909754775","","harlizadea","in","","0","0","0","https://x.com/xxxrarasati/status/1742959120909754775","1039215906591629312","xxxrarasati"
"1742736171246227539","Thu Jan 04 05:16:48 +0000 2024","0","@ozarangkuti Gua pikir keren itu title bang.. ternyata yg disebut itu cuman admin sosmed yg begitu maunya gaji juta jutaan astagaaa gen z gen z","1742777076057551274","","ozarangkuti","in","","1","1","0","https://x.com/BleedMoney13/status/1742777076057551274","1714198965451902976","BleedMoney13"
"1742764590554038601","Thu Jan 04 05:07:21 +0000 2024","0","@KompasTV harusnya yang di gaji oleh uang pajak itu tidak di perbolehkan untuk memilih deh coba tayakan ke setiap guru di sekolah kebanyakan pilih siapa?","1742774695999799478","","KompasTV","in","","0","0","0","https://x.com/PartaiGen_Z/status/1742774695999799478","1157213113692741632","PartaiGen_Z"
"1742020612510691731","Thu Jan 04 00:25:43 +0000 2024","1","@jungvesta @iyyikia @balap_sapi @baksotelor1 pemikiran kayak gini jg kayak anak sekolah gen z jaman skrg. gw bayar sekolah dan semua guru/dosen gw gaji jd lo smua tunduk sm gw lagian dosen ngajar kuliah biasa sm jd dospem skripsi itu beda jobdesk. kalo ngajar kuliah kn smua dosen jg ngajar udh menuhin tugasnya tuh.","1742703820499730705","","jungvesta","in","","0","1","0","https://x.com/Zach7Fier/status/1742703820499730705","1348208850764066820","Zach7Fier"
"1742053941385568743","Wed Jan 03 13:08:07 +0000 2024","0","@harlizadea Blm lagi banyak ortu gen Z yg adalah gen X yg bnyak mengukur kesuksesan anak it klu anaknya kerja tetap d tempat yg baik dgn gaji besar blm lg klu gen Z yg jd anak bungsu dituntut harus melebihi saudaranya pas ngeluh sama gen diatasnya malah diadu nasib jd kesannya dianggap...","1742533297539092633","","saranghyeyoon","in","","0","1","0","https://x.com/saranghyeyoon/status/1742533297539092633","1476985585659101185","saranghyeyoon"
"1742510713753772330","Wed Jan 03 11:38:23 +0000 2024","0","Etos kerjane gak ada. Profesional tidak tapi pingin kerja gaji gede. Gen z !","1742510713753772330","","","in","","0","0","0","https://x.com/IksanGalih/status/1742510713753772330","4610629634","IksanGalih"
"1742053941385568743","Tue Jan 02 16:16:36 +0000 2024","4","@harlizadea Satu hal yg dilupakan sebagian gen z adalah experience. Gak semua tanya google lalu dapat jawaban. Merasa sekolah tinggi pengen jadi bos gaji gede gak mau mulai dari bawah. Pengalaman ketemu gen Z ngaku konsultan tapi 0 besar. Malah mulung elmu. ","1742218343711682818","","harlizadea","in","","0","0","0","https://x.com/ceu_meta/status/1742218343711682818","377724465","ceu_meta"
"1741823456906190891","Tue Jan 02 16:16:29 +0000 2024","0","@Raajni0211 @imrenagi @aniesbaswedan di tahun 2000an mungkin masih oke pemikiran itu tp ke depan pola pikir gen z dll udah berubah gaji harus sesuai standar tuntutan kerja. Kalo pemerintah masih mempertahankan gaji saat ini ya gmn mau narik gen z dll yg high quality. Keburu yg masuk yg cuman kerja seadanya","1742218312682221881","","Raajni0211","in","","0","1","0","https://x.com/jedmosely/status/1742218312682221881","798310423","jedmosely"
"1742053941385568743","Tue Jan 02 12:04:33 +0000 2024","8","@harlizadea Hmm aku ga setuju soal terlahir sebagai gen Z apa-apa udah instan iyaa sih emang instan apa aja ada jaman sekarang cuma ya kalo ga ada duitnya ya sama aja boong kalopun kerja mau ngeluarin duit mikir dulu mau utamain yang mana saking sedikit gaji tapi keperluan rumah dll banyak","1742154913340432704","","harlizadea","in","","0","1","0","https://x.com/veylca/status/1742154913340432704","1467147431380881410","veylca"
"1741985158906200348","Tue Jan 02 10:56:03 +0000 2024","2","@worksfess Batasan loker umur 23 pas yang masuk isinya Gen Z semua dan bikin tingkah di kantor malah ngoceh marah2 di sosmed nyalahin generasi. Padahal dia sendiri yang sengaja nyari yang muda supaya gampang disuruh2 dengan gaji yang minimum .","1742137672133394599","","worksfess","in","","0","0","0","https://x.com/L0STVayn4/status/1742137672133394599","1616995878602158082","L0STVayn4"
"1742123702383411644","Tue Jan 02 10:00:32 +0000 2024","0","Gen Z standar hidup materi saja? Sekolah kuliah kerja gaji luar biasa punya rumah kendaraan itu saja? Yakin kamu bahagia? Miris ya hidup hanya itu saja. #KapitalismeSengsarakanUmat #KhilafahPerisaiHakiki #IslamSolusi https://t.co/DJx0WVqExh","1742123702383411644","https://pbs.twimg.com/media/GC1ERUeboAErzIh.jpg","","in","","0","0","0","https://x.com/Swd1995/status/1742123702383411644","1715464969528266752","Swd1995"
"1741802246118265027","Tue Jan 02 06:22:14 +0000 2024","0","@_xxw4 @schanazri_ @onlyyouperson Gen z ke ni? Kau ni memang tak sesuai buat sales la dik. Lembik. Nak buat sales hati dan jiwa kena kental. Kalau keje makan gaji. Baru start keje. Parking tak payah bayar ke? Travel takyah keluar duit ke? Duit minyak? Tol? Mrt? Lrt? Apa punya mentaliti la. Lembikkk!","1742068765511307728","","_xxw4","in","","0","2","0","https://x.com/hotdaddy_38/status/1742068765511307728","1387229968472543234","hotdaddy_38"
"1741746138867519841","Mon Jan 01 09:00:14 +0000 2024","0","Visi Perubahan Capres: 1.Buka jutaan kesempatan kerja dg merubah Hilirisasi menjadi Industrialisasi 2.Naikkan gaji Buruh&amp;ASN tiap tahun 3.Pupuk murah 4.Bantu nelayan 5.Modali &amp;bimbing UMKM jadi eksportir 6.Anti KKN Kampanye Politik: Anies K-Pop dan Gen Z https://t.co/pXic7i3ai2","1741746138867519841","","","in","","0","0","0","https://x.com/DirmanNuari/status/1741746138867519841","1503583481053401097","DirmanNuari"
"1741246010364690805","Sat Dec 30 23:57:49 +0000 2023","0","Harus ngajar Gen Z yg bkin mental dan emosional guru g karuan beban administrasi blm lagi komplain ortu Gaji yg g msk akal sama sekali dtmbh beban ekonomi keluarga.... *Gurunya aj kaga bahagia gmn mw menghasilkan generasi masa depan yg cemerlang......ngipiiiiii!!!","1741247248191856779","","Rafika_poe3","in","","0","0","0","https://x.com/Rafika_poe3/status/1741247248191856779","1374837096314105856","Rafika_poe3"
"1741039544651378945","Sat Dec 30 10:40:17 +0000 2023","0","Bukan hanya gaji saat ini prioritas gen Z dan milenial dalam pekerjaan pun mencakup pengembangan karier dan work-life balance. #IDNTimesLife https://t.co/vB0aYmsGOx","1741046542663110976","https://pbs.twimg.com/media/GClwiAMasAAS-4C.jpg","IDNTimes","in","","0","1","0","https://x.com/IDNTimes/status/1741046542663110976","388190238","IDNTimes"
"1741039544651378945","Sat Dec 30 10:18:37 +0000 2023","0","Dari data dapat disimpulkan sebenarnya gen Z punya minat yang cukup besar menjadi PNS maupun korporat swasta. Berbeda dengan milenial cenderung lebih tinggi menjadi PNS. Hal ini karena milenial berorientasi pada gaji dan tunjangan untuk tabungan masa depan. #IDNTimesLife https://t.co/4wKYGFPnFC","1741041091904954804","https://pbs.twimg.com/media/GClqYNhagAAtqrK.jpg","IDNTimes","in","","0","1","0","https://x.com/IDNTimes/status/1741041091904954804","388190238","IDNTimes"
"1740781015424217332","Fri Dec 29 17:12:52 +0000 2023","0","Aku en tk pernah judge gaji orng kecik ke besar asalkan kau rajin cari duit sendiri tapi ni exception gaji kau baru 2 ribu lebih je tapi tkyah la nk berlagak depan orng tua?? Gaji baru takat tu tapi adab dh takde? Gen Z mmg miskin adab ke?","1740782951905079699","","candyfloofs","in","","0","0","0","https://x.com/candyfloofs/status/1740782951905079699","309594182","candyfloofs"
"1740324271346667743","Thu Dec 28 20:21:07 +0000 2023","1","@tanyarlfes Namanya juga jaga toko ya gaji nya segitu lah gen Z kok pada paok. Mau gaji gede di offshore ajg. https://t.co/IU9PO8fuG4","1740467936962478098","https://pbs.twimg.com/media/GCdiXTCaQAA20S2.jpg","tanyarlfes","in","Kota Batam, Kepulauan Riau","0","0","0","https://x.com/iyan_says/status/1740467936962478098","106007982","iyan_says"
"1740335570143100991","Thu Dec 28 17:09:04 +0000 2023","3","@funedito @dr_koko28 GAK ADA. gak ada yg mau jadi guru dan dokter setelah gen Z tau berapa penghasilan seleb sosmed dalam 1 konten bodonk. setelah gen Z tau berapa gaji guru gaji dokter.","1740419607113171081","","funedito","in","Indonesia","0","0","0","https://x.com/supbuaheskrim/status/1740419607113171081","1735498478925787136","supbuaheskrim"
"1740262561873060125","Thu Dec 28 11:33:40 +0000 2023","0","@worksfess Gen z kalo terus-terusan kena standar imajinatif begini gua liat kasian juga ya kalo kerja ternyata gaji 4jt mentok ga dapet lemburan take it or leave it","1740335203040813466","","worksfess","in","Jakarta","0","0","0","https://x.com/lahdaza/status/1740335203040813466","1426588243735154691","lahdaza"
"1740324271346667743","Thu Dec 28 10:57:22 +0000 2023","59","@tanyarlfes lahhh wajar kok lu aja gen z tolol pengen gaji gede cepet","1740326064067609051","","tanyarlfes","in","","0","0","0","https://x.com/YAANJINHGG/status/1740326064067609051","1711787659822235648","YAANJINHGG"
"1740251978113208354","Thu Dec 28 06:02:58 +0000 2023","1","Gaji kat sini mmg sucks. tp aku suka tngk gen z bijak cari gaji tinggi. mmg susah nk cari tp kena cara mmg boleh dpt gaji masyukkk. follow la yg bnyk share cara nak build career. tp kalo dh brumur mmg susah sket la. tp ramai engineer architect etc trpaksa lompat ke bidang IT","1740251978113208354","","","in","PJ, Klang, Malaysia","0","0","0","https://x.com/PuanARMY/status/1740251978113208354","1063024917237526528","PuanARMY"
"1739989430038073376","Wed Dec 27 12:39:42 +0000 2023","1","people said gen z cenderung punya doomerism mindset ya gimana nggak bjir climate change yang ngerasain dampaknya kita krisis hunian tapi gaji stagnan fucking pandemic krisis kemanusiaan dr awal taun kaga kelar-kelar (despite being livestreamed idk) sehat-sehat aja lah kids","1739989430038073376","","","in","25 | she/her","0","0","0","https://x.com/shoyoujeruk/status/1739989430038073376","1669257518219153409","shoyoujeruk"
"1739879807687807060","Wed Dec 27 11:08:47 +0000 2023","0","@semangatyaran base biru putih mn mau ngetake down sesuatu yg udah viral dan memecahkan rekor. Salah satu alasannya supaya dapet gaji dari elon kakkk wkwkwkw. Dan ya yg pada mau nyoba org' yg sok edgy aja apalagi gen z biasalah biarin aja mereka mau nyoba-","1739966551397368291","","semangatyaran","in","","0","1","0","https://x.com/toodlegosh/status/1739966551397368291","1590266598316601345","toodlegosh"
"1739879581405130772","Wed Dec 27 05:23:12 +0000 2023","5","GAJI GAK SESUAI JOBDESK BIKIN GEN Z CEPETAN RESIGN! Lo tahu gak 64 9% Gen Z di Indonesia siap resign kalo gaji gak sesuai jobdesk? Realita kerja zaman now bikin mikir dua kali. Satu Persen ngerti banget masalah ini. Bukan cuma soal duit tapi tentang penghargaan dan keadilan di https://t.co/oRiZnu7opm","1739879581405130772","https://pbs.twimg.com/media/GCVLHQlbgAAdrnx.jpg","","in","","0","0","2","https://x.com/satupersen_id/status/1739879581405130772","1097636424168263680","satupersen_id"
"1739871504672989376","Wed Dec 27 05:19:06 +0000 2023","0","@momirgemoy Gen z butuh lapangan kerja dengan gaji 2 digit ","1739878550097035410","","momirgemoy","in","Yogyakarta, Indonesia","0","0","0","https://x.com/penikmat_micinn/status/1739878550097035410","1505020512686440448","penikmat_micinn"
"1739872156173869307","Wed Dec 27 04:53:41 +0000 2023","4","Bukan takat Gen Z je sis yg millenial 90s ni pun dah applied Quiet Quitting since early this year. Nak nak sejak dapat team leader hauk. Asal cuti as planned dapat gaji jalan and big boss tak complaint. Buat keje asal siap sudah","1739872156173869307","","","in","","0","0","1","https://x.com/moonGrii/status/1739872156173869307","1055406140304044032","moonGrii"
"1739821004451688867","Wed Dec 27 01:30:26 +0000 2023","0","Bukan gen Z je aku yg dah nak cecah 30 ni pun buat benda sama. Buat apa kerja lebih klu gaji tang tuu ja. Buang masa. Buang tenaga. Banyak lagi benda lain boleh buat dari kerja je.","1739821004451688867","","","in","Love Myself ","0","0","0","https://x.com/buttermies/status/1739821004451688867","1317095230798286849","buttermies"
"1739791527688503337","Tue Dec 26 23:33:18 +0000 2023","2","Padahal rerata gaji gen z itu di bawah 2 5. Nek misal nang kene gaji 5 juta gak payu rabi berarti wong kene goleke setara karo Bapake Prabowo atau keponakan Tunggul Ametung. Kaya raya tekan orok.","1739791527688503337","","","in","Churabhaya","0","1","0","https://x.com/dewanggaevan_/status/1739791527688503337","1045552313492893697","dewanggaevan_"
"1739704474212725239","Tue Dec 26 17:47:23 +0000 2023","774","Pandangan aku terma ni boomer yang cipta. Gen Z tau dengan kadar gaji diorang kerja ikut JD je dah cukup. Nak grow organically dalam company yang sama tak berbaloi. Lagi baik lompat company lain. So buat apa nak kerja lebih-lebih sampai separuh mati?","1739704474212725239","","","in","Petaling Jaya","11","2","716","https://x.com/chairmanGLC/status/1739704474212725239","1438164328755068928","chairmanGLC"
"1739499786208985216","Tue Dec 26 11:21:40 +0000 2023","1","@faridaffy Gen Z yg ada mindset begini adalah org yg paling rugi. Tunggu lah anda berumur 40an kalau masa tu masih berharap gaji bulan/suami baru menyesal. Zaman skrg pantas bukan zaman healing.","1739607405867254216","","faridaffy","in","Bukit Jelutong,Shah Alam.","0","1","0","https://x.com/IDMayasari/status/1739607405867254216","146856160","IDMayasari"
"1739578250433798220","Tue Dec 26 09:25:49 +0000 2023","1"," saya kerja jadi guru - gaji kecil - di anggap kerjaan sepele - bukan cita gen Z Saya mencerdaskan kehidupan bangsa - jiwa Pahlawan - menantu idaman - mengamalkan UUD 1945","1739578250433798220","","","in","solo","0","1","0","https://x.com/ukid_adi/status/1739578250433798220","129736164","ukid_adi"
"1739427943791874278","Mon Dec 25 23:28:33 +0000 2023","0","Pantesan loker gue gak pernah di acc di tiap perusahaan. Orang usia saya dah lewat maksimal dan udah punya banyak pengalaman kerja. Ya perusahaan mungkin takut buat ngasih gaji gede yang pengalaman. Di dunia ini kan hanya boleh gen Z yang di upah murah. Ya kan?","1739427943791874278","","","in","","0","2","0","https://x.com/Sukarendang13/status/1739427943791874278","326610676","Sukarendang13"
"1739240950227185995","Mon Dec 25 11:05:30 +0000 2023","5","Izin nanya @RajaJuliAntoni .. Sertifikat tanah pakai uang pribadi anda ??? Anda sebagai Wamen di gaji rakyat atau di gaji pakai dana pribadi Pak Lurah ??? Wahai para generasi milenial dan Gen Z .. JANGAN PILIH CALLEG @psi_id PENGGEMAR KKN. https://t.co/BSAAsvScO6","1739240950227185995","https://pbs.twimg.com/media/GCMGbTkbIAEF55G.jpg","","in","","0","0","2","https://x.com/FaGtng/status/1739240950227185995","972357839279673344","FaGtng"
"1738102269357465815","Sat Dec 23 03:23:14 +0000 2023","0","@asumsico Milennial + gen Z gaji dibawah UMR: ️","1738399839560589774","","asumsico","in","","0","0","0","https://x.com/Es5e9ar/status/1738399839560589774","1328440353574191105","Es5e9ar"
"1738122209158377854","Fri Dec 22 09:00:02 +0000 2023","6","Bincang Seru dengan Merry Riana terkait Anak Muda nih guys Gen Z dan Millenial wajib pahami ini menarik banget ... Sandrina Rosalia Indah Gaji 40jt Ajudan Ini X Samsul Gibran Selamat Hari Ibu Kuma Cawapres https://t.co/1oEq50VLHQ","1738122209158377854","https://pbs.twimg.com/ext_tw_video_thumb/1738122154221424640/pu/img/Sd9PLkkEqaJyxxR0.jpg","","in","Bogor","0","0","1","https://x.com/AdindaSilvy12/status/1738122209158377854","1577561349680664576","AdindaSilvy12"
"1738074684842029367","Fri Dec 22 05:51:11 +0000 2023","1","3 Tahun terakhir investor pasar modal dan saham tercatat terus melonjak. Dan uniknya hampir 10 juta investor didominasi anak muda alias gen z. Kira-kira jenis saham yang cocok untuk gen z apa ya? Gaji belum Rp 40 juta apa boleh investasi? https://t.co/G3eN8U4yH8","1738074684842029367","","","in","DKI Jakarta, Indonesia","0","0","0","https://x.com/voidotid/status/1738074684842029367","1186946650595418116","voidotid"
"1738061200439771222","Fri Dec 22 04:57:36 +0000 2023","0","Jaman sekarang lagi rame di kalangan gen Z gaji kecil gaya selangit","1738061200439771222","","","in","Indonesia","0","0","0","https://x.com/getreach_id/status/1738061200439771222","1695269671803793409","getreach_id"
"1737996898915754038","Fri Dec 22 00:42:05 +0000 2023","1","Gen Z cenderung memilih turun gaji demi mendapatkan lingkungan kerja yang ideal dan yang mereka inginkan. #kumparanTECH https://t.co/xRuKuj3Xp0","1737996898915754038","","","in","","0","0","0","https://x.com/kumparan/status/1737996898915754038","759692754985242625","kumparan"
"1737382701748105353","Thu Dec 21 02:16:44 +0000 2023","0","@ahmadsyarif91 @kegblgnunfaedh Kbtulan anak buah sy ad yg Gen Z. Kerja bnyk duduk ny sering g masuk dgn dalih sakit tp kok seminggu pasti 3 hari berturut turut sakit -_-. G suka sm gaji bukannya mundur mlh nyusahin atasan nya ","1737658328334176654","","ahmadsyarif91","in","Sukabumi, Indonesia","0","0","0","https://x.com/nurman307/status/1737658328334176654","246178041","nurman307"
"1737132840142414276","Thu Dec 21 00:17:20 +0000 2023","0","@baekrikk @PNS_Ababil Problematic ya anda tipikal gen z. Cut off dibilang potong tukin. Gaada bonus dibilang dpt bonus. Semoga si kejadian beneran ya kelak. Anda beneran dipotong 900k saya dpt bonus 2x gaji. Aamiin","1737628281158226224","","baekrikk","in","","0","2","0","https://x.com/HanyaPelayan/status/1737628281158226224","1258241191302148098","HanyaPelayan"
"1737510768592269406","Wed Dec 20 16:30:23 +0000 2023","1","HRD yang banyak bacot gen Z itu komplain nya seputar starting position dengan fasilitas sub par dan jam kerja gak sebanding upah? Kayak implying karyawan senior gen Z gaji 2 dijit dengan tunjangan segala macem gak pernah buat onar?","1737510768592269406","","","in","","0","1","0","https://x.com/ahsaaan0/status/1737510768592269406","1249729666358710272","ahsaaan0"
"1737276616034881681","Wed Dec 20 04:18:11 +0000 2023","14","@pdiihperjuangan @sampahsushi69 @catuaries @AkuntanMilenial Makanya anjir kocak aja sekarang gaji 20 juta harga rumah di pinggiran aja udah nyentuh 800 juta (hampir 1 M lah) belom lagi harga pangan ga ngotak bahan bakar ga karuan dan aspek lainnya. Tai lah gen z kebanyakan ngopi boomer noh kebanyakan nimbun properti","1737326504789651718","","pdiihperjuangan","in","Santa Monica, CA","0","3","2","https://x.com/markaspampam/status/1737326504789651718","1261631489101328384","markaspampam"
"1737068977023820084","Tue Dec 19 11:14:58 +0000 2023","0","Terutama bagi fresh graduate. Boleh consider dapatkan pelan khas untuk Gen Z. Hanya perlu 10% je dari gaji. Tak perlu lebih. https://t.co/QH5efueZTh","1737069004991406487","https://pbs.twimg.com/media/GBtPC33boAAJaya.jpg","kurogane_shiro","in","Bandar Kuala Lumpur, Wilayah P","0","1","0","https://x.com/kurogane_shiro/status/1737069004991406487","707607495452131328","kurogane_shiro"
"1737008305925742807","Tue Dec 19 07:13:46 +0000 2023","0","di titik ini gue beneran percaya kalo gaji gen z habis buat menuhin inner child nya","1737008305925742807","","","in","","0","0","0","https://x.com/nadhiiifff/status/1737008305925742807","1334519818288971780","nadhiiifff"
"1736898383527424138","Tue Dec 19 00:31:53 +0000 2023","0","@puppophile Gak tau ya :( kayaknya di era sekarang pembuatnya pada tau kalau kebanyakan gen z yang coquette itu berlomba-lomba aesthetic dan mempunyai semacam barbie and friends. AKU JUGA pengen punya sih tapi ya nunggu aku punya gaji 10 juta.","1736907169302450597","","puppophile","in","Rivington","0","1","0","https://x.com/springhued/status/1736907169302450597","1156068896522158081","springhued"
"1736346744387256734","Mon Dec 18 03:41:29 +0000 2023","0","@shitlicious bahkan yang kelahiran 2000an aja ada mas saya sebagai gen z angkatan awal cukup kaget","1736592495751155728","","shitlicious","in","markas boboiboy","0","0","0","https://x.com/masroy33/status/1736592495751155728","389273223","masroy33"
"1736180062498754764","Sun Dec 17 09:25:15 +0000 2023","851","@tanyakanrl Nasihat buat gen Z yg mulai kerja. - tetap bantu ortu kamu dalam kadar semampu kamu - jangan boros jangan judol - jangan kasih tahu nominal tabungan dan gaji km ke siapapun","1736316615942447145","","tanyakanrl","in","","3","1","18","https://x.com/rahuvanaputih/status/1736316615942447145","557743378","rahuvanaputih"
"1735856019509752066","Sat Dec 16 06:03:23 +0000 2023","0","@worksfess Gaji pertama fg 6 senin-jumat jam 7-16. Kalo lembur tiap hari bisa dapet nyampe 8 9an. Sabtu bs jadi masuk 1/2 hari (nambah lagi uang lembur) Sistem kontrak enak gak enak sih wkwk dinikmatin aja toh semua jg ada + - nya.","1735903427325297004","","worksfess","in","","0","1","0","https://x.com/HumanGenZ/status/1735903427325297004","1356123041432932354","HumanGenZ"
"1735874717872234850","Sat Dec 16 04:09:18 +0000 2023","0","NdrewTjan ini pendukung Prabowo dan tidak mewakili suara swing voters dan juga Gen Z. Swing Voters dan Gen Z kalian punya sikap sendiri jangan mau di dikte oleh orang ini. Sekian dan terima gaji.","1735874717872234850","","","in","","0","0","0","https://x.com/HowlBoro/status/1735874717872234850","1509332730839937024","HowlBoro"
"1735492377824121325","Fri Dec 15 21:15:24 +0000 2023","0","@worksfess intinya itu kalau gak tahu tanya! kalau gak bisa belajar ini sebabnya aku lebih suka nawarin karyawan lama di gaji 10X daripada memperkerjakan 10 karyawan baru gen Z kontribusi mereka gak ada malah bikin pekerjaan yang lain menumpuk produksi melambat","1735770557160006119","","worksfess","in","","0","0","0","https://x.com/DiloAtsuk4/status/1735770557160006119","1475596911889379329","DiloAtsuk4"
"1735700295802622172","Fri Dec 15 16:36:12 +0000 2023","0","untung josh milenial ga kayak yg katanya gen z ((termasuk gue)) wah ngerjain kerjaan temen yg cuti gaji tdk sesuai mending r word","1735700295802622172","","","in","s/her ID/EN","0","0","0","https://x.com/orchestober/status/1735700295802622172","1025400041500901376","orchestober"
"1735623190628774297","Fri Dec 15 11:29:49 +0000 2023","0","ketimbang nangisin capres mending nangisin idup u sendiri aja deh mereka gagal nyapres jg masih bisa leha2 nikmatin aset lah kita? gen z gaji umr+generation sandwich beli rumah aja mampu ","1735623190628774297","","","in","Johore, Malaysia","0","0","0","https://x.com/heidikusendang/status/1735623190628774297","984696046063304704","heidikusendang"
"1735510004176994735","Fri Dec 15 10:29:27 +0000 2023","0","@worksfess gw ex di processing agribusinessnya berharap sama gaji yg ada di OL aja karena kenaikan tiap taun ga bisa di harapkan. lalu pekerjanya banyak babyboomer buat yg gen z dan millenial sabar sabar untuk adaptasi apalagi kalo ada transisi system","1735607996783505799","","worksfess","in","Johore, Malaysia","0","0","0","https://x.com/bmegaj/status/1735607996783505799","82265069","bmegaj"
"1735213043565621733","Fri Dec 15 00:49:35 +0000 2023","0","@worksfess Nahan ijazah gaada uang lembur gaji dibawah umr","1735462069062058264","","worksfess","in","","0","0","0","https://x.com/HumanGenZ/status/1735462069062058264","1356123041432932354","HumanGenZ"
"1735294765720346911","Thu Dec 14 13:44:47 +0000 2023","1","alhamdulillah udah setengah tahun semenjak wisuda udah lumayan berprogress salah satunya ngalamin gaji yang tiap bulannya ga pernah sama alias ningkat terus alhamdulillah semangatt merintis karir wahai gen z ingat ada 17 juta teman gen z lainnya yang siap bekerja","1735294765720346911","","","in","tenerife sea","0","1","0","https://x.com/miIdmoon/status/1735294765720346911","437250608","miIdmoon"
"1735150812383600800","Thu Dec 14 05:51:50 +0000 2023","60","@adiiprnmo Mental SDM kita jg pengaruh sih. Kebnykan pengin kerja nyaman aman di balik meja administratif. Coba challenge lain dong ke Divisi marketing &amp; penjualan. Disana gaji tak terbatas karir bisa sampe Puncak perusahaan. Klo gen z &amp; milenial cm ngeluh gaji kecil ke negara? ","1735175747621531692","","adiiprnmo","in","Negeri Adjaib","30","43","9","https://x.com/njar_brahma/status/1735175747621531692","56909278","njar_brahma"
"1734943766488961308","Thu Dec 14 03:10:37 +0000 2023","0","@worksfess Aku gen z alesan paling tinggi w resign adalah ya gaji ga sesuai jobdesc ga sesuai sama skill kek semacam w ngasi 75% ke perusahaan tapi perusahaan ngasihnya cuma 30% ke w jd tidak sebanding","1735135174906859756","","worksfess","in","Indo","0","0","0","https://x.com/remunov/status/1735135174906859756","1307442758114705408","remunov"
"1735129509375119680","Thu Dec 14 02:48:06 +0000 2023","0","gaji dua digit dan punya rumah adalah sesuatu yang terasa amat mustahil untuk gen z","1735129509375119680","","","in","","0","0","0","https://x.com/alkaa103/status/1735129509375119680","1057589934465273856","alkaa103"
"1735109618496622942","Thu Dec 14 01:31:39 +0000 2023","0","Nih kalau dikatain Gen z manja atau apa. Gue nggak peduli. Kalau cuma dianjing anjingin atasan gue oke aja b aja. Kalau masalah gaji mikir puluhan kali buat bertahan. Ngasih gaji jauh di bawah UMR tahan ijazah tapi job desk segambreng mana 12 jam kerja. Fak kata gw teh.","1735110268127170728","","maungnyahosh","in","Wortel","0","1","0","https://x.com/maungnyahosh/status/1735110268127170728","1375986675378135042","maungnyahosh"
"1734775152473526678","Wed Dec 13 13:29:43 +0000 2023","0","@worksfess Ambil selama kontrak tsb jelas (ga nahan ijazah atau hal lainnya yg aneh2 dan memberatkan) + gaji at least umr. Itu udah cukup buat fg","1734928586233319438","","worksfess","in","","0","0","0","https://x.com/HumanGenZ/status/1734928586233319438","1356123041432932354","HumanGenZ"
"1732627022940406132","Tue Dec 12 22:08:51 +0000 2023","0","@MARKLIxUP udah kaya gen z aja baru kerja minta gaji 2 digit","1734696844620706204","","masLHAECHAN","in","Putu Dewangga Datara’s","0","1","0","https://x.com/rucheIia/status/1734696844620706204","864058285783003136","rucheIia"
"1734422827938586666","Tue Dec 12 10:34:24 +0000 2023","0","@worksfess Mau jadi yang jawab tapi gaji belum 2 digit","1734522081357033555","","worksfess","in","","0","0","0","https://x.com/BambangGenZ/status/1734522081357033555","1730937540201545728","BambangGenZ"
"1734497510906016115","Tue Dec 12 08:56:46 +0000 2023","0","yang trending dan tak akan lekang oleh waktu di twitter: 1. gaji 2 digit 2. thread cowo/cewe red flag 3. video artis 4. kontroversi habit gen z 5.","1734497510906016115","","","in","Depok, Jawa Barat","0","1","0","https://x.com/ddiyanlestari/status/1734497510906016115","60536179","ddiyanlestari"
"1734408729335120169","Tue Dec 12 03:10:14 +0000 2023","0","Bahas Rohingyah yang di benci Gen Z karna dateng dateng minta tanah buat tinggal gen z aja masih sibuk nyari kerjaan yang easy working gaji 7juta. Alm yang jual diri aja 30juta harus effort desah ama pura pura enak.","1734410300768796908","","benggss_","in","Diatas neraka,dibawah surga","0","1","0","https://x.com/benggss_/status/1734410300768796908","180206106","benggss_"
"1734408150802207215","Tue Dec 12 03:01:41 +0000 2023","0","Anggaplah gen z yg kirim menfess ini brrti harusnya umur 26 kebawah asumsi masih fg umur 24-20 karena udh mikirin nikah Pertanyaannya perusahaan mana yg ngasi fg gaji 25jeti perbulan? wqwq","1734408150802207215","","","in","unknown","0","0","0","https://x.com/semangatnes/status/1734408150802207215","386551881","semangatnes"
"1734291924826349657","Mon Dec 11 19:19:51 +0000 2023","0","Hal-hal yg dihindarkan oleh Gen Z tentang keuangan : 1. Hidup foya-foya dan sering menghambur-hamburkan uang untuk lifestyle 2. Terlalu boros untuk membeli sesuatu sehingga uang cepat habis 3. Gaji menjadi patokan utama anak muda 4. Tidak mempunyai dana darurat","1734291924826349657","","","in","Surabaya, East Java 🇮🇩","0","1","0","https://x.com/anggerstars/status/1734291924826349657","1072460044745076736","anggerstars"
"1734199173464088892","Mon Dec 11 13:11:17 +0000 2023","0","apalah aku tanpa bapak ku gaji fresh graduate ini sangat tidak menutupi hidupku yg sgt hedon ini️️️️ tiket pp mdc-jkt juga dibayarin sgt gen z code bgt️️️️ pertanyaan w duid gua kemana anjj kok udh abis ajaa https://t.co/PbgY1Qeb59","1734199173464088892","https://pbs.twimg.com/media/GBEc9GobYAA1eiL.jpg","","in","","0","0","0","https://x.com/hchaiicy/status/1734199173464088892","1648335700696403969","hchaiicy"
"1734025757243199747","Mon Dec 11 11:31:36 +0000 2023","0","@tanyarlfes Jd lu marah2 gini ga membuat gen z lain yg bernasib malang dengan gaji UMR bisa dpt rumah -_- udh bener ada meme sindiran itu biar negara melek","1734174088149823924","","CharmingDevilll","in","","0","0","0","https://x.com/CharmingDevilll/status/1734174088149823924","944069153534513152","CharmingDevilll"
"1734045841630122075","Mon Dec 11 03:02:00 +0000 2023","0","Bagi Gen Z kelas UMR apa iya gaji UMR bisa nabung apalagi investasi? Eits jangan salah bareng Financial Planner Mike Rini banyak trik nih yang bisa kamu ambil. Tonton #KODEKompasTV hanya di Channel Youtube KompasTV! : https://t.co/j06LHwMYd6 https://t.co/mY0Ircx2Ys","1734045841630122075","https://pbs.twimg.com/media/GA9ZcupacAAm7GO.jpg","","in","Indonesia","0","0","0","https://x.com/KompasTV/status/1734045841630122075","71436318","KompasTV"
"1734025757243199747","Mon Dec 11 02:43:33 +0000 2023","0","@tanyarlfes yakin gen Z bisa dapet gaji UMR nanti?","1734041197705080833","","tanyarlfes","in","","0","0","0","https://x.com/DiloAtsuk4/status/1734041197705080833","1475596911889379329","DiloAtsuk4"
"1733831428666757397","Sun Dec 10 12:50:00 +0000 2023","1","Bagi Gen Z kelas UMR apa iya gaji UMR bisa nabung apalagi investasi? Eits jangan salah bareng Financial Planner Mike Rini banyak trik nih yang bisa kamu ambil. Tonton #KODEKompasTV sesaat lagi hanya di Channel Youtube KompasTV! : https://t.co/j06LHwMqny https://t.co/BoBOPXB7Z6","1733831428666757397","https://pbs.twimg.com/media/GA9ZcupacAAm7GO.jpg","","in","Indonesia","0","0","0","https://x.com/KompasTV/status/1733831428666757397","71436318","KompasTV"
"1733774050785378531","Sun Dec 10 09:02:00 +0000 2023","4","Bagi Gen Z kelas UMR apa iya gaji UMR bisa nabung apalagi investasi? Eits jangan salah bareng Financial Planner Mike Rini banyak trik nih yang bisa kamu ambil. Tonton #KODEKompasTV malam ini pkl 20.00 WIB hanya di Channel Youtube KompasTV! : https://t.co/j06LHwMYd6 https://t.co/eD0qKiR0WZ","1733774050785378531","https://pbs.twimg.com/media/GA9ZcupacAAm7GO.jpg","","in","Indonesia","0","0","0","https://x.com/KompasTV/status/1733774050785378531","71436318","KompasTV"
"1733713653310845436","Sun Dec 10 05:02:00 +0000 2023","0","Bagi Gen Z kelas UMR apa iya gaji UMR bisa nabung apalagi investasi? Eits jangan salah bareng Financial Planner Mike Rini banyak trik nih yang bisa kamu ambil. Tonton #KODEKompasTV malam ini pkl 20.00 WIB hanya di Channel Youtube KompasTV! : https://t.co/j06LHwMqny https://t.co/iGcYKZb5f5","1733713653310845436","https://pbs.twimg.com/media/GA9ZcupacAAm7GO.jpg","","in","Indonesia","0","0","0","https://x.com/KompasTV/status/1733713653310845436","71436318","KompasTV"
"1733650238030954539","Sun Dec 10 04:20:01 +0000 2023","0","@worksfess Masih FG wajarlah anak2 gen Z yang baru lulus kenapa sih langsung minta gaji 2 digit kecuali jam terbang lu dan fortopolio lu udah banyak atau enggg itu perusahaan keluarga bapak lu","1733703089851679083","","worksfess","in","","0","0","0","https://x.com/dwiretno_wuland/status/1733703089851679083","359386234","dwiretno_wuland"
"1733299174328992145","Sun Dec 10 01:00:01 +0000 2023","1","@worksfess Lagian gen z yang diliat cuma youtuber dan anak orkay doang. Masih banyak loh gen z udah kerja pontang panting tapi gaji masih underpaid. Blum lagi harga properti udah naik banget gegara gen sebelumnya.","1733652755632603136","","worksfess","in","","0","0","0","https://x.com/axelpiaoliang/status/1733652755632603136","1364611342116691969","axelpiaoliang"
"1733107079408443601","Sat Dec 09 11:11:09 +0000 2023","0","@sosmedkeras Pantesan gen z banyak yang jadi simpenan om-om ekspektasi gaji nya aja segitu","1733444163906179486","","sosmedkeras","in","","0","0","0","https://x.com/Fufufu92/status/1733444163906179486","1481917453219545093","Fufufu92"
"1733099217642569738","Sat Dec 09 04:54:05 +0000 2023","0","@nightowlharu Gen z disuruh nabung gaji untuk beli rumah lho rumah kita kan desix yak","1733349274694660487","","nightowlharu","in","ID🇲🇨","0","1","0","https://x.com/youngkjigae/status/1733349274694660487","1262050419829694466","youngkjigae"
"1733075196310098114","Sat Dec 09 03:49:20 +0000 2023","0","@worksfess org org kek lu ni nder yg bikin org2 ber stigma negatif sama fg gen z. baru juga lulus dah mau GAJI GEDE. ngimpi","1733332980297535769","","worksfess","in","","0","0","0","https://x.com/oraisooo/status/1733332980297535769","756301503573274624","oraisooo"
"1733261228238393350","Fri Dec 08 23:04:13 +0000 2023","1","Harga properti semakin mahal saja sementara kenaikan gaji tidak seimbang. Bagaimana langkah cerdas Gen Z supaya bisa beli properti ? Simak ulasan saya pada artikel KoCek di Tabloid Kontan edisi 27 November - 3 Desember 2023 #Cerdaskeuangan https://t.co/iJbnvpEvYa","1733261228238393350","https://pbs.twimg.com/media/GA3H4dlaAAAJTP1.jpg","","in","Jakarta","0","0","0","https://x.com/erlrights/status/1733261228238393350","34564542","erlrights"
"1733083100044009713","Fri Dec 08 11:16:24 +0000 2023","0","ekspetasi gen z tinggi2 yaa masalah gaji. Kaya pada kuat mental aj pas udah kerja","1733083100044009713","","","in","Tangerang, Banten","0","0","0","https://x.com/Om_ch15/status/1733083100044009713","706008751233339392","Om_ch15"
"1733016924706213975","Fri Dec 08 06:53:27 +0000 2023","0","gimana gen z punya rumah ya kalo gaji rata2 gen z masih dibawah 3 jt","1733016924706213975","","","in","Pati, Jawa tengah, Indonesia","0","1","0","https://x.com/_depadepa/status/1733016924706213975","1236356671472975872","_depadepa"
"1732998014355263996","Fri Dec 08 05:38:18 +0000 2023","0","gen z ketika keterima kerja","1732998014355263996","","","in","markas boboiboy","0","0","0","https://x.com/masroy33/status/1732998014355263996","389273223","masroy33"
"1732747231588208726","Thu Dec 07 23:53:46 +0000 2023","1","@recehtapisayng Pantes gaji lu 3 juta nyebut 'kuota' aja jadi 'kouta'. Makanya sekolah goblok. Hedeh.","1732911309946241436","","recehtapisayng","in","Jakarta Capital Region, Indone","0","0","0","https://x.com/GenZCoy/status/1732911309946241436","1344764728619409408","GenZCoy"
"1732731251835158975","Thu Dec 07 11:58:17 +0000 2023","0","Semua benda nak kena suruh selagi tak suruh selagi tu tak buat. Seperti: cuci tandas vacuum bilik. Takde common sense sebab gaji kau dibyr sebagai bibik utk mengemas tapi tak buat. Gen z so faktab","1732731251835158975","","","in","","0","0","0","https://x.com/zatizai/status/1732731251835158975","288659229","zatizai"
"1732373616959127830","Thu Dec 07 00:07:04 +0000 2023","0","@MrOngDedy Inilah yg membuat gen z gak mampu beli rumah meski gaji tinggi. ","1732552269286297762","","MrOngDedy","in","","0","0","0","https://x.com/Jamet1410/status/1732552269286297762","1431531634826747909","Jamet1410"
"1732040519348519330","Wed Dec 06 10:04:43 +0000 2023","1","@Ustad_Pendeta @RienFn1 @imstantnoodle @cinnamongirlc Kebanyakan gen Z jaman sekarang gitu info nya dapet dari obrolan2 doang ga paham kok gaji UMKM remdah tuh knp wkwkwk biasa lah wkwk","1732340284057690376","","Ustad_Pendeta","in","","0","1","0","https://x.com/MajapahitReborn/status/1732340284057690376","3327925645","MajapahitReborn"
"1731905829895544932","Tue Dec 05 07:22:54 +0000 2023","38","@wanzbkr @utdfocusid bukan penyefong ETH tapi mau nnya. jd mksd abang kek manalah sistem melatih yang ok buat pemain ini? abg ini kek gen z bgt dikerasin dikit supaya disiplin &amp; menang malah tantrum. kira2 begitu lah gambaran MU bang. ingat gaji mereka milyaran perminggu. lari udh jd tugas mereka","1731937174738862405","","wanzbkr","in","","0","3","1","https://x.com/txtdrkeylie/status/1731937174738862405","1173519777031045120","txtdrkeylie"
"1731912369972879441","Tue Dec 05 05:44:21 +0000 2023","0","Taik lu tu di bayar mahal gaji tinggi latihan keras dikit ngeluh bangsat blang latihan keras pas di lapangan lembek kayak tapai @MarcusRashford @AnthonyMartial dan Gen Z material lord @Sanchooo10","1731912369972879441","","","in","ÜT: 0.508556,101.418666","0","0","0","https://x.com/wahyudi_tino/status/1731912369972879441","210065083","wahyudi_tino"
"1731841116545163321","Tue Dec 05 01:05:49 +0000 2023","1","@RIIZEfess harus double sih gaji nya ini wkwkwk klo anak riize kagak gen z bgt itu tiktok debuan kali ya","1731842278044434745","","RIIZEfess","in","Indonesia","0","0","0","https://x.com/kaiskrrr/status/1731842278044434745","1326093267704819712","kaiskrrr"
"1731806767993229452","Mon Dec 04 23:20:00 +0000 2023","0","@utdfocusid Ngeluh mulu lu pemain mu kek gen z gaji gede juga..","1731815646319759825","","utdfocusid","in","","0","0","0","https://x.com/_agakgabut/status/1731815646319759825","1628000832410238976","_agakgabut"
"1731676389697327398","Mon Dec 04 14:06:38 +0000 2023","0","Naikin gaji tim sosmed nya treasure yg sekarang! Wooooi suka bgt gue ama kontennya sungguh gen z sekali wkwkwk kayak udah ga ketinggalan trend","1731676389697327398","","","in","Indonesia","0","0","0","https://x.com/ratnadyaaah/status/1731676389697327398","227649007","ratnadyaaah"
"1731582560680169804","Mon Dec 04 08:10:05 +0000 2023","0","@newsplatter ada artis pelawak sekarang jadi anggota dpr punya mbak banyak yg lebaran mau lembur ga pulang kampung dpt 3 kali gaji itu ga sengaja liat pas gw kecil di infotaiment sekarang gen z ada yg heran beliau kaya raya padahal dah jaman dulu kaya ","1731586657714049098","","newsplatter","in","","0","3","0","https://x.com/pakeMotorTrail/status/1731586657714049098","2188298173","pakeMotorTrail"
"1731307304048562293","Mon Dec 04 00:56:52 +0000 2023","1","@worksfess Masi FG kok berharap gaji 2 digit. Pengalaman kerja aja blm ada kerja baru sebulan dua bulan udh resign dgn alasan gak masuk akal. Sape lo? Nikmati proses aja dulu asah skill udh ada pengalaman baru ngarepin gaji 2 digit. Ada2 aj gen z ini","1731477636235641255","","worksfess","in","","0","0","0","https://x.com/deldheldel/status/1731477636235641255","138320906","deldheldel"
"1731234631259939113","Sun Dec 03 14:45:37 +0000 2023","0","@tanyarlfes kata siapa? temen ak gen z udh bbrp yang beli rumah hasil uang sendiri ya emng sii gaji tmnku udh diatas UMR JKT selain itu jg ada yg udh 2 digit","1731323808592933227","","tanyarlfes","in","","0","0","0","https://x.com/Cheesecake24_/status/1731323808592933227","1613044735916249088","Cheesecake24_"
"1731314360419823727","Sun Dec 03 14:08:04 +0000 2023","5","Jadi bos itu boleh toxic kalo ngegaji 200jt bos yang ngasih gaji masih umr apalagi dibawah umr jangan toxic gitu kali ya maksud dari gen Z?","1731314360419823727","","","in","DKI Jakarta, Indonesia","0","1","0","https://x.com/RahmetAbabil/status/1731314360419823727","894774391","RahmetAbabil"
"1731264334054162538","Sun Dec 03 10:49:17 +0000 2023","2"," menurut kalian diumur berapa gen z bakal punya rumah sendiri? ditengah kota jakarta dan gaji UMR apa terlalu berlebihan kalo kita mengharapkan punya pasangan yang udah punya rumah sendiri? TIA","1731264334054162538","","","in","","2","5","0","https://x.com/convomf/status/1731264334054162538","1314975287294083073","convomf"
"1731188081582391529","Sun Dec 03 05:46:17 +0000 2023","1","being gen z dengan gaji besar","1731188081582391529","","","in","Jakarta Capital Region","0","0","0","https://x.com/itsayssofr/status/1731188081582391529","1719343586796535808","itsayssofr"
"1730612031966027852","Fri Dec 01 15:37:16 +0000 2023","0","Ini yg ngedit cipi anak gen z apa gimana cepet bener karirnya kek anak gen z today yg tiba2 pengen gaji gede posisi bagus tapi masi fresh graduate haufttttt","1730612031966027852","","","in","Purworejo . Jogjakarta","0","1","0","https://x.com/batusaphir/status/1730612031966027852","261565247","batusaphir"
"1730456648056275283","Fri Dec 01 13:36:17 +0000 2023","0","@Adisanjaya971 @CNNIndonesia Karena staf maunya menjawab...hahahha Inilah kita gaji staf aja setara pendapatan 1 kabuaten","1730581585391747091","","Adisanjaya971","in","","0","1","0","https://x.com/gen__zet/status/1730581585391747091","858318977373683714","gen__zet"
"1730564291416490192","Fri Dec 01 12:27:34 +0000 2023","4","Pantang la aku guna ayat gen z lah millenial lah kalau nak kecam. Macam tau sgt sapa yg duduk dlm kelompok tu. Org sekarang demand macam2 sebab zaman sekarang masih ada lagi majikan yg tipu/ aniaya pekerja. OL sebut gaji minimum tapi bila dpt dia bagi gaji minimum zaman mahathir","1730564291416490192","","","in","","0","1","0","https://x.com/taffateyhah1/status/1730564291416490192","1056892219825647616","taffateyhah1"
"1728971725512344019","Mon Nov 27 03:22:00 +0000 2023","0","@broukolii @PorosHalangID Gen z material tapi engak apalah yang mau main sama MU aja gaji nya juga mahal bisa ngurangi beban gaji tinggi ...","1728977447130103920","","broukolii","in","ÜT: 0.508556,101.418666","0","0","0","https://x.com/wahyudi_tino/status/1728977447130103920","210065083","wahyudi_tino"
"1728671329543725547","Sun Nov 26 07:05:36 +0000 2023","0","darisini gua percaya apa kata emak gue buat kasih 100% gaji ke dia KARNA GEN Z GABISA NGELOLA DUIT ANJIR","1728671329543725547","","","in","","0","0","0","https://x.com/isurvivedwohoo/status/1728671329543725547","1001252762804371456","isurvivedwohoo"
"1728299647549202852","Sun Nov 26 01:58:46 +0000 2023","0","@txtdrpemerintah hehe bener. dibanding ngajar waktu di kelas habis kepake buat ngajarin mereka cara beretika dan adab karna yang diajar anak gen z. belum lagi gaji kecil tuntutannya segunung ","1728594112432296382","","txtdrpemerintah","in","","0","0","0","https://x.com/strawberrieds/status/1728594112432296382","1021628688796794881","strawberrieds"
"1728439504116293700","Sat Nov 25 15:44:25 +0000 2023","0","Gaji dibeliin kuota doang cukupnya terus disuruh ngangon gen z minim akhlak gimana gak depresot pak.","1728439504116293700","","","in","Fan Account slightly PA","0","1","0","https://x.com/lastdayofsept/status/1728439504116293700","1276692078735486976","lastdayofsept"
"1728359128484241469","Sat Nov 25 13:50:51 +0000 2023","0","@worksfess Bukan masalah gen z ga sih cuma gaji wfh sama wfo tuh gimana yaa banyak yg bisa disimpen daripada abis dijalan. Bukan mslh gen z nya cuma emang sekarang udh bisa akses wfh. Bukan karena males ye ke kantor ","1728410924657295822","","worksfess","in","Yogyakarta, Indonesia","0","0","0","https://x.com/maumaya_/status/1728410924657295822","1432532498","maumaya_"
"1728359128484241469","Sat Nov 25 11:29:50 +0000 2023","10","@worksfess lha aku bukan gen z aja jg seneng wfh. yo nek kantor gur 5 menit tekan gari mlaku rapopo. nek 10 km bensine piro cuk? kene gaji mepet ora gur nggo entek neng dalan soyo umr gur 2 jutanan ra mundak2 dasar jateng!","1728375438756794656","","worksfess","in","Seoul, Republic of Korea","0","1","0","https://x.com/sinanons/status/1728375438756794656","1157049145","sinanons"
"1728247149719380450","Sat Nov 25 03:50:22 +0000 2023","0","@worksfess yaampun gen z gen z mau di kasih gaji dollar malah dah nyerah dulu","1728259807948517433","","worksfess","in","","0","0","0","https://x.com/parjimenasu/status/1728259807948517433","1216796959333203968","parjimenasu"
"1728191986635817370","Sat Nov 25 01:32:58 +0000 2023","1","@Poernomo1307 @saiful_mujani Gen Z jangan pilih presiden yang daya pikirnya.sudah menurun Jaman kolonial dulu .. segala masalah bisa diselesaikan dengan uang Sekarang dengAn makan gratis Penegakan hukum kasih hakim gaji tinggi Regulasi export hasil tani .. makAn gratis MAU PUNYA PRESIDEN BGINI ?","1728225231888867382","","","in","","0","0","0","https://x.com/Oleng_YNWA/status/1728225231888867382","1299176531256721408","Oleng_YNWA"
"1728062596488790364","Fri Nov 24 14:46:43 +0000 2023","1238","-star Naikin gaji editornya zb1! beneran editan anak gen z bgt gakuat ngakak aduh https://t.co/wSgVS4aeSy","1728062596488790364","https://pbs.twimg.com/ext_tw_video_thumb/1728050929000480768/pu/img/Uvh-Zfvg3GQ8LEPW.jpg","","in","RULES DI LINK","33","21","226","https://x.com/starfess/status/1728062596488790364","1210342758029807616","starfess"
"1728045184254939450","Fri Nov 24 13:37:32 +0000 2023","1","Alasan kota bekasi gaji harus tinggi Demi menjalankan program jutaan tempat tinggal baru buat gen z dan milenial Cc @jokowi @KemenPU @txtdrbekasi https://t.co/OVu5Te2f0q","1728045184254939450","https://pbs.twimg.com/ext_tw_video_thumb/1728045135433445376/pu/img/Nvv6nlwI7rcx9swa.jpg","","in","Jakarta Timur, DKI Jakarta","1","0","0","https://x.com/fwbenefit233391/status/1728045184254939450","1706194350257102848","fwbenefit233391"
"1727948148075802669","Fri Nov 24 07:11:56 +0000 2023","0","hanya untuk HR pemula adik-adik gen z yg sudah merasa wow dengan posisinya. gaji lu dikit bgst","1727948148075802669","","","in","","0","0","0","https://x.com/YAANJINHGG/status/1727948148075802669","1711787659822235648","YAANJINHGG"
"1727942546918457502","Fri Nov 24 06:49:41 +0000 2023","0","BEKERJA BUKAN SOAL GAJI TAPI BISA BERMANFAAT UNTUK ORANG BANYAK . . Imam Mahdi #GISELLE Gemoy Ketua KPK Shah Rukh Khan Papua Gen Z Jumatan asal bukan banteng #ganjarpranowo #ganjarpresiden #atikohganjarpranowo #alam #ganjarmahfud #2024 #pilpres #capres #ganjar #tpn https://t.co/CbPIquc3bM","1727942546918457502","https://pbs.twimg.com/ext_tw_video_thumb/1727942326738403328/pu/img/avJl9OB5f0uu0v89.jpg","","in","","0","0","0","https://x.com/Berang_Kutu_1/status/1727942546918457502","1715368584799825920","Berang_Kutu_1"
"1727942224212865511","Fri Nov 24 06:48:24 +0000 2023","0","Gue kerja buat diri sendiri gaji juga buat diri sendiri kdg sisihin buat mama itu wajar yg ga wajar itu duit hasil tenaga keringet sendiri buat orang lain. Yg ngehamilin suaminya nikah muda karna trend gen z yg disuruh beli susu malah gue skrg kelabakan suaminya main judol","1727942224212865511","","","in","she/her•ू♡.","0","0","0","https://x.com/alabyuoongi/status/1727942224212865511","1075084453267927041","alabyuoongi"
"1727933871113801961","Fri Nov 24 06:15:12 +0000 2023","0","Mayoritas Gaji Gen Z di Bawah Rp2 5 Juta per Bulan https://t.co/piyP3AswKk","1727933871113801961","","","in","","0","0","0","https://x.com/IDNTimes/status/1727933871113801961","388190238","IDNTimes"
"1727915171312709855","Fri Nov 24 05:42:22 +0000 2023","0","@lps_idic secara umum harga properti yang tinggi pekerjaan yang tidak stabil gaji rendah dan beban utang adalah beberapa faktor yang menyebabkan kesulitan bagi Milenial dan Gen Z dalam membeli properti.","1727925606825005173","","lps_idic","in","","0","1","0","https://x.com/gwenchanaya7313/status/1727925606825005173","1606573737914281984","gwenchanaya7313"
"1727317117803139242","Wed Nov 22 16:50:01 +0000 2023","1","@sosmedkeras tapi pengeluaran lebih gede presentasenya dari pada naik nya gaji","1727368849136521224","","sosmedkeras","in","","0","0","0","https://x.com/adamwildanf/status/1727368849136521224","1710460121908908033","adamwildanf"
"1727301461682577793","Wed Nov 22 12:22:14 +0000 2023","0","sumpah ya gue ga sekali dua kali ditanyain orang yg gue tau pasti gen Z yg ditanya kerja tuh BENEFITNYA DOANG harusnya yg lu tanya tuh kerjanya ngapain? pokoknya yg ditanya tuh gaji bisa wfh atau ga sabtu masuk apa enggak kek kalo lu mau wfHOME mah jadi ART ga sih ","1727301461682577793","","","in","","0","0","0","https://x.com/prdsjade/status/1727301461682577793","287646441","prdsjade"
"1727238460472545505","Wed Nov 22 08:27:24 +0000 2023","7","@catuaries Sebenernya sebagai gen z aku juga pingin loyal ke company kaya biar sampe punya anak. Eh baru kerja pertama aja bosku gamau keluar gaji buat aku ya keluar","1727242363620507936","","catuaries","in","","0","0","3","https://x.com/jennieblekping/status/1727242363620507936","1398839592","jennieblekping"
"1727167874517934226","Wed Nov 22 03:37:41 +0000 2023","0","@tanyakanrl Kalo data terakhir di perusahaan yang gue tahu sih Gen Z cenderung lebih memilih tempat kerja yang lebih nyaman sekalipun dengan gaji yang lebih kecil Ada tekanan aja ga lama langsung resign(garis bawahi iya ga semua kek gitu data terakhir yg gue tahu aja) ","1727169455028129849","","tanyakanrl","in","waduh masa dikasih tahu sih","0","0","0","https://x.com/WaduhAku/status/1727169455028129849","1498321793027035139","WaduhAku"
"1727166924902252711","Wed Nov 22 03:27:38 +0000 2023","0","Harga rumah udh sampai milyaran gaji masih dibawah umr. gen z kayak gue sampai mampus jg gak bakal bs beli rumah ","1727166924902252711","","","in","","0","0","0","https://x.com/siskaatck/status/1727166924902252711","541346830","siskaatck"
"1726932963080962440","Tue Nov 21 12:34:47 +0000 2023","0","@hmnzll Enggak kaget soalnya meskipun mereka kerja gaji umr tetep dapet uang saku dr nyokap bokap Jadi kerja ya karena biar keliatan kerja aja Ini based on cerita temen2 gua yg gen z baru kelar kuliah","1726942231511364023","","hmnzll","in","Jawa Tengah","0","1","0","https://x.com/dealee_/status/1726942231511364023","100925782","dealee_"
"1726795194954404049","Tue Nov 21 12:24:51 +0000 2023","2","@karinyoo Wkwkwkwkwkwkw. Gen Z kemakan tiktok. Mikir WHV bisa dpt gaji enak tgl d kota enak/gede macam sydney melb. Gk tw aj realita gmn. Kalau mau coba maen k canberra/perth jgn ke kota2 gedenya. Tp yaa kl mau chance lebih besar lagi hrus ada keterampilan khusus jg","1726939730133254418","","karinyoo","in","","0","1","1","https://x.com/VandredG/status/1726939730133254418","1611257425130311680","VandredG"
"1726883160196313165","Tue Nov 21 08:40:03 +0000 2023","0","Ganjar Pranowo ingin membuka layanan masalah kesehatan mental untuk gen z dan milenial Normalisasi Gaji Bawaslu https://t.co/BgzZjE3C03","1726883160196313165","https://pbs.twimg.com/ext_tw_video_thumb/1726883096262479872/pu/img/9cSm-9cWJMhPNP8Q.jpg","","in","","0","0","0","https://x.com/WGreborn/status/1726883160196313165","1192071663895973888","WGreborn"
"1726876557615239325","Tue Nov 21 08:13:49 +0000 2023","13","Gen Z bisa nih belajar dari sini Abu Ubaidah 75 M OpenAI LSI Denny JA Gaji Bawaslu Natalie Rohingya Filipina 1-3 Indonesia https://t.co/SByephoItj","1726876557615239325","https://pbs.twimg.com/ext_tw_video_thumb/1726876489382248448/pu/img/qn3gkAUPGYtdrY5T.jpg","","in","Surabaya","0","0","1","https://x.com/aristi_widya/status/1726876557615239325","1577554318559174656","aristi_widya"
"1726846975214260526","Tue Nov 21 06:16:16 +0000 2023","1","Gen Z jangan golput pada pemilu 2024 #Pemilu2024 Jepang Abu Ubaidah LSI Denny JA 75 M Kendal Butterscotch AC Milan Bawaslu Aceh Rohingnya #JHONNY #TimnasDay NICU Gaji https://t.co/1sXCbT9xNU","1726846975214260526","https://pbs.twimg.com/media/F_b-LDka0AAHJp-.jpg","","in","Indonesia","0","0","0","https://x.com/diaharmayanti1/status/1726846975214260526","564578290","diaharmayanti1"
"1726729947002388964","Mon Nov 20 22:31:15 +0000 2023","0","Gen Z adalah anak muda yang lahir pada rentang 1997-2012 sebagian saat ini sudah mulai bekerja dan menerima gaji. https://t.co/SPtwZqu1PM","1726729947002388964","","","in","Jakarta","0","0","1","https://x.com/kompascom/status/1726729947002388964","23343960","kompascom"
"1726279366408360105","Sun Nov 19 16:40:48 +0000 2023","21","Hidup ideal Gen Z! Punya kerjaan tetap buat bayarin kostan dan biaya hidup mendasar Job sampingan (freelance atau creator) buat beli wishlist dan healing tanpa ganggu uang gaji. Bener ga Gen Z?","1726279366408360105","","","in","Blue Earth, MN","0","1","2","https://x.com/mudacumasekali/status/1726279366408360105","951763610233053185","mudacumasekali"
"1726195506135859683","Sun Nov 19 11:07:34 +0000 2023","0","gua gaji 3jt. 2.5 gua kasih tante gua utk bantu biaya pengobatan. 500rb gua keep itu pun sebagian utk tabungan. skrg otw mau cari kerjaan ketiga krn mau cari kosan. gasemua gen z hedonisme jek. coba deh kalo gatau apa2 diem aja","1726195506135859683","","","in","Indonesia","0","2","0","https://x.com/cachaspov/status/1726195506135859683","1344131188370206721","cachaspov"
"1725386017790943539","Sat Nov 18 21:57:12 +0000 2023","0","@mhdarieff_ gen z penganut pemikiran uang bisa dicari tapi hidup cuma sekali padahal kl akhir bulan gaji uda nipis jg cuma bisa mengap2","1725996602140340233","","mhdarieff_","in","","0","0","0","https://x.com/IMyrkive/status/1725996602140340233","1723213701677998080","IMyrkive"
"1725830154843533363","Sat Nov 18 10:55:47 +0000 2023","148","Bagus sih didikan ortu gini ini anaknya pasti gak jadi kayak gen z sekarang yang apa apa bikin postingan aduh capek banget hidup pengen mati aja Atau tipikal gen z yang sering nanya ke base kira kira worth it gak gaji 5 jt tapi dekat dengan rumah atau gaji double","1725830154843533363","","","in","Always in your heart","6","19","43","https://x.com/profesor_saham/status/1725830154843533363","1345898259445817345","profesor_saham"
"1724621444322300223","Sat Nov 18 09:57:57 +0000 2023","16","@LayarClub Setuju. Kita ni nak promote gen Z masuk engineering regardless civil ke oil&amp;gas ke manufacuring ke tapi kalau semua pakat bagi gaji tak bermaruah kat diaorg ni jgn marah kalau diaorg tak minat engineering","1725815599560106250","","LayarClub","in","Parallel Universe","0","0","1","https://x.com/arifshafiq_/status/1725815599560106250","2187798901","arifshafiq_"
"1725661416638894448","Fri Nov 17 23:45:17 +0000 2023","1","Okay thats it ni memang macam bebetul draw the line. Aku menyampah kerja dengan gen z. Tak suka. Dapat kerja lebih sikit terus merungut. Lepastu berkira gaji dia kecik so buat keje pun sikit lah ha gitu dia rungut. Masalahnya engko banyak mengulor.","1725661416638894448","","","in","","0","0","0","https://x.com/ndhrhrgs/status/1725661416638894448","809298170","ndhrhrgs"
"1725491808183173365","Fri Nov 17 12:31:19 +0000 2023","0","yang diliat gen z anak scbd atau jaksel tengah kali ya lupa apa gen z tu juga buanyak banget yang ngopi aja cuma mampu starling tapi tetep ga kebeli rumah karna gaji di bawah umr + sandwich gen + belom yang emang dapet kerja karna nyari kerja sesusah itu menn","1725491808183173365","","","in","22","0","1","0","https://x.com/gewmoy/status/1725491808183173365","921736419134947328","gewmoy"
"1725136056629256634","Fri Nov 17 11:55:09 +0000 2023","0","@ffikriawan Lalu apa kabar yg tgl di Jogja? gaji umur cm 2 5 an mau itu gen z kek gen x kek atau apapun itu kagak bakal bs kebeli rumah atau tanah","1725482705109082537","","ffikriawan","in","Yogyakarta, Indonesia","0","2","1","https://x.com/p1ck4chu_/status/1725482705109082537","1457226960774393857","p1ck4chu_"
"1725130707478200407","Fri Nov 17 11:48:13 +0000 2023","0","@ezash Udahnya gen Z banyak yg tipes asam lambung malah di suruh mikir beli rumah ‍‍ dapet gaji UMR aja udah syukur Alhamdulillah untung juga aku hidup di Jawa Timur yg apa2 masih bisa nalar","1725480961960505601","","ezash","in","Jawa Timur, Indonesia","0","0","0","https://x.com/arizkajung/status/1725480961960505601","1097413030860619776","arizkajung"
"1725091306345820366","Fri Nov 17 11:32:35 +0000 2023","0","@bincangurban Aku gen z yg ga kepikiran nyicil rumah karna selain gaji ga cukup ortu juga udah punya rumah","1725477024985407868","","bincangurban","in","indonesia","0","0","0","https://x.com/JustSsica_/status/1725477024985407868","519466786","JustSsica_"
"1725460953519825145","Fri Nov 17 10:28:43 +0000 2023","0","semoga admin ig boynextdoor aktif seperti gen z pada umumnya biar ga makan gaji buta soalnya upload pas mau debut sama comeback aja ","1725460953519825145","","","in","ONEDOOR ONLY.","0","0","0","https://x.com/bonedoorx/status/1725460953519825145","1255369713246507010","bonedoorx"
"1725408033512337843","Fri Nov 17 06:58:26 +0000 2023","0","Padahal aslinya gen z ngga bisa beli rumah ya karena gaji kita mentok UMR","1725408033512337843","","","in","","0","0","0","https://x.com/98ylil/status/1725408033512337843","1510495211033485316","98ylil"
"1725386599029186876","Fri Nov 17 06:28:18 +0000 2023","0","@ariskyba Berapa banyak mas gen z dengan gaji minimal UMR ? Memang paling susah menjadi manusia adalah merefleksikan kondisinya akan sama dengan kondisi orang lain","1725400451145666708","","ariskyba","in","","0","1","0","https://x.com/satyabirulaut/status/1725400451145666708","265407179","satyabirulaut"
"1725399886680785197","Fri Nov 17 06:26:04 +0000 2023","2","Gen Z nih udahmah kebanyakan sandwich generation harus nafkahin adek²nya gaji gak sesuai gelar kerja saingannya mati matian biaya pendidikan segala macem makin naik. bertahan hidup aja udah opsional ini dikit dikit suruh beli rumah buset buat apaansih dibawa mati juga kagak","1725399886680785197","","","in","she her 19","0","0","0","https://x.com/4lefia/status/1725399886680785197","1410619759826141187","4lefia"
"1725037005741183291","Fri Nov 17 06:13:58 +0000 2023","1","@hardyhermawan @sheque Gen z seumuran gw gaji cuma 2jt an dan itupun mreka jajan yg semampu dia dan beli makanan yg agak mahal pun paling sebulan sekali atau setaun sekali ga sering","1725396842375172314","","hardyhermawan","in","","0","0","0","https://x.com/menjadiapaprok/status/1725396842375172314","1296262000989704192","menjadiapaprok"
"1725377855071371478","Fri Nov 17 05:03:43 +0000 2023","0","Kantong tipis gaji kecil ya cari di pinggiran. Kerja nya jadi jauh? Itu resiko. Yg gue liat dr Gen Z (ga semua nya) ga sadar atau bahkan ga siap atas resiko dr suatu pilihan. Berani memilih ambil cicilan artinya berani menerima resiko untuk tidak membahagiakan diri sendiri.","1725379165560684760","","REPT0IDS","in","GMT+7, GMT+8, GMT+9","0","0","0","https://x.com/REPT0IDS/status/1725379165560684760","1210378005710684160","REPT0IDS"
"1725136056629256634","Fri Nov 17 04:23:38 +0000 2023","126","@ffikriawan gen z minta gaji 8 juta aja dinyinyirin berbulan-bulan","1725369075738829089","","ffikriawan","in","","4","3","21","https://x.com/txtdrwumbo/status/1725369075738829089","1558043392868696064","txtdrwumbo"
"1725362603508244669","Fri Nov 17 03:57:57 +0000 2023","0","enaknya gen z kalo ortunya kaya yg artinya udh pnya aset + tdk sandwich generation kerja gaji umr buat nabung beli rumah atau malah nambah aset yg udh ada(warisan). APA2 MAHAL OY SEKARANG emang mau kita apa jadi mahal begini sampe gbs nabung","1725362612660306329","","jamkkanmannyo","in","Indonesia","0","0","0","https://x.com/jamkkanmannyo/status/1725362612660306329","1268077456625266692","jamkkanmannyo"
"1725361653703901327","Fri Nov 17 03:54:08 +0000 2023","0","harusnya kemarin gua foto harga tanah SATU METER 46 JUTA di PIK biar Boomer tahu kalau Milenial &amp; Gen z dgn gaji UMR Jakarta ngga mungkin yg namanya beli rumah bahkan perkarangannya doang wkwk kalau bisa pun pasti mengkis - mengkis pak.... buk.... kalau bisa jg dipinggiran.","1725361653703901327","","","in","Jakarta Barat","0","1","0","https://x.com/ggardenroses/status/1725361653703901327","938611207619067905","ggardenroses"
"1725331145360085008","Fri Nov 17 03:27:08 +0000 2023","0","@soloiask Ini td yg ku qrt konteks nya gen z karyawan yaa... Anak2 90an. Tp di jogja yg gen y pun kalo ngandelin gaji ya susah...","1725354860483334561","","sldiask","in","Yogyakarta, Indonesia","0","1","0","https://x.com/Girlwhobake/status/1725354860483334561","111537014","Girlwhobake"
"1725354739070833081","Fri Nov 17 03:26:39 +0000 2023","0","Saya gen z yang tidak pernah ngonser beli gadget kalo gadget yg lagi dipake udah rusak total. Gaji dibawah umr boro boro nabung beli rumah nabung untuk dana darurat aja gabisa karena harus bantuin bayar utang ortu","1725354739070833081","","","in","","0","0","0","https://x.com/remaja_jjongppo/status/1725354739070833081","931321569439182849","remaja_jjongppo"
"1725113578389475531","Fri Nov 17 02:25:44 +0000 2023","0","@angewwie Boro boro nonton konser yang sekelas festival aja mending duitnya dipake buat beli mie. Mereka liat gen z yang mana sih? Gen z pinggiran tangerang with gaji umr can't relate","1725339405731471429","","angewwie","in","Bogor mepet Tangerang ","0","0","0","https://x.com/davisdaniyar/status/1725339405731471429","1448302246672826373","davisdaniyar"
"1725335187394117912","Fri Nov 17 02:08:58 +0000 2023","3","Mau ga ikut konser / beli gadget Gen Z juga ga akan kebeli kalo belasan M karena properti disini adalah produk investasi. Satu orang bisa punya unlimited properti. Gap gaji Gen Z dan Boomers terhadap harga properti pada zaman nya jauh berbeda.","1725335187394117912","","","in","","0","1","0","https://x.com/willsarana/status/1725335187394117912","309025729","willsarana"
"1725091306345820366","Fri Nov 17 01:51:25 +0000 2023","0","@bincangurban Tetep nafas dibalik gempuran gaji stag dan biaya hidup makin naik. Sehat sehat gen z kabupaten gaji umr! https://t.co/GiqA8f35U1","1725330770372562949","https://pbs.twimg.com/media/F_GbMUka0AAvguE.jpg","bincangurban","in","Bogor mepet Tangerang ","0","0","0","https://x.com/davisdaniyar/status/1725330770372562949","1448302246672826373","davisdaniyar"
"1725091306345820366","Fri Nov 17 01:42:32 +0000 2023","0","@bincangurban Betul gen z gaji UMR gak bakalan bisa beli rumah di daerah perkotaan. Anggap gaji 4.9 2 juta buat living 1.9 juta buat saving 1 juta buat kasih ortu. 1.9 juta savings itu perlu 260 bulan buat kekumpul hampir 500 jt alias 21 tahun lu kerja cuma dapet segitu. Gk keitung klo ada","1725328536435855394","","bincangurban","in","Bogor mepet Tangerang ","0","1","0","https://x.com/davisdaniyar/status/1725328536435855394","1448302246672826373","davisdaniyar"
"1725314543579250763","Fri Nov 17 00:46:56 +0000 2023","0","Ini gen z kagak kebeli rumah karna gaji honorer guru gak masuk akal ya bangke","1725314543579250763","","","in","","0","0","0","https://x.com/Mbul2000/status/1725314543579250763","1453759920361250836","Mbul2000"
"1725037005741183291","Fri Nov 17 00:27:47 +0000 2023","16","@sheque @NitaSellya Gw mau liat lu sanggup ga ngehidupin keluarga 4 orang gaji di bawah 2 juta di Jabodetabek tahun 2023? Kenapa gw ngomong kayak gini? Ya karna kenyataannya banyak gen z sandwich gen yang harus jadi tulang punggung keluarga ditambah harus menuhin ekspektasi dari boomer spesies lu","1725309724185555141","","sheque","in","She/her","0","0","3","https://x.com/ayangayangmu/status/1725309724185555141","1714791564042780672","ayangayangmu"
"1725309140577472661","Fri Nov 17 00:25:28 +0000 2023","1","kirain yang ngomong gini gen Z.. jebul semi boomer maaf ya harga tanah di YK yang daerah pinggiran aja udah menyentuh 15 jt per meternya.. sedangkan inflasi makin naik gaji gak seberapa... kalo mau nabung dari gaji juga 1/10 nya doang","1725309140577472661","","","in","mars","0","0","0","https://x.com/mboksinito/status/1725309140577472661","1137657014090211328","mboksinito"
"1725091306345820366","Fri Nov 17 00:17:32 +0000 2023","50","@GitaDestrianti ya kalo umr kota-kota lain sama kyak jakarta mah ok aja gue pake contoh jakarta dan bodetabek krn 1) gen z yang bisa afford perumpamaan 530 juta dan punya gaji 10jt mostly dari situ 2) meningkatkan gaji networking dan skill emang paling memungkinkan di jabodetabek","1725307145732907205","","txtdarigenzee","in","she/her ","0","2","2","https://x.com/bincangurban/status/1725307145732907205","576167158","bincangurban"
"1725091306345820366","Thu Nov 16 23:57:40 +0000 2023","1","@absolutelyXfizh Liatlah gen z 1 ini gatau arti dari kalimat gaji 7 jt alias pas2an . Justru beli rumah yg sesuai dengan gaji segitu masih bisa dengan catatan otaknya mau dipake. Gue juga ga maksa lo buat beli kok mau nebeng ortu selamanya atau nunggu blio meninggal supaya dapet warisan jg ok","1725302144935608380","","absolutelyXfizh","in","Kota Tangerang, Banten","0","1","0","https://x.com/RenjerHijau/status/1725302144935608380","1289114098542587904","RenjerHijau"
"1725113578389475531","Thu Nov 16 22:53:27 +0000 2023","5","@PabloEscopi @angewwie YaAllah semangat gen z yg kerja gaji ga nutup ga kerja hidup yg tutup","1725285984257064966","","PabloEscopi","in","Montmartre","0","0","0","https://x.com/sugarvenomx/status/1725285984257064966","922720946783338496","sugarvenomx"
"1725091306345820366","Thu Nov 16 22:53:21 +0000 2023","0","@bincangurban Gen Z gaji 10 jt tp gaya hidup jg selangit gadget ip nongki coffe shop belum bayar paylater Yg gaji umr gaya hidup ga selangit uangnya keluar dengan tujuan mulia jd suka dpt ganti rejeki yg lebih Emang secara nalar dan logika itung2an ga masuk tp ya gitulah hidup","1725285960240533896","","bincangurban","in","","1","0","0","https://x.com/almardodicky/status/1725285960240533896","295480231","almardodicky"
"1725091306345820366","Thu Nov 16 18:44:16 +0000 2023","0","@bincangurban kenapa representasi gen z itu cuma seputaran jabodetabek doang dah wkwk lu gaji 10jt kalo di daerah lain masih dpt kok rumah komersil yg bagus.. kalo mau greedy lagi beli rumah subsidi terus renov bisa banget wkwk","1725223275004117440","","bincangurban","in","","0","0","0","https://x.com/TerbangJauhhhhh/status/1725223275004117440","920508326","TerbangJauhhhhh"
"1725110696667701545","Thu Nov 16 18:35:47 +0000 2023","0","@innocentivs Dah banyak kali om gen z gaji dua digit mah","1725221139570704673","","innocentivs","in","","0","1","0","https://x.com/LORDABON/status/1725221139570704673","1276472700257492992","LORDABON"
"1725200542434279925","Thu Nov 16 17:13:56 +0000 2023","0","Tutuknyaaa. Paham ga sih gen z tertua umur berapa?? 26 th. Orang mapan mah minimal paling ngotak pun 30 an ke atas dg kondisi punya properti dkk. Mikir ga seh nek wong gek mentas sekolah ki gaji piro rung ngge bantu ortu adek nek nduwe. Sekolah saiki larang ju syarat kerjo-","1725200542434279925","","","in","","0","1","0","https://x.com/awnhv_/status/1725200542434279925","1712548832192638977","awnhv_"
"1725193056520114578","Thu Nov 16 16:44:11 +0000 2023","0","Kasian ya kita2 ini gen z disalahin mulu padahal udh anak pertama jd sandwich gen gaji umr mending ada duit beli rumah.. beli jajan diri sendiri aja kagak bisa hrs mikirin sekolah adek2nya iya hasil dr ortu yg gak well prepared financially si boomer2 itu.","1725193056520114578","","","in","Jakarta Capital Region, Indone","0","1","0","https://x.com/nonadhistia/status/1725193056520114578","1544211207376478208","nonadhistia"
"1725181205375766749","Thu Nov 16 15:57:06 +0000 2023","3","Ga semua gen z &amp; milenial punya uang lebih sebanyak itu sesudah gaji dikurangi kebutuhan makan sebulan bensin paket data (mind you paket data adl kebutuhan primer di jaman skrg) Mereka butuh yg dibawah 2-2.5 jutaan Apalagi kalau masih bantu2 adik ibu bapak seisi rumah","1725181205375766749","","","in","Indonesia","1","1","2","https://x.com/ImaIsBack/status/1725181205375766749","1713265779234549760","ImaIsBack"
"1725180493354934553","Thu Nov 16 15:54:16 +0000 2023","0","faktanya kan properti harganya udah meroket 500jt dpt properti kek gmn sih? gaji gak sebanding sama harga properti skrg. gen z isinya jg gak konser beli hp baru etc etc. ","1725180493354934553","","","in","૮₍´˶• . • ⑅ ₎ა","0","0","0","https://x.com/blutenmeer/status/1725180493354934553","963553623446728705","blutenmeer"
"1725037005741183291","Thu Nov 16 15:36:44 +0000 2023","0","@sheque keren sekarang mari nimbun property sebanyak nya dengan dalih investasi biar jutaan gen z semakin gk bisa beli rumah karena gap gaji dan harga yg sudah tidak masuk di akal","1725176082154885244","","sheque","in","Indonesia","0","0","0","https://x.com/Shecteromen6/status/1725176082154885244","1383801929361334273","Shecteromen6"
"1725175461410459830","Thu Nov 16 15:34:16 +0000 2023","0","Ini gen Z yg mana nih? Di sini gaji umrnya kebanyakan masih under 2.5jaran yg diatasnys ya pasti ada tapi kan gak sebanyak itu. Rata2 gaji kerja disini mostly dibawah umr kecuali pns punya jabatan atau kerja di pabrik. Gaji jaga toko atau kerja di selain pabrik/pns kisaran","1725175461410459830","","","in","","0","1","0","https://x.com/fullsunflowhc/status/1725175461410459830","1419203124506480640","fullsunflowhc"
"1725170494201098750","Thu Nov 16 15:32:55 +0000 2023","0","@backburnerd_ Sbrnya krn cicilan developer tuh ga ke bank n dah bnyk bgt korbannya cm bisa diem doang. Gbs tone deaf jg gaji gen z tuh brp sih paling 5jtaan aplgi hidup di mamakota. Double income pun kmrn pd ketolak bank smua cbain deh dulu rumit bgt skrg itu","1725175120451215405","","vanillaskieeess","in","","0","1","0","https://x.com/winiverseyugys/status/1725175120451215405","561962969","winiverseyugys"
"1725172695115956501","Thu Nov 16 15:23:17 +0000 2023","0","coy misal gen z nggak fomo konser dan fomo gadget juga ga akan kebeli tu rumah soalnya gaji kecil harga properti selangit","1725172695115956501","","","in","she/her 24","0","1","0","https://x.com/TEMPUSFUGlT/status/1725172695115956501","1605236028444663811","TEMPUSFUGlT"
"1725168881277309155","Thu Nov 16 15:08:08 +0000 2023","0","Dapet kerja jaman sekarang aja susahnya minta ampun kalo udah dapet kerja pun gaji nggak akan bisa ngejar harga properti yang terus naik jadi ya percuma nabung buat hal yang hampir mustahil dicapai buat average gen z sekarang. Tapi emang paling gampang nyalahin gen z sih :)","1725168881277309155","","","in","","0","0","0","https://x.com/Eugenology19/status/1725168881277309155","1613683809630945280","Eugenology19"
"1725110696667701545","Thu Nov 16 15:07:36 +0000 2023","61","@innocentivs @nj_nrvr Itu di tulis ANGGAP bang bukan rata-rata gaji Gen Z.","1725168750402351482","","innocentivs","in","Philadelphia, northern ciputat","0","0","0","https://x.com/3oppsstare/status/1725168750402351482","1672757613363339264","3oppsstare"
"1725165822023184802","Thu Nov 16 14:55:58 +0000 2023","0","Ini Gen Z komplain harga rumah makin mahal dan ga masuk akal smntr gaji mrk dikit ya emang gitu lah proses kehidupan ini Jang. Lah terus kl harga rmh harus turun agar kalian bisa beli rmh kasian kita yg dah beli rmh berdarah2. Kalian ya emang hrs belajar nyisihin duit","1725165822023184802","","","in","","0","1","0","https://x.com/Bl3ss3dSoul/status/1725165822023184802","113093830","Bl3ss3dSoul"
"1725113578389475531","Thu Nov 16 14:31:07 +0000 2023","3","@angewwie dikira gaji semua gen z pada UMR apaaaa mana gen juga","1725159568131428750","","angewwie","in","","0","0","0","https://x.com/mejikomkotsan/status/1725159568131428750","1205838112011640832","mejikomkotsan"
"1725153222170378538","Thu Nov 16 14:05:54 +0000 2023","2","serba salah jadi gen z gaji di bawah umr tapi jadi sandwich generation bayarin hutang ortu nya dan bayarin sekolah adek nya kesulitan buat nabung beli properti karena makin meroket. nabung untuk keinginan saat ini pun sekarang di judge awowkowkwowk.","1725153222170378538","","","in","","0","1","0","https://x.com/shusiflo/status/1725153222170378538","1492189772","shusiflo"
"1725091306345820366","Thu Nov 16 14:02:59 +0000 2023","203","@bincangurban sepakat kak menurut hasil survei Populix juga gitu. 61% responden usia gen z &amp; milenial susah punya rumah karena gaji ngepas buat kebutuhan dasar gimana mau kebeli tuh rumah https://t.co/j1CxGFz4cT","1725152487101903292","https://pbs.twimg.com/media/F_D4_YQWEAAcO1e.jpg","bincangurban","in","Jakarta Capital Region","6","0","29","https://x.com/populixco/status/1725152487101903292","1250405042101747712","populixco"
"1725150441384612129","Thu Nov 16 13:54:51 +0000 2023","0","Gen Z lagi yg disalahin Boomer tahun segitu antara gaji &amp; harga properti masih beriringan Sejak US nyetak dollar tanpa patokan emas Mulailah kacau merembet ke negara lain Kenaikan gaji era millenial gen z cenderung melambat Gaji fantastis pegawai startup hanya sebagian kecil https://t.co/KJx6qzWClf","1725150441384612129","https://pbs.twimg.com/media/F_D3Lw-W0AAl3lH.jpg","","in","Geylang","0","0","0","https://x.com/Darumajati/status/1725150441384612129","78596574","Darumajati"
"1725091306345820366","Thu Nov 16 13:51:57 +0000 2023","0","@bincangurban Hhmm gumana yaa sbg gen z kabupaten boro2 mau nonton konser gaji aja abis buat sehari2 https://t.co/SjwFKVCvr6","1725149712477536370","","bincangurban","in","Pulo Gadung, Indonesia","0","0","0","https://x.com/bluebelliejean/status/1725149712477536370","1467038497596862464","bluebelliejean"
"1725091306345820366","Thu Nov 16 13:50:23 +0000 2023","0","@bincangurban Itu pun bs dilakukan krn gaji gw udh lbh tinggi dr fresh grad/gen z umumnya. Kalo nggak ga bakal bs beli rumah smbl msh biayain adek. Gw ga kebayang gen z yg gajinya 3-6 jt tanggungan keluarga banyak msh disalahin gbs beli rumah krn gaya hidup.","1725149318468792447","","pansucchi","in","","0","0","0","https://x.com/pansucchi/status/1725149318468792447","1108354331227488256","pansucchi"
"1725037005741183291","Thu Nov 16 13:40:46 +0000 2023","8","@onlyfunnycat @hardyhermawan @sheque Masih disalah2in krn gabisa beli rumah pdhl harga properti ga ngotak sementara gaji umr Jakarta aja cm 5 jutaan dgn harga rumah Jakarta minimal 1m an kali. Tapi bg boomer/milenial superior macem @hardyhermawan ini gen z gabisa beli rumah krn ngopi sm jalan2. Emg kocag.","1725146898062016673","","pansucchi","in","","0","0","0","https://x.com/pansucchi/status/1725146898062016673","1108354331227488256","pansucchi"
"1725037005741183291","Thu Nov 16 13:37:30 +0000 2023","9","@onlyfunnycat @hardyhermawan @sheque Wkwkw sama kok gw aja gaji nembus 2 kali umr Jakarta dulu baru bs nge-dp rumah krn abis buat bantu ortu sakit sm adek. Kalo ada beli kopi di kopisop itu biar kuat lemburan biar makin banyak duit tiap bulan. Ga kebayang gen z gaji 3-6 juta ada tanggungan sm keluarga","1725146074820891088","","","in","","0","1","0","https://x.com/pansucchi/status/1725146074820891088","1108354331227488256","pansucchi"
"1725037005741183291","Thu Nov 16 13:31:48 +0000 2023","19","@hardyhermawan @sheque Tp paling kenceng lo pada koar2. Skrg jelasin ke gw gmn gen z gaji rata2 3-6 jt itu beli rumah? Gaji sgt jg umumnya daerah jakarta yg biaya hidup tinggi. Belum kalo lo harus bantu ortu dan adek. Yg lo liat di kopisop2 doang lo generalisir semuanya. Najis.","1725144638556876967","","pansucchi","in","","0","0","0","https://x.com/pansucchi/status/1725144638556876967","1108354331227488256","pansucchi"
"1725144366094950687","Thu Nov 16 13:30:43 +0000 2023","0","Belom tau ya banyak milenial dan gen z jadi tulang punggung keluarga gara² ulah boomer hobi beranak banyak? Boro² nabung gaji cukup sampe akhir bulan udh alhamdulillah.","1725144366094950687","","","in","Ravenclaw house ♥","0","0","0","https://x.com/babyrany/status/1725144366094950687","78568379","babyrany"
"1725140674805411958","Thu Nov 16 13:16:03 +0000 2023","0","Bangsat lah yg bela2in boomers numpuk property trus nyalahin gen z ga bisa beli rumah eh bangsyul lo ngarepin orang2 bisa punya rumah min skrg harganya 1 milyar dg gaji 5 jutaan per bulan gws","1725140674805411958","","","in","","0","0","0","https://x.com/monchiet521/status/1725140674805411958","1323837413764952065","monchiet521"
"1725140354712899925","Thu Nov 16 13:15:52 +0000 2023","6","gini deh: gaji ortu saya 1jt dan beli rumah harga 20jt di tahun 1996. harganya 20x lipat ya sekarang gaji saya (let s say) 10 jt tapi harga rumah udah 2 milyar. itu udah 200x lipat masuk akal gak kenapa gen z lebih milih menghamburkan duit buat hidup hari ini?","1725140628521324833","","ppppanteqqqq","in","","0","1","0","https://x.com/ppppanteqqqq/status/1725140628521324833","1399773784475803648","ppppanteqqqq"
"1725110696667701545","Thu Nov 16 12:38:40 +0000 2023","2","@innocentivs even gaji/income/salary gen Z di jkt diatas 20jt++ still ga ngejamin kalo mereka bisa beli rumah soalnya once again inflasi harga properti tiap taun since pandemic era naiknya bener2 uncontrollable y'all need to blame harga tanah kosong di jkt yg digoreng sm makelar properti","1725131267543642240","","innocentivs","in","Estadio Santiago Bernabeu ","0","1","0","https://x.com/G4C0AN/status/1725131267543642240","1693119693824126977","G4C0AN"
"1725113578389475531","Thu Nov 16 11:34:07 +0000 2023","1345","Muak bgt sama narasi gen Z ga bisa beli rumah soalnya sibuk ngopi. Generasi atas-atas tuh buanyak yg dgn gaji karyawan masih bisa afford entertainment sekaligus nabung buat beli rumah. Sekarang marak housing bubble sampe gen Z cuma bs afford entertainmentnya &amp; bukan rumahnya.","1725115022282801544","","angewwie","in","instagram @angewwie","18","7","179","https://x.com/angewwie/status/1725115022282801544","560103367","angewwie"
"1724561064048906650","Wed Nov 15 18:53:15 +0000 2023","10","@estminami @nikkoilham @MerrMagda Sambil marah marah ke gen Z ngatain mereka malas mental lemah maunya dicekokin doang mental diprovide gabisa beli ini itu gitu doang ko gabisa . Padahal gaji gen X ke gen Z di kualifikasi yg sama naik paling 10% tapi harga kebutuhan naiknya edan edanan","1724863149030125765","","quppapeppi","in","","0","0","1","https://x.com/lunaloveyouu/status/1724863149030125765","1266990352751161348","lunaloveyouu"
"1724292337696964958","Tue Nov 14 16:01:18 +0000 2023","2","@Vitalongcee @worksfess tipe gen Z banyak ngeluh gaji pengen 2digit tp ga ada pengalaman kerja ongkang ","1724457486588273129","","Vitalongcee","in","","0","0","1","https://x.com/laknatakuun/status/1724457486588273129","1187722185827221504","laknatakuun"
"1724360754361717086","Tue Nov 14 10:39:29 +0000 2023","3","@airkiver @tanyarlfes Setuju bgt ga boleh jadi sugar baby tapi statement masih ada kerjaan lain gaji ga besar yg penting berkah tuh ga relevan sama sender karna sendernya udah jelasin ga ada kerjaan yg nyangkut satupun.","1724376497635606647","","airkiver","in","Indonesia","0","2","0","https://x.com/lucubgtygy/status/1724376497635606647","1572828746922729473","lucubgtygy"
"1724351994989793612","Tue Nov 14 10:12:18 +0000 2023","0","@sincerelywonbin @nykac_ @tanyakanrl Ga juga sih. Gue pribadi sbg netizen &amp; karyawan juga takut kalo kantor gue tiba tiba PHK. Gue justru malah bingung lihat org yg sepele sm perekonomian kedepan soalnya gue trauma bgt sama efek ekonomi covid. Semoga ga terulang lagi deh pemotongan gaji apalagi PHK besar besaran.","1724369660152578346","","sincerelywonbin","in","Indonesia","0","0","0","https://x.com/lucubgtygy/status/1724369660152578346","1572828746922729473","lucubgtygy"
"1724306699484586042","Tue Nov 14 06:02:07 +0000 2023","0","sorry ya klo aku mau dapet gaji 2 digit tp kerjaku tidur dan makan mulu this is gen z","1724306699484586042","","","in","","0","0","0","https://x.com/cikencomel/status/1724306699484586042","1415038405965062146","cikencomel"
"1724249579485618258","Tue Nov 14 02:15:09 +0000 2023","3","Yuk itung kalo gen z/millenial dengan gaji 2x umr harus nabung berapa lama sampe kekumpul 420M️ https://t.co/SUDnTfXYDU","1724249579485618258","https://pbs.twimg.com/media/F-3D2uKa4AADx78.jpg","","in","North Point","0","0","0","https://x.com/CallsignZephyr_/status/1724249579485618258","1323506400111157251","CallsignZephyr_"
"1723530639646109941","Sun Nov 12 02:38:20 +0000 2023","0","As gen Z jujur gue muak dan najis liat gen di atas gue mau2 aja diinjek2 sm gaji underpaid hobi nusuk di belakang tp dikonfrontasi di dpn langsung mewek. Lemah teriak lemah. Pasti lo millenial yg muak diinjek2 boomer dan melampiaskan ke gen Z. Kasian","1723530639646109941","","","in","","0","0","0","https://x.com/chocoalatte__/status/1723530639646109941","1676420138072162305","chocoalatte__"
"1722935940384260272","Sat Nov 11 01:17:15 +0000 2023","0","@SeputarMadrid @diarioas Gen Z gaji buta","1723147845669429466","","SeputarMadrid","in","Console","0","0","0","https://x.com/reffadi/status/1723147845669429466","80760109","reffadi"
"1723143503297851639","Sat Nov 11 01:00:00 +0000 2023","0","Ternyata jabatan tinggi nggak bikin Gen Z ngiler! Kabarnya mereka nggak masalah gaji kecil selama sehat mental. Lantas bagaimana perencanaan keuangan yang tepat bagi Gen Z? Dengarkan podcastnya di sini! https://t.co/BVrT3FDPo6 #podcast #tolakmiskin #tolakmiskindetikfinance https://t.co/UMFkP1Vi8A","1723143503297851639","https://pbs.twimg.com/ext_tw_video_thumb/1722881015230914560/pu/img/fh4kjRu6sUtcJ6oo.jpg","","in","Jakarta, Indonesia","0","0","0","https://x.com/detikfinance/status/1723143503297851639","135795460","detikfinance"
"1722892624938627413","Fri Nov 10 08:23:06 +0000 2023","0","Penyebab Banyak Gen Z Menolak Naik Jabatan Bukan Semata Karena Gaji https://t.co/fAmP2HRtYo","1722892624938627413","","","in","","0","0","0","https://x.com/Fortune_IDN/status/1722892624938627413","1380017096390676483","Fortune_IDN"
"1722811739786616888","Fri Nov 10 08:14:25 +0000 2023","0","@pendekarmumet @Heraloebss Waduh di kantor gw banyak gen z ada 3 yg 2 tukang mabok nuntut Gaji tinggi kaga ngapa kerjaan nya ga becus beda ama yg 1","1722890441941750259","","pendekarmumet","in","","0","0","0","https://x.com/didinasemele/status/1722890441941750259","847090927","didinasemele"
"1722807195530620960","Fri Nov 10 02:43:38 +0000 2023","0","Gen Z disebut nggak pengin gaji tinggi asal hidup seimbang dengan kerjaan. Dengan gaji pas-pasan apa kesalahan-kesalahan keuangan yang harus dihindari Gen Z? https://t.co/TYLPZdc80w","1722807195530620960","","","in","Jakarta, Indonesia","1","0","0","https://x.com/detikfinance/status/1722807195530620960","135795460","detikfinance"
"1722650441635467422","Thu Nov 09 16:20:45 +0000 2023","0","w tadi nemu menfess knp ank gen z gaji maunya banyak trus ada yg bales udh mikir biar kebutuhan tercukupi dan mental stabil gk kyk org dulu legowo tp skrg tinggal stress nya dan lampiasin ke anaknya.. lalu menfess ini lewat ","1722650441635467422","","","in","she/her, 01L.","0","0","0","https://x.com/stellaejeruk/status/1722650441635467422","1400291575800885253","stellaejeruk"
"1722234001384247367","Thu Nov 09 14:19:04 +0000 2023","0","@convomfs orang2 dulu yg overwork itulah yg bisa bikin gen z bisa milih resign saat dirasa gaji tidak sesuai. read: masih ada ortu (yg dulu overwork) yg back up. disclaimer : tidak semua gen z tp kebanyakan.","1722619820569739521","","convomfs","in","cari jodoh katolik","0","0","0","https://x.com/widhitinut/status/1722619820569739521","108788602","widhitinut"
"1722234001384247367","Thu Nov 09 12:00:12 +0000 2023","0","@convomfs Ya lu bayangin aja gen z udah harus mikirin gimana gantiin posisi ortu sebagai tulang punggung biayain kebutuhan rumah buat adik nabung buat beli rumah/kendaraan buat dirinya sendiri aja pelit nder dapet gaji kecil/besar yang dipikirin bukan diri sendiri cuy tapi keluarga","1722584874526380070","","convomfs","in","","0","0","0","https://x.com/pshbeloved_/status/1722584874526380070","1267685320964759552","pshbeloved_"
"1722234001384247367","Thu Nov 09 10:51:44 +0000 2023","2","@convomfs Kalian sadar ga sih gen z? Klo org2 dulu tuh gpp klo dipaksa overwork sama tuan tanah sbgian besar hasil panen diembat kaum feodal seumur idup gk kaya jmn skrg overwork gaji kecil langsung resign penyebabnya apa kira² Versi lebih feodalnya kira² gitu","1722567642211647896","","convomfs","in","","0","0","0","https://x.com/yunanroman/status/1722567642211647896","1112748063422992385","yunanroman"
"1722565982269677771","Thu Nov 09 10:45:08 +0000 2023","0","Nder gue termasuk orang dulu yang pemikirannya kayak gen Z yang kamu remehkan itu. Kerja berangkat jam 6 pagi pulang bisa sampai jam 6 sore - 8 malam - 10 malem. Gajinya? Sangat dikit. Kala itu UMR 1 4 jutaan. Tiap overtime gaji lemburan nggak langsung dibayar pas gajian.","1722565982269677771","","","in","

⚠️𝟏𝟐𝟕𝐙𝐄𝐍, 𝐓𝐘𝐎𝐍𝐆𝐅𝐙𝐄𝐍, 𝐍𝐂𝐓𝐙𝐄𝐍, 𝐒𝐇𝐈𝐏𝐏𝐄𝐑 𝐓𝐀𝐄𝐘𝐎𝐍𝐆 𝐗 𝐍𝐂𝐓 𝐌𝐄𝐌𝐁𝐄𝐑𝐒 𝐃𝐍𝐅⚠️



","0","0","0","https://x.com/taeyong_soloist/status/1722565982269677771","1365312980720656385","taeyong_soloist"
"1722234001384247367","Thu Nov 09 10:31:36 +0000 2023","0","@convomfs Tapi bapa gw yg bukan gen Z ga gitu nder kalo prinsip bapak gw jangan sampe kerja di orang kalo gaji kecil gaji kecil mending usaha sendiri yg ngatur sendiri kekuasaan sendiri.. ga ribet mikirin gaji kecil karena kerja di orang","1722562577061064753","","convomfs","in","","0","0","0","https://x.com/winnyoliea/status/1722562577061064753","1370043711241949186","winnyoliea"
"1722234001384247367","Thu Nov 09 09:55:16 +0000 2023","0","@convomfs Bagus dong ya? Aku orang jaman dulu (?) dan menurutku bagus sih sama anak gen z. Mereka kan kerja untuk uang tapi ga boleh lupa jg sama kesehatan. Lah kalo overwork tapi gaji ga sesuai capek bgt ga sih?","1722553431188271567","","convomfs","in","","0","0","0","https://x.com/d17hanakaede/status/1722553431188271567","49914249","d17hanakaede"
"1722539329795629160","Thu Nov 09 09:08:36 +0000 2023","1","@KABAR_CHELSEA Ada juga Gen Z ngebet pengen gaji tinggi dan jadi kapten tim gak cuma dia yg ngambek sampai orang tua nya pun ikut ngambek contohnya Mason Mount dan Tony Mount hehe","1722541686574952578","","KABAR_CHELSEA","in","","0","1","0","https://x.com/EdofMaurer/status/1722541686574952578","165309264","EdofMaurer"
"1722521714566013202","Thu Nov 09 08:58:03 +0000 2023","1","@neohistoria_id Gaji kecil sampe bertahun-tahun tapi kebeli juga rumah. Jd kerjanya enak ada tujuan. Gen z gaji kecil secara realistis gak dapet aset kecuali ngaso 20tahun ke bank.","1722539035690926277","","neohistoria_id","in","Same Space, Another Planet","0","0","0","https://x.com/Mythicaley/status/1722539035690926277","715563843724791811","Mythicaley"
"1722527897364414666","Thu Nov 09 08:13:48 +0000 2023","0","U aja si overwork gaji kecil W (bukan gen z) mah ogah","1722527897364414666","","","in","","0","0","0","https://x.com/iniakunramon/status/1722527897364414666","1381139391968468993","iniakunramon"
"1722234001384247367","Thu Nov 09 08:09:13 +0000 2023","0","@convomfs Simple nya kita Gen Z makin pinter aja sih. Gamau diperas kaya orang-orang zaman dulu. Kenapa? Kamu susah ya nyari orang yang gampang dibodohin load kerjaan tinggi dan gaji yang minim dengan dalih pengabdian? Wkwk","1722526742311751811","","convomfs","in","","0","0","0","https://x.com/etnomath/status/1722526742311751811","1317368307729666048","etnomath"
"1722234001384247367","Thu Nov 09 06:53:52 +0000 2023","0","@convomfs grgr kebutuhan hidup dan lifestyle ga murah kali ya dan gen z udh lebih melek ttg value dan menghargai dirinya sendiri jd gaji hrs balance sm usaha yg udh kita kerahin ke perusahaan klo overwork y gaji jg hrs over dong","1722507781079732319","","convomfs","in","","0","0","0","https://x.com/_estehpanas__/status/1722507781079732319","1587437195434295296","_estehpanas__"
"1722500162550194600","Thu Nov 09 06:23:35 +0000 2023","0","ga cukup lah menurutmu aja dijaman skrg gaji pas pasan apalgi overwork jgn seakan blg gen z manja lah ini lah itu lah kalo skrg udh makin liat value kalo ngerasa deserve pekerjaan yg lbih baik dgn bayaran sepadan.","1722500162550194600","","","in","do not follow first.","0","0","0","https://x.com/sunghanbinzs/status/1722500162550194600","1313516119546765318","sunghanbinzs"
"1722234001384247367","Thu Nov 09 05:06:11 +0000 2023","0","@convomfs Not gen z tp coba gw tanya balik tp. Ngapain stay di tempat gaji kecil dan overwork? Kalo sakit dibayarin kantor gak? Mending juga resign terus usaha/cari tempat yang lebih baik.","1722480683338407986","","convomfs","in","","0","0","0","https://x.com/loghypothesis/status/1722480683338407986","1056048620716273665","loghypothesis"
"1722472193580519580","Thu Nov 09 04:32:27 +0000 2023","0","gapapa lah malah bagus tuh gen z gak mau bertahan gaji yang vak improve. perusahaan aja gak peduli ama lu bagaimana seloyal apapun lu lol","1722472193580519580","","","in","24+, she/her, 🔞 acc","0","0","0","https://x.com/farandoming/status/1722472193580519580","927167975441842176","farandoming"
"1722468150904856795","Thu Nov 09 04:28:14 +0000 2023","0","@winduhhh Krn persepsi dari definisi masing2 term nya beda2 tiap generasi Gaji Kecil Overwork dkk Menurut gen Z begini milenial begini startup layoff tapi di KAP it is just another day ","1722471132245496095","","itswinslife","in","Jakarta, IDN.","0","1","0","https://x.com/arkoreborn/status/1722471132245496095","916546058238361607","arkoreborn"
"1722234001384247367","Thu Nov 09 03:49:42 +0000 2023","2","@convomfs orng2 dulu mungkin mikir umur udh makin menua kalo kluar tkt susah cri kerja lagi. gw sebagai gen z mikir mumpung umur gw masih muda msh kuat ngapa2in gw bakal explore trs dari gaji kecil.. trs makin lama makin naik krn apa2 jg mahal ada ortu sama adek yg hrs dibantu thx.","1722461435761209749","","convomfs","in","don't distrub","0","0","0","https://x.com/justtchia/status/1722461435761209749","1561033693463863296","justtchia"
"1722234001384247367","Thu Nov 09 03:33:42 +0000 2023","0","@convomfs Bukan gen z yg trllu ngeluh soal gaji.. tapi setau aku orang dulu gaji kecil ga ngeluh krna masih ada sakura 500perak. Sekarang paling murce 1000 itu pun gatau mie nya dari apaan ","1722457406322655390","","convomfs","in","Banda Aceh , INDONESIA","0","0","0","https://x.com/occa_ota/status/1722457406322655390","2370495699","occa_ota"
"1722234001384247367","Thu Nov 09 03:30:41 +0000 2023","0","@convomfs Jangan liat generasinya siapapun dasarnya gamau overwork dan gaji kecil. Hanya saja orang jaman dulu aksesnya masih kurang utk cari kesempatan lain. Orang jaman skrg udh ada internet dll ya wajar cari kesempatan yg lebih baik. Saya lebih tua dr gen z btw.","1722456650911814035","","convomfs","in","","0","0","0","https://x.com/grogu1234567/status/1722456650911814035","1388316421667450882","grogu1234567"
"1722449703043019137","Thu Nov 09 03:03:05 +0000 2023","2","sumpah nder lu ga berhak ngurusin org yg resign karna gaji. lu gatau apa dia puny tanggungab apa dia punya hal yg pengeluarannya lebih gede dr gaji atau emg gaji sm job desc ga sebanding. org punya hak buat resign jgn jadiin resign hal haram &amp; gausa bawa gen z mulu blok","1722449703043019137","","","in","","0","1","0","https://x.com/zilrazrhf_/status/1722449703043019137","1688149808480186369","zilrazrhf_"
"1722234001384247367","Thu Nov 09 02:19:50 +0000 2023","0","@convomfs maap y nder ini bukan ttg gen z aja tapi klo gaji kecil trs ga bisa cover kebutuhan idup yg makin kena naiknya inflasi ini ya gmn mo bisa survive di tempat kerja yg bahkan gajinya ga nyampe umr? ya mending resign","1722438819478450276","","convomfs","in","","0","0","0","https://x.com/qnrdyu/status/1722438819478450276","1515938627662286851","qnrdyu"
"1722433961891438763","Thu Nov 09 02:00:32 +0000 2023","0","soalnya gen z kerja cuma buat healing sama self reward dari gaji yang udah mereka dapetin karena pandangan mereka soal hidup sama masa depan udah dirusak sama generasi sebelumnya. jadi yang dipikirin sama disanggupin ya apa yang ada di depan mata dulu","1722433961891438763","","","in","Evèraire Myrl","0","0","0","https://x.com/Jeminessi/status/1722433961891438763","1518954072782508033","Jeminessi"
"1722234001384247367","Thu Nov 09 01:48:07 +0000 2023","0","@convomfs ga cukup kakkkk trus grgr org duluuu bertahan di gaji kecil anak2nya jd ketumpukan hal2 yang gabisa mereka cukupin jangan pada salty tp coba dmnpun km ketemu gen z pasti ada aja yg jadi tulang punggung keluarga dan berujung stres","1722430836690297333","","convomfs","in","keranjang pakaian","0","0","0","https://x.com/kotaklaci/status/1722430836690297333","1570963381238263809","kotaklaci"
"1722234001384247367","Thu Nov 09 01:33:30 +0000 2023","0","@convomfs Logic aja sih ya tujuan kerja kan nyari duit utk bertahan hidup ya. Orang dulu jg klo dpt opportunity lbh baik bakal pindah dri tempat lamanya yg overwork gaji kecil .Dan org dulu vs gen z punya challenge jamannya masing2 gabisa di samain apple to apple","1722427159351009549","","convomfs","in","","0","0","0","https://x.com/hafidzhd/status/1722427159351009549","119663340","hafidzhd"
"1722417472182407327","Thu Nov 09 01:22:19 +0000 2023","0","@worksfess Umur 23 dulu gw pengalaman kerja dah 4 tahun kuliah sambil kerja. Nikah sederhana yg penting keluarga besar masing2 ada. Tp utk gen z gw saranin mapan dulu dh. Karena dulu sm skrg beda sembako mahal gaji segitu2 aja.","1722424343995752680","","worksfess","in","Bandung,Indonesia","0","0","0","https://x.com/miamiichan/status/1722424343995752680","126854232","miamiichan"
"1722416479516365306","Thu Nov 09 00:51:04 +0000 2023","0","lagian gen z mulu ajg yang kena. liat aja sana gen m dan gen tua tua lainnya pasti pada ngeluh soal gaji juga di zaman sekarang. ga jauh jauh deh liat dari sisi keluarga lo aja pasti ada seengganya salah satu yang ngeluh soal pengeluaran tinggi tapi pemasukan rendah ","1722416479516365306","","","in","fan account | she/her","0","0","0","https://x.com/haruvvoo/status/1722416479516365306","1500036313","haruvvoo"
"1722234001384247367","Thu Nov 09 00:46:00 +0000 2023","0","@convomfs Aku bukan gen z. Tp kalo perusahaan ngasih aku gaji dikitt dan overwork ya ga aku ambil. Pengeluaran banyak nder bahkan umr aja ga cukup","1722415206960345377","","convomfs","in","","0","0","0","https://x.com/siicantixx/status/1722415206960345377","1686428067055710209","siicantixx"
"1722234001384247367","Thu Nov 09 00:31:23 +0000 2023","0","@convomfs Jaman dulu emak w kerja kalo gaji kecil ya cabut bertahan bertahun-tahun? Yang bertahan bertahun-tahun artinya gajinya cukup kalo kecil ya cabut. Kok bandingin sm gen Z.","1722411528392212850","","convomfs","in","Bali, Indonesia","0","0","0","https://x.com/melodymemorie/status/1722411528392212850","1490356232","melodymemorie"
"1722234001384247367","Thu Nov 09 00:26:34 +0000 2023","0","@convomfs Orang dulu gaji kecil tp kebutuhan jg kecil skrng gaji kecil tp kebutuhan besar ya tdk Balance kebutuhan yg ku maksud ini biaya hidup ya bukan gaya hidup. Dan lg gen Z udh paham job desk kerja mereka dan UU ketenagakerjaan jd tdk bisa di boongin","1722410312882909260","","convomfs","in","Aquarium","0","0","0","https://x.com/SMar_Yohoo/status/1722410312882909260","1389749540631187456","SMar_Yohoo"
"1722234001384247367","Wed Nov 08 23:56:56 +0000 2023","0","@convomfs gue malah lebih aneh lo tanya ginian di base karena knp org2 tuh malah mempertanyakan knp genz lemah? knp gen z dikit2 resign? ya jawabannya mereka udh lebih aware sama hak mereka mana mau di zaman yg skrg gaji kecil dan diperbudak trs hrs menghidupi kebutuhan yg kena inflasi","1722402856421265473","","convomfs","in","","0","0","0","https://x.com/btsonyeontannn/status/1722402856421265473","1421511324354285574","btsonyeontannn"
"1722234001384247367","Wed Nov 08 21:50:29 +0000 2023","0","@convomfs Karna gen Z hidup di jaman yg apa2 serba mahal udh gitu generasi sandwich. Bayangin aja nder capek2 kerja sampe tipes tpi gaji gak mencukupi kebutuhan.","1722371034748514470","","convomfs","in","","0","0","0","https://x.com/intrgrl/status/1722371034748514470","1553435436302749696","intrgrl"
"1722252515918713194","Wed Nov 08 21:10:22 +0000 2023","0","@DipoNiarto @Kepikirran10 Gen z lebih realistis daripada milenial kerja di jakarta pusat gaji lo cuman 2jt emang bisa dipake hidup?? Palingan minggu terkahir sudah jadi mayat.","1722360938517659744","","DipoNiarto","in","Belfast, Northern Ireland","0","0","0","https://x.com/AMisedap/status/1722360938517659744","1355423051614064642","AMisedap"
"1722234001384247367","Wed Nov 08 19:49:37 +0000 2023","0","@convomfs justru bagus dong gen z punya mental yang gamau diinjak2 orang dulu bertahan overwork walaupun gaji kecil nah saya sebagai gen z yang hidup nya segini2 aja ya gamau lah di posisi ini trus. masa iya lo mau diperbudak boss mu mulu?","1722340617882333191","","convomfs","in","akun gado²","0","0","0","https://x.com/dzivalie/status/1722340617882333191","1065170417466269696","dzivalie"
"1722234001384247367","Wed Nov 08 19:26:45 +0000 2023","0","@convomfs Orang dulu lbh milih brthan dg gaji kecil walaupun overworked trs kbutuhan hdup gk tercukupi dan utang sana sini. Imbasnya apa? Anak nya yg notabenenya gen z jg yg diwarisi utang kan Bagus kl anak skrg ngerti kl usaha hrs sepadan sm gaji biar ga warisin utang ke anaknya nnti","1722334864832377091","","convomfs","in","","0","1","0","https://x.com/Ophiastarain_/status/1722334864832377091","1573690224575909888","Ophiastarain_"
"1722234001384247367","Wed Nov 08 18:42:58 +0000 2023","0","@convomfs Gua bukan gen z aja ogah gaji kecil tp kerjaan seabrek.","1722323844760064270","","convomfs","in","","0","0","0","https://x.com/okedehyaaaa/status/1722323844760064270","853103488754098177","okedehyaaaa"
"1722234001384247367","Wed Nov 08 17:42:21 +0000 2023","0","@convomfs gen z lebih melek apa hak2 mereka lu bayangin kerjaan sekarang harus dituntut bisa ini itu tapi gaji tidak manusiawi padahal kebutuhan apa2 mahal.","1722308591917707288","","convomfs","in","HARTA  TAHTA  OPPA!! ","0","0","0","https://x.com/taecyy__/status/1722308591917707288","801234460314218496","taecyy__"
"1722234001384247367","Wed Nov 08 17:32:20 +0000 2023","1","@convomfs Tapi kata folkative gen z dijaman skrg lebih pilih gaji kecil tapi mental aman tuh bang? Lu kelahiran tahun berapa sih bang? Kalo masih rentang 95 sampe awal 00 an sih masih gen z lho bang","1722306067340870000","","convomfs","in","","0","0","0","https://x.com/raydanadya/status/1722306067340870000","1008879040961232896","raydanadya"
"1722234001384247367","Wed Nov 08 16:34:45 +0000 2023","0","@convomfs Coba kita balik pertanyaannya. Kalian sadar ga sih generasi sebelum gen Z?? Kalo kalian dulu overwork dan gaji kecil kenapa bisa bertahan sampe bertahun-tahun? Kenapa ga kayak jaman sekarang overwork gaji kecil langsung resign? Penyebabnya apa kira2?","1722291576737800695","","convomfs","in","","0","0","0","https://x.com/ch_ordal/status/1722291576737800695","3252917594","ch_ordal"
"1722234001384247367","Wed Nov 08 16:17:13 +0000 2023","0","@convomfs imo skrg pilihan cari kerja banyak DAN dapet info ttg kerjaan lebih mudah skrg. jadi kalo udah tau overwork dan gaji kecil mudah bagi orang buat resign. tapi lagi gen z tuh banyak yang yolo tanyain deh pada punya rencana apa enga habis resign pasti enga","1722287164644606240","","convomfs","in","entp-a","0","0","0","https://x.com/aroruazhr/status/1722287164644606240","2721503320","aroruazhr"
"1722152146442096989","Wed Nov 08 16:14:40 +0000 2023","0","@amatalidla @mawakresna Terlebih gen z yg minim pengalaman tapi berharap gaji gede ","1722286522861518987","","amatalidla","in","Bandung, Indonesia","1","1","0","https://x.com/madaarya/status/1722286522861518987","92519438","madaarya"
"1722285272543699081","Wed Nov 08 16:09:42 +0000 2023","0","dari jaman dulu jg udh banyak yg risen krn overwork gaji kecil kaleeeee cuma ya skg lebih keliatan dan transparan aja krn diberi ruang berupa medsos dan layanan internet. minimal mikir jgn apa2 gen z","1722285272543699081","","","in","","0","0","0","https://x.com/myaaonigiri/status/1722285272543699081","972179759907069952","myaaonigiri"
"1722284202274787694","Wed Nov 08 16:05:26 +0000 2023","0","Ya berarti gen z udah lebih pinter dong cari gaji yg lebih baik sesuai workloadnya. Emg salah kah?? Hak org juga sih","1722284202274787694","","","in","99 liner ‧ she/her","0","0","0","https://x.com/crispytempuraa/status/1722284202274787694","1321272758492295168","crispytempuraa"
"1722257497053176278","Wed Nov 08 14:19:19 +0000 2023","0","gen z mulu. orang generasi apapun kalo digaji 800rb/bulan dituntut serba bisa loyalitas tinggi ya gak cukup. kebutuhan makin naik harganya masa gaji tetep","1722257497053176278","","","in","Jepang","0","0","0","https://x.com/arabiicca/status/1722257497053176278","1283164359368142849","arabiicca"
"1722255312550539665","Wed Nov 08 14:10:39 +0000 2023","0","1. Serba mahal atuh puh sepuh. Bensin dulu 10rb kali bisa nyampe seminggu sekarang mah 3 hari kelar 2. Tanpa sepuh sadari gen z yg butuh gaji lebih gede itu karna da gamau repotin orang tuanya lagi. Beli ini pake duit sendiri lanjut kuliah pake duit sendiri gitu","1722255312550539665","","","in","","0","0","0","https://x.com/foursppawpaw/status/1722255312550539665","1422023702326104074","foursppawpaw"
"1722234001384247367","Wed Nov 08 14:03:15 +0000 2023","0","@convomfs Udah bener pola pikir gen z overwork dan gaji kecil itu ga layak lebih baik resign. Ini yang send menfess boomer kah? Atau pengusaha yang doyan kasih gaji ga layak ke pegawainya?","1722253451139436564","","convomfs","in","","0","0","0","https://x.com/irvanwhyudi/status/1722253451139436564","87692866","irvanwhyudi"
"1722242726580871385","Wed Nov 08 13:20:38 +0000 2023","0","Overwork mah gak masalah selagi masih bisa nafas tiap hari dan tau mencegah datangnya sakit. Tapi dari segi gaji emang karena apa apa mahal kali ya jadi kaya gak sesuai aja menurut gua si. Walau gua gak gen z bgt alias pertengahan jalan millenial dan z haha","1722242726580871385","","","in","ayi","0","0","0","https://x.com/adhrxje/status/1722242726580871385","1643081796039610368","adhrxje"
"1722152146442096989","Wed Nov 08 09:28:52 +0000 2023","6","@mawakresna asli pemerintah harus keluarin peraturan tegas si mengenai sistem seleksi dan kualifikasi pelamar dan juga untuk gen z sama fresh graduation ekspetasi pekerjaan sama gaji juga jangan terlalu tinggi. ya tapi emang udah dari segala sisi si ini masalah lapangan &amp; tenaga kerja","1722184399524077634","","mawakresna","in","Jakarta Capital Region","0","0","1","https://x.com/audrishere/status/1722184399524077634","1309507529425084420","audrishere"
"1722175459453182185","Wed Nov 08 08:53:20 +0000 2023","1","ada yg bales kalau beban kerja sama gaji ga seimbang tp malah ada yg bilang gen z pilih2 kerjaan ‍ sick","1722175459453182185","","","in","小坂","0","1","0","https://x.com/jkt48Jay/status/1722175459453182185","1098783352914464768","jkt48Jay"
"1722148969378431336","Wed Nov 08 07:08:04 +0000 2023","0","ADMIN TIKTOKNYA ENHA SKRG ANAK GEN Z YA???? TOLONG NAIK KAN GAJI DIA PLS DR KMRN KONTENNYA SUKSES BIKIN GILA SEMUA","1722148969378431336","","","in","rant, dnf❗","0","0","0","https://x.com/menghiseng/status/1722148969378431336","1364121478682185729","menghiseng"
"1722124287094530532","Wed Nov 08 06:42:56 +0000 2023","0","@TirtoID Gen Z hidup dizaman saat ini yg cukup hedon sedangkan perusahaan/HRD &amp; User pola pikirnya zaman pekerja rodi pelit gaji. Akhirnya gak ada titik temu.","1722142642916696165","","TirtoID","in","","0","0","0","https://x.com/wongpinter2019/status/1722142642916696165","1078550474008084480","wongpinter2019"
"1722120978585797075","Wed Nov 08 05:16:51 +0000 2023","0","Kantor lg pada miskin nyari gen Z gaji sejuta kerja manager","1722120978585797075","","","in","DKI Jakarta, Indonesia","0","0","0","https://x.com/guskey1408/status/1722120978585797075","588175795","guskey1408"
"1722111792728666245","Wed Nov 08 04:44:49 +0000 2023","0","@peachycalla ih semalem aku ngobrol sama kakak-kakakku ttg ini. gen z skrg fg maunya gaji besar dan wfh... ","1722112918052085883","","peachycalla","in","slow reader ʕ•ᴥ•ʔ — infj-t 🩰","0","1","0","https://x.com/issapages/status/1722112918052085883","1549057890576924672","issapages"
"1721880184713019874","Wed Nov 08 04:20:21 +0000 2023","0","@worksfess yak gen z dgn ketidakbersyukurannya. lu pikir kerja di big4 enak? gajinya malah banyak yg lebih kecil dr elu. mending company receh tp gaji serius kalo gw mah","1722106759811338457","","worksfess","in","Sidoarjo, Indonesia","0","0","0","https://x.com/sushidicted/status/1722106759811338457","1523882834686922754","sushidicted"
"1721877157927133578","Tue Nov 07 13:08:00 +0000 2023","0","Kehilangan harapan kesejahteraan karyawan Indo secara jangka panjang karena banyak nEtiJEn: 1. Yang membenarkan cara chat Fuji ke karyawannya 2. Anti gen z yang bekerja sesuai porsinya Dahlah rata2 gaji rendah masih aja bentrokan ama sesama pekerja yang ogah ga dimanusiakan.","1721877157927133578","","","in","","0","0","0","https://x.com/knpdilahirkan/status/1721877157927133578","1227099995960070144","knpdilahirkan"
"1721378792302903463","Mon Nov 06 04:07:40 +0000 2023","0","Emang bener deh kalo ada anak gen z kerja di kantormu tanyain deh mau kerja beneran atau gak? Apa jangan2 mikirnya ngangngong2 dapet gaji?","1721378792302903463","","","in","Di Twitter jangan baper","0","1","0","https://x.com/jendr0/status/1721378792302903463","93547108","jendr0"
"1721001668387668172","Sun Nov 05 21:56:00 +0000 2023","0","@tanyarlfes Sama saja lulusan gen Z ini saat mau melamar kerja gak sopan sekali..freshgraduate minta gaji setara direktur ditanya pengalaman kerja gak ada tp saat di minta tunjukkan dulu kwalitasnya malah ngatain gak percaya sm lulusan ptn 10 besar indo..parah","1721285260984664117","","tanyarlfes","in","Melbourne, Victoria","0","0","0","https://x.com/inuyaza889/status/1721285260984664117","2463112550","inuyaza889"
"1720905360717070363","Sat Nov 04 20:46:25 +0000 2023","0","Kerja keras admin @Gerindra dari sekian tahun lalu emang bener2 membuahkan hasil terutama dikalangan calon voter dari Millennials dan Gen Z. Kalo sampai Pak Prabowo terpilih menjadi Presiden gaji insentif dll adminnya harus ngeroket minimal 3x lipat lah ini wajib.","1720905360717070363","","","in","","0","0","0","https://x.com/yogasuud/status/1720905360717070363","1183297844494524416","yogasuud"
"1720769112077689151","Sat Nov 04 11:56:59 +0000 2023","0","@worksfess Pantes gen Z banyak nganggur mindset nya ancur. Nunggu gaji gede baru mau kerja lol you think you flower","1720772123432775981","","worksfess","in","Kota Palembang, Sumatera Selat","0","0","0","https://x.com/WiijayaBbg/status/1720772123432775981","985850486367514624","WiijayaBbg"
"1720761676080009395","Sat Nov 04 11:15:28 +0000 2023","0","naikkan gaji admin konten tiktok enha yg skrng plis aku sukaa banget sm konsepnyaa gen z bangett https://t.co/9MyPT5tqwm","1720761676080009395","https://pbs.twimg.com/ext_tw_video_thumb/1720761602574839808/pu/img/0AQfw29f-lXBPcF_.jpg","","in","","0","1","0","https://x.com/luvsimjaeyi/status/1720761676080009395","1665766685696233472","luvsimjaeyi"
"1720696446570332214","Sat Nov 04 06:56:16 +0000 2023","0","wkwkwkw mampoos derita jadi gen z nyari gaji segitu aja setengah mati udah gitu ambil rumah samggupnya tenor 25 tahun https://t.co/XuZ65Sx6On","1720696446570332214","https://pbs.twimg.com/media/F-EkS3PbkAAtDzw.jpg","","in","","0","1","0","https://x.com/achbf_/status/1720696446570332214","2962574876","achbf_"
"1719968708649758769","Thu Nov 02 06:44:30 +0000 2023","1","jap PLKN umo 30an ?? siyez lhaaaaa.. better kasi kt budak gen z kot bru die rse susah senang skit nih kje semua bnd nk b suap je lps tuh kje nk senang je lps tuh gaji nk beso je.. ehhhh tiberrr","1719968708649758769","","","in","JOHO","0","0","0","https://x.com/ouhhECHAH/status/1719968708649758769","332281498","ouhhECHAH"
"1719685491287822652","Wed Nov 01 11:59:05 +0000 2023","0","kocak banget liat anak gen z nego gaji. berasa paling mantep","1719685491287822652","","","in","","0","2","0","https://x.com/originalglazedr/status/1719685491287822652","1042277329999806464","originalglazedr"
"1719636607224205442","Wed Nov 01 08:59:45 +0000 2023","0","@twtdaricici Jangan hanya melulu lihata gaji kak... Inget gen Z mudah streeess wkwk","1719640358819401969","","twtdaricici","in","DKI Jakarta, Indonesia","0","1","0","https://x.com/Cabekiloan/status/1719640358819401969","953394866762887170","Cabekiloan"
"1719630305878004100","Wed Nov 01 08:19:48 +0000 2023","1","Prob gen z ni nk gaji beso tp kerja malas . Bodo","1719630305878004100","","","in","","0","0","0","https://x.com/hanisafandi/status/1719630305878004100","368196480","hanisafandi"
"1719621988954808323","Wed Nov 01 08:16:36 +0000 2023","1","@ernestprakasa Makanya negara kita susah prospeknya krn Gen Z nya byk yg gk jelas krn pengaruh sosmed. Saya aja di kantor sampai pusing sama Gen Z dikit2 resign terlalu terbuai sama sosmed jd maunya kerja enak &amp; gaji besar. Kena omel atau pressure dikit lgsg mental breakdown","1719629498126364972","","ernestprakasa","in","Indonesia","0","0","0","https://x.com/EYore2902/status/1719629498126364972","995865705500180481","EYore2902"
"1717399414288077066","Wed Nov 01 00:19:14 +0000 2023","0","@worksfess Gw gen Z bagi gw kerja itu pengen gaji gede terus lingkungan sehat rekan kerja dan atasan solid itu aja gw udh syukur banget soal wfa gak terlalu penting sih menurut gw mau wfo atau wfh ya gw ayo ayo aja yg penting gaji gede lingkungan sehat","1719509366712467521","","worksfess","in","Dihatimu","0","0","0","https://x.com/pemudasantuy17/status/1719509366712467521","1315526202874970122","pemudasantuy17"
"1719191743181246467","Tue Oct 31 03:17:07 +0000 2023","0","Gen Z problem. Gaji naik pelik tak naik gaji pun pertikai.","1719191743181246467","","","in","","0","0","0","https://x.com/niniAhmd/status/1719191743181246467","4555987688","niniAhmd"
"1718952826355986681","Mon Oct 30 11:27:51 +0000 2023","0","Lalu selain gaji apa sih yg diinginkan Gen Z itu? . https://t.co/YASiO6jnuq","1718952851836391575","https://pbs.twimg.com/media/F9rygdnbwAAlzIq.jpg","metasmart_id","in","Bintaro Indonesia","0","1","0","https://x.com/metasmart_id/status/1718952851836391575","1680154253783101440","metasmart_id"
"1718541548638654584","Mon Oct 30 04:00:31 +0000 2023","0","@vicarioreinaldo Ini ciri gen Z skrg sih. Dan terbukti dgn sepupu sy skrg. Gak suka kalau di lingkungan kerja banyak drama. Dan milih keluar. Klo milenial dan genX paham itu dan resiko dunia kerja yg penting masih ada duit/gaji","1718840277585236025","","vicarioreinaldo","in","","0","0","0","https://x.com/Loberitain/status/1718840277585236025","946205988465471488","Loberitain"
"1718685661803495906","Sun Oct 29 18:04:57 +0000 2023","3","@mudarsyis @manutd_world Gak ada. Kalo sancho emang pure problematik aja gaji paling mahal tapi gaada kontribusi. Bukannya sadar diri malah curhat di medsos ciri gen z dimana mana sama aja kelakuan nya","1718690400867959039","","mudarsyis","in","","0","0","0","https://x.com/belomapan/status/1718690400867959039","1343894814106927104","belomapan"
"1718606983560155619","Sun Oct 29 12:33:29 +0000 2023","0","What a gen Z punya thinking... kerja relax relax tapi gaji gempak punya... mintak mak bapak kau pon xbg weh.... lagi tinggi pangkat kau lagi banyak gaji kau tapi lagi besar tanggungjawab kau perlu pikul. Kecuali kau makan gaji buta ","1718606983560155619","","","in","Pasir Mas, Kelantan","0","0","0","https://x.com/ZuriaFatmi/status/1718606983560155619","180318828","ZuriaFatmi"
"1718536396124954822","Sun Oct 29 07:54:56 +0000 2023","0","gen z behavior. prefer gaji pas-pasan di domisili sendiri pressure masih aman daripada gaji gede merantau high pressure.","1718536883423334612","","dbdbdip0x0","in","Changwon","0","1","0","https://x.com/dbdbdip0x0/status/1718536883423334612","1260926518777139203","dbdbdip0x0"
"1718526203957739620","Sun Oct 29 07:12:30 +0000 2023","1","Alhamdulilah 3 tahun masih bertahan. Gen Z sekarang yg apply mostly looking fr gaji . Like buat sambil lewa. Dtng kerja balik then dpt gaji. Semua kerje penat dik oi. Strict sbb UQ a good company and follow Japan culture. Malaysia je degil and tk boleh accept","1718526203957739620","","","in","MLK,MY","0","0","0","https://x.com/atqhkamila/status/1718526203957739620","998478517","atqhkamila"
"1717806066057257443","Sat Oct 28 04:03:28 +0000 2023","0","@MauKerjaMY Gen Z mmg mcm tu. Memilih sbb gaji. Aku dlu xfikir gaji. Asal dpt cari pengalaman dan nnti akan ada kenaikan kalau kita achieve target. Ubah please dek.","1718116245466443820","","MauKerjaMY","in","Kuala Lumpur","0","0","0","https://x.com/FauziSuhaimi/status/1718116245466443820","254104207","FauziSuhaimi"
"1717842929858089299","Fri Oct 27 09:57:25 +0000 2023","0","Riset terbaru Hewlett-Packard (HP) di acara South by Southwest (SXSW) Sydney 2023 menyatakan bahwa Gen Z jadi kalangan usia pekerja yang rela turun gaji paling besar dari generasi lainnya. Pekerja rela di gaji lebih kecil demi bisa kerja fleksibel dan sehat mental. kompas https://t.co/n057mC4nTJ","1717842929858089299","https://pbs.twimg.com/media/F9cBCOca8AA6mV8.jpg","","in","Gd. Perintis Kompas Gramedia","0","0","0","https://x.com/MOTION975FM/status/1717842929858089299","87161862","MOTION975FM"
"1717789612016619883","Fri Oct 27 06:25:33 +0000 2023","5","Hasil riset Work Relationship Index yang diungkap Hewlett-Packard (HP) dalam acara South by Southwest (SXSW) Sydney 2023 mengungkapkan bahwa Generasi Z (Gen Z kelahiran 1997-2012) rela menerima gaji kecil demi bisa kerja fleksibel dan sehat mental. #genz #milenial #gaji https://t.co/wvHdR3nnHg","1717789612016619883","https://pbs.twimg.com/media/F9bQijhacAApMqW.jpg","","in","","2","1","0","https://x.com/Metro_TV/status/1717789612016619883","57261519","Metro_TV"
"1717763253089292765","Fri Oct 27 04:40:48 +0000 2023","0","Kemaren liat di ig katanya gen z itu lebih memilih kerja gaji kecil tapi mental aman. Setuju sih gue. Percuma anjir gaji gede tapi lingkungannya toxic bener-bener se toxic itu pula. Mana tahaaannnn","1717763253089292765","","","in","","0","0","0","https://x.com/KelarMaghrib/status/1717763253089292765","1513711776956780545","KelarMaghrib"
"1717399414288077066","Fri Oct 27 02:57:23 +0000 2023","0","@worksfess Gen Z sebelah mana ini? Bukannya maunya gaji gede WFA mental sehat ya","1717737226183082479","","worksfess","in","","0","0","0","https://x.com/fulancenengujan/status/1717737226183082479","1122635147319205888","fulancenengujan"
"1717715411222102115","Fri Oct 27 01:30:42 +0000 2023","0","Wah menurut riset: Gen Z rela punya gaji kecil lasal bisa WFA dan sehat mental loh! Hewlett-Packard (HP) melakukan penelitian Indeks Hubungan Kerja yang mensurvei 15.624 responden dari 12 negara termasuk Indonesia nih Blistener! #MorningVoice","1717715411222102115","","","in","Jakarta","0","0","0","https://x.com/BVOICE_RADIO/status/1717715411222102115","74664107","BVOICE_RADIO"
"1717679032521904372","Thu Oct 26 23:06:08 +0000 2023","0","Riset: Gen Z Rela Gaji Kecil Asal Bisa WFH https://t.co/jxzwnKuxi9 #TrenAsia","1717679032521904372","","","in","Jakarta","0","0","0","https://x.com/trenasiadotcom/status/1717679032521904372","1675698038625673219","trenasiadotcom"
"1717465415398621259","Thu Oct 26 21:46:47 +0000 2023","1","@XXXbyefelicia Dorang nk tunjuk yg dorang ada gaji besar2..such a gen Z..ke dorang main petik no gaji?org millionaire billionaire mcm Bill Gates pun tak da dh tanya pendapat org dlm medsoc","1717659061225984150","","XXXbyefelicia","in","Selangor ,Malaysia","0","0","0","https://x.com/LadyHazrose87/status/1717659061225984150","27390834","LadyHazrose87"
"1717595689180700992","Thu Oct 26 17:34:58 +0000 2023","0","Riset bohongan. Gen Z kaga ada duit macam saya mana mau gaji kecil ngebela belain wfa doang","1717595689180700992","","","in","Less than 1m beside you","0","0","0","https://x.com/deadjulopisca/status/1717595689180700992","1233757077396324352","deadjulopisca"
"1717399414288077066","Thu Oct 26 17:00:51 +0000 2023","0","@worksfess gen Z kalo gaji gede juga larinya ke pinjol kalo ga psikiater","1717587105407541398","","worksfess","in","Sidoarjo, Indonesia","0","0","0","https://x.com/sushidicted/status/1717587105407541398","1523882834686922754","sushidicted"
"1717399414288077066","Thu Oct 26 16:15:23 +0000 2023","0","@worksfess Gen Z gaji kecil gapapa selama masih dibiayain orang tau kalo yg generasi sandwich ya cuma bisa nangis dipojokan","1717575662561866151","","worksfess","in","Grobogan, Indonesia","0","0","0","https://x.com/ernigianti/status/1717575662561866151","1262571974796038144","ernigianti"
"1717538221155045377","Thu Oct 26 13:46:36 +0000 2023","0","kataa sapee bjirrr??? gen z mah mau nya punya gaji gede mental sehat bisa wfa","1717538221155045377","","","in","my notes","0","0","0","https://x.com/convoarea/status/1717538221155045377","1366575481638715392","convoarea"
"1717399414288077066","Thu Oct 26 11:36:13 +0000 2023","0","@worksfess kata Paman Ben di film Spiderman juga kekuatan yang besar mendatangkan tanggung jawab yang besar yaa mungkin Gen Z ini gak mau gaji gede karena gak mau punya tanggung jawab yang gede juga. Jadi lebih baik gaji kecil dan tanggung jawab yang kecil juga.","1717505406862504018","","worksfess","in","Bandung, Jawa Barat","0","0","0","https://x.com/itsmofahri/status/1717505406862504018","1042582793845301248","itsmofahri"
"1717399414288077066","Thu Oct 26 11:02:33 +0000 2023","0","@worksfess salah. Gen z maunya bisa wfa sehat mental dan gaji besar (aku)","1717496935656124463","","worksfess","in","","0","0","0","https://x.com/assmodehoes/status/1717496935656124463","1294905235618410498","assmodehoes"
"1717399414288077066","Thu Oct 26 10:56:45 +0000 2023","0","@worksfess Riset dari mana nih gue gen z gamau begitu. Yang namanya hidup pasti berat dan masalah banyak jenisnya jadi mending gaji gede","1717495474264146185","","worksfess","in","Bumi","0","0","0","https://x.com/gatauahmaukaya/status/1717495474264146185","1510528910395834372","gatauahmaukaya"
"1717399414288077066","Thu Oct 26 09:57:02 +0000 2023","208","@worksfess akulah Gen Z itu *note: tapi kalau gaji besar WFA dan sehat mental kenapa tidak","1717480447415087394","","worksfess","in","","0","1","4","https://x.com/nex_app/status/1717480447415087394","1579777075983962112","nex_app"
"1717399414288077066","Thu Oct 26 09:37:00 +0000 2023","59","@worksfess Survey dari mana deh??? Gen Z kayak aku maunya gaji gede supaya bisa lebih sehat mental. Gaji kecil mah stress. Apa apa mahal gmn mental saya bisa sehat","1717475406914506866","","worksfess","in","Ujung Sumatera, Indonesia","0","0","0","https://x.com/aeshaya__/status/1717475406914506866","1282577444663222274","aeshaya__"
"1717399414288077066","Thu Oct 26 09:31:34 +0000 2023","0","@worksfess Aku gen z tp aku tim gaji besar. Wfo/wfa ga masalah asal gaji besar. Mentalku sehat kalo dompetku penuh","1717474036232704307","","worksfess","in","Jakarta Capital Region","0","0","0","https://x.com/sunflowershyuk/status/1717474036232704307","1415506649754726402","sunflowershyuk"
"1717468398983291168","Thu Oct 26 09:09:09 +0000 2023","0","Basically WFA gaji dua digit adalah dream job Gen Z.","1717468398983291168","","","in","","0","0","0","https://x.com/DRozzaaq/status/1717468398983291168","1240496532924710912","DRozzaaq"
"1717447471906041974","Thu Oct 26 07:46:00 +0000 2023","0","ga berlaku buat gen Z kayak gue bodo amat kerja sm org toxic yg penting gaji 2 digit","1717447471906041974","","","in","Hong Kong","0","0","0","https://x.com/ihsandroid/status/1717447471906041974","157270709","ihsandroid"
"1717431489657512443","Thu Oct 26 06:42:30 +0000 2023","0","yaallah akuuu tersindirrr tapi gw gen Z yg realistis kok maunya gaji gede mental aman plus WFA ahahahahha","1717431489657512443","","","in","Indonesia","0","0","0","https://x.com/ladywelsy/status/1717431489657512443","1146436242445197315","ladywelsy"
"1717421163146871189","Thu Oct 26 06:01:28 +0000 2023","1","Gen Z mana suaranyaaaaa Apa iya kamu juga merasa kalo gaji kecil gapapa yang penting mental aman? komen yukkk #genz #survei #gaji #pekerjaan #work #worklife #mtbfmsurabaya https://t.co/20ilF2xDYG","1717421163146871189","https://pbs.twimg.com/ext_tw_video_thumb/1717418962642944000/pu/img/SS0HS3UtPbX5cfcd.jpg","","in","Kota Surabaya, East Java","0","1","0","https://x.com/mtbfmsurabaya/status/1717421163146871189","253429796","mtbfmsurabaya"
"1717399414288077066","Thu Oct 26 05:49:58 +0000 2023","0","@worksfess Kata siapa anjir Gen Z maunya gaji diatas umr wfa dan kalo bisa dapet asuransi kesehatan dari kantor (bukan bpjs).","1717418271774028130","","worksfess","in","she/her","0","0","0","https://x.com/dcadumo/status/1717418271774028130","1356381498","dcadumo"
"1717413223329407412","Thu Oct 26 05:29:55 +0000 2023","0","Sebagai gen z gue maunya kerja wfa dan gaji tinggi sih","1717413223329407412","","","in","luocha's coffin","0","0","0","https://x.com/idorira/status/1717413223329407412","949889397129793537","idorira"
"1717399414288077066","Thu Oct 26 05:20:37 +0000 2023","0","@worksfess Sori tp gue tim gen z yg wfh wfo wfa bebas asal gaji 2 digit ","1717410882710634996","","worksfess","in","","0","1","0","https://x.com/jamurcryspi/status/1717410882710634996","1049848475171446784","jamurcryspi"
"1717399414288077066","Thu Oct 26 04:54:09 +0000 2023","514","@worksfess hoax bgt anjir gaji kecil ya bisa buat mental gak sehat gen z maunya gaji gede sehat mental and wfa thanks","1717404224504644056","","worksfess","in","","7","10","108","https://x.com/keepswimmingok/status/1717404224504644056","3086083908","keepswimmingok"
"1717399414288077066","Thu Oct 26 04:45:02 +0000 2023","10","@worksfess Millenial sebenarnya juga kek gini gak harus gen z tpi biasa nya karna dah nikah punya anak sandwich gen ya mau gak mau utamakan gaji dulu mental health dll belakangan. Klo millenial kek gua mau 30 blum nikah bukan sandwich gen ga ada tanggungan baru deh lebih santai ","1717401929293434979","","worksfess","in","","1","1","0","https://x.com/GothraS/status/1717401929293434979","1381254353420361734","GothraS"
"1717399414288077066","Thu Oct 26 04:45:01 +0000 2023","0","@worksfess Gen z sejati adalah yang pengen wfa dan gaji besar","1717401927275929950","","worksfess","in","Jakarta Pusat, DKI Jakarta","0","0","0","https://x.com/marquezzsaa/status/1717401927275929950","885387808466026496","marquezzsaa"
"1717399414288077066","Thu Oct 26 04:43:46 +0000 2023","0","@worksfess gw gen z mending gaji besar trs kerja wfo kalo gaji kecil wfh ajh","1717401611197436309","","worksfess","in","","0","0","0","https://x.com/dailyofdel/status/1717401611197436309","2362320895","dailyofdel"
"1716985929121038522","Thu Oct 26 01:48:12 +0000 2023","0","@txtdrimedia Dek gen z untuk jaman ini gaji berbanding lurus dengan kesehatan mental","1717357426868130302","","txtdrimedia","in","Indonesia bagian mana saja","0","0","0","https://x.com/SiPret1/status/1717357426868130302","1194062389693431808","SiPret1"
"1717187054403256721","Wed Oct 25 14:31:12 +0000 2023","1","GEN Z MANA YG RELA GAJI KECIL???","1717187054403256721","","","in","Jakarta Capital Region","0","1","0","https://x.com/ouwsem/status/1717187054403256721","1081033931078561792","ouwsem"
"1716985929121038522","Wed Oct 25 11:35:31 +0000 2023","0","@txtdrimedia Preeet gen Z mintanya gaji besar jobdesk dikit sehat mental pulang ontime ","1717142843683385820","","txtdrimedia","in","Jawa Timur, Indonesia","0","0","0","https://x.com/Arifin13985956/status/1717142843683385820","1037659594347012096","Arifin13985956"
"1717110412985155596","Wed Oct 25 09:26:39 +0000 2023","0","Survei terbaru menunjukkan karakteristik kalangan Gen Z dalam memilih pekerjaan. Generasi Z (1997-2012) menjadi kalangan usia pekerja yang rela menerima penurunan gaji paling besar dibandingkan generasi Y/Millenials (1981-1996) Gen X (1965-1980) dan Baby Boomers (1946-1964). https://t.co/dzpalyU815","1717110412985155596","https://pbs.twimg.com/media/F9RmD8Sa4AAGert.jpg","","in","DKI Jakarta, Indonesia","0","1","0","https://x.com/spills_media/status/1717110412985155596","1539644235024334849","spills_media"
"1716985929121038522","Wed Oct 25 08:42:15 +0000 2023","0","@txtdrimedia Gapapa gaji kecil Kan bisa pinjol... begitulah kata gen Z","1717099238931480625","","txtdrimedia","in","📍08°14′17″S 115°05′02″E","0","0","0","https://x.com/selai_kacang2/status/1717099238931480625","425987107","selai_kacang2"
"1716985929121038522","Wed Oct 25 08:34:13 +0000 2023","0","@txtdrimedia Ternyata ini alasan banyak pekerjaan yang gajinya di bawah UMR. Gen Z suka dengan gaji kecil.","1717097218333917325","","txtdrimedia","in","","0","0","0","https://x.com/Ikhwanazis89/status/1717097218333917325","2335942801","Ikhwanazis89"
"1717052320603853287","Wed Oct 25 07:08:49 +0000 2023","0","@boosincs @ilshediw_ Nih permasalahan gen Z gaji pas-pasan tapi mau halalin orang.","1717075727965979106","","boosincs","in","10 a.m - 10 p.m","0","1","0","https://x.com/terkuavt/status/1717075727965979106","870850703345975296","terkuavt"
"1717062560577696010","Wed Oct 25 06:16:30 +0000 2023","0","Generasi Z (Gen Z) menjadi kelompok pekerja yang paling rela menerima gaji lebih kecil demi kesehatan mental dan fleksibilitas dalam bekerja menurut hasil riset Work Relationship Index yang dikeluarkan oleh HP. Gimana para Gen Z setuju kah? https://t.co/Jkc5VwrmDi","1717062560577696010","https://pbs.twimg.com/media/F9Q63Z1acAAHXxM.jpg","","in","Jl. Puri Sakti I no.22 JakSel","0","0","0","https://x.com/DigicastMC/status/1717062560577696010","234621431","DigicastMC"
"1717014814705520682","Wed Oct 25 04:56:05 +0000 2023","0","@Mareto91_ Tidak seseksi dulu kyanya gen z skrng minat jadi PNS nya berkurang lebih ingin kerja di start-up gaji gede tapi kerja remote ","1717042322301718706","","Mareto91_","in","Indonesia","0","0","0","https://x.com/ilhamkvra/status/1717042322301718706","39323106","ilhamkvra"
"1717013323299058023","Wed Oct 25 03:00:51 +0000 2023","0","Gue mending kenak mental dan lelah tp gaji lemburan astra anjir sumpah dah gen z gen z tuh gen z yang mana aja dah wak? Klo modelan kek gt org males yg berlindung di bawah naungan gen z anjir","1717013323299058023","","","in","","0","0","0","https://x.com/bellaViztaa/status/1717013323299058023","1691295500480475136","bellaViztaa"
"1716985929121038522","Wed Oct 25 03:00:46 +0000 2023","0","@txtdrimedia justru gen z skrg maunya gaji gede tapi wfh bukan gaji kecil &amp; wfa https://t.co/cL172vey7J","1717013301513842737","","txtdrimedia","in","","0","0","0","https://x.com/chiinghu/status/1717013301513842737","1677989926326132736","chiinghu"
"1716985929121038522","Wed Oct 25 02:46:38 +0000 2023","0","@txtdrimedia gen z keknya udah biasa hidup enak gamikir beban yg harus dibayar kedepannya. jd gaji kecil gamasalah","1717009743603175856","","txtdrimedia","in","Purwakarta, Indonesia","0","1","0","https://x.com/Egis_NAH/status/1717009743603175856","1350583386","Egis_NAH"
"1717002645582598287","Wed Oct 25 02:34:51 +0000 2023","0","@iHugSugaa Memang generasi tidak mau susah Aku juga gen z ketimbang nganggur atau freelance gitu aku mending kerja tetap deh gapapa capeknya awikwok asal gaji juga bagus","1717006781849980942","","iHugSugaa","in","","0","1","0","https://x.com/sunxtrike/status/1717006781849980942","1498116817260216322","sunxtrike"
"1717005052475531350","Wed Oct 25 02:27:59 +0000 2023","0","siape bilang gen z pengen gaji kecil????","1717005052475531350","","","in","","0","0","0","https://x.com/younjung_gaurr/status/1717005052475531350","888750968652693504","younjung_gaurr"
"1716979995518902542","Wed Oct 25 02:24:34 +0000 2023","1","@PNS_Ababil gen z gaji udah 4 jt itu jadi PNS dari umur brapa ?","1717004192420954507","","PNS_Ababil","in","lahan sengketa","0","1","0","https://x.com/bu_yuik/status/1717004192420954507","299653513","bu_yuik"
"1717002645582598287","Wed Oct 25 02:23:03 +0000 2023","0","@iHugSugaa Oalah gua juga gen z ternyta Tapi gua gamau gaji kecil HAHAHA walopun tinggal sama ortu tetep aja sih gua ga rela","1717003810290401584","","sunxtrike","in","","0","1","0","https://x.com/sunxtrike/status/1717003810290401584","1498116817260216322","sunxtrike"
"1716985929121038522","Wed Oct 25 02:11:05 +0000 2023","0","@txtdrimedia Tapi bagi Gen Z gaji 10 juta aja kecil. Idealnya 30jutaan","1717000797320548849","","txtdrimedia","in","","0","0","0","https://x.com/pemantautemlen1/status/1717000797320548849","1157951469674364930","pemantautemlen1"
"1716985929121038522","Wed Oct 25 01:24:32 +0000 2023","0","@txtdrimedia Gaji kecil menurut gen Z adalah 10 juta ","1716989084886081643","","txtdrimedia","in","Indonesia","0","0","0","https://x.com/heinze_35/status/1716989084886081643","1145756569075736577","heinze_35"
"1716623541288726714","Tue Oct 24 12:08:45 +0000 2023","0","@txtdrimedia makanya gen z kalo ditanya gaji jang kesinggunh biar ga kejadian kaya gini","1716788819595534805","","txtdrimedia","in","Romania","0","0","0","https://x.com/ojikayanya/status/1716788819595534805","1121769940829138946","ojikayanya"
"1716486150293180734","Mon Oct 23 16:06:03 +0000 2023","13","Christiano Ronaldo baru mantap nih punya gaji semusim nggak di ambil buat hiling tapi di sumbangkan siap untuk Palestina sebesar 3 5 T! #FreePalestine #FreePalestine_Now","1716486150293180734","","","in","Gowa, Makassar Indonesia","0","1","6","https://x.com/opposite_sejati/status/1716486150293180734","1654334520093708289","opposite_sejati"
"1716392299519954987","Mon Oct 23 09:53:07 +0000 2023","0","Riset Work Relationship Index yang diungkap Hewlett-Packard (HP) menyebut Gen Z rela dapat gaji kecil demi bisa kerja fleksibel dan sehat mental. https://t.co/ZfcrFS68rq","1716392299519954987","","","in","Jakarta","0","0","0","https://x.com/kompascom/status/1716392299519954987","23343960","kompascom"
"1716311384357839279","Mon Oct 23 04:31:36 +0000 2023","1","Riset Work Relationship Index yang diungkap Hewlett-Packard (HP) menyebut Gen Z rela dapat gaji kecil demi bisa kerja fleksibel dan sehat mental. https://t.co/HaIKPvrPem","1716311384357839279","","","in","Jakarta","0","0","1","https://x.com/kompascom/status/1716311384357839279","23343960","kompascom"
"1716311376548045142","Mon Oct 23 04:31:34 +0000 2023","1","Riset Work Relationship Index yang diungkap Hewlett-Packard (HP) menyebut Gen Z rela dapat gaji kecil demi bisa kerja fleksibel dan sehat mental. https://t.co/kN43nTR3ej","1716311376548045142","","","in","Jakarta, Indonesia","0","0","0","https://x.com/KompasTekno/status/1716311376548045142","74501380","KompasTekno"
"1715585733095026700","Sat Oct 21 04:31:55 +0000 2023","0","Tapi gapapa mas @gibran_tweet kalo jadi cawapres beneran dia ini udah cukup mencerminkan gen Z dan milinial yang suka lompat lompat kantor biar gaji ato jabatannya naek.","1715586689094053929","","Andi_Fni","in","Tangerang, Indonesia","0","1","0","https://x.com/Andi_Fni/status/1715586689094053929","723473629","Andi_Fni"
"1715553134607728993","Sat Oct 21 02:18:35 +0000 2023","0","Gen Z Perlu Lakukan 5 Hal Ini Saat Terima Gaji Pertama https://t.co/2lFrHLCQpX","1715553134607728993","","","in","","0","0","1","https://x.com/IDNTimesLife/status/1715553134607728993","1616334886759174144","IDNTimesLife"
"1715294434353430602","Fri Oct 20 20:50:56 +0000 2023","6","@decaffcan @maudyGoyang @ikramarki Emg apanya yg terluka sih kalo bawa gen z? Gw gen z tapi bodo amat mau dibilang gen z lembek atau apalah in a way kadang bener juga kok kadang juga ngga dan gak masalah juga Dan ini gaada hubungannya sma pinter atau ngga sih tapi masa masih pake diksi sekian dan terima gaji?","1715470680211550429","","decaffcan","in","Stillwell Avenue","0","2","0","https://x.com/_smileworks/status/1715470680211550429","118684824","_smileworks"
"1715267902595870754","Fri Oct 20 15:37:02 +0000 2023","0","@kisbet_ Intinya generasi milenial / gen z harus senasib sepenanggungan Kalau satu dari kami susah dapet kerja kerja gaji kecil ga mungkin bisa punya rumah artinya seluruh generasi harus ngerasain itu. Bukannya punya empati malah nyaleg lu mau foya2 haaa???","1715391682697625875","","kisbet_","in","Bali, Indonesia","0","0","0","https://x.com/djaranmati/status/1715391682697625875","1115513696728616960","djaranmati"
"1714958122207567973","Thu Oct 19 16:32:09 +0000 2023","103","@twtsecretsmy ghisau tengok gen z ni mentang2 la isteri zaman sekarang bekerjaya ada career sampaikan nafkah and primary expenses nak bersplit split siap nak combine gaji pulak tu?????? gila gila engkorang berdua pergi la kursus kawen dulu tanya yang pakar jangan main bedal je","1715043165248647225","","twtsecretsmy","in","","3","0","22","https://x.com/h95144797/status/1715043165248647225","1607098399","h95144797"
"1714790359233167495","Wed Oct 18 23:47:35 +0000 2023","2","gen z susah kaya karna gaji nya abis buat subscription app premium","1714790359233167495","","","in","","0","0","0","https://x.com/kentankkkmcd/status/1714790359233167495","1140170147916726272","kentankkkmcd"
"1714513416017293442","Wed Oct 18 05:27:07 +0000 2023","5","tempo hari ada gen z lulusan bintaro ngeluh ke gw: mas kampr** bgt direktur gua kaga ngerti apa2 udah gitu gapernah di kantor. gw kaga kuat ini udah 2 taun gini gaji kecil bgt bandingin ama temen gw D1 aja bisa 2 digit bilanginnya gimana ya bil @PNS_Ababil ","1714513416017293442","","","in","Bandung","0","1","1","https://x.com/fayarboutz/status/1714513416017293442","110135293","fayarboutz"
"1714441815401848939","Wed Oct 18 01:47:21 +0000 2023","0","@ardi_tama1 Property sih paling kacau. Yang kesian yang keluarga muda mas. Itu udah pasti gada yang pada bisa beli rumah di Gen Z sama Millenial mas hahahah. Padahal gaji mereka sebenernya kalo kita liat standarnya udah lumayan tinggi tapi ga sadar bahwa sebenernya akumulasi turun","1714458112344953251","","ardi_tama1","in","Jakarta","0","2","0","https://x.com/FelixSGL1/status/1714458112344953251","2862109627","FelixSGL1"
"1714257680276271533","Tue Oct 17 12:32:18 +0000 2023","0","kalo kata nak gen z mah gua pgn slow living aja di jogja dgn gaji 3 digit tp","1714258029343039840","","mancinggmania","in","","0","0","0","https://x.com/mancinggmania/status/1714258029343039840","1676674626355871744","mancinggmania"
"1714145564118667595","Tue Oct 17 06:02:49 +0000 2023","0","@TemahUluBanat Gaji dia basic ja. Cuma ada la elaun/komisen. Taktau lah. Gen Z maybe. Kena belajar handle depa ni ","1714160015337242796","","TemahUluBanat","in","","0","1","0","https://x.com/candawaratu/status/1714160015337242796","706392065148452866","candawaratu"
"1713492577922773483","Sun Oct 15 12:59:46 +0000 2023","5","@worksfess Sy ada lowongan nih guys. Kebetulan ownernya tmn dia lagi nyari anak Gen Z energic yg seneng jadi sales &amp; main sosmed - Pt sasana cipta mandiri.BSD Tangerang - industri teh eksport dan dlm negeri. - Gaji range 5 -10 jt - No kontak (DM @worksfess yo) Semangat","1713540165594218769","","worksfess","in","","0","4","0","https://x.com/Mendoanoye/status/1713540165594218769","1411101579432710144","Mendoanoye"
"1713215703187394963","Sat Oct 14 15:30:28 +0000 2023","0","Gen z jadi target market bootcamp socmed/digimar specialist yang lgsg terjun ke teknis tanpa belajar basic marketing (termasuk gue) dengan embel2 wfa dan gaji gede","1713215705682989511","","jkchubby","in","","0","0","0","https://x.com/jkchubby/status/1713215705682989511","974629132171542528","jkchubby"
"1713166634649895277","Sat Oct 14 13:16:50 +0000 2023","0","@worksfess Tipikal gen z yg mau gaji 2 digitkah?","1713182075401191704","","worksfess","in","","0","0","0","https://x.com/miemelonilo/status/1713182075401191704","756321565","miemelonilo"
"1713139903104782439","Sat Oct 14 10:29:16 +0000 2023","15","Apa itu dana pensiun apa itu tunjangan hari tua apa itu jenjang karir apa itu rumah dinas. Yang keren di mata gen z kan kerja sambil goleran di bean bag ciki gratis es krim gratis. Gaji ngepas UMR gpp yg penting bisa ngonten a day in my life di gedung2 trus pamerin ciki","1713139903104782439","","","in","Palembang","1","3","5","https://x.com/reyhan2ff/status/1713139903104782439","387528817","reyhan2ff"
"1713053136158646409","Sat Oct 14 05:37:23 +0000 2023","0","@neohistoria_id sejak menjamurnya era medsos makin banyak milenial/gen z yg keracunan teori pejabat pribumi nilep gaji.","1713066449634508822","","neohistoria_id","in","Bogotá, D.C., Colombia","0","0","0","https://x.com/ghostmudin/status/1713066449634508822","1607694708469563392","ghostmudin"
"1712725591466848506","Fri Oct 13 18:02:17 +0000 2023","0","@worksfess Kakakku sebagain millennial blg penyakitnya gen z (aku) tuh kalo baru lulus alias fg tuh lgsg idealis pgn gaji gede tapi pengalaman kerja (bkn magang) gaada. Kata dia ya emg hrs merintis jd kalo ada kesempatan kerja tuh ambil aja dulu jgn idealis. Kitu ceunah wak","1712891524001026194","","worksfess","in","","0","0","1","https://x.com/kochengclassy/status/1712891524001026194","1094167139609600000","kochengclassy"
"1712704625374302673","Fri Oct 13 09:18:49 +0000 2023","0","@OtolKoing @unromanthic Kalo ini si setuju. As gen Z gue kalo ngajuin cuti pas kerjaan udh kelar si. Kalo ga ya mana berani. TAPI gue juga GA sudi disuruh kerja rodi tp gaji becanda. Emg kalo gue sakit pd mau bayarin biaya berobat gue? Ga bakalan cuk","1712759787245715554","","OtolKoing","in","","0","1","0","https://x.com/chocoalatte__/status/1712759787245715554","1676420138072162305","chocoalatte__"
"1712642099974377500","Fri Oct 13 02:07:22 +0000 2023","0","@txtdrorgmiskin @hrdbacot @KemensosRI Saya tolak! Masa turun gaji gua. ","1712651209952329760","","txtdrorgmiskin","in","Jakarta Capital Region, Indone","0","0","0","https://x.com/GenZCoy/status/1712651209952329760","1344764728619409408","GenZCoy"
"1712104676148363770","Thu Oct 12 03:02:02 +0000 2023","0","@worksfess ni yg nanya pasti gen Z. kalo lo expect gaji 2 dijit ngaca dulu yaa please :). kalo masih anak kemaren sore struggle dulu nyet.","1712302580284670107","","worksfess","in","Jakarta Selatan, DKI Jakarta","0","0","0","https://x.com/sisharkyyy/status/1712302580284670107","159053131","sisharkyyy"
"1711334201713471983","Mon Oct 09 10:54:03 +0000 2023","1","Gen z di korea itu kebanyakan udah hopeless buat beli rumah dan menikah. Duitnya lari kemana? Luxury shopping Gaji umr aja tas kerjanya ganti2 ntar channel ntar LV ntar gucci Itu lah temen gw dan kaumnya","1711334201713471983","","","in","Yogyakarta, Indonesia","0","1","0","https://x.com/_okmarin/status/1711334201713471983","1531649220851032064","_okmarin"
"1711307203125342481","Mon Oct 09 09:19:03 +0000 2023","0","Jd aku antara org yg berpengalaman di tmpat kerja. Aku ajr gen z mcm mana nk demand gaji bab epf socso acane terima teguran dr atasan defend dr sdr bl tak buat salah tp tibeeeeeerrrr kena marah cara berjimat tips beli brg² personal dlll. Aku tak nak dorg jd bodoh mcm aku.","1711310292582613043","","MapleRara","in","Malaysia","0","2","0","https://x.com/MapleRara/status/1711310292582613043","1425447179007627264","MapleRara"
"1709485328363573338","Sun Oct 08 15:24:22 +0000 2023","0","@SBarokahKarpet mohon maaf ya mas ini tu gaya hidup jg udh ga tinggi ya hemat2 juga gue kesel ya apa2 gen z dikaitin ama gaya hidup tinggi padahal hidupnya challenging njir mau kerja saingan ketat gaji UMR gitu2 aja biaya hidup makin tinggi dibilang lg standar hidup tinggi :)","1711039841788629313","","SBarokahKarpet","in","","0","0","0","https://x.com/kikimbabap/status/1711039841788629313","1295346228314611712","kikimbabap"
"1710466567346221444","Sat Oct 07 06:39:53 +0000 2023","2","@worksfess inimah kalo HRD nya gen Z juga kali yg apa2 dibawa overthinking.. wkwk selama CV oke interview lancar gaji masuk budget.. harusnya itu yg jadi pertimbangan utama","1710545464121282850","","worksfess","in","Buitenzorg","0","0","1","https://x.com/zimi95/status/1710545464121282850","58741551","zimi95"
"1710544071822016560","Sat Oct 07 06:34:21 +0000 2023","27407","Buat anak Gen Z kumpulkan uang sebanyak2nya hemat apapun yg bisa dihemat dan cari penghasilan tambahan diluar gaji. Jadilah karyawan dgn tampang paling kucel menu makan siang paling pelit dan outfit paling gembel di kantor. Trust me in 10 years you'll be proud of yourself.","1710544071822016560","","","in","","1843","893","5641","https://x.com/investorgabut/status/1710544071822016560","185523454","investorgabut"
"1710283244023996723","Fri Oct 06 13:17:55 +0000 2023","0","Menurut w nih gen z kayaknya lebih sulit hidupnya nanti kalau mereka ada tanggungan. S1 aja gaji masih umr bahkan dibawah persaingan nyari kerja susah klo dapet gaji bisa dibawah expektasi bisa perusahaan yg gk sustain ada yg cuman dpt yg sistem kontrak. Boro2 jg punya rumah","1710283244023996723","","","in","Jakarta Selatan, DKI Jakarta","1","0","0","https://x.com/harlanpradana/status/1710283244023996723","223750812","harlanpradana"
"1710279370504626485","Fri Oct 06 13:02:32 +0000 2023","15","Akar masalah bangsa mulai urusan perkotaan transportasi publik hingga gaji gen z yang cuma cukup buat komuter dan beli kopi itu ya bank bank ini","1710279370504626485","","","in","","0","1","7","https://x.com/about_ftp/status/1710279370504626485","126858795","about_ftp"
"1710207253675114974","Fri Oct 06 08:15:58 +0000 2023","1","Gue dan temen2 gue GEN Z masih menjadi wota kita ga sehopeless itu dan kita berani buat berinovasi membuat chant unik yang bergerak di bidang peridolan. Kita kerja volunterr tiap tour tanpa gaji. Jadi jangan nganggep GEN Z itu lemah","1710207253675114974","","","in","","0","0","0","https://x.com/MybiasIsRyujin/status/1710207253675114974","505785421","MybiasIsRyujin"
"1710202854479479204","Fri Oct 06 07:58:29 +0000 2023","1","Dari gaji 500 rb sampe skg udah 30xlipet ngerasain susah seneng senep jungkir balik nyungsep baru ini aku dengan tegas dan yakin tidak mau punya tim atau kerja sama dg gen Z. ","1710202854479479204","","","in","Yogyakarta, Indonesia","0","0","0","https://x.com/candradity/status/1710202854479479204","625445107","candradity"
"1709933986800365697","Fri Oct 06 07:42:49 +0000 2023","0","@tanyakanrl kasihan juga guru honorer gaji ga seberapa suruh didik moral2 gen z yang lemah susah diatur mau nya dienakin doang sama suka berteori nekatan payahhhhh emng gen zzzzzz turu cil","1710198914496811176","","tanyakanrl","in","","0","0","0","https://x.com/ajibxf1/status/1710198914496811176","2559420829","ajibxf1"
"1709899657621684702","Fri Oct 06 06:17:33 +0000 2023","0","sebagai gen z aku gak marah kalo liat becandaan bang oza tentang mental health gen z karena ya emang. tapi marah kalo nyangkutin financial gen z boros sampe gak bisa beli rumah. udah gaji masih umr kalo beli rumah kpr harus relain setengah gaji buat nyicil 15-20 tahun cuy","1710177455234015553","","namzeeni","in","DKI Jakarta, Indonesia","0","0","0","https://x.com/namzeeni/status/1710177455234015553","402649824","namzeeni"
"1710173950859186504","Fri Oct 06 06:03:38 +0000 2023","0","Gue dan temen2 gue GEN Z masih mahasiswa kita ga sehopeless itu dan kita berani buat berinovasi membuat startup yang bergerak di bidang pendidikan. Kita kerja volunterr hampir setahun tanpa gaji. Jadi jangan nganggep GEN Z itu lemah https://t.co/TPRL94aj2b","1710173950859186504","https://pbs.twimg.com/media/F7vCIg-XwAA3_bX.jpg","","in","인도네시아","0","0","0","https://x.com/vinseeeeen/status/1710173950859186504","99023619","vinseeeeen"
"1709996651224691137","Fri Oct 06 05:27:56 +0000 2023","0","@hrdbacot klo pgn bikin bisnis besar mending join sm tmn lo yg emng sepemikiran mau buka bisnis bareng tp hati² jga banyak yg begini pas udh maju malah kawan di depak pdhl udh turut memajukan perusahaan bikin perusahaan tp gak gaji orang malah bangga wkwk embel² Gen Z tp hati nurani gaada","1710164967746658438","","sayumnats","in","DKI Jakarta, Indonesia","0","0","0","https://x.com/sayumnats/status/1710164967746658438","1598162106","sayumnats"
"1710106399068602722","Fri Oct 06 04:58:06 +0000 2023","26","@raditya_yoga @gibsgibgib @iqbal_farabi @m_sisihab gue asumsiin lu ngomong gen z ya bukan boomers buat gen z yg ga punya rumah dan mobil travel atau foodgasm masih bisalah tiket aja bisa paylater itu semua fasad doank dibelakang keuangan banyak orang cuman dari gaji ke gaji ada krisis dikit lagsung mampus","1710157462396117486","","raditya_yoga","in","","0","1","2","https://x.com/404berserk/status/1710157462396117486","1601821806171541505","404berserk"
"1709801729603277007","Fri Oct 06 04:29:18 +0000 2023","0","@RAPutri27 Gaji guru ga sampe 2 juta ditambah bimbel mentok dapet 3jt dg tanggungan adik dan ortu sisa 1 5 itu belum sama kebutuhan bulanan. Skrg kasih tau gimana caranya dapet properti? Jangan asal ngomong doang ya. Jgn lu pikir gen z itu konten kreator atau influencer kantoran semua.","1710150214500380877","","RAPutri27","in","","0","1","0","https://x.com/RoegenSchwarzer/status/1710150214500380877","1021048882287919112","RoegenSchwarzer"
"1710099891450695709","Fri Oct 06 01:09:20 +0000 2023","0","Yang susah itu hilingnya ajak2 teman (saya) jika Ndak dituruti ngatain macem2 sok ngirit lah gak kompak lah dll. Kalo dituruti eh biayanya lebih mahal dari gaji satu bulan. Ini gen z bisa ngitung gak sih?","1710099891450695709","","","in","Nganjuk, Indonesia","0","0","0","https://x.com/sla__met/status/1710099891450695709","1046890899425251328","sla__met"
"1710089547135217715","Fri Oct 06 00:28:14 +0000 2023","3","Kerja tanpa gaji is so gen z coded. ","1710089547135217715","","","in","he/him ","0","0","0","https://x.com/ikhhsn/status/1710089547135217715","567887486","ikhhsn"
"1710061382647828796","Thu Oct 05 23:35:02 +0000 2023","0","@aaththaar emang anjing sih harga naik gaji stuck di situ aja gen z bakal susah beli rumah.","1710076160158412890","","aaththaar","in","Karawang, Jawa Barat","0","1","0","https://x.com/SahaIye15/status/1710076160158412890","1259513503469060096","SahaIye15"
"1709566675719471255","Thu Oct 05 22:55:00 +0000 2023","1","@orangjalanannn orang-orang pada missing the point dah?? dia menekankan hampir setahun ga digaji buat nepis stigma gen z yang kerja harus well paid etc etc ribet soal gaji tanya sana-sini. bukannya bangga kerja ga di bayar bukan. susah emg Ya Tuhan ngontrol persepsi orang :D :D","1710066082361348465","","orangjalanannn","in","","0","0","0","https://x.com/rmond_N/status/1710066082361348465","3149001230","rmond_N"
"1709961536750617062","Thu Oct 05 15:59:34 +0000 2023","0","cape yah ngeliat perdebatan di twitter dari yang awalnya cuma untuk ngebuktiin bahwa gen z ga sehopeless itu buktinya mau usaha walaupun imbalan buat diri sendirinya gak ada malah sampe dianggep ga sadar priviledge punya resource ortu gaji gede. KEK MANAAA","1709961536750617062","","","in","","0","0","0","https://x.com/bloopyrum/status/1709961536750617062","1219201983447363584","bloopyrum"
"1709949465178911150","Thu Oct 05 15:11:36 +0000 2023","3","Gue dan temen2 gue GEN Z masih gadis kita ga sehopeless itu dan kita berani buat berinovasi membuat anak yang bergerak di bidang miring. Kita kerja volunterr hampir setahun tanpa gaji. Jadi jangan nganggep GEN Z itu lemah https://t.co/SBKWaeFAMo","1709949465178911150","https://pbs.twimg.com/media/F7r1-P4bwAA_2Xx.jpg","","in","S-ND.","3","0","0","https://x.com/sadiptakecare/status/1709949465178911150","736879634919219200","sadiptakecare"
"1709615175417184645","Thu Oct 05 14:55:23 +0000 2023","0","@pemudahepi Sebenernya fenomena ini bisa dijelasin sederhana pake teori maslow Ya gen Z emang mostly kebutuhan dasarnya dah terpenuhi makanya yg dibutuhin aktualisasi diri Dan kapitalist paham banget yg beginian makanya internship murah dan tanpa gaji tumbuh berkembang","1709945383244403156","","","in","Surabaya, east java, Indonesia","0","0","0","https://x.com/fat_bry/status/1709945383244403156","133069071","fat_bry"
"1709934007948050506","Thu Oct 05 14:10:11 +0000 2023","0","Gue dan temen gue GEN Z masih SMK kami ga sehopeless itu dan kami berani untuk magang di pemerintahan yang bergerak di bidang nasa analisis. Kami magang empat bulan tanpa gaji. Jadi jangan anggap GEN Z lemah.","1709934007948050506","","","in","Belakang Bumi","0","1","0","https://x.com/bhafidah_/status/1709934007948050506","1679897873075552256","bhafidah_"
"1709928614530367548","Thu Oct 05 13:48:45 +0000 2023","0","mbanya generalisasi gen z deh agak malu ya bacanya. aku dan tmn2 gen z yg ku tau malah semangat kerja sih meskipun tau gaji ga mengikuti inflasi and btw harga properti yg dimaksud mbanya yg mana ya? soalnya yg ga ngotak harganya di kota2 besar aja sih kebanyakan","1709928614530367548","","","in","","0","1","0","https://x.com/kyootiepiglet/status/1709928614530367548","231677847","kyootiepiglet"
"1709922104878235781","Thu Oct 05 13:22:53 +0000 2023","0","lembur gak digaji aja udh bikin kesel ini malah bangga2in kerja tanpa gaji ckckckck gen z gen z","1709922104878235781","","","in","","0","0","0","https://x.com/xrsmxrs_/status/1709922104878235781","1201208909077204992","xrsmxrs_"
"1709920414045254053","Thu Oct 05 13:16:10 +0000 2023","0","Kerja volunterr tanpa gaji = GEN Z yang tidak lemah tapi Baperan","1709920414045254053","","","in","","0","0","0","https://x.com/UlisUwis/status/1709920414045254053","1158199060613910528","UlisUwis"
"1709899439341732234","Thu Oct 05 12:53:34 +0000 2023","0","@strike_bravo_b Lho tweetku kan respon awal si mbak @stephvalentina_ yang males malesan kerja karena properti dll makin mahal sementara gaji katanya enggak ya diketawain lah millenial dulu divonis kutu loncat karena pindah pindah kerja mulu poiinya soal jaga etos kerja gen Z ini udah","1709914727709847555","","strike_bravo_b","in","Iceland","1","3","0","https://x.com/dwiputro89/status/1709914727709847555","1027775966142054401","dwiputro89"
"1709902314348364271","Thu Oct 05 12:04:14 +0000 2023","0","Mau kurangin gengsi gmn lagi anjir gue beli kebab 15k aja mikirnya lama bgt Lagian gmn ga pasrah dh harga rumah aja ratusan juta trs para gen z sandwich gen dgn gaji UMR harus nabung brp lama sampe kebeli rumah ","1709902314348364271","","","in","99L","0","0","0","https://x.com/dimpbribri_/status/1709902314348364271","1469635340465885190","dimpbribri_"
"1709411258687184949","Thu Oct 05 11:27:59 +0000 2023","0","@ridwanhr Ampun dah nerima gen Z tuh sopan santunnya di mana yah? Jadi atasan mereka harus penuh sabar extra.blom ada pengalaman minta gaji sesuai mau mereka giliran di tanyang kelarin projevt nya gak perna bisa ontime deadline","1709893189258392060","","ridwanhr","in","Melbourne, Victoria","0","0","0","https://x.com/inuyaza889/status/1709893189258392060","2463112550","inuyaza889"
"1709566675719471255","Thu Oct 05 11:08:52 +0000 2023","0","@orangjalanannn Lu enak kaya kerja kaga di gaji jg mau mau aja Lah gen z kek gua ? ","1709888377552773199","","orangjalanannn","in","Bekasi, Jawa Barat","0","0","0","https://x.com/saymynamerio/status/1709888377552773199","290271844","saymynamerio"
"1709882225196757369","Thu Oct 05 10:44:25 +0000 2023","0","bayangin elu gen z yang gaji ga nyampe umr masih harus ngehidupin orang tua dan sodara trus ada yang ngomong gini ke elu","1709882225196757369","","","in","","0","0","0","https://x.com/paleojovanicus/status/1709882225196757369","1284536881523208192","paleojovanicus"
"1709864582339272862","Thu Oct 05 09:34:18 +0000 2023","0","Aminn dehh gaji semua gen z gede2 biar bisa beli aset properti yg harganya naik mulu itu","1709864582339272862","","","in","","0","0","0","https://x.com/pepappang/status/1709864582339272862","1091252570792767493","pepappang"
"1709612869317173724","Thu Oct 05 09:27:15 +0000 2023","0","@menghanyurkan kenal beberapa dari mereka. ortunya gak kaya justru dia malah sandwich generation. statement kerja setahun tanpa gaji emang kedengeran delusi dan seolah persekusi pilihan gen Z yg kerja digaji tanpa social impact. emang mereka blunder di pemilihan kata.","1709862804856230161","","menghanyurkan","in","DKI Jakarta, Indonesia","0","1","0","https://x.com/txtnobody/status/1709862804856230161","3250135831","txtnobody"
"1709272415145259460","Thu Oct 05 09:07:58 +0000 2023","1","@ur3rdbby @afternoondtea @Battercuppp @stephvalentina_ Lu baca ga? Gausah tiba2 dateng ikutan lu yg dr awal generalisasi gen z itu pemalas gamau kerja maunya instan padahal gaji 2 digit itu generasi lu pada kontol. Yg kena gen z permasalahn sistemik koruptor pemerintahan itu juga dr generasi lu kalo mau cherry picking.","1709857954273661359","","ur3rdbby","in","","0","0","0","https://x.com/RoegenSchwarzer/status/1709857954273661359","1021048882287919112","RoegenSchwarzer"
"1709485328363573338","Thu Oct 05 07:57:41 +0000 2023","0","@SBarokahKarpet perasaan gue Gen Z udah kerja keras tetep aja gaji ga cukup buat beli property ya gimana inflasi naik gaji segitu aja apalagi pegawai negeri mau minta naik gaji aja dihujat netizen berjilid2 padahal mah kita kalo bukan dari gaji ya mau dapet dari mana usaha aja gaboleh","1709840266511942014","","SBarokahKarpet","in","antara bandung dan Jakarta","0","1","0","https://x.com/depressdbxy/status/1709840266511942014","1094339647881207808","depressdbxy"
"1709834466208997802","Thu Oct 05 07:34:38 +0000 2023","0","belum dirasain jadi wanita gen z gaji pas2an lalu dipaksa2 nikah karna apa? karna anak wanita tidak dapat apa2 rumah ortu bakal diwarisin sama anak cowok kontol","1709834466208997802","","","in","asian - 女 ","0","0","0","https://x.com/chanterelIess/status/1709834466208997802","1443054200384937985","chanterelIess"
"1709832851028676620","Thu Oct 05 07:28:13 +0000 2023","0","apa apa gen z gen z. ini seleb seleb twitter kalo ga nyinggung gen z 1 hari aja langsung meriang ya? muak baca nya lu mikir aja deh gaji umr mau nurunin gengsi seturun nya pun ga kebeli juga itu properti","1709832851028676620","","","in","Dowoon's heart ","0","0","0","https://x.com/softydwn/status/1709832851028676620","1221400067149422592","softydwn"
"1709831813374546417","Thu Oct 05 07:24:06 +0000 2023","0","kocak kocak entah w gen milenial apa gen z tapi gaji 2jt kalo buat biaya hidup 2 orang aja udah pas an kocak itu ae sering makan sehari sekali cok","1709831813374546417","","","in","","0","1","0","https://x.com/Rkshu_/status/1709831813374546417","1203617287","Rkshu_"
"1709489911932522808","Thu Oct 05 06:57:45 +0000 2023","0","@stephvalentina_ coba sekarang selain (gen z dan dengan gaji umr) udah bisa beli properti apa aja emangnya? kepo deh apasih rahasia kakak2 dalam menabung ️","1709825185808032016","","stephvalentina_","in","","0","0","0","https://x.com/secackerman/status/1709825185808032016","1177900073704755200","secackerman"
"1709272415145259460","Thu Oct 05 06:43:48 +0000 2023","0","@RoegenSchwarzer seng tenang. ni baca dr awal gw ngomentarin mbak ini yg blg alesan gen z kerja ogah ogahan. dan gw bilang km pernah liat gak gen z yang gajinya 2 digit bla bla bla gak ada yg bilang semua genz rata rata gaji sgitu trs tb tb lu ngamuk https://t.co/Z5ZKpQQFIx","1709821671291711696","https://pbs.twimg.com/media/F7qBvnvbEAAXNyg.jpg","RoegenSchwarzer","in","","0","0","0","https://x.com/afternoondtea/status/1709821671291711696","1536615986459451392","afternoondtea"
"1709566675719471255","Thu Oct 05 06:17:28 +0000 2023","2","@orangjalanannn jgn gara2 ini nanti gen z dituntut kerja serba bisa gaji seadanya ","1709815047994888614","","orangjalanannn","in","in the heart of the sea","0","0","0","https://x.com/tunggudingin/status/1709815047994888614","194472563","tunggudingin"
"1709272415145259460","Thu Oct 05 06:07:37 +0000 2023","0","@Noobgrand2 @RAPutri27 @nastarjpeg @stephvalentina_ gua bukan gen z tapi kalo udh yakin gua percaya gua bisa sih keknya kmungkin punya rumah jg bisa meskipun dg gaji yg pas umr misal meskipun gak brlangsung cpat dapetnya mungkin tmn kknya gitu dia ga peduli min gaji tp dia yakin bisa ujungnya bisa hehe","1709812568171467004","","Noobgrand2","in","Indonesia","0","1","0","https://x.com/Endomorff/status/1709812568171467004","1407384473050566656","Endomorff"
"1709744107311227378","Thu Oct 05 04:57:54 +0000 2023","0","@dhykjun Jadi masuk akan dong keluhan para gen z dan millenial ini krn harga properti emng semahal itu. Ditambah abis pandemi ekonomi blm stabil belum lagi inflasi dll sementara gaji gitu2 aja gak nambah :')","1709795021699084464","","dhykjun","in","Jakarta Capital Region","0","1","0","https://x.com/J3ss1807sica/status/1709795021699084464","1133962589220696064","J3ss1807sica"
"1709794298974408754","Thu Oct 05 04:55:01 +0000 2023","0","Gen z oh gen z kalau gk bisa handle kerjaan tuh bilang dulu atau ajuin resign baik jgn mlh misoh di sosmed &amp; bilang gaji gak setara dgn beban kerja terus mbedal sakpenake dewe ","1709794298974408754","","","in","Alm. Didi kempot city","0","0","0","https://x.com/AlumniYuenes/status/1709794298974408754","2447186135","AlumniYuenes"
"1709727679472074902","Thu Oct 05 04:18:28 +0000 2023","10","@neohistoria_id Gen z gaji UMR aja ngeluh padahal kerja di tempat ber-AC. Belum ngerasain aja bikin jalan dari Anyer sampai Panarukan dapet makan seadanya","1709785099838140822","","neohistoria_id","in","","0","0","0","https://x.com/vermilliovis/status/1709785099838140822","1174579597553176576","vermilliovis"
"1709783254805729410","Thu Oct 05 04:11:08 +0000 2023","7","Kenapa gen Z ini selalu disudutin sama mereka yang udah punya pekerjaan tetap dengan gaji tetap udah bisa beli rumah / aset dari tahun sebelum tahun inflasi tanpa kesetaraan UMR dengan label gue millenials","1709783254805729410","","","in","Nanti aku shareloc aja","0","2","3","https://x.com/jaIjinesoyomodu/status/1709783254805729410","2496102402","jaIjinesoyomodu"
"1709272415145259460","Thu Oct 05 03:50:26 +0000 2023","3","@afternoondtea @Battercuppp @stephvalentina_ Gaada yg jadiin alesan buat ogah2an??? Cuman ELU yg bikin seakan2 semua gen z itu kaya gaji 2 digit punya apartemen dan fafifu lainnya? Lu anggep gue hopeless? Ya silahkan.","1709778042682556883","","afternoondtea","in","","0","1","0","https://x.com/RoegenSchwarzer/status/1709778042682556883","1021048882287919112","RoegenSchwarzer"
"1709272415145259460","Thu Oct 05 03:47:58 +0000 2023","0","@stephvalentina_ Bener gen z mending pinjol aja kalo gak minjem ke orang yang punya gaji gede","1709777424697971193","","stephvalentina_","in","","0","0","0","https://x.com/def_sandra/status/1709777424697971193","1176108773309435906","def_sandra"
"1709656264677142673","Thu Oct 05 03:45:18 +0000 2023","1","@ahwyangsantun Masalahnya: 1. Ga semua org dapat ngehasilin dr konten (sektor konten kreator udh banyak contoh lo bisa liat skrg youtuber senumpuk apa). 2. Oke agree. 3. Ga semua dapet beasiswa dan mampu ke pendidikan lanjut. Ga semua gen z dapet gaji yg proper sektor guru contohnya ","1709776750845239594","","ahwyangsantun","in","","0","1","0","https://x.com/RoegenSchwarzer/status/1709776750845239594","1021048882287919112","RoegenSchwarzer"
"1709776626966507665","Thu Oct 05 03:44:48 +0000 2023","0","kerja gabut gaji umr tp ngerasa tekanan tinggi ya namanya jg gen z","1709776626966507665","","","in","","0","0","0","https://x.com/qqqreii/status/1709776626966507665","1300289740017512448","qqqreii"
"1709199233176539273","Thu Oct 05 03:43:50 +0000 2023","0","@strike_bravo_b gen z tuh + nya yaa to the point dalam hal apapun kalo i quit yaa i quit beda ama milenial ngeluh kerja mulu tapi masih aja dijalanin kerja mau nya nyantai tapi gaji maunya gede. yaaaa gitulahh perbedannya wkwk","1709776384661557418","","strike_bravo_b","in","Jakarta","0","0","0","https://x.com/ifuneedmeee/status/1709776384661557418","1229870429075935232","ifuneedmeee"
"1709772208716034326","Thu Oct 05 03:27:15 +0000 2023","20","Gen Z jobseeker: duh mesti ikut kursus apa lagi biar gw bisa dpt kerjaan Gen Z gaji 2jt an: laper euy tapi blm bayar kost beli token listrik + kuota Gen Z gaji UMR: nak bantu mama byr utang ke juragan tahu ya oiya adek km blm bayar spp juga kasian ntr gabisa sekolah ","1709772208716034326","","","in","VoN","0","1","2","https://x.com/katharsisv/status/1709772208716034326","1149684154746822656","katharsisv"
"1709485328363573338","Thu Oct 05 03:25:48 +0000 2023","1","@SBarokahKarpet Beli properti itu mesti diacc gaji lu nutup gaa gua rasa gen z yg pasrah di sini adalah gen z yg gajinya aja ga akan bisa tembus utk nyicil properti jd ya mau ngubah gaya hidup juga percuma","1709771843249529255","","SBarokahKarpet","in","","0","0","0","https://x.com/ambatr0n/status/1709771843249529255","1324049814695243776","ambatr0n"
"1709485328363573338","Thu Oct 05 03:24:56 +0000 2023","0","@kecapitem12 @Fottify @SBarokahKarpet Ya makanya gw bilang itu kalau asumsi gaji UMR dan gw lanjut kalo yg di bawah UMR gmn karena lu kan reply ke tweet yg lagi ngomongin gen z secara umum :))))","1709771626760532382","","kecapitem12","in","","0","1","0","https://x.com/solacesolaces/status/1709771626760532382","2188962542","solacesolaces"
"1709771563644625148","Thu Oct 05 03:24:41 +0000 2023","0","bener harusnya mah gen z makan 3 hari sekali. gausah muluk2 nasi kecap ama kerupuk biar gaji sisa banyak","1709771563644625148","","","in","","0","0","0","https://x.com/WinterwithYu_/status/1709771563644625148","1265649945450700807","WinterwithYu_"
"1709485328363573338","Thu Oct 05 03:14:48 +0000 2023","0","@kecapitem12 @Fottify @SBarokahKarpet Dari awal kan ngomonginnya Gen Z in general bukan spesifik yg gaji UMR :)","1709769077009592662","","kecapitem12","in","","0","1","0","https://x.com/solacesolaces/status/1709769077009592662","2188962542","solacesolaces"
"1709768855181238479","Thu Oct 05 03:13:55 +0000 2023","0","Betul. Entah kenapa orang2 liat standar hidup gen z itu yg kek rafatar atau kek gen gledek. Ada juga gen z kerja dari subuh ketemu malam tapi hidupnya pun harus pas2an lantaran gaji cuman UMR dan biaya hidup di kota semakin tinggi.","1709768855181238479","","","in","✖️ minor, homophobic = dni","0","0","0","https://x.com/2ndHolmes/status/1709768855181238479","1346502276853030913","2ndHolmes"
"1709485328363573338","Thu Oct 05 03:13:52 +0000 2023","1","@SBarokahKarpet bukan gen z tapi dalam hal ini gw dipihak mereka deh. kasian mereka banyak yang sandwich gen gaji UMR boro2 bisa ditabung malah dimintain ortu..sekalikalinya ngopi di kafe dijulitin padahal belum tentu sebulan sekali saran gw buat para gen z cuma 1 sih.. merantau ke luar negri","1709768841893666934","","SBarokahKarpet","in","","0","1","0","https://x.com/sadisticjelly/status/1709768841893666934","1255434393776259075","sadisticjelly"
"1709757802032587129","Thu Oct 05 02:53:58 +0000 2023","0","Selain itu alasan terbanyak ketiga Gen Z untuk punya pekerjaan sampingan kembali ke gaji yang tak mencukupi kebutuhan. Hal ini terutama paling nampak di kelompok status sosial ekonomi (SES) menengah https://t.co/jRoJfy0UrM","1709763831742996863","https://pbs.twimg.com/tweet_video_thumb/F7pNI5TaoAAAkw4.jpg","TirtoID","in","Indonesia","0","1","0","https://x.com/TirtoID/status/1709763831742996863","4187275698","TirtoID"
"1709757802032587129","Thu Oct 05 02:46:50 +0000 2023","3","Meski demikian hal itu tak kemudian berarti gaji layak dianggap perkara main-main. Merujuk riset Tirto ini gaji yang kurang memadai juga jadi jawaban paling populer sebagai alasan Gen Z pindah tempat pekerjaan. https://t.co/erPgA7Ag45","1709762038778716310","https://pbs.twimg.com/media/F7pLZG9aAAAz3hX.jpg","TirtoID","in","Indonesia","0","1","0","https://x.com/TirtoID/status/1709762038778716310","4187275698","TirtoID"
"1709757802032587129","Thu Oct 05 02:45:20 +0000 2023","6","Laporan Tirto yang sama mengungkap gaji menjadi nomor kesekian bagi Gen Z dalam mendefinisikan kriteria ideal atas pekerjaan. Mayoritas pekerja Gen Z memilih pekerjaan yang memungkinkan mereka untuk punya work-life balance. https://t.co/iSWDH3ByWH","1709761661408858293","https://pbs.twimg.com/media/F7pLIbQbIAAqdqH.jpg","TirtoID","in","Indonesia","0","1","1","https://x.com/TirtoID/status/1709761661408858293","4187275698","TirtoID"
"1709272415145259460","Thu Oct 05 02:43:47 +0000 2023","0","@antscott049 @OfficialDimasAp @stephvalentina_ Lebih ke crab mentality maksa Gen Z dapet stigma sulit dapet property Kalau ada yang bisa beli dianggep survivorship bias padahal elu yang kaga bisa naek gaji nyalahin yang bisa beli ","1709761268943552733","","sengatanttawon","in","Nusa Barong","0","2","0","https://x.com/sultohn/status/1709761268943552733","852617601570164736","sultohn"
"1709760145834877071","Thu Oct 05 02:39:19 +0000 2023","3","Baru ada masalah impor kek gini aja udah ngeluh pusing dan kliyengan. Padahal kemaren mau ngajuin kenaikan gaji setara SPV. Dasar gen z.","1709760145834877071","","","in","East Java, Indonesia","0","6","0","https://x.com/babybreaths__/status/1709760145834877071","1292839371847024640","babybreaths__"
"1709758949443166601","Thu Oct 05 02:36:47 +0000 2023","0"," bnyak gen z yg bs gaji 2 digit di umur 25 brp persen si gen z yg bs gt dr seluruh jumlah gen z yg ada? coba dicek jg privilege mereka dr background orang tua dan sejenisnya","1709759508451643611","","yinyueajun","in","🔞🔞🔞","0","1","0","https://x.com/yinyueajun/status/1709759508451643611","855211552210681857","yinyueajun"
"1709759053449281672","Thu Oct 05 02:34:58 +0000 2023","0","bayangin lu Gen Z kerja lu guru honorer ga punya bapak which is lu sandwich generation nah gengsi mana lagi tuh yg harus diturunin dgn gaji sebulan 300k","1709759053449281672","","","in","neverland","0","0","0","https://x.com/sweetestbwoba/status/1709759053449281672","1080671374933291009","sweetestbwoba"
"1709755029949948130","Thu Oct 05 02:18:59 +0000 2023","0","Sesat pikir yang selalu di dawamkan adalah Gen Z Millenial etc adalah pekerja urban dengan lanyard dan tas jinjing mahal. Padahal ada Yanto tetangga gw yg menyambung hidup dgn jualan jajanan SD atau si Memet yg jadi cleaning service mall dgn gaji gak nyampe 2jt","1709755029949948130","","","in","Sukaraja, Indonesia","0","1","1","https://x.com/hikakupunka/status/1709755029949948130","405444458","hikakupunka"
"1709612869317173724","Thu Oct 05 02:14:08 +0000 2023","6","@graciyya @menghanyurkan beda konteks replyan si sofyan ini. di post itu sdg mengkritisi mostly gen z dream yg g bkl kewujud jikalau hny dr gaji sdgkn si sofyan dgn lemeh muncung blg kerja g digaji wht the hell gw ragu idealisme dia bkl stay jika sdh terjun lgsg k dunia kerja yg nyata.","1709753807272607933","","graciyya","in","Christmas Island","0","1","0","https://x.com/TrustMfn/status/1709753807272607933","893131534131052548","TrustMfn"
"1709485328363573338","Thu Oct 05 02:10:59 +0000 2023","1","@SBarokahKarpet Katakanlah Gen Z suka beli kopi di kafe dgn minimal harga 30rb/cup tiap hari selama sebulan. Total jadi 900rb. Gaji 6 juta. Bisa save 900rb pun gak akan bisa ngejar harga rumah 1 miliar. Tahun depan nya harga rumah 1 1M. Gaji gen z naik jadi 6 6 juta. Gak ngejar lagi.","1709753016478498871","","SBarokahKarpet","in","Jakarta Capital Region, Indone","0","0","0","https://x.com/tukangmarketing/status/1709753016478498871","2530405896","tukangmarketing"
"1709744789372178730","Thu Oct 05 02:05:30 +0000 2023","1","@orangjalanannn mau kerja apapun gabisa beli properti -&gt; hopeless karena gaji ga cukup bantahan gen z ga hopeless walaupun kerja ga digaji itu ga masuk kalo mau ngebantah etos kerja gen z yang dilabelin ogah kerja itu bukan ke tweet mba nya","1709751635340378305","","orangjalanannn","in","","0","0","0","https://x.com/delicacydierne/status/1709751635340378305","1300631459321921537","delicacydierne"
"1709749759437836390","Thu Oct 05 01:58:42 +0000 2023","0","Lagian inflasi makin naik tiap tahun tp gaji ga ikut naik mo dikata apa. Discourse gen z yg nyudutin ini emg lama2 bikin gerah","1709749926476005547","","lactocyanideaf","in","grassland, eagle division camp","0","0","0","https://x.com/lactocyanideaf/status/1709749926476005547","1232505260003823618","lactocyanideaf"
"1709749068803801472","Thu Oct 05 01:55:18 +0000 2023","6","WAH ADA GEN Z YANG MAU KERJA TANPA GAJI? HAYOKLAH GW BUKA LOWONGAN KONTEN WRITER TANPA GAJI karena https://t.co/Z4qDSBsC9d juga bergerak di bidang pendidikan personal finance dan investment #loker #lokercot ","1709749068803801472","","","in","Jakarta Capital Region","1","1","0","https://x.com/asmurcom/status/1709749068803801472","954188384989200384","asmurcom"
"1709746801467883600","Thu Oct 05 01:46:17 +0000 2023","0","Gue baca2 isinya nyalahin gen z krn gamau kerja ada yg kerja jd volunteer tanpa gaji ternyata jg dicap salah ","1709746801467883600","","","in","","0","0","0","https://x.com/fidddyaaa/status/1709746801467883600","1503564217764364288","fidddyaaa"
"1709743087353053485","Thu Oct 05 01:31:32 +0000 2023","0","hahaha santuy bro! memang gue Gen X edisi perjuangan dari jaman susah kuliah bayar sendiri lulis S1 kerja mulai 800 ribu 17 thn kemudian gaji 80 juta sebulan. Puji Tuhan dikasih rejeki punya 4 anak Gen Z. 2 di ITB satu di Yonsei satu di SPH Bekerja dan Berdoalah","1709743087353053485","","","in","Indonesia","0","1","0","https://x.com/DiraDMB/status/1709743087353053485","1461120147913986051","DiraDMB"
"1709741996724928637","Thu Oct 05 01:27:12 +0000 2023","4","Kasian jga gen z selalu disalahin kalo udh pembahasan kga punya aset di umur sekian dan kesusahan buat beli rumah. Pdhal gaji gen z juga banyak yg di bawah umr dan umr jogja nangis liat bginian ","1709741996724928637","","","in","🍀🦉; she/her","0","1","0","https://x.com/ddaiifuku/status/1709741996724928637","1452632243994652673","ddaiifuku"
"1709485328363573338","Thu Oct 05 01:26:45 +0000 2023","0","@lostinnara @SBarokahKarpet Dikira semua gen z kerja di start up/tech yg gaji gede atau influencer kali","1709741885785608243","","heartofgemine","in","","0","0","0","https://x.com/pipipinkfourth/status/1709741885785608243","1408003195209617411","pipipinkfourth"
"1709737676667281417","Thu Oct 05 01:17:27 +0000 2023","0","Karna urus urus administrasi baru baru ini jadi liat dokumen dirumah yg dulunya harga rumah/ tanah sekian juta jadi ratusan juta dalam belasan tahun secepat itu naik harga properti tapi ga dibarengin dengan gaji yang naik wajar sih Gen Z ngeluh susah punya properti","1709739546341224641","","Yohaneshtg","in","","0","0","0","https://x.com/Yohaneshtg/status/1709739546341224641","1567893343","Yohaneshtg"
"1709736621569130974","Thu Oct 05 01:16:28 +0000 2023","0"," Kita ga sehopeless itu dan berani berinovasi kami yg merupakan gen z berhasil membuat startup bernama ... duar argument countered lu ga disaltyin. Lha iki malah dilanjot jadi kita udah kerja setahun tanpa gaji seperti sistem volunteer lha koe ki malah digoreng wak ","1709739297627377979","","maculosus_","in","NY Botanical Garden","0","0","0","https://x.com/maculosus_/status/1709739297627377979","1240712049098764288","maculosus_"
"1709734378438291829","Thu Oct 05 00:56:55 +0000 2023","3"," Kalo mau kurangin gengsi &amp; nurunin standar hidup ketawa bgt gua liat ini. Gaji tuh ga buat lifestyle doang mostly buat kebutuhan rumah tangga. Standar hidup gua udah sedikit dibawah rata rata mau dijeblokin ampe mana lagi sii. Jangan generalisir gen Z yg foya2 doang","1709734378438291829","","","in","Jakarta","0","0","1","https://x.com/AdilaLega/status/1709734378438291829","1067060187020779521","AdilaLega"
"1709731523669201273","Thu Oct 05 00:45:35 +0000 2023","0","Rekomendasi topik paling populer di X/Twitter. Cocok buat kalian yang pengen dapat gaji dari babah Elon Musk! 1) Split Bill 2) Perilaku gen Z 3) Avkor tertipu 4) Flexing harta &amp; jabatan 5) Korban love bombing Ada lagi?","1709731523669201273","","","in","Depok, Jawa Barat","0","0","0","https://x.com/GilangPakeNG/status/1709731523669201273","371116442","GilangPakeNG"
"1709489911932522808","Thu Oct 05 00:43:15 +0000 2023","0","@stephvalentina_ Tiap tahun harga barang2 naik lbh cepet drpd gaji. Belom lg dihadapkan dgn fenomena sandwich generation. Boro2 mau gengsi dpt kerja yg settle aja susah. Orang kritik gen z mental tempe segala macem biasanya sih mereka org tua kolot yg hidup di zaman harto yg cari kerjanya ez","1709730937284510022","","stephvalentina_","in","","0","0","0","https://x.com/binaluralis/status/1709730937284510022","1331948795207172096","binaluralis"
"1709730308050854175","Thu Oct 05 00:40:45 +0000 2023","10","Eneg sih denger narasi foya-foya Gengsi dari gen boomers padahal yang gen millenial sama gen z hidup di jaman sekarang bisa waras aja udh Alhamdulillah banget. Bayangin aja gaji mereka paling tinggi 4.8jt belum yg harus biayain keluarga. Makan sehari 30k aja sebulan udh 900k","1709730308050854175","","","in","Seoul, Republic of Korea","1","1","1","https://x.com/beeswagr/status/1709730308050854175","1163395585870708736","beeswagr"
"1709727205675123029","Thu Oct 05 00:28:25 +0000 2023","6","Gengsi gengsi gengsi mana lagi yg harus diturunin????? Sotoy banget. Lu ga tau kah sekarang kebutuhan primer apa apa pada naik? Sedangkan gaji umr ga ngikutin inflasi. Gua anak Gen Z sekaligus sandwich gen gedeg banget liat statement lu yang ga berdasar itu.","1709727205675123029","","","in","Say The Name : SEVENTEEN","0","1","0","https://x.com/WorldWideWoozi/status/1709727205675123029","1510557863768633345","WorldWideWoozi"
"1709726533684719824","Thu Oct 05 00:25:47 +0000 2023","0"," nih kita gen z tp bisa merintis bisnis startup sendiri tanpa di gaji I got the point. Jadi ya semoga sukses bisnis nya dan semoga sukses juga buat temen2 sandwich gen!","1709726542790623685","","nanasubak","in","in a dream","0","0","0","https://x.com/nanasubak/status/1709726542790623685","826549722","nanasubak"
"1709587250965803169","Thu Oct 05 00:16:19 +0000 2023","25","@memelord_666666 Ya gimana kaga begitu. Rumah ama tanah dirampas Boomer Gen Z gaji 2jt disuruh biayain Boomer wkwkwkwk","1709724161621315697","","memelord_666666","in","","0","0","1","https://x.com/ServiceAperture/status/1709724161621315697","1512071354832814085","ServiceAperture"
"1709722914872778915","Thu Oct 05 00:11:22 +0000 2023","0","Rumah di Jakarta yang bisa di-KPR-kan kayanya minimal 900 jutaan (rumah gang sempit gabisa KPR btw) Anggep salah seorang gen Z ini gaji awalnya 6 juta (1.25 kali UMR) ya pas pengajuannya langsung ketolak lah. Apalagi yang UMR ","1709722914872778915","","","in","","0","0","0","https://x.com/capletlover/status/1709722914872778915","1039204106177396737","capletlover"
"1709485328363573338","Wed Oct 04 23:48:00 +0000 2023","2","@SBarokahKarpet Setuju! Gen Z yang punya gaji 2jt an padahal bisa ditabung. 1000 bulan udah dapet 2M. Yang hidup sendiri lebih enak lagi gausa sampe 1000 bulan 3 bulan aja bisa dapet lahan di Alam Barzah kalo gajinya full ditabung.","1709717032738918744","","SBarokahKarpet","in","Yogyakarta, Indonesia","0","0","0","https://x.com/inieliteglobal/status/1709717032738918744","1322795822195511296","inieliteglobal"
"1709715904789946754","Wed Oct 04 23:43:31 +0000 2023","0","ini teman teman gen Z yang bisa kerja setahun tanpa digaji punya tanggungan apa ya? kalo masih tinggal sama ortu yang penghasilannya double digit dan ga ada tanggung jawab lain sih aku juga siap kerja setahun tanpa gaji untuk pengalaman biar masuk CV","1709715904789946754","","","in","","0","0","0","https://x.com/fated0613/status/1709715904789946754","1074918905833897984","fated0613"
"1709612869317173724","Wed Oct 04 23:39:04 +0000 2023","6","@menghanyurkan Gimana yak gw gen Z boro boro kerja tanpa di gaji. Megang 1 kerjaan aja gajinya gacukup. Buay gen z + sandwich generation kaya gw mati matian kerja double tripple job demi menuhin kebutuhan keluarga. Mereka yg rela gak digaji maybe ya berduit entah dr sumber mana duitnya.","1709714786085224831","","menghanyurkan","in","ditumpukan jerami","0","1","0","https://x.com/taufikacitra_/status/1709714786085224831","211457433","taufikacitra_"
"1709713868531151171","Wed Oct 04 23:35:25 +0000 2023","1","Gen z mau punya rumah dengan gaji UMR? Bisa kok Cari aja mertua kaya","1709713868531151171","","","in","Between Cyber And Real World","0","1","0","https://x.com/bagoesbs182/status/1709713868531151171","231048690","bagoesbs182"
"1709712824979935670","Wed Oct 04 23:31:17 +0000 2023","20","ini ngomongnya enak banget wkwkw apa apa gen z apa apa gen z. coba dipikir gaji mepet umr dengan inflasi yang tinggi tuh gimana caranya mau beli properti? mau beli makan aja mikir apa lagi beli properti. apa apa gen z apa apa gen z mual banget gue liatnya","1709712824979935670","","","in","99 ☆ read bio before u follow","0","2","0","https://x.com/sunwoogemas/status/1709712824979935670","2521051885","sunwoogemas"
"1709485328363573338","Wed Oct 04 23:22:38 +0000 2023","0","@SBarokahKarpet Kak walaupun kita ga nongkrong sekalipun ga blin kita bsa beli properti. Msalahnya harga properti skrng makin ga ngotak apalagi gaji gen z yg sdikit. Trs hidup pas2an sama gaji blom ongkos. Msa mau ngumpulin seluruh gaji buat properti?biaya hidup drmana?","1709710652074307707","","SBarokahKarpet","in","","0","0","0","https://x.com/menjadiapaprok/status/1709710652074307707","1296262000989704192","menjadiapaprok"
"1709709194662752693","Wed Oct 04 23:16:51 +0000 2023","0","Bukan gen z tapi setuju Kerja sesuai gaji lah","1709709194662752693","","","in","Jakarta Capital Region, Indone","0","0","0","https://x.com/renapdrk/status/1709709194662752693","1226360944659316736","renapdrk"
"1709709021513757157","Wed Oct 04 23:16:10 +0000 2023","1","Tiap ada orang ngenyek gen z kebanyakan gengsi makanya gaji kurang mulu pengen gue gebukin pake bangku kelas kuliah malem","1709709021513757157","","","in","","0","1","0","https://x.com/pederquill/status/1709709021513757157","1072796579268984832","pederquill"
"1709703734950072676","Wed Oct 04 22:55:09 +0000 2023","1","Semalem ovt buat target list gaji kerja setahun bisa buat beli apa aja. Pusing karna sekarang apa-apa mahal tp gaji dari dulu segitu aja. Naik juga ga banyak. Eh malah baca tweet kampret bilang gen Z pemalas gengsian hopeless dll. Sedih banget pdahal udah mikir banget-","1709703734950072676","","","in","Bumi","0","2","0","https://x.com/zanjabills/status/1709703734950072676","1331234101794271232","zanjabills"
"1709703431198490760","Wed Oct 04 22:53:57 +0000 2023","0","betul sekali saya gak bisa beli aset properti soalnya gak bisa kurangin standar orangtua saya jadi setengah gaji saya kasihin ke orangtua saya semua untuk bayar ini itu emang saya ini gen z yang gak berbakti dan gak bisa nurunin standar","1709703431198490760","","","in","9teen","0","0","0","https://x.com/haewoncintaku/status/1709703431198490760","1542294910870597632","haewoncintaku"
"1709485328363573338","Wed Oct 04 22:48:10 +0000 2023","11","@batawhore @SBarokahKarpet benee pak!! gaji 4 5jt kita bli rumah diujung tangerang yh pak!! kerja di jakut gamsalah pak!! ayo gen z!! yG PeNtInG pUnyA PrOpErTi!!","1709701977163321810","","batawhore","in","Hamburg, Germany","1","0","1","https://x.com/estehmanis5m/status/1709701977163321810","3178025202","estehmanis5m"
"1709692089670504706","Wed Oct 04 22:08:53 +0000 2023","1","Sotoy bet padahal millenial sama gen z korban boomer yang suka nimbun aset dan pelit ngasih gaji lewat peraturan perundang-undangan yang ga bikin sejahtera generasi berikutnya setelah boomer. Pret.","1709692089670504706","","","in","","0","0","0","https://x.com/kubisdigoreng/status/1709692089670504706","100974737","kubisdigoreng"
"1709682935539073473","Wed Oct 04 21:32:30 +0000 2023","0","gabisa langsung pro/kontra sama pernyataan ini. Tapi banyak juga kok gen z yg ga gengsi cuman ya kebutuhan pokoknya emang banyak. Misal bantu byr sekolah adek les adek wifi rumah listrik rumah itu aja udah ngabisin hampir setengah gaji. belom lagi buat kos+hidup sehari2","1709682935539073473","","","in","","0","0","0","https://x.com/novemberindahAL/status/1709682935539073473","599137561","novemberindahAL"
"1709650805803077898","Wed Oct 04 19:24:51 +0000 2023","0","Gaji cuma naik 10% per tahun (anggapan) lu kudu nabung selama 6-7 tahun dengan expense ga boleh lebih dari 1.5jt selama itu. Mau nyicil harga totalnya jadi 500jt (keluar uang beli properti lebih bnyk) Bisa kebayang pak apa yg dihadapin Millennial sama Gen Z sekarang?","1709650809590538578","","tapudddd","in","Jakarta Barat, DKI Jakarta","0","0","0","https://x.com/tapudddd/status/1709650809590538578","423237314","tapudddd"
"1709631887797527024","Wed Oct 04 18:56:48 +0000 2023","50","@mediocrickey Sama sama buruh kok konflik gak dapet apa-apa. Kl ada anak gen Z ngeluh minta standar gaji tinggi jam kerja dikurangi libur lebih banyak ya harusnya saling dukung gak sih. Masa kalian lintas generasi gak mau sih? Yang rugi kan pengusaha bukan kalian sebagai senior.","1709643749805207984","","mediocrickey","in","DKI Jakarta, Indonesia","1","0","17","https://x.com/fiksi_hukum/status/1709643749805207984","1696096251782336514","fiksi_hukum"
"1709485328363573338","Wed Oct 04 18:42:16 +0000 2023","3","@SBarokahKarpet berak bgt lo!!! gausah gen z gw millenial yg udh banting tulang sejak 20an awal frugal living dan minimalism krna gaji kecil juga udh hopeless mau beli rumah sekitaran jkt jgan lo jawab ada kok yg murah di daerah! ngpain beli disono gw kerja di jkt ","1709640093361959349","","SBarokahKarpet","in","indonesia","0","0","0","https://x.com/bagspakbagspak/status/1709640093361959349","91568635","bagspakbagspak"
"1709612869317173724","Wed Oct 04 18:37:16 +0000 2023","1","@orangjalanannn @menghanyurkan wajar mreka mempermasalahkan persoalan gaji &amp; terlebih soal td yg menginvalidate gen z lain yg emg ga bisa di titik masnya. krn untuk sekedar ikut kegiatan pun mreka mikirnya ribuan kali krn mikirin duit. ini pembahasan yg sensitif bgt aplg kegiatan masnya ini soal pendidikan","1709638835934814291","","aglioolioelio","in","Indonesia","0","1","0","https://x.com/aglioolioelio/status/1709638835934814291","529981362","aglioolioelio"
"1709612869317173724","Wed Oct 04 18:31:58 +0000 2023","8","@orangjalanannn @menghanyurkan Bagus kalo emang resourcenya dari lomba tapi yg jadi masalahnya resourcenya kan dipakai untuk kegiatan bukan sebagai gaji perseorangan (tolong dikoreksi lagi klo aku salah)yg mana banyak para gen z dan generasi lain yg emang ga bisa kayak gini karena sandwich gen jg. Jadinya-","1709637502607163444","","orangjalanannn","in","Indonesia","0","2","0","https://x.com/aglioolioelio/status/1709637502607163444","529981362","aglioolioelio"
"1709635463395332440","Wed Oct 04 18:23:52 +0000 2023","0","wkwkwkkntol gen z muda gaji 2 digit ortunya nyekolahin ke yu es","1709635463395332440","","","in","she 25+ eng/ina","0","1","0","https://x.com/spazecowboy/status/1709635463395332440","1295036998277713920","spazecowboy"
"1709625115728859632","Wed Oct 04 17:56:43 +0000 2023","0","@ipunk_baik Gaji aja mung UMR gmna bisa beli sebidang kavling patungan sekalipun tads.. gen Z sambat","1709628630140391558","","ipunk_baik","in","Bandung, Indonesia","0","0","0","https://x.com/tantu_panggelar/status/1709628630140391558","195276200","tantu_panggelar"
"1709622521782526082","Wed Oct 04 17:32:27 +0000 2023","1","Properti mana yang bisa dibeli sama gaji umr sekarang hah? Mau ga makan 10 tahun? Buat nabung? Gen z mustahil kebeli properti kalau ga dapet warisan atau sedikit banyak bantuan dari orang tua? Gengsi lu bilang? Gw sarapan aja seminggu sekali Sisanya? Di rapel sama makan siang","1709622521782526082","","","in","Indonesia","0","1","0","https://x.com/miekaritelor/status/1709622521782526082","932606974964805632","miekaritelor"
"1709619849289465933","Wed Oct 04 17:21:49 +0000 2023","8","Bekas Pegawai PT Kertas Nusantara Milik Prabowo Nuntut Empat Tahun Pembayaran Gaji Pandawara Udil G.O.A.T Gen Z Ganjar Lebih Baik https://t.co/7rP6kCxMGL","1709619849289465933","https://pbs.twimg.com/media/F7nJ5HGbgAAQSwV.jpg","","in","Medan","0","0","7","https://x.com/natasha_nia8/status/1709619849289465933","1532580265193017345","natasha_nia8"
"1709272415145259460","Wed Oct 04 17:14:23 +0000 2023","76","@MadPartake @chocomilk__tea @stephvalentina_ Gausah sok tau lo gw gen z kerja di perusahaan Jepang lembur dibayar company dinner sering training overseas dan segala benefit lainnya plus gaji yg udh jauh di atas umr Jakarta. Kerjaannya emg gila tp krn gw dihargain dengan DUIT dan mrk serius invest ke karyawan spy loyal.","1709617977749017008","","","in","","0","1","3","https://x.com/pansucchi/status/1709617977749017008","1108354331227488256","pansucchi"
"1709617499229368474","Wed Oct 04 17:12:29 +0000 2023","0","Gen Z itu korban UU Ciptaker makanya gaji mrk rerata dibawah UMR. Jgnkan mikir mau beli buat sebulan terkadang kurang krn gajinya dihitung harian berdasarkan hari kerja. Bisa kerja dpt 26 hari aja mrk udh bahagia krn bs bawa pulang 3 jutaan","1709617499229368474","","","in","Cisarua, Indonesia","0","0","0","https://x.com/tha_rhi/status/1709617499229368474","146184142","tha_rhi"
"1709566675719471255","Wed Oct 04 17:06:30 +0000 2023","59","temen2 semuanya bisa cek yah di @scholare anyway gue ga membanggakan kok kerja volunteer tanpa gaji. Tapi gue bangga sebagai gen z ga se hopeless kaya mbanya bilang kita berani ambil resiko buat membangun startup. thats all","1709615994153697470","","orangjalanannn","in","","6","4","2","https://x.com/orangjalanannn/status/1709615994153697470","3231291420","orangjalanannn"
"1709608419760746825","Wed Oct 04 16:36:24 +0000 2023","6","komplan komplen kerja sm gen z padahal companynya specifically hire yg gen z biar bisa kasih gaji junior ","1709608419760746825","","","in","","1","1","1","https://x.com/windzzy/status/1709608419760746825","2412688812","windzzy"
"1709606324844294502","Wed Oct 04 16:28:05 +0000 2023","0","Terkait masalah gaji. Dan segala income2 buat gen z. Aku mau curhat juga tp cape bets hari ini. Besok semoga bisa lanjut lg. Goodnight.","1709606324844294502","","","in","Kalideres, Indonesia","0","0","0","https://x.com/KamadouTanjibor/status/1709606324844294502","167744041","KamadouTanjibor"
"1709503562722713992","Wed Oct 04 16:18:03 +0000 2023","19","@tilehopper Jngankan gen Z milenial aja bnyak kok yg bru umr apa lgi di daerah. Gaji di indonesia tuh kecil bnget si parah pdhal hrga2 naik terus. Ini aja gua ga kpikiran soal beli rumah wkwk","1709603799768444962","","tilehopper","in","Bogor, Jawa Barat","0","0","2","https://x.com/wiwitferiw/status/1709603799768444962","151870029","wiwitferiw"
"1709503562722713992","Wed Oct 04 16:11:51 +0000 2023","0","@tilehopper Tadi topik awal kan ini rata rata gaji anak generasi Z indo gaji 2jt dan gak semua anak gen Z itu influencer atau kerja di tech company di jkt makanya aku buatin contoh dari kota lain. Setiap kota pasti punya strugglingnya masing masing dengan segala rintangannya.","1709602240875614319","","tilehopper","in","Kota Surabaya, Jawa Timur","0","0","0","https://x.com/nijarrr/status/1709602240875614319","423387143","nijarrr"
"1709272415145259460","Wed Oct 04 16:09:26 +0000 2023","9","@MadPartake @stephvalentina_ lha iya penikmatnya juga boomer ama milenial kan? gen z gaji umr+sandwich gen mana bisa langganan gituan","1709601630520545729","","","in","","0","0","0","https://x.com/kittyyeo0/status/1709601630520545729","1678862964689088512","kittyyeo0"
"1709596430745432127","Wed Oct 04 15:48:46 +0000 2023","1","Gue penasaran pekerjaan Gen Z sekarang itu lebih ke sektor yang old-money atau lebih ke sektor fleksibel kayak tech art entertainment dll. Soalnya ngaruh ke gaji = ngaruh ke kemampuan nyicil kpr.","1709596430745432127","","","in","Kebayoran Baru, Indonesia","0","1","0","https://x.com/fdmncfdmnc/status/1709596430745432127","280900587","fdmncfdmnc"
"1709571163930898666","Wed Oct 04 15:27:27 +0000 2023","0","@exquisite9906 orang tua jaman dulu juga pasti kaya gen z jaman sekarang cuma bedanya harga jaman dulu + gaji jaman dulu beda jauh. Dulu diceritain ortu kerja pabrik klo getol gajian bisa 2x sebulan + lemburan beda amplop sekarang mah gaji rata Pada HL(sehari gaji yang kerja 12 jam cuma 50k)","1709591064833818738","","exquisite9906","in","Tangerang, Indone(s)ia","0","1","0","https://x.com/Lapiz_Lazul1/status/1709591064833818738","1491472980706476032","Lapiz_Lazul1"
"1709485328363573338","Wed Oct 04 15:23:25 +0000 2023","1","@SBarokahKarpet oalah iya kalo bisa gen z gk usah ngeluarin duit sepeser pun buat hidup semuanya minta aja sama orang tua biar gaji yg gk seberapa itu bisa ditabung full dan dalam waktu 5 tahun bisa rumah kecil dan seadanya","1709590049409671497","","SBarokahKarpet","in","dunia gepeng","1","1","0","https://x.com/icrshelianthus/status/1709590049409671497","1360940584035176453","icrshelianthus"
"1709577977867141352","Wed Oct 04 14:50:02 +0000 2023","1","Gen z taunya cantik = muka operasian jd gampang minder sm diri sendiri. Mrk hidup dg slogan young on top &amp; gaji 2 digit di umur 25 jd stres. Gen z dijejelin iklan pinjol &amp; judi onlen tiap hari. Ortunya gen z sibuk jd influenser. Gen z gak kenal anti korup taunya gak blh pamer.","1709581650018042026","","hastarika","in","ÜT: -6.274669,106.724385","0","1","0","https://x.com/hastarika/status/1709581650018042026","158651508","hastarika"
"1709578481351512170","Wed Oct 04 14:37:27 +0000 2023","0","ampe udah gapunya harga diri kl semua inflasi trs harga properti naik terus tp gaji segitu2 aja juga gabakal kebeli ya anjir. kok malah seakan2 gen z standar hidupnya tinggi semua ","1709578481351512170","","","in","archives on pinned. / fub free","0","0","0","https://x.com/bokutieddies/status/1709578481351512170","1305124942153801728","bokutieddies"
"1709571163930898666","Wed Oct 04 14:10:52 +0000 2023","3","banyak gen z yang banting tulang gaji ga seberapa cuma demi ngasih ortu uang buat kehidupan sehari2. boro2 ngerasain yg namanya gaji gak ngutang sama orang aja udah syukur bgt.","1709571792116068585","","exquisite9906","in","Tangerang, Indonesia","0","1","1","https://x.com/exquisite9906/status/1709571792116068585","1278615817471442945","exquisite9906"
"1709567676849573987","Wed Oct 04 13:54:31 +0000 2023","3","pala lo nurunin gengsi. GAJI AJA GA SESUAI GA NGIKUTIN KENAIKAN INFLASI ELAHHHHH HABIS SAMA KEBUTUHAN HIDUP DOANG. BELOM KALO GEN Z NYA SANDWICH GEN JUGA ","1709567676849573987","","","in","lucy island - teyvat","0","1","4","https://x.com/chohwanikuni/status/1709567676849573987","1153218024708591616","chohwanikuni"
"1709503562722713992","Wed Oct 04 13:50:34 +0000 2023","8","@tilehopper Gen z mau dikurangi apaan banyak dari mereka udah kurang gaji UMR generasi burger harga rumah kendaraan makin tinggi ","1709566685727141908","","tilehopper","in","","1","0","1","https://x.com/Jojosta02831340/status/1709566685727141908","1283096367850614786","Jojosta02831340"
"1709566675719471255","Wed Oct 04 13:50:32 +0000 2023","531","Gue dan temen2 gue GEN Z masih mahasiswa kita ga sehopeless itu dan kita berani buat berinovasi membuat startup yang bergerak di bidang pendidikan. Kita kerja volunterr hampir setahun tanpa gaji. Jadi jangan nganggep GEN Z itu lemah https://t.co/ISofeYozk3","1709566675719471255","https://pbs.twimg.com/media/F7mZ0_TaoAAm_j-.jpg","","in","","764","147","74","https://x.com/orangjalanannn/status/1709566675719471255","3231291420","orangjalanannn"
"1709199233176539273","Wed Oct 04 13:28:37 +0000 2023","0","@mediocrickey @strike_bravo_b Gw milenial anak buah milenial dan 3 boomer Tapi ngurus organisasi yg anggota nya gen z. Gen Z memang agak kurang sat set tapi klo gaji nya gede ya semangat jg ","1709561161157660783","","mediocrickey","in","ÜT: 0.538077,117.528557","0","0","0","https://x.com/beniardi/status/1709561161157660783","64719474","beniardi"
"1709555794604376307","Wed Oct 04 13:10:12 +0000 2023","0","tidak menerima opini dr non Gen Z yang selalu menilai kita sebagai kaum hedonis. yaelaaah banggg gaji UMR bangsa sandwich generation juga nggak sudi sumpah jajan kopi/skincare/foya foya kalo nggak ada promo super oke.","1709556524937523321","","fueledbyrawon","in","dni.","0","0","0","https://x.com/fueledbyrawon/status/1709556524937523321","788755434794389504","fueledbyrawon"
"1709272415145259460","Wed Oct 04 13:10:10 +0000 2023","1","@afternoondtea Maaf kak kalo kakaknya bilang begitu saya kurang setuju soalnya masnya cuma liat dari seliweran sosmed bukan di kehidupan nyata yg di sekeliling masnya dan balik lagi gak semua gen z hidupnya makmur gaji 2 digit perlu ditelusuri lagi latar belakangnya","1709556516548948118","","afternoondtea","in","","0","0","0","https://x.com/hannadinadin/status/1709556516548948118","1436605880204619778","hannadinadin"
"1709555528706498718","Wed Oct 04 13:06:14 +0000 2023","0","Udh kerja cape2 banyak tanggungan keluarga ada org di sosmed bilang gen z itu rata2 gaji 2 digit punya mobil flexing apartement. ","1709555528706498718","","","in","","0","1","0","https://x.com/RoegenSchwarzer/status/1709555528706498718","1021048882287919112","RoegenSchwarzer"
"1709503562722713992","Wed Oct 04 12:29:25 +0000 2023","183","@tilehopper konservatif barat/indo sama aja retorik nya cm cengang cengeng dahal ada jg gen z yang harus biayain kuliah kosan kebutuhan sehari2nya sendiri plus nalang2in orang tua setiap bulan dgn gaji gk seberapa itu tpi ya.. wtf are sandwich generation amrite? kit cm baby bubu /s","1709546261358235808","","tilehopper","in","","1","1","29","https://x.com/mat_geper/status/1709546261358235808","1160435342","mat_geper"
"1709545547613585742","Wed Oct 04 12:26:35 +0000 2023","0","ini mah rata rata gaji orang Indonesia gausah gen Z mau gen A atau B juga sama ","1709545547613585742","","","in","Kepler-186f","0","0","0","https://x.com/yrev_xx/status/1709545547613585742","613480419","yrev_xx"
"1709498518875087092","Wed Oct 04 11:48:59 +0000 2023","0","@renita_hartini @VeritasArdentur Kayaknya kita lagi gak ngomongin kalangan super miskin deh. Ini konteksnya Gen Z yg kerja males2an mengharapkan gaji 2 digit tanpa kerja keras sambil menyalahkan keadaan.","1709536086232535291","","r3nhartono","in","dalam sinisme ruang maya","0","1","0","https://x.com/prilangit_/status/1709536086232535291","704977230967865344","prilangit_"
"1709459857806594136","Wed Oct 04 10:44:04 +0000 2023","3","@ChalobahSzn @mikitiwi Tapi jaman dulu kerja dengan ijasah SMA gajinya bisa buat nabung beli rumah bahkan beberapa bisa buat investasi properti (alias beli rumah banyak) Nah investasi properti di jaman dulu ini yang bikin inflasi harga properti melebihi inflasi gaji. Siapan yang dirugikan ? gen z","1709519749854695630","","ChalobahSzn","in","everywhere Pop-Culture Exist","0","0","0","https://x.com/Tobedawn9S/status/1709519749854695630","133980891","Tobedawn9S"
"1709516298680734152","Wed Oct 04 10:30:21 +0000 2023","14","gen z gaji 5 juta kos 4 juta di setiabudi/benhil trs masih dikasi uang jajan papah 5 juta buat party di kemang.","1709516298680734152","","","in","luzzbuzz","1","2","7","https://x.com/knxarchieves/status/1709516298680734152","2785179228","knxarchieves"
"1709272415145259460","Wed Oct 04 10:20:41 +0000 2023","1","@stephvalentina_ kak aku gen z aku butuh saran gimana biar bisa beli rumah sementara gaji umr jujur rada bingung pls butuh saran apa yang perlu di siapin sebelum 20 -30an atau ada tips ga? fyi aku juga sandwich generation (aku anak paling tua + ada orang tua sama nenek kakek","1709513864793276650","","stephvalentina_","in","","0","2","0","https://x.com/outdidurmom/status/1709513864793276650","1486230494023151617","outdidurmom"
"1709272415145259460","Wed Oct 04 10:19:54 +0000 2023","7","@stephvalentina_ kak aku gen z aku butuh saran gimana biar bisa beli rumah sementara gaji umr jujur rada bingung pls butuh saran apa yang perlu di siapin sebelum 20 -30an atau ada tips ga? fyi aku juga sandwich generation (aku anak paling tua + ada orang tua sama nenek kakek","1709513666826301622","","stephvalentina_","in","","0","6","0","https://x.com/outdidurmom/status/1709513666826301622","1486230494023151617","outdidurmom"
"1709511166605902230","Wed Oct 04 10:09:57 +0000 2023","0","Anak gen Z sekarang baru masuk kerja udah mikirin gaji gede. Gak sesuai dengan keinginannya langsung resign ","1709511166605902230","","","in","DKI Jakarta, Indonesia","0","0","0","https://x.com/itsaleey/status/1709511166605902230","78565229","itsaleey"
"1709272415145259460","Wed Oct 04 09:43:42 +0000 2023","0","@stephvalentina_ Hopeless? Apa pengen semua instan?? Yg gue alamin gen z kebanyakan pengen semuanya instan. Lulus kuliah langsung kerja. Dapat kerja gaji langsung 2 digit. Gaji gede langsung beli rumah. Semuanya langsung langsung langsung cepet cepet cepet tanpa liat semua butuh proses dan waktu","1709504559423664437","","stephvalentina_","in","תֵבָה","0","0","0","https://x.com/ventushiryu/status/1709504559423664437","1467540205431259136","ventushiryu"
"1709503562722713992","Wed Oct 04 09:39:45 +0000 2023","3918","Rata-rata gaji anak Generasi Z di Indonesia aja cuman 2 jutaan karena contrary to popular belief ga semua anak Gen Z itu influencer online atau kerja di tech company di Jakarta. Mereka mau beli rumah gimana? Belum kalau mereka juga ada tanggungan orang tua atau saudara.","1709503562722713992","","","in","In your phone","92","52","1058","https://x.com/tilehopper/status/1709503562722713992","1249662133916192768","tilehopper"
"1709173692994031983","Wed Oct 04 09:36:24 +0000 2023","1","@infoXwor_ Orang indonesia hobinya generalizing temen gw gen z kerja rajin bgt gak ada kerjaan malah bersih2. Syg kerjanya di kota kecil gaji umr aja gak nyampe. Boomer milenialpun banyak yg lembek jg kok.. liat tuh milenial banyak yg kasus penipuan kalah judi online dll. Gak disebut?","1709502720452022470","","infoXwor_","in","two steps of you","0","0","0","https://x.com/SuryaPelloh/status/1709502720452022470","73682700","SuryaPelloh"
"1709497682002428407","Wed Oct 04 09:16:22 +0000 2023","0","Gue kemaren nemu tweet yang mana FG thailand ga ada pengalaman tp gaji dua digit. Dan itu itungannya masuk gen Z","1709497682002428407","","","in","","0","0","0","https://x.com/chocoalatte__/status/1709497682002428407","1676420138072162305","chocoalatte__"
"1709272415145259460","Wed Oct 04 08:54:02 +0000 2023","1","@stephvalentina_ btull sih krn gmn mau sukses yaa pas kerja dpt gaji potongan pajak jg gede dan bnyk potongan lainnya. jd kek gaji tuh numpang sehari doang blm lagi beli kebutuhan pokok. makanya rata2 gen z ini pd keluar negeri ke jpg taiwan hngkong dll krn bs bangun rumah dan lainnya.","1709492061295304902","","stephvalentina_","in","kageyama♡","0","1","0","https://x.com/8percent__/status/1709492061295304902","1937121014","8percent__"
"1709489931822018977","Wed Oct 04 08:45:35 +0000 2023","4","ril min kerja males gaji mau gede lemprin kerjaan ke gen z giliran gen z nolak langsung bikin tweet kalo gen z generasi lembek","1709489931822018977","","","in","dead?","0","0","1","https://x.com/valaphrodite/status/1709489931822018977","1293450754691231744","valaphrodite"
"1709199233176539273","Wed Oct 04 08:32:18 +0000 2023","13","@strike_bravo_b generasi lama bisanya nyalahin doank dah bilang gen Z malas tapi requirment lokernya aj g ngotak loker buat gen Z dah kae nyari dewa anjim mesti bisa semua tapi jam kerja dan gaji g sesuai. giliran g dapat baru bilang gen Z pemalas yah klo loker kae gitu pun smua org ogah","1709486590366802271","","strike_bravo_b","in","Antarctica","0","1","1","https://x.com/slv_chezko/status/1709486590366802271","1602582829677694977","slv_chezko"
"1709438990129218021","Wed Oct 04 08:13:12 +0000 2023","1","@RAPutri27 dibaca semua dulu itu baru bales. terlepas dari personal struggle dia biayain ortu neneknya emang gaji dan kenaikan harga lain g sebanding itu smua gen z ngerasain seluruh gen z kecuali anak kaya raya jg ngerasain","1709481782901649613","","RAPutri27","in","","0","1","0","https://x.com/mmediocreman/status/1709481782901649613","3781177334","mmediocreman"
"1709474206180905382","Wed Oct 04 07:47:31 +0000 2023","0","sumpah gw sbnrnya gak suka mengotak2an generasi tp beneran gw bingung sama gen z asli. kaya cuti gak diganggu.. weekend gak diganggu gaji diatas umr banget bahkan tinggi banget . tp kerjaan banyak yg salah. kalo di feedback bukan begini tapi begitu eh malah lebih galak?","1709475321802809387","","matchmurdock","in","","0","1","0","https://x.com/matchmurdock/status/1709475321802809387","1094969120","matchmurdock"
"1709272415145259460","Wed Oct 04 07:39:40 +0000 2023","156","@ryukugyuyuyu @aryuno_ @stephvalentina_ Bukan males tapi strategis: kerja keras &amp; santai hasilnya sama gaji rendah. Ergo kerja santai simpan energi untuk hal2 yg lebih membantu. Masalah UMR harga properti inflasi itu sistemik &amp; memang perlu bantuan pemerintah. Nah elu mau diskusi beneran ato nyinyir gen z aja?","1709473343718703583","","combromisrooo","in","","0","8","19","https://x.com/larrybannpm/status/1709473343718703583","347773554","larrybannpm"
"1709272415145259460","Wed Oct 04 07:15:09 +0000 2023","0","@stephvalentina_ Jgn cari pembenaran klo emng dasarnya males dan mau instan ada tuh gen z umur 23 gaji udh 2 digit","1709467174312767599","","stephvalentina_","in","deket alfamart ","0","0","0","https://x.com/idlecatz/status/1709467174312767599","1138123591654842368","idlecatz"
"1709199233176539273","Wed Oct 04 07:13:11 +0000 2023","24","@strike_bravo_b Karena milenial dan boomers kalah dari gaji dan skill sih gw jg lebih prefer kerja ma gen z cepet paham dan ide out of the box bukan bapak2 ibu2 yg ude nyaman posisi di kantor males resign anj beban","1709466679825363136","","strike_bravo_b","in","はじめまして","0","0","2","https://x.com/joesvult/status/1709466679825363136","160875573","joesvult"
"1709111224846409756","Wed Oct 04 06:06:39 +0000 2023","0","@NajlaReas @peachyslen @dhiiikaaaaa @kinantiepm @ozarangkuti Ya betul tapi rata rata gen z banyak banget yang ga bisa mereka selesaikan sendiri Gaji kecil mau mau aja ngeluh Gaji besar bos ga enak ngeluh Gaji besar vs gaji besar banyak kali nanyanya sampe ga punya skill decision making Ngeluh di medsos di publik ga mau konsultasi","1709449937296253048","","NajlaReas","in","Nusa Barong","1","1","0","https://x.com/sultohn/status/1709449937296253048","852617601570164736","sultohn"
"1709438990129218021","Wed Oct 04 06:05:40 +0000 2023","0","@bearnison Kan km bkn seluruh gen z biayain ortu stroke + nenek. Gaji jg ga seluruh gen z sama kayak km.","1709449687034740825","","endoongieyo","in","Indonesia","0","1","0","https://x.com/RAPutri27/status/1709449687034740825","1346095189","RAPutri27"
"1709111224846409756","Wed Oct 04 05:54:07 +0000 2023","0","@NajlaReas @peachyslen @dhiiikaaaaa @kinantiepm @ozarangkuti Nanti sadar diri aja skill issue gen z itu bisa ngebawa kalian ke kemiskinan Siapa yang mau hire gen z gaji tinggi di masa depan? Siapa yang mau hire orang tiap hari ngeluh? Kerja itu ya emang berat faktanya begitu","1709446783921709499","","sultohn","in","Nusa Barong","0","1","0","https://x.com/sultohn/status/1709446783921709499","852617601570164736","sultohn"
"1709445979223797941","Wed Oct 04 05:50:56 +0000 2023","0","Gak cuma gen z semua generasi mengalami hal itu. Temen kerja ada yg cerita dulu nyicil KPR mati²an hampir separuh gaji habis. Sekarang udah 20 thn nyicil 400rb kyk bayar kos. Orang dulu sukses karena mentalnya kuat ulet. Kita taunya mereka udah sukses. Gak ngikutin susahnya.","1709445979223797941","","","in","Kediri","0","0","0","https://x.com/KtkungTmnSndiri/status/1709445979223797941","1307001629292392448","KtkungTmnSndiri"
"1709272415145259460","Wed Oct 04 05:33:32 +0000 2023","30","@ris_staydmn @seshajen @stephvalentina_ lah kan generasi mereka gitu td ad yg ngina gen z karena ngeluh lembur seminggu full. lah tolol banget emang ngapain mau lembur seminggu naik gaji kaga mati iya","1709441602194977161","","ris_staydmn","in","Fishermen Kingdom, Atlantis","2","1","2","https://x.com/purebprince/status/1709441602194977161","1276207574694498304","purebprince"
"1709272415145259460","Wed Oct 04 04:39:18 +0000 2023","5","@afternoondtea @stephvalentina_ Kalau mau tahu susahnya Gen Z bisa ambil data kisaran gaji fresh graduate di Jakarta. Lalu bandingkan dengan harga properti dalam JABODETABEK. Memang gap nya semakin tidak terjangkau. Harga properti menukik tajam karena dikelola swasta yang profit oriented.","1709427952210067689","","denioktora","in","indonesia","0","2","0","https://x.com/denioktora/status/1709427952210067689","27603568","denioktora"
"1709272415145259460","Wed Oct 04 04:39:03 +0000 2023","33","@afternoondtea @Battercuppp @stephvalentina_ Ngentot ngasal banget cherry picking dr sebagian kecil yg gaji berdigit2 Dipikir semua gen z gajinya 2 digit apa gimana? Kaga ada tanggungan lain di keluarga? Bisa beli ini itu + nabung seenak hati? Kontol kuda lu ","1709427893024219422","","afternoondtea","in","","0","2","2","https://x.com/RoegenSchwarzer/status/1709427893024219422","1021048882287919112","RoegenSchwarzer"
"1709229586440171690","Wed Oct 04 04:30:57 +0000 2023","1","@glrhn Gak ngaruh Ditempat gw Banyk yg gen z yg OK Malah cenderung have fresh idea Depends buddy yg ngarahin aja gimana Tapi mmg lebih sering ngompare sama temn temn nya Tapi siapa juga gak mau gaji gede kerja santai yak Ada juga gen x dan millenials yg bebal Gen not an issue sih","1709425851266388397","","glrhn","in","Ho Chi Minh, Vietnam","0","0","1","https://x.com/soniamuchlis/status/1709425851266388397","56040368","soniamuchlis"
"1709272415145259460","Wed Oct 04 04:23:26 +0000 2023","0","@stephvalentina_ Aku aku dari gen z. Pengalaman gak terlalu banyak. Punya atasan milenial tergantung manusianya;( kalo ngasih presure yang tidak sesuai dengan jobdesc juga orang jadi males kerja. Kerja 13 jam dengan gaji umr blm dipotong lain2 hanya dibalas terimakasih loyalitasnya","1709423961241772044","","stephvalentina_","in","Tawang, Indonesia","0","0","0","https://x.com/alshsomething/status/1709423961241772044","1123827210","alshsomething"
"1709272415145259460","Wed Oct 04 04:04:06 +0000 2023","58","@afternoondtea @Ikanpayara @stephvalentina_ Mba nya kan klaim ada gen z sukses gaji 2 digit flexing apartemen dll... nah kira kira itu brp persen kak? dibanding dgn gen z yg gaji nya segitu segitu aja?","1709419096612479190","","afternoondtea","in","","0","1","1","https://x.com/rapikan212/status/1709419096612479190","1486552740104785927","rapikan212"
"1709416540452618673","Wed Oct 04 03:55:51 +0000 2023","0","Kalo ada satu 'problem' sama Gen Z di lingkungan kerja sih kadang suka punya ekspektasi berlebihan sama gaji bukan fokus naikin value diri sebagai professional sebagai fresh graduates. Banyak yang ujug-ujug minta double digit tapi pengalaman kerja dan organisasi ga ada.","1709417017584058798","","SaltOfTheWord","in","Jakarta","0","1","0","https://x.com/SaltOfTheWord/status/1709417017584058798","268208714","SaltOfTheWord"
"1709408887928180818","Wed Oct 04 03:35:12 +0000 2023","0","Aku pernah baca literatur yang membahas soal Gen Z. Menariknya gaji itu urutan no 3 bagi Gen Z. No 1 adalah work life balance. Iya Gen Z lebih memilih untuk bisa menyeimbangkan antara kerja dan kehidupan pribadi. Mereka punya boundaries yang jelas. Dan itu good menurutku.","1709411822334550117","","P_piung","in","Bumi","0","1","0","https://x.com/P_piung/status/1709411822334550117","190986801","P_piung"
"1709408887928180818","Wed Oct 04 03:28:23 +0000 2023","0","Problemnya kenapa di dunia kerja kinerjanya menurun? ada banyak faktor. Bisa jadi lingkungan kerja gak mendukung atasan gak bisa melihat dan mengembangkan potensi gen Z gak ada opportunity untuk pengembangan diri dan karir atau justru gaji gak sesuai dan gak ada benefit.","1709410108206452810","","P_piung","in","Bumi","0","1","0","https://x.com/P_piung/status/1709410108206452810","190986801","P_piung"
"1709272415145259460","Wed Oct 04 03:19:59 +0000 2023","93","@stephvalentina_ hah? ini mbaknya lagi curhat aj ya. apa kamu tidak liat para gen z sukses umur masih muda gaji 2 digit. flexing beli mobil apartemen dkk nya kah seliweran di medsos","1709407994457501971","","stephvalentina_","in","","65","33","10","https://x.com/afternoondtea/status/1709407994457501971","1536615986459451392","afternoondtea"
"1709401708286357547","Wed Oct 04 02:55:01 +0000 2023","1","Tp bener deh aku termasuk yang gedek bgt sama gen z dikasih kerjaan agak overload dikit (padahal msh kerjaan dia) ngeluh nya udh se alaihim gambreng yg mana padahal gaji tuh udh sangat2 mencukupi (lebih bgt2 malah). Trs maunya apa? Digaji gede tp kerja haha hihi doang?","1709401708286357547","","","in","","0","0","0","https://x.com/_g_hdwy/status/1709401708286357547","140342074","_g_hdwy"
"1709400814895423623","Wed Oct 04 02:54:20 +0000 2023","0","Tapi gue pribadi emg ngerasa gap generasi sih. Gen Z kantor gue sibuk urusan jajan ini itu temen kantor harus nongkrong bareng. Lembur jam 7an udah ngeluh. Gaji kenaikan ga sesuai ekspektasi ngedumel kemana2. Sedang generasi gue ya sejenis. Kerja ya sebatas kerja.","1709401537200722162","","kwakdii0521","in","Indonesia","0","0","0","https://x.com/kwakdii0521/status/1709401537200722162","281030280","kwakdii0521"
"1709401112430923930","Wed Oct 04 02:52:38 +0000 2023","0","hah? lu kerja gacm karena properti. lu butuh uang untuk hidup. maka dari kerja timbal baliknya gaji. gen z ini banyak bgt yg gue liat kerja ilang2an masuk jam 9 dateng jam 1. kek manaaaaaaaa yaaaaaa","1709401112430923930","","","in","Jakarta Selatan","0","0","0","https://x.com/RedJokeer/status/1709401112430923930","179459044","RedJokeer"
"1709396248304959758","Wed Oct 04 02:33:19 +0000 2023","0","Generasi yg lebih tua ini dendam bgt liat Gen Z yang lebih santai &amp; rasional menghadapi pekerjaan berat gaji rendah. Sebagai gen yg lebih tua bukannya make sure gen setelah mereka punya hidup yang lebih baik &amp; layak. Eh malah make sure punya kambing hitam untuk disalah-salahin","1709396248304959758","","","in","","0","1","0","https://x.com/runofwords/status/1709396248304959758","175944254","runofwords"
"1709387437582266593","Wed Oct 04 01:58:18 +0000 2023","0","Anjinglah mereka bilang Gen Z ga berskill fuckkklahh fuck gw bisa ngerjain nya semangat kalo gajinya bayar dimuka dan proper srius saya sangat respect dengan orang yang membayar gaji proper dan sesuai hitam di atas putih alias jelas perjanjiannya","1709387437582266593","","","in","Palembang","0","0","0","https://x.com/imLove_FrdaKhl0/status/1709387437582266593","1647366763276029952","imLove_FrdaKhl0"
"1709385668030570791","Wed Oct 04 01:51:16 +0000 2023","0","Gen Z yg hobi flexing saldo gaji gadget baru atau body count menyingkir dulu lah ya. Kasih space buat yg punya prestasi olahraga dulu... #AsianGames2022 https://t.co/QVcJi4RaEg","1709385668030570791","","","in","Indonesia","0","0","0","https://x.com/akhliswrites/status/1709385668030570791","16399601","akhliswrites"
"1709111224846409756","Wed Oct 04 01:49:13 +0000 2023","8","@LaduSingh22 @IniManda0302 @kinantiepm @ozarangkuti Kalo Maunya yang berpengalaman tapi ngasih gaji setara fresh graduate pantesan dapet yang gen z semua","1709385149711052928","","LaduSingh22","in","Jakarta Timur, DKI Jakarta","0","0","0","https://x.com/SilverMetallics/status/1709385149711052928","1644598667175936000","SilverMetallics"
"1709040891795816454","Wed Oct 04 01:30:04 +0000 2023","0","@rzd_ky @BaseBDG Kayanya kmu juga termasuk gen Z ya semoga tidak bekerja di tempat yg membuat mental rusak atau jobdesk banyak tapi gaji seuprit","1709380332104069476","","AWDlRGA","in","Sidoarjo, Indonesia","0","1","0","https://x.com/Fikfinicky990/status/1709380332104069476","1257994548615114754","Fikfinicky990"
"1709111224846409756","Wed Oct 04 01:21:43 +0000 2023","4","@kinantiepm @ozarangkuti gw gen z kemaren kerja jobdesk sama posisi yg dilamar beda kerjaan dobel2 yg seharusnya bkn tugas gw gaji ga seberapa ga umr gw ngeluh temen gw jg akhirnya keluar apakah gw jg lemah?kalo iya lemah pertanyaan nya ini lemah ato atasan aja yg pelit gamau cari orang lebih bnyk?","1709378231265316964","","kinantiepm","in","","0","0","0","https://x.com/heavenlymilkk/status/1709378231265316964","1234813938719608833","heavenlymilkk"
"1709377256425222144","Wed Oct 04 01:17:51 +0000 2023","0","bener bgt gue gen z but ngerasa kalo di kantor yg ga bisa kerja ya gen x ordal at least kalo gen z ga ngerti dia masih ada kesadaran untuk usaha but still kalo ga ada arahan dan job desc jelas emang banyak yg milih out... while gen x tuh improve engga minta gaji naik iya","1709377256425222144","","","in","不知道也不关心","0","0","0","https://x.com/Allyleo/status/1709377256425222144","38650616","Allyleo"
"1709372916390047946","Wed Oct 04 01:01:46 +0000 2023","0","penasaran deh sama performance kerja lo apakah sudah sebagus itu? apakah sudah selayak itu? apa gaji lo juga sudah cukup untuk hidup kaya anak gen z yang hidupnya jauh di atas lo? kalau ngga sih wajar aja iri mungkin kan gak mampu ‍️","1709373210171682849","","kinderrry","in","she/her 中/eng/idn 엑소 周翊然 金鍾仁","0","1","0","https://x.com/kinderrry/status/1709373210171682849","1106788087399477248","kinderrry"
"1709364792723644491","Wed Oct 04 00:28:19 +0000 2023","1","Gen Z di mataku: FOMO Ovt selalu banding2kan diri. Ketika mereka cerita kok gak bisa begini begitu aku mbatin masih umur berapa sih? Bagus sih masih kecil bayangin gaji 2 digit ke LN ke perusahaan multi-multi. Tp kalo gak kesampaian nangis2 &amp; merasa gagalnya itu loh .","1709364792723644491","","","in","Kota M Gadis Kretek","1","1","1","https://x.com/brigitta_hadid/status/1709364792723644491","1274745313144631297","brigitta_hadid"
"1709189370623012963","Wed Oct 04 00:24:39 +0000 2023","0","@glrhn Sama gaji yg seimbang. Gen z ini salah satu gen yg tau dia dieksploitasi atau ga","1709363867107897796","","glrhn","in","","0","0","0","https://x.com/BasicTapiAsyic/status/1709363867107897796","1565225530101604352","BasicTapiAsyic"
"1709362534317527211","Wed Oct 04 00:19:21 +0000 2023","0"," Gen Z lembek kerja jangan kan kerja Magang aja gak di gaji gak dikasih makan pun diterima dimarahin didepan umum? Di sindir sama staff? Yaudah terima aja sabar itu pasti Cuma sakit hati juga kalau ada orang ngomong kek gitu :')","1709362534317527211","","","in","Plat AB -  Plat F","0","0","0","https://x.com/Becauseofyou_76/status/1709362534317527211","1238254062228746240","Becauseofyou_76"
"1709111224846409756","Wed Oct 04 00:14:55 +0000 2023","4","@matchachiie @kinantiepm @ozarangkuti Ya maaf kak Kami anak magang terima apadanya Dapet gaji atau uang saku Alhamdulillah dapet makan syukuri dapet 2M (Makasih mas or Mbak) ya diterima toh kita hanya ingin belajar sama tambah skill Masih juga dibilang gen Z itu kerjanya abcd Sabar deh :)","1709361417869267260","","matchachiie","in","Plat AB -  Plat F","0","0","0","https://x.com/Becauseofyou_76/status/1709361417869267260","1238254062228746240","Becauseofyou_76"
"1709186389869478278","Tue Oct 03 21:53:38 +0000 2023","0","@licharlos *gausa nabung lah self reward gen z gaji pertama","1709325865673531494","","styresptother","in","day's aft 22""","0","1","0","https://x.com/styresptother/status/1709325865673531494","1280072579026268160","styresptother"
"1709189370623012963","Tue Oct 03 21:34:57 +0000 2023","11","@sloppypoppy @glrhn Kerja sama gen Z di sini. Gen z yang dari keluarga yang ekonominya biasa aja kurang mampu ataupun generasi sandwich bekerja lebih ulet dan jarang ngeluh ketimbang yang bawa ipong meski gaji UMR.","1709321161837006908","","sloppypoppy","in","","1","1","1","https://x.com/Anna87Gek/status/1709321161837006908","907451406","Anna87Gek"
"1709118100803883110","Tue Oct 03 20:04:36 +0000 2023","0","@ozarangkuti Lulus sekolas stm tahun 2011 mau kerja tinggal muter muter di ruko nanti ada mading tulisan loker minimum sma/sederajat sekarang lihat lowongan kerja di internet maksimal 25 pendikan s1 pengalaman 3 tahun gaji umr - ( suka suka hrd )wajar sih kalo gen z males mau kerja.wkwkwkw","1709298424695382084","","ozarangkuti","in","Jakarta Utara, DKI Jakarta","0","0","0","https://x.com/dodisetiawanciv/status/1709298424695382084","1239589959150911498","dodisetiawanciv"
"1709111224846409756","Tue Oct 03 18:20:03 +0000 2023","0","@doodlledude @iniakunramon @peachyslen @dhiiikaaaaa @kinantiepm @ozarangkuti Gen z kan beda kalau kesel mereka merasa paling benar sendiri paling idealis paling berhak gaji tinggi paling berhak wlb Yaudah ga perlu perusahaan yang ngekick orang seperti itu mereka mundur sendiri Lantas beberapa bulan kemudian nyesel resign kan aneh","1709272112626807148","","sultohn","in","Nusa Barong","0","1","0","https://x.com/sultohn/status/1709272112626807148","852617601570164736","sultohn"
"1709264758619467799","Tue Oct 03 17:50:49 +0000 2023","2","Ngapa gen z mulu dah yang di salahin? Emang generasi yang lain ga punya andil menciptakan lingkungan kerja yang sekarang? Yang bisa palugada tapi gaji seadanya gimana?","1709264758619467799","","","in","","0","0","0","https://x.com/aie_ice_sha/status/1709264758619467799","1209416519299416065","aie_ice_sha"
"1709111224846409756","Tue Oct 03 17:13:46 +0000 2023","0","@wordgenic @peachyslen @dhiiikaaaaa @kinantiepm @ozarangkuti Gen z juga akan begitu nantinya tapi yang mereka percayai itu banyak postingan yang menginfluence mereka gaji harus tinggi Kerja harus wlb itu ideal dikala negaranya skandinavia. Coba liat kenyataan dulu di Indonesia industrinya aja belum ideal buat idealisme gen z","1709255432894902765","","wordgenic","in","Nusa Barong","0","0","1","https://x.com/sultohn/status/1709255432894902765","852617601570164736","sultohn"
"1709247933596729428","Tue Oct 03 16:43:58 +0000 2023","0","waduh mbak sepuh maaf saya gen z tapi saya kalo kerja gak lembek. alhamdulillah gaji 2 digit trus bisa mempekerjakan millenial di bidang saya. justru millenial yg kerja di bawah saya banyak ngeluhnya dibanding gen z","1709247933596729428","","","in","Central Borneo, Indonesia","0","1","0","https://x.com/mengggurl/status/1709247933596729428","1423798857909956610","mengggurl"
"1709173251283566753","Tue Oct 03 15:17:27 +0000 2023","1","@ozarangkuti kayanya bukan gen z aja tapi hampir semua orang. contohnya resign masalah gaji ga sesuai nyalahin bosnya","1709226160369107220","","ozarangkuti","in","Indramayu, Indonesia","0","0","0","https://x.com/_ariffirman/status/1709226160369107220","751995676054081536","_ariffirman"
"1709189370623012963","Tue Oct 03 14:59:07 +0000 2023","16","@glrhn Sama satu lagi atasan ngasih gaji yang layak gak? Jangan nyindir nyindir gen Z mulu karena ngeluh kerjaannya overwork tapi sendirinya ngasih gaji gak layak wkwk","1709221546324377982","","glrhn","in","Bandung, Jawa Barat","0","0","1","https://x.com/billie9eulis/status/1709221546324377982","1144077885465980928","billie9eulis"
"1709154962322919735","Tue Oct 03 14:19:36 +0000 2023","1","@ogiehart Gen z pengen enaknya doang tapi gaji gede yg diliat2 macem di tiktok dan twitter padahal banyak yg halu juga ","1709211601965064358","","ogiehart","in","","1","0","0","https://x.com/eoaexz/status/1709211601965064358","1704088122563403776","eoaexz"
"1709111224846409756","Tue Oct 03 14:04:01 +0000 2023","1","@kinantiepm @ozarangkuti Bacoooottt Yang dilihat cuma Gen Z tukang ngeluh. Coba dong lihat gaji dan beban kerja Gen Z.","1709207680991252577","","kinantiepm","in","","0","1","0","https://x.com/bergulingan/status/1709207680991252577","1493170253995462662","bergulingan"
"1709111224846409756","Tue Oct 03 13:01:50 +0000 2023","35","@kinantiepm @ozarangkuti as gen z kalo w lebih ke ga suka aja kebebasan berpendapat dan berekspresi dikekang sama atasan julid nan kolot jadinya malez. Anw aku pernah denger sendiri salah1 angkatan w ngeluh pelatihan dan workshop kerja dari perusahaan cuma dibayar 40% gaji ditolak dan resign.","1709192031350985036","","kinantiepm","in","Mranggen, Indonesia","0","1","6","https://x.com/botjahOrion/status/1709192031350985036","2313188558","botjahOrion"
"1709183243436892234","Tue Oct 03 12:26:54 +0000 2023","2","gw suka bingung sama org yg minjem peyleter melebihi gajibpokok dia. Aneh aja. soalnya ada tmn gw yg minjem 2x dari gaji dia dan cuman buat nonton konser doang gak paham standar prioritas kayanya.. dan rata rata gen Z tapi melenial dan Y juga banyak si","1709183243436892234","","","in","Hibernasi","1","1","1","https://x.com/cox3ATP/status/1709183243436892234","1309283082441125888","cox3ATP"
"1709173692994031983","Tue Oct 03 12:10:51 +0000 2023","22","@infoXwor_ Gua gen z dan gua ngakuin sih kalo banyak gen z itu mentalnya aneh bgt. 1. Ada yg ngerasa krjanya terlalu santai pngen resign 2. Baru hari pertama krja trus dimarahin pngen resign 3. Gaji ga 2 digit padahal masih baru kerja pngen resign 4. Kerja pns pngen kuliah pngen resign","1709179203906900420","","infoXwor_","in","","1","4","3","https://x.com/pororopoby/status/1709179203906900420","1436576613253070849","pororopoby"
"1709111224846409756","Tue Oct 03 11:28:46 +0000 2023","3","@kinantiepm @ozarangkuti gak juga ah ak gen z tp alhamdulillah sampe skrg bos gk ngeluh selalu target walau gaji kecil se-upil kerjaan 5 job saya yg pegang masih sehat walau kadang agak sakit cmn ditahan tergantung orgny","1709168613494780185","","kinantiepm","in","","0","0","0","https://x.com/vvibuhere/status/1709168613494780185","1103083870272929792","vvibuhere"
"1709122804770357598","Tue Oct 03 08:45:25 +0000 2023","0","@REPT0IDS Kalimat pertanyaannya agak membingungkan kak. Mohon izin saya saran untuk diubah menjadi apakah angkatan Gen Z masih ada yg mau kerja apapun meskipun ga sesuai dengan ijazah dan dengan gaji kecil? ","1709127501522608260","","REPT0IDS","in","pulau Jawa","0","0","0","https://x.com/kby_dharma/status/1709127501522608260","1246796104751935488","kby_dharma"
"1709126426610532467","Tue Oct 03 08:41:13 +0000 2023","0","ngeluh gaji UMR tapi ga sebanding sama skill nya. kalo misal dapet gaji UMR tapi kerja di kantor dari jam 9 pagi sampe jam 9 malem. kan sama aja. kita gen z itu emang ga dididik untuk kerja sekeras itu tapi kita dididik untuk punya skill. yang aku maksud adalah gen z 2000an ya","1709126444637721061","","baxter_idn","in","","0","1","0","https://x.com/baxter_idn/status/1709126444637721061","1665227904446525440","baxter_idn"
"1709122804770357598","Tue Oct 03 08:26:45 +0000 2023","1","Sorry ya gue mau toxic Angkatan gen Z masih ada yg mau kerja apapun meskipun ga sesuai ijasah dengan gaji kecil apa gak ya? Kena pressure dikit kesehatan mental kerjaan di luar batas dikit katanya toxic dan kena mental. Kalian itu lemah","1709122804770357598","","","in","GMT+7, GMT+8, GMT+9","0","1","1","https://x.com/REPT0IDS/status/1709122804770357598","1210378005710684160","REPT0IDS"
"1708754629503385859","Mon Oct 02 08:03:45 +0000 2023","1","Ini pelamar gen Z lucu2 ya. Ada yang minta gaji 6jt karena buat kebutuhan hidup di surabaya Ada yang minta mess kerja Ada yang ga bisa naik motor Ada yang masih muda tapi slik nya jebol kebanyakan pinjol Susah ya cari pelamar gen z","1708754629503385859","","","in","surabaya","0","2","0","https://x.com/skinnyfatguyyy/status/1708754629503385859","235995358","skinnyfatguyyy"
"1708149289703338032","Sun Oct 01 04:42:30 +0000 2023","4","@worksfess Gen z ini ada ada aja ya kerja workload pengen resign dimarahin hari pertama kerja pengen resign kerja santai pengen resign kntor jlek pengen resign gaji ga 2 digit pengen resign","1708341595828031872","","worksfess","in","","0","1","0","https://x.com/pororopoby/status/1708341595828031872","1436576613253070849","pororopoby"
"1706969598866907327","Sat Sep 30 20:07:13 +0000 2023","0","@madravaka @worksfess Ada bgt keknya ada kmrn fess sendernya ga suka kalo kerjanya terlalu santai pdhl gajinya gede Gen z skrg aneh aneh dah ada yang dimarahin di hari pertama kerja udah pengen resign kerja terlalu santai pengen resign gaji ga smpe 2 digit pengen resign","1708211920707493892","","madravaka","in","","0","0","0","https://x.com/pororopoby/status/1708211920707493892","1436576613253070849","pororopoby"
"1707751512578097449","Fri Sep 29 13:37:43 +0000 2023","0","Ganjar Pranowo berharap Gen z dan milenial dapat kembangkan bakat agar generasi wirausaha terus berkembang PBSI Gaji 20jt Keramas #RempangHappyEnding https://t.co/Ut2C83k4wp","1707751512578097449","https://pbs.twimg.com/media/F7Mm8blbUAAOu8X.jpg","","in","Pangandaran","0","0","0","https://x.com/Ganjaran99/status/1707751512578097449","2498268319","Ganjaran99"
"1706521897377444346","Tue Sep 26 14:44:52 +0000 2023","0","@PNS_Ababil ini demi beradaptasi dengan gen z bil.. banyak yg kaget setelah masuk pn aice gaji nya diluar ekspektasi","1706681246276014383","","PNS_Ababil","in","Bogor, Jawa Barat","0","0","0","https://x.com/tembokputtih/status/1706681246276014383","789362649930747904","tembokputtih"
"1706617412957991308","Tue Sep 26 10:31:13 +0000 2023","0","Gen Z dengan expectation gaji fresh grad must be 2.5k at least padahal job scope data entry je boleh pergi melingkup","1706617412957991308","","","in","","0","0","0","https://x.com/_xsnydx/status/1706617412957991308","862898142210965504","_xsnydx"
"1706493429755339090","Tue Sep 26 04:00:51 +0000 2023","6","@alex_ferdians @Heraloebss ini salah orang tuanya jelas banget. pendidikan moral etika ga ada. jadi guru anak gen z risikonya tinggi bgt ya. udh mana gaji kecil rata2 anaknya juga ga ada etika anti tegor sampe mengancam nyawa anjir","1706519173814485330","","alex_ferdians","in","masii disinii~~","0","0","0","https://x.com/beeerbitch/status/1706519173814485330","415428281","beeerbitch"
"1706273655523815691","Tue Sep 26 02:36:34 +0000 2023","3","@BlueOceanRKHY @jandomanis Mbaa.. tapi emang di lapangan begitu... contoh nihhh di kantor temen aku di instansi pemerintah... angkatan gen Z itu selaluuu aja ada ngeluhnya.. yg gak sesuai gaji lah ga sesuai kateringnya lah dan tidak menghargai senior2nya.. itu kenyataan...","1706497965945389357","","BlueOceanDay11","in","smg","0","2","0","https://x.com/a_irbur/status/1706497965945389357","704477641","a_irbur"
"1706170413930426795","Mon Sep 25 06:02:37 +0000 2023","1","@Sociolanes @txtdrberseragam Lah yg ngutang buat negara itu gen mana? Bos2 yg suka nunggak gaji karyawannya? Atau orang2 yg coba gabung nonton one piece biar dapet suara anak muda? Kejauhan kayanya yg ini... Maap maap mksdku emang gen z ini lohh bener2 ya pak Kasi tau pak tangkeplah influencer judi itu","1706187429521297672","","Sociolanes","in","","0","0","0","https://x.com/udahtaudiem/status/1706187429521297672","995642732344311810","udahtaudiem"
"1705932669874565402","Sun Sep 24 13:10:17 +0000 2023","0","Heran bener deh sama kelakukan Gen z beli Pokemon Go Plus nyicil potong gaji dari kerjaan itu gunanya cuman buat nyari pokemon virtual doang bjir lah fak kata gua teh. Kek mending buat yg lain kenapa sih","1705932669874565402","","","in","DKI Jakarta, Indonesia","0","0","0","https://x.com/iamabasa/status/1705932669874565402","720406147","iamabasa"
"1705161981509214434","Fri Sep 22 11:49:48 +0000 2023","0","@worksfess sukanya : sesuai bidang soal menulis bosnya nyantai temen2 cukup asik soalnya gk toxic sama adem aja di ac dukanya : GAJI KECIL SEKECIL TINGGI BADANKU bos suka rada2 AGAK JAUH malah dikasi anak magang yg gk ada usahanya sama sekali Syedih euy ak gen Z tp gk gini amat","1705187637571809784","","worksfess","in","","0","0","0","https://x.com/vvibuhere/status/1705187637571809784","1103083870272929792","vvibuhere"
"1705185980234498078","Fri Sep 22 11:43:13 +0000 2023","3","gen z gaji pertama nya habis buat self reward","1705185980234498078","","","in","solo, jawa tengah ","0","2","0","https://x.com/sawwrss/status/1705185980234498078","1070585928878444544","sawwrss"
"1705123373725241485","Fri Sep 22 07:56:11 +0000 2023","2","Ada sedikit perbedaan dengan hasil dari survei Pacmann. Hasil riset kami menunjukkan preferensi yang agak berbeda antara gaji dan lingkungan kerja Gen Z lebih memilih untuk menyeimbangkan keduanya. Jika dibandingkan dengan career progression Gen Z memilih Career Progression. https://t.co/9OdDA4O0Ws","1705128845383508068","https://pbs.twimg.com/media/F6nUbyEaAAAn4es.png","pacmannai","in","Jakarta","0","1","0","https://x.com/pacmannai/status/1705128845383508068","824984727597707265","pacmannai"
"1705123373725241485","Fri Sep 22 07:50:45 +0000 2023","2","Dari riset yang pernah dilakukan sebelumnya di Indonesia pekerja Gen Z adalah generasi yang mementingkan hal lain seperti lingkungan kerja progress career daripada gaji. Riset dari Tirto mengenai Pekerja Gen-Z: https://t.co/DSo76PZSBJ","1705127478333952467","https://pbs.twimg.com/media/F6nUMfnbQAAqqGl.jpg","pacmannai","in","Jakarta","0","1","0","https://x.com/pacmannai/status/1705127478333952467","824984727597707265","pacmannai"
"1705058380723950020","Fri Sep 22 03:16:11 +0000 2023","0","Menfess Menfess ini bikin mental para gen z jadi loser. Perkara gaji doang nanya. Pertimbangan kerjaan aja nanya. Sampah..","1705058380723950020","","","in","","0","3","1","https://x.com/lutpinugroho/status/1705058380723950020","155134426","lutpinugroho"
"1704842180244971548","Thu Sep 21 13:09:28 +0000 2023","0","Jadi young leader punya challenge sendiri. Sering diremehin oleh sesama manager yg umurnya jauh diatas (tp gaji ga beda jauh mohon maap) apalagi mereka tau gue borderline gen Z. Klo getting personal pengen rasanya sodorin CV dan sombong ","1704845299318243396","","leopold2442","in","Jakarta Capital Region, Indone","0","0","0","https://x.com/leopold2442/status/1704845299318243396","1369136221008527371","leopold2442"
"1704813244387557665","Thu Sep 21 11:02:06 +0000 2023","44","cukup bgt dah kerja ama gen z dateng telat pulang cepet kerja lelet banyak ngeluhnya gaji tetep dimakan kantor dijelek2in moga berkah dah iduplo","1704813244387557665","","","in","Jakarta Capital Region","2","10","6","https://x.com/cikenaaaaged/status/1704813244387557665","1228919644628512769","cikenaaaaged"
"1704640334540726445","Wed Sep 20 23:48:42 +0000 2023","1","@tanyakanrl Emang gen z / milenial jaman sekarang gaji elite nabung sulit Punya jabatan tinggi di perusahaan alumni s1 - s3 tapi masih ngutang perusahaan sampe puluhan juta Kalo denger temen pada ghibah tuh kyk dalam hati nih orang gajinya gede tapi masih ngutang ","1704643779553333264","","tanyakanrl","in","jogja — solo","0","0","0","https://x.com/fathurizalhbllh/status/1704643779553333264","917735162300981248","fathurizalhbllh"
"1704483381206208959","Wed Sep 20 16:24:18 +0000 2023","0","@CNNIndonesia Kemaren mental health pada gen Z perbaiki gizi. Hari ini hukum bisa dibeli kasi Hakim gaji tinggi. Is not that simple Opa! Begini ini kalau MANULA nyapres wegah kerja &amp; mikir berat. Semua digampangin. Bikin irritated jadi makin yakin untuk tidak memilih capres yg kayak gini","1704531944133050521","","CNNIndonesia","in","Indonesia","0","0","0","https://x.com/KrisalviJosanta/status/1704531944133050521","1426894655279439877","KrisalviJosanta"
"1704411120927408168","Wed Sep 20 08:24:36 +0000 2023","0","Real gaji Gen Z habis buat langganan app","1704411221347455221","","khunkibs","in","","0","0","0","https://x.com/khunkibs/status/1704411221347455221","1234114020497477633","khunkibs"
"1704273190946852954","Tue Sep 19 23:16:07 +0000 2023","0","Idk gen z skrg nih trend standar buat kerja nya tinggi bgt. It's good tp kalo terlalu picky ya susah alias ga ada tempat kerja yg sempurna Lingkungan ga toxic -&gt; gaji kecil Lingkungan sehat gaji gede -&gt; targetnya gede Namanya associate ya udh sepantesnya gaji ga gede gede amat","1704273190946852954","","","in","","0","0","0","https://x.com/psyduckgotdizzy/status/1704273190946852954","1702390641769193472","psyduckgotdizzy"
"1704015294388486319","Tue Sep 19 06:11:19 +0000 2023","0","gen z &amp; millenials yang curhat mulu gaji ga cukup buat kebutuhan hidup ga bisa beli rumah dll meanwhile selera lagunya:","1704015294388486319","","","in","Bali, Indonesia","0","0","0","https://x.com/yugi_FOO/status/1704015294388486319","84297549","yugi_FOO"
"1703393351289254394","Sun Sep 17 16:16:26 +0000 2023","21","@Shirityshukuji @sosmedkeras Iya betul sekali itulah fenomena generasi gen Z saya lihat ya cafe itu setiap weekend penuh sama anak-anak muda saya perhatikan tiap weekend nongkrongnya di cafe gaji habis tidak apa-apa kata mereka yang penting bisa eksis.","1703442801218990136","","Shirityshukuji","in","","6","17","1","https://x.com/CakKhum/status/1703442801218990136","1112540525771386880","CakKhum"
"1703194611072790829","Sun Sep 17 10:37:34 +0000 2023","0","@Paltiwest Bukan mengaburkan justru meluruskan.. Gen Z dan Y justru lebih pintar karna cerita yg digoreng setiap kali Pilpres namun tidak terbukti... Adakah Pecatan yg menerima gaji Pensiun dari Negara setiap bulannya ?? Disitulah cerdasnya Gen Z dan Y memutuskan.","1703357519576580343","","Paltiwest","in","Tondano, Indonesia","0","0","0","https://x.com/dien_jd/status/1703357519576580343","1310524490","dien_jd"
"1703353446265655683","Sun Sep 17 10:21:23 +0000 2023","0","Aduh bingung bgt gw harus kerja apalagi huhuhu adek minta dibeliin motor which is gaji gw gk support buat beliin dia motor. Dasar anak gen z","1703353446265655683","","","in","grand line","0","0","0","https://x.com/almondcooxie/status/1703353446265655683","1228516402799075328","almondcooxie"
"1702890419775050033","Sat Sep 16 03:41:28 +0000 2023","1","Fresh grad dia offer 3.6k tu pun dah alhamdulillah sgt bodo. Org lain bertahun2 kerja pun gaji 1.5k majikan btul2 ikut minimum wage je. Kau fresh grad terus beli honda duduk condo sorg2 ke? Alaaaa gen z ni ","1702890419775050033","","","in","Malaysia","0","1","0","https://x.com/hellonabilaa/status/1702890419775050033","1162292498","hellonabilaa"
"1702815742432010504","Fri Sep 15 22:44:44 +0000 2023","8","Beberapa hari kemarin berkunjung ke salah satu sekolah kejuruan di Banten ngajar disana. Boomer millennial gen Z jadi pengajar mereka secara bergantian. Pulang dr sana kesan kami ke peserta didik sama: setelah lulus pengen gaji tinggi tp semangat buat belajar rendah","1702815742432010504","","","in","","1","0","2","https://x.com/andyyahya/status/1702815742432010504","246614386","andyyahya"
"1702516898662117847","Fri Sep 15 03:12:54 +0000 2023","8","@manutd_world Gen Z rata² ya kyk bgini mental healt lah perlu healing lah ga mau ngakuin salaha lah lu kerja profesional boss lu siapa yg di gaji gede siapa.. ngengkeng maning","1702520840179601462","","manutd_world","in","","0","0","0","https://x.com/ZuryaRedDevilz/status/1702520840179601462","954746134462738432","ZuryaRedDevilz"
"1702497859063705939","Fri Sep 15 01:41:35 +0000 2023","4","Gen Z syndrome. Belum keje lagi dh demand mcm2. 3.6k for fresh graduate more than enough woi. Kalau gaji 3.6k tak perform pun tak guna jgk. FYI lagi tinggi gaji lagi byk keje kau kena buat. Jgn baru kje sebulan dh resign ","1702497859063705939","","","in","🇲🇾🇸🇬","0","0","0","https://x.com/nachuazoul/status/1702497859063705939","226418005","nachuazoul"
"1698132843745202528","Thu Sep 14 10:19:58 +0000 2023","0","@cathacllysm ⠀ Bisaaa! Tapi biar ngga overwork kalau gaji tetep segitu. Gen Z banget ya. ⠀","1702265927646208152","","cathacllysm","in","","0","1","0","https://x.com/onpredictabel/status/1702265927646208152","1395976948191354890","onpredictabel"
"1701945186379866232","Wed Sep 13 13:05:27 +0000 2023","1","Dear gen Z ga semua terlahir punya privilege. Harus ada yang dikorbakan. Gaji banyak tapi habis buat ini-itu hal yang wajar. Jangan nyesel semangat terus (aku).","1701945186379866232","","","in","Kota Surabaya, Jawa Timur","0","0","0","https://x.com/westsiderebel/status/1701945186379866232","1152637532426817537","westsiderebel"
"1701886122597790032","Wed Sep 13 09:10:45 +0000 2023","0","berarti ini gen Z ya? gue milenial sih anyway kenapa sih masih fg aja udah ribet banget perkara gaji lu tuh fg ga ada pengalaman tau diri dikit kali kalo misal mempertimbangkan perusahaan gue setuju karena itu penting tapi kalo semata-mata gaji tuh hadeh capek banget","1701886122597790032","","","in","","0","0","0","https://x.com/prdsjade/status/1701886122597790032","287646441","prdsjade"
"1701484552492032470","Tue Sep 12 09:59:52 +0000 2023","0","@HalimDzul @meng_miauw @tanyakanrl Hp cina pala lu peyang hp itu hasil dari kerja keras dibeli pake gaji pertama mang uang dr mana? lu kira jatuh dari langit?","1701536095677333776","","HalimDzul","in","Indonesia","0","1","0","https://x.com/lucubgtygy/status/1701536095677333776","1572828746922729473","lucubgtygy"
"1701388237028425936","Tue Sep 12 00:12:20 +0000 2023","43","lagi satu cepatnya resign mesti gen z tu lah hidup orang purba kalau dah selesa duduk satu tempat duduk je lah situ even gaji tak banyak. kami gen z bijak ada better opportunity kita grab","1701388237028425936","","","in","","1","0","17","https://x.com/fzzlyana/status/1701388237028425936","4673227585","fzzlyana"
"1700831273974120900","Mon Sep 11 06:40:53 +0000 2023","0","@ezash Persis gue sama kaya lu (pas gaji 5jt)... Dan anehnya gue ya gue ga pernah ngerasa kekurangan dan kalau gue bandingin sama adek adek gue nih yg gen z ada yg gaji 6 JT tapi masih kurang hampir setiap bulan minjem duit mulu","1701123631882043766","","ezash","in","","0","0","0","https://x.com/echa_rosee/status/1701123631882043766","1491034106616233984","echa_rosee"
"1701052110820024450","Mon Sep 11 01:56:41 +0000 2023","0","Kasian gen z tantangan hidupnya banyak banget belum selesai dengan gaji harus mikirin cara typing wkwkwk ","1701052110820024450","","","in","indonesia","0","0","0","https://x.com/morethan_lifee/status/1701052110820024450","508371923","morethan_lifee"
"1700154170479690105","Sun Sep 10 08:11:56 +0000 2023","0","@TYRADNE Gen z ke gen y ke sama je. Dia xde sbb nak respect senior as kita ni bekerja kau x byr gaji dia. Buat keje masing2 sudah. Aku pulak hadap senior gen y yg acah2 ni. Tp bila buat kerja last2 semua tnye aku pdhl dia dh keje setahun while aku bru 3 bulan keje dh blh buat sendiri.","1700784157193052238","","TYRADNE","in","","0","0","0","https://x.com/pubgbunga2/status/1700784157193052238","1372243040207663107","pubgbunga2"
"1700752732209197144","Sun Sep 10 06:07:04 +0000 2023","0","ketemu teman2 gen z kebanyakan dari mereka gak sungkan nanya gaji yg org dulu anggap gak etis. Ikutan konten2 apa gimana dah?","1700752732209197144","","","in","Jakarta, Indonesia ","0","0","0","https://x.com/psycho_nautics/status/1700752732209197144","401158352","psycho_nautics"
"1700202500685705367","Fri Sep 08 17:40:39 +0000 2023","2","Orang cakap gen z manja taknak kerja buruh petani bawah panas matahari. I mean kerja dekat office yang ade AC tu gaji basic lebih kurang je dgn buruh sume tu better kerja dekat office.","1700202500685705367","","","in","","0","1","0","https://x.com/Tatsanuri/status/1700202500685705367","1330034907951878151","Tatsanuri"
"1699936370729648447","Fri Sep 08 00:03:08 +0000 2023","2","Haiyaaa gen z jangan la termakan sangat dengan kata2 millenials pasal beli rumah waktu muda... You're in your 20s I can assume anything can happen to your career. I have a family's friend yang dari gaji 6-7k terus tak ada apa2 (lay off for GLC)","1699936370729648447","","","in","εϊз","0","1","1","https://x.com/nobidesuyooo/status/1699936370729648447","1250984708407582721","nobidesuyooo"
"1699289698097881551","Wed Sep 06 05:13:31 +0000 2023","0","Ngeluh kinerja karyawan jelek lah gaji yang lu kasi emang sesuai dengan apa yang sudah kami berikan ke perusahaan ? kami kerja sesuai dengan nominal itu jangan berharap lebih. buka matamu SDM indo dibayar rendah ya gimana mau ditingkatkan SDMnya. untung gen Z sekarang cerdas","1699289703479222302","","karufakembala","in","BEYONCÉ","0","1","0","https://x.com/karufakembala/status/1699289703479222302","1406646005861281794","karufakembala"
"1699135774472691918","Tue Sep 05 19:01:51 +0000 2023","0","Pas kali! Apalagi rekan kerja gen Z beuh kerja mau selow gaji mau banyak dikoreksi merajok diem kek ayam sakit tetelo. Asedekontol emang!","1699135774472691918","","","in","","0","2","0","https://x.com/twostepsforlife/status/1699135774472691918","1055156812582858752","twostepsforlife"
"1698015875260153931","Sat Sep 02 16:51:46 +0000 2023","0","Gen z nanya info loker tapi mau gajinya tinggi. Kalau mau jadi karyawan baru tapi gajinya tinggi ke prostitusi aja. Disana gaji karyawan baru lebih tinggi dibanding gaji karyawan lama. Wkwkwk","1698015875260153931","","","in","Uciha","0","0","0","https://x.com/norm1605/status/1698015875260153931","1183635518178807811","norm1605"
"1697563122180251832","Fri Sep 01 10:52:42 +0000 2023","0","Mak nok komplen ngan boss anaknya sik sama gaji dgn org lain oh. Lain macam gen Z nektok","1697563122180251832","","","in","97000","0","0","0","https://x.com/_bnhak/status/1697563122180251832","247608882","_bnhak"
"1696416471600218236","Thu Aug 31 03:46:38 +0000 2023","0","@PartaiSocmed Biasanya bank ktp.kk.rek listrik.slip gaji. Beda sama Gen Z. Akun iG.tidtod.fb.twit. ","1697093511198437465","","PartaiSocmed","in","Indonesia","0","0","0","https://x.com/pecanduUdud/status/1697093511198437465","1602870297975083008","pecanduUdud"
"1696759580968316983","Wed Aug 30 13:31:49 +0000 2023","1","@BAMS324305 @Abahpurwa1 Sudah di gaji kerjanya gak becus juga!","1696878390794436838","","BAMS324305","in","Gowa, Makassar Indonesia","0","0","0","https://x.com/opposite_sejati/status/1696878390794436838","1654334520093708289","opposite_sejati"
"1696431673091772526","Tue Aug 29 15:34:20 +0000 2023","0","@Wwn0303 @Jatayu_45 Loe mau berangkat kerja pakai kendaraan coba nggak usah mbacot pertalite bisa gak? Nggak usah nyuruh gua kerja loe mau minta gaji berapa dari gua?","1696546836507754686","","Wwn0303","in","Gowa, Makassar Indonesia","0","1","0","https://x.com/opposite_sejati/status/1696546836507754686","1654334520093708289","opposite_sejati"
"1696435782628839829","Tue Aug 29 08:13:03 +0000 2023","0","karena ada lrt apaka rumah di jonggol masi bisa dibeli orang kaun gen z gaji umr.","1696435782628839829","","","in","+62","0","0","0","https://x.com/ukiyoru/status/1696435782628839829","1110164319277191169","ukiyoru"
"1696116610694783033","Mon Aug 28 11:04:46 +0000 2023","0","kuliah nde mlg isine full circle Gen Z tukang abisin gaji papi.","1696116610694783033","","","in","","0","0","0","https://x.com/ikhwanshofa69/status/1696116610694783033","1473913536099151875","ikhwanshofa69"
"1696103727487418431","Mon Aug 28 10:13:35 +0000 2023","3","Terus terang aku ckp aku bkn gen z. Tp aku lantang ya pasal hak aku. Hak aku sebagai pekerja. Bos boleh lantik pekerja dgn mudah. Kau fikir pekerja tak boleh lompat kerja yg lbh bagus? Kau fikir pekerja tak nak ketua yg lbh baik? Kita memang memilih kerja dgn gaji yg bagus.","1696103727487418431","","","in","Malaysia","0","1","0","https://x.com/MapleRara/status/1696103727487418431","1425447179007627264","MapleRara"
"1695399201839194269","Sat Aug 26 11:34:03 +0000 2023","2","67 persen generasi milenial dan gen Z beranggapan faktor terpenting dalam membangun kekayaan adalah besaran gaji. https://t.co/cBi4uufF42","1695399201839194269","","","in","Jakarta","0","1","2","https://x.com/kompascom/status/1695399201839194269","23343960","kompascom"
"1694914509583142924","Fri Aug 25 03:32:54 +0000 2023","0","@carmyndei Gen z jika dapat gaji","1694915727319523839","","aventqrine","in","","0","1","0","https://x.com/LyneyAnakSulap/status/1694915727319523839","940089396170186753","LyneyAnakSulap"
"1689962099672551424","Fri Aug 11 11:28:57 +0000 2023","0","pertanyaan aneh yang emang ga perlu dijawab... ga usah tanya gen z baby boomer di kala mereka lulus dan nyari kerja juga punya obsesi gaji gede aneh bener","1689962099672551424","","","in","","0","1","0","https://x.com/YourDearCrush98/status/1689962099672551424","1223082076645163015","YourDearCrush98"
"1689668475139313664","Fri Aug 11 09:20:37 +0000 2023","1","@worksfess The real question is why aren t you? Ini kekurangannya generasi sebelum gen Z masih banyak yang gak sadar kalau produk sekarang harganya udah gak semurah dulu. Rumah yang layak hidup aja harganya udah milyaran. Kalau mau nyamain dengan gaji FG zaman lu kapan mau kebeli?","1689929804056035328","","worksfess","in","","0","0","0","https://x.com/IlusiDigital/status/1689929804056035328","1042775162","IlusiDigital"
"1689668475139313664","Fri Aug 11 02:55:26 +0000 2023","0","@worksfess @hrdbacot Punya gaji gede bukan cuma ekspektasi gen z dong. https://t.co/f2BOCofssw","1689832871006187520","","worksfess","in","DKI Jakarta, Indonesia","0","0","0","https://x.com/podromansa/status/1689832871006187520","1304429627532701696","podromansa"
"1689668475139313664","Fri Aug 11 02:18:24 +0000 2023","4","@worksfess @hrdbacot kenapa Gen Z terus yg di-highlight? bukannya semua generasi suka sama gaji besar? semua early jobbers di generasi manapun less experienced bahkan utk menilai valuenya sendiri apa salah? ya enggak lo juga waktu awal kerja pasti pernah expect gaji di atas wajar negoin aja","1689823550310633473","","worksfess","in"," Fictional Character","0","1","0","https://x.com/amyoouurjoy/status/1689823550310633473","593415354","amyoouurjoy"
"1689668475139313664","Thu Aug 10 22:52:21 +0000 2023","0","@worksfess Kepanjangan gen z tau ga apa nder gen zenwich makanya expect gaji gede","1689771697279574016","","worksfess","in","","0","0","0","https://x.com/Bnur12117996/status/1689771697279574016","1182918407521308672","Bnur12117996"
"1689668475139313664","Thu Aug 10 17:40:47 +0000 2023","0","@worksfess sebagian gen z FG pgen smart work gaji gede beban kerja santai. kebutuhan mereka buanyak coy kan goal nya mau financial freedoom sdini mungkin~","1689693289245728768","","worksfess","in","Pekopon","0","0","0","https://x.com/Adul_Toddd/status/1689693289245728768","451958586","Adul_Toddd"
"1689668475139313664","Thu Aug 10 17:18:21 +0000 2023","3","@Mentalmath5 @worksfess Bukan. Gaji 4-6 juta itu sangat wajar dan gue setuju jangan mau gaji di bawah UMR. Yang dimaksud sender adalah Gen Z freshgrad minta gaji 2 digit atau mendekati 2 digit. Like who are you? What can you do? What can you guarantee for us?","1689687641888108544","","Mentalmath5","in","Bandung","0","0","1","https://x.com/Nugisuke/status/1689687641888108544","78262441","Nugisuke"
"1689668475139313664","Thu Aug 10 16:50:45 +0000 2023","0","@worksfess Emang adapula yg pengen gaji besar untuk gaya hidup. Tapi jangan dipukul rata. Masih ada FG/gen z yg tetep terima walau gajinya ngepas umr di atas umr sedikit bahkan di bawah umr..","1689680698188427264","","Venven1103","in","","0","0","0","https://x.com/Venven1103/status/1689680698188427264","1632435513675382784","Venven1103"
"1689668475139313664","Thu Aug 10 16:47:47 +0000 2023","1","@worksfess Gak semua FG/gen z itu lahir dari keluarga mampu bahkan beberapa dari mereka harus jadi tulang punggung keluarga. Gaji mereka tentu harus dibagi2 mana utk makan utk kosan utk ongkos/bensin utk keluarga dan utk kebutuhan yg lain. Cont-","1689679948095905792","","worksfess","in","","0","1","0","https://x.com/Venven1103/status/1689679948095905792","1632435513675382784","Venven1103"
"1689668475139313664","Thu Aug 10 16:18:41 +0000 2023","1","@worksfess gw gen z dan yes betul. Pas FG gw egois bgt pgn gaji gede ya krn ter influence konten gaji km brp? hahaha padal sbg FG walopun gw apal teori tp skill blm tentu.. dan krn itulah gaji itu privacy dan sensitive biar g ada gen z kyk gw haha","1689672625818419200","","worksfess","in","","0","0","1","https://x.com/wahyudnd/status/1689672625818419200","1172412873793949696","wahyudnd"
"1689671206138793984","Thu Aug 10 16:13:02 +0000 2023","0","kayanya klo gaji gabs diliat dr gen apa deh kalo emg dia gen z trus udh berskill &amp; emg punya pengalaman apa salah ekspetasi gajinya? tp ya balik lg sih big sallary disini tuh brp mksdnya ya trus gen z kan dr 97 ya.. wajar sih klo mrka yg minta big sallary https://t.co/dBynTzBXW0","1689671206138793984","https://pbs.twimg.com/media/F3LrANNawAEmjo1.jpg","","in","98즈","0","1","0","https://x.com/gatauT_T/status/1689671206138793984","821364763267477509","gatauT_T"
"1689668475139313664","Thu Aug 10 16:09:30 +0000 2023","1","@worksfess saya sebagai gen z fg ingin sejahtera rumah makin mahal semua2 makin mahal ya wajar kalau mau gaji tinggi. saya sudah muak dengan hidup nrimo ing punkdoom saya mau kesejahteraan saya dapat saya raih dengan kerja keras saya. makanya berani nembak gaji tinggi krn emg seniat itu.","1689670315125993473","","worksfess","in","","0","0","0","https://x.com/GleissnerFM/status/1689670315125993473","582392789","GleissnerFM"
"1689471459788550144","Thu Aug 10 11:42:42 +0000 2023","0","@worksfess Hayo gen z yg mau ngelamar cpns dipikir dulu gaji ga gede sama penempatannya seluruh indonesia bahkan daerah terpencil. Kl ga niat jgn lamar. Kasih kesempatan sama yang serius. Dr pada resign","1689603173164666881","","worksfess","in","","0","0","0","https://x.com/otek_hakiki/status/1689603173164666881","2306190258","otek_hakiki"
"1689268415863615488","Thu Aug 10 02:58:35 +0000 2023","0","@worksfess Rumah pada mahal untuk gaji yg cuma umr dan gen z","1689471273049669632","","worksfess","in","Kota Bandung, Jawa Barat","0","0","0","https://x.com/marissaaajuni/status/1689471273049669632","1576857219332984832","marissaaajuni"
"1689429526382809088","Thu Aug 10 01:16:57 +0000 2023","0","@dyntulz FAST RESP BANGEETTT gaji buta lu ya dst gen Z","1689445696859262976","","dyntulz","in","Jakarta","0","1","0","https://x.com/_raicha6690/status/1689445696859262976","1285397504041738240","_raicha6690"
"1689268415863615488","Wed Aug 09 23:48:06 +0000 2023","0","@worksfess Bisa buat self reward aja udah syukur2.. dikira gaji semua kalangan gen Z ama Milenial di atas UMK?","1689423340170063872","","worksfess","in","","0","0","0","https://x.com/vlnerasanentur/status/1689423340170063872","798490951572295680","vlnerasanentur"
"1689168061344190464","Wed Aug 09 13:35:01 +0000 2023","106","@zhajoon @tang__kira Giliran generasi mreka pada jualin rumah lakunya susah kan? Wkwkwkw mampus aja tu rumah2 invest pada ga laku harganya ga ngotak buat gaji mayoritas milenial &amp; gen Z ya g masih di sekitaran umr. Alhasil kita2 yang terpaksa mepet ke kota2 penyangga demi cari rumah yang terjangkau","1689269052806778880","","zhajoon","in","","1","0","7","https://x.com/iceshakeavocado/status/1689269052806778880","1572846427201769473","iceshakeavocado"
"1688545212304629760","Mon Aug 07 13:38:44 +0000 2023","1","Namun pada kenyataannya gen Z dengan gaji sekitar 5 ~ 6 juta perbulan tetap tidak menjangkau untuk memiliki rumah karna harga rumah yang semakin meroket. Kemudian hal yg paling mungkin adalah sekarang sewa. https://t.co/tpnCcnzqnd","1688545212304629760","https://pbs.twimg.com/media/F27q6_MagAAGHKP.jpg","","in","","0","1","0","https://x.com/berryshortcake8/status/1688545212304629760","1531238735056019456","berryshortcake8"
"1688484695041040384","Mon Aug 07 09:38:16 +0000 2023","1","kehadapan gen gen z budak sunat laser korg ni kan kerja dah lah pemalas kuat ngular demand mcm mcm gaji terlupa bayar sehari je terus nak ngamuk2 ugut nk berhenti. pleasee lah check balik diri tu. Manja sangat","1688484695041040384","","","in","Pahang // Bangi","0","0","0","https://x.com/tariqazahari/status/1688484695041040384","593753059","tariqazahari"
"1688033494868590592","Sun Aug 06 03:45:21 +0000 2023","12","RG: Mencerdaskan anak bangsa tanpa di gaji! #AksiBelaRockyGerung #AksiBelaRockyGerung","1688033494868590592","","","in","Gowa, Makassar Indonesia","0","1","8","https://x.com/opposite_sejati/status/1688033494868590592","1654334520093708289","opposite_sejati"
"1687522900075778048","Fri Aug 04 17:56:26 +0000 2023","10","Call/WhatsApp orang pukul 2.00 pagi pada hari minggu di Pantai Timur siap pushy nak gotue gonie ikut sedap anak tekak dia je. Gen Z punya common sense pergi ke mana ya sebenarnya? Septic tank? You gigih kerja sampai ke pagi tak tidur malam 527 hari tak naik gaji pun diknon. ","1687522900075778048","","","in","Chukai, Trengganu","0","1","4","https://x.com/idespisecats/status/1687522900075778048","46647926","idespisecats"
"1686932241451237376","Thu Aug 03 05:03:45 +0000 2023","0","@worksfess Banyak loh umur 20 tahun ke bawah dpt profit ratusan Juta juga ... Gen Z sekarang Keren keren sih ... Mudah mudah ngerasain dapet gaji / profit 3 digit ....","1686966059763650560","","worksfess","in","inuheart","0","0","0","https://x.com/Rezzaiqball1/status/1686966059763650560","1462315736903282691","Rezzaiqball1"
"1685974334249340929","Mon Jul 31 11:22:59 +0000 2023","26","Nak gen Z minat stem Tapi Starting gaji pun tak sampai 3k Ada tu ada yang tinggi tapi bukan kebiasaan dan abit limited la company yang boleh offer yang okay https://t.co/nzT0MOjym5","1685974334249340929","https://pbs.twimg.com/media/F2XIuNdaYAA64TM.jpg","","in","","2","2","17","https://x.com/iHX_Kimilol/status/1685974334249340929","302162924","iHX_Kimilol"
"1684042059550953473","Sun Jul 30 15:52:05 +0000 2023","0","@adi_marz07 @kkajikkaji @erickthohir @prabowo Gaji dia di kemntrian gk ada apa nya di banding hasil bisnis dia dan bayar pajak perusahan dia.... mukin pajak yg anda bayar juga cuma 0 0000000001 dari toral gaji dia ","1685679667804782592","","adi_marz07","in","Cilamaya, Indonesia","0","0","0","https://x.com/aririswanto249/status/1685679667804782592","716297329","aririswanto249"
"1685630581160517632","Sun Jul 30 14:49:13 +0000 2023","0","@hrdbacot Duh bukan gen z : ) kena prank pdhl gaji pokokku diturunin begitu saja tanpa info~","1685663844541382656","","hrdbacot","in","","0","0","0","https://x.com/ningbrot/status/1685663844541382656","53006723","ningbrot"
"1685499029696937984","Sun Jul 30 08:56:47 +0000 2023","2","@ainunnajib Pendidikan yg amburadul &amp; pemilik modal yg ngawur ngebuat gen z males kerja: Kerjaan yg ga sesuai hati gaji yg tak Sebanding dengan kerjaan. Belum lagi buruh non korporasi yg di ekploitasi kapitalis lokal remah rengginang. 60% unconsciously ingin begini CC @slipknot https://t.co/Z9a3srjVFQ","1685575154196512768","https://pbs.twimg.com/ext_tw_video_thumb/1685575095056818176/pu/img/1VUM_iVwtd8i1PbB.jpg","ainunnajib","in","ruang dan waktu 23:32","0","0","0","https://x.com/69aSZa/status/1685575154196512768","1445083240717377539","69aSZa"
"1684934719585271809","Fri Jul 28 14:31:56 +0000 2023","0","memulai hari dengan kopi overprice walaupun harganya sepertiga dari gaji ku satu hari kwkwkwwkwkwwk dasar gen z https://t.co/lfpSdWznLc","1684934719585271809","https://pbs.twimg.com/media/F2IQuUkaAAAOxtp.jpg","","in","","0","0","0","https://x.com/ygpentinglucu/status/1684934719585271809","1678344496290107392","ygpentinglucu"
"1683729461999718400","Tue Jul 25 06:42:40 +0000 2023","0","gen z gaji nya abis buat tiket konser","1683729461999718400","","","in","","0","0","0","https://x.com/bagencialaaa/status/1683729461999718400","1185088854232944640","bagencialaaa"
"1683142766174535680","Sun Jul 23 15:51:21 +0000 2023","2","Kerja main-main gaji bukan main!","1683142766174535680","","","in","Gowa, Makassar Indonesia","0","0","2","https://x.com/opposite_sejati/status/1683142766174535680","1654334520093708289","opposite_sejati"
"1683142389853212672","Sun Jul 23 15:49:51 +0000 2023","1","Kerja main-main gaji bukan main!","1683142389853212672","","","in","Gowa, Makassar Indonesia","0","0","1","https://x.com/opposite_sejati/status/1683142389853212672","1654334520093708289","opposite_sejati"
"1681579427417952258","Wed Jul 19 13:31:05 +0000 2023","0","@deulicyous Banget soalnya aku liat fresh graduate sekarang tuh pada so jual mahal mentang mentang lulusan sarjana kerja milih milih apalagi klo lulusan univ paporit huh pengen gaji gede dan sebagainya ditambah pidato yg begini bikin kadang jengkel sendiri sama fresh graduate gen Z","1681657915785248768","","deulicyous","in","Bandung, Jawa Barat","0","2","0","https://x.com/letscallmeza/status/1681657915785248768","1096628483990548480","letscallmeza"
"1680930999553896448","Tue Jul 18 02:38:15 +0000 2023","0","@rgoestama Bisnis pendidikan memang menjanjikan gaji guru yg tdk. Makanya gen Z banyak yg milih jd tutor di lembaga les swasta daripada honor di sekolah negeri.","1681131235534573568","","rgoestama","in","Unknown","0","0","0","https://x.com/fortisfortuna09/status/1681131235534573568","889088390460653568","fortisfortuna09"
"1680849777469313026","Mon Jul 17 07:59:50 +0000 2023","0","Kalo HR yg dealing ma gw kayanya gen Z deh deal2an gaji macam nawar di ITC . Mana di ghosting seminggu dulu nongol2 curhat https://t.co/2hJTy4NEB1","1680849777469313026","https://pbs.twimg.com/media/F1OT9araEAA6KQJ.jpg","","in","nae bang-i","0","1","0","https://x.com/lovescaramel/status/1680849777469313026","97240249","lovescaramel"
"1679998037559754752","Sat Jul 15 00:07:14 +0000 2023","0","@RamliRizal Gen Z Genius Zoom Zoom haha . Click skilled migrants skilled workers di negara maju di negara kaya .gaji tinggi 10 kali lipat tecknologi tinggi sistim sosial yg adil semua kebutuhannya di jamin oleh negara &amp; demokrasi free speech sorga dunia bisa bantu orang tuanya","1680006069060526082","","RamliRizal","in","Robina Gold Coast, QLD","0","1","0","https://x.com/manukahoneyland/status/1680006069060526082","1647761274661670912","manukahoneyland"
"1679832130850009088","Fri Jul 14 12:37:50 +0000 2023","0","Korang Gen Z dan Alpha kena bersyukur ye dapat tinggi ni. Memangla tak sampai gaji minimum but this is a good starter tho. Selagi mana kau tak merantau jauh sangat la.","1679832573978214403","","sjfi_twider","in","Melaka Mandate of Langkasuka
","0","1","0","https://x.com/sjfi_twider/status/1679832573978214403","1247462449722212358","sjfi_twider"
"1679448082977804288","Fri Jul 14 02:01:37 +0000 2023","0","@worksfess Kalo Gen Z kan maunya ikutin life style gk FOMO gk gaul. Mau gaji berapapun aja pasti gk cukup.","1679672468552970240","","Shinee_dodo","in","","0","0","0","https://x.com/Shinee_dodo/status/1679672468552970240","1490603056014446594","Shinee_dodo"
"1679448082977804288","Fri Jul 14 01:44:12 +0000 2023","0","@worksfess Kebanyakan Gen Z orgnya lemah n gk bs struggle ya. FG dgn gaji 5jt di jkt itu udah lebih dari cukup. Jaman gw FG baru kerja gaji cuma 1 8jt di tahun 2009. Itu aja bs cukup. Perhitungan biaya gw: kos 500ribu/bln mkn 8-10ribu utk siang n mlm (warteg) sarapan mkn roti aja cont-","1679668085584957440","","worksfess","in","","0","3","0","https://x.com/Shinee_dodo/status/1679668085584957440","1490603056014446594","Shinee_dodo"
"1679473514498387968","Thu Jul 13 12:51:03 +0000 2023","0","Masih ada orang mikir kayak gini ya Allah anak gen Z gak tau caranya bersyukur!!! Sedangkan gue masih nyari loker blm ada panggilan samseksyukur gue udah keterima kerja gaji 3 5jt sampe 4jt plus BPJS dan uang lembur. Tinggal ngatur duit itu susah","1679473514498387968","","","in","","0","0","1","https://x.com/Lunasolar06/status/1679473514498387968","271782018","Lunasolar06"
"1678313990584418304","Mon Jul 10 08:03:31 +0000 2023","1151","Budak budak Gen Z ni mmg semua bangang ke. Gaji nak 3k 4k benefit nak macam macam nak suruh company bela kau. Dapat workload susah sikit terus tarik muka alasan sebab tak boleh stress nak work life balance dan Mental Health Matters . Work ethic semua kelaut kerja ala kadar.","1678313990584418304","","","in","🇲🇾","142","33","961","https://x.com/nzrlhakimii/status/1678313990584418304","1015610820347113472","nzrlhakimii"
"1678049933805637632","Sun Jul 09 21:01:42 +0000 2023","11","@txtdrakuntansi Gen z ya? Hahaha generasi apa2 mental illness generasi mental krupuk ke siram kuah langung meleot. Mau dpt karir bagus atau gaji besar tp g mau kerja keras hahaha","1678147439910617088","","txtdrakuntansi","in","","6","21","2","https://x.com/Angelo_grund_no/status/1678147439910617088","1616999898","Angelo_grund_no"
"1677865460946333697","Sun Jul 09 02:21:13 +0000 2023","2","Masalah some of Gen Z nowadays kerja nk yg senang2 je perkembangan carrier xnk tpi nak demand naik gaji dik non oiii gaji brtmbh kerja pun brtmbh taw.","1677865460946333697","","","in","Ipoh, Perak","0","0","0","https://x.com/EsyamAzmi/status/1677865460946333697","543426941","EsyamAzmi"
"1677864563637899264","Sun Jul 09 02:17:39 +0000 2023","0","Gen Z (gang millineal) goblok ga punya integritas takut ga terima gaji makanya mau jd pelacurnya etho hahaha","1677864563637899264","","","in","ÜT: -6.217271,106.874364","0","0","0","https://x.com/syah_radja/status/1677864563637899264","58179788","syah_radja"
"1677511591858946048","Sat Jul 08 02:55:04 +0000 2023","0","waduh candidate gen Z ni demand gaji sampai 6-7k yee","1677511591858946048","","","in","Kuala Lumpur, Wilayah Persekut","0","0","0","https://x.com/adammuhammad_/status/1677511591858946048","121954628","adammuhammad_"
"1677168490632081409","Fri Jul 07 04:11:43 +0000 2023","1","I m sorry ye but not only Gen Z generasi sebelum tu pun sama ja. Bila bagi appraisal mula lah cakap saya buat kerja saya. Memang kau buat kerja kau but if nak dpt exceed expectations kena buat luar dari JD kau. Pastu mogok bila gaji tak naik bnyak ","1677168490632081409","","","in","","0","0","0","https://x.com/anshrz/status/1677168490632081409","183360970","anshrz"
"1676815036550115329","Thu Jul 06 04:48:12 +0000 2023","1","Gen Z dengan gaji UMR dapat membuat seseorang tetap survive dengan memperhatikan sejumlah hal berikut. Apa saja? Coba cek sampai slide akhir Sobat NADI! Jangan lupa selalu sisihkan setiap gaji yang didapatkan dengan nabung di SiMAPAN demi masa depan &amp; agar dapat bertahan! https://t.co/8POsV2XCzi","1676815285549142017","https://pbs.twimg.com/media/F0U-alAaQAMVSTM.jpg","nadiindoapps","in","","0","0","0","https://x.com/nadiindoapps/status/1676815285549142017","1291209305614499840","nadiindoapps"
"1674807694459559936","Wed Jul 05 05:15:19 +0000 2023","0","@aisy699 @pinkynaddychoco @yarafaee_ @SayyNees If i xtegur agaknya berapa banyak laa lauk kantin tu dia sedekah dalam sehari sampai xbalik modal? Then pekerja nak dibayar pakai apa? Keikhlasan? Mmg saya xduduk diam &amp; trus tegur. I also naik gaji slps tu As i said before i exposed myself with ilmu so im not ur typical gen Z","1676459723074469888","","NaimFathullah","in","Inazuma, Teyvat","0","1","0","https://x.com/NaimFathullah/status/1676459723074469888","857891644699324416","NaimFathullah"
"1676167781379899393","Tue Jul 04 09:55:15 +0000 2023","51","bukan kemarin tapi 4 tahun lalu dan masih jd pegangan gue gue gen z. sblm di finance gue pernah kerja di kitchen kerja emg buat gaji tapi gapapa sesekali take extra miles. awal karir kalau mau berkembang harus banyak ambil kesempatan tapi jgn lupa stop ya ","1676167781379899393","","","in","","0","2","5","https://x.com/sczeve/status/1676167781379899393","1321810525898993664","sczeve"
"1674225465882710016","Thu Jun 29 01:17:11 +0000 2023","0","Gaji skrg gmasuk akal kalo gmau gaji umr/dibawah umr gabakal diterima kerja. Pdhl M-nya UMR itu kan Minimum. Dibawah itu brarti ga manusiawi. Dan ga semua gen z boros say yg ga boros dan hemat banyak lu aja yg buta mata buta hati sok2an menyamaratakan sifat suatu generasi","1674225465882710016","","","in","Luna, Moon","0","1","1","https://x.com/s0n6b1rd/status/1674225465882710016","1532581870583459840","s0n6b1rd"
"1674035368918933507","Thu Jun 29 01:14:41 +0000 2023","13","@ecommurz Gaji skrg gmasuk akal kalo gmau gaji umr/dibawah umr gabakal diterima kerja. Pdhl M-nya UMR itu kan Minimum. Dibawah itu brarti ga manusiawi. Dan ga semua gen z boros say yg ga boros dan hemat banyak lu aja yg buta mata buta hati sok2an menyamaratakan sifat suatu generasi","1674224839366971393","","ecommurz","in","Luna, Moon","0","0","0","https://x.com/s0n6b1rd/status/1674224839366971393","1532581870583459840","s0n6b1rd"
"1674012310514581504","Wed Jun 28 11:10:11 +0000 2023","0","Heraann org kerja punya suami dan anak kerja pula kok minjem duit sma org rebahan trus itu gaji dari 3 org kemana ","1674012310514581504","","","in","","0","0","0","https://x.com/0x_d0llar/status/1674012310514581504","1545751369545818112","0x_d0llar"
"1673914741524414464","Wed Jun 28 04:42:28 +0000 2023","0","Kalau menurutku tuh efek doktrin boomers yang ditanamkan ke gen Z. Ya doktrin boomers kalau dengan pekerjaan diatas udah pasti mapan kalau pun tidak mapan setidaknya mereka punya gaji yang stabil sampai pensiun. Padahal kalau cuman gaji pokok gak gede.","1673914741524414464","","","in","","0","0","0","https://x.com/babikurma29/status/1673914741524414464","1260830711243657222","babikurma29"
"1673657467798974467","Tue Jun 27 11:40:10 +0000 2023","50","Gen Z nggak ngerti trend jaman dulu dikatain anak jaman skrg mana paham ngeluh kuliah gaji dan kerjaan dibandingin sama generasi sebelumnya belanja di mall/online mulu dibilang kapitalis giliran belanja di pasar tradisional kena scam penjualnya masih jadi olok2kan. (cont) https://t.co/1t6V1mhJgz","1673657467798974467","https://pbs.twimg.com/media/FzoGmK1WYAIvmM4.jpg","","in","✉️: tubirfess@gmail.com","1","1","4","https://x.com/tubirfess/status/1673657467798974467","865777701671415808","tubirfess"
"1673642466057285632","Tue Jun 27 10:40:34 +0000 2023","0","Disekolah full kegiatan sampe rumah masih prepare materi buat besoknya 2. Setauku gaji nya gabanyak kalo masih honorer (jatuhnya jd kaya sukarelawan bukan kerja) 3. Ngurus anak orang apalagi gen z model sekarang susah. Susah diatur susah dibilangin ","1673642469446262784","","onleeyoon","in","","0","0","0","https://x.com/onleeyoon/status/1673642469446262784","1001141616","onleeyoon"
"1673608507256623105","Tue Jun 27 08:41:59 +0000 2023","7","@txtdarikorporat tantangan banyak gaji banyak preassure kerja gede namun dibawa fun dengan temen temen kantor yang anti politik. WFO instead of WFH wait saya millenial bukan gen z :)","1673612630072897538","","txtdarikorporat","in","Indonesia","0","1","1","https://x.com/NotNotoNoto/status/1673612630072897538","636983598","NotNotoNoto"
"1673232018233233408","Mon Jun 26 07:29:34 +0000 2023","0","Capek yaa kerja bareng gen z. Susah bgt disuruh buat buru2. Gw lagi butuh TTE buat di SP cepet2 ehh dia nya malah lambat. Hadeuhh... Gw juga gen z tapi plis deh kalo kerja tuh yg bener. Mau makan gaji buta Lo?","1673232018233233408","","","in","Indonesia","0","0","0","https://x.com/imnaych/status/1673232018233233408","1190877745275756544","imnaych"
"1673143633317613568","Mon Jun 26 02:02:52 +0000 2023","0","@kimbiiseo dorg belum rse gaji bwh 1k eik nk gaji bnyak kne pulun ot bnyak2.. hhmmmm manjahh kli gen z.. belum lg bru 1st gaji nk bli honda","1673149800722890752","","kimbiiseo","in","JOHO","0","1","0","https://x.com/ouhhECHAH/status/1673149800722890752","332281498","ouhhECHAH"
"1672947539996463105","Sun Jun 25 12:39:10 +0000 2023","6","Keinget kata kata bapak gua kerja itu jangan liat gaji Karena rezeki mah udah ada yang ngatur yang perlu di perhatiin itu adalah bagaimana kita bisa bermanfaat bagi yang lain dan bisa ikut berkontribusi dalam membangun umat ","1672947539996463105","","","in","","0","1","0","https://x.com/dzunisme/status/1672947539996463105","1601604012276871169","dzunisme"
"1672586868234526720","Sat Jun 24 12:45:59 +0000 2023","0","Semangat gen z! Menunggu dimana kita menjadi decision maker sehingga kerja bisa 4 hari dalam seminggu dan ketimpangan gaji lebih minim ","1672586868234526720","","","in","","0","1","0","https://x.com/knpdilahirkan/status/1672586868234526720","1227099995960070144","knpdilahirkan"
"1672494151139737601","Sat Jun 24 06:37:33 +0000 2023","70","orang kita selalu cakap kalau nak kerja gaji besar mesti sabtu ahad kena kerja atau kerja sampai malam. gaji besar tak semestinya kerja teruk2 boleh je kerja biasa tapi gaji besar. ramai suka brainwash gen z cakap macam ni kenapa bitter sangat tah.","1672494151139737601","","","in","🇲🇾","2","2","20","https://x.com/afrieirham_/status/1672494151139737601","1481224801318748163","afrieirham_"
"1672196745009430529","Fri Jun 23 14:39:57 +0000 2023","0","@al_viian mane cukup segitu putar di slot sbntr jak habes.. kok bse org cukup dgn gaji 12 juta sebulan di pontianak..? minimal 3 digit kalo kate gen z","1672253163053907969","","al_viian","in","West Borneo","0","1","0","https://x.com/LorenZeus_14/status/1672253163053907969","231321893","LorenZeus_14"
"1671700282181578753","Thu Jun 22 03:29:58 +0000 2023","0","@Box2BoxBola Ga aneh.. loker masuk 70 lolos 12 dipanggil datang 5 ga ada yg bener gaji UMR plus loh.. trus mau kalan apasih ? setelah ta cari penyebabnya Gen Z fenomena. Serah kalian lah...","1671722166625398785","","Box2BoxBola","in","Kadungora, Indonesia","0","0","0","https://x.com/DiegoKlinik/status/1671722166625398785","3328310600","DiegoKlinik"
"1671709477740093441","Thu Jun 22 02:39:33 +0000 2023","3","Kinerjanya tidak mampu ngomongpun susah dan planga-plongo. Maka dikerahkan sponsor suara dari belakang untuk memperkuat suaranya itu yang di sebut 'BuzzeRp'. -Hebatnya sang pemimpin rezim telah menggelontorkan dana dari APBN sebanyak 90 M dari uang rakyat untuk gaji 'BuzzeRp'.","1671709477740093441","","","in","Gowa, Makassar Indonesia","0","0","1","https://x.com/opposite_sejati/status/1671709477740093441","1654334520093708289","opposite_sejati"
"1671697333803958272","Thu Jun 22 02:00:17 +0000 2023","0","@shafeeeeeka Kadang aku tataw apa expectations gen Z ni... Nk keje senang.. Gaji byk ke.. Work life balance la enn.. Adehhh.. Penat la cm ni marttt","1671699596987490304","","","in","","0","0","0","https://x.com/Mijah_Hamizah/status/1671699596987490304","387533622","Mijah_Hamizah"
"1671689780688748544","Thu Jun 22 01:21:16 +0000 2023","0"," actually ada yang umur tida serupa gaya juga.. senior tapi gaya gen z. Tegur sikit sentap push sikit kata toxic la gaji ciput la bagai.. hello mau naik gaji kena ada naik sales. Mana common sense kmurang?","1671689780688748544","","","in","Perth, Western Australia","0","0","0","https://x.com/fluerly_xo/status/1671689780688748544","364881292","fluerly_xo"
"1671470587284430849","Thu Jun 22 00:41:16 +0000 2023","1","@AkeemSharyzal Yup.. saya setuju. Tapi gen y dan ramai gen X pun macamtu. orang tua lagi kuat. Cuma pastu rant kat sosial tingkap setempat. Bukan media sosial. Banyak sama benanye gen X dengan gen z ni. Dedua gaji beso dedua pangkt tinggi.","1671679714875023361","","AkeemSharyzal","in","Ujong Tanah, Tanah Melayu","0","0","0","https://x.com/affandi_azhad/status/1671679714875023361","2545885045","affandi_azhad"
"1671485459661455365","Wed Jun 21 13:17:43 +0000 2023","1","@toniheru Gen Z tuntutannya banyak mbib Pen langsung kerja dan gaji 2 digit","1671507693805383680","","toniheru","in","Tmg-Yk","0","1","0","https://x.com/remarsyu/status/1671507693805383680","623534872","remarsyu"
"1671498774840238080","Wed Jun 21 12:42:17 +0000 2023","0","Banyak lah! Aku gen Z tak pernah mengeluh dari gaji kecik sampai besar! Fuck manja","1671498774840238080","","","in","Malaysia","0","1","0","https://x.com/matbitters/status/1671498774840238080","1480887733421674497","matbitters"
"1671184217072635904","Tue Jun 20 15:52:22 +0000 2023","1","sbb tu perempuan yg dapat husband mcm tu sampai ke tua stress and dah lali tapi lelakinya tak bertanggungjawab so dia sugarcoat la kata AKU OK JERRRRRRRRR GAJI 1000 ADA 10 ANAK DULU LEMBIK GEN Z NI KAWEN JE LA tapi anak anaknya ramai terabai grow up ada perasaan dendam dgn kau","1671184220860092416","","yeebliss","in","","0","1","0","https://x.com/yeebliss/status/1671184220860092416","1341289481706467328","yeebliss"
"1670956899234385920","Tue Jun 20 00:49:04 +0000 2023","0","Nak dengar lah jugak apa pendapat gen X Y nih? Korang mcm ni jugak key mase intern dulu kat company korang? Yelah gen Z ni kan dicop lembik hrmmm Best kan dpt pekerja tanpa gaji ni intern tu alasan je https://t.co/fojrD0Z9WR","1670956899234385920","https://pbs.twimg.com/ext_tw_video_thumb/1670956811070083077/pu/img/iCIqbl__6feRnCRF.jpg","","in","","0","0","0","https://x.com/Rainurin_/status/1670956899234385920","1630848190499942402","Rainurin_"
"1670675343957524480","Mon Jun 19 07:02:49 +0000 2023","3","@RajaPetra Nak rasa zaman ni. Budak budak gen z tak kan tahu. Ini zaman tun. Yaaa. Semua murah. Gaji siapa kerja kerajaan. Pangkat biasa pon 1k lebih. Ayah ak tahun 2002 gaji dah 3k lebih. Kkm jer. Time tu rm20 rgt pon banyak. Punca dia orang tengah main harga. Zaman najib start rasa teruk","1670688567377670145","","RajaPetra","in","Malaysia ,","0","3","1","https://x.com/DanteNazz/status/1670688567377670145","126602028","DanteNazz"
"1670637640637640705","Mon Jun 19 03:40:27 +0000 2023","2","DPR seharusnya mau dengar suara rakyatnya. Jangan cuma duduk manis di sofa kita sebagai rakyat juga bayar pajak kok!. Lalu yang gaji anda siapa kalau bukan dari rakyat? -Politik Parlemen sekarang suka main uang! Budeg dengan suara rakyat! -Keluhan rakyat Parlemen ketawa ha ha!","1670637640637640705","","","in","Gowa, Makassar Indonesia","0","0","2","https://x.com/opposite_sejati/status/1670637640637640705","1654334520093708289","opposite_sejati"
"1670450969958825994","Sun Jun 18 15:18:41 +0000 2023","0","Dieng Bromo Sumba Labuan Bajo Empat lokasi yg pengen gw kunjungi dlm waktu dekat. Bikin list aja dulu. Biar semangat nabungnya. Iya sisa gaji gw tuh habisnya ya utk jalan-jalan. Millennial tp ky gen Z. ","1670450969958825994","","","in","","0","1","0","https://x.com/eviariesty/status/1670450969958825994","1306858500","eviariesty"
"1670323196669870084","Sun Jun 18 06:50:57 +0000 2023","0","Sbg gen millennial yg experienced 2x internship Korg ckp gaji min 1.5k xcukup utk survive skg &amp; korg jgek org yg sama sindir gen z lembik. Xde elaun xboleh nk survive! Aku dl bla bla So skg u tell me kt mn rasional intern xperlu elaun????","1670323196669870084","","","in","","0","0","0","https://x.com/saifazamxiii/status/1670323196669870084","2807553426","saifazamxiii"
"1669954806897852417","Sun Jun 18 02:35:47 +0000 2023","2","@lilyahya57 @5M30W ah kau gen z lgtv babi. bodoh unlimited tp nk gaji ceo. aku mmg x hire intern. tp intern mari apply tu nk kire camne","1670258982269915136","","lilyahya57","in","","0","1","0","https://x.com/xaxaiage/status/1670258982269915136","1272847843603046401","xaxaiage"
"1665901012601946112","Tue Jun 06 13:29:20 +0000 2023","0","@jeffrazi Boleh je gaji tinggi tapi jagalah quality kerja gen z","1666074795304427521","","jeffrazi","in","Malaysia","0","0","0","https://x.com/RosehasnizaR/status/1666074795304427521","1059690421448626177","RosehasnizaR"
"1666014028316151808","Tue Jun 06 09:27:52 +0000 2023","1","Bagus Gen Z beramai-ramai minta gaji lebih sepadan dengan zaman sekarang. Bila2 ramai-ramai bersuara akan ada impak ","1666014028316151808","","","in","Ampang","0","0","0","https://x.com/yushanyusof/status/1666014028316151808","967351140634411009","yushanyusof"
"1665978830748803072","Tue Jun 06 07:08:00 +0000 2023","2","bukan gen Z dari zaman generasi X lagi gaji macam hauk..","1665978830748803072","","","in","","0","0","1","https://x.com/CamixIfwat/status/1665978830748803072","495856121","CamixIfwat"
"1665925727097876480","Tue Jun 06 04:23:02 +0000 2023","12","@anssxh Every gen mesti ada bad apples. Kalau cari bukti yg buruk mestilah jumpa yg buruk. Based on my experience tengok gen z kerja and even my brothers diorg sanggup kerja kuat asalkan gaji padan. Dan nampak gen z ni rajin kerja waktu cuti sek.","1665937316798660608","","anssxh","in","","0","0","1","https://x.com/yanyanzul/status/1665937316798660608","2898375350","yanyanzul"
"1665182983962128385","Sun Jun 04 16:39:29 +0000 2023","2","@KuroKurosaki90 @magmalaya @chedetofficial Gen z will not knowing about these. Yang dia org tau satuuuu Malaysia. Dia tak thu mamat pm6 tu punca jatuh duit. Mendadak. Rm50 rgt start rasa mcm 10 rgt since dia ambik alih. Zmn tun dlu tau laa. Gaji 900 beli rumah oii. Bantuan tkde pon. Bantuan org gomen jer dpt. tu tun","1665397874648072194","","KuroKurosaki90","in","Malaysia ,","1","0","0","https://x.com/DanteNazz/status/1665397874648072194","126602028","DanteNazz"
"1661186087027351554","Fri Jun 02 17:37:48 +0000 2023","1","@AsliOrangcakep @rajajeplak @pandji Asal jeplak PPSU yang mau DP 0 % gaji 4 juta di Rusun. Gen Z mana mau tinggal di Rusun. ach ngawur neh orang ‼️","1664687774459469824","","AsliOrangcakep","in","Jakarta Capital Region","0","0","0","https://x.com/TampubolonTjoki/status/1664687774459469824","1604096269399388161","TampubolonTjoki"
"1664152299919511553","Fri Jun 02 01:07:37 +0000 2023","0","@chairman_GLC Bawah tweet tu kan ada reply akaun private mengadu gen z tanya awat tak tanya consent dia nak tolak tax dekat gaji. Aku laa kann. Hm.","1664438585540644864","","chairmanGLC","in","","0","1","0","https://x.com/meinmokhtar/status/1664438585540644864","468432710","meinmokhtar"
"1664420873577848832","Thu Jun 01 23:57:14 +0000 2023","2","Kereta besar lagi sedap pandu dari kereta tempatan. Pakaian branded rata2 lagi berkualiti dan selesa dari import Shopee. Ada gaji besar boleh balas budi parents yang gigih buat 2-3 kerja. Boleh duduk rumah banglo besar bukan sewa flat. Ini yang Gen Z Gen Alpha nampak.","1664420875704344576","","naim__x","in","Kuala Lumpur Federal Territory","0","0","0","https://x.com/naim__x/status/1664420875704344576","336548567","naim__x"
"1664420873577848832","Thu Jun 01 23:57:14 +0000 2023","23","Setuju dan tak setuju. Setuju - pelbagai bidang ada peranan masing2. Penting untuk kelestarian masa depan 🇲🇾. Tak setuju - Gen Z dan Gen Alpha yang dah didoktrinkan dengan pempengaruh2 yang tunjukkan 'duit solusi masalah hidup' susah nak pilih bidang bukan gaji tinggi.","1664420873577848832","","","in","Kuala Lumpur Federal Territory","2","2","3","https://x.com/naim__x/status/1664420873577848832","336548567","naim__x"
"1664188790448222208","Thu Jun 01 19:56:34 +0000 2023","0","@worksfess Buat gen z siap2x aja byk kerjaan yg digantikan AI. Itu desain grafis skrg byk bgt diganti AI dari design poto grafis brochure sampai video top management prefer mending pake AI daripada bayar orang tiap tahun minta naik gaji alasan inflasi tp skill &amp; attitude kurang.","1664360306523656192","","worksfess","in","Jakarta ","0","0","0","https://x.com/simfonijiwa/status/1664360306523656192","99056274","simfonijiwa"
"1664188790448222208","Thu Jun 01 17:03:37 +0000 2023","0","@worksfess yaolo bener2 ya fg gen z sekarang. yg dicari udah duit bukan ilmu dan pengalaman hahaha naikin dulu value lo biar lo bisa dapet gaji sesuai kemauan lo. ini kerja blm ada pengalaman udah minta gaji gila. no salty no saltu tp pola pikir kaya lo bikin gemes","1664316785485811712","","worksfess","in","seminyak","0","0","0","https://x.com/simpananBOSmu/status/1664316785485811712","1400061113564164097","simpananBOSmu"
"1664301603753705474","Thu Jun 01 16:03:18 +0000 2023","0","hari hari bacain keluhan gen z kerja minta gaji segini segitu realitynya didunia kerja juga gitu gitu aje skillnya. skill oke jiwa mimpin dan tanggung jawabnnya kagak ada","1664301603753705474","","","in","Cursing and Cursing Everyday","0","0","0","https://x.com/kryxbby/status/1664301603753705474","1419412831","kryxbby"
"1663875475578683393","Thu Jun 01 05:03:59 +0000 2023","2","@kewongmass @worksfess true bgt sih ini kebanyakan gen z tuh pengen nya serba instan gaji gede kerjaan ringan","1664135680644247553","","kewongmass","in","","0","1","0","https://x.com/kupunyadia28/status/1664135680644247553","1640342426165608449","kupunyadia28"
"1663821641988849665","Wed May 31 08:53:52 +0000 2023","0","@MohdHakimII Kerajaan patut amek cakna dan tinggikan gaji minimum setinggi gaji pakwe gen z.","1663831145048600576","","MohdHakimII","in","","0","1","0","https://x.com/abdinsyakirin/status/1663831145048600576","482630636","abdinsyakirin"
"1663821641988849665","Wed May 31 08:52:57 +0000 2023","0","@abdinsyakirin Bagusnya bf gen Z memberi nafkah couple tinggi dari paras gaji minimum.","1663830915058122752","","abdinsyakirin","in","","0","1","0","https://x.com/MohdHakimII/status/1663830915058122752","599110542","MohdHakimII"
"1663342267657228288","Tue May 30 00:31:14 +0000 2023","0","Dulu zamannya gua intern di media gaji pertama gua 1 1jt tp entah anak gen z ini maunya paid intern digaji 1/2 dr kartap mana bawa2 almet pula. Herman","1663342267657228288","","","in","+62","0","0","0","https://x.com/yaudahlayadin/status/1663342267657228288","152171777","yaudahlayadin"
"1662804595960332288","Mon May 29 19:21:51 +0000 2023","0","@chnksht420 @GerryS @adityalesmana Yg saya maksud mental personalnya masing2 FG Kalau sudah terjun d dunia kerja Harus siap untuk masalah skill bisa diasah sambil jalan Kebanyakan gen Z mau enaknya saja Kerja ringan minta gaji gede","1663264407500234752","","chnksht420","in","Gresik, Indonesia","0","1","0","https://x.com/kentank2goreng/status/1663264407500234752","1262174260371443712","kentank2goreng"
"1662648642048790530","Sun May 28 13:47:45 +0000 2023","4","@worksfess waahh selamat nder padahal gen z gaji segitu kureng. tp kamu bahagia bangeettt jd ikut bahagiaaa patut ditiru nih sender buat gen z yg lain klo kerja gabisa langsung melesat dapet gaji gede semangat kerjanya ya nder semoga betah ","1662817939828150274","","worksfess","in","Disney ","0","0","0","https://x.com/soofan_/status/1662817939828150274","901714040166113280","soofan_"
"1662090782260727808","Fri May 26 13:38:17 +0000 2023","1","Sebab generasi ni belajar dari kesilapan millenials. Ramai sambung belajar bila kerja suasana kerja tak ngam ramai je yang berhenti buat kerja sendiri atau tukar bidang. Beza generasi dulu gaji kecik bos toxic pun bantai je kerja. Gen z ni selangkah kedepan lagi","1662090782260727808","","","in","Johor","0","0","0","https://x.com/IzzuddinSafuan/status/1662090782260727808","14969221","IzzuddinSafuan"
"1661618113627168770","Thu May 25 07:46:26 +0000 2023","0","@kegblgnunfaedh Sedikit share kmrn pernah interview dia gen Z udh nganggur arround 6month. Kita offer gaji UMR. Dengan target yg emang jobdesc dia nantinya. User udh Ok nih ternyata dia GA DATENG DONG. Alesannya mau cari yg lebih flexible waktu kerjanya. Wkwk. Mau kerja apa mau healing?","1661639847256416259","","kegblgnunfaedh","in","Japan","0","0","0","https://x.com/nellidesu/status/1661639847256416259","371336587","nellidesu"
"1661075798449872896","Wed May 24 09:43:12 +0000 2023","0","@convomfs 2 sisi loker indo: Di satu sisi nggoblok-goblokin gen z yang katanya cengeng lemah generasi gagal gak sopan dll. Di sisi lain gak Nerima pelamar usia 25-30 karena mereka udah berkeluarga (yang biasanya minta gaji lebih layak)","1661306844831420416","","convomfs","in","","0","0","0","https://x.com/zuidprinsen/status/1661306844831420416","1591969631832797184","zuidprinsen"
"1659932535005286400","Sat May 20 14:42:11 +0000 2023","0","Serius nanya itu gen z yg tiap weekend makan di cafe mahal aipong baru tiap rilis hura2 di club sm manteman selalu partisipasi si konser biar ga fomo kerjanya apa sik bingung wkwkwkwk tu gaji 600jt/bulan ape? Ngiri","1659932535005286400","","","in","Macintosh HD","0","0","0","https://x.com/ohohtama/status/1659932535005286400","42373736","ohohtama"
"1659029390741893120","Thu May 18 02:53:24 +0000 2023","11","Gen Z gaji UMR mau nabung sampe lambung luka juga gak bisa beli rumah","1659029390741893120","","","in","","0","2","1","https://x.com/ardi_tama1/status/1659029390741893120","382641814","ardi_tama1"
"1658705935475564544","Wed May 17 12:14:50 +0000 2023","10","@ariel_heryanto Pantes Sry Mulyani pernah bilang Anak2 Generasi Z dan gen milieal sulit beli rumah dan punya properti gaji anak gen Z dan milineal habis hanya untuk hal2 yg saya rasa ini semua kebutuhan tersier.","1658808290925772801","","ariel_heryanto","in","","0","0","0","https://x.com/nprb_/status/1658808290925772801","53582835","nprb_"
"1658671881522741249","Wed May 17 08:29:25 +0000 2023","2","@yd1vva46 @galaxyofgemini @calciumchloerid Sama kek boomer maruk beli property buat dijual lagi katanya buat investasi. Trus yg bagian beli gen z gaji umr padahal butuh banget rumah. Kira2 perumpamaanya sama kek gitu kali ya.","1658751564000153602","","yd1vva46","in","","0","1","0","https://x.com/Ririru63196995/status/1658751564000153602","1167341027234996224","Ririru63196995"
"1658654826308464640","Wed May 17 06:12:17 +0000 2023","0","@litbabysugar @sozis_kanpler @ewhkaris @tanyakanrl Kata siapeeee wkwkwkwkwk Kebanyakan gen z tu manja2. Minta gaji tinggi nol pengalaman","1658717051064815618","","litbabysugar","in","Rome, NY","0","1","0","https://x.com/pinkishgrass_/status/1658717051064815618","1095658889670868994","pinkishgrass_"
"1657270529001426944","Sat May 13 06:24:24 +0000 2023","0","Ini bikin aku mikir jangan2 aku belum menikmati dunia kerja ya? Atau tuntutanku sebagai gen z yg pengen kerja enak gaji gede yg keterlaluan? Yaaaah meskipun gajiku gak gede juga sih sekarang Atau waktunya cari kerja di jogja aja? Curi2 dengar yg berujung pergolakan batin","1657270548559446018","","NaufalHusain","in","","0","1","0","https://x.com/NaufalHusain/status/1657270548559446018","788532024","NaufalHusain"
"1656497389115691008","Thu May 11 23:39:08 +0000 2023","0","@ameiyasss Penyakit gen z. Ngejar gaji minim skill","1656806174552100864","","ameiyasss","in","Champagne Supernova","0","0","0","https://x.com/naisyuuu/status/1656806174552100864","1392135724380540928","naisyuuu"
"1656297290691411968","Wed May 10 16:00:14 +0000 2023","1","@Heraloebss Tiap daerah m ada kyk gini cmn ga berani speakup karena hidup mereka dari gaji apa lg guru pns banyak gaji ditahan per 3 bulan kebanyakan duitnya di sekolahin dlu klo dh beranak bru dibayar","1656328300376252416","","Heraloebss","in","Engelberg, Switzerland","0","0","0","https://x.com/GenZ3T/status/1656328300376252416","1257249470623801345","GenZ3T"
"1655855903592304642","Tue May 09 08:43:06 +0000 2023","2"," akak kenapa bagi gaji kami banyak beno. Macam mane nak kaye? kalau nak kaye kene jahat kak Ape prinsip lah budak kerja aku ni. Hahahahahhaha. Kerja dengab gen z ni seronok for energy..","1655855903592304642","","","in","","0","0","0","https://x.com/ana94azi/status/1655855903592304642","2328825229","ana94azi"
"1655025729950871555","Sun May 07 01:44:17 +0000 2023","1","Read the reply and i cant see anyone agree with this statement.. Tahun ke 3 jd orang yang iv &amp; appoint bebudak gen Z nie keje..survival critical iniciative thinking adalah 3/10 yang lulus..yang lain kelaut..semua nak spoonfeed..belum part gaji nak banyak tp nak keje macam bigbos","1655025729950871555","","","in","Malaysia ","0","0","0","https://x.com/cecipotcenonit9/status/1655025729950871555","836644837","cecipotcenonit9"
"1654651459806564352","Sat May 06 00:57:04 +0000 2023","0","ia knp ya kita ga kaya kaya? Padahal gaji gen Z udah UMR Munchen tiap hari ke warkop beli V6 ingat juga kalo maksi harus sama sushi/ramen ternyata BKN gaya hidup gem z yg bikin miskin tp karena inflasi ","1654651459806564352","","","in","Garut, Indonesia","0","0","0","https://x.com/puuplicenemy/status/1654651459806564352","778485054","puuplicenemy"
"1654316644918005760","Fri May 05 05:21:11 +0000 2023","120","@helmyyelmo @ConfessionLocal Sorrylah. Most of the Gen Z tidakleh survive kalau ditimpa kesusahan seperti ini. Ingat ada satu kali alumni universiti bekerja sapu sampah kat Singapore. Gen Y jawab boleh je kerja as sapu sampah sebab gaji mahal kat sana Gen Z mulalah jawab mengada2 and kata xleh survive.","1654355537281314816","","helmyyelmo","in","Kuala Lumpur City, Kuala Lumpur Federal Territory","3","6","19","https://x.com/asnurul_97/status/1654355537281314816","874266051650871297","asnurul_97"
"1654161147371593728","Thu May 04 16:28:45 +0000 2023","0","Salah satu Cara supaya pak Prabowo bisa menang dan meraup suara dari gen milenial dan gen Z adalah naikkan gaji admin @Gerindra Xixiixi... Juara juara juara","1654161147371593728","","","in","","0","0","0","https://x.com/PenikmatEsTeh1/status/1654161147371593728","1251443852524707841","PenikmatEsTeh1"
"1653013254493605889","Mon May 01 12:27:26 +0000 2023","0","pgn s2 tp gw jg mau punya gaji dan hidup sendiri biar kayak adiml estetok. huf pilihan hidup yg sulit untuk gen z.","1653013254493605889","","","in","","0","0","0","https://x.com/tasgsc/status/1653013254493605889","1525320762772422656","tasgsc"
"1653003042407735296","Mon May 01 11:46:51 +0000 2023","0","Ketegangan berlebihan bikin Gen Z jadi lebih stres dari generasi lainnya. Salah satu penyebabnya yaitu ketidakstabilan kondisi ekonomi dalam beberapa tahun terakhir ketidakamanan dalam pekerjaan gaji tidak sesuai sampai gelombang PHK yang merajalela. Kalian setuju gak nih⁉ https://t.co/iciyhWpCue","1653003042407735296","https://pbs.twimg.com/media/FvCla3ZaAAINh-5.jpg","","in","Gd. Perintis Kompas Gramedia","0","0","0","https://x.com/MOTION975FM/status/1653003042407735296","87161862","MOTION975FM"
"1652865349472354304","Mon May 01 02:39:42 +0000 2023","0","gaji umr gen Z + sandwich ortu gapunya sama sekali aset harta. dasar aku si miskin","1652865349472354304","","","in","","0","0","0","https://x.com/_dannys_/status/1652865349472354304","961586359","_dannys_"
"1652477878737723393","Sun Apr 30 01:00:02 +0000 2023","1"," Susah ya kerja brg gen z belum apa udh nanya gaji. Giliran kerja gak ada inisiatif samsek. Bakal kerja keras kalo dia mood kalo gak yaudah","1652477878737723393","","","in","Indonesia","0","7","0","https://x.com/tanyakanrl/status/1652477878737723393","1331650559518990336","tanyakanrl"
"1651779345105719297","Fri Apr 28 02:44:19 +0000 2023","1","deep down jujur agak benci sih ama gen z gaji so so fresh grad tp maksa buat branded. sheesh..","1651779345105719297","","","in","","0","0","0","https://x.com/chikachihuahuaa/status/1651779345105719297","2444678737","chikachihuahuaa"
"1651461897563299841","Thu Apr 27 05:42:53 +0000 2023","0","Kerja di lembaga negara (bukan BUMN dan PNS) gini tanggung jawabnya besar workloadnya banyak dan harus siap ditempatkan dimana pun. BUMN aja loadnya banyak banget ga punya tim pula. Ga ada yang instan yaaa Gen Z! Capek sumpah liat tl keluhin gaji mulu.","1651461897563299841","","","in","","0","1","0","https://x.com/luthfiew/status/1651461897563299841","76302079","luthfiew"
"1651395872922697729","Thu Apr 27 01:24:05 +0000 2023","0","@jogmfs Early 20 gen Z Besaran gaji beberapa kali lipat UMR diy Tabungan tuh sekitar 40% gaji 20% gaji dana darurat Gada rencana nikah krn gamau","1651396765659324417","","jogmfs","in","where to find u?","0","1","0","https://x.com/sarjanatrauma/status/1651396765659324417","399400160","sarjanatrauma"
"1650729779770056709","Wed Apr 26 08:55:15 +0000 2023","0","@yean_jean @GoDisko Gaji brpa pun Eiger ttp di hati bisa pakai ngantor dan naik gunung 5 tahun lebih pakai Eiger masih awet","1651147918991294464","","yean_jean","in","Engelberg, Switzerland","0","0","0","https://x.com/GenZ3T/status/1651147918991294464","1257249470623801345","GenZ3T"
"1651045794362060801","Wed Apr 26 04:20:29 +0000 2023","0","@18fesss Tiap gajian selalu abis jg keknya masuk red flag deh trus ibunya jg redflag. Dah lah leave nder WKWK. Ini bkn sebatas masalah nominal gaji dia dia g bs kelola duit ga konsisten nuntut hal yg dianya aja ga ngelakuin","1651078770118500352","","HumanGenZ","in","","0","0","0","https://x.com/HumanGenZ/status/1651078770118500352","1356123041432932354","HumanGenZ"
"1650329975185358848","Mon Apr 24 05:01:15 +0000 2023","0","@worksfess yang gaji 1 atau 2 digit belom mampu beli rumah mobil dsb karna duit gaji dibeliin buat tiket kongser nder. karna bahwasanya gen z duitnya abis buat konser","1650364256611860487","","worksfess","in","","0","0","0","https://x.com/popink_666/status/1650364256611860487","1525187481733599232","popink_666"
"1649610011352657920","Sat Apr 22 03:04:09 +0000 2023","0","Gen Z be like: *ga bole nanya soal pacar* *ga bole nanya kerja dimana* *ga bole nanya gaji* *ga bole nanya kapan nikah* *ga bole nanya kapan punya anak* : Dek? : Iya tante? : Btw adek tau ndak ... air kelapa itu tu masuknya dari mana ya?? Gitu kali ya ...","1649610011352657920","","","in","Blitar, Jawa Timur","0","0","0","https://x.com/nasir_noise/status/1649610011352657920","392786946","nasir_noise"
"1648530403337338882","Wed Apr 19 03:34:11 +0000 2023","1","Selera humor antar generasi itu beda mau boomer X milenial aplg ke gen Z. Aku nyadarnya jg d kantor ketika gap itu ketara bgt klo lg berinteraksi. Kyk becandaan masalah jodoh gaji bhkn menjurus ke tempat tidur aku aja yg milenial ndak bs terima jokes receh (sampah) klo","1648530403337338882","","","in","","0","1","0","https://x.com/2k80525/status/1648530403337338882","4848950326","2k80525"
"1648509529431379969","Wed Apr 19 02:11:14 +0000 2023","0","Jangan kaget apabila kerja dengan Gen Z (gak pati effort tpi merasa paling di pressure) gaji minta tinggi Dikit-dikit ngetweet sambat Gak semua sih","1648509529431379969","","","in","","0","0","0","https://x.com/albustomiiii/status/1648509529431379969","841145179","albustomiiii"
"1648182386365190148","Tue Apr 18 04:31:17 +0000 2023","0","Punya anak itu bukan pilihan tp dipilih Gen z okb atau menengah atas ngehe apalagi karyawan gaji mepet umr yang suka hina orang miskin yang anaknya banyak itu belum ngerasain aja sulitnya buat dapat anak Milih childfree mah bebas aborsi dan pingin punya anak itu beda soal","1648182386365190148","","","in","","0","0","0","https://x.com/about_ftp/status/1648182386365190148","126858795","about_ftp"
"1646883061878104064","Fri Apr 14 14:28:14 +0000 2023","0","serem amat dunia kerja wkwk kerjanya bareng gen z semua pula pokoknya kerja cuma mau enaknya doang mau gaji gede bonus gede tp challenge sedikit","1646883061878104064","","","in","","0","1","0","https://x.com/snnblume/status/1646883061878104064","1407031488","snnblume"
"1646711121204883456","Fri Apr 14 10:32:16 +0000 2023","0","@siomayikanenak @worksfess Iya mereka aja susah kebeli apalagi gen z coba gaji umr mengkis2 cukup aja udah bersyukur","1646823681719693314","","jaeminsiomay","in","","0","1","0","https://x.com/vyrlkkk26/status/1646823681719693314","1446078910781816833","vyrlkkk26"
"1646773226989850625","Fri Apr 14 07:11:47 +0000 2023","0","Bosen gue narasi milenial dan gen z ga punya rumah lah diprediksi tahun blabla kesulitan beli rumah. Yaa menurut kalian yang ngasih statement itu kenapa alasannyaa heyy Gaji ga seberapa harga rumah dah kek di new york","1646773226989850625","","","in","Avonlea, Saskatchewan","0","0","0","https://x.com/nr_tika/status/1646773226989850625","501631758","nr_tika"
"1646423727184269312","Fri Apr 14 05:21:21 +0000 2023","1","@detikcom @detiksumut_ Kayaknya sih ya untuk gen Z masa depan d negri konoha sdh suram apalagi d tambah dgn d sahkan ya Undang2 cipata kerja tampa ambyar masa depan anak2 negri ini.. Biaya luliah tambah mahal tamat kuliah gaji UMR dan biaya hidup makin tinggi sdh bagus emang kerja dan menetap d luar","1646745433736364033","","detikcom","in","Negri Yg Subur Dan Makmur","0","0","0","https://x.com/ukhtielya/status/1646745433736364033","1118818741570064384","ukhtielya"
"1645809783235309568","Wed Apr 12 02:51:20 +0000 2023","0","@TheUsopIbrahim Dia mcm gaji laki dia tetap sama komitment kena maintain sama. sbb next increment kena tambah dkt isteri . Ni sume Gen Z punya mindset? If Gen alpha nnt entah apa dia demand. gen Y xda mindset ni kn?","1645982907268476928","","TheUsopIbrahim","in","Kota Bharu, Kelantan","0","0","0","https://x.com/alfaizhilmi/status/1645982907268476928","1427704916","alfaizhilmi"
"1643602034082578434","Wed Apr 05 13:10:36 +0000 2023","0","Pada aku janna nick cakap tu betul. Dari aku teenage even until now im still hustling. Gen Z and millennial mmg xleh nk kje keras xleh kne torture they expect easy money. Dorang expect gaji 5K tapi nk kje 9-5PM pastu dpt weekend pastu dapat holiday oversea. WTF?","1643602034082578434","","","in","Malaysia","0","0","1","https://x.com/fiasophyII/status/1643602034082578434","835524283","fiasophyII"
"1643072094329241600","Tue Apr 04 05:05:21 +0000 2023","2","@glrhn Yah itulah gen z bang magang harus gaji setara umr dan engga boleh dikasih tupoksi kerja. Kalo dikasih beban kerja dikit langsung ngerasa kerja paling berat trus kalo udah diangkat pegawai tetap gajinya mau langsung 2 digit kalo engga jelek2in perusahaan deh di twitter","1643117528871469057","","glrhn","in","Nomaden","0","0","0","https://x.com/renutomoo/status/1643117528871469057","242284485","renutomoo"
"1641638949759373313","Fri Mar 31 03:10:00 +0000 2023","0","cw: gaji Guys disini ada yg kerja di Makassar? Kira2 range income utk gen z (13-22 th) ama gen y (23-32) itu berapa ya? work! https://t.co/TSgwWKAMNt","1641638949759373313","https://pbs.twimg.com/media/FshFFE6aMAQOv0W.jpg","","in","","0","1","0","https://x.com/worksfess/status/1641638949759373313","1244597361826885636","worksfess"
"1640627277594599425","Wed Mar 29 23:30:21 +0000 2023","7","@Indra_EMC @bgenkstatham @kompascom Sama persis kyk gaji Guru di pemda negara konoha dari atas udah cair sampai di pemda ditahan 3 bulan baru dibayar usut punya usut ternyata di depositoin dlu biar berbunga bunganya yg dimakan","1641221286490669061","","Indra_EMC","in","Engelberg, Switzerland","0","0","0","https://x.com/GenZ3T/status/1641221286490669061","1257249470623801345","GenZ3T"
"1640899006456033281","Wed Mar 29 08:14:12 +0000 2023","0","@yogiadiprasetya @pejabrut @PNS_Ababil Makaud Poin no.5 bagaimana sih pak penjelasannya? apakah yg blm serdos dan non pns utk guru/dosen dapat 50% gaji?","1640990730704265217","","yogiadiprasetya","in","Engelberg, Switzerland","0","0","0","https://x.com/GenZ3T/status/1640990730704265217","1257249470623801345","GenZ3T"
"1640590031537737736","Tue Mar 28 17:55:00 +0000 2023","1","@SyedSaddiq Tambahan juga generasi muda memang kekurangan masa. Kalau YB lihat gen z sekarang kena ambil 2-3 kerja untuk menampung kos sara hidup. Kalau dulu satu gaji mencukupi (Breadwinner) Nak bina kehidupan pun tak mampu YB. Nak sara anak atau luangkan masa dengan family xde masa","1640774504820654080","","aniquus","in","Kuala Lumpur City","0","1","0","https://x.com/aniquus/status/1640774504820654080","4214995394","aniquus"
"1640546758592991232","Tue Mar 28 05:00:28 +0000 2023","1","@worksfess Gen Z ya? hadeh. bisa2nya kesiangan malah ijin ga masuk. kesiangan = murni kesalahan lu sendiri nder perusahaan mana peduli masih baik tu atasan lu ngasih keringanan masuk jam 10 pulang lebih lama ngegantiin keterlambatan lu di perusahaan lain mah no kecot lgsg potong gaji.","1640579586978377731","","worksfess","in","Bekasi, Indonesia","0","1","0","https://x.com/rrrrrran9/status/1640579586978377731","3097505724","rrrrrran9"
"1640343282835402752","Mon Mar 27 13:21:29 +0000 2023","0","Buset dah. . . Pada pamer gaji dari 2 jt ampe 5 jt gua aj yang kerjanya kek serasa jalan² dapet *** per hari kadang *** perhari belum sama pasif income gk perse tinggi anda kawan Belum juga selesai makan buset udah pada pamer HP Camera BOBA gen Z emang beda.","1640343282835402752","","","in","","0","0","0","https://x.com/DecoDropbox/status/1640343282835402752","1551644472446189568","DecoDropbox"
"1638798020417576962","Thu Mar 23 07:01:10 +0000 2023","2","Apa iya Gen Z jadi generasi paling stress di tempat kerja? Mulai dari tekanan atasan sampai gaji yang nggak sesuai load kerja. Kamu yang termasuk Gen Z gimana nih pendapatnya? Coba yuk sharing di Komunitas JobStreet! https://t.co/PB0740NKY4","1638798020417576962","","","in","","0","0","0","https://x.com/JobStreetcom/status/1638798020417576962","112674312","JobStreetcom"
"1638708958587412480","Thu Mar 23 01:07:16 +0000 2023","0","Gen Z bekerja but nak gaji 5k perangai. Kbye","1638708958587412480","","","in"," KCH-KL","0","0","0","https://x.com/ChrisEnteri/status/1638708958587412480","2615787482","ChrisEnteri"
"1637347055021744129","Sun Mar 19 06:55:33 +0000 2023","0","Gen Z dan Gaji Fantastis di Dunia Kerja https://t.co/QoPcTUPSYG #HLKompasiana","1637347055021744129","","","in","Indonesia","0","0","0","https://x.com/kompasiana/status/1637347055021744129","23786106","kompasiana"
"1637269880549576709","Sun Mar 19 01:48:53 +0000 2023","1","Gen Z dan Gaji Fantastis di Dunia Kerja https://t.co/hISJsFvJxE","1637269880549576709","","","in","Indonesia","0","0","0","https://x.com/kompasiana/status/1637269880549576709","23786106","kompasiana"
"1637170063433412608","Sat Mar 18 20:43:08 +0000 2023","5","@txtdarigajelas 1995 liatin Gen Z Freshgrad banding bandingin gaji sama orang yg Udah 5 tahun Berkarir wkwkkw","1637192936420175873","","alessaoncrypto","in","Jakarta Capital Region","0","0","0","https://x.com/kdlaipilihan/status/1637192936420175873","777855138","kdlaipilihan"
"1637048885205168128","Sat Mar 18 11:10:43 +0000 2023","0","True story seorang Gen Z berkata Milenial ko hpnya android padahal gaji kan 22 juta. Gue gaji 13 bisa beli. Makanya nabung jangan boros. Menej uangnya ga bener ","1637048885205168128","","","in","Indonesia","0","1","0","https://x.com/h_aristocrat/status/1637048885205168128","37207148","h_aristocrat"
"1636340303291637760","Fri Mar 17 15:23:56 +0000 2023","0","@worksfess Jadi ada jg cwo yg ga masalahin gaji cwe sebenernya tp kan ada masalah selanjutnya yaitu pihak keluarga cwe","1636750221421203465","","HumanGenZ","in","","0","0","0","https://x.com/HumanGenZ/status/1636750221421203465","1356123041432932354","HumanGenZ"
"1636340303291637760","Fri Mar 17 15:21:28 +0000 2023","0","@worksfess Aku cwo menurutku mslh gaji emang itu sensitif bagi cowo makanya kebanyakn minder. Walopun s cwo dah nurunin ego ikhlas bakal ada mslh slnjtnya yaitu dr pihak keluarga cwe. Adanya perbedaan status sosial dan ekonomi tsb yg membuat cwo berpikir 2x sih. Ini opiniku sih yaa","1636749597669486592","","worksfess","in","","0","1","0","https://x.com/HumanGenZ/status/1636749597669486592","1356123041432932354","HumanGenZ"
"1636360936473903109","Thu Mar 16 13:37:04 +0000 2023","0","sudahlah gaji gak seberapa tidak ada kepastian jabatan karena salah ucap bisa langsung dipecat. Gimana gen Z mau jadi guru kalau begini ? #guru","1636360936473903109","","","in","Belakangmu","0","0","0","https://x.com/suhadamaulanaa/status/1636360936473903109","2266073264","suhadamaulanaa"
"1635967437492596736","Wed Mar 15 14:24:41 +0000 2023","162","@ARSIPAJA @ridwankamil Ngeri ga takut apa ya sama rakyat yg nangis berdoa sama tuhannya. padahal kan di gaji sama rakyat","1636010535341948928","","ARSIPAJA","in","Engelberg, Switzerland","0","1","7","https://x.com/GenZ3T/status/1636010535341948928","1257249470623801345","GenZ3T"
"1635618027394977793","Wed Mar 15 03:30:09 +0000 2023","0","@worksfess sepik sok2 nanya padahal mau ngasih tau ke org2 klo gajinya udah 2 digit. iya nder iya gajimu 2 digit cm kamu di Indo yg gajinya 2 digit yg lain UMR ahaha masa gaji segitu ga tau apa itu pph 21 pura2 tolol untuk meroket bau2nya gen Z nih.","1635845813913137154","","worksfess","in","","0","2","0","https://x.com/riobeha/status/1635845813913137154","308971453","riobeha"
"1635156238517567489","Tue Mar 14 11:50:26 +0000 2023","0","@worksfess gen z mulu yg kena emg situ boomer sm milenial kl awal kerja ga sama bego juga? kl ada yang gabisa/salah tuh AJARIN YANG BENER GAUSA MERASA PALING TAU SEGALANYA KITA JUGA BELAJAR DISINI SAMA MINTA GAJI AJA BELAGU!","1635609328479801345","","worksfess","in","","0","0","0","https://x.com/jwayjo/status/1635609328479801345","1364212351197569026","jwayjo"
"1635156238517567489","Mon Mar 13 08:37:38 +0000 2023","0","@worksfess Temen curhat punya bawahan gen Z.. Disuruh kerja banyak ngeluhnya.. Maunya gaji banyak lembur gamau sambat mulu ","1635198419475263490","","worksfess","in","Jakarta Capital Region","0","0","0","https://x.com/joehelmiy/status/1635198419475263490","144086531","joehelmiy"
"1634326401779388417","Fri Mar 10 22:52:33 +0000 2023","2","Karyawan (Gen Z) Betah Bekerja Tanpa Naik Gaji Bisakah? https://t.co/blPLUIrOox #HLKompasiana","1634326401779388417","","","in","Indonesia","0","0","1","https://x.com/kompasiana/status/1634326401779388417","23786106","kompasiana"
"1634222433988390912","Fri Mar 10 16:21:21 +0000 2023","0","@loliends iniiiiiii!! aku triggered bgt baca2 keluhan gen z soal kantor toxic lah kerja cm ambil gaji aja lah. makin sok iyeh bocah2 ni pdhl bisa aja dianya sendiri yg toxic wkwk. basa basi diblg munafik sosialisasi diblg ga pntg ntr sambat knp hidupnya gada temen. bocil2 edan","1634227955521183744","","loliends","in","221B","0","0","0","https://x.com/nabilafrlsyh/status/1634227955521183744","341305157","nabilafrlsyh"
"1634059315941380096","Fri Mar 10 05:11:14 +0000 2023","0","Karyawan (Gen Z) Betah Bekerja Tanpa Naik Gaji Bisakah? https://t.co/YbSsgF8w22","1634059315941380096","","","in","Balikpapan Indonesia","0","0","0","https://x.com/Vicksigit/status/1634059315941380096","149159233","Vicksigit"
"1634043197302382594","Fri Mar 10 04:07:11 +0000 2023","2","Karyawan (Gen Z) Betah Bekerja Tanpa Naik Gaji Bisakah? https://t.co/xN4AcPcEiu","1634043197302382594","","","in","Indonesia","0","0","2","https://x.com/kompasiana/status/1634043197302382594","23786106","kompasiana"
"1633640993450004481","Thu Mar 09 01:51:46 +0000 2023","0","@ForevaETH Tumblr starbak isi air putih dengan gaji 6jt adalah jalan ninja gen z.","1633646728569294849","","ForevaETH","in","","0","1","0","https://x.com/titikmulainft/status/1633646728569294849","1132523801953021952","titikmulainft"
"1633428543937060868","Wed Mar 08 11:24:47 +0000 2023","0","Nok mak ni dikira gen z ke ek? Kira la ek . Tp aku mana la tahu nok nk buat2 ads / boost2 post semua tu . Gue bukannya degree in marketing kalau taknak hire marketing . Naikkan la gaji ku sbb mcm semua department je aku buat ni ","1633428543937060868","","","in","Malaysia","0","1","0","https://x.com/Farhananaziraa_/status/1633428543937060868","429761859","Farhananaziraa_"
"1633166501003001856","Tue Mar 07 18:03:31 +0000 2023","0","Ngeliatin bapak bapak salty-in gen Z di twitter krn gen Z nya bilang profesinya media social specialist Tp profesi jaman skrg emang ada yg namanya begitu bkn ya &amp; range gaji yg disebutin si anak gen Z itu emang udah standar ga sih","1633166501003001856","","","in","","0","0","0","https://x.com/accrossdunivrse/status/1633166501003001856","105737517","accrossdunivrse"
"1633085861767311361","Tue Mar 07 12:43:05 +0000 2023","0","Boomer yg gak ngebolehin anak muda punya pekerjaan gampang gaji gede ini udah kebangetan sinting kalo pake logika beliau-beliau ini gen z juga maunya harga rumah tapak gak mahal &amp; buaya hidup murah anjenggg tolol bgt jadi orang","1633085861767311361","","","in","tamduk","0","0","0","https://x.com/cha0ticsage/status/1633085861767311361","582261918","cha0ticsage"
"1632949575920017415","Tue Mar 07 03:41:32 +0000 2023","0","Bukan Gaji Ini Pertimbangan Utama Gen Z Mencari Pekerjaan Menurut Survey https://t.co/FIIhpXLKDb","1632949575920017415","","","in","Malang, Jawa Timur","0","0","0","https://x.com/tugumalang_id/status/1632949575920017415","535213390","tugumalang_id"
"1625120990018813953","Mon Feb 13 13:13:31 +0000 2023","0","Gen Z itu emang beda dari yang lain ya gimana gak beda udah kerja tapi gaji gak cukup","1625120990018813953","","","in","Bogor, Jawa Barat","0","2","0","https://x.com/ciminah_/status/1625120990018813953","622759128","ciminah_"
"1624801502593417221","Sun Feb 12 16:04:00 +0000 2023","2","Baik golkar nasdem pks dan pkb memiliki visi misi yang sama.. indahnya kebersamaan bangga sama ketum kita @airlangga_hrt #airlanggahartarto #golkarindonesia #الهلال_ريال_مدريد Gen Z naik Fortuner sen diri hasil gaji first job #نهائي_كأس_العالم_الأندية https://t.co/fAXwZa4DuI","1624801502593417221","https://pbs.twimg.com/ext_tw_video_thumb/1624801374985928704/pu/img/poKnE_fkFzlUjl3q.jpg","","in","","0","0","0","https://x.com/__CalonPresiden/status/1624801502593417221","1587117744151236608","__CalonPresiden"
"1624640786917904385","Sun Feb 12 07:02:50 +0000 2023","1","@worksfess Freelance aja gaji udah segitu masih aja iri cape bgt gua liat keluhan2 gen Z ini","1624665313961988097","","worksfess","in","","0","0","0","https://x.com/GuyofDecency/status/1624665313961988097","1238911153998147585","GuyofDecency"
"1623996022182789126","Sat Feb 11 05:12:06 +0000 2023","0","@dashinexxxxxxxx @bedakanmana @wegrowup2gether @flawerbottle @worksfess bacot gen z ngelamar gaji umr aja banyak syarat kosan lu tuh bayar setan jgn pilih2 kerjaan","1624275058754752513","","","in","Jakarta Capital Region","0","1","0","https://x.com/levyd90/status/1624275058754752513","1323945676963639298","levyd90"
"1624056757210255361","Fri Feb 10 14:44:39 +0000 2023","0","Effortnya dikit tapi mau gaji banyak pencerminan yang amat sangat sempurna buat gen z","1624056757210255361","","","in","batas suci","0","0","0","https://x.com/thefavoritisj/status/1624056757210255361","1294273745557716994","thefavoritisj"
"1623261568917188608","Wed Feb 08 10:04:51 +0000 2023","0","Gen Z atau anak muda mana suaranya? Vote yuk! Apa yang kalian lakukan saat menerima gaji pertama?","1623261568917188608","","","in","Jakarta Capital Region","0","0","3","https://x.com/idx_channel/status/1623261568917188608","4755284968","idx_channel"
"1622729568825266176","Mon Feb 06 22:50:52 +0000 2023","0","kerja freelance dengan gaji yang ngk nentu apalagi kerja ngadep laptop kerja dimanapun bisa. anak gen z kek gua putusin wfh dibilang enak gk ya enakin aja. mau sambat kemana ? https://t.co/DM87rObUKM","1622729568825266176","https://pbs.twimg.com/media/FoUX8CIaAAEIxth.jpg","","in","Pekalongan Barat, Indonesia","0","0","0","https://x.com/anwarssgf17/status/1622729568825266176","1494882078810247168","anwarssgf17"
"1621665389104209920","Sat Feb 04 05:54:44 +0000 2023","0","@adhitnotadit Di pemerintahan emang gak digaji sedih banget yak Gen z sama millennials emang udah lebih aware sama kesehatan mental. Tapi banyak yang menyalah artikan malah jadi maunya kerja dikit gaji enak : )","1621749073819869184","","noungging","in","","0","0","0","https://x.com/kochengcimoet/status/1621749073819869184","985307117073547264","kochengcimoet"
"1621483737467994114","Sat Feb 04 03:37:02 +0000 2023","1","@worksfess Pfffff di Indonesia masih susah utk nyari kerja lulusan S2 krena perusahaan ga berani bayar gajinya walaupun udah pengalaman sekalipun. Klo mau cri kerja saran diperusahaan asing minimal mereka fair utk pembayaran gaji. Jadi dosen pun jg sama gajinya ga gede2 bgt","1621714420513796096","","worksfess","in","Engelberg, Switzerland","0","0","0","https://x.com/GenZ3T/status/1621714420513796096","1257249470623801345","GenZ3T"
"1621515234895855618","Fri Feb 03 14:25:32 +0000 2023","0","generation gap kerasa bgt yak. boomers ke atas blak2an bgt nanya gaji gen z ke bwh mingkem rapet ngomongin gaji","1621515234895855618","","","in","데이식스 & 1박2일 enthusiast","0","1","0","https://x.com/outerzpacex/status/1621515234895855618","975673759741902848","outerzpacex"
"1621463759892922369","Fri Feb 03 11:01:00 +0000 2023","0","Kami mengumpulkan 4 orang gen Z untuk ditanyakan mengenai nominal gaji yang mereka harapkan. Penasaran jawaban mereka? Yuk tonton selengkapnya di video ini! https://t.co/bcNK6ESkS0","1621463759892922369","","","in","Tangerang, Indonesia","0","0","0","https://x.com/PurwadhikaClass/status/1621463759892922369","794021953392836608","PurwadhikaClass"
"1621451910049071104","Fri Feb 03 10:13:55 +0000 2023","0","Cie nanti gabisa dong yaa anak gen z nanya pendapat ke netizen lewat fess tentang keputusan hidup mereka lagi. Aku abis begini menurut kalian aku harus gimana? Gue f24 punya gaji X menurut kalian bagusnya invest apa? Gua punya durian belum matang matanginnya gimana ya? ","1621451910049071104","","","in","Jakarta","0","0","0","https://x.com/AdilaLega/status/1621451910049071104","1067060187020779521","AdilaLega"
"1621374794792050689","Fri Feb 03 05:07:29 +0000 2023","0","Bener-bener yah bbrp gen Z sekarang kalau pas minta gaji atau ngingetin sesuatu ke owner cuma balas P doang. Anj*ng gak ada sopan-sopannya. Minimal kasih tau yg sopan atau pakai bahasa yg bener. Misal maaf pak gimana dengan BLA BLA blanya. Gak punya skill kelakuannya Ya Allah","1621374794792050689","","","in","Paris, France","0","1","0","https://x.com/hasanardisetiaw/status/1621374794792050689","72252024","hasanardisetiaw"
"1620833470787485696","Wed Feb 01 17:16:27 +0000 2023","0","Punya temen kerja Gen Z udah tau gaji minim kalau di bilangin smart manajemen keuangan aja biar cukup malah ngebantah alasannya self reward atas jerih payahnya tapi kalau mau akhir bulan gak ada uang malah jual diri alesan tuntutan hidup ngerri dah..","1620833470787485696","","","in","indonesia","0","0","0","https://x.com/fathulmunir50/status/1620833470787485696","2949956047","fathulmunir50"
"1620673775451906048","Wed Feb 01 06:41:57 +0000 2023","0","Gaji yang tidak sesuai menjadi alasan mayoritas gen Z di Indonesia ketika ingin mengundurkan diri dari pekerjaannya. Kalo alasan lo sendiri apa sob?","1620673792732459008","","GoodStatsid","in","Indonesia","0","0","0","https://x.com/GoodStatsid/status/1620673792732459008","1455891922300456968","GoodStatsid"
"1620313682432622598","Tue Jan 31 06:51:01 +0000 2023","1","waaah Berbakti kepada orang tuaaa &lt;3 53.4% Gen Z memberikan gaji pertama mereka ke orang tua. https://t.co/rOATthbKqf","1620313687474208773","https://pbs.twimg.com/media/FnyCe8paMAEtPRm.jpg","JakpatApp","in","INDONESIA","0","1","0","https://x.com/JakpatApp/status/1620313687474208773","2545540788","JakpatApp"
"1620313682432622598","Tue Jan 31 06:51:00 +0000 2023","2","Gaji pertama terkadang hal istimewa bagi seseorang untuk pertama kalinya mereka mendapatkan uang dari hasil kerja keras mereka. Apa yaa yang dilakukan Gen Z saat mendapatkan gaji pertama mereka? https://t.co/fEahn3Qayw","1620313682432622598","https://pbs.twimg.com/media/FnyCK3iaMAAiVVn.jpg","","in","INDONESIA","0","1","0","https://x.com/JakpatApp/status/1620313682432622598","2545540788","JakpatApp"
"1620306028549246976","Tue Jan 31 06:20:35 +0000 2023","0","Mungkin memang buat entry level (fresh graduate) atau memang dikhususkan karena target pasarnya generasi muda (i.e millenial atau gen z) dan biasanya gaji yang ditawarkan cukup untuk hidup sendiri bukan menghidupi keluarga.","1620306028549246976","","","in","","0","0","0","https://x.com/friedtempeh/status/1620306028549246976","959758219546472448","friedtempeh"
"1620282639587639296","Tue Jan 31 05:48:57 +0000 2023","63","@p0kem0nsedih Ceweku pernah bilang gini : Gen Z emang beda kerja dikasi gaji yang pantas tiba2 beberapa hari ga ada kabar ga ada kerjaan masuk dihubungin gak bisa.. dicariin ga ditanggepin sama sekali.. kereeeeeeeen.","1620298065449193473","","p0kem0nsedih","in","Yogyakarta, Indonesia","0","1","2","https://x.com/AndyHuskyyy/status/1620298065449193473","1134854001827041281","AndyHuskyyy"
"1616314995985510402","Sat Jan 21 01:27:38 +0000 2023","0","@worksfess Sering2 k psikolog bosnya..sambil nyari solusi juga jaga kewarasan otak..ngadepin gen z susah2 gampang..itulah kerjaan leader krn lu d gaji gede..w jg punya downline gen z semua freshgrad dan pindah unit dr yg bkn bidang dia..komit bareng bahwa kita sdg BELAJAR..","1616608424070123521","","worksfess","in","","0","0","0","https://x.com/DobleU8808/status/1616608424070123521","1606253363980828672","DobleU8808"
"1616314995985510402","Fri Jan 20 23:50:25 +0000 2023","2","@isenggantinama @worksfess tapi si gen z ini gaji pengen disamain sama 2 orang yg udah berpengalaman. 2 orang itu juga punya task dan deadline sama tapi gak bermasalah. malahan kena imbas musti back up gawean si gen z jadinya ","1616583958627749888","","isenggantinama","in","Nazarick","0","0","0","https://x.com/fauzi_kun/status/1616583958627749888","522040819","fauzi_kun"
"1616314995985510402","Fri Jan 20 16:29:24 +0000 2023","0","@worksfess Ini yang gw rasain sekarang gen z ini bener2 tobat gw ngadepin nya kerjaan gak beres di nasehatin ngebantah sering gak masuk males mau nya gaji full terus kayak yang senior bgsat emang. Tau diri dikit ngapa dah? Emosi bat gw","1616472974928007168","","worksfess","in","Everywhere","0","0","0","https://x.com/linlidya/status/1616472974928007168","283506276","linlidya"
"1616314995985510402","Fri Jan 20 14:55:52 +0000 2023","0","@worksfess tuntutan 5 artikel sehari itu mayan sadis sih tapi ini fg sableng selain ngejelekin reputasi gen z lu juga ngejelekin reputasi orang dengan mental illness ya anjing kalo lu merasa beban ya negosiasi bukan main kabur aja mana pake nuntut gaji alah kmpret","1616449436514910214","","worksfess","in","世界という地獄","0","0","0","https://x.com/rysanthel/status/1616449436514910214","105747960","rysanthel"
"1616314995985510402","Fri Jan 20 10:54:28 +0000 2023","5","@maapsambat @worksfess Kantor gw dah 4x hire Gen Z magang di gaji UMR. 2 perform dgn baik 2 lg kek gini suka ilang2an","1616388685901238272","","","in","","0","0","0","https://x.com/StayCoolButFart/status/1616388685901238272","1291261047492374528","StayCoolButFart"
"1616314995985510402","Fri Jan 20 10:09:52 +0000 2023","0","@worksfess Omg ternyta mental anak gen Z dalam kerjaan rata-rata begini sama kayak genZ dikantorku ngeluh kerjaan mulu dan minta naik gaji mulu pdhal jam kerja Netflix mulu","1616377464296726528","","worksfess","in","Indonesia","0","0","0","https://x.com/Shining_ria/status/1616377464296726528","1452302931177390087","Shining_ria"
"1616276687339261952","Fri Jan 20 03:34:12 +0000 2023","0","Gw juga ngerasain kok kerja dari 0 gaji kecil juga pernah megang banyak desain juga pernah. Sampe akhirnya gaji di atas umr setelah 3 tahun. Bedanya atasanku baik. Baik banget itu yg bikin aku betah. Jadi kalo dikira gen z gapernah ngerasain gaji kecil ya pikir lagi deh.","1616277891352006657","","reytenstiel","in","","0","0","0","https://x.com/reytenstiel/status/1616277891352006657","1075756612822933504","reytenstiel"
"1616087527248777216","Thu Jan 19 14:57:46 +0000 2023","1","Pntesan ini gen z nya kabur. Disuruh Multi tasking tapi gaji cuma 1 org. Gw baca thread mbanya dan jelek2in gen z aja udh aneh.","1616087527248777216","","","in","Cikarang, Indonesia","0","0","0","https://x.com/feifeicfyarthur/status/1616087527248777216","948848221","feifeicfyarthur"
"1615239337184223233","Thu Jan 19 13:47:46 +0000 2023","1","@revinavt_ Pantes lah gen z nya kabur. Kyknya semua gen bakal kabur kalo di suruh kerja rodi tp gaji part time","1616069910534447106","","revinavt_","in","+62 '99","0","0","0","https://x.com/jelliepudding/status/1616069910534447106","1331018184451756032","jelliepudding"
"1616030106102960129","Thu Jan 19 11:09:36 +0000 2023","0","Gen Z ini baru kenalan nanya umur terus nanya udh nikah apa blm skrg nanya gaji wkakwkw kocak","1616030106102960129","","","in","Indonesia","0","0","0","https://x.com/opeeeeel/status/1616030106102960129","166089284","opeeeeel"
"1615875116956807168","Thu Jan 19 10:55:02 +0000 2023","2","@dewapuci Setuju gue termasuk gen Z. Tapi gue tipe yang harus jaga attitude dan kerja keras itu wajib. Walau gue tipe perasa tapi kalo emang teguran itu buat gue biar ga salah lagi gue terima. Malahan gue tuh lebih suka dpt gaji berapapun nominalnya ketimbang matok gaji.","1616026442361626626","","dewapuci","in","","0","0","0","https://x.com/kuoziuii/status/1616026442361626626","1615801968299245569","kuoziuii"
"1616000164703133697","Thu Jan 19 09:10:37 +0000 2023","0","Kantor gue banyak gen z anak-anaknya pinter pinter dari orang lapangan sampai yang di kantor. Jadi gue percaya kalo ga tertarik pasti kerjaannya ga sebanding sama gaji gak kaya generasi millennials di kantor gue (termasuk gue) yang kebanyakan workaholic aja emang sukak disiksa.","1616000164703133697","","","in","","0","0","0","https://x.com/Yo9Yolo/status/1616000164703133697","1503203042623033344","Yo9Yolo"
"1615938013430960128","Thu Jan 19 05:45:43 +0000 2023","0","@BOKEMTappei Gen Z emang beda kerja dikasi gaji yang pantas tiba2 beberapa hari ga ada kabar ga ada kerjaan masuk dihubungin gak bisa.. dicariin ga ditanggepin sama sekali.. kereeeeeeeen.","1615948599162204160","","WOODZvers","in","","0","1","0","https://x.com/BOKEMIwanaga/status/1615948599162204160","788319138494021632","BOKEMIwanaga"
"1615852975393738752","Thu Jan 19 04:34:07 +0000 2023","0","gen z emang beda kerja dikasi gaji yang pantas tiba2 beberapa hari ga ada kabar tapi lagi onok duit gak njilih satus","1615930580780331008","","an_narchy","in","","0","0","0","https://x.com/an_narchy/status/1615930580780331008","906477191046635520","an_narchy"
"1615691209644834816","Thu Jan 19 02:24:07 +0000 2023","11","@angewwie Beda donk. Kantor ane terima kerja yg 20 taonan tanpa pengalaman. Rata2 masuk telat. Sering absen. Maunya gaji tinggi. Fasilitas ini itu. Belum interview aja uda nanya gaji duluan... disuruh dtg interview dulu baru di nego gajinya ga mau. Ya ga semua gen Z si tapi banyakan begitu","1615897864844242944","","angewwie","in","","1","9","2","https://x.com/Emaicia/status/1615897864844242944","179487282","Emaicia"
"1615239337184223233","Thu Jan 19 00:57:24 +0000 2023","0","@revinavt_ Bener sih Gen Z saya pernah interview anak baru belum apa apa udah nanya gaji di kantor berapa? Pas liat kinerja kerjanya di zona nyaman langsung di cut","1615876043046555649","","revinavt_","in","plat D","0","0","0","https://x.com/lamlenik/status/1615876043046555649","1581934728810098688","lamlenik"
"1615530921662500866","Wed Jan 18 23:52:15 +0000 2023","1","@worksfess Coba tanya ke diri sendiri dulu bisa ga ya gw kuat dgn job desc kek gitu dan gaji segitu? atau kalo gw begini temen gw oke ga ya? Belajar jgn judge gen z begini gen z begitu krn generasi lain jg ya sama aja. Balik lg ke orgnya.","1615859647604457472","","worksfess","in","Jakarta Capital Region, Indone","0","0","0","https://x.com/_vauste/status/1615859647604457472","1017007737836748800","_vauste"
"1615691209644834816","Wed Jan 18 23:09:58 +0000 2023","151","@Fadlyas2 @4jenou @angewwie Bukan digaji selangit kak tp gaji itu udah ada standarnya makanya pemerintah tiap tahun bikin list upah minimum. Tp kebanyakan jangankan fg non fg aja bahkan ga dpt upah minimum. Gue bukan gen z tp emang zaman skrg tuh dunia kerja makin miris.","1615849005342404608","","Fadlyas2","in","","0","4","1","https://x.com/ginnyohgini/status/1615849005342404608","1476733025274634247","ginnyohgini"
"1615239337184223233","Wed Jan 18 19:24:51 +0000 2023","0","@revinavt_ GW gen Z tapi gw juga bingung sm orang yang milih kerja sesuai passion tapi mau langsung kerja enak gaji gede. Dan laki trus mendambakan hidup tenang bisa healing /jalan . Aneh kadang gw juga sm temen- temen gw padahal nyari kerja susah MasyaAllah ","1615792354358857729","","revinavt_","in","tanggerang","0","0","0","https://x.com/MonicaHerdila/status/1615792354358857729","2380281692","MonicaHerdila"
"1615239337184223233","Wed Jan 18 17:03:55 +0000 2023","165","@revinavt_ Lu sanggup gaji berapa emgnya dgn requirement produce konten sebanyak itu? Gausa ngeluh2 gen z ga becus lo aja kali yg ga mampu bayar banyak KOL mangkanya nyari celah pake part-time","1615756887185846273","","revinavt_","in","","1","0","15","https://x.com/cloudofsm0ke_/status/1615756887185846273","1343084351886483457","cloudofsm0ke_"
"1615734390243614723","Wed Jan 18 15:41:02 +0000 2023","0","@tomyumanget Fafifuwasweswos soal karakter gen z tapi kalo gak ngasih jobdesc dan gaji yang worthy ya sama aja romusha sih‍️","1615736028727480320","","tomyumanget","in","Gotham & Old Trafford","0","0","0","https://x.com/adnardn/status/1615736028727480320","59987088","adnardn"
"1615721906233290755","Wed Jan 18 14:44:58 +0000 2023","0","Jadi kalo mbak nya nawarin kerja ke gen z trus dia cabut berarti emg perusahaan lo gaada value nya bagi gen z. Gaji engga contentment gaada stress iya. Rest my case.","1615721917960564736","","runic0dds","in","ID","0","0","0","https://x.com/runic0dds/status/1615721917960564736","304408377","runic0dds"
"1615721906233290755","Wed Jan 18 14:44:55 +0000 2023","0","Jadi gini mbak yg gue liat gen z itu banyak yg rasional. Orang abis dpt gaji trus kabur artinya ga puas kerja disitu. Ga puas gimana? Pertimbangan gen z rerata gue liat temen gue bukan cari gaji terutama &amp; emg ga punya loyalitas tinggi.","1615721906233290755","","","in","ID","0","1","0","https://x.com/runic0dds/status/1615721906233290755","304408377","runic0dds"
"1615712423767609345","Wed Jan 18 14:07:14 +0000 2023","0","Suka heran sendiri sama gen z ini ada yg part time graphic design baru masuk sehari besoknya izin sakit dan nggak ngabarin sampe sekarang. Ada juga yg fulltime sales baru masuk sehari besoknya langsung resign gaji dan kerjaan padahal masih wajar loh.","1615712423767609345","","","in","","0","0","0","https://x.com/yourakka/status/1615712423767609345","1638020845","yourakka"
"1615239337184223233","Wed Jan 18 14:04:40 +0000 2023","1","@revinavt_ Pernah dong sudah konfirm diterima jadi karyawan diijinkan minta waktu kuliah online gaji sepakat. Eh pas besoknya mesti mulai si gen Z kirim WA mengundurkan diri krn baru dapat jadwal kuliah dan bentrok dg jam kerja. Kalo masih kuliah padet ya jangan lamar kerjaan Tong","1615711776582303746","","revinavt_","in","a nice place to hide","0","0","0","https://x.com/lu_lu_cute/status/1615711776582303746","150678497","lu_lu_cute"
"1615710320340893698","Wed Jan 18 13:58:53 +0000 2023","0","LITERALLY BINGUNG SAMA GEN Z. GEN Y DIKASI GAJI SESUAI EKSPEKTASI AKAN BERJUANG GIMANA CARANYA BS BERTAHAN MINIMAL BERTAHAN PROMOSI URUSAN BELAKANGAN. GEN Z? TBTB RESIGN ON THE SPOT!! HATS-OFF PGN GUE GAMPAR MKSDNYA ","1615710320340893698","","","in","Jakarta Capital Region","0","0","0","https://x.com/iamyoel_/status/1615710320340893698","80328090","iamyoel_"
"1615239337184223233","Wed Jan 18 13:29:46 +0000 2023","0","@revinavt_ Gue sebagai gen z mengakui hal itu saat gue kerja pertamakali dengan gaji dibawah umr banyak dijulidin","1615702991075696641","","revinavt_","in","","0","0","0","https://x.com/Aniffauziah_/status/1615702991075696641","2491335799","Aniffauziah_"
"1615239337184223233","Wed Jan 18 12:18:00 +0000 2023","0","@revinavt_ gua juga gen Z tapi pas sebelumnya kerja emang digaji under umr kota d bdg tapi alhamdulillah sekarang side job jaga toko koprasi kopassus lumayan buat jajan² yang notabennya ga jauh dari gaji waktu kerja pertama kali dan beban kerja sesuai. Ini emang sendernya lagi apes aja","1615684933233836033","","revinavt_","in","","0","0","0","https://x.com/opixygen/status/1615684933233836033","1104523964406149120","opixygen"
"1615239337184223233","Wed Jan 18 12:02:11 +0000 2023","0","@revinavt_ Same here used to worked with Gen Z di treat baik di cariin gaji bulanan eh di tinggal begitu saja pake ngejelek2in pula padahal udah dikasih solusi win-win not all of them like that but most yes","1615680950767345670","","revinavt_","in","","0","0","0","https://x.com/TimurWota/status/1615680950767345670","1300068655770644485","TimurWota"
"1615607488698802177","Wed Jan 18 11:54:05 +0000 2023","0","@AlvChrist yg pnting mah ngatain gen z dulu hdhh tebak gaji","1615678914315300864","","AlvChrist","in","bkerja di pt mncari cnta sjati","0","0","0","https://x.com/cutiepaylater/status/1615678914315300864","1365306722714226692","cutiepaylater"
"1615239337184223233","Wed Jan 18 08:52:16 +0000 2023","6","@revinavt_ Ga semua gen z jelek. Tp emg generasi ini unik Sulit utk fokus &amp; sabar sm proses apalg capai target krn idup di jaman serba instant. Maunya gampang &amp; comfort buat dirinya. Susah minta maaf &amp; selalu merasa berhak . Padahal gue yg gaji tp gue yg ga enak. Hehe ","1615633159332466688","","revinavt_","in","","0","1","1","https://x.com/csdris/status/1615633159332466688","1383696155066863622","csdris"
"1615626194254458880","Wed Jan 18 08:24:36 +0000 2023","2","Gen Z itu gak butuh gaji layak mereka butuh diiyain aja teus bilang makasih ke mereka gak apa2 ngelunjak yg penting bisa digaji murah Pengalaman","1615626194254458880","","","in","","1","0","0","https://x.com/TTermada/status/1615626194254458880","1344228600002723840","TTermada"
"1615239337184223233","Wed Jan 18 06:38:47 +0000 2023","8","@revinavt_ Ak yg gen z yang kerjanya bela belain lembur sampe jam 11 gak dikasih uang lemburan rela nombok kalo duit setoran kurang rela ditelfon hari minggu buat kerjaan nangis liat ini. Padahal gaji umr aja engga. Yang dapet kerjaan proper malah seenaknya HADEHHHHH KENAPA G ADIL ","1615599565855510528","","revinavt_","in","","0","2","0","https://x.com/lightaboo/status/1615599565855510528","1288894136204972032","lightaboo"
"1615239337184223233","Wed Jan 18 06:28:14 +0000 2023","0","@revinavt_ Wanjir ane pas seumuran gen z malah ga terlalu mikirin gaji cuman dan do the best di office alhasil bos di kantor ga enakan ama gw dan gaji gw selalu dapat bonus dan kenaikan gaji. Beberapa tahun tiba tiba gw cabut malah dikasih pesangon","1615596908806045698","","revinavt_","in","Batam","0","0","0","https://x.com/Ramdonn/status/1615596908806045698","240144576","Ramdonn"
"1615588592470097920","Wed Jan 18 05:55:11 +0000 2023","2","Buat Gen Z kalau mau cepet financial freedom: 1. Rajin nabung dan press bgt pengeluaran. Usahain tabungan minimal 50% dari Gaji. 2. Jangan jadi pengiri dengki kalaupun iri sama orang itu dijadiin motivasi buat sukses bukan menjatuhkan. 3. Kerja Keras dan punya side job/usaha.","1615588592470097920","","","in","Jakarta Capital Region, Indone","0","0","1","https://x.com/Rizkihadi/status/1615588592470097920","139315638","Rizkihadi"
"1615588174541250561","Wed Jan 18 05:53:31 +0000 2023","0","Faktanya ya kayak gitu punya rekan kerja bawahan Gen Z minta naik gaji dipromosiin udah minta ini itu udah di minta ngerubah kebiasaan buruk dijalanin. Gak berapa lama balik lagi bad Habits nya ditegur baik Pdahal berkesan gak Terima.Finally gw capek dan sorry to say cut off","1615588174541250561","","","in","Jakarta Capital Region, Indone","0","0","0","https://x.com/martabak_teelor/status/1615588174541250561","1303242240827953152","martabak_teelor"
"1615239337184223233","Wed Jan 18 05:03:54 +0000 2023","1","@revinavt_ Generasi diatasnya susah bgt nyari kerja padahal emg mereka mau kerja karena buat hidup eh malah gen z leha2 mau gaji gede. Suruh nyoba bikin usaha sendiri bisa mati kali krn problemnya banyak","1615575689243267073","","revinavt_","in","Jakarta Capital Region, Indone","0","0","0","https://x.com/grindandslide/status/1615575689243267073","1429233139730190336","grindandslide"
"1615553169811202049","Wed Jan 18 03:34:25 +0000 2023","3","Gaji Tak Sesuai Alasan Utama Gen Z Resign dari Tempat Kerja https://t.co/3d72tG8xiA","1615553169811202049","https://pbs.twimg.com/media/FmuY9x8aUAAZ_Pg.png","","in","Jakarta Capital Region","0","1","0","https://x.com/DataindonesiaId/status/1615553169811202049","1405348002101792772","DataindonesiaId"
"1615503177742442496","Wed Jan 18 00:48:21 +0000 2023","0","@ellyaqul Aku sih terkadang miris lihat gen z yg sering lihat medsos masalah kerjaan atau pengen gaji gede tapi giliran ga kerja nyalahin pemerintah","1615511376151334912","","ellyaqul","in","","0","1","0","https://x.com/andrariez/status/1615511376151334912","99267253","andrariez"
"1615253979562401799","Tue Jan 17 07:45:33 +0000 2023","0","Menurut survei JakPat mayoritas Gen Z berencana resign dari tempat kerjanya jika gaji tidak sesuai dengan job desc mereka. https://t.co/wjncEQEUzr","1615253979562401799","","","in","","0","0","0","https://x.com/databoksid/status/1615253979562401799","1316329680396451841","databoksid"
"1615239337184223233","Tue Jan 17 06:47:22 +0000 2023","11733","Gen Z emang beda kerja dikasi gaji yang pantas tiba2 beberapa hari ga ada kabar ga ada kerjaan masuk dihubungin gak bisa.. dicariin ga ditanggepin sama sekali.. kereeeeeeeen.","1615239337184223233","","","in","Jakarta Selatan, DKI Jakarta","1544","803","2198","https://x.com/revinavt_/status/1615239337184223233","1101912533923848192","revinavt_"
"1615138329183551489","Tue Jan 17 00:54:55 +0000 2023","0","@ranahhitamku Klean kaum gen Z menganggap Ipon itu sebagai icon kesuksesan ya...? Belum tau harga beras dan susu anak sih.. Gw gaji 2 digit aja beli HP di atas 4 jt kok rasanya syng bngt","1615150639293829121","","","in","","0","0","0","https://x.com/pengamat_ikan/status/1615150639293829121","1432154872527286276","pengamat_ikan"
"1613911296969441282","Sat Jan 14 04:22:32 +0000 2023","0","@Mochacyno @FWBESS Survey kepuasan penerimaan gaji bagi Gen Z di Platform Twitter Kira2 gini judul publikasinya ri ","1614115723835740162","","Mochacyno","in","","0","0","0","https://x.com/TahuTahuBulat1/status/1614115723835740162","1334276228665155585","TahuTahuBulat1"
"1613912258035474432","Sat Jan 14 04:16:51 +0000 2023","0","@AlterBaymax @pnsdaerahjelata @PNS_Ababil Kalo gue sih percaya gen Z mau jadi Pns tetangga gue ada kok jam stengah 8 pergi ngabsen jam 9 udah dirumah ngeDota sore balik lg buat ngabsen Bisa jalanin hobby dan punya gaji tetap kata dia cari kerjaan dimana yg bisa gitu Gaji kecil? Perjadin dan mark up solusinya","1614114297046786049","","AlterBaymax","in","","0","0","0","https://x.com/yoga_cstcst/status/1614114297046786049","514372791","yoga_cstcst"
"1614087654903271424","Sat Jan 14 02:30:59 +0000 2023","0","Gen Z mau kerja di pemerintahan karena khawatir banyak startup mati trus kaget gaji di pemerintahan kecil. ","1614087654903271424","","","in","Themyscira","0","1","0","https://x.com/napuspita/status/1614087654903271424","59013475","napuspita"
"1612811835048357888","Wed Jan 11 19:41:13 +0000 2023","2","@Baituha1 @akhirnyamati @worksfess Ekspektasi semua orang kayaknya itu bang.. Tapi ga gen z ga gen o.. Bukan masalah gaji si.. Tapi sistem filter hrdnya.. Banyak advrts lowongan persyaratan pake embel embel frsh graduate .. Tapi waktu face to face hrd malah keluar kata pengalaman ","1613259757179260929","","Baituha1","in","Depok, Jawa Barat","1","1","0","https://x.com/naiizguy/status/1613259757179260929","1145083999439560704","naiizguy"
"1612868001627537409","Tue Jan 10 17:44:31 +0000 2023","0","Gen z masalah kek gini dibelain browsing coba kalo disuruh kerja di riil life...Kek monyet salah melulu ga mau googling cuma peduli nerima gaji fix mindset anjing https://t.co/kSgxXnhL7C","1612868001627537409","https://pbs.twimg.com/media/FmIO5RqaYAEIzFN.jpg","","in","Bali, Indonesia","0","0","0","https://x.com/temanfutsalku/status/1612868001627537409","4493888533","temanfutsalku"
"1612446594527363072","Tue Jan 10 08:57:27 +0000 2023","0","@junipramudya @aprillagagah07 @pwedychx @lloronabelle_06 @tanyarlfes Iya Gen Z goblok yang mau gaji gede tapi lemot kerjanya","1612735357946310661","","reweljewel","in","Bali, Indonesia","0","0","0","https://x.com/temanfutsalku/status/1612735357946310661","4493888533","temanfutsalku"
"1611317699497570307","Fri Jan 06 11:04:11 +0000 2023","0","I cannot lah working with Gen Z Semua bende nak jadikan issue simple things suka complicate kerja nak senang then komplen all day. Pastu demand kt boss nk gaji 5k Tiap hari okay ..tiap hari!!!!!!","1611317699497570307","","","in","Malaysia","0","0","0","https://x.com/nurzhee/status/1611317699497570307","901768986","nurzhee"
"1609900162264236032","Mon Jan 02 13:11:23 +0000 2023","0","2023 - harapan bahawa gaji fresh grad new worker diselaraskan berdasar tahap kelayakan pendidikan. Even though majikan merungut mengatakan fresh grad no experience but malaysian economic never say that !! As a gen Z we truely suffer due to rising economic opr and so on","1609900162264236032","","","in","","0","0","0","https://x.com/Quoteforlyfees/status/1609900162264236032","1559475930015625216","Quoteforlyfees"
"1607666237311705089","Tue Dec 27 09:14:34 +0000 2022","2","VIDEO: Bukan Gaji Gen Z Pilih Ini Saat Kerja https://t.co/qtWclq8Cr1","1607666237311705089","","","in","Jakarta","0","0","0","https://x.com/liputan6dotcom/status/1607666237311705089","47596019","liputan6dotcom"
"1607344124608548869","Mon Dec 26 11:54:36 +0000 2022","0","Alasan gen Z tidak bisa punya rumah sendiri bukan karena gaji UMR tapi karena aset tanahnya di beli Mixue semua.","1607344124608548869","","","in","","0","0","0","https://x.com/tsumitobachi_/status/1607344124608548869","3325335252","tsumitobachi_"
"1606380242196697099","Fri Dec 23 20:13:13 +0000 2022","0","Mana gaji masih banyak yg dibawah UMP ya makin males lah millenial sama gen z kebawah buat segera nikah WKWKWKWK Zaman udah berubah prinsip banyak anak banyak rezeki jadi gak berlaku lagi. Kalau emang prinsipnya masih berlaku ngapain pemerintah galakkin program KB?","1606382441043988480","","eliseclorence","in","agak mepet Jakarta","0","0","0","https://x.com/eliseclorence/status/1606382441043988480","260731804","eliseclorence"
"1605556877219074049","Wed Dec 21 13:32:43 +0000 2022","1","Aku yg tahu semua gaji ni pun xrasa nak expose. Please la gen Z don t discuss ur salary/benefit with ur colleagues","1605556877219074049","","","in","Malaysia","0","0","0","https://x.com/najiha_aqila/status/1605556877219074049","3146487543","najiha_aqila"
"1605116961322672129","Tue Dec 20 09:03:38 +0000 2022","2","@paviastrevi @oddashell @worksfess Lebih baik dapet gaji Rp5.000.000/bulan daripada Z$ 5.000.000/bulan","1605126768490602497","","vinnynitya","in","Indonesia","0","1","0","https://x.com/lucubgtygy/status/1605126768490602497","1572828746922729473","lucubgtygy"
"1603743738311819264","Fri Dec 16 13:32:27 +0000 2022","0","Anak milenial &amp; gen Z itu resistence-nya nggak sekuat boomer boomer itu rela tiap hari macet-macetan jkt-bogor berangkat shubuh-pulang malem bertahun tahun mungkin 10 tahun lebih. Gaji kecil kerjaan bosenin tapi ya hidup tuh begitu..","1603744866847969281","","BegadangPagi","in","Tangerang, Indonesia","0","1","0","https://x.com/BegadangPagi/status/1603744866847969281","1719157729","BegadangPagi"
"1603562013019369475","Fri Dec 16 01:36:45 +0000 2022","0","@sbyfess Semoga km bukan kyk anak gen Z kebanyakan ngalah itu bukan berarti kalah mengerjakan yg bukan jobdesk selama masih rasional itu bisa jadi upgrade diri dan bisa jadi nilai tambah kalau mau promosi jabatan. Selama gaji msh sesuai dan dekat dengan rumah boleh diperbesar sabarnya.","1603564755918000129","","sbyfess","in","location unknown","0","0","0","https://x.com/asunebiru/status/1603564755918000129","1137306941607141377","asunebiru"
"1603375288989421568","Thu Dec 15 13:03:52 +0000 2022","1","gen z maunya kerja nyantai bahkan rebahan tapi gaji atau income gede","1603375288989421568","","","in","","0","0","0","https://x.com/akbarbaikk/status/1603375288989421568","1312032592821055489","akbarbaikk"
"1603264441575170048","Thu Dec 15 05:43:24 +0000 2022","0","Salah satu kenapa banyak gen Z jadi kutu loncat karena pengen cepet2 punya gaji dua digit ini efek dari flexing sosial media sih.","1603264441575170048","","","in","","0","0","0","https://x.com/Sarjanakpu2/status/1603264441575170048","4738465226","Sarjanakpu2"
"1602674048751714304","Wed Dec 14 08:14:24 +0000 2022","39","@rahayukikinw @txtdrakuntansi @txtdrlinkediin Bener ini yg ditulis krna ga semua orang bisa dapat kantor yg nyaman (gaji dan fasilitas) serta pengembangan karyawan baik realita faktornya PHK kontrak tidak diperpanjang kantor pailit kebakaran huru-hara banjir bandang gempa bumi ..","1602940054116372480","","kikinarahayu","in","Engelberg, Switzerland","0","1","0","https://x.com/GenZ3T/status/1602940054116372480","1257249470623801345","GenZ3T"
"1602544716251246593","Wed Dec 14 01:12:25 +0000 2022","0","@JagalMedia @hwanggya @Guru_PNS @Poconggg Balik lagi realita nya Gaji dan Honornya cukup atau tidak? Faktanya tidak","1602833857191227397","","JagalMedia","in","Engelberg, Switzerland","0","0","0","https://x.com/GenZ3T/status/1602833857191227397","1257249470623801345","GenZ3T"
"1602671791268564997","Tue Dec 13 14:28:25 +0000 2022","0","Ada apa sih dgn sebagian besar anak2 gen Z attitude kok kyk bnyk yg kureng . Ga ada sungkan2nya sama Bos blm sebln kerja ga kerasan minta pindah blm apaan tiba2 nentuin sndri lokasi kerja pdhl udah di suruh tunggu pas di panggil pake minta naik gaji ","1602671791268564997","","","in","","0","0","0","https://x.com/shasacewegagah/status/1602671791268564997","71725199","shasacewegagah"
"1602304420036739072","Mon Dec 12 14:08:37 +0000 2022","0","gue bkn gen z yg gaji 2 digit oriented tp kyknya gue paham knp mrk mikir kyk gini. soalnya gue hampir tiap hari ditanya kok km ga masuk bank aja gajinya gede loh harus masuk BI staff aja gajinya bisa 2 digit kerja media kecil gajinya jgn lama disana DIEM SIH GOBLOK","1602304420036739072","","","in","Jakarta Timur, DKI Jakarta","0","1","1","https://x.com/nessassarry_/status/1602304420036739072","1397024694","nessassarry_"
"1601970069235728385","Mon Dec 12 06:50:00 +0000 2022","0","@hallonabella @tanyarlfes Onok ae tingkah gen z. Gaji 1 digit ae mengkis2 iki golek e","1602194038068809728","","hybelllls","in","Banyuwangi - Malang Te Amo ♡","0","1","0","https://x.com/silvinkrtkas/status/1602194038068809728","975094387","silvinkrtkas"
"1602166187164831744","Mon Dec 12 04:59:20 +0000 2022","0","Cara pencari loker menarik minat gen Z: Gaji tinggi tunjangan besar Bisa kerja sambil rebahan ","1602166187164831744","","","in","","0","0","0","https://x.com/jakrujak/status/1602166187164831744","1363511374286970882","jakrujak"
"1601970069235728385","Sun Dec 11 20:59:29 +0000 2022","0","@tanyarlfes bocil gen Z gini amat astaga pemikirannya gaji jadi redflag gw penasaran cewek model gimana yg nulis pengen suami yg bergaji 2digit ini. secantik apa dan sepantas apa sampe sampe brani ngebacot gini semoga masnya dapet jodoh cewek lain deh justru elu yg langsung jadi redflag","1602045427091922944","","tanyarlfes","in","","0","0","0","https://x.com/DeadHeatD/status/1602045427091922944","1137153038022348802","DeadHeatD"
"1601939094904668162","Sun Dec 11 13:56:57 +0000 2022","0","Kocak nih Gen Z yg udah nikah terus an pake alesan urus anak lah nganter istri lah... Gue ga peduli ya dg rumah tangga lu kalo lu telat dg alasan urus rumtang lu sama aja lu anggep MEREKA NGEBEBANIN? Dikasih enak hari kerja di kurangin gaji full masih aja alesan.","1601939094904668162","","","in","Valheim","0","1","0","https://x.com/unsaintedperson/status/1601939094904668162","90870447","unsaintedperson"
"1601140851417444352","Sat Dec 10 01:52:47 +0000 2022","1","@tanyakanrl anak gen z yg baru fresh graduate dom jekardah masih ajaaaa ngeluh teman ak f24 kerja udah jadi menejer. ak msih staff dgn gaji hampir 2 digit. gmn yeaa tolong liat. LIAT.","1601394466308657152","","tanyakanrl","in","Kota Surabaya, Jawa Timur","0","0","0","https://x.com/dinidpl/status/1601394466308657152","288668810","dinidpl"
"1601165898240647168","Fri Dec 09 10:44:33 +0000 2022","0","Cara Gampang Budgeting Gaji Untuk Milenial dan Gen Z Baca Selengkapnya : https://t.co/xNhoz2j55a","1601165898240647168","","","in","Jakarta Timur, DKI Jakarta","0","0","0","https://x.com/milenianews_/status/1601165898240647168","1361585153357737985","milenianews_"
"1600696367403630592","Thu Dec 08 03:38:48 +0000 2022","1","gen z ribut pengen gaji 2 digit ng sby masio umk 4.5 mayoritas org gajine ng ngisor iku kabeh dibawah 4 malah ditambah sabtu jek melbu. sg gaji 2 digit ketok akeh soale sering flexing online sg di bawah umk meneng.","1600696367403630592","","","in","","0","1","0","https://x.com/kmarsellino/status/1600696367403630592","1115638751600861185","kmarsellino"
"1600145817477603331","Wed Dec 07 15:35:16 +0000 2022","0","@worksfess Gue kasih tau ya lo gaji guru honorer yg udah kerja lebih dari 2 tahun berpengalaman 3 tahun lebih. Dan lo tau gajinya? Ga nyampe umr jogja. Umr jogja lo tau brapa? Gue harap lu gen z diem gausah banyak ngeluh. Bersyukur.","1600514284605300737","","worksfess","in","Kota Surabaya, Jawa Timur","0","0","0","https://x.com/dinidpl/status/1600514284605300737","288668810","dinidpl"
"1600145817477603331","Wed Dec 07 07:22:35 +0000 2022","0","@worksfess Anak gen z kayaknya mandang jabatan banget ya? Aku dan temen² justru malah bodo amat sama jabatan yg penting gaji besar kerjaan sesuai tanggungjawabnya nya enak gak terlalu berat yg penting isi rek tiap bulan bisa nambah atau /thn bisa ditarget.","1600390296344309761","","worksfess","in","Sleman, Indonesia","0","0","0","https://x.com/egac_oktavelia_/status/1600390296344309761","2997716562","egac_oktavelia_"
"1600145817477603331","Wed Dec 07 00:29:13 +0000 2022","46","@D00WAB @worksfess Gue gen z tp gue realistis baru lulus 2 thn aja udh minta level top level management aja udh gangotak minta gaji gede tp feedback nol. Dikit2 insekur tai anjing tp gamau berkembang aduh","1600286270915153921","","","in","","0","0","1","https://x.com/cagitudeh/status/1600286270915153921","1538096888855281664","cagitudeh"
"1599757992437895169","Mon Dec 05 14:27:01 +0000 2022","0","@luminouSciros @withoutchy @KuningNash @worksfess Bener bgt. Aku tinggal di jkt pusat gaji umr bisa saving 1.5-2jt/bulan apalagi kalo gaji 2 digit seharusnya udah punya apart sih.","1599772336034836485","","luminouSciros","in","Indonesia","0","0","0","https://x.com/lucubgtygy/status/1599772336034836485","1572828746922729473","lucubgtygy"
"1599763274920525828","Mon Dec 05 13:51:01 +0000 2022","0","Rang2 ini pada kenapa sih gaji 15jt tapi meraza kurang bilang hidup dah sederhana. Ga ngerti sama gen Z gaji 15 jt tinggal sendiri masig aja berasa kurang @marimassachet","1599763274920525828","","","in","Bogor, Jawa Barat","0","1","0","https://x.com/sudiandoyoVaVic/status/1599763274920525828","238964448","sudiandoyoVaVic"
"1598693356334641153","Fri Dec 02 15:14:08 +0000 2022","3","@localrkyt Penat dengan setengah gen z yg masok keje terus nak gaji SM padahal experience pun takde. Bila dah bagi kerja dia on off pulak.","1598697026249969664","","localrkyt","in","","0","0","0","https://x.com/txhyungvi/status/1598697026249969664","394419334","txhyungvi"
"1598119657877123072","Thu Dec 01 00:59:52 +0000 2022","0","selamat pagi generasi millenial dan gen z yang lagi mungkin overwhelming sama keinginan bos atau keinginan sendiri tapi gaji kemarin kayak cuma fatamorgana https://t.co/8Icf7zIDyp","1598119657877123072","https://pbs.twimg.com/media/Fi2pWzdVQAAUFEn.jpg","","in","Local 🔞 NSFW ","0","2","1","https://x.com/DAVIKAexp/status/1598119657877123072","1584009912459239424","DAVIKAexp"
"1596000844176326656","Fri Nov 25 09:27:50 +0000 2022","0","@muhamadhariz_ Tulah pasal. If budak tu Gen Z maybe boleh begrudgingly maafkan but if millenials and above mmg patut kena pelangkung. Dasar lupa sejarah betul.","1596073162147794945","","muhamadhariz_","in","Malaysia","0","0","0","https://x.com/yuffiesilver/status/1596073162147794945","1562079317534068736","yuffiesilver"
"1595917180872232960","Thu Nov 24 23:08:01 +0000 2022","19","Ane beberapa kali ditawarin kerja di Qatar offshore. Kalo bukan masalah kesehatan udah ane ambil. Gaji per bulan yang ditawarin range-nya mulai 5 kali lipat gaji gen Z di SCBD per semester. Fasilitasnya pun nggak kalah mantep.","1595917180872232960","","","in","Riviere","0","2","6","https://x.com/MireinaRiviere/status/1595917180872232960","801836522","MireinaRiviere"
"1593906753070338048","Sat Nov 19 12:33:08 +0000 2022","6","@hrdbacot Pengalaman kedai coffee sebelum pandemi Kita latih ada skill eh dibajak. Cari orang baru kerja 3 hari eh mau kasbon . Cari yg ber skill mau gaji gede OK ditargetin sehari omset 5 jt. Lewat target gaji potong 50 % no excuse eh manyun Gen Z memang udah kaya zombie","1593945469419368453","","Margacu1","in","","1","0","0","https://x.com/Margacu1/status/1593945469419368453","1367029833675337731","Margacu1"
"1593031968458842113","Thu Nov 17 04:20:47 +0000 2022","4","@notyouradvisor @tanyarlfes Bener. Hitungannya nih misalnya tabungan 69jt tanggungan 6 orang utang 500jt tenor 1 tahun dengan gaji bulanan 10jt. Better mikir2 lagi sih kalo mau langsung nikah.","1593096788256653312","","notyouradvisor","in","Indonesia","0","0","0","https://x.com/lucubgtygy/status/1593096788256653312","1572828746922729473","lucubgtygy"
"1592475317591244802","Wed Nov 16 08:49:42 +0000 2022","0","@edlehzn Kerja 10jam seminggu minta gaji 7k dasar gen z ","1592802077897502720","","edlehzn","in","Kuala Lumpur","0","2","0","https://x.com/_AfzalKhan95/status/1592802077897502720","1302568957346377728","_AfzalKhan95"
"1590943463033700353","Fri Nov 11 05:44:14 +0000 2022","0","no but minseo is peak gen z kerja di startap jobdescnya bikin keleyengan producing directing editing sama jadi videographer kalo kata gue gaji minseo dinaikin sih","1590943463033700353","","","in","","0","0","0","https://x.com/zziral_ma/status/1590943463033700353","812089890510753792","zziral_ma"
"1590395934160322561","Wed Nov 09 17:28:33 +0000 2022","0","gaji makassar 4-6 juta ???. dimana yahh ??? ini Gen Z mana ?","1590395934160322561","","","in","Jakarta Timur, DKI Jakarta","0","0","0","https://x.com/daengdim/status/1590395934160322561","721426710","daengdim"
"1590355417955446784","Wed Nov 09 14:56:15 +0000 2022","0","@fikrinugraha Respondennya 1000 orang aja fik dan gatau cara mereka ambil samplingnya. Soalnya sekadar dari threatnya mereka aja gaji mereka secara logika aja ga mungkin punya rumah dengan cara cash. Kayak ga bisa menjadi gambaran si buat gen z secara realitanya","1590357605742174208","","fikrinugraha","in","Indonesia","0","0","0","https://x.com/ardhianrisqi/status/1590357605742174208","77699482","ardhianrisqi"
"1589814219612225538","Tue Nov 08 02:57:01 +0000 2022","0","gaji umr gacukup bro buat gen z apalagi pas akhir tahun banyak agenda konser. blom lg subscribtion (youtube spotify netflix onlyfans trakteer private grup telegram) ","1589814219612225538","","","in","","0","2","0","https://x.com/erlanggacor/status/1589814219612225538","3191976169","erlanggacor"
"1588136456995844096","Fri Nov 04 09:50:22 +0000 2022","10","@Tampandanbrni @_hanssa @biazazaja @Ryan_Saharaa @Puthutea Yok mulai sarankan brenti ngerokok ke keluarga dkt. Bisa? Berani? Trus coba liat Gen Z yg lulus sarjana dpt kerja. Gaji pertama? Upgrade merk rokok.","1588468690118266880","","Tampandanbrni","in","Nigirikirtigimi ","0","1","0","https://x.com/uni_asik/status/1588468690118266880","1470741842635284481","uni_asik"
"1588063433722937344","Thu Nov 03 07:00:02 +0000 2022","0","Jaman skrng semua serba mahal dngn gaji yng masih umr apa bisa punya rumah? Jawabannya bisa dong pak ET lg buat program hunian terjangkai dimana ngebuat rumah milenial dan gen z yg harganya pas di kantong insyaallah. Top deh @erickthohir ET Hunian Gen-Z #RumahMilenial https://t.co/I61bEEohyc","1588063433722937344","https://pbs.twimg.com/media/Fgnhqg2UoAAz8EH.jpg","","in","","0","0","0","https://x.com/Jejemaryam11/status/1588063433722937344","1318067758026747904","Jejemaryam11"
"1587703186873147393","Thu Nov 03 02:46:23 +0000 2022","0","@worksfess Nder itu seriusan gaji satu bulan? Ga manusiawi bgttttt Saran aku mending km cari sekolah swasta yg kaya nder atau gmn gitu pokoknya jangan sekolah yg gajinya dikit bgt gitu ","1587999604356059136","","worksfess","in","Indonesia","0","0","0","https://x.com/lucubgtygy/status/1587999604356059136","1572828746922729473","lucubgtygy"
"1587787468203765760","Wed Nov 02 12:47:20 +0000 2022","0","Ini aku yg udah Sp aja masih pusing gimana cara bisa punya tempat tinggal sendiri gimana gen milenial atau gen Z yg gaji UMR. ","1587788448177745922","","hikaridee","in","palembang","0","1","0","https://x.com/hikaridee/status/1587788448177745922","79722195","hikaridee"
"1587418454763933696","Tue Nov 01 14:39:07 +0000 2022","15","Tawaran naik jabatan ditolaknya imbalan tak sebanding dengan tanggung jawab. Ia tak terlalu peduli dengan jenjang karier baginya work-life balance yang terpenting. Gaji habis untuk melunasi cicilan kiranya tak jauh berbeda dengan Gen Z di Jakarta. https://t.co/5r34sie2WB https://t.co/ujZkp8iYBX","1587454192087859201","https://pbs.twimg.com/media/FgfFK9caUAAC6FI.jpg","projectm_org","in","Indonesia","0","1","6","https://x.com/projectm_org/status/1587454192087859201","1369663239718465538","projectm_org"
"1587095946285830146","Mon Oct 31 14:55:35 +0000 2022","1","Gen boomer ini emang syulit ya merubah pov nya. Pokoknya pov mereka itu kerja; nine to five baju kantoran terima gaji setiap bulan. Itu baru kerja. Dahal mah gen z udh pd pinter nyari wang tanpa perlu terlihat kerja. Tapi ya gimana yaaa. Syulit deh pokoknya","1587095946285830146","","","in","Depok, Indonesia","0","0","0","https://x.com/Dewyxz_/status/1587095946285830146","1173296828055293952","Dewyxz_"
"1586540123889729536","Sun Oct 30 02:06:56 +0000 2022","3","Im one of those gen z yang kuat melawan if I dont get my rights. Ada benda boleh fight ada benda tak boleh. If there s no OT paid what rights do seniors have to ask me to work overtime? Dorg nak kerja lebih lebih tapi gaji dibayar 9-6pm silakan. Saya gerak dulu ciao","1586540123889729536","","","in","","0","0","3","https://x.com/thiwah_/status/1586540123889729536","231457413","thiwah_"
"1586382167038656512","Sat Oct 29 15:39:16 +0000 2022","0","3 tahun gaji lu segitu aja padahal royalitas tanpa batas emng bener gen z kerja seperlunya aja setan banget di manfaatin perusahaan sialan","1586382167038656512","","","in","","0","0","0","https://x.com/ipmxnn/status/1586382167038656512","1569795374516424704","ipmxnn"
"1586371956835639297","Sat Oct 29 15:00:46 +0000 2022","3","Benda ni tak perlu berjanji bila menang akan buat sesuatu negeri yang tak bubar DUN boleh buat malam ni jugak tindakan halang benda ni. Perubahan iklim kos sara hidup (gaji rendah takde kerja rumah mahal) semua ni Millenials adan Gen Z la akan hadap dan terus hadap.","1586372477793411073","","sicfallacy","in","Kenduri Teh Gila","0","1","3","https://x.com/sicfallacy/status/1586372477793411073","580717077","sicfallacy"
"1585601282047283200","Thu Oct 27 15:44:27 +0000 2022","0","@renjuncitayam IYAKAN!!! TEKANAN DARI BERBAGAI PENJURU SISTT HAHAHAH gaji ga seberapa blm lagi tekanan kerja tekanan keluarga tekanan gaya hidup tekanan ditanya kapan nikah kerja dimana kapan punya anak dan segala titik bengeknya. DUHHH GABISA BAYANGIN!! GUE GABISA IKUT CULTURE GEN Z","1585658692707356672","","renjuncitayam","in","","0","1","0","https://x.com/kecntol/status/1585658692707356672","1311620079704920064","kecntol"
"1585222397447151621","Thu Oct 27 11:47:14 +0000 2022","0","@CityJaxk @collegemenfess pas liat ini gen Z g ada yg mau jd dosen apalagi influencer muda pada flexing gaji 2-3 digit ","1585598995031654401","","CityJaxk","in","","0","0","0","https://x.com/fizfun/status/1585598995031654401","2321574679","fizfun"
"1585093392450600960","Wed Oct 26 02:18:09 +0000 2022","0","Bukan Gaji Ini Jadi Aspek Utama Gen Z dalam Memilih Tempat Kerja #BCA #BRI #gaji #GenZ #JenjangKarir #MarkPlus #TempatKerja https://t.co/GNDq2GiA81 https://t.co/rBYcgAdSA8","1585093392450600960","https://pbs.twimg.com/media/Ff9iClOXwAE7E9g.jpg","","in","Bali","0","0","0","https://x.com/Baliportal_news/status/1585093392450600960","1502906711966830595","Baliportal_news"
"1585081278247731202","Wed Oct 26 01:30:00 +0000 2022","5","Beberapa faktor yang menjadi alasan utama Gen Z dalam memilih tempat kerja di antaranya: Jenjang karir benefit lainnya (asuransi training &amp; sertifikasi) lingkungan kerja yang sehat besarnya gaji &amp; kapabilitas diri sendiri. https://t.co/YHYChK9Y3q","1585081278247731202","","","in","Indonesia","0","0","3","https://x.com/TirtoID/status/1585081278247731202","4187275698","TirtoID"
"1583033888058011648","Thu Oct 20 16:05:16 +0000 2022","1","@whosgonnazave Ga mahal kok kak pintar2 atur keuangan sma cari kampus yg memang bagus sisi kurikulum sma biaya 6 bulan sekali bayar smester tgl atur gaji sebulan dtabung utk kuliah atau ga cri beasiswa","1583127217336627201","","whosgonnazave","in","Engelberg, Switzerland","0","0","0","https://x.com/GenZ3T/status/1583127217336627201","1257249470623801345","GenZ3T"
"1582660099201327106","Wed Oct 19 09:09:06 +0000 2022","1","Lihat gen z jaman sekarang di dunia kerja gemes sendiri walau ku bukan hrd. Mereka orientasinya salary dan butuh brp lama baru bs naik gaji. Hrsnya kn u pnya value apa dulu br nego gaji sih. Output apa yg bs kalian kasih dulu bru lah evaluasi.","1582660099201327106","","","in","Semarang - Indonesia","0","0","0","https://x.com/oktavianirmala/status/1582660099201327106","1477819544","oktavianirmala"
"1582547293726601216","Wed Oct 19 06:01:36 +0000 2022","0","@kulitnanas @worksfess Nah utk kenaikan gaji kejar di Jabatan Fungsional (Asisten ahli Lektor Lektor Kepala &amp; Professor) dan ada juga Sertifikasi Dosen (setara PNS dibayar Negara dan ada tesnya)","1582612910429581314","","kulitnanas","in","Engelberg, Switzerland","0","0","0","https://x.com/GenZ3T/status/1582612910429581314","1257249470623801345","GenZ3T"
"1582547293726601216","Wed Oct 19 02:37:15 +0000 2022","449","@worksfess 7. PKM ada dana jg dri kampus dan ada Hibah jg dri dikti yg nilainya besar 8. Pengajaran jg ada insentif di bimbingan magang &amp; TA 9. Penelitian jg ada hibah dri Dikti 10. Makin tinggi Jabatan Fungsional makin besar Gaji dan Tunjangan dri Negara (jika sdh Serdos)","1582561485070700544","","GenZ3T","in","Engelberg, Switzerland","5","17","11","https://x.com/GenZ3T/status/1582561485070700544","1257249470623801345","GenZ3T"
"1582547293726601216","Wed Oct 19 02:30:38 +0000 2022","2713","@worksfess Sharing2 ya kebetulan gw dosen Univ. swasta di Jakarta 1. Gaji diatas UMR pastinya (FreshGrad S2) klo sudah pengalaman atau ada jabatan fungsional bisa 2 digit 2. Ada Tunjangan Jabatan Fungsional 3. Ada Tunjangan Sertifikasi Dosen (setara PNS dibayar Negara) 4. Cont","1582559822561804288","","worksfess","in","Engelberg, Switzerland","68","28","122","https://x.com/GenZ3T/status/1582559822561804288","1257249470623801345","GenZ3T"
"1581183101064990720","Tue Oct 18 08:09:35 +0000 2022","0","@tanyakanrl Kamu nikah sama orgnya atau perawannya Lah cewe juga pasti masang kriteria kan? Misal cakep gaji minimal sekian atau hrs dah ada mobil dll Kalo dibalik jg bisa dong cewe nikah sama orgnya atau hartanya? ","1582282730993504257","","HumanGenZ","in","","0","0","0","https://x.com/HumanGenZ/status/1582282730993504257","1356123041432932354","HumanGenZ"
"1582264608617730049","Tue Oct 18 06:57:34 +0000 2022","0","Sy gen Z sy akui rata2 generasi skrg terlalu self-centered mereka belajar hanya utk sijil supaya boleh entitled gaji besar meskipun sanggup meniru dan sambil lewa in the process belajar untuk ilmu is a scam sbb they don't even go to internet to learn when needed ","1582264608617730049","","","in","Kuala Lumpur, Malaysia","0","0","0","https://x.com/setsunafseiei98/status/1582264608617730049","978335823266381834","setsunafseiei98"
"1581653847855943680","Sun Oct 16 14:56:40 +0000 2022","1","@hansdavidian Jadi Agen tuh gk di gaji berdasarkan orang byr premi terus berapa orang yang ikut asuransi baru di byr pasti netizen GEN Z yang percaya ","1581660403284602882","","hansdavidian","in","ÜT: -6.228265,106.7130214","0","0","0","https://x.com/febeagnesyoan/status/1581660403284602882","150981081","febeagnesyoan"
"1581618667208339456","Sun Oct 16 12:10:49 +0000 2022","0","Sebenarnya konten2 kayak gini dia lg branding her business. Dengan spill gaji kan banyak kaum gen Z or millenial tergiur dan akhirnya jadi sales insurance. Orang2 kek gini ga bodoh apalagi dg background pendidikan yg wow. It's her strategy anyway","1581618667208339456","","","in","+44","0","0","0","https://x.com/annlizw/status/1581618667208339456","885004256146845696","annlizw"
"1581278124788310017","Sat Oct 15 13:37:38 +0000 2022","8","Silap diorg laa jumpa gen z yg problem. Tpi actually tau hak tu perlu do. Bukanla ngade ke ape tpi kadang2 mentang2 kite baru lagi sume bende diorg nk suro buat. Gaji gitu je masalahnye. Pastu bagi task byk2 expect kite dh tau semua bende pastu ckp kite slow buat kerje.","1581278124788310017","","","in","","0","1","3","https://x.com/harithbkhtr/status/1581278124788310017","1129515931254775808","harithbkhtr"
"1581256318517579776","Sat Oct 15 12:10:59 +0000 2022","0","Ngikutin gaya Gen Z sekarang bener² ga bakal ketabung dah uangnya. Kalau gaji gede mah santai yak perihal beli kopipun every day kalau yg gaji umr ga bisa bro ga nutup beneran dah kecuali lu kaga punya tanggungan","1581256318517579776","","","in","","0","0","0","https://x.com/sipengentinggi/status/1581256318517579776","563461030","sipengentinggi"
"1580900062766694406","Fri Oct 14 12:35:21 +0000 2022","0","Ada orang complaint gen z xpandai buat kerja slow nak gaji banyak. Berkira kerja. Eleh kau dulu orang offer 800 pun kau terima macam la kau mula2 kerja terus pandai. Dah gen z pandai nak work/lif balance pandai demand gaji nak dengki pulak","1580900062766694406","","","in","","0","0","0","https://x.com/haejaloucious/status/1580900062766694406","3248782772","haejaloucious"
"1580696879339253761","Thu Oct 13 23:11:40 +0000 2022","0","Gak cmn di Indonesia kok di luar negeri juga permasalahannya sama. Boomer pada ngeattack Millenials dan Gen Z grgr gapunya rumah di umur muda. Dengan gaji 5juta jaman dulu sama 5juta sekarang tuh nominalnya udah beda. 250ribu dulu bisa beli baju branded 250k skrg dapet apa?","1580697808004268032","","XaosInsyde","in","🏎️GOETHE²🏎️","0","1","0","https://x.com/XaosInsyde/status/1580697808004268032","1220163830505824256","XaosInsyde"
"1580593504384086017","Thu Oct 13 16:17:12 +0000 2022","1","Standar Gaji Gen Z Saat Resesi https://t.co/PdblhtGXcd","1580593504384086017","","","in","JKT-INA","0","0","0","https://x.com/20detik/status/1580593504384086017","598959076","20detik"
"1580378557641293824","Thu Oct 13 06:26:51 +0000 2022","2","@evimsofian Intinya banyak orang tua tidak paham bahwa gen. Z dan milenial kehidupannya lebih berat dibanding beberapa dekade lalu yang disebabkan tekanan sosial dan roda zaman berubah cepat. Persaingan ketat kebutuhan hidup dan pendidikan mahal. Gaji kecil harga tanah dan rumah tak kebeli","1580444941481701376","","evimsofian","in","","0","0","0","https://x.com/dahagailmu24/status/1580444941481701376","1148260935611457541","dahagailmu24"
"1578398394447380480","Fri Oct 07 14:54:37 +0000 2022","22","Work! Kenapa anak2 gen z pada sensitif amat ya ama video tiktok ga suka ama anak magang yg jelek? Gw mah klo dikatain muka jelek di kantor bodo amat asal jangan kinerja dan gaji gw aja yg jelek","1578398394447380480","","","in","","0","20","1","https://x.com/worksfess/status/1578398394447380480","1244597361826885636","worksfess"
"1578229626606059521","Fri Oct 07 03:43:59 +0000 2022","1","istilahnya siap jd gen z kelas menengah ke atas gaji borderline double digit tapi udh hrs nyicil banyak https://t.co/hLxpDmsLzI","1578229626606059521","https://pbs.twimg.com/media/Feb_ehmagAAjo82.jpg","","in","","0","0","0","https://x.com/smlnwzrds/status/1578229626606059521","1153833702033461249","smlnwzrds"
"1577462306770128896","Wed Oct 05 00:56:54 +0000 2022","1","gue takut buat paham dan mengerti mengenai saham investment or what the fuck it is karena gue sandwich generation. walaupun gue gen z dan sudah memiliki gaji yang cukup tapi dengan hal ini gak menyatakan bahwa gue ngerasa itu cukup? lo ngerti gak sih : D","1577462803379916800","","calmerrry","in","she/her 21 eng/idn/中","0","1","0","https://x.com/calmerrry/status/1577462803379916800","2853000884","calmerrry"
"1576757059588362241","Mon Oct 03 02:12:32 +0000 2022","1","Kn dah ckp gen Z nowadays mcm td issue intern tak berbayar.. lah bila kita kata berbayar dia issue kn pulak berapa sangat la bayar tu .. Skill kerja pun xda.. dtg lambat and balik awal dgn alasan naik public transport tp ad hati nk demand gaji mcm pekerja hakiki ","1576757059588362241","","","in","","0","0","0","https://x.com/WhiteCallaLilly/status/1576757059588362241","329369033","WhiteCallaLilly"
"1576493978626973696","Mon Oct 03 02:02:18 +0000 2022","3","@worksfess Gapapah dieksploitasi yg penting ada sumber penghidupan. Jamannya gen z beda selama punya keinginan di era digital bisa cari freelance yg sesuai bakat gaji cukup.","1576754483270651906","","ladyy_na","in","Indonesia","0","1","1","https://x.com/ladyy_na/status/1576754483270651906","1244283524544249856","ladyy_na"
"1576503978606858241","Sun Oct 02 09:26:53 +0000 2022","0","Aku sebagai gen z memang sokong budak2 zaman sekarang demand gaji. Orang2 dulu mana berani melawan masa tu inflasi tak tinggi. 1.8k pun dah tinggi. Zaman sekarang boss2 boomer lagi pijak kepala fresh grad. Perah kaw2 tapi gaji ciput.","1576503978606858241","","","in","","0","0","0","https://x.com/theashlana/status/1576503978606858241","994192696196481024","theashlana"
"1575487984857935872","Thu Sep 29 14:09:41 +0000 2022","0","Alasan gen Z minta gaji dua digit karena pengeluaran banyak juga ternyata pengeluaran buat nonton Synchronize Soundrenaline Hammersonic Jogjarockarta dan Pestapora.","1575487984857935872","","","in","Cobham, South East","0","1","0","https://x.com/mharunsafii/status/1575487984857935872","773606086448410624","mharunsafii"
"1575421788192141313","Thu Sep 29 09:46:40 +0000 2022","0","Intinya sih millennials dan gen z bisa beli rumah asal ga mengikuti gaya hidup aja. Kalau tahu gaji pas-pasan ya mikir lah nabung atau invest gitu kek bukannya malah udah tahu gaji kecil malah dihambur-hambur uangnya. Gaya hidup ga buat lu puas! Akan haus terus!","1575421793900560384","","theunknownm4n","in","Indonesia","0","0","0","https://x.com/theunknownm4n/status/1575421793900560384","729424668","theunknownm4n"
"1575326737554030592","Thu Sep 29 07:27:03 +0000 2022","5","@kiwisuperfruit7 @AchsanulQosasi @pejabrut Biasa nya yg ngomong gini nih gen z yg baru2 lulus banget nanti kalau udh tua pasti ngerasain gimana kesel dan capeknya masa kerja 10 tahun tapi gaji sama dengan yg baru masuk wkwk","1575386660665438209","","kiwisuperfruit7","in","Tokyo-to, Japan","0","1","0","https://x.com/mamankdawet/status/1575386660665438209","577242222","mamankdawet"
"1574942869932376064","Wed Sep 28 02:03:35 +0000 2022","0","Gen Z Beli Rumah dengan Gaji UMR Bisakah? https://t.co/QklxmWyo9W https://t.co/pchGZ4dDHV","1574942869932376064","https://pbs.twimg.com/media/FdtSMY0agAAdn7-.jpg","","in","Indonesia","0","0","0","https://x.com/News24Xx/status/1574942869932376064","816927974406569986","News24Xx"
"1574938409038069760","Wed Sep 28 01:45:52 +0000 2022","1","Gen Z Beli Rumah dengan Gaji UMR Bisakah? https://t.co/d8UQIR7oyx","1574938409038069760","","","in","Jakarta Capital Region","0","0","0","https://x.com/cnbcindonesia/status/1574938409038069760","847372542830444544","cnbcindonesia"
"1572414915847286786","Wed Sep 21 08:58:46 +0000 2022","0","@vvahyeonie Aneh ya.. daya juangnya kok gitu amat. Mrk mau work-life balance tp nuntut gaji jg gede. Dan mnrt aku sebenernya perilaku spt itu ud gambarin secara mental ya mrk lemah. Sptnya mrk cm bisa kerja di perusahaan yg ownernya Gen Z juga. Cm mrk yg saling memahami.","1572510639347888128","","","in","Could be anywhere","0","0","0","https://x.com/Fifidiandra/status/1572510639347888128","57012831","Fifidiandra"
"1572426768275087363","Wed Sep 21 04:06:11 +0000 2022","0","@Cvffeebean__ Itu keluhan gen z kaum mu ngeluh gaji 6 juta tp kostannya 3 juta. Belum makan ongkos skincare ngafe dkk ","1572437006931886080","","Cvffeebean__","in","Dimanamana hatiku senang 🖤","0","1","0","https://x.com/iciocaica/status/1572437006931886080","1278750228430991360","iciocaica"
"1570217975197880321","Thu Sep 15 10:05:27 +0000 2022","0","@ezash Fresh Grad / Gen Z pengen kerja santai gaji gede. Sedangkan perusahaan pengennya yang murah dan berkualitas ","1570353092704735234","","ezash","in","Indonesia","0","0","1","https://x.com/ucokcokecoki/status/1570353092704735234","58405765","ucokcokecoki"
"1569568117256499202","Tue Sep 13 06:06:14 +0000 2022","0","Gaji 1500 beli yaris ye Mcm mana la bdk2 gen z skrg berani betul dgn hutang Good luck to u n ur future","1569568117256499202","","","in","Kuala Lumpur","0","0","0","https://x.com/nrlazwhmd/status/1569568117256499202","487080926","nrlazwhmd"
"1567983082371952640","Thu Sep 08 21:07:53 +0000 2022","0","nope. Kami gen z fikir luar kotak. Kami bukan hamba. Nak keje lebih bayar gaji lebih. Sbnrnya geng2 gen y yg kedekut.","1567983082371952640","","","in","","0","0","0","https://x.com/wwanadib/status/1567983082371952640","4696818864","wwanadib"
"1567812187678449671","Thu Sep 08 09:48:48 +0000 2022","1","Soalnya anak anak gen Z nya uda pada sadar kalau lebih baik gaji dan asuransi bagus dibanding es grim","1567812187678449671","","","in","Jakarta - Jatinangor","0","0","0","https://x.com/guruhndn/status/1567812187678449671","107657592","guruhndn"
"1567796842724982784","Thu Sep 08 08:52:35 +0000 2022","0","Tapi tulah. Gen Z pun memerlukan job. Gaji kau dengan gaji exec sama dik. So kau bersabar jelah.","1567798039317970944","","ProbablyAiman","in","Per apera ad astra.","0","0","0","https://x.com/ProbablyAiman/status/1567798039317970944","485766428","ProbablyAiman"
"1567379533267083270","Wed Sep 07 05:09:35 +0000 2022","2","Kenapa kena classify juga eh gen z millenial etc. Gaji elok kerja elok lah","1567379533267083270","","","in","","0","0","0","https://x.com/alifzak1/status/1567379533267083270","931164434315145217","alifzak1"
"1565946714611421185","Tue Sep 06 05:37:10 +0000 2022","0","@BukuMojok maka tk heran gen z yg memilih stay di jgja lbh banya bekerja dan bergabung dg outsourcing tetangga. Gaji masih diatas umr untk para perantau yg bergelar sarjana bahkan ada yg magister tuh","1567024086983004160","","BukuMojok","in","","0","0","0","https://x.com/ifahaninr/status/1567024086983004160","827032038","ifahaninr"
"1566749856047431680","Mon Sep 05 11:27:29 +0000 2022","0","Entah yang aku junpa Gen Z ni malas..hari2 memekak gaji sikit tp kerja satu pun tak siap kerja separuh jalan..maleh aku","1566749856047431680","","","in","Malaysia","0","0","0","https://x.com/Yellow_Cempaka/status/1566749856047431680","188349229","Yellow_Cempaka"
"1566693663715229696","Mon Sep 05 07:44:11 +0000 2022","3","Diriku bukan Gen Z tp bagus juga apa gen Z buat. Gaji permulaan 2022 masih mcm hidup zaman 97/98. Buat apa nk beriya. Biar la pahit Terima la hakikat semua org underpaid. Kerajaan xnk ubah? Gen Z la ubah sampai memaksa majikan tpaksa bg gj bsr kendian majikan akan push gomen.","1566693663715229696","","","in","Kuala Lumpur, Wilayah Persekut","0","1","0","https://x.com/__fzamr/status/1566693663715229696","592581712","__fzamr"
"1566365621591232514","Sun Sep 04 10:00:40 +0000 2022","0","Terus bukannya skrg gen z malah berlomba2 bikin konten mamah muda ya?? Yg lahir taun 2000an awal dah pada jadi ibu dan bangga Meanwhile anak 90an masih sibuk karokean dan menikmati gaji ","1566365621591232514","","","in","","1","0","0","https://x.com/im_lil_peach/status/1566365621591232514","921048478309945344","im_lil_peach"
"1564193039761166338","Mon Aug 29 10:07:38 +0000 2022","1","Menjadi seorang ASN sendiri masih menjadi cita-cita baik dari milenial maupun Gen Z. Faktanya nominal gaji ASN jumlahnya tidak langsung besar apalagi jika masa kerjanya masih kurang dari 1 tahun. #pns #cpns #pns2022 #asn #pppk #p3k https://t.co/da2t10KBjJ","1564193046941831168","https://pbs.twimg.com/media/FbUhN2WaIAADzkW.jpg","rbpotensiaid1","in","","0","0","0","https://x.com/rbpotensiaid1/status/1564193046941831168","1372402136101756935","rbpotensiaid1"
"1562659013938257920","Thu Aug 25 12:11:25 +0000 2022","5","@sandalslewah1 @robi_zamzam @PolJokesID Padahal yg membuat milenial dan gen z pengen jd pns walopun gaji kecil beda jauh sama swasta itu karena punya pensiun kalo sudah begini sepertinya pilihan itu bisa dipertimbangkan ","1562774649175670787","","sandalslewah1","in","Indonesia","0","0","1","https://x.com/standlikeahero/status/1562774649175670787","230968448","standlikeahero"
"1561908800596201472","Tue Aug 23 07:13:33 +0000 2022","0","@txtdrberseragam Kemaren an1es baru bilang ngajak gen z daftar PNS soalnya gaji PNS jkt lebih gede dari gaji karyawan swasta daripada ngurusin gen Z mending ngurusin internal aja dulu","1561974912176488448","","txtdrberseragam","in","Jakarta Selatan, DKI Jakarta","0","0","0","https://x.com/afri_krisni99/status/1561974912176488448","1214243233","afri_krisni99"
"1558723553075265539","Sun Aug 14 09:55:47 +0000 2022","6","@detikcom Gen Z bingung gaji 40juta tapi duitnya miliaran rumahnya banyak.","1558754248740913152","","detikcom","in","","0","0","1","https://x.com/DipoNiarto/status/1558754248740913152","153432675","DipoNiarto"
"1557910632556826625","Sat Aug 13 13:48:21 +0000 2022","0","@azaleabetony @dzakuyyy @mediocrickey Alhamdulillah my current paygrade jauh dr pas-pasan. Tp msh merasa kemahalan kl bayar pake gaji sendiri mungkin krn bukan pasarnya. Lebih cocok ke gen Z startup or sugar baby. Utk expat malah downgrade banget krn biasanya expat C lvl sewa rmhnya di atas 30 jt sebulan.","1558450388277219328","","serenamiades","in","","0","0","0","https://x.com/Ikhwanazis89/status/1558450388277219328","2335942801","Ikhwanazis89"
"1558223696212676609","Fri Aug 12 22:47:34 +0000 2022","1","Workload kerja makin berat. Gaji segitu2 aja. Ternyata sumber masalahnya adalah insekuritas para boomers yang ingin 'menjadi no. 1 seperti orang lain'. Ujung2nya milenial dan gen z yg rodi. So in the end ini semua dilakukan hanya demi menenangkan insecurity para boomers?","1558223696212676609","","","in","","0","0","1","https://x.com/ojanologi/status/1558223696212676609","101000990","ojanologi"
"1557239136742166529","Wed Aug 10 05:35:16 +0000 2022","0","Kasian gen z harga semua makin mahal gaji banyak yang ga umr","1557239136742166529","","","in","","0","0","0","https://x.com/sukarotiii/status/1557239136742166529","1530061770366550017","sukarotiii"
"1556874527807680515","Tue Aug 09 10:12:02 +0000 2022","198","@Supir_Tembak @txtdrlinkediin Ringkasan gen z soal kerjaan - Pulang molor dikit = overwork - Baru terima gaji di kantor langsung ikut ekosistem Apple (beli iPhone iPad MacBook); hedon jadi kewajiban - Wajib bikin Tiktok day in my life di kantor - Langsung kepikiran bikin surat resign pas dibentak bos.","1556946398095978497","","_marisambat","in","bevery hills, ca","24","10","95","https://x.com/koaladuniawi/status/1556946398095978497","1412072112487952387","koaladuniawi"
"1556597008281976839","Mon Aug 08 14:16:12 +0000 2022","5","@asumsico Yee yang naik mobil juga lu pada ye para boomer! Ini anak millenial sama Gen Z yg gaji UMR juga kebanyakan naik motor atau kendaraan umum (krl/transjakarta). Sok iye anjir rapat ngurai kemacetan eh tapi ke tempat rapatnya pada naik mobil masing-masing. Mikir jadi orang teh","1556645455316287490","","asumsico","in","","0","2","0","https://x.com/pkdigdaya/status/1556645455316287490","134009446","pkdigdaya"
"1555915273550860288","Sat Aug 06 13:54:43 +0000 2022","0","Ni gen Z rata-rata : sedikit kerjanya banyak ngeluhnya. Gamau rangkap kerjaan tapi maunya gaji gede.","1555915273550860288","","","in","di samping mu","0","0","0","https://x.com/muhammad__ruqi/status/1555915273550860288","2346932450","muhammad__ruqi"
"1554830146867449856","Wed Aug 03 14:02:49 +0000 2022","1","Bayangin jadi dosen dengan gaji ga seberapa harus mengajar dan menjadi teladan bagi mahasiswa gen z yang aspirasi terbesarnya adalah menjadi kaya dari tik-tok atau gaming. Bagaimana menjaga agar image kita tetap kredensial di mata mereka?","1554830146867449856","","","in","Makassar-Jakarta","0","1","1","https://x.com/anhardanaputra/status/1554830146867449856","363096780","anhardanaputra"
"1554777667173777410","Wed Aug 03 10:40:22 +0000 2022","1","Tapi yelah nak buat camna kan? Tak boleh salahkan Gen Z semata2 bila tiap generasi ada sumbangan masing2. Boomers : Oh takpelah kalau ada degree takde keje pun. Kamu ambik je keje mana2. Jangan memilih . Gen X: Rugi bro. Tengok aku kerja lori pun gaji RM5k.","1554779202725224448","","sjfi_twider","in","Melaka Mandate of Langkasuka
","0","1","0","https://x.com/sjfi_twider/status/1554779202725224448","1247462449722212358","sjfi_twider"
"1554750851394174978","Wed Aug 03 08:47:43 +0000 2022","0","Gaji Lebih Tinggi Bukan Satu-satunya Faktor Yang Diutamakan Gen Z Kata Graduan UNM https://t.co/4iETTcOayR","1554750851394174978","","","in","Malaysia","0","0","0","https://x.com/siakapkelinews/status/1554750851394174978","4728843194","siakapkelinews"
"1554686092192137221","Wed Aug 03 04:30:23 +0000 2022","0","Gaji lebih tinggi bukan faktor utama Gen Z - Graduan University of Nottingham | Dagang News https://t.co/KYm5s13kcZ","1554686092192137221","","","in","Kuala Lumpur Malaysia","0","0","0","https://x.com/DagangNews/status/1554686092192137221","4108281914","DagangNews"
"1554475335437393921","Tue Aug 02 14:32:55 +0000 2022","0","Dari sama2 nangis krn harga tanah dan rmh ga masuk akal buat gen z krn berbanding jauh sama gaji umr sampe akhirnya nyalahin negara (lagi) https://t.co/UuahI5wWFF","1554475335437393921","https://pbs.twimg.com/media/FZKbDaHaAAMn9gX.jpg","","in","she/her, 20s, rant","1","1","0","https://x.com/yjnluvv/status/1554475335437393921","1463424377446277121","yjnluvv"
"1553455089570168832","Sun Jul 31 16:31:57 +0000 2022","2","@gunasatwam @renggasura @steven_sutanto7 @purpleebluee_ Dan ttg modal same as with Faroe Islands mmg mahal (termasuk pajak) tapi pendapatan gaji ny sejahtera bahkan pendidikan sampai kuliah (kalau publik) gratis. Gk heran anak² Gen Z skrg² ini pada mau berusaha memperoleh hidup lebih layak diluar g si :'). https://t.co/412tdh6t51","1553780516205531136","","Getitrights","in","Earth","0","1","0","https://x.com/Getitrights/status/1553780516205531136","1476265461067108355","Getitrights"
"1553597959937601536","Sun Jul 31 04:26:32 +0000 2022","0","Makanya tuh semua app diblokir santuy soalnya gaji ngalir terus. Mereka ga punya anak gen z apa ya","1553597959937601536","","","in","Lalalaland","0","0","0","https://x.com/rarilty/status/1553597959937601536","1436097031211151387","rarilty"
"1553336025161691136","Sat Jul 30 11:05:42 +0000 2022","0","Gen z minta gaji tinggi tapi masih FG","1553336025161691136","","","in","Central Java, Indonesia","0","1","0","https://x.com/gewdfineapple/status/1553336025161691136","831728222756696064","gewdfineapple"
"1552993741245661184","Fri Jul 29 12:25:35 +0000 2022","1","yg gini nih yg bikin anak gen Z diketawain. padahal gpp bgt loh pengen punya gaji tinggi awal masuk kerja asalkan tau jenis pekerjaan ato industri apa aja yg bisa ngasih itu dan skill apa aja yg bisa bikin lu masuk kesana. jgn maen asal2 gini lah :((","1552993741245661184","","","in","","0","0","1","https://x.com/zahprilita/status/1552993741245661184","1118544082974863361","zahprilita"
"1552585273002758144","Thu Jul 28 09:22:29 +0000 2022","0","Capek punya karyawan gen Z. Tak bebasin cuti dgn alasan yg jelas gaji gak telat tak sediain snack boleh istirahat/tiktokan pas kerjaan selesai tapi masih bilang bos gak aware sama mental health mentalku tertekan gara gara tak complain masalah mutu jahitan? Jamput.","1552585273002758144","","","in","cdek omahmu","0","0","0","https://x.com/ppizza_hut/status/1552585273002758144","1367384279362072577","ppizza_hut"
"1552550300825026560","Thu Jul 28 07:03:31 +0000 2022","0","Udh middle class sandwich generation gaji umr dan sekarang harus siapin dana pendidikan anak min 50mil buat spi + smt awal doang Gen z nangis","1552550300825026560","","","in","","0","1","0","https://x.com/nuggetjoon/status/1552550300825026560","1454823627564613636","nuggetjoon"
"1551874980329074689","Thu Jul 28 00:10:55 +0000 2022","1","@itsmoonotmu @sbmptnfess 1. Ortu gen z ga siapin dana pendidikan. Bukan nya ga nyiapain nyiapin tapi musibah gadak yg tau 2. nyiapin min 50 jt. Dengan gaji yg pas pasan kalau nunggu 50 jt anaknya kagak kuliah kuliah 3. Ga aware biaya pendidikan. Nahh kalau ini sihh si anak harus nya ngasih gambaran-","1552446467268579330","","itsmoonotmu","in","","0","1","0","https://x.com/kiyowoo86/status/1552446467268579330","1214499478033428480","kiyowoo86"
"1552329270349152256","Wed Jul 27 16:25:13 +0000 2022","0","Mbaknya lagi ngomongin ortu gen z negara mana sih gaji UMR aja cuma cukup buat biaya hidup sendiri.. kek mana yg punya anak","1552329270349152256","","","in","Japan","0","1","0","https://x.com/fldkw/status/1552329270349152256","264607873","fldkw"
"1552239874090348544","Wed Jul 27 15:13:59 +0000 2022","1","@mawakresna @projectm_org bng Kres~ mungkin next liputan Gen Z ini soal guru honorer yg gaji setengah UMR jakarta atau dibawahnya.","1552311341821861889","","mawakresna","in","","0","0","1","https://x.com/JYhui98/status/1552311341821861889","1321380687451021312","JYhui98"
"1552293797740302338","Wed Jul 27 14:04:16 +0000 2022","0","as a gen z chatting with a boomer physically exhausts me. semua benda nak kait ngan 50an masa dulu zaman dorang. If I chase job satisfaction awat nak panas bontot diri sendiri sbb aku xnak keje company gaji rendah ","1552293797740302338","","","in","","0","0","0","https://x.com/ffffezzels/status/1552293797740302338","330203300","ffffezzels"
"1551874980329074689","Wed Jul 27 12:43:48 +0000 2022","7","@MitaSaidi @ohaewww1 @itsmoonotmu @sbmptnfess betul tapi masalahnya ga semua orang jalannya mulus dan gaji stabil take an example my parents mereka udah rencanain kayak gitu dari lama tapi pandemi beneran bikin chaos jadi ya agak terlalu menggeneralisir sih kalau bilang ortu gen z pada nggak aware sama dana pendidikan","1552273547556712450","","bananamuffs","in","ʕ⁠´⁠•⁠ᴥ⁠•⁠`⁠ʔ","0","0","0","https://x.com/ravenmaubelajar/status/1552273547556712450","1350871489810100226","ravenmaubelajar"
"1551874980329074689","Wed Jul 27 07:30:34 +0000 2022","0","@itsmoonotmu @sbmptnfess Buat ortu gen z ya cocok aja selama mampu dan sanggup kalau ortuku yang dari dulu-sekarang gaji 250k seminggu : jangankan 50jt : dua anaknya sudah lulus SMK saja Alhamdulillah : ","1552194721040121856","","itsmoonotmu","in","Malang, Jawa Timur","0","0","0","https://x.com/rifrifanti/status/1552194721040121856","1217778435205951488","rifrifanti"
"1550054945038032897","Fri Jul 22 05:51:22 +0000 2022","0","@alamsyah_muslim @worksfess Gen Z mana tau gaji gede diimbangi dengan penyiksaan yg gede juga wkwkwk. Bnyk temen gw yg gaji gede tapi gak kuat pressure nya","1550357818477228032","","alamsyah_muslim","in","","0","1","0","https://x.com/cukiknight2/status/1550357818477228032","1519721012174098432","cukiknight2"
"1549999757279367169","Thu Jul 21 06:08:34 +0000 2022","0","Bukan Gaji Ini yang Dicari Gen Z dan Milenial Saat Bekerja https://t.co/VMugkeWrpy","1549999757279367169","","","in","","0","0","0","https://x.com/databoksid/status/1549999757279367169","1316329680396451841","databoksid"
"1549654561929195520","Wed Jul 20 07:16:53 +0000 2022","2","Patutnya masa sekolah dulu aku cita - cita utk jadi menteri. Takpelah biar kena sumpah seranah masyarakat haters everywhere as what the Gen Z says these days tapi setiap bulan gaji besar. Makan ditanggung petrol elaun best woi. Rugi2","1549654561929195520","","","in","Los Angeles, CA","0","1","6","https://x.com/naimazharrrr/status/1549654561929195520","1356889535104253954","naimazharrrr"
"1549341642506661888","Tue Jul 19 10:36:08 +0000 2022","0","knp ya gen z dibilang kutu loncat padahal kan ga salah mau nyari gaji yg gede","1549342315830841344","","sereinads","in","","0","1","0","https://x.com/sereinads/status/1549342315830841344","1912543614","sereinads"
"1547104697374343170","Wed Jul 13 06:24:38 +0000 2022","0","Kr! Buat milenial/ gen z kalian milih gaji gede tapi tiap hari stres atau gaji pas-pasan tapi lingkungan bikin enjoy?","1547104697374343170","","","in","Jakarta Capital Region","0","3","0","https://x.com/karirfess/status/1547104697374343170","1314840619378896896","karirfess"
"1546416915073363969","Mon Jul 11 08:51:38 +0000 2022","0","barusan liat di ig harga² rumah siap huni sampe bekas huni start from 200-700jt sdgkan kita gen z gaji kebanyakan masih UMR itupun uangnya habis buat healing co shopee ngemall main sama bayar tagihan benersih remaja kayaknya bakal susah beli rumah","1546416915073363969","","","in","indonesia","0","0","0","https://x.com/prilycann/status/1546416915073363969","1415211786354102275","prilycann"
"1545044945714966529","Fri Jul 08 00:34:57 +0000 2022","0","@wendeully @Kivan91 @Androngehe @worksfess Betul pak harga semua naik gaji ga naik2 ibarat kurva harga naik keatas gaji stagnan bahkan turun","1545204760092897280","","wendeully","in","Engelberg, Switzerland","0","0","0","https://x.com/GenZ3T/status/1545204760092897280","1257249470623801345","GenZ3T"
"1541959668289142785","Wed Jun 29 12:52:20 +0000 2022","0","Gaji gede tapi sebulan libur 2 kali dan kerja dari senin sampe minggu Maaf saya gen Z dan saya kayanya lebih milih yanh biasa biasa aja deh ","1542128835667558400","","Danzhooligans","in","Jakarta Selatan, DKI Jakarta","0","1","0","https://x.com/Danzhooligans/status/1542128835667558400","1053256829038292997","Danzhooligans"
"1537637512612458496","Tue Jun 28 08:46:45 +0000 2022","0","@DevinaYo @Prasetyanu Ini gen Z sandwich generation under-privilege gaji UMR jogja.","1541704643704668160","","DevinaYo","in","Gili Trawangan, Indonesia","0","0","0","https://x.com/squarehore/status/1541704643704668160","917414186","squarehore"
"1539541411418165248","Mon Jun 27 11:46:26 +0000 2022","0","@laelyrahma3 @hrdbacot Banyak kak. Dari hasil penelitian faktor yg membuat gen z pindah kerja adl: ga puas dg gaji promosi rekan kerja sikap atasan. Selain itu komitmen orgnisasi dan keterikatan kerja kak. Maap baru sempet baca jurnalnya","1541387477109288964","","laelyrahma3","in","Yogyakarta, Indonesia","0","0","0","https://x.com/danvantariskyxh/status/1541387477109288964","1082990682770296834","danvantariskyxh"
"1540059602355486720","Thu Jun 23 19:49:56 +0000 2022","0","gua gen z tp bwt yg di vid ini lo bocah kencur banyak mau gaji gede kerjaan juga makin banyak lah bgsd","1540059602355486720","","","in","dead","0","0","0","https://x.com/oyenjimarmalade/status/1540059602355486720","1283081770598973440","oyenjimarmalade"
"1539541411418165248","Thu Jun 23 02:21:20 +0000 2022","1","@hrdbacot wkwk si paling bener dah gen z freshgrad skrg pengalaman gada minta gaji besar. keras sedikit dah kena mental alamak dek dek","1539795712027742208","","hrdbacot","in","","0","0","0","https://x.com/dwiys_/status/1539795712027742208","777492972","dwiys_"
"1539112316750467072","Tue Jun 21 05:09:18 +0000 2022","0","gaji gue 3 bulan kedepan udah di LOCK sama konser kpop masya allah kapan bisa nabung dan investasi seperti gen z lainnya","1539113208560373760","","kyu181","in","she/her 20+","0","0","0","https://x.com/kyu181/status/1539113208560373760","1121002545168572416","kyu181"
"1537955966356197377","Sat Jun 18 00:30:50 +0000 2022","0","Kemarin lebaran kaget ponakan lulus SMA lgsung kerja jagain parkiran. Dia ngeluh bnyak soal gaji dan sistem kerjanya. Tapi aku ga punya pilihan katanya. Sad Bias Kelas Gen Z: Dirayakan Media Suram Realitasnya https://t.co/aws6baaxeb","1537955966356197377","","","in","Jakarta","0","0","0","https://x.com/ginamaftuhah/status/1537955966356197377","68161713","ginamaftuhah"
"1537801466403966977","Fri Jun 17 14:16:55 +0000 2022","0","Mending ngobrol ama saya pak. Gatau sih gen z apa bukan. Saya mau nego gaji.","1537801466403966977","","","in","ÜT: -6.316548,106.8379989","0","1","0","https://x.com/rayhankin/status/1537801466403966977","112140495","rayhankin"
"1536213024700235776","Mon Jun 13 05:05:01 +0000 2022","1","Di tengah badai PHK Start Up ada fenomena Gen Z yang menolak jabatan CPNS karena gaji kecil dan penempatan lokasi jauh dari kota. https://t.co/NWX2eDr4PV","1536213024700235776","","","in","Jakarta, Indonesia","0","0","0","https://x.com/detikfinance/status/1536213024700235776","135795460","detikfinance"
"1535185008889061376","Fri Jun 10 09:00:03 +0000 2022","1","Ingga &amp; Anggi Nasution: Gen Z yang Pilih Gaji atau Perusahaan Keren? https://t.co/uAKEbf7VOI Apakah mereka memilih perusahaan berdasarkan gaji atau karena brand perusahaan? | OK Noted! Podcast","1535185008889061376","","","in","Community","0","0","0","https://x.com/narasitv/status/1535185008889061376","955600972394332160","narasitv"
"1534895617109295107","Thu Jun 09 13:55:19 +0000 2022","0","gatau deng aku gen z tua gaji umr mantengin ajh ","1534896930937241600","","etherealbeautee","in","☼ ✧ ☾⋆","0","0","0","https://x.com/etherealbeautee/status/1534896930937241600","3719929153","etherealbeautee"
"1534535173362307072","Wed Jun 08 13:57:50 +0000 2022","0","Gen Z ini menganggap bhw pekerjaan yg mereka jalani ini bukan sesuatu yg sifatnya long term tapi tujuannya sbg batu loncatan dgn gaji permulaan yg tinggi agar mereka bs bargain lebih di pekerjaan selanjutnya. Goals lainnya adlh utk memperkaya CV bukan skill apalagi pengalaman.","1534535173362307072","","","in","Kumamoto-shi, Kumamoto","0","0","0","https://x.com/akbarcadabraa/status/1534535173362307072","483865227","akbarcadabraa"
"1533651820228509696","Mon Jun 06 05:13:49 +0000 2022","0","@nadyaalfi Asli so called gen z gamoang banget sama pertanyaan kapan nikah punya anak gaji dll. Padahal kalo jalanin hidup bener ga susah jawabnya dan santei aja. Di tanya kapan nikah lgsg insecure ngadepin lebaran lgsg anxiety Woles aja kdg orang2 tu ga beneran nanya utk maksud bully ko","1533678526762606592","","catquean","in","","0","1","0","https://x.com/shanrocks20/status/1533678526762606592","44346193","shanrocks20"
"1533509408537210881","Sun Jun 05 18:01:48 +0000 2022","1","1st Workload guru sgt sgt sgt besar a.k.a kau berkahwin dgn kerjaya siang malam &amp; hujung mggu hadap kerja. 2nd Cabaran besar dgn sahsiah perilaku gen Z dan ibubapanya. 3rd Sebab dah kahwin dgn kerjaya gaji pun byk dilaburkan kt kerja utk beli bahan/brg pdpc &amp; lain lain lain ","1533509408537210881","","","in","Selangor, Malaysia","0","1","0","https://x.com/iamkiripit/status/1533509408537210881","1422449616809709570","iamkiripit"
"1532521218930184192","Fri Jun 03 00:35:06 +0000 2022","1","Ha ak gaji 3k pkai lrt jer sial berssak cm taik dr puchong ke kl jauh sekali fkir nk ad keter dating pown pkai lrt sial. jijik btol perangai bdk gen z skrg selera xnk klah...","1532521218930184192","","","in","Kuala Lumpur","0","1","0","https://x.com/numanrazali/status/1532521218930184192","444521261","numanrazali"
"1532244329988640769","Thu Jun 02 06:14:50 +0000 2022","1","Dari dulu yg dimasalahin gaji PNS sampe 2 periode presiden naik gaji cuma skali. Sampe birokrasi jg direformasi. Smp gen Z berpikir lg bhkn mundur dr cpns krn gaji tdk sesuai ekspektasi. Padahal klo dibanding gaji pegawe BUMN gaji PNS ga ada apa2nya #AdaApaDenganBUMN","1532244329988640769","","","in","Indonesia","0","1","0","https://x.com/novykayra/status/1532244329988640769","396606643","novykayra"
"1531644314979569664","Tue May 31 14:30:35 +0000 2022","1","kasian bgt orang udah sepuh disuruh ikut trend tiktok gen z... abis ini dia chat HSS minta naik gaji https://t.co/dHLyJxf4wo","1531644314979569664","https://pbs.twimg.com/ext_tw_video_thumb/1531594813715255298/pu/img/qADcX2znLuRCWCC1.jpg","","in","","1","0","0","https://x.com/enigmaticdaisy/status/1531644314979569664","1337440303725232129","enigmaticdaisy"
"1530549536975949824","Sat May 28 14:42:53 +0000 2022","1","@VICE_ID Kalau saya sebagai Gen Z berinvestasi di saham itu 60% dari bonus pekerjaan kalau crypto 20% sedangkan reksadana 20% dan itu semua uangnya dari bonus pekerjaan jdi saya hidup dari gaji murni yang jumlahnya 1/4 umr jakarta kita bisa asalkan tidak menuruti ego akan sosial media","1530560244274692096","","VICE_ID","in","Jakarta Capital Region","0","0","0","https://x.com/Fathannur505/status/1530560244274692096","1498966330971914241","Fathannur505"
"1530429072287105025","Sat May 28 06:36:28 +0000 2022","0","Terus dengan gaji segitu cukup emg buat nabung dan foya2 plus healing2 ala gen z skrg? Well it's all depend on your lifestyle you followed dan juga background keluarga masing2. Kenapa background keluarga?","1530437832560771072","","faishal_ilham","in","Unknown","0","1","0","https://x.com/faishal_ilham/status/1530437832560771072","116104016","faishal_ilham"
"1530365314474553344","Sat May 28 01:48:18 +0000 2022","0","Gen z emang epik kalian liat gaji nya kecil tapi salaman nya cooooooy kebeli harga diri lu pada","1530365314474553344","","","in","","0","0","1","https://x.com/TTermada/status/1530365314474553344","1344228600002723840","TTermada"
"1530315774572650496","Fri May 27 22:31:27 +0000 2022","7","ASN Gen Z : Pengabdian Terbaik Keponakan (anak adik) jadi PNS IQ diatas 140 alumni FT UI dgn IPK Cum Laude Ditempatkan di NTT Meneruskan generasi sebelumnya menjadi aparatur negara Paham benar abdi negara bukan karena Gaji tetapi pengabdian terbaik bagi bangsa &amp; negara.","1530315774572650496","","","in","Jakarta Selatan, DKI Jakarta","0","1","2","https://x.com/iwanalidarmawan/status/1530315774572650496","229832704","iwanalidarmawan"
"1530027369842749440","Fri May 27 03:25:26 +0000 2022","0","Sepertinya saya melewatkan usia bekerja di tech company dengan rekan kerja millenial dan gen z yang seru tekanan kerja tinggi overtime tiap hari dan gaji yang cihuy","1530027369842749440","","","in","Pekalongan","0","2","0","https://x.com/farissetyoaji/status/1530027369842749440","1293649638","farissetyoaji"
"1529412277002067969","Wed May 25 10:56:03 +0000 2022","1","@DLESadewo @hrdbacot Gen Z problematik liat qoutes itu : gak sopan nanyain gaji! ","1529415995919454214","","DLESadewo","in","","0","0","0","https://x.com/feblistiawan/status/1529415995919454214","1090109720516427776","feblistiawan"
"1528735044784623616","Mon May 23 16:06:08 +0000 2022","0","@melindaanita1 Jujur kasusnya sama. Kadang mereka kira mungkin ya gaji kita udah mencukupi semua2nya. Mau ditolak kasian mau nurutin juga tekor kitanya. Aku sih belajar dari gap kita sama ortu (boomers sama gen z) emang harus pinter-pinter ngomongnya dan ngasih banyak sabar.","1528769258053783552","","melindaanita1","in","Indonesia","0","0","0","https://x.com/AlmaBiruu/status/1528769258053783552","720621709024333824","AlmaBiruu"
"1528038482220060673","Sat May 21 15:48:44 +0000 2022","0","@Askrlfess Curhatanku di malam ini karena banyaknya gen z yang belom ada pengalaman kerja udah minta gaji gede https://t.co/kU1HOgclNM","1528040100143439872","","Askrlfess","in","She had her own imagintn world","0","0","0","https://x.com/Mooncalfdung/status/1528040100143439872","546675497","Mooncalfdung"
"1528013062200242176","Sat May 21 15:23:17 +0000 2022","4","Teruntuk temen-temen yang baca ini sumpah ini bukan karena mau sombong atau apapun. Tapi jujur aja aku kesel makin kesini banyaaaaaak banget gen z baru pertama kali kerja tapi udah pingin gaji jutaan. Apasih yang nuntut itu? Lifestyle?","1528033696145879040","","Mooncalfdung","in","She had her own imagintn world","0","2","0","https://x.com/Mooncalfdung/status/1528033696145879040","546675497","Mooncalfdung"
"1527260170258358272","Fri May 20 13:52:12 +0000 2022","1","@robi_zamzam Beban kerja gen z sama boomer beda yg kerja gen z yg dapet gaji boomer","1527648387897577473","","robi_zamzam","in","","0","0","0","https://x.com/_alienah/status/1527648387897577473","270792881","_alienah"
"1526840115766919168","Wed May 18 08:29:17 +0000 2022","8","Faktanya banyak millennials dan Gen Z yang pengen nabung tapi gaji mepet Tunggu artikel kami terbit untuk baca hasil survey lengkapnya yaa https://t.co/fEbsapEtLS","1526842347207950336","https://pbs.twimg.com/media/FTBu8VxagAAuYI7.jpg","jurno_id","in","Baca 👉","0","3","0","https://x.com/jurno_id/status/1526842347207950336","1278195993796698112","jurno_id"
"1526785565299212288","Wed May 18 04:43:39 +0000 2022","0","Gede2an gaji gede2an titid mahal2an outfit gede2an pencapaian humblebragging no 1 standar lifestyle jaksel feed ig rapi tapi mental rapuh. Siapa lagi kalau bukan Gen Z","1526785565299212288","","","in","Jombang, Tebuireng ","0","0","0","https://x.com/haichal_ajany/status/1526785565299212288","1307673268908826624","haichal_ajany"
"1525139620350291969","Fri May 13 15:43:15 +0000 2022","0","Eh CampusBrainers pernah ga sih ngerasain gabut. Tapi kamu tau ga singkatan dari Gabut itu apa ? Nah Gabut itu singakatan dari Gaji Buta Tapi di kalangan anak gen Z gabut sering di sebut tdk melakukkan kegiatan apa apa. Biasanya CampusBrainers kalau gabut ngapain sih? #AFTERDAY https://t.co/unLKr7XwH7","1525139620350291969","https://pbs.twimg.com/media/FSphOo9aUAATAQj.png","","in","UMS | Solo City,Central Java","0","0","0","https://x.com/rapmafmums/status/1525139620350291969","575845599","rapmafmums"
"1525113679267917824","Fri May 13 14:15:06 +0000 2022","0","Mereka nganggep kalau lingkungan kerja yang nyaman dan gak toxic itu bakal berpengaruh sama produktivitas. Ngapain harus bertahan demi gaji dan jabatan tapi gak bisa perform dengan maksimal. Which is literally true gak sih para geng gen Z &amp; milenial? ","1525117435988553729","","HalodocID","in","DKI Jakarta, Indonesia","0","1","0","https://x.com/HalodocID/status/1525117435988553729","4618731253","HalodocID"
"1524998216181489664","Fri May 13 06:21:22 +0000 2022","0","Beberapa gen Z jetlag saat dmnta masuk kantor (WFO) dimana absen disuruh dtg jam sekian tp g ontime dn malah nego.. sementara gen millennial dan baby boomers udh gumoh ngerasain dateng telat sepersekian detik kalo ga gaji dipotong ya waktu lembur ditambah sejam g dibayar..","1524998216181489664","","","in","Bekasi City","0","0","0","https://x.com/Zendral1202/status/1524998216181489664","97910159","Zendral1202"
"1524776701989109760","Thu May 12 15:41:09 +0000 2022","0","bumn kalo gaji gede tapi culturenya rapat jam 10 malem s.d 1 pagi gue ogah anjir kalo kata anak gen z kesehatan mental lebih penting wkwkwkwk","1524776701989109760","","","in","Boca Raton, FL","0","1","0","https://x.com/yeah_fix_on/status/1524776701989109760","103231728","yeah_fix_on"
"1522865085688926210","Sat May 07 09:05:04 +0000 2022","2","Gen Z keren2 euy pemikirannya.. Gimana dpt pasangan yg gaji nya 2digit. Punya pemikiran buat Childfree. Trus pada punya peliharaan pula.. Semoga dengan adanya kalian bisa bikin negara ini tambah maju y..","1522865085688926210","","","in","Tangerang, Banten","0","0","0","https://x.com/risdaarifin/status/1522865085688926210","223003702","risdaarifin"
"1522761686914318337","Sat May 07 05:39:21 +0000 2022","0","@BuruhPemda @pejabrut Dengan gaji UMR sekarang itu Gen Z harus ngejomblo 7 tahun biar bisa beli rumah 30/60 di jakarta.","1522813313750794240","","BuruhPemda","in","","0","0","0","https://x.com/BogdanoffReal/status/1522813313750794240","1470770285620121604","BogdanoffReal"
"1522442387607678976","Sat May 07 05:35:27 +0000 2022","3","@sisyphuuss Gausah boikot deh kayanya emang pada ga mampu beli. Selain harganya bubble kenaikan harga property juga ga sesuai dgn kenaikan gaji gen z milenial ","1522812331754881025","","Sisymphus","in","EXO, NCT DREAM","0","0","0","https://x.com/honeydesuka/status/1522812331754881025","2934450169","honeydesuka"
"1519640434305540097","Thu Apr 28 11:31:27 +0000 2022","0","Gen z tolol kek gini yg belagu pas lulus cari kerjaan mintanya gaji langsung dua digit tapi skills pas pas an.","1519640434305540097","","","in","Cobham, South East","0","0","0","https://x.com/mharunsafii/status/1519640434305540097","773606086448410624","mharunsafii"
"1519535321343750147","Thu Apr 28 04:45:18 +0000 2022","4","@PartaiSocmed Ketum lupa kalo penerimaan 2021 usia gen Z cenderung turun. Itu poin 1 Yg kedua realita lapangan PNS Kemensultan dgn yg didaerah itu beda banyak yg tukin ketahan 3 bulan atau lebih kalo mengandalkan gaji pokok (terutama yg berkeluarga) rasanya sulit","1519538224234119168","","PartaiSocmed","in","Indonesia","0","1","0","https://x.com/AhmadRoyhan33/status/1519538224234119168","261078218","AhmadRoyhan33"
"1518870288863477761","Tue Apr 26 08:31:10 +0000 2022","0","Emang tipikal gen Z mau gaji gede tapi ga mau mikir. Dahlah gimana ","1518870288863477761","","","in","Purworejo . Jogjakarta","0","1","0","https://x.com/batusaphir/status/1518870288863477761","261565247","batusaphir"
"1518789073825337344","Tue Apr 26 07:40:48 +0000 2022","0","@idextratime lagian gue heran nih org masalahnya apa sih ??.pdhl di sixers ni org jago tp dia kena penyakit anak2 gen z yg lbh mementingkan mental health jdnya kagak mau main lg atau emng pengen gaji buta doang ?.sayang banget talentanya &amp; kasian bgt nets trade simmons tp kgk dimainin ‍️","1518857611432853504","","idextratime","in","bumi allah","0","0","0","https://x.com/Febrianrmdhn/status/1518857611432853504","1464146318062936064","Febrianrmdhn"
"1518575010763341825","Mon Apr 25 14:02:33 +0000 2022","0","@OldyFahlovi73 Ini red flag apa gw aja yg masuk golongan gen z mah mental tempe ya bro? Offering gaji + benefit relatif bagus di industri-nya tapi takut kena mental di wkwkw","1518591294812999680","","OldyFahlovi73","in","","0","1","0","https://x.com/baddiebara/status/1518591294812999680","250501390","baddiebara"
"1517877721174798336","Sat Apr 23 14:47:04 +0000 2022","0","Sayang dilock Twitter-nya gw bukan Gen Z sih kayaknya lebih masuk ke millenial (?) tapi ini life goals gue juga sekarang. Gak muluk-muluk pengin kerjaan yang prestigious gaji gede posisi tinggi cuman pengin hepi aja. https://t.co/1txcgqiyvA","1517877721174798336","https://pbs.twimg.com/media/FRCVvUraAAEhRU4.jpg","","in","","0","1","0","https://x.com/nujabyes/status/1517877721174798336","1394152671204974593","nujabyes"
"1517434438510325760","Sat Apr 23 11:35:37 +0000 2022","0","@projectm_org Gen Z di tpt saya kerja ada aja yg ga punya etos kerja. Supervisor lengah dikit mereka kabur mojok main hp. Ngeluh2 dgn gaji hanya UMR. Saya dpt penghasilan skrg dgn kerja kerja belasan thn. Gen Z ogah jalani belasan thn utk dapatkan penghasilan yg semakin lama semakin besar?","1517829544266280961","","projectm_org","in","","0","0","0","https://x.com/EZahtra/status/1517829544266280961","1123192691854995456","EZahtra"
"1517713286929653763","Sat Apr 23 03:53:40 +0000 2022","0","Yang jelas jadi gen z itu tuntutannya banyak dulu mah jadi PNS udah dibilang sukses karena kebutuhannya juga ga banyak kayak sekarang jadi dg gaji segitu juga udah cukup paling buat beli rumah mobil gaada tuh kebutuhan buat ngopi beli smartphone terbaik barang branded.","1517713286929653763","","","in","Surakarta, Jawa Tengah","0","0","0","https://x.com/calonkapitalis_/status/1517713286929653763","944589976993382401","calonkapitalis_"
"1517700333924847616","Sat Apr 23 03:02:11 +0000 2022","0","Biaya hidup naik tp tdk dgn gaji blm lg yg generasi sandwich. Harus terlihat baik2 di dunia yang mulai kacau. Kebanyakan gen z juga agak kurang melek soal managemen uang gimana ngatur uang keluar dan masuk bahkan aku pun begitu. Krn ya tdk diajarkan dlm kurikulum.","1517700333924847616","","","in","Burial Mounds","0","0","0","https://x.com/Mine_Nerva/status/1517700333924847616","1311471306529894400","Mine_Nerva"
"1517452669988012033","Fri Apr 22 21:22:29 +0000 2022","0","@mieseribuan @frecxkles @YUPriMad @projectm_org Prihatin dengarnya kak. Aku jg gaji jg mepet &amp; g jauh beda nyisihin buat usaha/belajar susah bet. Generasi geprek maksudnya apa kak? + salah satu tugas gen z emg merubah generasi kedepan yg toxic stop aj dikita karna kita lebih tau dampak negatifnya.","1517614842588254208","","","in","","0","0","0","https://x.com/CumaCemplon/status/1517614842588254208","1250250979217297408","CumaCemplon"
"1517434438510325760","Fri Apr 22 20:17:08 +0000 2022","51","@projectm_org Fokus utama sorotan media baik media mainstream maupun sosial media adalah gen z yg sukses. Selebgram seleb tiktok artis dll. Sedangkan itu cuma 1% dari total gen z. Selebihnya kami ditekan perusahaan dg gaji kecil usaha kecil²an saingannya yg punya modal besar.","1517598398760644608","","projectm_org","in","Indonesia","0","0","4","https://x.com/allawi_much/status/1517598398760644608","1867621896","allawi_much"
"1517434438510325760","Fri Apr 22 17:39:56 +0000 2022","6","@yoga2112 @projectm_org ...biaya hidup naik..rata2 penghasilan jg naik kok om. Cek aj kenaikan UMR. Cek aj data rata2 gaji pekerja. wkt gen Z blm ad gen Y jg disebut generasi yg berat krn biaya hidup lbh tinggi dr gen X..kesempatan kuliah dan dpt beasiswa jg skrg makin besar kok.","1517558835891736576","","yoga2112","in","Papua Land","1","3","0","https://x.com/nestoriko/status/1517558835891736576","22763766","nestoriko"
"1517496234873081857","Fri Apr 22 13:31:10 +0000 2022","0","Boomer: buru-buru banget kayak mau ngambil gaji lu. Gen Z: gue gak ngerti caranya ngambil gaji emang bisa ya? Gue cuma nunggu ditransfer doang.","1517496234873081857","","","in","Prontera","0","0","0","https://x.com/michaerla/status/1517496234873081857","45907903","michaerla"
"1517434438510325760","Fri Apr 22 11:52:54 +0000 2022","632","@projectm_org Padahal issue gen Z ngga hanya masalah kretipitas digitalisasi dan hal-hal fancy. Masalah kepemilikan rumah lapangan pekerjaan lalu masalah gaji DKK selalu luput","1517471505340239872","","projectm_org","in","","0","6","48","https://x.com/VeroSia2234/status/1517471505340239872","1047433830812901377","VeroSia2234"
"1517063440044601346","Thu Apr 21 09:53:08 +0000 2022","2","@quantipian @AmanillahH I bet that's hard to achieve by gen z. Temen-temen saya yang kualitas otaknya bagus mikirnya gimana biar dpt gaji yang bagus entah kerja di consultant dkk. Even for them constructing proper argument for them is hard. We still creating bunch of yes man.","1517078976195624960","","quantipian","in","Jakarta","0","1","0","https://x.com/brontodiwiryo/status/1517078976195624960","1421159612959526913","brontodiwiryo"
"1517000733467746304","Thu Apr 21 09:32:35 +0000 2022","3","@discommie Kalau begitu para PNS dan calon PNS dari millenial dan gen Z. Tolong kerja yang bener gaji udah gede. Hancurin sistem warisan yang bobrok jangan cuma pegawai startup doang yang bikin distrubsi walaupun ya ujung2nya bisnis tapi itu sama aja dengan kalian yang butuh gaji gede.","1517073804308418561","","discommie","in","","0","1","1","https://x.com/toolzark/status/1517073804308418561","633135691","toolzark"
"1516537259444809729","Wed Apr 20 04:09:25 +0000 2022","3","@pphipphi @hrdbacot Nah itu kan yg rame dibahas sbnrnya gaji di SCBD ga tinggi2 banget tp areal itu terlalu diagungkan sama gen Z. Pdhl standar kerja ga semata ttg lokasi kantor aja","1516630090007793669","","pphipphi","in","Jakarta Capital Region","0","1","1","https://x.com/fauzandr31/status/1516630090007793669","1392530423784243201","fauzandr31"
"1516349441225412609","Tue Apr 19 15:25:01 +0000 2022","0","@ted_kho Males klo udah stereotyping gen Z..ada yg komen gen Z hidup dr kel yg sdh mapan halo?apakah semua?gen Z yg jd gen sandwich jg banyak beban hidup berat gaji g seberapa boro2 mau nabung beli rumah..sooner or later perusahaan bakal diisi gen Z main focusnya how to manage them","1516437720985645056","","ted_kho","in","","0","0","0","https://x.com/AircondServ/status/1516437720985645056","1431907280291696645","AircondServ"
"1515995920441126916","Tue Apr 19 06:53:18 +0000 2022","0","@hrdbacot Adekku termasuk Gen Z skrg dia maaih magang di Radio alhamdulillah meskipun cma magang tanpa gaji dia sungguh2. Ya mungkin mmg ada yg semacam itu tp sya jg yakin masih ada yg kompeten seleksi awal kerja mungkin hrs ditingkatkan ke masalah sikap.","1516308941772582913","","hrdbacot","in","","0","0","0","https://x.com/Dessy91062417/status/1516308941772582913","1336837062171926528","Dessy91062417"
"1516220133122867203","Tue Apr 19 01:00:24 +0000 2022","0","pas ngelamar kerja dan mereka tau aku gen Z karna lihat tahun lahir ku. mereka underestimate bgt asli. takut kalau aku cuman sebulan dua bulan terus resign. karena sebelum2nya kayagtu. aku cuman bisa meyakinkan kalau engga semua Gen Z kayagtu. aku gaminta gaji yg meledak2 karna","1516220133122867203","","","in","","0","2","0","https://x.com/bukanpacarmail/status/1516220133122867203","1449524994","bukanpacarmail"
"1515995920441126916","Mon Apr 18 13:33:40 +0000 2022","0","@hrdbacot Akun GEN Z tp dlam hal kerja aku bukan yg pilih2 yg bisa semampuku kalo masalah gaji tergantung kalo kerja nya berat tp tidak sesuai upah nya sm aja kaya kerja paksa (pernah ngerasain)kalo kerja harus displin harus baik kerja nya gk neko2 aku bisa upah pun sesuai gk bkl leha2","1516047312468209666","","hrdbacot","in","","0","1","0","https://x.com/InaGina8/status/1516047312468209666","1459264899180216321","InaGina8"
"1515995920441126916","Mon Apr 18 12:08:29 +0000 2022","13","@hrdbacot Pernah rekan kerja dari Gen Z. Jadi dia nga mikir ke depan bgt. Jd gaji kita dimainin . Kalo gua sih oke2 aja soalnya gaji yg di peroleh slma ini gede bgt. Trus dia ngaduin ke pengawas &amp; ngelakuin berbagai penjebakan. Alhasil perusahaan tutup dan +-70 org kehilangan pekerjaan","1516025872972914688","","hrdbacot","in","Japan","1","2","2","https://x.com/jovanna_apriel/status/1516025872972914688","2885874619","jovanna_apriel"
"1515827474243928070","Sun Apr 17 23:00:07 +0000 2022","0","Ternyata gaji bukanlah prioritas bagi para Milenial dan Gen Z. #FollowLINETODAY!https://t.co/9gw1JzXJln","1515827474243928070","","","in","","0","0","0","https://x.com/linetoday/status/1515827474243928070","758580609706975234","linetoday"
"1515510343686328322","Sun Apr 17 01:59:57 +0000 2022","1","Gue sih zuzurly bingung apa karena dia dibilang gen Z atau cuman grgr ke congkak an dia aja. Aku ga mau nanti gaji 3jt disuruh suruh wtf anjing pen gue tonjok mulutnye untung sodara.","1515510343686328322","","","in","Indonesia","0","0","0","https://x.com/winnerside_/status/1515510343686328322","132107269","winnerside_"
"1515455586783363075","Sat Apr 16 22:22:22 +0000 2022","0","kaya jaman sekarang tuh skill mesti multitalent tapi gaji mutilasi #Gen Z","1515455586783363075","","","in","","0","0","0","https://x.com/thluv95/status/1515455586783363075","1331211257748148225","thluv95"
"1515294686130237440","Sat Apr 16 11:43:00 +0000 2022","0","hiahahha Gen Z ga peduli gaji bg asalkan kalo lembur (ga dibayar) tetap bisa post city view segitiga emas dengan tag location dan sbux yg di beli pagi nya","1515294686130237440","","","in","","0","0","1","https://x.com/0xZamenhofa/status/1515294686130237440","116720024","0xZamenhofa"
"1515230062273974279","Sat Apr 16 07:26:13 +0000 2022","0","Gen z be like: Gaji tunjangan dan peluang karir Ada ciki taro gratis di kantor ","1515230062273974279","","","in","Sukaraja, Indonesia","0","0","0","https://x.com/hikakupunka/status/1515230062273974279","405444458","hikakupunka"
"1515146467505188868","Sat Apr 16 01:54:02 +0000 2022","0","Bukan Gaji Ternyata Ini yang Dicari Milenial dan Gen Z Saat Bekerja https://t.co/xCss4FVmws","1515146467505188868","","","in","","0","0","0","https://x.com/kompaslifestyle/status/1515146467505188868","238047889","kompaslifestyle"
"1514776039615987720","Fri Apr 15 01:22:05 +0000 2022","0","4 Pekerjaan dengan Gaji Tertinggi di Dunia Gen Z Wajib Tahu! https://t.co/8fSO3w4P8P","1514776039615987720","","","in","","0","0","0","https://x.com/soulselofficial/status/1514776039615987720","1500033168249802752","soulselofficial"
"1513880024486940673","Thu Apr 14 16:03:30 +0000 2022","7","@uwumetawin Ya ibaratnya Gen Z begitu. Gaji sebulan 600-800ribu. Tapi capek fisik dan mentalnya kebangetan. Ya mending nganggur coba jual2 apa kek untung tipis tapi gak resiko tinggi. It s all about option risk n return.","1514635467685203968","","disangka","in","Di bioskop kesayangan anda","0","1","0","https://x.com/disangka/status/1514635467685203968","1048310880","disangka"
"1514606807905599490","Thu Apr 14 14:09:37 +0000 2022","0","Lebih tepatnya bukan ga pengen kerja tapi stress cari kerja kali ya belum kalo udah dapet kerja dan gaji ga naik naik tapi bahan sembako makin naik tuh rasanya beuhhhhh. Ga semua gen Z dan millenials lebih pilih nganggur hehehe","1514606807905599490","","","in","she","0","1","0","https://x.com/losestvr/status/1514606807905599490","1354712745850019843","losestvr"
"1514600864190988290","Thu Apr 14 13:46:01 +0000 2022","0","Gen Z ini lebih milih mundur dari pekerjaan yg tidak layak itu DEMI KELANGSUNGAN HIDUP MEREKA. sebuah contoh ya pemuda berusia 22thn memilih untuk mundur dari pekerjaan karena pekerjaan nya berat gaji tidak layak. akibatnya pemuda ini setres.","1514600870042038273","","grenastasia","in","","0","1","0","https://x.com/grenastasia/status/1514600870042038273","1414834578284453888","grenastasia"
"1513880024486940673","Thu Apr 14 13:09:49 +0000 2022","0","@uwumetawin Masa Gen Z skrg kyk masa gw akhir 90an. Kerusuhan dollar dr 7rb jd 17rb harga naik gila2an pilihan karir sedikit perusahaan lg ngirit2nya akses informasi minim. Thn 98 blm lulus kuliah gw kerja dgn gaji 500rb. Jauh dr UMR. Yah tantangannya tiap masa beda2lah.","1514591757182599169","","uwumetawin","in","Antarctica","0","0","0","https://x.com/beni3bee/status/1514591757182599169","16945033","beni3bee"
"1514583695197233154","Thu Apr 14 12:45:46 +0000 2022","0","Ditambah lg orang orang tua ini yg invest di property bikin gen z makin klabakan mau cari tempat tinggal doang karena harganya tiap tahun makin naik tapi gaji gak seberapa jadi menurut gue saling memanusiakan manusia aja si..","1514585705380388866","","piscessfairy","in","","0","0","0","https://x.com/piscessfairy/status/1514585705380388866","1444962497199415296","piscessfairy"
"1514580748568735747","Thu Apr 14 12:26:04 +0000 2022","0","Lrt . Kalo dikantor sebenarnya malah gen z lebih ambis sama kerjaan. Tp dia maunya kerjanya tuh sesuai sama gaji yang mereka dpt. Mangkanya kebanyakan mereka kayak 1 tahun kerja pindah. Semacam nomaden. Karena tau tiap perusahaan walau kita ada pengalaman setahun aja bisa offer","1514580748568735747","","","in","Y|SHWL|ONC|CS|Cly|BND","0","1","0","https://x.com/CAINOSURE/status/1514580748568735747","4897875620","CAINOSURE"
"1514338067733172229","Wed Apr 13 20:21:45 +0000 2022","5","Millenials : risau pasal loan kereta dgn loan rumah risau pasal gaji tak naik2 risau bos cari time off day Meanwhile gen Z : risau followers kat socmed tak cukup 10k I feel old damn it ","1514338067733172229","","","in","Malaysia","0","0","0","https://x.com/picibajik/status/1514338067733172229","1286982746443780097","picibajik"
"1513901004323926017","Tue Apr 12 21:30:10 +0000 2022","4","@worksfess Pemberi kerja usia milenial apalgy gen z juga banyak yg gak ngotak antara ngasih gaji dan beban kerjanya..","1513992898043609088","","worksfess","in","","0","0","0","https://x.com/phat_ime/status/1513992898043609088","198069141","phat_ime"
"1511451788897304576","Tue Apr 05 22:38:09 +0000 2022","0","@amand_dira karna branding mereka gen z bgt dan kreatif industri yg dibayangan anak muda bgt.. trs gue kira gaji internnya gede karna wfo tiap hari trnyata kaga katanya","1511473294955872256","","amandterus","in","+62","0","0","0","https://x.com/hacimhacimm/status/1511473294955872256","512919937","hacimhacimm"
"1508709408498655232","Tue Mar 29 07:43:28 +0000 2022","4","@mediocrickey ketika gaji per tahun tidak naik lebih baik kurangi jam kerja karena asumsi skill sudah naik jadi ngerjain bisa lebih cepet dan tentunya harus yang WFH ini sisanya dipake buat rebahan dan healing2 ala gen z","1508711421474877441","","mediocrickey","in","","0","0","1","https://x.com/rzrizaldy/status/1508711421474877441","25482544","rzrizaldy"
"1501547366754975747","Wed Mar 09 13:16:04 +0000 2022","0","kelakukan konsumtif Gen Z ini belum ada apa-apanya kalau dibandingkan dengan (gaji) guru honorer tbh. di satu sisi narasi the most victim masih dipegang pekerja startap-budak korporat dengan segala istilah jakselnya. yupp guru honorer kalah populer wkwkwk.","1501547368810184712","","amberairwaves","in","Yogyakarta, Indonesia","0","1","0","https://x.com/amberairwaves/status/1501547368810184712","512000768","amberairwaves"
"1501508408947908621","Wed Mar 09 10:41:16 +0000 2022","0","duh jangankan gen alpha deh gen z gen gw temen-temen sepantaran gw yang dulu pas sd pengen jadi guru (termasuk gw) aja udah ga ada yang mau jadi guru. alesannya? ya gaji. udah pada melek soal gaji shayyy. mbok ya dinaikin lagi gt lho pak ya sp tau kita berminat lagi ","1501508408947908621","","","in","blond","0","0","0","https://x.com/VVlXEN/status/1501508408947908621","835458916297269248","VVlXEN"
"1500831367571320837","Tue Mar 08 00:06:08 +0000 2022","0","@onMischievous Gaji buta!! Lu hidup di jaman kerajaan elang ya kok nga tau bahasa jaman gen z.","1500986185724067842","","","in","2004.   Parody.","0","0","0","https://x.com/harutuw/status/1500986185724067842","1374569057026908162","harutuw"
"1500857254740115456","Mon Mar 07 15:33:48 +0000 2022","1","Panggah ruwet masalah gaji ae ki Gen Z","1500857254740115456","","","in","Maluku, Indonesia","0","0","0","https://x.com/cuitanferdi/status/1500857254740115456","1184437530181038080","cuitanferdi"
"1498534597176733700","Tue Mar 01 12:06:35 +0000 2022","0","@aDyFAiro @zack_rockstar Nak jawatan besar gaji besar kerja paling sedikit dan boleh arah arahkan org lain buatkan kerja dia. They just want shortcut to success they want success without the bitter of it. Itu yg dorang nak bermula dari Gen Y Gen Z now Gen Z v2. I am not talking about all but 95%","1498630776719822851","","aDyFAiro","in","Kuala Lumpur","0","0","0","https://x.com/LuQiee/status/1498630776719822851","73133019","LuQiee"
"1496787773495332866","Thu Feb 24 10:03:08 +0000 2022","0","nok aku ada nampak artikel headline paling tak boleh brain Gaji RM2 000 tetapi kerjalah seperti dibayar RM3 000 ko ingat millennial/gen z ni hard-working sangat? dah lah under wages. bitch-","1496787773495332866","","","in","under coconut tree","0","0","0","https://x.com/heyfreakppls/status/1496787773495332866","337823062","heyfreakppls"
"1496342532003078148","Wed Feb 23 04:46:48 +0000 2022","0","memang mental gaji karyawan gaya hidup sosialita. ya mantab mentalku dan generasi millenial/gen Z pada umumnya.","1496345777643585541","","issatytr4ck","in","TY’s fish tank","0","1","0","https://x.com/issatytr4ck/status/1496345777643585541","1440963706377027591","issatytr4ck"
"1493919240507650050","Thu Feb 17 03:07:23 +0000 2022","0","@meidijanto Sudah terjadi harga properti selalu naik dan itu tidak berimbang dengan gaji gen milenial ataupun gen z","1494146428792631298","","meidijanto","in","DKI Jakarta, Indonesia","0","0","0","https://x.com/muh_rdn/status/1494146428792631298","590130432","muh_rdn"
"1493864367867109380","Wed Feb 16 08:32:05 +0000 2022","0","@oritha_ gen Z dikantor gue dan dia masuk karna ordal gitu jg. gak mau usaha dulu pasti nanya mulu. gue suruh cari google katanya udh tapi kagak ngerti. sabar2 aja gue mah mana gaji gue sama dia disamaratakan. kan anjirr bgt pengen komplain tapi gue karyawan biasa","1493865756416634881","","oritha_","in","RANDOM.SUPERJUNIOR.EXO","0","1","0","https://x.com/swankyeol/status/1493865756416634881","366566890","swankyeol"
"1493741477784010757","Wed Feb 16 01:27:13 +0000 2022","0","@SerieA_Lawas Mayan lah gaji gede tapi gak kerja. Pekerjaan idaman gen Z","1493758836574162944","","SerieA_Lawas","in","Indonesia","0","0","0","https://x.com/zulmipradana/status/1493758836574162944","272386277","zulmipradana"
"1493137354110156802","Mon Feb 14 08:17:41 +0000 2022","9","No pain no gain. Liat sms banking masuk transferan pdhl gaji agustus tahun lalu belum kepegang itu hasil pain. Nah gen z maunya gain cepet2 to the mooooonnn..","1493137354110156802","","","in","Hospitals.","0","1","2","https://x.com/incitu/status/1493137354110156802","1370325994486198272","incitu"
"1493089733110485000","Mon Feb 14 05:08:27 +0000 2022","4","Let s appreciate tim marketing gerindra sama tim manajemen planningnya. analisis SWOT nya bagus terus dicari celah pendekatan yg pas ngikutin perkembangan anak-anak gen Z. Mereka harus naik gaji si asli waktu itu juga berbaur sama anak-anak kpop.","1493089733110485000","","","in","universe","0","0","0","https://x.com/saturne0us/status/1493089733110485000","2456722498","saturne0us"
"1492817511410122753","Sun Feb 13 11:19:07 +0000 2022","0","@midwest3mo Yang kawinnya pada lama-lama itu gen X dan milennial van karena pada kena sandwich generation dan emang tahun 90an - 2000an kan ekonomi rada ngaco (pas mereka usia 20an) Kalo gue liatnya gen Z udah pada lebih punya budget buat nikah ortu lebih settle atau gaji sendiri udh gede","1492820629456048128","","midwest3mo","in","Depok, West Java, ID","0","0","0","https://x.com/__shikatanai/status/1492820629456048128","61493160","__shikatanai"
"1491978247030308864","Fri Feb 11 03:40:38 +0000 2022","3","@Partono_ADjem Ribet bener ortu gen z jaman sekarang pak djem apalagi guru² honorer yg cuma di gaji 450rb tiap bulan tegas dikit langsung di viralin katanya guru galak lah bla bla bla untung tahun ini ane daftar PPPK doain ya pengen ngerasain digaji dg bener oleh pemerintah","1491980469964922882","","Partono_ADjem","in","Heidelberg, Germany","0","3","1","https://x.com/BStolenbergs/status/1491980469964922882","1304600953899814912","BStolenbergs"
"1487964296332349440","Mon Jan 31 07:34:55 +0000 2022","34","@donatsipit @faradhil Milenial umurnya 26-41 tahun sekarang. Kebanyakan udah berkeluarga. Maksudnya gen z yg suka healing? Yaa milenial yang komplen masalah gaji justru karena udah mengerti realitas hidup kalo dengan rate gaji rata-rata pekerja sekarang sulit memenuhi kebutuhan primer.","1488053162376196097","","kukispanggang","in","Earth, Milky Way, Laniakea","0","0","0","https://x.com/angelichris/status/1488053162376196097","164630604","angelichris"
"1487818669442797568","Mon Jan 31 02:23:23 +0000 2022","0","@KompasTV Nunggak gaji sampe sepantaran Gen Z","1487974763931009024","","KompasTV","in","cuci steam sekitar rumah kamu ","0","0","0","https://x.com/Sandi_alfarizie/status/1487974763931009024","49246071","Sandi_alfarizie"
"1479452531889606660","Sun Jan 09 06:22:22 +0000 2022","0","@karimnas_ @Heraloebss Naini!!! Gen Z punya perkara malah millenial yang kena seberapa banyak sih millenial yang masih sempet nya joget TikTok stress kerja gaji pas-pasan nyari side hustle job kesana kemari biar punya tabungan iya ","1480062373448716288","","karimnas_","in","","0","0","0","https://x.com/visilyaharis/status/1480062373448716288","858168392011857920","visilyaharis"
"1480034028551958530","Sun Jan 09 04:29:44 +0000 2022","4","Gue sepakat kalau Gen Z sekarang lebih manja di dunia kerja tapi statement kerja yang bener supaya gaji bisa buat ke Psikolog just sounds so wrong in many ways","1480034028551958530","","","in","","0","1","2","https://x.com/nujabyes/status/1480034028551958530","1394152671204974593","nujabyes"
"1473577245042036736","Wed Dec 22 08:52:47 +0000 2021","8","Dapat staff gen Z yang semuanya terlilit utang dan terlibat judi online. Padahal selama ini kukira anak mapan dengan gaji dan dari keluarga berada. Udah gini ngeluh gaji kecil yang membuatku merasa bersalah padahal dirinya hedon tapi ngutang ‼️ Maaf aku sambat ","1473577245042036736","","","in","Indonesia","0","1","0","https://x.com/SeventeenAU1/status/1473577245042036736","1216097265158217728","SeventeenAU1"
"1473071970392567809","Mon Dec 20 23:25:00 +0000 2021","0","Gimana gen Z g gampang stress. Liat teman seangkatan gaji udah puluhan juta udah kepikiran. Kayanya nih mereka2 harus banyak belajar juga sama angkatan bapak2 mereka boomer. Boomer tuh g semuanya negatif kok","1473071970392567809","","","in","Bogor, Jawa Barat","0","0","0","https://x.com/sudiandoyoVaVic/status/1473071970392567809","238964448","sudiandoyoVaVic"
"1472848381114339328","Mon Dec 20 08:41:27 +0000 2021","0","@moonjinjuseyo gen z ni lain sikit you marah habis you viral sampai tak sudah. jadi why don t you follow the flow and do reverse psychology. entah masa pedagogy tidur kot kat kelas merajuk bagai hello awak dibayar gaji utk mengajar suka2 tak nak halalkan ilmu bagai","1472849616877932552","","moonjinjuseyo","in","NAMJOON is the president ","0","1","0","https://x.com/jooniebbuin/status/1472849616877932552","222699691","jooniebbuin"
"1469007918204735488","Thu Dec 09 18:15:55 +0000 2021","1","Katanga gen Z nyari kerjaan yang seusai mental mereka. bukan karena gaji doang. related https://t.co/0WhE4hFESD","1469007918204735488","https://pbs.twimg.com/ext_tw_video_thumb/1469007893642973188/pu/img/SQKTVuIKWNlf-yLv.jpg","","in","","0","0","0","https://x.com/ciggrtestste/status/1469007918204735488","1313412058914848769","ciggrtestste"
"1467375724986204160","Sun Dec 05 06:36:08 +0000 2021","0","@nikamalaiman Boomer dekat Facebook bapak annoying. Dia terpaling engineer makan garam. Punya marah kalau gen z sentuh pasal gaji","1467382261918035971","","nikamalaiman","in","KL","0","1","0","https://x.com/asyraf_kmrddin/status/1467382261918035971","1186494349166575618","asyraf_kmrddin"
"1466410279076438017","Thu Dec 02 14:13:49 +0000 2021","0","2010 Gw FG keterima jd Back Office di prusahaan asuransi Tapi OUTSOURCE gaji 2.2jt maksimal. Dia Minta orang jgn salty??? trus orang2 harus bilang dia berhak dapet gaji gede biar sama kyk sirkel dia gitu??? Gen Z ini apa2 kena mental sih","1466410279076438017","","","in","Raccoon City","0","1","0","https://x.com/ongz87/status/1466410279076438017","281330430","ongz87"
"1466291658450870275","Thu Dec 02 12:23:00 +0000 2021","0","@johanesagung @ajiehatadji Beda jaman juga ga sih? Kayanya anak2 gen Z itu udah terbiasa dengan segala macem yang in automation gitu jadi ngerasa kaya hal2 kaya gaji dua digit tuh mereka udah patut dapet walaupun mereka blom ngapa2in? Karna faktanya ya kebanyakan tools hidup mereka udah instan gitu.","1466382388326457348","","johanesagung","in","From the womb to the world","0","0","0","https://x.com/thebeautraveler/status/1466382388326457348","443813725","thebeautraveler"
"1466361530190950402","Thu Dec 02 11:57:50 +0000 2021","0","@ayousssi Iya kan! Emg lo berprestasi dan cumlaude tuh lo bs ngsh apa ke perusahaan sih selayak apa lo dpt gaji 2 digit gitu.... ya idealis boleh tp realistis juga lah wkwk dasar gen Z","1466376055128608776","","ahreumdawn","in","","0","1","0","https://x.com/monstxter/status/1466376055128608776","1456585453","monstxter"
"1466291658450870275","Thu Dec 02 11:02:48 +0000 2021","0","@ajiehatadji @thebeautraveler Iya kan FG sekarang (apalagi angkatan covid) banyaknya gen Z Cuman ya makin kesini makin jadi patokan aja kudu gaji 2 digit padahal pengalaman kerja juga belum ada kan.","1466362208204455942","","ajiehatadji","in","","0","1","0","https://x.com/johanesagung/status/1466362208204455942","55139518","johanesagung"
"1465660163696648194","Tue Nov 30 13:39:40 +0000 2021","0","@artifaaysaf @SandarKlinton Drpd nyalahin gen z mending dukung mas junial naik gaji","1465676906213175297","","peppermyntchoco","in","Indonesia","0","0","0","https://x.com/vinxkvn/status/1465676906213175297","435861903","vinxkvn"
"1464483049354129409","Sat Nov 27 06:35:42 +0000 2021","1","Sepupu gw baru baru kelas 10 udah nimbrung ngobrolin gaji dan prospek karir sama sepupu2 lain umur 25+ gils anak gen Z beneran ambis bgt ga paham lagi . Tapi bagus sih . https://t.co/zqsVxi9Nab","1464483049354129409","https://pbs.twimg.com/tweet_video_thumb/FFLjkObUUAA9HHO.jpg","","in","","0","0","1","https://x.com/RMLostAirpods/status/1464483049354129409","57844616","RMLostAirpods"
"1464289222513156099","Fri Nov 26 17:45:30 +0000 2021","0","Di pamerin gaji pertama doi ikut senang si Gen Z sudah beranjak dewasa ","1464289222513156099","","","in","","0","0","0","https://x.com/dbasskk/status/1464289222513156099","1384841777648082944","dbasskk"
"1463914808365830146","Thu Nov 25 16:57:43 +0000 2021","0","Semua benda naik harga lebih 50%. Gaji tak naik malah dipotong. Macam mana lah budak2 millenial ni nak survive. Kitorang ni mmg sampai atok2 pun kerja. Boomer bagi duit kat Gen Z mmg tadehal. aihhh","1463914808365830146","","","in","Malaysia","0","0","0","https://x.com/kamarultalha/status/1463914808365830146","1312319538","kamarultalha"
"1463273244039864327","Tue Nov 23 22:28:23 +0000 2021","0","Apalagi dengan gen millenial dan gen Z sekarang yg habit-nya emang kutu loncat karena satu dan lain hal susah susah gampang buat mereka loyal sama perusahaan. Banyak faktor yg membuat mereka begitu nggak cuma sekadar masalah gaji. Intinya ya sukses deh buat kita semua.","1463273247672131586","","sayangjeonghan","in","Indonesia","0","0","0","https://x.com/sayangjeonghan/status/1463273247672131586","91982829","sayangjeonghan"
"1462622338352959492","Mon Nov 22 03:23:36 +0000 2021","0","Ngl budak2 gen z yg lahir tahun 2000 ke atas memang banyak kahwin awai. Depa dapat duit mana eh? Bussiness ka? Kebanyakkan budak 90s still struggle dengan gaji min. ","1462622768852176900","","niiisaaahh","in","","0","0","0","https://x.com/niiisaaahh/status/1462622768852176900","284467936","niiisaaahh"
"1461120035410219009","Wed Nov 17 23:52:17 +0000 2021","0","Eh..bkn takat gen Z je la tak ckup duit/gaji nak tampung hidup..yg gen Y ni pun masih tenggelam timbul..dgn harga brg bahan basah semua naik..yihhhhh!!!","1461120035410219009","","","in","Shah Alam","0","0","0","https://x.com/FAAReyha/status/1461120035410219009","784735591","FAAReyha"
"1460980369591705606","Wed Nov 17 14:58:09 +0000 2021","1","Negara lain naikkan gaji minimum? Mesti pekerja kat sana tak reti bersyukur. Hampa ni manja sangat dasar Gen Z. Makan ubi rebus sudah la elok ja boleh hidup. Dah dah baca apa lagi? Pi cari keja kedua pulak. Esok pagi nak kena masuk office lagi.","1460985616498237444","","AimanDin_","in","","0","0","0","https://x.com/AimanDin_/status/1460985616498237444","275430445","AimanDin_"
"1460968243007406085","Wed Nov 17 14:06:29 +0000 2021","0","@husniripaai Haha bodo mok. Byk bdk2 mcm ni aku jmpa. Tulis kt sini bkn main kencang. Jmpa depan2 tersipu2 malu. Dh biasa dh. Especially bdk2 Gen Z yg mintak kerja. Self value haprak mintak gaji 3k. Gampangz","1460972612960460803","","husniripaai","in","damansara","0","1","0","https://x.com/firdaussamingan/status/1460972612960460803","340284635","firdaussamingan"
"1460970279987908610","Wed Nov 17 13:57:12 +0000 2021","0","Bodo apa dia cakap susah sikit dah bising???? Weh bodo dia tak tahu ke gen z ni la yang buat dua tiga kerja sebab nak harapkan gaji satu kerja je tak cukup. Eh nyirapnya org tua tak sedar diri ni","1460970279987908610","","","in","","0","0","0","https://x.com/qtpieee/status/1460970279987908610","199646521","qtpieee"
"1460360231746109442","Mon Nov 15 21:33:06 +0000 2021","0","Survey: Generasi Milenial dan Gen Z Lebih Suka Terima Gaji Pakai Bitcoin cs. Ketimbang Uang - VOI: Generasi muda ingin digaji dengan kripto Bitcoin cs ketimbang dengan uang. https://t.co/MA9HU5LNi5 #bitcoin #bisnis","1460360231746109442","","","in","Indonesia","0","0","0","https://x.com/IchikaYuii/status/1460360231746109442","511477670","IchikaYuii"
"1460263997328936968","Mon Nov 15 15:10:42 +0000 2021","6","My biggest concern on Gen Z. Kalau berkerja kerja la betul² bukan sekadar kerja cukup bulan ambil gaji. Attitude tak baik you effect company. Bila company effect you pun hilang kerja. Especially F&amp;B industry. Bila ambil order tunjuk attitude yg baik.","1460263997328936968","","","in","Johor Bahru ","0","1","2","https://x.com/aziziarshad/status/1460263997328936968","189668194","aziziarshad"
"1459767661252866055","Sun Nov 14 06:18:26 +0000 2021","0","STYLIST KQ NAIK GAJI SEMUA THE OUTFIT R IN POINT VVVV GEN Z NOT CONCEPTUAL GW SUKA BG","1459767661252866055","","","in","she/her","0","0","0","https://x.com/hongphoria/status/1459767661252866055","2392190736","hongphoria"
"1456974640685871108","Sat Nov 06 13:19:58 +0000 2021","0","Anak gen z gue perhatiin kerja tuh bukan buat duit deh tp lebih ke kesenangan dan bahas2 mental. It s okay sih tp ga semudah itu. Magang ga di gaji aja gue mikir. Lebih butuh duit.","1456974640685871108","","","in","","0","0","0","https://x.com/apiillaz/status/1456974640685871108","1275180206550945792","apiillaz"
"1456022930912022529","Wed Nov 03 22:18:12 +0000 2021","0","Gen Z Harus Tahu Ini 8 Jurusan dengan Prospek Gaji Tinggi Klik untuk baca: https://t.co/gV2Amd7OY2","1456022930912022529","","","in","Gianyar, Indonesia","0","0","0","https://x.com/CuriousHuman21/status/1456022930912022529","1040106097195999235","CuriousHuman21"
"1455848576936931331","Wed Nov 03 10:45:23 +0000 2021","0","yaallah jangan jauh jauh rumah deh. *yang disuruh vote gen z gaji kecil beli album mereka yang bisa beli rumah aja nangis dulu","1455848576936931331","","","in","THEY/THEM, 23+","0","0","0","https://x.com/gowonizm/status/1455848576936931331","1629172164","gowonizm"
"1455517340477505541","Tue Nov 02 12:49:10 +0000 2021","2","Dengan memilih jurusan yang tepat dan sesuai minat para calon mahasiswa atau Gen Z bisa saja mendapatkan kesempatan berkarier dengan gaji tinggi. https://t.co/2amOUkXYds","1455517340477505541","","","in","Jakarta","0","0","0","https://x.com/kompascom/status/1455517340477505541","23343960","kompascom"
"1455204489951023104","Mon Nov 01 16:06:01 +0000 2021","0","Di kerjaan terakhir 9-5 boss asyik rekan kerja gen Z mostly Australian ngantor naik bus yg dr halte dekat rmh weekend gak ada di suruh lembur klo lembur weekdays harus izin dulu di pagi nya gaji lumayan cukup balik ke indo milih gak mau kerja kantoran lg trauma soalnya ","1455204489951023104","","","in","Pontianak","0","0","0","https://x.com/hadi_yadid/status/1455204489951023104","132176717","hadi_yadid"
"1454788403774439442","Mon Nov 01 03:26:01 +0000 2021","0","@txtdrakuntansi Kyk rangkap sekalian jadi corporate secretary gt walau gaji ga naik. Pas pindah company ditanyain ini itu bisa sampe gw dimintain ngerjain visio jg bisa. Skrg udh bolak balik Singapore. Btw gw gen Z dan kebiasaan disuruh2 dr dulu di sekolah-kampus ga pernah nolak.","1455013230707822596","","amberlavenderco","in","Indonesia","0","1","0","https://x.com/amberlavenderco/status/1455013230707822596","1285779951858315264","amberlavenderco"
"1454701161005531138","Sun Oct 31 06:45:58 +0000 2021","0","Gen z will be saying Merawat ortu lebih berat dari merawat bayi ⏩ tunggu sampe merasakan kehilangan yah Nanti mau pisah rumah atau kamar saja sama pasangan klo udah nikah klo ga nanti stres ⏩ ga pernah bucin kau heh?!! Gaji di bawah umr? Apa yang mau dibanggain? https://t.co/WUw9jp7IBd","1454701161005531138","https://pbs.twimg.com/tweet_video_thumb/FDAi_Y1UYAM3yvu.jpg","","in","Indonesia","0","1","0","https://x.com/nahlaeva/status/1454701161005531138","70875421","nahlaeva"
"1450093084616757252","Mon Oct 18 13:43:07 +0000 2021","0"," kan bisa kpr iya tp dgn gaji pas2an palingan nyicil 20 taun. terus emang dikira gen z dan millenial ga bakal start a family? in 20 fucking years we could ve raised a kid sampe SMA in a fucking shoe box","1450095096070688771","","_1251am","in","","0","1","0","https://x.com/_1251am/status/1450095096070688771","181974537","_1251am"
"1448499237516308480","Thu Oct 14 04:01:44 +0000 2021","0","Gak dimana2 ini mah. Harga properti makin melambung. Kebutuhan makin banyak tapi gaji segitu2 aja. Siap2 Gen Z.","1448499237516308480","","","in","Cipanas, West Java, Indonesia","0","0","0","https://x.com/rubigilang/status/1448499237516308480","364765968","rubigilang"
"1444082359662374920","Fri Oct 01 23:30:38 +0000 2021","0","Di ada beberapa gen z apply. Digossipin sama boss2 pengalaman 1 tahun minta gaji 10jt ","1444082359662374920","","","in","Jakarta Capital Region","0","0","0","https://x.com/poyoyopiyopiyo/status/1444082359662374920","763595792","poyoyopiyopiyo"
"1443821161574326272","Fri Oct 01 06:12:44 +0000 2021","1","Ya Allah so true .. gen Z be like tak sambung belajar pun gaji sama je dgn yg belajar tinggi2.. sedih ","1443821161574326272","","","in","Selangor, Malaysia","0","0","0","https://x.com/syaf_faa/status/1443821161574326272","2985102355","syaf_faa"
"1443651175430033422","Thu Sep 30 18:57:16 +0000 2021","5","kayaknya daripada nyinyirin soal gen z fresh graduate minta gaji gede atau gen z sma - kuliah magang di banyak tempat coba ditelusuri deh mereka belajar kayak gitu dari mana hehe","1443651175430033422","","","in","alyacholid@gmail.com","0","1","2","https://x.com/alyacholid/status/1443651175430033422","1019446122266353664","alyacholid"
"1427962827831054343","Wed Aug 18 12:05:21 +0000 2021","0","Dengarkan seruanku wahai para Gen Milenials maupun Gen Z! Pastikan lagi kamu adl Mahasiswa + Freelancer Fresh Graduate Pekerja dengan gaji pas-pasan...dst #CicilLogamMuliaMASKu #WOMFinance https://t.co/XFrBkJjE6j","1427964834503487494","https://pbs.twimg.com/media/E9EmYwtVEAQy-lk.jpg","kookoari","in","Tangerang, Indonesia","0","1","0","https://x.com/kookoari/status/1427964834503487494","591801841","kookoari"
"1425635146133245952","Thu Aug 12 23:04:49 +0000 2021","0","@leviosafa Jelas lah prejudice Karena ya gak semua juga sih anak gen Z dan lulusan covid kayak bgtu. Apa yg aku tulis kemaren tu bentuk kekesalanku terhadap beberapa anak saja yg literasinya g bagus omongannya tinggi dan kasus2 fresh grad yg minta gaji gede selama pndemi ini","1425956466289090560","","leviosafa","in","Jakarta pusat","0","0","0","https://x.com/izy_bensa/status/1425956466289090560","392570731","izy_bensa"
"1418910136916221959","Sat Jul 24 12:25:13 +0000 2021","0","Aneh bgt kalo alesan pengen keluar bumn gara2 gaji kecil sama kurang tantangan. Goblok lah si paling iye sok pinter. Tahan brp lama sih kerja kena pressure terus lagian gaji kecil gara2 maneh kan masuknya masih entry level. Aneh bgt ini freshgrad gen z.","1418910136916221959","","","in","","0","0","0","https://x.com/satriaprilio/status/1418910136916221959","2356687172","satriaprilio"
"1410990226617425921","Fri Jul 02 15:54:19 +0000 2021","17","Rata2 yg reply di bawah sepertinya dari Mid Class hingga Upper Class terutama para pengusaha Tp di sisi lain. Banyak gen z seoantaran Gw yg rebel. Masih bergantung hidupnya pada perusahaan. Padahal owner perusahaan juga puyeng mikirin gaji &amp; balik modal...","1410990226617425921","","","in","Yogyakarta, Indonesia","0","0","1","https://x.com/AndyHuskyyy/status/1410990226617425921","1134854001827041281","AndyHuskyyy"
"1409393196329668608","Mon Jun 28 06:08:17 +0000 2021","1","Ini gimana para gen Z dan millenial bisa cepet punya rumah? Lah wong diumur 20an gaji abis buat test covid sama beli masker + vitamin","1409393196329668608","","","in","Surabaya","0","0","0","https://x.com/Nanonano_nougad/status/1409393196329668608","982547768672579585","Nanonano_nougad"
"1405900288616132610","Fri Jun 18 14:48:43 +0000 2021","1","Liat tiktok cah gen Z kok bisa jumawa sama gajinya sampai pede nunjukin nominalnya Iya sih masih euforia gaji pertama fresh graduate jadi ada semacam pride punya duit sendiri dibanding temen seumurannya bbrp tahun ke depan endebra endebru mental illness karena kerja kantoran","1405900288616132610","","","in","Minggir, Indonesia","0","0","0","https://x.com/yubdireja/status/1405900288616132610","1333692103604375553","yubdireja"
"1402643508142383104","Wed Jun 09 15:15:46 +0000 2021","13","@hrdbacot Dari tahun lalu kondisi kantor mulai gonjang ganjing karna pandemi pemotongan gaji mulai dari 50% naik menjadi 70%. Karyawan gen Z sudah mulai cabut sayangnya si A gak bisa cabut karna udah umur hampir 40 tahun...","1402645605386625029","","elisaapphire","in","Como, Italy ","0","1","0","https://x.com/elisaapphire/status/1402645605386625029","1420606188","elisaapphire"
"1402311869528870914","Tue Jun 08 17:09:38 +0000 2021","0","gen z nih kadang gaji mau seberapapun kalo lifestyle gamau diturunin sama aja pembodohan mau dibali kek dimanapun kek","1402311869528870914","","","in","","0","0","0","https://x.com/peridotlust/status/1402311869528870914","800353562236588032","peridotlust"
"1399848856192393217","Tue Jun 01 22:02:29 +0000 2021","1","milenial aja udah pusing beli rumah apa kabar gen z. mana ada perusahaan tiba2 ngasih lo gaji 10jt pas baru mulai kerja.","1399848856192393217","","","in","Pematangsiantar","0","0","0","https://x.com/rnldnbbn/status/1399848856192393217","9185342","rnldnbbn"
"1396328147436457985","Sun May 23 04:52:27 +0000 2021","1","Semakin hari ya emang zaman semakin mudah. Diluar masalah gaji kan emang nyata berjuta kemudahan bertambah setiap harinya. 20-30 tahun kedepan juga gen Z bakalan ngeluh zamannya susah kok dibanding generasi baru nanti","1396328147436457985","","","in","Indonesia","0","0","0","https://x.com/allebaimm/status/1396328147436457985","726554852","allebaimm"
"1393768682728288259","Sun May 16 03:33:22 +0000 2021","2","@mkini_bm Millenial &amp; Gen Z Malaysia dibayarnya gaji minima 1200 gaji median tak sampai rm3000 sapa nak membiak","1393771529230438413","","mkini_bm","in","","0","0","0","https://x.com/malaypolecon/status/1393771529230438413","1231592982714843136","malaypolecon"
"1386652143491239940","Mon Apr 26 12:04:08 +0000 2021","1","TANGGAL 25 SEMAKIN DEKAT CEEEKK! Anak ahensi sampe budak korporat lagi bahagia-bahagianya menghitung hari karena 46% Milennials &amp; Gen Z punya pola belanja online setiap sebulan sekali! Udah siap hempas gaji? Mau beli apa bulan iniiii?","1386652311699685378","","SocialightsID","in","Jakarta, Indonesia","0","1","0","https://x.com/SocialightsID/status/1386652311699685378","1241217632","SocialightsID"
"1385752570103164928","Sat Apr 24 00:28:53 +0000 2021","4","Tulah pasal. Pastu kau marah budak budak zaman sekarang marah Gen Z dah tak suka tuntut ilmu. Budak budak baru habis SPM yang ada cita-cita nak jadi engineer pun kau discourage suruh jangan apply course Engineering hanya sebab gaji kat Malaysia underpaid ","1385752570103164928","","","in","Boss Babe ","0","0","0","https://x.com/dismynonosquare/status/1385752570103164928","1262251430930296833","dismynonosquare"
"1385564854820343808","Fri Apr 23 13:04:49 +0000 2021","0","@nicotinecakes stereotip kerja enak gaji gede orang taun 80-90an itu manager pns atau akuntan kerja 9-5 bener bener ideal buat mereka sedangkan gen z ini kebanyakan mengidealkan kerja yang lebih eksploratif &amp; fleksibel yg biasanya ada di industri kreatif bagi sebagian orang 9-5 rlly sucks","1385580421509877767","","gelatinbabi","in","ava gandum","0","1","0","https://x.com/CHAOTICSUMMER/status/1385580421509877767","971336148801892352","CHAOTICSUMMER"
"1385159846199062528","Thu Apr 22 09:13:37 +0000 2021","0","naikin gaji editor creker GILAAAAAA NGEDITNYA BENER BENER DIBIKIN KEK ANAK GEN Z CUYYYYYYY","1385159846199062528","","","in","tbz evnne bonedo zb1 enha svt ","0","1","0","https://x.com/lamourdhiver/status/1385159846199062528","721680913818476545","lamourdhiver"
"1382257350820569088","Wed Apr 14 09:00:08 +0000 2021","0","Semoga gen z jd tenaga pendidik aware sm siswanya jgn cm mau gaji","1382257350820569088","","","in","","0","0","0","https://x.com/ludiavic4/status/1382257350820569088","1014864700188786688","ludiavic4"
"1371412067538767875","Tue Mar 16 05:47:59 +0000 2021","0","@ridehaluing Semoga beneran intern ya jangan gaji secuil dikasih tanggung jawab tinggi. makmur tidak asam lambung naik testis panas kebanyakan duduk lembur. Jangan sampai Gen Z cepet mati bahkan susah menghasilkan keturunan.","1371699746780286978","","","in","Indonesia","0","0","0","https://x.com/wewegomb/status/1371699746780286978","1247107238373642241","wewegomb"
"1371497253601378304","Tue Mar 16 05:43:02 +0000 2021","0","@taktekbum Ya ampun umur gen Z bakal pendek kayanya. baru mulai kerja gaji secuil tanggung jawab gede makmur kaga asam lambung bikin meledak. udah menikah pun susah punya anak spermanya abis kebanyakan duduk lembur.","1371698502175129602","","taktekbum","in","Indonesia","0","1","0","https://x.com/wewegomb/status/1371698502175129602","1247107238373642241","wewegomb"
"1363692538993864704","Mon Feb 22 03:30:12 +0000 2021","1"," Millennial freshgrad ... freshgrad sekarang mah rata2 bukan millennial tapi gen Z Dan ini jelas opini dari bos ahensi lokal yg gak tau gaji rata2 freshgrad dan kenaikan gaji karyawan di kantornya sendiri ","1363692538993864704","","","in","","0","0","0","https://x.com/carnivo_rawr/status/1363692538993864704","42349738","carnivo_rawr"
"1360967135808217095","Sun Feb 14 15:00:25 +0000 2021","0","Lets Confuse Gen Z Gaji 250 Ora Umum!! Ora Umum!! https://t.co/Kk5JHTwbI1","1360967135808217095","https://pbs.twimg.com/media/EuMgZbpUcAUn3s6.jpg","","in","Jakarta Pusat, DKI Jakarta","0","0","0","https://x.com/nungkids/status/1360967135808217095","138751231","nungkids"
"1360783126675349505","Sun Feb 14 06:11:59 +0000 2021","0","@penyejuk_hati_ iya dan pekerjaan yg bisa menghasilkan gaji segitu ya mayoritas bukan job kantoran atau employee. Tetep ngga relate. Ini malah jd kabar baik buat gen Z dan seterusnya. Di sekolah mereka udah paham akan content creating makanya di early 20 banyak yg udah keliatan hasilnya.","1360834152535257088","","penyejuk_hati_","in","","0","0","0","https://x.com/downnnyy/status/1360834152535257088","370594006","downnnyy"
"1350651799556952065","Sun Jan 17 03:50:57 +0000 2021","0","Harapnya so-called Gen Z yang jadi boss ni tak berkira lah nak bagi gaji mahal.","1350651799556952065","","","in","","0","0","0","https://x.com/ariffarifin/status/1350651799556952065","2879580294","ariffarifin"
"1350110165148680192","Sat Jan 16 01:24:56 +0000 2021","0","@hrdbacot Tapi gw ngeliat fresh grad jaman skrg naiknya ga signifikan dibanding gw pdhl selisih &gt;5 tahun dan biaya hidup lumayan naiknya. Gaji gw sbg middle jg stuck. Millennial yg dl kutu loncat mulai mikir2 krn bbrp kali kena krisis. Jd mikir skrg gen Z challenge nya udh beda bgt ya.","1350252665356259329","","hrdbacot","in","-","0","1","0","https://x.com/quarantineworks/status/1350252665356259329","1274354841817452546","quarantineworks"
"1348602904807051266","Mon Jan 11 12:12:44 +0000 2021","0","@juyeonmn PLISSS at this rate gaji gw 70% ke bills semua gini bgt jadi gen z","1348603750143852545","","chronicleofIeo","in","","0","0","0","https://x.com/napolonte/status/1348603750143852545","915082603299979265","napolonte"
"1346685367907303424","Wed Jan 06 05:53:26 +0000 2021","0","@ursuppsystemm gaji pertama untuk orang tua","1346696357189361664","","","in","","0","0","0","https://x.com/primask_/status/1346696357189361664","1065981194","primask_"
"1344189896185925637","Thu Dec 31 13:39:09 +0000 2020","0","@Imaassa__ Terimakasih banyak kakak cantik. Lantas jika guru tdk anda perbolehkan untuk mengejar PNS gaji atau tunjangan sedangkan tugasnya mencerdaskan generasi bangsa dg tantangan gen Z sperti anda ? Bgmn bisa cerdas jika yg mengampu tugas mencerdaskan tdk disejahterakan?","1344639232116101120","","","in","Indonesia","0","0","0","https://x.com/ilmi_izza/status/1344639232116101120","3327426728","ilmi_izza"
"1327610101117509632","Sun Nov 15 15:07:51 +0000 2020","0","@Zulhend95969440 @Dodik85972254 @HukumDan @Khrisnapati Tm saya gaji di bawah umr meskipun kerja di pabrik dengan ada nya omnibus maka ke setaran akan terjadi.","1327991712074010625","","imibnuumar","in","Cilamaya, Indonesia","0","1","0","https://x.com/aririswanto249/status/1327991712074010625","716297329","aririswanto249"
"1319891815139426304","Sat Oct 24 06:41:45 +0000 2020","0","Bisa gak pemerintah melalui @kemkominfo itu nangulangin berita HOAX terutama di WA group banyak banget yang kemakan berita HOAX di WA group terutama para generasi boomer millenial dan Gen Z Tolong biaya triliunan jangan buat dipake gaji BuzzeRP aja mending dipake buat ini","1319891815139426304","","","in","Banjarmasin","0","0","0","https://x.com/hendyanugerah/status/1319891815139426304","1001502626305818624","hendyanugerah"
"1318398821399867392","Tue Oct 20 04:41:07 +0000 2020","1","@IzzatSolihuddin Come on. Zaman 60 an dulu masa start kerja gaji rendah kan berjaya je redah segala benda. Takkan dh berumur gaji berkepuk baru nk manja mcm org muda gen z. /s","1318411902498729985","","IzzatSolihuddin","in","","0","0","0","https://x.com/padi2105/status/1318411902498729985","453662358","padi2105"
"1315221659268247553","Sun Oct 11 09:24:15 +0000 2020","0","Beberapa Generasi Z berusaha memulai karir mereka faktanya kebanyakan dari mereka sangat pesimis tentang prospek pekerjaannya. Gen Z tahu bahwa mereka akan tumbuh dengan pekerjaan yang membosankan dengan gaji rendah sementara beberapa dari mereka bahkan takut melakukan pekerjaan.","1315221665412870147","","xxrebahaners","in","my universe","0","1","0","https://x.com/xxrebahaners/status/1315221665412870147","1274986498014633986","xxrebahaners"
"1314191685081989120","Thu Oct 08 13:11:28 +0000 2020","0","Ingin gaji 2/3 digit tp kerjaannya rebahan doang -gen z","1314191685081989120","","","in","✉️ Line/Wa only
🫧𓇼𓏲*ੈ✩‧₊˚🎐","0","0","0","https://x.com/Swe0kjin/status/1314191685081989120","1033286091430756353","Swe0kjin"
"1313781087437430784","Wed Oct 07 11:45:32 +0000 2020","2","@inasdiahfa @ELYusro Mungkin maksudny gen z kalangan menengah pekerja kantoran Banyak memang yg nganggep asal kerja di tempat ber ac dibawah perusahaan yg bukan pabrik bukan buruh Padahal mau se bonafid apapun level titel kerjaan selama masih ngarepin di gaji tiap bulan ya hitungannya buruh jg","1313807668193050626","","inasdiahfa","in","Jakarta. Indonesia","0","1","0","https://x.com/salima252/status/1313807668193050626","1022448275767447552","salima252"
"1303928467726114817","Thu Sep 10 05:29:09 +0000 2020","1","Saya tidak merasakan kita mampu membendung hamparan ombak gaya pemikiran gen Z. Obey or die. Mungkin hari ini kita masih ada alternatif untuk mencari pekerja selain gen Z tapi dapat bertahan sampai bila? Adakah desakan gaji permulaan yang tinggi adalah bagus?","1303928478039855104","","HasyirHusam","in","Kuala Lumpur City, Kuala Lumpur Federal Territory","0","1","0","https://x.com/HasyirHusam/status/1303928478039855104","799300584100663296","HasyirHusam"
"1303540482673225729","Wed Sep 09 03:49:08 +0000 2020","0","@zuholymama terima gaji kak inget lu masih gen z","1303540921150046209","","zuholymama","in","she/her | fub free","0","1","0","https://x.com/acciohyuck/status/1303540921150046209","1153191263291658240","acciohyuck"
"1293053701154717696","Wed Aug 12 07:57:44 +0000 2020","1","@chacconut jangan jadiin perspektif orang lain ngebuat lu down skrng tergantung niat lu jadi polisi selama lu gak salah its totally fine. sesama gen z kita break down stereotype klo polisi gampang disogok jadi polisi b aja gaji nya ","1293456621402615808","","chacconut","in","oversharing place","0","1","0","https://x.com/bawellaa/status/1293456621402615808","1089166486646665223","bawellaa"
"1281955012160049154","Tue Jul 14 05:15:28 +0000 2020","0","@PNS_Ababil Gen Z mending masuk startup dong biar bisa flexing gaji besar + ganti gadget mahal tiap bulan + liburan ke tempat fancy","1282906538147889152","","PNS_Ababil","in","내 꿈결 같은 넌 나만의 ...","0","0","0","https://x.com/_kiseuhae/status/1282906538147889152","392202744","_kiseuhae"
"1282614232387686400","Mon Jul 13 09:53:57 +0000 2020","8","mana penjilat yang pilih wakil dah nak mampus macamni?dahlah lapuk buruk takboleh pakai pastu tak professional and tak sophisticated. tua bangka mulut bau gigi reput ni yang korang sanjung. rethink ur choices Gen Z. THIS IS Y ALL GOVERMENT? gaji diorang bukan murah rakyat bayar","1282614232387686400","","","in","","0","4","2","https://x.com/0lymfea/status/1282614232387686400","1137543460053852162","0lymfea"
"1265500783967121409","Wed May 27 16:36:58 +0000 2020","0","@gitaputrid @berlianidris Namanya juga #revolusimental bodo amat masyarakat Generasi Z nanti bakal kayak apa. Pemerintah menilai bahwa mereka (Gen Z) bisa otodidak. Toh guru2 jg skrg ngajarnya 'kebanyakan' kurang passion karena gaji ga sesuai.","1265683423714140162","","gitaputrid","in","indonesia","0","0","0","https://x.com/liinaimnida/status/1265683423714140162","360408739","liinaimnida"
"1262917599500791808","Thu May 21 00:57:53 +0000 2020","0","@angga_eighties Semua pasti melalui fase itu pertama kali kerja dan pegang uang keringat sendiri. Cuma masalahnya banyak yang tenggelam dan berlarut-larut hingga melupakan skala prioritas. Milenial sama Gen Z coba mungkin bisa hidup mandiri alias tidak nebeng ortu. Manage hdp sesuai gaji ","1263272769581506562","","angga_eighties","in","Indonesia","0","0","0","https://x.com/novemlawalata/status/1263272769581506562","100132708","novemlawalata"
"1262288154490335232","Mon May 18 22:17:57 +0000 2020","0","@501Awani Zaman moden itulah bahasa gen y dan gen z awak tu babyboomer ikut sahaja lah suara rakyat Gaji wakil rakyat pun rakyat yang bayar Kuli ikut sahajalah cakap Majikan Menteri umno otak macam kayu semua nak di ajar ","1262507744969408512","","501Awani","in","Universiti Selangor ","0","0","0","https://x.com/nuansapetani/status/1262507744969408512","42782144","nuansapetani"
"1244216134657691649","Sun Mar 29 10:53:37 +0000 2020","0","Kalau rasa nak bagi gaji based on workload masa employ tu kata lagi based on workload bukan monthly sediakan basic dan workload allowance then baru lah valid zaman sekarang millenial kot banyak sistem gaji yg kreatif kata Gen Z sistem gaji pun mestilah kena creative ","1244216134657691649","","","in","Malaysia","0","0","0","https://x.com/shaq_131/status/1244216134657691649","238829754","shaq_131"
"1231930032181743616","Mon Feb 24 13:13:02 +0000 2020","0","Peringatan : kita Gen Z/Zoomer. Millenial tu yang tengah komplen gaji jurutera muda ciput","1231930032181743616","","","in","Selangor","0","0","0","https://x.com/fikriii_rairai3/status/1231930032181743616","265837202","fikriii_rairai3"
"1226034188639514625","Sat Feb 08 06:45:03 +0000 2020","0","Selain Gaji Besar Ini Alasan Kenapa 10 Perusahaan Teknologi Ini Jadi Idola Generasi X Y dan Gen Z. https://t.co/h6x7bgObRS","1226034188639514625","","","in","Jakarta Capital Region","0","0","0","https://x.com/BINUSCAREER/status/1226034188639514625","152915568","BINUSCAREER"
"1224564543143067648","Tue Feb 04 05:25:13 +0000 2020","0","Kesian cikgu zaman sekarang. Apa masalah pelajar sekolah gen Z? Ini memang dah confirm parent diorang yang salah. Jadi guru ni susah tahu tak? Kadang2 sampai keluarkan duit sendiri untuk kebajikan pelajar. Yang kata guru gaji besar tu memang tak tahu apa2.","1224564543143067648","","","in","Zurich, Switzerland","0","0","0","https://x.com/hamedsaharani15/status/1224564543143067648","36288119","hamedsaharani15"
"1219790955336749056","Wed Jan 22 01:58:02 +0000 2020","0","@Kurniawansigtw Ngene wae saiki mereka pekerja aktif neng ngendi gajine piro ? Wong omong kudu podo no karo sek dilakoni. Nek misal dee ming pengalaman ngalami gaji UMK la aku yo pernah. Nyatane yo urip sejahtera iso dolan dolan ng Hima rokokan bareng ro koe ro si jari lentik @99Atha wkwk","1219801364802359298","","kswahyudix","in","Yogyakarta, Indonesia","0","1","0","https://x.com/EFathumina/status/1219801364802359298","611309176","EFathumina"
"1219770731879374848","Tue Jan 21 23:56:19 +0000 2020","0","Judul mu ganti Efektivitas Keuangan dengan gaji 1700K - 2000K kwi malah mashoookkkk","1219770731879374848","","","in","Yogyakarta, Indonesia","0","0","0","https://x.com/EFathumina/status/1219770731879374848","611309176","EFathumina"
"1218157287044534272","Fri Jan 17 13:09:26 +0000 2020","0","@businessinsider Asosiasi antara Besaran Gaji dan Nilai Perusahaan (Studi Kasus Pada Gen Z)","1218158388242071552","","BusinessInsider","in","Jakarta Pusat, DKI Jakarta","0","0","0","https://x.com/ZoraNayaka/status/1218158388242071552","324717523","ZoraNayaka"
