"conversation_id_str","created_at","favorite_count","full_text","id_str","image_url","in_reply_to_screen_name","lang","location","quote_count","reply_count","retweet_count","tweet_url","user_id_str","username"
"1798135694315196924","Tue Jun 04 23:32:11 +0000 2024","0","MIRISBonus Demografi atau Bencana Demografi 2020-2030⁉️Pasalnya Kesehatan MENTAL Generasi Z dan MILENIAL sangatlah LEMAH‼️ Video ini menjelaskan PENTINGNYA MENANAMKAN SPIRITUALITAS dalam UPAYA Merawat MENTAL HEALTH GENERASI MUDA 🇲🇨 https://t.co/JajlIohuTL","1798135694315196924","","","in","","0","0","0","https://x.com/skjenius/status/1798135694315196924","1270931904737370112","skjenius"
"1795066764226695557","Mon May 27 12:17:39 +0000 2024","0","4). Usia Muda Lebih Kreatif. Perusahaan membatasi usia untuk posisi tertentu sebab ingin mencari kandidat yang memiliki pola pikir yang segar dan kreatif. Saat ini generasi Z dianggap lebih kreatif sehingga mampu beradaptasi dengan adanya perkembangan teknologi yang lebih maju.","1795066839069798511","","majalahsunday","in","Kelapa Gading, North Jakarta","0","1","0","https://x.com/majalahsunday/status/1795066839069798511","180240682","majalahsunday"
"1794412943821635764","Sat May 25 16:59:19 +0000 2024","0","Memang bagus generasi z aware terhadap kesehatan mental tetapi mereka dianggap menyebalkan oleh para generasi sebelumnya karena terbiasa dengan didikan militer dan silent treatment. Generasi z harus mengambil sisi baik dari generasi sebelumnya yaitu sikap ketangguhannya.","1794412947693072562","","majalahsunday","in","Kelapa Gading, North Jakarta","0","0","0","https://x.com/majalahsunday/status/1794412947693072562","180240682","majalahsunday"
"1793185717478154696","Wed May 22 07:42:45 +0000 2024","0","Generasi Z dikenal dengan kesadaran mereka akan pentingnya keseimbangan antara kehidupan pribadi dan profesional. Mereka tidak ingin terjebak dalam situasi yang mengorbankan kebahagiaan dan kesehatan mental mereka demi pekerjaan. https://t.co/49RQxnfNJc","1793185717478154696","","","in","Jakarta-Indonesia","0","0","0","https://x.com/ossekiki/status/1793185717478154696","310370564","ossekiki"
"1792542877073183152","Mon May 20 13:08:20 +0000 2024","0","Generasi Z hidup di tengah perubahan cepat dan tekanan digital yang intens. Ayo kita bahas beberapa gangguan psikologis yang mereka hadapi dan cara-cara efektif untuk mendukung kesehatan mental mereka. A Thread- https://t.co/15mmjU0nX6","1792542877073183152","https://pbs.twimg.com/media/GOBkOPnb0AEsdQW.jpg","","in","","1","1","0","https://x.com/slicexofxlifes/status/1792542877073183152","1763971465870008320","slicexofxlifes"
"1791826967739949152","Sat May 18 13:43:34 +0000 2024","1","terutama moril ya. gue tuh heran banget kenapa sih generasi di atas gen z pada nyinyir banget kalo generasi kita nih lebih peduli soal kesehatan mental? padahal kalo kesehatan mental seseorang gak dipiara dengan baik ketidaksehatan itu bisa 'nurun' ke anaknya","1791826969975513555","","minhoritas","in","미리 미안하지만 나 여기 잃어버리고 있어","0","1","0","https://x.com/minhoritas/status/1791826969975513555","1652696864872108033","minhoritas"
"1791767126497501503","Sat May 18 09:45:47 +0000 2024","0","Iya bangget lagi Sy ngerasain hal itu Pas di percaya pimpinan cari SDM baru di kantor Generasi gen Z Banyak ngeluhnya daripada kerjanya Ntar dirasa capek Berenti Ga mau menikmati proses Dari bawah menuju puncak tu Alasannya berenti Demi kesehatan mental Mental tempe","1791767126497501503","","","in","","0","0","0","https://x.com/ompayon/status/1791767126497501503","1554141582869540864","ompayon"
"1789295751279087869","Sat May 11 14:05:25 +0000 2024","0","INTRODUCE OUT TITLE _Teknologi Soothe: Implementasi Education of Coping (EOC) Untuk Meningkatkan Kesadaran Kesehatan Mental Generasi Z Di SMP Muhammadiyah 10 Yogyakarta_ https://t.co/EGEOdv57Fj","1789295751279087869","https://pbs.twimg.com/media/GNTa__JbEAELjTU.jpg","","in","","0","0","0","https://x.com/pkmpmsoothegame/status/1789295751279087869","1784445995138629632","pkmpmsoothegame"
"1785323496450793922","Tue Apr 30 15:01:05 +0000 2024","0","Kondisi tersebut menyebabkan generasi Z dinilai memiliki tingkat kebahagiaan rendah. Generasi Z cenderung rentan mengalami gangguan kesehatan mental. https://t.co/wMH6l4pSwo","1785323496450793922","","","in","Jakarta","0","0","0","https://x.com/kompascom/status/1785323496450793922","23343960","kompascom"
"1784923601193631959","Mon Apr 29 12:32:03 +0000 2024","0","Generasi Z generasi yang lahir di era digital dihadapkan dengan tingkat kebahagiaan yang rendah dan maraknya kasus gangguan kesehatan mental. https://t.co/55ID43UHBw #GenerasiDigital #GenerasiHappy #Generasimilenial #GenerasiZ #GenX","1784923601193631959","","","in","Surabaya","0","0","0","https://x.com/ngopibareng_id/status/1784923601193631959","1291246080269545472","ngopibareng_id"
"1776950729095401617","Mon Apr 08 00:05:20 +0000 2024","0","@tanyakanrl Zaman kolonial: prinsip yg penting hidup Abisnya generasi kakek nenek/ortu prioritasin dpt uang/get more Gen Z krn hidup di lingk yg udh damai jd lbh fokus ke kesehatan mental. Sibuk menuhin childishnya dulu krn didikan ala² warisan zaman penjajahan","1777125538798469300","","tanyakanrl","in","Indonesia","0","0","0","https://x.com/possileia/status/1777125538798469300","1471841244112297985","possileia"
"1774705801430794579","Mon Apr 01 07:57:05 +0000 2024","0","Kita bayangkan 10 20 30 50 tahun ke depan. Remaja-remaja indonesia masa depan akan memiliki orangtua yg aware kesehatan mental. Setiap generasi memiliki model pola asuhnya sendiri-sendiri. Gen Y dan Z dibesarkan oleh orangtua boomers yg semasa remajanya penuh tantangan","1774707542641541361","","cacazuhr","in","","0","1","0","https://x.com/cacazuhr/status/1774707542641541361","1568048282806685696","cacazuhr"
"1771847456902508793","Sun Mar 24 10:50:21 +0000 2024","0","@InvestorID Yg penting kesehatan mental dan tingkat kedisiplinan masyarakat sangat PENTING utk dilakukan evaluasi terutama generasi Z saat ini.","1771852044032163894","","InvestorID","in","𝓐𝓶𝓪𝓻𝓽𝓪","0","0","0","https://x.com/Toean_moeda101/status/1771852044032163894","1603307382364606465","Toean_moeda101"
"1768968082666766612","Sat Mar 16 11:50:31 +0000 2024","0","Kalo orang jaman dulu dan generasi sebelumnya biasanya cenderung punya ambisi untuk miliki rumah sendiri dengan penghasilannya. Beda dengan sebagian besar Gen Z atau anak jaman now yang lebih suka sewa apartemen ngontrak atau paling enggak gausah beli dulu. Kenapa sih emang? https://t.co/rEXJ93hrqW","1768968082666766612","https://pbs.twimg.com/media/GIyivC7a4AAYEgD.jpg","","in","Kelapa Gading, North Jakarta","0","1","0","https://x.com/majalahsunday/status/1768968082666766612","180240682","majalahsunday"
"1768892928104284248","Sat Mar 16 06:51:53 +0000 2024","1","Menteri BUMN Erick Thohir ajak generasi muda termasuk Gen Z pahami pentingnya literasi digital. Kegiatan ini dilakukan di SMA Negeri 1 Kabanjahe Sumatera Utara untuk edukasi tentang literasi digital &amp; kesehatan mental. #InfoKini https://t.co/KyESL0VWLc","1768892928104284248","","","in","Indonesia","0","0","0","https://x.com/TirtoID/status/1768892928104284248","4187275698","TirtoID"
"1766430706794979740","Sat Mar 09 11:47:53 +0000 2024","2","Suaminya udah tau istri skizo gak ya:( ---- Orang jaman sekarang kebanyakan ga aware sama kesehatan mental apalagi generasi milenial banyak yg remehin gen Z yg katanya drama sakit mental ini lah itu lah. Yang depresot sering diremehin pdhl bisa saranin konseling.","1766430706794979740","","","in","Bali, Indonesia","0","1","1","https://x.com/akuuwuphobia/status/1766430706794979740","2396802132","akuuwuphobia"
"1765708833803165779","Thu Mar 07 11:59:56 +0000 2024","0","Gunung Anyar Surabaya (05/03/2024) Isu kesehatan mental menjadi isu penting pada generasi masa kini generasi Z. Hal itu menjadi motivasi Fakultas Psikologi dan Kesehatan UIN Sunan Ampel Surabaya (FPK UINSA) adakan Orientasi Keprodian untuk Mahasiswa Psikologi Semester 4.","1765708961012207643","","fpkuinsa","in","","0","1","0","https://x.com/fpkuinsa/status/1765708961012207643","1407540427637465098","fpkuinsa"
"1765708833803165779","Thu Mar 07 11:59:25 +0000 2024","1","[FPK REPORT] Suarakan Isu Kesehatan Mental Generasi Z FPK Undang Psikolog Dalam Kegiatan Orientasi Keprodian Psikologi https://t.co/wpH6uZJ0VY","1765708833803165779","https://pbs.twimg.com/media/GIEO0WHbIAAToaO.jpg","","in","","0","1","0","https://x.com/fpkuinsa/status/1765708833803165779","1407540427637465098","fpkuinsa"
"1765682155001385050","Thu Mar 07 10:13:25 +0000 2024","0","yang dilaksanakan di Auditorium Lantai 2 gedung Fakultas Psikologi dan Kesehatan UIN Sunan Ampel Surabaya. Orientasi Keprodian kali ini bertemakan Kesehatan Mental Generasi Z: Fenomena dan Antisipasinya dengan narasumber yang dihadirkan yaitu","1765682157937463456","","fpkuinsa","in","","0","1","0","https://x.com/fpkuinsa/status/1765682157937463456","1407540427637465098","fpkuinsa"
"1765672686049751388","Thu Mar 07 09:36:24 +0000 2024","0","Gunung Anyar Surabaya (05/03/2024) Isu kesehatan mental menjadi isu penting pada generasi masa kini generasi Z. Hal itu menjadi motivasi Fakultas Psikologi dan Kesehatan UIN Sunan Ampel Surabaya (FPK UINSA) adakan Orientasi Keprodian untuk Mahasiswa Psikologi Semester 4.","1765672842576974002","","fpkuinsa","in","","0","0","0","https://x.com/fpkuinsa/status/1765672842576974002","1407540427637465098","fpkuinsa"
"1765636275539996809","Thu Mar 07 07:11:07 +0000 2024","0","gedung Fakultas Psikologi dan Kesehatan UIN Sunan Ampel Surabaya. Orientasi Keprodian kali ini bertemakan Kesehatan Mental Generasi Z: Fenomena dan Antisipasinya dengan narasumber yang dihadirkan yaitu","1765636278622773708","","fpkuinsa","in","","0","1","0","https://x.com/fpkuinsa/status/1765636278622773708","1407540427637465098","fpkuinsa"
"1764280549957595522","Sun Mar 03 13:23:58 +0000 2024","0","Forum Mahasiswa Berbicara 2024 tahun ini mengangkat tema GENERASI Z DARURAT KESEHATAN MENTAL: SANGGUP INDONESIA EMAS 2045? dengan point of view yang berfokus pada enam bidang : - Kesehatan Jiwa - Psikologi - Agama - Ekonomi - Pendidikan - Kebijakan Publik","1764280559164080337","","bemkmfkunand","in","Kampus FK UNAND Limau Manis","0","1","0","https://x.com/bemkmfkunand/status/1764280559164080337","165356760","bemkmfkunand"
"1762120000905834996","Mon Feb 26 14:18:41 +0000 2024","0","Mungkin enggak sih gerakan perubahan bisa buat di bidang pendidikan sama bidang psikologi? Dibidang pendidikan kaya mengajar keterampilan anak² yg putus sekolah. kesehatan mental buat generasi milenial &amp; gen z dlm menghadapi problematika hidup.","1762120000905834996","","","in","eaJ ❤️ 96L","0","0","1","https://x.com/astronotblue/status/1762120000905834996","1482358911613415425","astronotblue"
"1759436028715381185","Mon Feb 19 04:33:32 +0000 2024","0","https://t.co/JHyTZdT51o - Kesehatan mental yang juga dikenal sebagai mental health selalu menjadi topik yang hangat diperbincangkan di kalangan generasi muda terutama generasi Z yang lahir antara tahun 1997 hingga 2012. Kesehatan... Selengkapnya: https://t.co/hlThae9XuX https://t.co/TR4sDN8IWj","1759436028715381185","https://pbs.twimg.com/media/GGrFu9-bkAAc54w.jpg","","in","Jalan Raya Jakarta KM.4 Serang","0","0","0","https://x.com/BidikUtama/status/1759436028715381185","159098405","BidikUtama"
"1753827899680215502","Sat Feb 03 17:20:35 +0000 2024","0","3. Keterbukaan tentang Kesehatan Mental: - Gen Z lebih terbuka tentang kesehatan mental mrk. mungkin karena generasi sebelumnya telah membuka jalan untuk keterbukaan ini. - Internet dan media sosial memungkinkan berbagi cerita perjuangan kesehatan mental utk mengurangi stigma.","1753830857176179033","","Harmoni_Jiwa","in","Bandung, Jawa Barat","0","1","0","https://x.com/Harmoni_Jiwa/status/1753830857176179033","1745072175173054464","Harmoni_Jiwa"
"1753827899680215502","Sat Feb 03 17:15:01 +0000 2024","0","1. Generasi Gen Z dan Kesehatan Mental: - Laporan American Psychological Association menunjukkan bhwa Gen Z lebih mngkn melaporkan kesehatan mental yg buruk. - Tantangan stres dan depresi d kalangan Gen Z bisa lebih intens terutama dgn paparan berita dan media sosial yg besar.","1753829453837586751","","Harmoni_Jiwa","in","Bandung, Jawa Barat","0","1","0","https://x.com/Harmoni_Jiwa/status/1753829453837586751","1745072175173054464","Harmoni_Jiwa"
"1753538037894537266","Fri Feb 02 21:57:02 +0000 2024","0","Generasi yang lahir dari tahun 1997 - 2021 lebih peduli terhadap kesehatan mental. Lantas permasalahan apa saja yang banyak dihadapi Gen Z? https://t.co/PKE5jpgQ0W","1753538037894537266","","","in","ÜT: -6.2746861,106.8304126","0","0","0","https://x.com/wolipop/status/1753538037894537266","95579729","wolipop"
"1753128780993077310","Thu Feb 01 18:50:49 +0000 2024","0","Artikel pertama ngomongin tentang resiliensi dan kesehatan mental gen z pertanyaan besarnya: apakah gen z generasi lemah? Jawabannya tergantung~ No kidding that was a direct quote. Tapi tenang tetap disertai penjelasannya kok. Bahkan disebutkan teori yg mendasarinya juga.","1753128790363140329","","spelltrooper","in","from the river to the sea 🇵🇸","0","1","0","https://x.com/spelltrooper/status/1753128790363140329","880011673","spelltrooper"
"1752200084136309027","Tue Jan 30 05:20:29 +0000 2024","3","Gus Iqdam Khalid sebagai pembicara utama Pojok Dakwah di UMPO memberikan sorotan pada pentingnya menjaga kesehatan mental generasi Z. Aktivitas positif menjadi kunci untuk merawat kesehatan mental Selengkapnyahttps://t.co/VFEOGaeG2Q #MuhammadiyahJateng #Ponorogo #UMPO","1752200084136309027","","","in","Semarang, Jawa Tengah","0","0","0","https://x.com/pwmjateng/status/1752200084136309027","745130004955029505","pwmjateng"
"1751811752164221259","Mon Jan 29 03:37:23 +0000 2024","0","#BantuAlamGanjar Alam Ganjar ajak bersama-sama generasi z jaga kesehatan mental ... Respect Banget https://t.co/Sa5gQDCMX4","1751811752164221259","https://pbs.twimg.com/media/GE-vfzJacAA0V23.jpg","","in","Jakarta Capital Region","0","0","0","https://x.com/phobiyaa35/status/1751811752164221259","897208895680249856","phobiyaa35"
"1750830096892772821","Fri Jan 26 10:38:41 +0000 2024","13","Peduli Generasi Z dan Milenial Ganjar dan Mahfud MD Serius Tangani Kesehatan Mental @ganjarpranowo @mohmahfudmd #GanjarMahfud2024 #GanjarMahfudM3nang #L3bihbaik #GanjarPresiden https://t.co/4xmbGsvSm1","1750830610770489623","https://pbs.twimg.com/media/GEwzKLkboAAKgC3.jpg","_Rizmaya__","in","Indonesia ","0","0","7","https://x.com/_Rizmaya__/status/1750830610770489623","382522068","_Rizmaya__"
"1750795751993815512","Fri Jan 26 08:20:10 +0000 2024","0","Gen Z adalah generasi pertama yang murni lahir setelah massif-nya perkembangan media sosial. Mereka memprioritaskan perbedaan inklusi serta kesehatan mental. #BudayaOrganisasi #GenZ https://t.co/5fKND9q3m8","1750795751993815512","","","in","","0","0","0","https://x.com/OnlineInvestasi/status/1750795751993815512","1046666085632602113","OnlineInvestasi"
"1749029930732786112","Sun Jan 21 14:53:52 +0000 2024","0","@convomf Ini sih kayanya antara ada dendam pribadi atau ga emang kesehatan mental managernya yg terganggu karena menurut gue kalo kasusnya gini udah ga bisa bawa2 generasi mau itu gen z atau millenials hal kaya gini salah banget bangett dan ga bisa diwajarin.","1749082892582719929","","convomf","in","","0","0","0","https://x.com/sasasapii_/status/1749082892582719929","1522244246446632960","sasasapii_"
"1748800210112049650","Sat Jan 20 20:10:35 +0000 2024","4","Masukan untuk El Professor: 1. Kelanjutan UU EBT 2. Isu relasi antara pendidikan tinggi dan karier yang lagi hangat (termasuk MSIB) 3. Kesehatan mental anak-anak generasi Z (isu dan pendekatannya) 4. Hilirisasi yang bertanggung jawab--khususnya K3 dan kesejahteraan pekerja","1748800210112049650","","","in","Canberra, Australian Capital T","0","1","0","https://x.com/alfinfbasundoro/status/1748800210112049650","1467676691292049408","alfinfbasundoro"
"1748251593336824240","Fri Jan 19 07:50:35 +0000 2024","0","Nahh betul bu kalo gak di omelin karakter murid dimana Generasi Z yang sedikit2 mental health kesehatan mental karena mentalnya lembek good buu","1748251593336824240","","","in","Depok, Indonesia","0","0","0","https://x.com/radenputraa/status/1748251593336824240","175762265","radenputraa"
"1747608937690722700","Wed Jan 17 13:16:56 +0000 2024","0","Generasi Z yang sering menggunakan media sosial cenderung lebih rentan mengalami gangguan makan depresi dan kecemasan. Gen Z tidak tahu banyak tentang kesehatan mental karena mereka tumbuh dalam masyarakat yang lebih terbuka.","1747608947090243860","","Area_Pintar","in","Jakarta","0","1","0","https://x.com/Area_Pintar/status/1747608947090243860","144765747","Area_Pintar"
"1744767951079923812","Tue Jan 09 17:07:50 +0000 2024","0","I just published Mengatasi Tantangan Kesehatan Mental Generasi Z di Era Digital: Sebuah Tinjauan Mendalam https://t.co/GEDRR1sAmi","1744767951079923812","","","in","-6.268771,106.792409","0","0","0","https://x.com/coucheneuf/status/1744767951079923812","66323496","coucheneuf"
"1734749592192000161","Wed Dec 13 01:54:05 +0000 2023","0","Kini ketiga capres sedang beradu berebut suara. Sepertinya melihat dari apa yang sudah terjadi di lapangan ketiganya berebut suara Gen Z generasi yang dianggap lebih aware soal kesehatan mental. Lalu apa yang ditawarkan pada capres untuk menangani kesehatan mental?","1734753527325774318","","jurno_id","in","Baca 👉","0","1","0","https://x.com/jurno_id/status/1734753527325774318","1278195993796698112","jurno_id"
"1734212718348079544","Mon Dec 11 14:05:06 +0000 2023","3"," Guys ada yang mau bantu isi kuisioner tentang Kesehatan Mental dikalangan Generasi Z gak ya dimulai dari umur 15-25 tahun dom Jabodetabek dan luar jabodetabek. Masih butuh responden buat tugas akhir makasih banyak ya. Jangan lupa open dm hehe","1734212718348079544","","","in","Indonesia","0","9","0","https://x.com/tanyarlfes/status/1734212718348079544","1371650588","tanyarlfes"
"1734145462016618809","Mon Dec 11 09:37:51 +0000 2023","0","Sadar akan Kesehatan Mental Erisca Febriani Mengajak Generasi Z Untuk Menjaga Kesehatan Mental Lewat Novel Hello Salma https://t.co/VSLfnhJ0EW","1734145462016618809","","","in","Jakarta Capital Region","0","0","0","https://x.com/klikanggaran/status/1734145462016618809","725242420519014400","klikanggaran"
"1734027122212217035","Mon Dec 11 01:47:37 +0000 2023","0","Dampak Perkembangan Teknologi Pada Kesehatan Mental Generasi Z by: Qoriatun Nafiah Kuliah Al Islam - Mencerdaskan dan Mencerahkan : https://t.co/DNrk7HHkhH #teknoloji #generasiz #mentalhealth #kuliahalislam #kuliahislam","1734027122212217035","","","in","","0","0","0","https://x.com/kuliahalislam/status/1734027122212217035","1411660991323000837","kuliahalislam"
"1733756583505768502","Sun Dec 10 08:10:47 +0000 2023","0","@tvOneNews Jadi asumsinya itu dimata tim AMIN Generasi Milenial dan Gen Z itu ada gangguan Kesehatan Mental ya. Hmmm menarik juga jika mereka sangat yakin begini untuk data soal kesehatan mental para Generasi Milenial dan Gen Z.","1733761161089393080","","tvOneNews","in","Palembang, Sumatera Selatan","0","1","0","https://x.com/Putra_Adi_YM/status/1733761161089393080","276418841","Putra_Adi_YM"
"1733756583505768502","Sun Dec 10 07:52:35 +0000 2023","777","Pasangan AMIN Diyakini Mampu Perbaiki Kesehatan Mental Generasi Milenial dan Gen Z https://t.co/86SmXvGgkK","1733756583505768502","","","in","Pulo Gadung, Indonesia","9","31","207","https://x.com/tvOneNews/status/1733756583505768502","55507370","tvOneNews"
"1733405090822889869","Sat Dec 09 08:35:54 +0000 2023","0","Sebuah upaya menemukan akar problematika dakwah mahasiswa zaman now... Generasi Z yang konon rawan krisis kesehatan mental...","1733405095679918113","","muslimorid","in","Yogyakarta","0","1","0","https://x.com/muslimorid/status/1733405095679918113","116240004","muslimorid"
"1732930765690917084","Fri Dec 08 01:11:05 +0000 2023","0","Gen Z Bakal Jadi Generasi Paling Stres Perusahaan Harus Perhatikan Kesehatan Mental Pekerja https://t.co/YbxqgoYF0E","1732930765690917084","","","in","Indonesia","0","1","0","https://x.com/pikiran_rakyat/status/1732930765690917084","58880688","pikiran_rakyat"
"1732509368283976165","Wed Dec 06 21:16:36 +0000 2023","0","5 Masalah Kesehatan Mental yang Sering Dialami Generasi Z Relate Gak? https://t.co/p3GAquYZx3","1732509368283976165","","","in","","0","0","0","https://x.com/IDNTimesLife/status/1732509368283976165","1616334886759174144","IDNTimesLife"
"1732053031741763850","Wed Dec 06 07:38:47 +0000 2023","0","@kinankawuryan ini generasi yang gapeduli kesehatan mental sama suka jelekin gen z bukan?","1732303556294926741","","kinankawuryan","in","","0","0","0","https://x.com/crnbrrycbblr/status/1732303556294926741","1522450709974712320","crnbrrycbblr"
"1731976559672857017","Tue Dec 05 09:59:25 +0000 2023","4","Generasi Z sering bingung soal mengatur keuangan. Inflasi tinggi biaya kuliah mahal dan peluang kerja yang kompetitif jadi tantangan utama. Menurut riset lebih dari setengah Gen Z mengaku keuangan berdampak negatif pada kesehatan mental mereka. Penting banget buat kita https://t.co/IpeGToc0IK","1731976559672857017","https://pbs.twimg.com/media/GAk3YdeaIAAyTXu.jpg","","in","","0","0","1","https://x.com/satupersen_id/status/1731976559672857017","1097636424168263680","satupersen_id"
"1726747757606756688","Mon Nov 20 23:42:01 +0000 2023","18","Nah kandani kok Angka ini memperlihatkan bahwa kesehatan mental generasi Z (kelahiran 1997-2012) lebih rentan atau rapuh dibandingkan dengan generasi milenial (kelahiran 1981-1996) dan boomers (kelahiran 1946-1964).⁣ https://t.co/QsQanp9KXZ","1726747757606756688","https://pbs.twimg.com/media/F_ajqdzaYAA2mP1.png","","in","Jawi Wetan","1","7","1","https://x.com/C4k_D3pp/status/1726747757606756688","3797534720","C4k_D3pp"
"1726523355724124427","Mon Nov 20 08:50:19 +0000 2023","0","Ternyata Kesehatan Mental Gen Z Lebih Lemah Daripada Generasi Milenial dan Boomers https://t.co/011fbObW2G","1726523355724124427","","","in","Indonesia","0","0","0","https://x.com/milenialnewsid/status/1726523355724124427","1553283336973750272","milenialnewsid"
"1726014203998425457","Sat Nov 18 23:07:08 +0000 2023","3","Kesehatan Mental Generasi Z Lebih Rapuh Dibanding Milenial dan Boomers https://t.co/q6JXxE3OWo","1726014203998425457","","","in","Jakarta","3","1","1","https://x.com/liputan6dotcom/status/1726014203998425457","47596019","liputan6dotcom"
"1724386481320710243","Tue Nov 14 11:19:09 +0000 2023","28","Adu Gagasan Ganjar Vs Prabowo Tentang Kesehatan Mental Generasi Z @ganjarpranowo pun menyorot pentingnya kesehatan mental dan pendampingan dalam bidang ini. Sebab isu kesehatan mental masih sering diabaikan oleh banyak pihak. Untuk mengatasi kesehatan mental generasi z harus https://t.co/2F507Qznry","1724386481320710243","https://pbs.twimg.com/ext_tw_video_thumb/1724385088446832640/pu/img/ljwPLR_h5tSf7VtT.jpg","","in","Central Java, Indonesia","0","0","8","https://x.com/Aryprasetyo85/status/1724386481320710243","435004096","Aryprasetyo85"
"1724293077819646155","Tue Nov 14 06:20:21 +0000 2023","0","@syarfinaalsi Sebagai orangtua Arsjad merasa sedih melihat lonjakan kasus tersebut di kalangan generasi Z menegaskan pentingnya saling peduli terhadap kesehatan mental di sekitar kita #arsjadrasjid Ketua TPN Ganjar Mahfud #mentalhealth #inklusifkolaboratif","1724311287705026810","","syarfinaalsi","in","","0","0","0","https://x.com/AmadeaSusanti/status/1724311287705026810","1594563096827162624","AmadeaSusanti"
"1724293077819646155","Tue Nov 14 06:20:08 +0000 2023","0","@syarfinaalsi Arsjad Rasjid menyuarakan keprihatinannya terhadap meningkatnya kasus tersebut di kalangan generasi Z dan menekankan perlunya perhatian intens terhadap kondisi kesehatan mental #arsjadrasjid Ketua TPN Ganjar Mahfud #mentalhealth #inklusifkolaboratif","1724311232386351379","","syarfinaalsi","in","","0","0","0","https://x.com/RinaSlvna_/status/1724311232386351379","1656162739373608960","RinaSlvna_"
"1724250127555244047","Tue Nov 14 02:17:20 +0000 2023","1","Dalam rangka Hari Kesehatan Nasional ke-59 mari Ikuti Seminar Hybrid A to Z About School Bullying Menjemput Generasi Emas Bebas Bullying bersama para profesional yg berpengalaman di bidang kesehatan mental serta pendidikan dari Indonesia&amp;Malaysia pada tanggal 16 November 2023. https://t.co/wayhTIhDvj","1724250127555244047","https://pbs.twimg.com/media/F-3EVoxakAA-ubH.jpg","","in","Jl.Ahmad Yani 169 Magelang ","0","1","0","https://x.com/soerojohospital/status/1724250127555244047","2523854916","soerojohospital"
"1723989348704755751","Mon Nov 13 09:01:05 +0000 2023","32","Mas Ketum Kaesang telah berbicara secara terbuka tentang isu-isu kesehatan mental termasuk kesepian yang seringkali dihadapi oleh generasi Z dan Milenial. Selengkapnya baca di sini ya: https://t.co/I8FtU6cw4G","1723989348704755751","","","in","Jakarta Capital Region","2","103","7","https://x.com/psi_id/status/1723989348704755751","3102442327","psi_id"
"1722825084245795065","Fri Nov 10 03:54:43 +0000 2023","5","pgn bikin artikel/jurnal pengaruh tiktok bagi kesehatan mental fokusnya lebih objektif ke generasi z dan segmentasi nya ke mba mba yang sering teriak² bundir. sebuah studi kasus ak tp kl nemu cewek yg ga terpengaruh damn it's a good example","1722825084245795065","","","in","","0","4","0","https://x.com/dafanmahendra/status/1722825084245795065","2171360364","dafanmahendra"
"1722183534667043176","Wed Nov 08 09:25:25 +0000 2023","0","Masalah kesehatan mental di kalangan gen Z ini disebabkan oleh generasinya yang makin lembek? Atau isu ini sebenernya sudah ada dari generasi terdahulu tapi belum ada perhatian yang mendalam?","1722183534667043176","","","in","Indonesia","0","1","0","https://x.com/mlutfi_habibi/status/1722183534667043176","69799086","mlutfi_habibi"
"1720088822464311466","Thu Nov 02 14:41:47 +0000 2023","5","#GanjarPranowo idola Gen Z cakepppp Gen Z suka karena beliau selalu mengikuti perkembangan pop-culture dan juga memperhatikan kesehatan mental generasi penerus Komitmen Ganjar untuk Indonesia itu ngga cuma untuk sesaat namun juga berkepanjangan #GanjarMahfud2024 #SahabatGanjar https://t.co/iqt16ewRud","1720088822464311466","https://pbs.twimg.com/media/F976SX3bkAAmBE-.jpg","","in","Indonesia ","0","1","3","https://x.com/JhoenRf/status/1720088822464311466","1100609875","JhoenRf"
"1719988472893878599","Thu Nov 02 08:03:02 +0000 2023","5","Menciptakan konektivitas yg kuat antara pemimpinnya dan generasi muda yang semakin terhubung dgn perkembangan pop-culture dan isu-isu kesehatan mental.Itulah yg di lakukan Ganjar pada gen z #SahabatGanjar #GenerasiGotongRoyong #GanjarPresiden #GanjarUntukSemua #GanjarMahfud2024 https://t.co/VvABUjVwCi","1719988472893878599","https://pbs.twimg.com/media/F96gYuCaAAAUmwf.jpg","","in","","0","0","3","https://x.com/KiSaptoAdji1/status/1719988472893878599","1501923044205359107","KiSaptoAdji1"
"1719341216545026552","Tue Oct 31 13:11:04 +0000 2023","0","Kesehatan Mental Generasi Z https://t.co/gEAvtkfGWG","1719341216545026552","","","in","West Sumatra, Indonesia","0","0","0","https://x.com/salingka_luak/status/1719341216545026552","901648387107201025","salingka_luak"
"1719311557845491812","Tue Oct 31 11:13:13 +0000 2023","0","Gen Z dan Work-Life Balance Kunci Kesehatan Mental Masa Kini: Gen Z adalah generasi yang terbuka tentang kesehatan mental. Cindy Gozali dari Jivaraga menyoroti pentingnya work-life balance. Ini tipsnya! https://t.co/CDm473LMBe","1719311557845491812","","","in","","0","0","0","https://x.com/sumsel24/status/1719311557845491812","1497828801027338240","sumsel24"
"1717445213021720606","Thu Oct 26 07:37:02 +0000 2023","29","#GanjarMahfudFriendly Peduli Generasi Z dan Milenial @ganjarpranowo dan @mohmahfudmd Serius Tangani Kesehatan Mental Calon Presiden Ganjar Pranowo dan Mahfud MD melakukan beberapa kali pertemuan dengan anak muda untuk menyerap aspirasi generasi Z. Terutama aspirasi mengenai https://t.co/Ru6I8XGSn3","1717445213021720606","https://pbs.twimg.com/media/F9WXUH9bIAA_Pha.jpg","","in","Jawa Tengah, Indonesia","1","3","8","https://x.com/Aryprasetyo85/status/1717445213021720606","435004096","Aryprasetyo85"
"1717062560577696010","Wed Oct 25 06:16:30 +0000 2023","0","Generasi Z (Gen Z) menjadi kelompok pekerja yang paling rela menerima gaji lebih kecil demi kesehatan mental dan fleksibilitas dalam bekerja menurut hasil riset Work Relationship Index yang dikeluarkan oleh HP. Gimana para Gen Z setuju kah? https://t.co/Jkc5VwrmDi","1717062560577696010","https://pbs.twimg.com/media/F9Q63Z1acAAHXxM.jpg","","in","Jl. Puri Sakti I no.22 JakSel","0","0","0","https://x.com/DigicastMC/status/1717062560577696010","234621431","DigicastMC"
"1715778457815425519","Sat Oct 21 17:13:56 +0000 2023","0","Setuju banget klo issue yg dibawa itu mental health soalnya kesehatan mental masyarakat pada kaum muda generasi millenial-Gen Z sepenting itu utk mbangun sumber daya manusia yg berkualitas utk Indonesia maju spy kita gak diposisi negara berkembang terus.","1715778457815425519","","","in","New Jersey, USA","0","0","0","https://x.com/Morning_Glory74/status/1715778457815425519","186745410","Morning_Glory74"
"1715485089185042589","Fri Oct 20 23:11:55 +0000 2023","0","@wilda_sari1 @pwmdiy Alhamdulillah muhammadiyah msh aktif dlm membangun ketahanan keluarga. Btw IMM juga bisa buat program layanan konseling atau panduan kesehatan mental buat generasi milenial Z and alpha yg bnyak kejadian Budir saat ini.","1715506159506059717","","wilda_sari1","in","","0","1","0","https://x.com/NangPhiet/status/1715506159506059717","527089244","NangPhiet"
"1715248266923946454","Fri Oct 20 06:07:09 +0000 2023","4","Gen Z adalah generasi yang menyadari pentingnya kesehatan mental dan mengaplikasikannya dalam dunia kerja. https://t.co/epRPGbwvoC","1715248266923946454","","","in","Jakarta","0","2","0","https://x.com/kompascom/status/1715248266923946454","23343960","kompascom"
"1712998702418362702","Sat Oct 14 01:08:11 +0000 2023","2","Gangguan kesehatan mental tidak hanya bisa dialami generasi Z menurut WHO pada 2019 1 dari 8 orang di dunia mengalami masalah kesehatan mental. #publisherstory #beritaanaksurabaya https://t.co/SKTrzNTmep","1712998702418362702","","","in","","0","0","0","https://x.com/kumparan/status/1712998702418362702","759692754985242625","kumparan"
"1712050334334656891","Wed Oct 11 10:19:42 +0000 2023","0","Generasi Z kita punya contoh bagus dari Ganjar Pranowo soal peduli kesehatan mental. Ganjar Presiden https://t.co/UfoWxHNRZC","1712050334334656891","https://pbs.twimg.com/media/F8JstAAbAAAqkTD.jpg","","in","Cimahi","0","0","0","https://x.com/MAditya59/status/1712050334334656891","1686641484983099392","MAditya59"
"1710940360460083494","Sun Oct 08 08:51:50 +0000 2023","0","Setiap generasi emang ada masalahnya apa masalah bully juga. Tapi ini Gen Z aware banget loh katany terhadap isu kesehatan mental lah sekarang gmna? Ngerujak orang padahal tau pentingny kesehatan mental teknologi udah maju. Kita manusia berakal bisa milih cara yg lebih pantas","1710941055775125997","","urgirlfrienemy","in","","0","0","0","https://x.com/urgirlfrienemy/status/1710941055775125997","1638218078214557697","urgirlfrienemy"
"1710592055972659350","Sat Oct 07 09:48:41 +0000 2023","0","Mangkanya gw lebih milih ga pacaran apalagi nikah. Gw tau uang gw ga sanggup buat jadi generasi sandwich. Sementara itu dunia kerja didominasi org² yg ga peduli sama kesehatan fisik &amp; mental staffnya sendiri. Kita generasi sandwich diperas. Gen Z tau mangkanya mereka berontak.","1710592977746423824","","trickymindful","in","Palestine will be free","0","0","0","https://x.com/trickymindful/status/1710592977746423824","62229279","trickymindful"
"1710183591702061125","Fri Oct 06 06:41:56 +0000 2023","0","ganjar paham soal visi indonesia siap mengatasi tantangan kesehatan mental pada generasi milenial gan gen z #MenangkanGanjar #GanjarMenangTotal #SahabatGanjar #Pemilu2024 https://t.co/dWnCEA2o2K","1710183591702061125","https://pbs.twimg.com/media/F7vK6PlagAAKqv0.jpg","","in","Kota Semarang, Jawa Tengah","0","0","0","https://x.com/ganjar_update/status/1710183591702061125","1660229092489428992","ganjar_update"
"1709432897483186566","Wed Oct 04 04:58:57 +0000 2023","209","banyak yang ngomong kalo gen z punya mental yang lemah? emang iya kah?? tapi gen z merupakan generasi yang lebih terbuka dan aware tentang kesehatan mental dibanding dengan generasi sebelumnya. salah satu alasan gen z lebih terbuka adalah karena keterbukaan akan informasi saat","1709432897483186566","","","in","waru ","1","43","19","https://x.com/Hallobayyy/status/1709432897483186566","1139864740308500484","Hallobayyy"
"1709426139494805962","Wed Oct 04 04:32:05 +0000 2023","0","terlepas dari memang ada beberapa gen z yang lebay gua pribadi sih jujur bangga menjadi salah satu bagian karena di masa depan generasi yg gua miliki adalah generasi yg sadar akan kesehatan mental tidak ingin dieksploitasi &amp; tidak mudah judgemental","1709426139494805962","","","in","","0","0","0","https://x.com/mostgratefulman/status/1709426139494805962","216320658","mostgratefulman"
"1709257161656987793","Tue Oct 03 17:20:38 +0000 2023","10","Ganjar peduli kesehatan mental Generasi Muda🇮🇩 || Amanda Manopo Ibu Kota Negara Denny Caknan TikTok Shop Laos Gen Z Rahmat Erwin Abdullah AKU MENCINTAI KALIAN SEMUA Mudryk Galatasaray Whoosh APBN Jodie Hamil McCarthy Schwab Hwasa Barack Waduh Ganjar Lebih Baik || https://t.co/2eM44xrlxl","1709257161656987793","https://pbs.twimg.com/ext_tw_video_thumb/1709257089481322496/pu/img/wONzUsu5aRp8RN-x.jpg","","in","","0","0","7","https://x.com/BNaewari61/status/1709257161656987793","1601502145726906368","BNaewari61"
"1709201986380611956","Tue Oct 03 16:26:07 +0000 2023","0","@ganjarpranowo @univ_pasundan Memang perlu sekali akan menjaga dan mengelola tekanan kesehatan mental di generasi sekarang ini Gen Z","1709243443107745818","","ganjarpranowo","in","","0","0","0","https://x.com/RobbinsTat18576/status/1709243443107745818","1702849718290931712","RobbinsTat18576"
"1709230144286838982","Tue Oct 03 15:33:17 +0000 2023","1","Ganjar Siap Mengatasi Tantangan Kesehatan Mental pada Generasi Millenial dan Gen Z Amanda Manopo Harun Masiku Ibu Kota Negara Jodie Hamil Lilipaly Mudryk TikTok Shop Rahmat Erwin Abdullah Galatasaray anies unggul Desak Laos CCTV AKU MENCINTAI KALIAN SEMUA APBN Bernardo Silva https://t.co/lQ7KFBa1NB","1709230144286838982","https://pbs.twimg.com/media/F7hnpwdaYAA5mAO.jpg","","in","","0","0","0","https://x.com/Ardiningrum22/status/1709230144286838982","1598531414906920960","Ardiningrum22"
"1709226705754464701","Tue Oct 03 15:19:37 +0000 2023","0","Argumentasinya menggeneralisir gen Z seolah generasi yang manja. Setiap generasi punya tantangannya masing-masing. tidak mudah hidup di masa negara sedang inflasi politik ga stabil covid 19 yang masih membekas efeknya. aktif peduli soal kesehatan mental di labeli manja.","1709226705754464701","","","in","di hatimu 🦉","0","1","0","https://x.com/Nana_naa07/status/1709226705754464701","1123465164400070656","Nana_naa07"
"1709127545449537725","Tue Oct 03 08:45:35 +0000 2023","2","Ganjar Paham Soal Visi Indonesia Siap Mengatasi Tantangan Kesehatan Mental pada Generasi Millenial dan Gen Z Jodie Hamil Denny Caknan Mudryk MAU MIN Miftah Perokok Kades Laos Fraksi PKS Siang Zlatan Whoosh Es Krimnya Hannah Sheikh Jassim Galatasaray Kim Mingyu Nikki https://t.co/jxsXzD80li","1709127545449537725","https://pbs.twimg.com/media/F7gKZqxasAALDvv.jpg","","in","","0","0","1","https://x.com/AnantaGarwita11/status/1709127545449537725","1598266951515590656","AnantaGarwita11"
"1706904012933791899","Wed Sep 27 05:30:04 +0000 2023","13","Ganjar Pranowo mengingatkan semua pihak masalah kesehatan mental di banyak generasi muda Indonesia perlu menjadi prioritas nasional. Ia mengajak semua pihak melakukan kolaborasi pentahelix bersama-sama menangani masalah kesehatan mental yang prevalensinya semakin tinggi di https://t.co/DNguCIB5al","1706904012933791899","https://pbs.twimg.com/media/F7AkJz8aYAApCWl.jpg","","in","lokalisasi kelas teri","0","1","9","https://x.com/triwul82/status/1706904012933791899","2695463725","triwul82"
"1704050719844876671","Tue Sep 19 08:32:05 +0000 2023","26","Gen Z kagum GP Tabina Almira kagum dg pemaparan @ganjarpranowo. Terutama terkait dg isu KESEHATAN MENTAL Sgt relevan bagi generasi muda Gen Z saat ini Secara objektif saya sgt puas. Saya sangat bangga sekali dg kehadiran Pak Ganjar imbuh Farrel https://t.co/QyjsUTsZyh","1704050719844876671","","","in","Banjarnegara, Indonesia","1","2","20","https://x.com/RstmBcl/status/1704050719844876671","1385449485472395271","RstmBcl"
"1700031892882596296","Fri Sep 08 06:22:42 +0000 2023","0","Melihat Persentase Kesehatan Mental dan Spiritual Generasi Z dari Hasil Survei McKinsey Health Institute https://t.co/0sOwj5XI5T","1700031892882596296","","","in","Jambi, Indonesia","0","0","0","https://x.com/LihatJambi/status/1700031892882596296","1653057666288336896","LihatJambi"
"1699001172286468561","Tue Sep 05 10:58:41 +0000 2023","0","@HabisNontonFilm Pas saya nonton trailernya saya juga bisa melihat isu-isu kesehatan mental yang sering diperbincangkan oleh kaum milenial dan generasi Z seperti kesendirian dan kesepian? Dampak kesehatan mental adalah hal serius dan Sleep Call tampaknya akan mengangkat isu itu dengan baik.","1699014181830402428","","normelpeople","in","","0","1","0","https://x.com/normelpeople/status/1699014181830402428","1497048155669803014","normelpeople"
"1696902085097275805","Wed Aug 30 15:05:58 +0000 2023","0","Saat ini kondisi politik sedang dalam masa transisi generasi. Giliran Gen Z yang memimpin Gen Z itu terkenal dengan cara kerja yang autopilot materialistis tidak bisa dalam tekanan prioritas kesehatan mental instant perhitungan","1696902085097275805","","","in","","0","0","0","https://x.com/orang_gktau/status/1696902085097275805","1586914865293463552","orang_gktau"
"1691040737130061824","Mon Aug 14 10:55:04 +0000 2023","0","yg anak psikolog mending judul skripsinya pengaruh sopi cocoki untuk kesehatan mental generasi z ajadeh soalnya bikin emosi bgt anjir","1691040737130061824","","","in","","0","2","0","https://x.com/dychillin/status/1691040737130061824","1085467530720768000","dychillin"
"1690984896129568768","Mon Aug 14 07:13:10 +0000 2023","2","I just published Pentingnya Kesehatan Mental di Kalangan Generasi Z https://t.co/v1uZnuGvpk #genzie #mentalhealth #storytelling #ARTICLE #MentalHealthMatters","1690984896129568768","","","in","","0","1","0","https://x.com/DifahPutri30/status/1690984896129568768","1688141960232787968","DifahPutri30"
"1689577887115206656","Thu Aug 10 10:02:13 +0000 2023","0","Generasi Z Media Sosial dan Ancaman Kesehatan Mental https://t.co/rgY5IzLXms","1689577887115206656","","","in","Indonesia","0","0","0","https://x.com/kompasiana/status/1689577887115206656","23786106","kompasiana"
"1683328024677318657","Mon Jul 24 04:07:30 +0000 2023","2","Deeptalk sesi 1 : Dampak Krisis Iklim terhadap kesehatan mental generasi Z Movie : Sexy Killer Deeptalk sesi 2 : social market economy sebagai jembatan antara market dan social justice.","1683328024677318657","","","in","Jakarta Capital Region","0","0","3","https://x.com/AnggaPutraF/status/1683328024677318657","98275340","AnggaPutraF"
"1679411616327270400","Thu Jul 13 08:45:05 +0000 2023","0","Ganjar Pranowo berusaha meningkatkan akses generasi Z terhadap fasilitas kesehatan dan pelayanan kesehatan mental. #bersamaganjar #ganjaruntukindonesia #ganjarpresiden2024 https://t.co/rshmvAnOye","1679411616327270400","https://pbs.twimg.com/media/F0539ELaMAEIf8h.jpg","","in","","0","0","0","https://x.com/DiseAntasari/status/1679411616327270400","1474298673492201473","DiseAntasari"
"1678544883823288321","Tue Jul 11 21:43:38 +0000 2023","0","@sweeteerthanyu @HastoSuprayogo @Okki_Sutanto @hariankompas aku bolak balik statement aja sih sbnrnya kesehatan mental itu ga pandang generasi juga. cuma sindiran aja ke generasi senior yg sering adu nasib ke gen z yg katanya mental tempe. kl berpacu ke fakta yg skrg trjd koruptor bnyk dr generasi mereka kan","1678882768808476672","","sweeteerthanyu","in","","0","1","0","https://x.com/bonappetitoiu/status/1678882768808476672","1548627211259092993","bonappetitoiu"
"1678665349242425344","Tue Jul 11 07:19:42 +0000 2023","23","Kesehatan Mental Menghantui Gen Z Anak muda harus menjadi generasi yang kuat. Karena mereka yang akan pimpin negeri ini di masa depan kata Pak @prabowo . ( Program Mental Health @kesiragerindra ) https://t.co/TO0kIRgnNb","1678665349242425344","https://pbs.twimg.com/ext_tw_video_thumb/1678665255738810368/pu/img/LON3kKDrz0ZYxLXA.jpg","","in","","2","1","10","https://x.com/AbdulKholik2024/status/1678665349242425344","1599025180021444609","AbdulKholik2024"
"1678660660832665601","Tue Jul 11 07:01:04 +0000 2023","21","Krisis Kesehatan Mental Menghantui Generasi Z Indonesia #kesira #kesiragerindra #gerindrakesira #kesehatanindonesiaraya #kesiraindonesia #kesirapeduliindonesia #kesirapeduli #kesirapedulirakyat #prabowo #prabowosubianto #menhanprabowo #prabowopresiden2024 #2024prabowopresiden https://t.co/ZYr1E5toHP","1678660660832665601","https://pbs.twimg.com/ext_tw_video_thumb/1678660448282120195/pu/img/s5_ikWrme6O3xG0b.jpg","","in","","6","0","2","https://x.com/kesiragerindra/status/1678660660832665601","1627168263909281794","kesiragerindra"
"1678565608357769216","Tue Jul 11 00:43:21 +0000 2023","0","Topik Diskusi Pagi ini; Bagaimana Menyiapkan Generasi Z Menyongsong Bonus Demografi?. Berikut pendapat Psikolog dan Aktivis Kesehatan Mental Publik dari Universitas Gadjah Mada Yogyakarta; Diana Setiyawati PhD #Now #LIVE #TOPIK #bonusdemografi #generasiz cc: @UGMYogyakarta","1678565608357769216","","","in","Semarang, Jawa Tengah","0","0","0","https://x.com/RadioIdolaSMG/status/1678565608357769216","385894867","RadioIdolaSMG"
"1678277131212849155","Mon Jul 10 05:37:03 +0000 2023","34","Krisis Kesehatan Mental Menghantui Generasi Z Indonesia - https://t.co/gzgaBZFrFB https://t.co/tXr5ITda73","1678277131212849155","","","in","Kizuki-3 Chome","0","2","8","https://x.com/aik_arif/status/1678277131212849155","218665104","aik_arif"
"1678246024626999297","Mon Jul 10 03:39:45 +0000 2023","0","Generasi Z merupakan tumpuan masa depan dan bakal memimpin Indonesia Emas 1945. Namun banyak anak-anak kelahiran tahun 2000-2010 ini mengalami masalah kesehatan mental yang bisa berdampak sosial dan ekonomi serta merugikan kehidupan mereka di masa depan. #KesehatanMental","1678247610505924608","","kompasmuda","in","ÜT: 62.478419,21.330711","0","1","0","https://x.com/kompasmuda/status/1678247610505924608","79237556","kompasmuda"
"1669880277915832325","Sat Jun 17 01:31:01 +0000 2023","128","B juga bilang idol juga mengalami masalah kesehatan mental dan masalah pengelolaan emosi yang banyak dialami oleh banyak orang modern. Si C bilang menurutnya ga cuman idol tapi secara umum generasi Z punya tingkat endurance yang lebih rendah dibandingkan dgn generasi sebelumnya","1669880291723456514","","Strrychenle","in","soon","2","1","6","https://x.com/Strrychenle/status/1669880291723456514","1187884608064327682","Strrychenle"
"1669357603934330881","Thu Jun 15 14:54:02 +0000 2023","3","Generasi Z Peduli Kesehatan Mental Ini Buktinya #TempoGaya https://t.co/HlhS0IcteD","1669357603934330881","","","in","Indonesia","0","0","0","https://x.com/tempodotco/status/1669357603934330881","18129942","tempodotco"
"1669191395503132672","Thu Jun 15 03:53:35 +0000 2023","0","Pentingnya Menjaga Kesehatan Mental Terhadap Generasi Z https://t.co/AVFpbEDxou via @serambinews","1669191395503132672","","","in","Aceh","0","0","0","https://x.com/serambinews/status/1669191395503132672","64635651","serambinews"
"1668845412760035329","Wed Jun 14 04:58:46 +0000 2023","15","Hi #Healthies Gen Z dikenal sebagai generasi kreatif dan inovatif disisi lain ada stigma kalau generasi ini memiliki mental yang lemah dibanding generasi sebelumnya Nah lho emang bener gitu? Simak pembahasannya di live IG @KemenkesRI Rabu (14/6) mulai pukul 15.00 WIB https://t.co/mLo6XXb3QX","1668845412760035329","https://pbs.twimg.com/media/FyjuDX_aUAEljz6.jpg","","in","Jakarta, Indonesia","1","5","4","https://x.com/KemenkesRI/status/1668845412760035329","161236190","KemenkesRI"
"1667487215461752834","Sat Jun 10 11:01:47 +0000 2023","2","Generasi Z berusia 11-26 tahun lahir pada era digital. Mereka mengalami relasi kompleks dengan media sosial. Apakah penggunaan media sosial ini memengaruhi kesehatan mental mereka? Cek di sini. #InfoMuda https://t.co/8rwYo0yVwG","1667487215461752834","https://pbs.twimg.com/media/FyQaxntaAAE6XeE.jpg","","in","ÜT: 62.478419,21.330711","0","1","0","https://x.com/kompasmuda/status/1667487215461752834","79237556","kompasmuda"
"1665957421821620224","Tue Jun 06 05:42:56 +0000 2023","0","Generasi Z yang lahir di era digital mengalami relasi kompleks dengan media sosial. Penggunaan media sosial memengaruhi kesehatan mental mereka. #AdadiKompas #Humaniora https://t.co/MY4ZYGd11G","1665957421821620224","https://pbs.twimg.com/media/Fx6rRq7agAAwRo1.jpg","","in","ÜT: 62.478419,21.330711","0","1","0","https://x.com/kompasmuda/status/1665957421821620224","79237556","kompasmuda"
"1665847450735632384","Mon Jun 05 22:25:56 +0000 2023","0","Generasi Z yang lahir di era digital mengalami relasi kompleks dengan media sosial. Penggunaan media sosial memengaruhi kesehatan mental mereka. #Kesehatan #AdadiKompas https://t.co/rpPZDeG18E","1665847450735632384","","","in","Palmerah, Jakarta","0","0","0","https://x.com/hariankompas/status/1665847450735632384","255866913","hariankompas"
"1662975049496920069","Mon May 29 00:12:03 +0000 2023","0","Atasi stres di era digital! Dapatkan strategi kesehatan mental efektif untuk generasi milenial dan Z dalam artikel ini. Kelola tekanan dengan bijak dan temukan keseimbangan di tengah dunia digital yang serba cepat. #mentalhealth https://t.co/TlURVcXK1a","1662975049496920069","","","in","","0","0","0","https://x.com/AIrtikel4U/status/1662975049496920069","1662277134826762242","AIrtikel4U"
"1661353239017844737","Wed May 24 12:47:33 +0000 2023","0","Survey Ungkap Generasi Milenial dan Z Anggap Penting Kesehatan Mental: Survei dari Asia Pacific Health Priority 2023 menunjukkan bahwa kesadaran masyarakat akan kesehatan semakin meningkat. https://t.co/MUgDh5RthV","1661353239017844737","","","in","Indonesia","0","0","0","https://x.com/pikiran_rakyat/status/1661353239017844737","58880688","pikiran_rakyat"
"1660637892920721410","Mon May 22 22:35:17 +0000 2023","0","@tanyakanrl hmmm gini deh. klo misal rasa malasnya itu udh disertai dgn stress kelelahan ovt cemas dsb sebaiknya dibawa periksa aja ke psikolog generasi z mmg lebih aware thp kesehatan mental tp bukan berarti bisa self-diagnose &amp; meromantisasi gangguan mental yaa","1660776373965955072","","tanyakanrl","in","she/her","0","0","0","https://x.com/spicymintchoco/status/1660776373965955072","1117215291929350144","spicymintchoco"
"1656284242899501059","Wed May 10 13:05:10 +0000 2023","0","Haii mentemen minta tolong isi kuisioner temenku di bawah ini yaa tentang Dampak Penggunaa Sosial Media terhadap kesehatan mental pada Generasi Z https://t.co/ZcPZ67u09A soalnya dia besok mau presentasi katanyaa min hrs 30 responded yuk bantu yukk cmn ada 10 pertanyaan koo","1656284242899501059","","","in","","1","1","0","https://x.com/schercoups/status/1656284242899501059","1110537737134731266","schercoups"
"1644688304980504576","Sat Apr 08 13:07:03 +0000 2023","121","Generasi Z di Amerika semakin banyak yang beralih dari smartphone ke ponsel fitur demi menjaga kesehatan mental mereka. https://t.co/J2TwNoqUr3","1644688304980504576","","","in","Jakarta","15","13","39","https://x.com/kompascom/status/1644688304980504576","23343960","kompascom"
"1637770912157286400","Mon Mar 20 10:59:48 +0000 2023","1","Bagi Generasi Z uang tetap dipandang sebagai sumber kebahagiaan tetapi mereka sangat mementingkan keseimbangan hidup dan juga kesehatan mental. Seperti cerita Sobat Muda berikut ini. https://t.co/E1YsSmnN57 #HappyInternationalHappinessday #InfoMuda #MudaSehatJiwa https://t.co/etGiZPXCwV","1637770912157286400","https://pbs.twimg.com/media/FrqH9AjaMAEaPou.jpg","","in","ÜT: 62.478419,21.330711","1","1","1","https://x.com/kompasmuda/status/1637770912157286400","79237556","kompasmuda"
"1637650023671533569","Mon Mar 20 06:38:00 +0000 2023","1","Generasi Z adalah kelompok populasi yang ekspresif kreatif dan sangat mengejar passion. Uang tetap dipandang penting tapi mereka sangat mementingkan keseimbangan hidup dan kesehatan mental. https://t.co/Npa6H8PRKy #HariKebahagiaanInternasional #MaknaKebahagiaan #AdadiKompas","1637705026985684992","","hariankompas","in","Palmerah, Jakarta","0","1","1","https://x.com/hariankompas/status/1637705026985684992","255866913","hariankompas"
"1637627986500304897","Mon Mar 20 01:31:52 +0000 2023","0","Dibanding generasi sebelumnya generasi Z memiliki pandangan tentang kebahagiaan yang lebih beragam. Uang tetap menjadi sumber kebahagiaan utama tetapi mereka juga mementingkan keseimbangan hidup dan kesehatan mental. https://t.co/Xsny93iMFa #Humaniora #AdadiKompas","1637627986500304897","","","in","Palmerah Selatan, Jakarta","0","0","0","https://x.com/KompasKlasika/status/1637627986500304897","155456716","KompasKlasika"
"1637077955171037186","Sat Mar 18 13:06:14 +0000 2023","0","Mengapa Generasi Z Lebih Memperhatikan Kesehatan Mental: Ini Alasan dan Faktanya! https://t.co/qFAQ8uiIHn","1637077955171037186","","","in","Sulawesi Tengah, Indonesia","0","0","0","https://x.com/gemasulawesi/status/1637077955171037186","1085760348798410753","gemasulawesi"
"1634740139095388160","Sun Mar 12 02:18:30 +0000 2023","0","Semangat kita2 para gen z dan millenial semangat menjadi generasi yg lebih melek soal kesehatan mental ","1634740618382704645","","meldotpi","in","","0","0","0","https://x.com/meldotpi/status/1634740618382704645","347592468","meldotpi"
"1630912184422404096","Wed Mar 01 13:54:34 +0000 2023","0","@mediobykgmedia Kok kebanyakan anak2 gen z mental lemah dikit2 ngomong kesehatan mentalnya terganggu yang padahal sebenarnya bisa jadi dianya aja yang over reaktif atau memperibetkan diri sendiri (fyi aku generasi awal gen z ya)","1630929523574452226","","mediobykgmedia","in","Kalimantan Barat, Indonesia","0","0","1","https://x.com/irvan_yonas/status/1630929523574452226","1453427737134133251","irvan_yonas"
"1628559754326061056","Thu Feb 23 00:57:57 +0000 2023","1","MENTAL GENERASI Z LAHIRKAN ORANG MACAM VAMELLS...! Permasalahan Generasi Z saat ini adalah mental health issues yg sering kali membuat kita geleng2 kepala. Karakter umumnya masuk ke dlm golongan Generasi Z lahir thn 1998 ke atas sampai tahun 2007-an adalah isu kesehatan jiwa mrk https://t.co/UBuOltMyyV","1628559754326061056","https://pbs.twimg.com/media/FpnOdJhaAAA3Y6P.jpg","","in","Indonesia Bagian Waras","0","1","0","https://x.com/sena_soetta/status/1628559754326061056","1603724911326793729","sena_soetta"
"1615239337184223233","Wed Jan 18 06:44:27 +0000 2023","82","@revinavt_ Gen x dan baby boomer mengeluhkan kinerja Gen milenial Gen X baby boomer milenial mengeluhkan Gen Z apesnya Gen Z dikrubutin 3 generasi tapi mmg Gen Z ini yaaa muanjaaaa.. mau ngimbangin kesehatan mental fisik dan kantong ya berarti harus extra usaha dapetin ketiganya","1615600991952601088","","revinavt_","in","","4","5","22","https://x.com/karmaalwayswin/status/1615600991952601088","1377593130283720706","karmaalwayswin"
"1614609966379454464","Sun Jan 15 13:06:28 +0000 2023","0","Aku penasaran akan kondisi kesehatan mental pada generasi setelah generasi Z kira-kira akan seperti bagaimana nanti?","1614609966379454464","","","in","Malang - Sidoarjo - Blitar","0","0","0","https://x.com/fajima_86/status/1614609966379454464","715481588","fajima_86"
"1613438137388388352","Fri Jan 13 02:12:28 +0000 2023","0","@tanyakanrl Generasi Z lebih aware terhadap kesehatan mental imho banyak korban dari orang tua yang mentalnya belum siap untuk punya anak. Mereka gamau jadi kaya orang tuanya this world doesn t need another victim after all.","1613720603596566528","","tanyakanrl","in","She / Her","0","0","0","https://x.com/lemontwea/status/1613720603596566528","1374181488921513984","lemontwea"
"1601241266083155971","Fri Dec 09 15:44:02 +0000 2022","0","Kenapa Generasi Z Lebih Sadar Masalah Kesehatan Mental? https://t.co/1UJkyuGCBZ","1601241266083155971","","","in","","0","0","0","https://x.com/kompaslifestyle/status/1601241266083155971","238047889","kompaslifestyle"
"1592182696473931776","Mon Nov 14 15:48:30 +0000 2022","0","analisis pengaruh banyaknya kapal yang dianut terhadap kesehatan mental generasi z penelitian di indonesia.","1592182696473931776","","","in","🐱🐈‍⬛🐯🐻🐻🌙 solostan+kissy","1","1","0","https://x.com/itsjennathings/status/1592182696473931776","1197511501734526976","itsjennathings"
"1590948541488590848","Fri Nov 11 06:04:25 +0000 2022","0","Menjaga Kesehatan Mental Generasi Z Pas Banget Baca Buku Cegah Bunuh Diri Remaja: Yuk Deteksi https://t.co/DeuR0uZmCX","1590948541488590848","","","in","","0","0","0","https://x.com/za2ng2509/status/1590948541488590848","75230350","za2ng2509"
"1589937105584939008","Tue Nov 08 11:11:07 +0000 2022","1","Mengusung tema Recover Together Recover Stronger gelaran Presidensi G20 Indonesia juga bisa menjadi wadah bagi 1000 Aspirasi Indonesia Muda untuk menyuarakan pentingnya kesehatan mental bukan hanya bagi Gen Z tapi juga generasi sebelumnya. https://t.co/HXYizTz1pK","1589938562308665344","","IDNTimes","in","","0","0","0","https://x.com/IDNTimes/status/1589938562308665344","388190238","IDNTimes"
"1589451015170166784","Mon Nov 07 02:53:47 +0000 2022","237","Pagi ini nangis karena baca-baca tentang Aaron Carter. Plis generasi apapun mau itu baby boomer milenials gen Z menjaga kesehatan mental itu penting. Buat yang menyepelekan hal ini dan anggap cengeng. Ya keep aja buat diri lo sendiri. Daripada komen ga bantu.","1589451015170166784","","","in","Reservasi: 081262181947","1","3","65","https://x.com/SuboFamily/status/1589451015170166784","42381896","SuboFamily"
"1586547645773815808","Sun Oct 30 02:36:50 +0000 2022","1","Notes yg bagus buatanak-anak generasi Z yang mulai memperhatikan masalah kesehatan mental : *Jangan bermudah-mudah melabeli orang tua sendiri toksik terhadap diri kalian* Yuk baca yuk..","1586547645773815808","","","in","#Earth","0","1","1","https://x.com/TjangkirK/status/1586547645773815808","1070291618165489664","TjangkirK"
"1586318623781490688","Sat Oct 29 11:26:46 +0000 2022","4169","Anak-anak generasi Z yang mulai memperhatikan masalah kesehatan mental sedikit saran dari saya yang millenial; Jangan bermudah-mudah melabeli orang tua sendiri toksik terhadap diri kalian. Siap-siap didemo kaset rusak kakak sih ga ngerasain ","1586318623781490688","","","in","Bandung, Indonesia","152","85","1377","https://x.com/FebyPurnama/status/1586318623781490688","346447224","FebyPurnama"
"1585472988056416256","Thu Oct 27 03:26:31 +0000 2022","1","Konten Isu Kesehatan Mental Populer di TikTok: Gambaran Masalah Generasi Z? https://t.co/j1sowejN16 via @Netray","1585472988056416256","","","in","Jakarta Raya","0","0","0","https://x.com/BungHans_/status/1585472988056416256","3013040948","BungHans_"
"1579801989415698433","Tue Oct 11 11:52:00 +0000 2022","1","Aktivis HAM : Gen Z Lebih Peduli tentang Kesehatan Mental daripada Generasi Pendahulunya https://t.co/pZ85EvDiKk","1579801989415698433","","","in","Jl Jend Sudirman 52 Yogyakarta","0","0","1","https://x.com/tribunjogja/status/1579801989415698433","223476605","tribunjogja"
"1579683900812500992","Tue Oct 11 04:02:45 +0000 2022","0","Generasi Z lebih berani mengakui kerapuhan dirinya karena mereka terpapar informasi mengenai kesehatan mental. https://t.co/7tYhboX08q","1579683900812500992","","","in","Jakarta - Indonesia","0","0","0","https://x.com/mediaindonesia/status/1579683900812500992","68930552","mediaindonesia"
"1579253512101593088","Sun Oct 09 23:32:33 +0000 2022","0","10 Okt 22 SELAMAT HARI KESEHATAN MENTAL Tuk generasi milenial Micin generazi Z Mahasiswa kura2 kupu2 Nak broken home spesies yg ukmx rendah spesies pengangguran Eomma appa hebat diluar sna jika tdk bisa terbng mka tengkureplah hehe -NotToday BTS Kek Smua akan Ada jlnx ","1579253512101593088","","","in","","0","0","0","https://x.com/thaty_eonnie/status/1579253512101593088","857812063594336257","thaty_eonnie"
"1576955743311233024","Mon Oct 03 15:22:02 +0000 2022","0","analisis pengaruh tokoh fiksi terhadap kesehatan mental dan kualitas hidup generasi z","1576955743311233024","","","in","Malang, Indonesia","0","0","0","https://x.com/shiniestwheels/status/1576955743311233024","1072844820484214790","shiniestwheels"
"1575077863841226753","Wed Sep 28 11:00:00 +0000 2022","25","Generasi Z bukan generasi manja. Justru mereka lebih aware terhadap kesehatan mental dan punya potensi untuk menciptakan dunia dan keluarga yang lebih baik di masa depan.","1575077863841226753","","","in","","0","1","4","https://x.com/brokenhomedaily/status/1575077863841226753","1356332808","brokenhomedaily"
"1574977311304482816","Wed Sep 28 04:20:27 +0000 2022","0","Kesehatan mental kesehatan mental taek ala generasi z","1574977311304482816","","","in","","0","1","0","https://x.com/FajarZda/status/1574977311304482816","1127500094641545216","FajarZda"
"1571774854340444165","Mon Sep 19 08:15:02 +0000 2022","0","Mark Cuban Puji Generasi Z sebagai Generasi yang Hebat: Mereka Peduli dengan Kesehatan Mental https://t.co/1RlcMGyUcb","1571774854340444165","","","in","Jakarta, Indonesia","0","0","0","https://x.com/WartaEkonomi/status/1571774854340444165","30617522","WartaEkonomi"
"1567478131480752129","Wed Sep 07 11:41:23 +0000 2022","0","In My Opinion: Generasi Z dan Masalah Kesehatan Mental https://t.co/riuTP2EFId","1567478131480752129","","","in","Indonesia","0","0","0","https://x.com/bunnybichis/status/1567478131480752129","2248625299","bunnybichis"
"1566660335591124994","Mon Sep 05 05:31:45 +0000 2022","0","5 Sep 2022. Menjadi Narasumber di Rakornas XI Ikatan Lembaga Mahasiswa Psikologi Indonesia. Membawakan materi dengan judul: Pendidikan Kesehatan Mental dan Budaya dalam Mencapai Generasi Z 4.0. Convention Hall Univ. Andalas Padang. https://t.co/3YrrkS3tSU","1566660335591124994","https://pbs.twimg.com/media/Fb3lRJSaMAAfQuG.jpg","","in","Sumatera Barat","0","0","0","https://x.com/IrwanPrayitno63/status/1566660335591124994","226494448","IrwanPrayitno63"
"1566657092291035138","Mon Sep 05 05:18:52 +0000 2022","10","5 Sep 2022. Menjadi Narasumber di Rakornas XI Ikatan Lembaga Mahasiswa Psikologi Indonesia. Membawakan materi dengan judul: Pendidikan Kesehatan Mental dan Budaya dalam Mencapai Generasi Z 4.0. Convention Hall Univ. Andalas Padang. https://t.co/PdDkSt84i5","1566657092291035138","https://pbs.twimg.com/media/Fb3iT06acAEezaA.jpg","","in","Sumatera Barat","0","0","0","https://x.com/irwanprayitno/status/1566657092291035138","135707457","irwanprayitno"
"1565963769590980608","Sat Sep 03 07:23:51 +0000 2022","1"," gess mau nanya. aku ikut lomba poster psikologi internasional gt temanya pendidikan kesehatan mental dan kebudayaan dalam mencapai generasi Z yang unggul di era revolusi industri 4.0 berarti aku cari jurnalnya yg gmn ya?","1565963769590980608","","","in","Indonesia","0","0","0","https://x.com/tanyarlfes/status/1565963769590980608","1371650588","tanyarlfes"
"1565829123284807680","Fri Sep 02 22:28:53 +0000 2022","0","Coba yuk kita lihat dari sisi positifnya. Dengan generasi Z yang semakin paham mengenai kesehatan fisik dan mental anak-anak kita nanti sebagai penerus bangsa bisa lebih optimal dalam tumbuh kembangnya. Mereka akan mempunyai well being yang lebih baik daripada generasi sebelumny","1565829140879908864","","scaruamouche","in","","0","1","0","https://x.com/scaruamouche/status/1565829140879908864","1476397186275442691","scaruamouche"
"1565829123284807680","Fri Sep 02 22:28:50 +0000 2022","0","Gak cuma teknologi generasi Z sekarang udah banyak banget terpapar edukasi kesehatan mental. Hal ini yang membuat mereka sangat paham tindakan apa yang pantas atau tidak pantas dilakukan terhadap mereka.","1565829127479132160","","scaruamouche","in","","0","1","0","https://x.com/scaruamouche/status/1565829127479132160","1476397186275442691","scaruamouche"
"1565695689878675457","Fri Sep 02 13:38:42 +0000 2022","0","Kami dari HMJK Unsoed akan mengadakan event lomba yaitu : 1. Lomba Esai Ilmiah 2. Lomba Poster Publik 3. Lomba Video Edukasi Tema : Menghadapi Tantangan Darurat Kesehatan Mental pada Generasi Z","1565695717636657152","","himagi_unsoed","in","Purwokerto, Indonesia","0","1","0","https://x.com/himagi_unsoed/status/1565695717636657152","1306766886","himagi_unsoed"
"1564107419390619649","Mon Aug 29 04:28:27 +0000 2022","0","Kegiatan ini memiliki tema Pendidikan Kesehatan Mental dan Kebudayaan dalam Mencapai Generasi Z yang Unggul di Era Revolusi Industri 4.0 Kegiatan kali ini akan diisi oleh narasumber yang menarik dan tentunya keren abis!","1564107690615328768","","bemkmfkunand","in","Kampus FK UNAND Limau Manis","0","1","0","https://x.com/bemkmfkunand/status/1564107690615328768","165356760","bemkmfkunand"
"1560470678263934976","Fri Aug 19 03:36:16 +0000 2022","0","akhir-akhir ini cerita tentang remaja depresi beredar di media sosial dan ini sangat tidak baik untuk kesehatan mental Generasi Z mereka akan terus menyajikannya dan tidak akan berhenti dan anda harus bijak dalam menggunakan media sosial. . .","1560470678263934976","","","in","","0","0","0","https://x.com/Aguerra_justice/status/1560470678263934976","1516695076906291201","Aguerra_justice"
"1556848528332169217","Tue Aug 09 03:45:20 +0000 2022","0","Kegiatan ini merupakan wadah untuk mengembangkan bakat kreativitas serta potensi mahasiswa Psikologi dalam membuat karya. Kegiatan ini mengangkat tema Pendidikan Kesehatan Mental dan Kebudayaan dalam Mencapai Generasi Z yang Unggul di Era Evolusi Industri 4.0 . https://t.co/PxN2g1swZW","1556849082416607232","https://pbs.twimg.com/media/FZsJ9m2UUAA1aLP.jpg","bemkmfkunand","in","Kampus FK UNAND Limau Manis","0","1","0","https://x.com/bemkmfkunand/status/1556849082416607232","165356760","bemkmfkunand"
"1547163932934041601","Wed Jul 13 10:20:01 +0000 2022","0","Tau gt krmn urusan ama polisi aja ya urusan secara pribadi ama generasi z tu menguras kesehatan mental. Asli","1547163932934041601","","","in","kacamu","0","0","0","https://x.com/halloenji/status/1547163932934041601","186021521","halloenji"
"1543291322068373509","Sat Jul 02 17:51:38 +0000 2022","2","Sok bijak ceritanya padahal mah sama aja lagi ngalamin keresahan yang sama but it's okay kan gue jawab keresahan kalian generasi Z terkait isu kesehatan mental? ️ https://t.co/hPyVlrSq4R","1543291322068373509","","","in","Kota Bandung, Jawa Barat","0","0","0","https://x.com/ekafl_/status/1543291322068373509","310101860","ekafl_"
"1543287447806963712","Sat Jul 02 17:36:15 +0000 2022","1","Gue sebagai generasi milenial tergelitik untuk mejawab keresahan generasi z terkait isu kesehatan mental dan ini adalah pesan gue untuk kalian generasi Z akhir - akhir ini @ekafl_ untuk #1minggu1cerita https://t.co/XG6duX8gSI","1543287447806963712","","","in","Indonesia","0","0","0","https://x.com/1minggu1cerita/status/1543287447806963712","4887505149","1minggu1cerita"
"1533597923174666241","Mon Jun 06 00:36:47 +0000 2022","0","@yanuarswardana Sumpahhhh w setuju banget generasi z justru mentalnya yg lemah. Dikit2 disangkut pautin kesehatan mental. Ga sekuat orang2 generasi x :)","1533608807217045504","","lemmebeurangel","in","Semarang, Jawa Tengah","0","1","0","https://x.com/mbaksagitarius/status/1533608807217045504","1223612014599135232","mbaksagitarius"
"1531857176502775808","Wed Jun 01 06:22:31 +0000 2022","1","Gara mereka yg ngebeli properti buat investasi generasi setelah mereka pada habis-habisan nyari duit buat beli rumah. Akhirnya berimbas pada kesehatan mental gen milenial dan Z","1531883876351479808","","nihilisrealis","in","Jawa Timur, Indonesia","0","0","0","https://x.com/nihilisrealis/status/1531883876351479808","537234401","nihilisrealis"
"1530808228355141632","Sun May 29 07:08:17 +0000 2022","26","ARMY jangan lupa nanti malam Live di Instagram @BTS_AHC_IDN yang masih penasaran apa sih gen Z itu dan bagaimana kesehatan mental generasi Z ??? Pokoknya nanti malam akan di bahas jadi jangan lupa yaaa ","1530808228355141632","","","in","West Java, Indonesia","0","0","5","https://x.com/HanifaAryani__/status/1530808228355141632","1247909276628082690","HanifaAryani__"
"1530008474205114368","Fri May 27 02:10:21 +0000 2022","120","Gen Z merupakan istilah yg digunakan utk menyebut individu yg lahir di akhir tahun 90-an hingga pertengahan 2000an. Generasi ini bisa dibilang generasi yang cukup unik dan sensasional. Mereka juga salah satu generasi yg paling melek dengan pembahasan tentang kesehatan mental. https://t.co/dKtcEoKUFb","1530008474205114368","https://pbs.twimg.com/media/FTuumT2VUAAYK0z.jpg","","in","Indonesia","3","1","55","https://x.com/BTS_AHC_IDN/status/1530008474205114368","964870087558787073","BTS_AHC_IDN"
"1525113679267917824","Fri May 13 14:20:05 +0000 2022","0","Selain itu mayoritas gen Z &amp; milenial juga gak malu buat ngakuin kondisi mentalnya. Tau kapan saatnya perlu bantuan kapan saatnya berjuang sendiri. Mungkin ini juga bisa jadi masukan buat generasi lainnya untuk belajar gimana caranya biar melek sama kesehatan mental lho ","1525118689842204672","","HalodocID","in","DKI Jakarta, Indonesia","0","1","0","https://x.com/HalodocID/status/1525118689842204672","4618731253","HalodocID"
"1525113679267917824","Fri May 13 14:05:12 +0000 2022","0","Istilah ini mayoritas sering terjadi sama gen Z (1995-2010) &amp; milenial (1981-1995) sekarang ini. Makin ke sini gen Z &amp; milenial pun jadi generasi yang melek sama kesehatan mental lho. Apalagi paparan informasi tentang mental health yang mulai banyak banget diterima. Setuju? ","1525114941648568320","","HalodocID","in","DKI Jakarta, Indonesia","0","1","0","https://x.com/HalodocID/status/1525114941648568320","4618731253","HalodocID"
"1523307357824253954","Sun May 08 16:44:40 +0000 2022","0","@AREAJULID Gen z ini emg generasi paling menguras emosi pola pikir nya generasi kalian itu hidup semakin mahal dan sulit tai kucing kalian mengartikan makna kesehatan mental tuh ga gitu!","1523343135954567168","","AREAJULID","in","Kota Bandung, Jawa Barat","0","0","0","https://x.com/co_bdg_cool/status/1523343135954567168","202553734","co_bdg_cool"
"1523307357824253954","Sun May 08 16:41:24 +0000 2022","0","@AREAJULID Si paling aware kesehatan mental sudah over dalam mengasumsikan kalimat itu terutama generasi z","1523342313950711808","","AREAJULID","in","Kota Bandung, Jawa Barat","0","0","0","https://x.com/co_bdg_cool/status/1523342313950711808","202553734","co_bdg_cool"
"1518797967695618048","Tue Apr 26 03:43:48 +0000 2022","0","It's me. Menjaga kesehatan mental. Generasi X hidup bersanding Gen Z.","1518797967695618048","","","in","Melaya","0","0","0","https://x.com/pande86/status/1518797967695618048","93593737","pande86"
"1517474207575117824","Fri Apr 22 12:03:40 +0000 2022","0","Beberapa poin penting cukup membuka insight terutama mengenai kesehatan mental. Faktanya generasi Z adalah generasi yang paling punya kesadaran akan kesehatan mental. Namun banyak juga mereka yang mengidap mental illness karena trauma masa kecil pelecehan dll.","1517474212499230720","","konstruktivis","in","Markham, Ontario","0","1","0","https://x.com/konstruktivis/status/1517474212499230720","2242063766","konstruktivis"
"1515909093499711489","Mon Apr 18 06:55:04 +0000 2022","0","@hrdbacot Salah satu pendukung berita menurut data penelitian generasi millenial dan Z lebih memilih menjadi pengangguran dibanding bekerja tapi di lingkungan toxic kesehatan mental emang penting si :) hidup cuma sekali kalau kg sekalian bahagia yaa emmm","1515947001514319873","","hrdbacot","in","","0","0","0","https://x.com/runnn01/status/1515947001514319873","1245919147755634688","runnn01"
"1513075850823942145","Sun Apr 10 08:46:09 +0000 2022","0","Efektivitas penggunaan kata healing terhadap kesehatan mental generasi z","1513075850823942145","","","in","Warga Negara Internet","0","0","0","https://x.com/muhammadakrom_/status/1513075850823942145","2284319377","muhammadakrom_"
"1499256690147225601","Thu Mar 03 05:33:44 +0000 2022","0","Menarik skali kalo liat dinamika generasi boomer dan X dan sebagian Y mengagungkan perkara ketahanan mental warisan terdahulu sementara setengah generasi Y dan generasi Z mulai paham kesehatan mental tapi ada glorifikasi. Ini tentu secara umum hanya pengamatan pribadi.","1499256690147225601","","","in","","0","1","0","https://x.com/ErndNatasha/status/1499256690147225601","248442061","ErndNatasha"
"1493581083304083456","Tue Feb 15 13:40:54 +0000 2022","1","ide skripsi anak antropologi: Pengaruh Perubahan Kultur Jaksel Terhadap Kesehatan Mental Generasi Z ","1493581083304083456","","","in","Indonesia","0","0","1","https://x.com/marshalsabir/status/1493581083304083456","806105737839579136","marshalsabir"
"1493229003875880962","Mon Feb 14 14:27:08 +0000 2022","1","bukan gen z yang mental kerupuk tapi perlahan orang² makin terbuka soal isu kesehatan mental daripada generasi sebelumnya bukan berarti generasi² sebelumnya aman² ae atau bermental baja ","1493230331326959617","","etekpulangptang","in","Daar in jouw hart, altijd.","0","1","0","https://x.com/etekpulangptang/status/1493230331326959617","1629475081","etekpulangptang"
"1489159992150163462","Thu Feb 03 08:53:04 +0000 2022","0","Sebanyak 60 persen generasi Z mengatakan kalau dukungan kesehatan mental adalah faktor kunci dalam pencarian kerja. #kumparanMilenial https://t.co/A7j4kigIHk","1489159992150163462","","","in","","0","0","0","https://x.com/kumparan/status/1489159992150163462","759692754985242625","kumparan"
"1488783779699167235","Wed Feb 02 07:58:08 +0000 2022","1","Teruntuk kamu Generasi Z ini dia 10 quote tentang kesehatan mental untuk membangkitkan semangatmu. Bisa jadi motivasi nih. #userstory https://t.co/hdg1cBC2oY","1488783779699167235","","","in","","0","0","0","https://x.com/kumparan/status/1488783779699167235","759692754985242625","kumparan"
"1486000444543741953","Tue Jan 25 15:40:15 +0000 2022","1","@schfess Dewan Ini Menyesalkan perilaku Generasi Z selalu mendramatisasi adanya masalah kesehatan mental","1486000975924310018","","schfess","in","Atlantis","0","0","0","https://x.com/ozazizuzezo/status/1486000975924310018","1485626020783071243","ozazizuzezo"
"1485181653236391936","Sun Jan 23 09:24:34 +0000 2022","1","manfaat lari bagi kesehatan mental generasi Z. #userstory https://t.co/3prPPpjQ7s","1485181653236391936","","","in","","1","0","1","https://x.com/kumparan/status/1485181653236391936","759692754985242625","kumparan"
"1483047033996861441","Mon Jan 17 12:56:41 +0000 2022","0","@illuminationkey iya ahli kejiwaan bakal banyak permintaan generasi z dan yg berikutnya sadar kesehatan mental itu penting","1483060710296932357","","","in","","0","0","0","https://x.com/c_felis/status/1483060710296932357","1176628603","c_felis"
"1481617959106007048","Thu Jan 13 13:23:43 +0000 2022","0","Ada gk ya penelitian tentang pengaruh sosial media terhadap kesehatan mental generasi milenial dan generasi z ","1481617959106007048","","","in","kota tepian","0","0","0","https://x.com/jdystwn/status/1481617959106007048","1163399821199175680","jdystwn"
"1473085622302568448","Tue Dec 21 00:19:15 +0000 2021","2","random thoughts mungkin grgr generasi baby boomers kebanyakan nikah muda jd blm siap scr mental trus ga diobati krna blm sadar kalau itu penting jdi merembet ke gen selanjutnya sampe akhirnya ke gen z tp alhamdulillah si gen z uda byk yg sadar bahwa kesehatan jiwa itu penting...","1473085622302568448","","","in","she/her","0","0","0","https://x.com/kjdovely/status/1473085622302568448","1104168448618225664","kjdovely"
"1467151136771624963","Sat Dec 04 15:17:44 +0000 2021","0","Bayangin kalo Gen Z ga aware sama kondisi kesehatan mental mereka bakalan jadi ortu kayak apa nanti di tahun 2045. Kalo gak aware2 yg ada jadi penerus generasi tempramental..","1467151136771624963","","","in","","0","1","0","https://x.com/tepdisini/status/1467151136771624963","1349295386964287492","tepdisini"
"1462020872806436870","Sun Nov 21 04:02:04 +0000 2021","1","@kapokambiss @resa_wardanas Tapi ini rasanya semua peserta dibully gtu dehhh kak :(( mana diakhir jurinya blg generasi z emg pda manja bgt pdhl program paper kelompok lain juga bagus kaya melek sama kesehatan mental","1462270060370616325","","kapokambiss","in","Cibinong, Bogor","0","1","0","https://x.com/Pengenjadisapi/status/1462270060370616325","3302118662","Pengenjadisapi"
"1461886114315128841","Sat Nov 20 02:36:24 +0000 2021","0","Katanya aku masuk generasi tukang ngeluh meskipun aku ngerasa agak terlalu tua untuk masuk ke Gen Z atau apalah itu namanya. Tapi mungkin mengeluh dalam presentase yang wajar diperlukan untuk kesehatan mental kita masing-masing. Mungkin jadi ada sense of reliefnya.","1461886114315128841","","","in","","0","0","0","https://x.com/Fadeaway95/status/1461886114315128841","1461321680798707716","Fadeaway95"
"1457950875125682178","Tue Nov 09 05:59:10 +0000 2021","0","Awalnya mau kesehatan mental tapi istilah keren generasi z kek asik pas dibuat jadi ceramah","1457950875125682178","","","in","not spoiler free","0","0","0","https://x.com/ineonimislocis/status/1457950875125682178","1302803045122625539","ineonimislocis"
"1455399384716349451","Tue Nov 02 05:00:27 +0000 2021","4","Generasi Z lebih sadar akan isu-isu sosial dan kesehatan mental. Para bos milenial pun memberikan testimoni mengenai apa yang mereka 'takutkan'. https://t.co/x0BOJo53E1","1455399384716349451","","","in","","1","0","1","https://x.com/detikcom/status/1455399384716349451","69183155","detikcom"
"1455382672755265550","Tue Nov 02 03:54:03 +0000 2021","0","Generasi Z lebih sadar akan isu-isu sosial dan kesehatan mental. Para bos milenial pun memberikan testimoni mengenai apa yang mereka 'takutkan'. https://t.co/gN75nj4cjn","1455382672755265550","","","in","ÜT: -6.2746861,106.8304126","0","0","0","https://x.com/wolipop/status/1455382672755265550","95579729","wolipop"
"1455337799310262274","Tue Nov 02 00:55:44 +0000 2021","1","Generasi Z lebih sadar akan isu-isu sosial dan kesehatan mental. Para bos milenial pun memberikan testimoni mengenai apa yang mereka 'takutkan'. https://t.co/tr0wjQF8xC","1455337799310262274","","","in","ÜT: -6.2746861,106.8304126","0","0","0","https://x.com/wolipop/status/1455337799310262274","95579729","wolipop"
"1453907197205925889","Fri Oct 29 02:11:02 +0000 2021","0","Webinar dengan tema Pengaruh Media Sosial Terhadap Optimalisasi Kesehatan Mental dan Psikososial Generasi Z Sabtu 20 November 2021 08.00 WIB - Selesai Zoom Meeting dan Live Streaming Youtube CP : +6281233531437 https://t.co/qgoZrNQXBK","1453907197205925889","https://pbs.twimg.com/media/FC1Q4sqWYAAwiHZ.jpg","","in","Surabaya","0","0","0","https://x.com/eventsurabaya/status/1453907197205925889","143634855","eventsurabaya"
"1453544808052572164","Thu Oct 28 02:11:02 +0000 2021","0","Webinar dengan tema Pengaruh Media Sosial Terhadap Optimalisasi Kesehatan Mental dan Psikososial Generasi Z Sabtu 20 November 2021 08.00 WIB - Selesai Zoom Meeting dan Live Streaming Youtube CP : +6281233531437 https://t.co/KSlHkrPd56","1453544808052572164","https://pbs.twimg.com/media/FCwHS27XsAI9lLk.jpg","","in","Surabaya","0","0","0","https://x.com/eventsurabaya/status/1453544808052572164","143634855","eventsurabaya"
"1453182419767599106","Wed Oct 27 02:11:02 +0000 2021","0","Webinar dengan tema Pengaruh Media Sosial Terhadap Optimalisasi Kesehatan Mental dan Psikososial Generasi Z Sabtu 20 November 2021 08.00 WIB - Selesai Zoom Meeting dan Live Streaming Youtube CP : +6281233531437 https://t.co/8mQNZ8Vld0","1453182419767599106","https://pbs.twimg.com/media/FCq9tIcXsAUOno4.jpg","","in","Surabaya","0","0","0","https://x.com/eventsurabaya/status/1453182419767599106","143634855","eventsurabaya"
"1452858271673438210","Tue Oct 26 04:42:59 +0000 2021","0"," WEBINAR TEMA : PENGARUH MEDIA SOSIAL TERHADAP OPTIMALISASI KESEHATAN MENTAL DAN PSIKOSOSIAL GENERASI Z https://t.co/6T9N5wobj0","1452858271673438210","https://pbs.twimg.com/media/FCmW5PpVcAA-huE.jpg","","in","Surabaya - Indonesia","0","0","0","https://x.com/akfarsby/status/1452858271673438210","264142282","akfarsby"
"1452820031293771780","Tue Oct 26 02:11:02 +0000 2021","0","Webinar dengan tema Pengaruh Media Sosial Terhadap Optimalisasi Kesehatan Mental dan Psikososial Generasi Z Sabtu 20 November 2021 08.00 WIB - Selesai Zoom Meeting dan Live Streaming Youtube CP : +6281233531437 https://t.co/i39ucfug75","1452820031293771780","https://pbs.twimg.com/media/FCl0HYFXMAMXF7u.jpg","","in","Surabaya","0","0","0","https://x.com/eventsurabaya/status/1452820031293771780","143634855","eventsurabaya"
"1452457645244305414","Mon Oct 25 02:11:02 +0000 2021","1","Webinar dengan tema Pengaruh Media Sosial Terhadap Optimalisasi Kesehatan Mental dan Psikososial Generasi Z Sabtu 20 November 2021 08.00 WIB - Selesai Zoom Meeting dan Live Streaming Youtube CP : +6281233531437 https://t.co/zEh1R1Ilvh","1452457645244305414","https://pbs.twimg.com/media/FCgqhnyXIAImZGC.jpg","","in","Surabaya","0","0","0","https://x.com/eventsurabaya/status/1452457645244305414","143634855","eventsurabaya"
"1452095256623734786","Sun Oct 24 02:11:02 +0000 2021","0","Webinar dengan tema Pengaruh Media Sosial Terhadap Optimalisasi Kesehatan Mental dan Psikososial Generasi Z Sabtu 20 November 2021 08.00 WIB - Selesai Zoom Meeting dan Live Streaming Youtube CP : +6281233531437 https://t.co/4Vt7j6r5dG","1452095256623734786","https://pbs.twimg.com/media/FCbg73UXMAQG8pK.jpg","","in","Surabaya","0","0","0","https://x.com/eventsurabaya/status/1452095256623734786","143634855","eventsurabaya"
"1451914068814704644","Sat Oct 23 14:11:03 +0000 2021","0","Webinar dengan tema Pengaruh Media Sosial Terhadap Optimalisasi Kesehatan Mental dan Psikososial Generasi Z Sabtu 20 November 2021 08.00 WIB - Selesai Zoom Meeting dan Live Streaming Youtube CP : +6281233531437 https://t.co/NBHFFeypbr","1451914068814704644","https://pbs.twimg.com/media/FCY8JT2XIAcxcdn.jpg","","in","Surabaya","0","1","0","https://x.com/eventsurabaya/status/1451914068814704644","143634855","eventsurabaya"
"1450996521218949122","Thu Oct 21 01:25:03 +0000 2021","1","Generasi Z Diajak Memahami Isu Kesehatan Mental https://t.co/UTULCnzR6d #beritajogja #jogja #jogjaistimewa https://t.co/vBlB30aUIj","1450996521218949122","https://pbs.twimg.com/media/FCL5pZ-VcAEQB9E.jpg","","in","Yogyakarta, Indonesia","0","0","0","https://x.com/Harian_Jogja/status/1450996521218949122","118371948","Harian_Jogja"
"1433759972827938820","Fri Sep 03 11:53:11 +0000 2021","0","Mari kita bahas tuntas terkait masalah kesehatan mental bagi generasi Z di masa Pandemi tentunya dengan pembicara yang berkompeten *Pembicara: *Nadya Ariyani Hasanah Nuriyyatiningrum S. Psi. M.Psi. Psikolog*(Dosen Fakultas Psikologi dan Kesehatan UIN Walisongo)","1433759977026457602","","HIMAKBMKMUnsoed","in","Karangwangkal, Purwokerto","0","1","0","https://x.com/HIMAKBMKMUnsoed/status/1433759977026457602","554819009","HIMAKBMKMUnsoed"
"1433759972827938820","Fri Sep 03 11:53:10 +0000 2021","0"," *DISKUSI INTERNAL KBMKM* Hallo KBMKM! Gimana kabarnya nih? Semoga sehat selalu Diskusi Internal KBMKM Unsoed akhirnya hadir dengan judul: *Kesehatan Mental pada Generasi Z Selama Pandemi* https://t.co/rm89BOyEbp","1433759972827938820","https://pbs.twimg.com/media/E-W9EeLUUA4S_Pu.jpg","","in","Karangwangkal, Purwokerto","0","1","1","https://x.com/HIMAKBMKMUnsoed/status/1433759972827938820","554819009","HIMAKBMKMUnsoed"
"1315639819800772608","Mon Oct 12 13:27:08 +0000 2020","0","Mental Health and Gen Z Apasih mental health itu? Menurut WHO mental health adalah keadaan sejahtera di mana setiap individu bisa mewujudkan potensi mereka sendiri. Menurut WHO generasi milenial atau yang biasa disebut generasi Z ini lebih rentan terhadap gangguan kesehatan","1315645179668226053","","happylan_","in","","0","1","0","https://x.com/happylan_/status/1315645179668226053","1044616536336420864","happylan_"
"1315636963332943874","Mon Oct 12 12:54:30 +0000 2020","0","Kesehatan mental pemuda mencerminkan masa depan yang ada bagi bangsa kita Indonesia. Namun data menunjukkan bahwa generasi Z memiliki prosentase kerentanan yang besar terhadap depresi dan social anxiety. Mari libatkanlah orangtua dalam upaya menjaga kesehatan generasi penerus!","1315636963332943874","","","in","","0","1","1","https://x.com/NehesaS/status/1315636963332943874","1110030393934147584","NehesaS"
"1315636740422426624","Mon Oct 12 12:53:36 +0000 2020","1","Pengaruh Media Sosial Terhadap Kesehatan Mental Bagi Generasi Z Rizqi Akbar Dermawan Fakultas Teknik Perencanaan Wilayah dan Kota Cluster 62 #LoveYourself #Adhikara58 #MabaUB2020 #RAJABrawijaya2020 #KitaSatuBrawijaya #KreasiNyataBrawijayans","1315636740422426624","","","in","Kota Surabaya, Jawa Timur","0","2","1","https://x.com/akbar_dermawan/status/1315636740422426624","713158789","akbar_dermawan"
"1315635816094339072","Mon Oct 12 12:49:56 +0000 2020","0","[A THREAD] Seberapa penting mental health bagi generasi Z? Mental health atau kesehatan mental merupakan kondisi seseorang yang dipengaruhi oleh kejadian yang membekas dalam kepribadian dan perilaku hidupnya.","1315635816094339072","","","in","Indonesia","0","1","0","https://x.com/eecceell/status/1315635816094339072","924164196798828547","eecceell"
"1315625114793246720","Mon Oct 12 12:09:40 +0000 2020","0","Generasi z adalah generasi setelah y yang terdiri dari orang-orang yang lahir antara tahun 1998 sampai tahun 2010. Pentingnya kesehatan mental bagi generasi z salah satunya adalah untuk mengembangkan potensi anak muda.","1315625680827162624","","Farizagain_","in","","0","1","0","https://x.com/Farizagain_/status/1315625680827162624","937025535418314752","Farizagain_"
"1315620122258632706","Mon Oct 12 11:47:34 +0000 2020","1","dari yang saya alami media sosial sangat berpengaruh pada kesehatan mental terutama bagi generasi z. Jadi gunakanlah media sosial secukupnya dan gunakan untuk hal positif. #LoveYourself #Adhikara58 #MabaUB2020 #RAJABrawijaya2020 #KitaSatuBrawijaya #KreasiNyataBrawijayans","1315620122258632706","","","in","bismillah headshot","0","0","0","https://x.com/bari000000/status/1315620122258632706","1138830002139435009","bari000000"
"1315611641640226816","Mon Oct 12 11:13:53 +0000 2020","0","Pada kesempatan kali ini penugasan Raja Brawijaya membuat sebuah essay terkait mental health. Sebab kesehatan mental merupakan hal yang perlu mendapat perhatian dari semua pihak. Kita harus mengerti betapa pentingnya kesehatan mental khususnya bagi para generasi z.","1315611644827901952","","agustindc__","in","Indonesia","0","1","0","https://x.com/agustindc__/status/1315611644827901952","2587621856","agustindc__"
"1315588725087203328","Mon Oct 12 09:42:49 +0000 2020","0","dilihat dari jaman skrng banyak generasi Z yg rentan terkena gangguan kesehatan mental. gangguan kesehatan mental adlh penyakit yg memengaruhi pola pikir dan perilaku penderitanya #LoveYourself #Adhikara58 #MabaUB2020 #RAJABrawijaya2020 #KitaSatuBrawijaya #KreasiNyataBrawijayans","1315588725087203328","","","in","","0","0","0","https://x.com/AanFarhan02_/status/1315588725087203328","1113723751","AanFarhan02_"
"1315218327480934401","Mon Oct 12 08:51:15 +0000 2020","0","Dengan adanya pandemi juga membawa pengaruh bagi kesehatan mental tiap generasi terutama generasi Z yang mengalami banyak adaptasi dan perubahan. Jenis gangguan kesehatan mental antara lain stress gangguan kecemasan dan depresi.","1315575750846607360","","jeanett_02","in","","0","1","0","https://x.com/jeanett_02/status/1315575750846607360","1310394579967905792","jeanett_02"
"1315562366856163328","Mon Oct 12 07:58:05 +0000 2020","0","Generasi Z adalah generasi yang memiliki tingkat kesehatan mental yang dapat dibilang tidak sehat dan memiliki lebih banyak masalah kesehatan mental dibanding generasi sebelumnya. Banyak sekali tekanan-tekanan mental yang dipengaruhi oleh lingkungan sekitar maupun diri sendiri.","1315562369821495298","","abraham75141121","in","","0","1","0","https://x.com/abraham75141121/status/1315562369821495298","1315553455524646912","abraham75141121"
"1315559943655759872","Mon Oct 12 07:48:28 +0000 2020","1","Bagi generasi Z penting untuk mengetahui kesehatan mental beserta gejalanya generas Z lebih rentan terserang gangguan mental.","1315559949976522753","","denijohanabdull","in","","0","0","0","https://x.com/denijohanabdull/status/1315559949976522753","1310293629550825477","denijohanabdull"
"1315551427851251712","Mon Oct 12 07:14:39 +0000 2020","0","cukup besar. Berdasarkan pengamatan saya dari berinteraksi mendengar dan membaca curhatan teman teman millennials maupun generasi z pemuda sekarang semakin rapuh jika ada suatu masalah atau menghadapi kerasnya hidup. Jika tidak sadar akan pentingnya kesehatan mental masa","1315551439108800513","","bitchyqty","in","Indonesia","0","1","0","https://x.com/bitchyqty/status/1315551439108800513","1054937703483985920","bitchyqty"
"1315551427851251712","Mon Oct 12 07:14:36 +0000 2020","0","Pentingnya Mental Health di Masa Sekarang Terutama Bagi Generasi Z. Sehat sering kali dipersepsikan dari segi fisik saja. Padahal sehat juga berarti tentang kesehatan jiwa. Sayangnya persoalan kesehatan jiwa masih dianggap","1315551427851251712","","","in","Indonesia","0","1","0","https://x.com/bitchyqty/status/1315551427851251712","1054937703483985920","bitchyqty"
"1315546881196355584","Mon Oct 12 06:56:32 +0000 2020","5","Mental health wajib untuk diketahui bagi kita sebagai generasi z. Tak jarang kita sering menyepelekan tentang kesehatan mental. Bagi masyarakat kita org yg berpenyakit mental seringkali dikatakan gila/tdk waras dll. Sehingga hal ini tabu utk dibicarakan bagi mereka.Tentu tidak!.","1315546881196355584","","","in","Kota Padang, Indonesia","0","1","0","https://x.com/rhmhamnah/status/1315546881196355584","1266768159983329282","rhmhamnah"
"1315538721416994818","Mon Oct 12 06:29:05 +0000 2020","0","sebagai generasi z dan juga sebagai generasi bangsa harus bisa menjaga kesehatan mental kita sehingga kita dapat lebih fokus untuk mengemban cita-cita masing-masing dan dapat memimpin negara Indonesia di kemudian hari dan dapat menjadi Indonesia yang lebih baik dan maju.","1315539973022523392","","rafi_syahbana","in","","0","1","0","https://x.com/rafi_syahbana/status/1315539973022523392","1310065509681963009","rafi_syahbana"
"1315538836345110528","Mon Oct 12 06:25:17 +0000 2020","0","Kehadiran medsos juga memberikan dampak pada kesehatan mental generasi Z misalnya dikarenakan adanya kebebasan berpendapat di media sosial kemudian terjadilah cyber bullying.","1315539017136369664","","OspekTgs","in","","0","2","0","https://x.com/OspekTgs/status/1315539017136369664","1315536624348880896","OspekTgs"
"1315538836345110528","Mon Oct 12 06:24:56 +0000 2020","0","Stres adalah faktor terbesar penyebab buruknya kesehatan mental generasi Z. Stres tersebut dikarenakan tekanan kehidupan serta bisa juga diakibatkan oleh informasi-informasi tak terbendung yang beredar di sekitarnya","1315538929274159104","","OspekTgs","in","","0","2","0","https://x.com/OspekTgs/status/1315538929274159104","1315536624348880896","OspekTgs"
"1315538836345110528","Mon Oct 12 06:24:34 +0000 2020","0","Generasi Z merupakan generasi digital yang mahir dan gandrung akan teknologi informasi dan berbagai aplikasi komputer. Namun dibalik itu generasi Z adalah generasi yang rentan mengalami gangguan kesehatan mental.","1315538836345110528","","","in","","0","1","0","https://x.com/OspekTgs/status/1315538836345110528","1315536624348880896","OspekTgs"
"1315532755724247040","Mon Oct 12 06:00:25 +0000 2020","1","Pentingnya Mental Health di Masa Sekarang Terutama Bagi Generasi Z.Sehat sering kali hanya dihubungkan dari segi fisik saja. Padahal sehat itu juga merupakan bagian dari kesehatan jiwa. Penugasan Raja Brawijaya (Arindra Alifia -07-Administrasi bisnis)","1315532755724247040","","","in","","0","0","0","https://x.com/AlifiaArindra/status/1315532755724247040","1315528027778871296","AlifiaArindra"
"1315357375071621121","Sun Oct 11 18:23:38 +0000 2020","0","Sebagai generasi Z dimana segala macam hal dapat dengan mudah di akses kita harus pintar memilah mana yang baik dan buruk. Jangan sampai kita terjerumus ke dalam hal yang berbau negatif apalagi dapat memengaruhi atau bahkan sampai merusak kesehatan mental.","1315357406621175808","","AnnisaMaulinaS","in","","0","1","0","https://x.com/AnnisaMaulinaS/status/1315357406621175808","1315348474833989632","AnnisaMaulinaS"
"1315357375071621121","Sun Oct 11 18:23:31 +0000 2020","0","Penelitian American Psychological Association (APA) tahun 2018 berjudul Stress in America Generation Z menyebutkan bahwa generasi Z adalah generasi dengan kesehatan mental paling buruk dari pada generasi-generasi lainnya.","1315357378452180992","","AnnisaMaulinaS","in","","0","1","0","https://x.com/AnnisaMaulinaS/status/1315357378452180992","1315348474833989632","AnnisaMaulinaS"
"1315345875867066368","Sun Oct 11 17:37:49 +0000 2020","0","Walaupun sudah banyak karya seperti film Joker yang diketahui para generasi Z mereka tetap saja tidak mengerti mengenai Kesehatan Mental Kesehatan Mental adalah hal yang bersifat pribadi dan individu. Hal ini menentukan bagaimana seseorang dapat berhubungan dengan orang lain ","1315345877637029889","","Rivay07832908","in","","0","1","0","https://x.com/Rivay07832908/status/1315345877637029889","1315340402958888960","Rivay07832908"
"1315329040044060672","Sun Oct 11 16:31:04 +0000 2020","0","Oleh karena itu sangat penting bagi setiap manusia untuk menjaga Kesehatan fisik bukan hanya Kesehatan fisik tetapi juga Kesehatan mental kita selama pandemic. Khususnya bagi para remaja tentunya sangat berat bagi para anak muda generasi z untuk menghadapi kondisi seperti ini.","1315329077239111680","","FlorensiaSyeren","in","","0","1","0","https://x.com/FlorensiaSyeren/status/1315329077239111680","754402076826869760","FlorensiaSyeren"
"1315324323784130561","Sun Oct 11 16:12:12 +0000 2020","0","Menurut penelitian American Psychological Association (APA) tahun 2018 berjudul Stress in America: Generation Z anak muda usia 15 sampai 21 tahun adalah kelompok manusia dengan kondisi kesehatan mental terburuk dibandingkan dengan generasi-generasi lainnya.","1315324330369118208","","ffluttersparkle","in","","0","1","0","https://x.com/ffluttersparkle/status/1315324330369118208","1232201713227943937","ffluttersparkle"
"1315318982883205121","Sun Oct 11 15:50:57 +0000 2020","2","Mental health Apasih mental health itu? Pasti kalian pernah mendengar hal ini bukan? Mental health bukan lah hal yang tabu lagi apalagi dikalangan generasi z seperti saat ini. Arti dari mental health itu sendiri adalah kesehatan mental yaitu tingkatan kesejahteraan psikologis","1315318982883205121","","","in","","0","1","0","https://x.com/UfifahA/status/1315318982883205121","1306043100062597125","UfifahA"
"1315317872403439617","Sun Oct 11 15:48:33 +0000 2020","0","Kesehatan Mental bagi generasi z sekarang ini sedang dalam keadaan yg darurat. banyak orang yang depresi tidak ingin membuat teman dan keluarganya khawatir sehingga ia berpura-pura baik-baik saja. Padahal hal tersebut sangat lah parah resikonya hingga bisa menyebabkan bunuh diri","1315318378144231424","","WilliamChangi","in","","0","0","0","https://x.com/WilliamChangi/status/1315318378144231424","2319324605","WilliamChangi"
"1315317770662240256","Sun Oct 11 15:46:36 +0000 2020","0","disekitar lingkunganya yang mampu menurunkan nya bahkan bisa dilanggengkan namun banyak menimbulkan kekerasan tertentu bisa dikatakan jika kesehatan generasi z ini terganggu secara langsung tidak bisa dihindarkan akan memunculkannya stress atau bahkan gangguan mental.","1315317885753909249","","Neshamokoagow1","in","","0","1","0","https://x.com/Neshamokoagow1/status/1315317885753909249","1314419935527854080","Neshamokoagow1"
"1315313905694990337","Sun Oct 11 15:30:51 +0000 2020","0","Kesehatan mental lebih susah menjaganya daripada kesehatan fisik. Karna mental sangat sensitif. Produktiflah dan gali potensi diri kalian wahai generasi z. Bersyukur dan cintailah diri sendiri. #LoveYourself #Adhikara58 #MabaUB2020 #RAJABrawijaya2020 #KreasiNyataBrawijaya","1315313924145700865","","firandabery_","in","","0","0","0","https://x.com/firandabery_/status/1315313924145700865","1313138503782330369","firandabery_"
"1315313905694990337","Sun Oct 11 15:30:49 +0000 2020","0","Menurut aku diantara beberapa faktor kesehatan mental generasi Z paling banyak ditimbulkan karena ketidakharmonisan keluarga seperti perceraian dan media sosial. Di era sekarang banyak generasi z yang termakan berita hoax dan merasa insecure apa yang dilihat dari dunia maya.","1315313916721786881","","firandabery_","in","","0","1","0","https://x.com/firandabery_/status/1315313916721786881","1313138503782330369","firandabery_"
"1315313905694990337","Sun Oct 11 15:30:47 +0000 2020","0","Hallo semuanya! Perkenalkan aku Firanda Bery Amini dari Fakultas Ilmu Administrasi jurusan Administrasi Publik cluster 26. Aku bakalan jelasin betapa pentingnya kesehatan mental bagi generasi z mengingat kemarin adalah hari kesehatan mental sedunia","1315313905694990337","","","in","","0","1","0","https://x.com/firandabery_/status/1315313905694990337","1313138503782330369","firandabery_"
"1315312857131614208","Sun Oct 11 15:26:40 +0000 2020","0","Kondisi kesehatan mental generasi Z sangat perlu untuk menjadi perhatian banyak pihak. Selain kajian-kajian ilmiah mengenai penyebab kondisi psikologis ini berbagai pihak juga perlu terus mengembangkan sosialisasi mengenai pentingnya kesadaran kesehatan mental.","1315312872273051650","","ridhosuroganong","in","Malang, Jawa Timur","0","1","0","https://x.com/ridhosuroganong/status/1315312872273051650","1313035173512900610","ridhosuroganong"
"1315312857131614208","Sun Oct 11 15:26:40 +0000 2020","0","Menurut penelitian APA tersebut diperoleh hasil bahwa sebanyak 91 persen generasi Z mempunyai gejala-gejala emosional maupun fisik yang berkaitan dengan stres seperti depresi dan gangguan kecemasan. Stres adalah faktor terbesar penyebab buruknya kesehatan mental generasi Z.","1315312869261496321","","ridhosuroganong","in","Malang, Jawa Timur","0","1","0","https://x.com/ridhosuroganong/status/1315312869261496321","1313035173512900610","ridhosuroganong"
"1315312857131614208","Sun Oct 11 15:26:39 +0000 2020","0","Menurut penelitian American Psychological Association (APA) tahun 2018 berjudul Stress in America: Generation Z anak muda usia 15 sampai 21 tahun adalah kelompok manusia dengan kondisi kesehatan mental terburuk dibandingkan dengan generasi-generasi lainnya.","1315312867743162369","","ridhosuroganong","in","Malang, Jawa Timur","0","1","0","https://x.com/ridhosuroganong/status/1315312867743162369","1313035173512900610","ridhosuroganong"
"1315311454225002498","Sun Oct 11 15:24:05 +0000 2020","0","Menurut penelitian APA diperoleh hasil bahwa sebanyak 91 persen generasi Z mempunyai gejala-gejala emosional maupun fisik yang berkaitan dengan stres seperti depresi dan gangguan kecemasan. Stres adalah faktor terbesar penyebab buruknya kesehatan mental generasi Z.","1315312221195386883","","malesmulu","in","Malang, Jawa Timur","0","1","0","https://x.com/malesmulu/status/1315312221195386883","3342732460","malesmulu"
"1315309610715115523","Sun Oct 11 15:13:43 +0000 2020","0","PENTINGNYA KESEHATAN MENTAL BAGI GENERASI Z Nama : Teguh Riski Saputra Fakultas : Ilmu Sosial dan Ilmu Politik Prodi : Ilmu Pemerintahan Cluster : 9 Universitas Brawijaya #Adhikara58 #MabaUB2020 #RAJABrawijaya2020 #KitaSatuBrawijaya #KreasiNyataBrawijayans","1315309610715115523","","","in","","0","1","0","https://x.com/TeguhRiskiSapu3/status/1315309610715115523","1314938722501095424","TeguhRiskiSapu3"
"1315302357261975552","Sun Oct 11 14:54:33 +0000 2020","0","Menurut penelitian American Psychological Association (APA) tahun 2018 berjudul Stress in America: Generation Z anak muda usia 15 sampai 21 tahun adalah kelompok manusia dengan kondisi kesehatan mental terburuk dibandingkan dengan generasi-generasi lainnya.","1315304787697565697","","jundi_fathan","in","","0","1","0","https://x.com/jundi_fathan/status/1315304787697565697","1269735049705873409","jundi_fathan"
"1315304743888015361","Sun Oct 11 14:54:23 +0000 2020","0","Di era modern ini kesehatan mental menjadi salah satu hal yang perlu diperhatikan bagi masyarakat modern terutama para Gen Z. Sebelumnya menurut wikipedia Gen Z atau Generasi Z merupakan generasi setelah Generasi Y yang didefinisikan sebagai ㅡ","1315304746358509569","","sukkiehwan","in","she/her 20 | 최현석 소정환 박정우 ♡ 방예담","0","1","0","https://x.com/sukkiehwan/status/1315304746358509569","972651745632387073","sukkiehwan"
"1315304305650364416","Sun Oct 11 14:52:38 +0000 2020","2","Berbicara mengenai kesehatan mental di era saat ini sangat perlu untuk dibahas. Apalagi jika hal tersebut mengenai usia milenial atau Generasi Z. Mengapa hal tersebut bisa terjadi hal tersebut karena generasi Z sebagian besar mengalami depresi stress dan gangguan kecemasan","1315304305650364416","","","in","Malang, Jawa Timur","0","1","0","https://x.com/diananrdi/status/1315304305650364416","1276078538878119936","diananrdi"
"1315300496098254848","Sun Oct 11 14:49:38 +0000 2020","0","Ternyata generasi ini memanfaatkan dunia virtual sebagai tempat pelarian dari kehidupan nyata. Sayangnya internet bisa membuat kondisi kesehatan mental generasi Z menjadi lebih buruk. #Adhikara58 #MabaUB2020 #RAJABrawijaya2020 #KitaSatuBrawijaya #KreasiNyataBrawijayans","1315303553443917824","","oktsandy","in","","0","1","0","https://x.com/oktsandy/status/1315303553443917824","1314903080945610752","oktsandy"
"1315300496098254848","Sun Oct 11 14:45:48 +0000 2020","0","Dekat dengan teknologi bukan berarti menjadikan generasi Z menjadi baik-baik saja. Muncul banyak isu-isu yang mengatakan bahwa generasi Z mengalami gangguan kesehatan mental. #Adhikara58 #MabaUB2020 #RAJABrawijaya2020 #KitaSatuBrawijaya #KreasiNyataBrawijayans","1315302585067163655","","oktsandy","in","","0","1","0","https://x.com/oktsandy/status/1315302585067163655","1314903080945610752","oktsandy"
"1315301133997363200","Sun Oct 11 14:40:03 +0000 2020","0","bagi Generasi Z yang hebat. Ya masalah mental health. Rupanya masalah kondisi psikologis dan juga kesehatan mental sedang marak dialami. Sebagian besar penderita mental health diderita oleh remaja hal ini disebabkan oleh kedewasaan psikologis pada remaja belum terlalu baik dan","1315301138581790720","","denillaptr","in","Indonesia","0","1","0","https://x.com/denillaptr/status/1315301138581790720","927078352535535616","denillaptr"
"1315261865564368897","Sun Oct 11 14:37:50 +0000 2020","0","Hal itu berpengaruh terhadap pandangan generasi Z terhadap keuangan. Jika tidak sadar akan pentingnya kesehatan mental masa depan pemuda akan terancam karena bisa jadi dengan segala potensi yang dimiliki serta mimpi yang mereka punya bisa menjadi penghambat","1315300580256931840","","garayyyy","in","","0","0","0","https://x.com/garayyyy/status/1315300580256931840","1314389922220965888","garayyyy"
"1315296623468056576","Sun Oct 11 14:22:06 +0000 2020","1","Kesehatan mental sangatlah penting untuk para generasi Z mengapa sangat penting? Karena kesehatan mental yang terjaga tidak hanya mencegah datangnya gangguan mental tapi juga membuat generasi Z merasa tenang &amp; dapat berfungsi dengan baik dalam lingkungan.","1315296623468056576","","","in","","0","1","0","https://x.com/ricarica_ayam22/status/1315296623468056576","1274379143262560262","ricarica_ayam22"
"1315287803719159811","Sun Oct 11 14:21:38 +0000 2020","0","Untuk itulah kita para generasi Z yang notabenenya generasi yang paling banyak mengalami gangguan kesehatan mental ini untuk saling mendukung satu sama lain. Tidak perlu menunggu orang lain bertindak jadilah orang yang mengawali itu.","1315296504630788098","","riesfaris","in","","0","1","0","https://x.com/riesfaris/status/1315296504630788098","751787963202146304","riesfaris"
"1315296431624736768","Sun Oct 11 14:21:23 +0000 2020","0","Kita sebagai generasi Z memiliki kekuatan untuk mengambil langkah positif sekarang juga untuk meningkatkan ketahanan dan kesehatan mental. Jangan menunggu sampai kita berada dalam krisis untuk menjadikan kesehatan mental kita sebagai prioritas. Selain itu lebih mudah membentuk","1315296442240569345","","phobiesherinaa","in","","0","1","0","https://x.com/phobiesherinaa/status/1315296442240569345","3725493024","phobiesherinaa"
"1315296431624736768","Sun Oct 11 14:21:21 +0000 2020","0","Sama halnya dengan kesehatan fisik kesehatan mental sendiri juga dapat ditingkatkan. Ada beberapa cara untuk meningkatkan kesehatan mental yang dapat diterapkan khususnya bagi generasi Z yaitu seperti memulai olahraga kecil kecilan makan makanan sehat mencoba terbuka dengan","1315296433151512576","","phobiesherinaa","in","","0","1","0","https://x.com/phobiesherinaa/status/1315296433151512576","3725493024","phobiesherinaa"
"1315294621199552513","Sun Oct 11 14:14:10 +0000 2020","0","Perlindungan kesehatan mental sangat dibutuhkan bagi generasi Z. Karena generasi Z itu penuh dengan tekanan.","1315294625251258369","","yyyysnrm","in","","0","1","0","https://x.com/yyyysnrm/status/1315294625251258369","1158959763603857409","yyyysnrm"
"1315293232914341888","Sun Oct 11 14:08:38 +0000 2020","0","Di masa ini hal yang sangat mempengaruhi kesehatan mental adalah keadaan pandemi COVID-19. Kesehatan mental dapat terjadi pada siapapun termasuk generasi Z. Menurut WHO (2019) stres yang muncul selam amasa pandemi COVID-19 dapat berupa:","1315293235627999232","","diindaya_","in","","0","1","0","https://x.com/diindaya_/status/1315293235627999232","1306352270427082752","diindaya_"
"1315291655973429250","Sun Oct 11 14:02:22 +0000 2020","0","Astri Amaliya Dewi (Cluster 26) ANAK MUDA DAN KESEHATAN MENTAL Pada Zaman Generasi Z #Adhikara58 #MabaUB2020 #RAJABrawijaya2020 #KitaSatuBrawijaya #KreasiNyataBrawijayans https://t.co/pEVYtnSjLk","1315291655973429250","https://pbs.twimg.com/media/EkDaqI3VoAABycJ.jpg","","in","","0","14","0","https://x.com/astri_ad/status/1315291655973429250","1232490913059852288","astri_ad"
"1315288374094098433","Sun Oct 11 13:58:52 +0000 2020","0","Setelah mengerti bahwa kesehatan mental itu penting bagi diri kita dan khususnya bagi generasi Z mulai dari sekarang kita harus lebih aware dan memperhatikan kesehatan mental diri sendiri.","1315290774892814337","","Widiana91757099","in","","0","1","0","https://x.com/Widiana91757099/status/1315290774892814337","1315284647169851393","Widiana91757099"
"1315289800430120966","Sun Oct 11 13:58:46 +0000 2020","0","Generasi Z yang tentunya memahami media sosial dan informasi-informasi di dalamnya lebih baik memanfaatkan hal tersebut untuk mengakses informasi mengenai cara memperbaiki kesehatan mental dan juga bila memang dibutuhkan carilah bantuan klinis.","1315290750620364802","","merlin_ksm","in","","0","1","0","https://x.com/merlin_ksm/status/1315290750620364802","1311105759141195776","merlin_ksm"
"1315289800430120966","Sun Oct 11 13:56:46 +0000 2020","0","Selain itu media sosial juga memiliki dampak buruk bagi kesehatan mental generasi Z yaitu karena tingginya perundungan siber (cyberbullying) yang merupakan perilaku menekan mempermalukan mengancam dan melecehkan seseorang.","1315290245353496583","","merlin_ksm","in","","0","1","0","https://x.com/merlin_ksm/status/1315290245353496583","1311105759141195776","merlin_ksm"
"1315289800430120966","Sun Oct 11 13:56:03 +0000 2020","0","Menurut penelitian APA diperoleh hasil bahwa sebanyak 91 persen generasi Z mempunyai gejala-gejala emosional maupun fisik yang berkaitan dengan stres seperti depresi dan gangguan kecemasan. Stres adalah faktor terbesar penyebab buruknya kesehatan mental generasi Z.","1315290066588057600","","merlin_ksm","in","","0","1","0","https://x.com/merlin_ksm/status/1315290066588057600","1311105759141195776","merlin_ksm"
"1315286347003772928","Sun Oct 11 13:54:16 +0000 2020","0","generasi z sangat gampang terkena gangguan mental health karena sekarang kasus kejahatan di sosial media juga banyak sekali kasus pembullyan kejahatan penipuan dll. maka dari itu kita harus menjaga kesehatan mental kita karena itu berpengaruh besar dalam kehidupan kita","1315289617726271488","","MatheusWadu","in","","0","1","0","https://x.com/MatheusWadu/status/1315289617726271488","1254851889642037248","MatheusWadu"
"1315288374094098433","Sun Oct 11 13:53:31 +0000 2020","0","Melihat dari fenomena sosial di zaman sekarang terutama dunia yang berubah dengan cepat dan saling terhubung melalui internet potensi generasi Z untuk mengalami masalah mental cukup besar. Jika tidak sadar akan pentingnya kesehatan mental masa depan pemuda akan terancam karena-","1315289427342622720","","Widiana91757099","in","","0","1","0","https://x.com/Widiana91757099/status/1315289427342622720","1315284647169851393","Widiana91757099"
"1315253053591711744","Sun Oct 11 13:48:14 +0000 2020","0","Kita sebagai generasi Z harus dapat mengontrol kesehatan mental di tengah perkembangan zaman yang pesat","1315288098301911041","","ariefhdrw","in","","0","1","0","https://x.com/ariefhdrw/status/1315288098301911041","1200532100983615489","ariefhdrw"
"1315287995600138240","Sun Oct 11 13:47:49 +0000 2020","0","Pentingnya kesehatan mental bagi generasi z (otaku edition)","1315287995600138240","","","in","","0","1","0","https://x.com/cassiotaku/status/1315287995600138240","76291882","cassiotaku"
"1315287313820217346","Sun Oct 11 13:45:07 +0000 2020","0","PENTINGNYA MENTAL HEALTH BAGI GENERASI Z Kesehatan mental adalah keadaan sejahtera dimana seorang individu dapat mewujudkan potensi mereka sendiri.","1315287313820217346","","","in","","0","1","0","https://x.com/Adityawillyr/status/1315287313820217346","1310211959904591872","Adityawillyr"
"1315285827061125121","Sun Oct 11 13:39:12 +0000 2020","0","Gangguan kesehatan mental yang sering menghantui generasi Z bermacam macam mulai dari rasa cemas was- was takut panik yang berlebihan telah banyak memicu gangguan mental akut. Akibat dari perilaku perilaku tersebut banyak anak anak muda yang mendatangi psikiater.","1315285827061125121","","","in","","0","0","0","https://x.com/RotatilsaP/status/1315285827061125121","1314992532086906881","RotatilsaP"
"1315285548693553152","Sun Oct 11 13:38:58 +0000 2020","0","Generasi Z perlu mengetahui pentingnya menjaga kesehatan mental. Kesehatan mental membuat kita menjadi lebih produktif dalam beraktivitas. Jika jiwa kita tenang kita dapat fokus kepada sesuatu yang sedang kita kerjakan.","1315285765832630274","","cintyadea6","in","","0","1","0","https://x.com/cintyadea6/status/1315285765832630274","1313358013181292546","cintyadea6"
"1315285736682209280","Sun Oct 11 13:38:53 +0000 2020","1","Akan tetapi dibalik kelebihannya internet juga memili dampak negatif terhadap kesehatan yakni kesehatan mental terutama bagi generasi Z.","1315285748107546624","","iryasnaldi_Lnda","in","","0","1","0","https://x.com/iryasnaldi_Lnda/status/1315285748107546624","738993383843061760","iryasnaldi_Lnda"
"1315284102745006083","Sun Oct 11 13:33:49 +0000 2020","0","gangguan stres dan lain-lain. Generasi Z sangat menyadari hal tersebut dan bekerja satu sama lain dalam menyebarkan pentingnya kesehatan mental itu agar hidup lebih baik. Kesehatan mental ini sangat penting karena untuk menjalankan hidup yang produktif kita tidak hanya butuh-","1315284470296051712","","Bayuplatieff","in","","0","1","0","https://x.com/Bayuplatieff/status/1315284470296051712","1285544386483286016","Bayuplatieff"
"1315284102745006083","Sun Oct 11 13:33:02 +0000 2020","0","juga pengendalian pikiran diri sendiri yang baik dan sehat. Generasi Z sangat menyadari bahwa kesehatan mental yang baik berpengaruh untuk kehidupan yang baik juga. Istilahnya kunci bahagia adalah kesehatan mental. Ada banyak sekali faktor-faktor yang dapat mempengaruhi kesehat-","1315284273973215233","","Bayuplatieff","in","","0","1","0","https://x.com/Bayuplatieff/status/1315284273973215233","1285544386483286016","Bayuplatieff"
"1315277267849756672","Sun Oct 11 13:32:52 +0000 2020","0","Generasi Z harus selalu memperhatikan kesehatan mental diri sendiri dan orang lain karena kita manusia hidup sebagai makhluk sosial yang membutuhkan orang lain. Dengan saling melengkapilah maka kesehatan mental generasi Z dapat membaik kedepannya.","1315284234316124162","","danieldearyy","in","","0","1","0","https://x.com/danieldearyy/status/1315284234316124162","1315274019713679366","danieldearyy"
"1315284102745006083","Sun Oct 11 13:32:21 +0000 2020","0","Mental Health Pada Gen Z Bahaya dan peringatan tentang mental health kini sudah berada dimana-mana. Pada saat ini generasi muda sudah mulai sangat peduli tentang kesehatan mental dan mulai sadar akan pentingnya kesehatan mental.","1315284102745006083","","","in","","0","1","0","https://x.com/Bayuplatieff/status/1315284102745006083","1285544386483286016","Bayuplatieff"
"1315283570038992896","Sun Oct 11 13:30:18 +0000 2020","0","Menurut penelitian APA yang di uji diperoleh hasil bahwa sebanyak 91 persen generasi Z mempunyai gejala-gejala emosional maupun fisik yang berkaitan dengan stres seperti depresi dan gangguan kecemasan. Stres adalah faktor terbesar penyebab buruknya kesehatan mental generasi Z.","1315283588091273216","","nevermindbros","in","","0","1","0","https://x.com/nevermindbros/status/1315283588091273216","1315271647100727296","nevermindbros"
"1315283570038992896","Sun Oct 11 13:30:17 +0000 2020","0","Menurut penelitian American Psychological Association (APA) tahun 2018 berjudul Stress in America: Generation Z anak muda usia 15 sampai 21 tahun adalah kelompok manusia dengan kondisi kesehatan mental terburuk dibandingkan dengan generasi-generasi lainnya.","1315283582965805057","","nevermindbros","in","","0","1","0","https://x.com/nevermindbros/status/1315283582965805057","1315271647100727296","nevermindbros"
"1315283570038992896","Sun Oct 11 13:30:17 +0000 2020","0","Tuntutan hidup yang berdampak pada stress berlebih akan berdampak pada gangguan kesehatan mental yang lebih buruk. Lalu seberapa besar pengaruh mental health terhadap generasi Z ?","1315283581149700096","","nevermindbros","in","","0","1","0","https://x.com/nevermindbros/status/1315283581149700096","1315271647100727296","nevermindbros"
"1315283421946548224","Sun Oct 11 13:29:39 +0000 2020","0","Kesehatan mental generasi Z memang sangat perlu untuk menjadi topic perhatian dari banyak pihak. Hal ini bertujuan agar mental generasi z tetap terjaga sehingga dapat menjadi penerus bangsa #Adhikara58 #MabaUB2020 #RAJABrawijaya2020 #KitaSatuBrawijaya #KreasiNyataBrawijayans","1315283421946548224","","","in","","0","0","0","https://x.com/FatihLontong/status/1315283421946548224","1168705432052875266","FatihLontong"
"1315283138516377600","Sun Oct 11 13:28:34 +0000 2020","0","Perlu kita sadari bahwa kesahatan mental menjadi sebuah kebutuhan yang harus selalu diperhatikan oleh masyarakat. Kelompok yang paling rentan terhadap masalah kesehatan mental adalah Generasi Z.","1315283152030498819","","tasyaassi","in","","0","1","0","https://x.com/tasyaassi/status/1315283152030498819","1306673450606444544","tasyaassi"
"1315282619718795269","Sun Oct 11 13:26:31 +0000 2020","0","Kita sebagai Generasi Z perlu menyadari hal tersebut dan bekerja satu sama lain dalam menyebarkan pentingnya kesehatan mental agar kehidupan kita disaat remaja bisa lebih baik.","1315282633073422344","","geregeee","in","","0","1","0","https://x.com/geregeee/status/1315282633073422344","1130507626742026243","geregeee"
"1315282619718795269","Sun Oct 11 13:26:28 +0000 2020","0","Pada saat ini generasi muda atau yang sekarang ini disebut Generasi Z sudah harus mulai mengerti dan peduli tentang kesehatan mental pada diri mereka sendiri dan mulai sadar akan pentingnya kesehatan mental serta apa efeknya jika kesehatan mentalnya rusak.","1315282621333532673","","geregeee","in","","0","1","0","https://x.com/geregeee/status/1315282621333532673","1130507626742026243","geregeee"
"1315282443084075008","Sun Oct 11 13:25:45 +0000 2020","0","Pentingnya Mental Health Pada Generasi Z Di zaman sekarang mudah sekali bagi anak muda generasi millennial terkena masalah kesehatan mental yang berawal dari berbagai sebab mulai dari keluarga teman relasi hubungan dan lainnya.","1315282443084075008","","","in","","0","2","0","https://x.com/kacebur/status/1315282443084075008","1266410889562910725","kacebur"
"1315277267849756672","Sun Oct 11 13:25:38 +0000 2020","0","Di era serba canggih keakraban generasi Z dengan teknologi juga memengaruhi aspek psikologisnya. Terdapat kecerundungan generasi Z menghindari dunia nyata dan melarikan diri ke kehidupan daringnya. Sayangnya internet bisa membuat kondisi kesehatan mental generasi Z lebih buruk.","1315282412239118336","","danieldearyy","in","","0","1","0","https://x.com/danieldearyy/status/1315282412239118336","1315274019713679366","danieldearyy"
"1315280978626011136","Sun Oct 11 13:19:57 +0000 2020","0","Lalu apa pentingnya menjaga kesehatan mental terutama bagi generasi Z saat ini? Tentu hal tersebut penting mengingat kita adalah penerus generasi milenial. Sebagai penerus tentu kita harus membuat masa depan negara kita menjadi lebih cerah dengan inovasi dan daya kreatifitas.","1315280983785041921","","louisaubert_a","in","Batu, Indonesia","0","0","0","https://x.com/louisaubert_a/status/1315280983785041921","383544681","louisaubert_a"
"1315280957058895872","Sun Oct 11 13:19:52 +0000 2020","0","Masalah kesehatan mental pada remaja generasi Z cukuplah tinggi apalagi generasi Z dikenal dengan kelabilannya. Blom lagi masalah percintaan yang sering terjadi dikalangan remaja. #Adhikara58 #MabaUB2020 #RAJABrawijaya2020 #KitaSatuBrawijaya #KreasiNyataBrawijayans","1315280960305287170","","ntspcl88","in","","0","1","0","https://x.com/ntspcl88/status/1315280960305287170","1233384398562578432","ntspcl88"
"1315280702275874822","Sun Oct 11 13:18:51 +0000 2020","1","Disini saya akan membahas sedikit mengenai pengaruh kemajuan teknologi terhadap kesehatan mental setiap orang. Kemajuan teknologi sangatlah berpengaruh terhadap penggunanya dalam semua kalangan teutama generasi Z.","1315280704150749189","","yusti_tsamara","in","","0","1","0","https://x.com/yusti_tsamara/status/1315280704150749189","1310552870178095105","yusti_tsamara"
"1315215841831522304","Sun Oct 11 13:17:31 +0000 2020","0","Kesehatan Mental bagi Generasi Z Generasi Z adalah orang-orang yang lahir pada tahun 1995-2010. Generasi ini disebut juga iGeneration Generasi Net atau Generasi Internet. Pada Generasi Z ini mampu untuk mengaplikasikan semua kegiatan dalam satu waktu atau biasa disebut...","1315280369176854528","","alisyaanabila","in","","0","1","0","https://x.com/alisyaanabila/status/1315280369176854528","1315208229895299072","alisyaanabila"
"1315277267849756672","Sun Oct 11 13:15:28 +0000 2020","0","Menurut penelitian American Psychological Association (APA) tahun 2018 manusia berusia 15 sampai 21 tahun memiliki kondisi kesehatan mental terburuk dibanding generasi-generasi lainnya. Sebanyak 91% generasi Z mempunyai gejala emosional maupun fisik yang berkaitan dengan stres.","1315279855190065154","","danieldearyy","in","","0","1","0","https://x.com/danieldearyy/status/1315279855190065154","1315274019713679366","danieldearyy"
"1315278627143999488","Sun Oct 11 13:10:36 +0000 2020","1","Pentingnya Meningkatkan Kesehatan Mental Bagi Generasi Z #Adhikara58 #MabaUb2020 #RAJABrawijaya2020 #KitaSatuBrawijaya #KreasiNyataBrawijayans","1315278627143999488","","","in","Indonesia","0","0","0","https://x.com/awiiawo/status/1315278627143999488","1174706057714659329","awiiawo"
"1315275343071121409","Sun Oct 11 13:09:15 +0000 2020","0","Mengapa kita harus tetap menjaga mental health kita sebagai generasi Z? Apabila kesehatan mental seseorang terganggu ia akan mengalami gangguan suasana hati kemampuan berpikir hingga bipolar #Adhikara58 #MabaUB2020 #RAJABrawijaya2020 #KitaSatuBrawijaya #KreasiNyataBrawijayans","1315278290819588097","","crvsddd","in","","0","0","0","https://x.com/crvsddd/status/1315278290819588097","1304623330087981057","crvsddd"
"1315277336913178624","Sun Oct 11 13:05:28 +0000 2020","0","LINGKUNGAN SEHAT UNTUK KESEHATAN MENTAL GENERASI Z [A THREAD] Nama : Nazwa Aulia Kamila Fakultas : Teknik Cluster : 52","1315277336913178624","","","in","","0","1","0","https://x.com/Malikaa11728889/status/1315277336913178624","1311848027678674945","Malikaa11728889"
"1315275343071121409","Sun Oct 11 13:03:08 +0000 2020","0","Menurut penelitian American Psychological Association (APA) tahun 2018 berjudul Stress in America: Generation Z anak muda usia 15 sampai 21 tahun adalah kelompok manusia dengan kondisi kesehatan mental terburuk dibandingkan dengan generasi-generasi lainnya.","1315276750985654275","","crvsddd","in","","0","0","0","https://x.com/crvsddd/status/1315276750985654275","1304623330087981057","crvsddd"
"1315275910409404416","Sun Oct 11 12:59:50 +0000 2020","0","Kesehatan mental terutama pada generasi Z merupakan hal penting untuk menjadi perhatian banyak pihak. Karena ketika mental kita sehat kita akan menerima diri kita apa adanya mampu berkembang mengekspresikan diri dan beradaptasi.","1315275918483484679","","wnbl_itaong","in","","0","1","0","https://x.com/wnbl_itaong/status/1315275918483484679","1090760310175100928","wnbl_itaong"
"1315275910409404416","Sun Oct 11 12:59:48 +0000 2020","0","Kesehatan mental menurut WHO adalah kondisi dari kesejahteraan yang disadari individu yang terdapat kemampuan untuk mengelola stress yang wajar serta berperan di lingkungannya. Sedangkan generasi Z diartikan sebagai orang-orang yang lahir pada tahun 1993 sampai tahun 2005.","1315275912288509954","","wnbl_itaong","in","","0","1","0","https://x.com/wnbl_itaong/status/1315275912288509954","1090760310175100928","wnbl_itaong"
"1315274700528873473","Sun Oct 11 12:55:03 +0000 2020","1","Lalu apa pentingnya Mental Health ? Mental Health sangat penting bagi semua orang khususnya bagi generasi z dikarenakan dalam menjalani kegiatan sehari hari kita membutuhkan kesehatan baik secara fisik maupun mental.","1315274715217289217","","Fitriwid11","in","","0","1","0","https://x.com/Fitriwid11/status/1315274715217289217","1315252441156214785","Fitriwid11"
"1315272798177169408","Sun Oct 11 12:48:59 +0000 2020","0","Semakin mudahnya generasi Z dalam mendapatkan informasi dari berbagai sumber juga berdampak buruk bagi kesehatan mental generasi ini.","1315273189694398464","","VeraNoviaAnisa1","in","","0","0","0","https://x.com/VeraNoviaAnisa1/status/1315273189694398464","1310138146164596736","VeraNoviaAnisa1"
"1315273023235137537","Sun Oct 11 12:48:21 +0000 2020","0","Kesehatan Mental sangat penting bagi diri kita terutama bagi generasi Z karena kita tahu bahwa sekarang gangguan mental health tidak hanya diderita oleh orang dewasa tetapi juga anak-anak dan remaja.","1315273029769859073","","udhmls","in","","0","1","0","https://x.com/udhmls/status/1315273029769859073","1198779604443389952","udhmls"
"1315272631906562048","Sun Oct 11 12:46:47 +0000 2020","1","Melihat fakta ini penulis studi mengatakan bahwa generasi anak muda zaman sekarang lebih sadar dalam menjaga kesehatan mental. Bagi generasi milenial dan generasi Z kesehatan mental jadi aspek yang diprioritaskan.","1315272637136859141","","kharisma023","in","","0","1","0","https://x.com/kharisma023/status/1315272637136859141","1313397862315638784","kharisma023"
"1315272631906562048","Sun Oct 11 12:46:46 +0000 2020","0","Kesehatan Mental Tersiksa 50 Persen Generasi Milenial Memilih Resign GENERASI Z [ A THREAD ] https://t.co/4rCGhxVYTC","1315272631906562048","https://pbs.twimg.com/media/EkDE1XvVgAAlcxh.jpg","","in","","0","1","1","https://x.com/kharisma023/status/1315272631906562048","1313397862315638784","kharisma023"
"1315271084057354241","Sun Oct 11 12:46:40 +0000 2020","0","Penyakit mental yang sering menghantui Gen Z mulai dari rasa takut was-was kepanikan kepikiran hal-hal yang belum terjadi trauma depresi dan sebagainya. Kondisi kesehatan mental generasi Z sangat perlu untuk menjadi perhatian banyak pihak.","1315272605490839552","","PrasLaksono","in","","0","1","0","https://x.com/PrasLaksono/status/1315272605490839552","1315226748405997568","PrasLaksono"
"1315272578986987524","Sun Oct 11 12:46:34 +0000 2020","0","Faktor terbesar penyebab buruknya kesehatan mental generasi Z adalah stres yang berkepanjangan. Media sosial menjadi tersangka utama dalam hal ini.","1315272580966707200","","eepybunkoo","in",";","0","1","0","https://x.com/eepybunkoo/status/1315272580966707200","877329886863433729","eepybunkoo"
"1315271332678918145","Sun Oct 11 12:45:40 +0000 2020","0","Selain itu gangguan pada kesehatan mental pada generasi Z dikarenakan rasa takut was-was kepanikan memikirkan hal-hal atau sesuatu yang masih belum terjadi trauma depresi dan lain sebagainya.","1315272354365284353","","nadineamei","in","","0","1","0","https://x.com/nadineamei/status/1315272354365284353","1310764454922002432","nadineamei"
"1315271084057354241","Sun Oct 11 12:44:41 +0000 2020","0","Kesehatan mental menjadi masalah terpenting untuk generasi saat ini yaitu generasi Z. Generasi Z didefinisikan sebagai generasi yang lahir pada tahun 1995 hingga 2010.","1315272106154749952","","PrasLaksono","in","","0","1","0","https://x.com/PrasLaksono/status/1315272106154749952","1315226748405997568","PrasLaksono"
"1315271332678918145","Sun Oct 11 12:44:27 +0000 2020","0","Menurut riset para peneliti American Psychological Association (APA) generasi Z merupakan generasi yang paling rentan terkena masalah kesehatan mental.","1315272047015018501","","nadineamei","in","","0","1","0","https://x.com/nadineamei/status/1315272047015018501","1310764454922002432","nadineamei"
"1315270749163143168","Sun Oct 11 12:39:58 +0000 2020","0","Perkembangan dalam dunia teknologi kesehatan serta zaman juga mempengaruhi kesehatan mental manusia. Walaupun begitu generasi Z terlihat lebih terbuka tentang kesehatan mentalnya dilihat dari jumlah orang yang mengikuti terapi untuk kesehatan mentalnya.","1315270918373998594","","yanuarrusmanaa","in","","0","1","0","https://x.com/yanuarrusmanaa/status/1315270918373998594","1313172281984602112","yanuarrusmanaa"
"1315270749163143168","Sun Oct 11 12:39:30 +0000 2020","0","Remaja generasi Z berada pada tingkat tertinggi kaum yang mudah terpengaruh kesehatan mentalnya. Itu semua ditunjukkan dengan 50% milenial dari generasi Z meninggalkan pekerjaannya karena alasan kesehatan mental","1315270802128822273","","yanuarrusmanaa","in","","0","1","0","https://x.com/yanuarrusmanaa/status/1315270802128822273","1313172281984602112","yanuarrusmanaa"
"1315269412832722947","Sun Oct 11 12:34:02 +0000 2020","0","Lalu apa pentingnya Mental Health ? Mental Health sangat penting bagi semua orang khususnya bagi generasi z dikarenakan dalam menjalani kegiatan sehari hari kita membutuhkan kesehatan baik secara fisik maupun mental.","1315269426388770817","","Fitriwid11","in","","0","1","0","https://x.com/Fitriwid11/status/1315269426388770817","1315252441156214785","Fitriwid11"
"1315269322181210113","Sun Oct 11 12:33:41 +0000 2020","0","Stres adalah faktor terbesar penyebab buruknya kesehatan mental generasi Z apalagi dikondisi pandemi seperti sat ini yang biasanya mereka bersekolah kerja atau sekedar menongkrong dan main dengan temannya tidak bisa mereka lakukan seperti saat sebelum pandemi.","1315269339306631168","","lisameilinn1","in","","0","1","0","https://x.com/lisameilinn1/status/1315269339306631168","1147865057155379200","lisameilinn1"
"1315268601121701888","Sun Oct 11 12:30:45 +0000 2020","0","Generasi Z sejak kecil sudah mengenal adanya internet dan media sosial. Hal ini meningkatkan kemungkinan terjadinya gangguan mental. Namun kebanyakan orang tidak terlalu peduli terhadap kesehatan mental mereka jauh lebih peduli terhadap kesehatan fisik padahal keduanya penting.","1315268601121701888","","","in","","0","0","0","https://x.com/KevinDanudoro3/status/1315268601121701888","1315221977674653696","KevinDanudoro3"
"1315267519335206912","Sun Oct 11 12:26:28 +0000 2020","0","DARURAT KESEHATAN MENTAL Z anak muda usia 15 sampai 21 tahun adalah kelompok manusia dengan kondisi kesehatan mental terburuk dibandingkan dengan generasi-generasi lainnya. anak muda Mereka adalah generasi Z atau yang diartikan Taylor &amp; Keeter sebagai orang-orang yang lahir","1315267521432313856","","Bernicaurellia","in","","0","1","0","https://x.com/Bernicaurellia/status/1315267521432313856","1247391532954443777","Bernicaurellia"
"1315259681539911680","Sun Oct 11 12:23:54 +0000 2020","0","Khususnya untuk generasi Z peristiwa itu dapat berupa pelecehan seksual stres berat dengan jangka waktu yang cukup lama dll. Jika peristiwa itu terus menerus terjadi kesehatan mental seseorang akan terganggu dan akan muncul penyakit mental.","1315266874947432450","","Mrsleftz","in","","0","1","0","https://x.com/Mrsleftz/status/1315266874947432450","1276034864895033344","Mrsleftz"
"1315265216033124352","Sun Oct 11 12:17:19 +0000 2020","1","Topik kesehatan mental atau mental health sedang hangat diperbincangkan saat ini. Karena memang hal ini berlaku untuk semua kalangan juga sangat erat kaitannya dengan para generasi Z.","1315265218944016384","","RisqianitaW","in","Ponorogo, Indonesia🇮🇩","0","1","0","https://x.com/RisqianitaW/status/1315265218944016384","1257654187606720512","RisqianitaW"
"1315261889694244864","Sun Oct 11 12:14:12 +0000 2020","0","Kondisi kesehatan mental generasi Z sangat perlu untuk menjadi perhatian banyak pihak. Selain kajian-kajian ilmiah mengenai penyebab kondisi psikologis ini berbagai pihak juga perlu terus mengembangkan sosialisasi mengenai pentingnya kesadaran kesehatan mental .","1315264435187904514","","windipsputri","in","","0","1","0","https://x.com/windipsputri/status/1315264435187904514","1205774618939670528","windipsputri"
"1315261889694244864","Sun Oct 11 12:11:07 +0000 2020","0","Selain perubahan hidup teknologi juga turut berkontribusi terhadap kesehatan mental generasi Z. Salah satunya adalah penggunaan media sosial.","1315263660080590849","","windipsputri","in","","0","1","0","https://x.com/windipsputri/status/1315263660080590849","1205774618939670528","windipsputri"
"1315262429685637120","Sun Oct 11 12:08:17 +0000 2020","0","Bahkan berdasarkan penelitian dari American Physilogical Association (APA) menyatakan bahwa Generasi Z lebih dominan melaporkan bahwa mereka memiliki kesehatan mental yang buruk.","1315262947120168967","","indrosyadi","in","Bekasi Selatan, Indonesia","0","1","0","https://x.com/indrosyadi/status/1315262947120168967","1050428205012738049","indrosyadi"
"1315259773147705348","Sun Oct 11 11:56:46 +0000 2020","0","Nah untuk mengatasi berbagai masalah gangguan mental pada masa sekarang untuk generasi Z dan yang lainnya yaitu dengan cara menjaga dan merawat kesehatan tubuh mengelola stress menetapkan tujuan dalam hidup dan mulai bergaul.","1315260048277299202","","aqshalmo","in","East Java, Indonesia","0","1","0","https://x.com/aqshalmo/status/1315260048277299202","1314907168907223042","aqshalmo"
"1315259123764613120","Sun Oct 11 11:53:07 +0000 2020","0","Kesehatan mental sangat penting untuk kita terutama bagi generasi z. terutama bagi para mahasiswa yang sedang menempuh Pendidikan di bangku perkuliahan. Agar mereka tidak stress dengan beban kuliah dan beban lainnya.","1315259131733794816","","AhnafArif01","in","","0","1","0","https://x.com/AhnafArif01/status/1315259131733794816","1313488866289090560","AhnafArif01"
"1315257614830202880","Sun Oct 11 11:47:07 +0000 2020","0","Kondisi kesehatan mental generasi Z sangat perlu untuk menjadi perhatian banyak pihak dan orang-orang wajib mengetahui pentingnya mental health karena Generasi Z lah yang akan melanjutkan negara kita","1315257618009526273","","Yannskuy","in","Indonesia","0","1","0","https://x.com/Yannskuy/status/1315257618009526273","1280468792422789120","Yannskuy"
"1315257607720898560","Sun Oct 11 11:47:06 +0000 2020","0","Menurut penelitian APA tersebut diperoleh hasil bahwa sebanyak 91 persen generasi Z mempunyai gejala-gejala emosional maupun fisik yang berkaitan dengan stres seperti depresi dan gangguan kecemasan. Stres adalah faktor terbesar penyebab buruknya kesehatan mental generasi Z.","1315257616520503296","","WimbacitraA","in","","0","1","0","https://x.com/WimbacitraA/status/1315257616520503296","1315250034082869251","WimbacitraA"
"1315257614830202880","Sun Oct 11 11:47:06 +0000 2020","0","Akhir-akhir ini tak jarang kita melihat atau mendengar berita melalui media sosial tentang penyakit mental yang kebanyakan menyerang Generasi Z. Kesehatan Mental seharusnya sangat penting namun banyak orang yang menyepelekannya","1315257616445001728","","Yannskuy","in","Indonesia","0","1","0","https://x.com/Yannskuy/status/1315257616445001728","1280468792422789120","Yannskuy"
"1315257607720898560","Sun Oct 11 11:47:05 +0000 2020","0","Menurut penelitian American Psychological Association (APA) tahun 2018 berjudul Stress in America: Generation Z anak muda usia 15 sampai 21 tahun adalah kelompok manusia dengan kondisi kesehatan mental terburuk dibandingkan dengan generasi-generasi lainnya.","1315257610107404288","","WimbacitraA","in","","0","1","0","https://x.com/WimbacitraA/status/1315257610107404288","1315250034082869251","WimbacitraA"
"1315257078030630915","Sun Oct 11 11:44:58 +0000 2020","2","Mental Health ----- A Thread----- PENTINGKAH KESEHATAN MENTAL BAGI GENERASI Z UNTUK MASA SEKARANG DAN YANG AKAN DATANG?","1315257078030630915","","","in","","0","1","0","https://x.com/izzael23/status/1315257078030630915","1315130048953769985","izzael23"
"1315256930034565120","Sun Oct 11 11:44:24 +0000 2020","0","Rupanya kondisi psikologis dan kesehatan mental anak-anak muda saat ini tidak sebaik anggapan banyak orang. Generasi Z di Indonesia tidak rentan dari masalah penyakit mental terutama kehidupan di kota- kota besar.","1315256937231966209","","AudyAxella","in","","0","1","0","https://x.com/AudyAxella/status/1315256937231966209","1169476257018368001","AudyAxella"
"1315256927216041984","Sun Oct 11 11:44:22 +0000 2020","0","Generasi ini ternyata memanfaatkan dunia virtual sebagai tempat pelarian dari kehidupan nyata. Sayangnya internet bisa membuat kondisi kesehatan mental generasi Z menjadi lebih buruk. Terkadang gangguan kesehatan mental ini ironinya memiliki rentang waktu yang sempit.","1315256927216041984","","","in","","0","0","0","https://x.com/frhdnsyafaanni1/status/1315256927216041984","1315254014385090560","frhdnsyafaanni1"
"1315256692481777664","Sun Oct 11 11:43:26 +0000 2020","0","kesehatan mental terburuk dibandingkan dengan generasi-generasi lainnya. Peningkatan angka bunuh diri kasus kekerasan dan pelecehan seksual hingga pemanasan global dan perubahan iklim adalah beberapa faktor pemicu stres generasi Z.","1315256692481777664","","","in","","0","0","0","https://x.com/frhdnsyafaanni1/status/1315256692481777664","1315254014385090560","frhdnsyafaanni1"
"1315256643257417729","Sun Oct 11 11:43:15 +0000 2020","1","Saya akan memberikan sedikit informasi tentang Kesehatan Mental Bagi Generasi Z #MentalHealth","1315256646264782850","","zuhanaf_","in","","0","1","0","https://x.com/zuhanaf_/status/1315256646264782850","1298604821675556864","zuhanaf_"
"1315255645487030272","Sun Oct 11 11:39:16 +0000 2020","0","Untuk mejaga kesehatan mental generasi z perlu belajar menyadari dan mengenari diri sendiri Allif Nurfaizzatul Uula/Vokasi/Desain Interior/Cluster 56 #LoveYourself #Adhikara58 #MabaUB2020 #RAJABrawijaya2020 #KitaSatuBrawijaya #KreasiNyataBrawijayans","1315255645487030272","","","in","","0","0","0","https://x.com/allifnfuula/status/1315255645487030272","1315252880060764167","allifnfuula"
"1315255521553784833","Sun Oct 11 11:38:49 +0000 2020","0","Mental Health atau kesehatan mental merupakan hal yang penting bagi generasi Z ini. Teknologi yang semakin canggih menciptakan terobosan baru yaitu media sosial di mana orang bisa saling terkoneksi tanpa batasan ruang dan waktu. Keberadaan media sosial menciptakan realitas baru ","1315255531116744705","","anndblack28","in","Indonesia","0","1","0","https://x.com/anndblack28/status/1315255531116744705","700906860128432128","anndblack28"
"1315222498837815296","Sun Oct 11 11:36:02 +0000 2020","0","Pentingnya Mental Health untuk generasi Z: Jika kesehatan mental terganggu maka timbul gangguan mental. Gangguan mental dapat mengubah cara seseorang dalam menangani stress berhubungan dengan orang lain membuat pilihan dan memicu hasrat untuk menyakiti diri sendiri.","1315254830223425536","","WulanRosa","in","","0","1","0","https://x.com/WulanRosa/status/1315254830223425536","1310427802219368449","WulanRosa"
"1315254212821876742","Sun Oct 11 11:35:05 +0000 2020","0","Saat ini generasi Z memanfaatkan dunia virtual sebagai tempat pelarian dari kehidupan nyata. Sayangnya internet bisa membuat kondisi kesehatan mental generasi Z menjadi lebih buruk.","1315254590095257603","","Strengitzh","in","","0","0","0","https://x.com/Strengitzh/status/1315254590095257603","1313502189017415682","Strengitzh"
"1315254380166225920","Sun Oct 11 11:34:15 +0000 2020","9","Sekarang ini banyak Generasi Z 'mengaku'memiliki mentall illness. Yuk pahami soal mental illness bersama Phylia dan jangan pernah self - diagnosis karena sangat berbahaya lo. Pergi ke ahli untuk dapatkan diagnosis pasti soal kesehatan mental ya https://t.co/AwacJHYxIM","1315254380166225920","https://pbs.twimg.com/media/EkC42xRVgAEkiNj.jpg","","in","","0","2","3","https://x.com/phyliapsycenter/status/1315254380166225920","1293430261514768387","phyliapsycenter"
"1315254260292968450","Sun Oct 11 11:33:46 +0000 2020","0","Pentingya Kesehatan Mental bagi Generasi Z di Indonesia #MentalHealth #Adhikara58 #MabaUB2020 #RAJABrawijaya2020 #KitaSatuBrawijaya #KreasiNyataBrawijayans","1315254260292968450","","","in","","0","1","0","https://x.com/mfikrihaykal13/status/1315254260292968450","815847763963310080","mfikrihaykal13"
"1315253260211511296","Sun Oct 11 11:29:53 +0000 2020","1","Generasi Z merupakan generasi penerus bangsa untuk kedepannya tentu untuk menciptakan hal-hal kreatif harus sehat gisik dan mentalnya. Jadi tetaplah untuk sealu peduli pasa kesehatan mental kitaaaa.","1315253284479799296","","hallogaisssss_","in","","0","0","0","https://x.com/hallogaisssss_/status/1315253284479799296","1308802963981234176","hallogaisssss_"
"1315253260211511296","Sun Oct 11 11:29:52 +0000 2020","0","Berdasarkan penelitian tersebut diperoleh hasil bahwa 91 persen generasi Z mempunyai gejala-gejala emosional maupun fisik yang berkaitan dengan stress seperti depresi dan gangguan kecemasan. Stres adalah faktor terbesar penyebab buruknya kesehatan mental generasi Z.","1315253280008617984","","hallogaisssss_","in","","0","1","0","https://x.com/hallogaisssss_/status/1315253280008617984","1308802963981234176","hallogaisssss_"
"1315253053591711744","Sun Oct 11 11:28:58 +0000 2020","3","Kesehatan mental generasi Z -a thread #Adhikara58 #MabaUB2020 #RAJABrawijaya2020 #KitaSatuBrawijaya #KreasiNyataBrawijayans","1315253053591711744","","","in","","0","1","0","https://x.com/ariefhdrw/status/1315253053591711744","1200532100983615489","ariefhdrw"
"1315247902160121856","Sun Oct 11 11:27:24 +0000 2020","0","Jadi bagi generasi Z apalagi sekarang sedang masa pandemik harus menjaga kesehatan mental. Lakukanlah yang kamu sukai agar hari-harimu menjadi lebih produktif. Terima kasih :) #MentalHealth #KitaSatuBrawijaya","1315252659255799808","","KiranaLilih","in","","0","0","0","https://x.com/KiranaLilih/status/1315252659255799808","1315244023779528705","KiranaLilih"
"1315252120984018946","Sun Oct 11 11:25:17 +0000 2020","0","Tentunya hal ini dapat menghambat dan mengganggu berkembangnya pikiran. Terutama bagi generasi Z Selama kalian hidup jika Anda mengalami masalah kesehatan mental pemikiran suasana hati dan perilaku Anda dapat terpengaruh.","1315252124385591296","","deoandriyanto","in","","0","1","0","https://x.com/deoandriyanto/status/1315252124385591296","1034703715","deoandriyanto"
"1315252120984018946","Sun Oct 11 11:25:16 +0000 2020","0","Kesehatan mental dimasa pandemi seperti sekarang sangatlah penting bagi semua orang terutama bagi generasi Z seperi kita ini. Kesehatan mental mencakup kesejahteraan emosional psikologis dan sosial kita. Hal ini juga mempengaruhi cara kita berpikir merasa dan bertindak.","1315252122699538435","","deoandriyanto","in","","0","1","0","https://x.com/deoandriyanto/status/1315252122699538435","1034703715","deoandriyanto"
"1315251823532417025","Sun Oct 11 11:25:00 +0000 2020","0","Kesehataan mental ini sanggat penting untuk generasi z kareana generasi z ini lah yang akan menggantikan para pemimpin saat ini. Dimana kesehatan mental sangat berpengaruh dalam pola pikir berindak dan kegiatan sehari-harinya.","1315252052071653379","","IRVKN4","in","","0","1","0","https://x.com/IRVKN4/status/1315252052071653379","1243368521943269377","IRVKN4"
"1315252040788967424","Sun Oct 11 11:24:59 +0000 2020","0","Kesehatan mental sangatlah penting bukan hanya untuk generasi Z melainkan juga semua pihak. Solusi dari permasalahan di atas adalah dengan cara menyamaratakan pendidikan di indonesia agar kesehatan mental yang disebabkan oleh buruknya sistem pendidikan tidak terjadi","1315252050964357121","","itwaskikihere","in","Bandung","0","1","0","https://x.com/itwaskikihere/status/1315252050964357121","1214000618412527617","itwaskikihere"
"1315252040788967424","Sun Oct 11 11:24:59 +0000 2020","0","Hal ini berdampak kepada kesehatan mental para pemuda khususnya generasi Z. Generasi yang diharap mampu untuk menjadi masa depan bisa saja menjadi korban dari kesehatan mental. Buruknya pembelajaran jarak jauh di indonesia adalah 1 dari sekian banyak penyeba kesehatan mental","1315252049198546946","","itwaskikihere","in","Bandung","0","1","0","https://x.com/itwaskikihere/status/1315252049198546946","1214000618412527617","itwaskikihere"
"1315252040788967424","Sun Oct 11 11:24:58 +0000 2020","0","Mental health secara umum dapat diartikan sebagai Kesehatan mental. Generasi Z memang sudah dibekali dengan pengetahuan menggunakan Gadget hal ini tentu mendukung dengan strategi pemerintah yakni pembelajaran jarak jauh.","1315252045872414720","","itwaskikihere","in","Bandung","0","1","0","https://x.com/itwaskikihere/status/1315252045872414720","1214000618412527617","itwaskikihere"
"1315225345772015617","Sun Oct 11 11:22:16 +0000 2020","1","Nah dengan terganggunya kesehatan mental pada generasi Z itu kita harus tau solusi yang harus kita lakukan. Solusi yang harus kita lakukan / tanamkan pada generasi Z yaitu dapat menempatkan perkembangan teknologi dengan sebaik - baiknya saling keterbukaan ( bersosialisasi )","1315251367011786752","","annisa_yonanda","in","","0","1","0","https://x.com/annisa_yonanda/status/1315251367011786752","1296341203756015616","annisa_yonanda"
"1315248160030121986","Sun Oct 11 11:20:52 +0000 2020","0","Kemajuan teknologi juga berpengaruh terhadap kesehatan mental generasi Z. Generasi Z merasakan stres akibat informasi yang tak terbendung di sekitarnya. Mereka terkadang memanfaatkan dunia maya sebagai tempat pelarian dari kenyataan yang membuat mental generasi Z menjadi buruk","1315251014123941892","","berlionn","in","","0","0","0","https://x.com/berlionn/status/1315251014123941892","1107908417203494914","berlionn"
"1315250681566044161","Sun Oct 11 11:20:27 +0000 2020","0","Nah itu dia tadi adalah thread mengenai kesehatan mental bagi Generasi Z. Apriandi Sirait_205010101111052 Fakultas HUKUM ILMU HUKUM Cluster 17","1315250909421596673","","Apriandi320","in","","0","0","0","https://x.com/Apriandi320/status/1315250909421596673","1257625258061938688","Apriandi320"
"1315225345772015617","Sun Oct 11 11:19:47 +0000 2020","1","Kesehatan mental (Mental Health) yang ada pada diri generasi Z pada saat ini menjadikan generasi Z mempunyai kepribadian yang berbeda Karena apa? Karena generasi Z lahir pada zaman serba adanya teknologi dan segala aktivitas maupun kehidupannya yang serba instan","1315250739627790336","","annisa_yonanda","in","","0","1","0","https://x.com/annisa_yonanda/status/1315250739627790336","1296341203756015616","annisa_yonanda"
"1315249937148305408","Sun Oct 11 11:18:33 +0000 2020","0","Nah itu dia tadi adalah thread mengenai kesehatan mental bagi Generasi Z. Apriandi Sirait_205010101111052 Fakultas HUKUM ILMU HUKUM Cluster 17","1315250429647712256","","Apriandi320","in","","0","0","0","https://x.com/Apriandi320/status/1315250429647712256","1257625258061938688","Apriandi320"
"1315248160030121986","Sun Oct 11 11:17:24 +0000 2020","0","Menurut penelitian American Psychological Association (APA) tahun 2018 berjudul Stress in America: Generation Z anak muda usia 15 sampai 21 tahun adalah kelompok manusia dengan kondisi kesehatan mental terburuk dibandingkan dengan generasi-generasi lainnya.","1315250143059349504","","berlionn","in","","0","0","0","https://x.com/berlionn/status/1315250143059349504","1107908417203494914","berlionn"
"1315246717894160384","Sun Oct 11 11:14:09 +0000 2020","0","Namun ada banyak juga langkah-langkah pencegahan maupun langkah-langkah pengobatan dengan cara olahraga dan berekreasi. Sebagai generasi Z kita sepatutnya menjaga kesehatan mental kita.","1315249324675096578","","gracesior","in","","0","0","0","https://x.com/gracesior/status/1315249324675096578","1272854321604882432","gracesior"
"1315246717894160384","Sun Oct 11 11:14:09 +0000 2020","0","Mempunyai kesehatan mental merupakan suatu hal yang sangat penting di masa sekarang terutama untuk generasi Z. Karena dengan memiliki mental yang sehat kita akan mendapat banyak manfaat. Contoh manfaat tersebut ialah fokus dan konsentrasi kita yang tetap terjaga.","1315249321659387905","","gracesior","in","","0","1","0","https://x.com/gracesior/status/1315249321659387905","1272854321604882432","gracesior"
"1315237903761510400","Sun Oct 11 11:13:12 +0000 2020","0","untuk Generasi Z yang memiliki akses Informasi yang luas diharapkan untuk mencari bantuan klinis jika diperlukan. maka dari itu kita sebagai lapisan masyarakat diharapkan selalu menjaga Kesehatan mental. Sekian Terimakasih.","1315249084890935296","","pavomxx","in","","0","0","0","https://x.com/pavomxx/status/1315249084890935296","1310844803563708416","pavomxx"
"1315237903761510400","Sun Oct 11 11:12:54 +0000 2020","0","dengan tidak membeda bedakan secara tidak langsung kita tetap menjaga Kesehatan mental mereka agar semangat untuk sembuh . Menjaga Kesehatan mental adalah sebuah keharusan bagi semua generasi terlebih generasi termuda atau yang biasa disebut Generasi Z ","1315249006969200640","","pavomxx","in","","0","2","0","https://x.com/pavomxx/status/1315249006969200640","1310844803563708416","pavomxx"
"1315248064785833986","Sun Oct 11 11:09:13 +0000 2020","0","Dari uraian diatas dapat disimpulkan bahwa pentingnya kesehatan mental bagi Generasi Z di Masa pandemi sekarang ini sangat berpengaruh terhadap pola pikir dan kejiwaan pada generasi Z sekarang ini terutama kesehatan mental. Lalu apa itu generasi Z ?","1315248082347454470","","GhalyAlghifari","in","Riau, Indonesia","0","1","0","https://x.com/GhalyAlghifari/status/1315248082347454470","1247417698801168384","GhalyAlghifari"
"1315248064785833986","Sun Oct 11 11:09:10 +0000 2020","0","Pada pembahasan kali ini saya akan membahas tentang kesehatan mental di masa sekarang terutama bagi generasi Z. Pengertian Sehat Menurut Ahli WHO Sehat adalah kondisi normal seseorang yang merupakan hak hidupnya Dan bagaimana dengan kesehatan mental ?","1315248069823266816","","GhalyAlghifari","in","Riau, Indonesia","0","1","0","https://x.com/GhalyAlghifari/status/1315248069823266816","1247417698801168384","GhalyAlghifari"
"1315247458146869248","Sun Oct 11 11:07:45 +0000 2020","0","Generasi z merupakan generasi yang rentan akan gangguan mental.Menurut penelitian American Psychological Association (APA) tahun 2018 berjudul Stress in America: Generation Z generasi z lah yang memiliki kondisi kesehatan mental terburuk dibandingkan dengan generasi yang lain.","1315247713957543936","","IM_0088","in","","0","1","0","https://x.com/IM_0088/status/1315247713957543936","1315240167557402624","IM_0088"
"1315244668234285056","Sun Oct 11 11:06:27 +0000 2020","0","Berbagai pihak juga perlu mengembangkan sosialisasi mengenai pentingnya kesadaran kesehatan mental. Hal yg untuk membantu mengatasi masalah ini yautu salah satunya Generasi Z harus mengikuti komunitas pendukung dan menemukan teman untuk berbagi masalah mereka.","1315247386889842688","","lilyanndreaa","in","","0","0","0","https://x.com/lilyanndreaa/status/1315247386889842688","1284806252556464128","lilyanndreaa"
"1315247209781227522","Sun Oct 11 11:05:45 +0000 2020","0","Pentingnya Mental Health bagi generasi Z Tersenyum tetapi hati menangis. Ya seperti itulah contoh respon orang ketika diguyur permasalahan hidup. Studi dari Organisasi Kesehatan Dunia (WHO) mengeluarkan fakta yang mengejutkan. Tertulis setiap 40 detik ","1315247211521867776","","yakubRR","in","Sidoarjo, Indonesia","0","1","0","https://x.com/yakubRR/status/1315247211521867776","1310169226397720581","yakubRR"
"1315234408991846401","Sun Oct 11 11:04:56 +0000 2020","0","Kondisi kesehatan mental generasi Z perlu untuk menjadi perhatian banyak pihak. Karena generasi Z merupakan generasi yang lebih rentan terkena gangguan mental. Generasi Z memiliki kaitan erat dengan teknologi yang juga mempengaruhi aspek psikologis.","1315247005636030469","","bilaabilqis","in","","0","2","0","https://x.com/bilaabilqis/status/1315247005636030469","1313345419464732672","bilaabilqis"
"1315246999936016384","Sun Oct 11 11:04:55 +0000 2020","1","Isu kesehatan mental dikalangan generasi z memang terus disuarakan tapi suara tanpa aksi hanya menjadi riuh yang mengganggu.","1315246999936016384","","","in","","0","1","0","https://x.com/katanyasihhhhh/status/1315246999936016384","1294431291790655489","katanyasihhhhh"
"1315243950974791680","Sun Oct 11 11:03:09 +0000 2020","0","Sebagai generasi pemimpin bangsa kedepannya kesehatan mental generasi z harus menjadi fokus kita bersama. Pemerintah tenaga kesehatan dan pihak-pihak terkait lainnya. Salah satu caranya adalah dengan mengedukasi melalui media digital media yang identik dengan generasi z.","1315246554668699650","","heysurii","in","","0","0","0","https://x.com/heysurii/status/1315246554668699650","1313651859714838528","heysurii"
"1315244498704691201","Sun Oct 11 11:03:09 +0000 2020","0","Dari uraian diatas dapat disimpulkan bahwa keadaan mental khusunya generasi Z saat ini cukup memprihatinkan.Oleh karena itu diharapkan khususnya untuk generasi Z saat ini agar lebih memperhatikan lagi kesehatan mental. #MentalHealthAwareness #MentalHealthMatters #staypositive","1315246554257604608","","ibraandrep","in","Pamekasan","0","0","0","https://x.com/ibraandrep/status/1315246554257604608","1115187948276731904","ibraandrep"
"1315246289215315968","Sun Oct 11 11:02:06 +0000 2020","0","Source : https://t.co/VhVBOCHgHj Dari artikel tersebut terlihat bahwa dampak kesehatan mental pada Generasi Z juga di pengaruhi oleh media social. Yang dimaksud korban tidak hanya mereka pengguna medsos yang mendapatkan korban bullying atau semacamnya tapi mereka","1315246289215315968","","","in","","0","1","0","https://x.com/slick_ad/status/1315246289215315968","813411234246631425","slick_ad"
"1315246092905136129","Sun Oct 11 11:01:20 +0000 2020","0","generasi Z. Mungkin di generasi orang tua kita tidaklah terlalu paham apa itu mental health namun dengan kepesatan globalisasi di era modern ini kita jadi semakij tahu dan melek akan kesehatan mental. Dulu psikis seseorang akan dianggap remeh namun berbeda dengan saat ini.","1315246097305006081","","NuriahSoviati","in","","0","1","0","https://x.com/NuriahSoviati/status/1315246097305006081","1310376893485428736","NuriahSoviati"
"1315245923400777728","Sun Oct 11 11:00:38 +0000 2020","0","Tingkat stress tinggi yang dibarengi dengan mudahnya akses terhadap informasi self harm memperbesar kemungkinan anak-anak muda generasi Z mempunyai kondisi kesehatan mental yang buruk. Setelah tekanan kehidupan maupun tekanan terhadap isu-isu yang berkembang di sekitarnya ","1315245923400777728","","","in","","0","1","0","https://x.com/raden_haidar_h/status/1315245923400777728","1310193669425651713","raden_haidar_h"
"1315245780559519744","Sun Oct 11 11:00:04 +0000 2020","0","Menurut penelitian APA tersebut diperoleh hasil bahwa sebanyak 91 persen generasi Z mempunyai gejala-gejala emosional maupun fisik yang berkaitan dengan stres seperti depresi dan gangguan kecemasan. Stres adalah faktor terbesar penyebab buruknya kesehatan mental generasi Z.","1315245780559519744","","","in","","0","0","0","https://x.com/Putrekk5/status/1315245780559519744","1237973244067450886","Putrekk5"
"1315245753019711488","Sun Oct 11 11:00:03 +0000 2020","0","di Indonesia terdapat sekitar 3 7% (9 juta) orang menderita depresi dari populasi 250 juta orang. Dan disini kita akan membahas betapa pentingnya kesehatan mental terutama untuk generasi milenial atau generasi Z.","1315245774234505221","","Tria43364351","in","","0","1","0","https://x.com/Tria43364351/status/1315245774234505221","1315240418418679808","Tria43364351"
"1315243950974791680","Sun Oct 11 10:59:34 +0000 2020","0","Menurut penelitian tersebut stres adalah faktor terbesar penyebab buruknya kesehatan mental generasi z. Stres itu sendiri dapat dipicu ole beberapa hal seperti : Aktivitas politik kekerasan dan pelecehan seksual perubahan iklim dan permasalahan negara dan global.","1315245654713614337","","heysurii","in","","0","1","0","https://x.com/heysurii/status/1315245654713614337","1313651859714838528","heysurii"
"1315245492574461953","Sun Oct 11 10:58:57 +0000 2020","0","Anak muda alias generasi Z saat ini lebih rentan terkena kesehatan mental. Terlebih masa muda merupakan waktu dimana banyak perubahan dan penyesuaian terjadi baik secara psikologis emosional finansial maupun tekhnologi","1315245497292976130","","Kasihmara1","in","","0","1","0","https://x.com/Kasihmara1/status/1315245497292976130","1313672844971143170","Kasihmara1"
"1315241141042778112","Sun Oct 11 10:58:43 +0000 2020","0","kali ini lebih difokuskan pada generasi Z. Di negara maju seperti Indonesia problematika kesehatan mental tercatat dengan baik sehingga berapa banyak populasi yang mengalami gangguan kesehatan mental bisa diestimasi dengan akurat. Generasi Z adalah generasi dengan rentang","1315245439554207744","","58_hisyams","in","Gresik, Indonesia","0","1","0","https://x.com/58_hisyams/status/1315245439554207744","1313512702766010368","58_hisyams"
"1315243950974791680","Sun Oct 11 10:57:55 +0000 2020","0","Menurut penelitian American Psychological Association (APA) tahun 2018 berjudul Stress in America : Generation Z tercatat kelompok manusia pada usia 15-21 tahun adalah kelompok dengan kondisi kesehatan mental terburuk dibandingkan dengan generasi-generasi lainnya","1315245237753663492","","heysurii","in","","0","1","0","https://x.com/heysurii/status/1315245237753663492","1313651859714838528","heysurii"
"1315244498704691201","Sun Oct 11 10:56:18 +0000 2020","0","Generasi Z yaitu anak muda usia 15 sampai 21 tahun adalah kelompok manusia dengan kondisi kesehatan mental terburuk dibandingkan dengan generasi-generasi lainnya.WHO menyebutkan anak muda alias generasi Z saat ini lebih rentan terkena gangguan mental.","1315244832344817665","","ibraandrep","in","Pamekasan","0","1","0","https://x.com/ibraandrep/status/1315244832344817665","1115187948276731904","ibraandrep"
"1315244668234285056","Sun Oct 11 10:55:39 +0000 2020","0","Hallo guys! Nama : Lily Andrea Desy Safitri Fakultas : Teknologi Pertanian Program studi :Teknik Bioproses Cluster : 01 - A Thread - Kondisi Kesehatan Mental Generasi Z #MentalHealth #Adhikara58 #MabaUB2020 #RAJABrawijaya2020 #KitaSatuBrawijaya #KreasiNyataBrawijayans","1315244668234285056","","","in","","0","4","0","https://x.com/lilyanndreaa/status/1315244668234285056","1284806252556464128","lilyanndreaa"
"1315244498704691201","Sun Oct 11 10:55:31 +0000 2020","0","Mental Health atau kesehatan mental merupakan hal yang sangat penting untuk dimiliki oleh setiap manusia terutama oleh para generasi Z sebagai agent of change yang akan membawa dan mengatur kemajuan kehidupan dimasa yang akan datang.","1315244632251408386","","ibraandrep","in","Pamekasan","0","1","0","https://x.com/ibraandrep/status/1315244632251408386","1115187948276731904","ibraandrep"
"1315244628208095233","Sun Oct 11 10:55:30 +0000 2020","0","MENTAL HEALTH -A Thread- Pentingnya Kesehatan Mental Bagi Generasi Z di Masa Pandemi Sekarang","1315244628208095233","","","in","","0","1","0","https://x.com/muh_bawzm/status/1315244628208095233","1310075342296547329","muh_bawzm"
"1315244424868184066","Sun Oct 11 10:54:44 +0000 2020","0","Kita sebagai generasi Z harus menjaga kesehatan mental kita. Lakukan hal-hal positif dan pencegahan-pencegahan gangguan mental lainnya yang sudah dijelaskan di atas. Sehingga kita dapat terus berprestasi dan bermanfaat bagi masyarakarat lingungan bangsa dan negara.","1315244436155109376","","auliaanniisa","in","","0","1","0","https://x.com/auliaanniisa/status/1315244436155109376","1303932781366398977","auliaanniisa"
"1315244424868184066","Sun Oct 11 10:54:41 +0000 2020","1","Assalamualaikum wr. wb. Halo semuanya saya Aulia Annisa dari Fakultas MIPA Universitas Brawijaya Prodi Statistika Cluster 27. Pada era saat ini banyak sekali generasi Z mengalami permasalahan kesehatan mental.","1315244424868184066","","","in","","0","1","0","https://x.com/auliaanniisa/status/1315244424868184066","1303932781366398977","auliaanniisa"
"1315243313193086976","Sun Oct 11 10:53:22 +0000 2020","0","Dari sekian banyak karakter umum yang melekat pada generasi Z berikut ini beberapa karakter yang berpotensi memengaruhi kesehatan mental. Untuk itu mari simak dalam ulasan berikut ini. 1. Kurang Tahan Fokus 2. Proteksi Diri Yang Kuat","1315244094973566976","","ayas_satu","in","Kalipare, Indonesia","0","1","0","https://x.com/ayas_satu/status/1315244094973566976","920197626372374528","ayas_satu"
"1315243470752104448","Sun Oct 11 10:52:42 +0000 2020","0","Kesehatan mental seseorang dapat dipengaruhi oleh kejadian di masa lalu yang cukup membekas di memori orang tersebut sehingga berdampak pada sifat dan kepribadian orang itu. Kesehatan Mental bagi generasi Z sangat penting apalagi saat ini sosial media sudah sangat berkembang cepa","1315243924248813569","","papayfay","in","","0","1","0","https://x.com/papayfay/status/1315243924248813569","1315160765079285760","papayfay"
"1315243558983491585","Sun Oct 11 10:51:15 +0000 2020","2","Menurut penelitian American Psychological Association (APA) tahun 2018 berjudul Stress in America: Generation Z anak muda usia 15 sampai 21 tahun adalah kelompok manusia dengan kondisi kesehatan mental terburuk dibandingkan dengan generasi-generasi lainnya. #MentalHealth","1315243558983491585","","","in","","0","0","0","https://x.com/Putrekk5/status/1315243558983491585","1237973244067450886","Putrekk5"
"1315242964759670784","Sun Oct 11 10:50:19 +0000 2020","0","Kondisi kesehatan mental generasi Z sangat perlu untuk menjadi perhatian banyak pihak. Selain kajian-kajian ilmiah mengenai penyebab kondisi psikologis ini berbagai pihak juga perlu terus mengembangkan sosialisasi mengenai pentingnya kesadaran kesehatan mental.","1315243324110856193","","cupcatlio","in","Indonesia","0","0","0","https://x.com/cupcatlio/status/1315243324110856193","1071065014763642882","cupcatlio"
"1315242964759670784","Sun Oct 11 10:49:39 +0000 2020","0","Menurut penelitian American Psychological Association (APA) tahun 2018 berjudul Stress in America: Generation Z anak muda usia 15 sampai 21 tahun adalah kelompok manusia dengan kondisi kesehatan mental terburuk dibandingkan dengan generasi-generasi lainnya.","1315243156720422914","","cupcatlio","in","Indonesia","0","0","0","https://x.com/cupcatlio/status/1315243156720422914","1071065014763642882","cupcatlio"
"1315242960187846656","Sun Oct 11 10:48:53 +0000 2020","0","Bahkan di era sekarang ini sangat banyak kasuk-kasuk masalah kesehatan mental yang kita dengarkan. Mulai dari stress depresi hingga menimbulkan bunuh diri dan sebagainya. Seperti yang kita ketahui bersama bahwa generasi z adalah generasi yang bisa dikatakan sangat akrab","1315242963765657600","","Pipiiyull","in","","0","1","0","https://x.com/Pipiiyull/status/1315242963765657600","1262268188282085377","Pipiiyull"
"1315242033292865542","Sun Oct 11 10:45:11 +0000 2020","6","Kesehatan mental itu perlu.. Yuk generasi Z jaga kesehatan kalian.. Smester akhir hrus kuat mental.. Lagi sibuk-sibuknya magang buat laporan buat RPP modul pmbelajaran Soal UTS/PTS. Mental hrus dijaga betul agar tdak stress. Ada yg sepengalaman? Share yuk https://t.co/ay66FgRtqf","1315242033292865542","https://pbs.twimg.com/media/EkCtqCQVkAMiXBa.jpg","","in","Jawa Timur, Indonesia","0","1","1","https://x.com/desi_0924/status/1315242033292865542","1032034769641459712","desi_0924"
"1315241791290048512","Sun Oct 11 10:44:20 +0000 2020","0","Oleh karena itu kesehatan mental sangat penting bagi generasi Z agar tidak terkena dampak buruk dari kemajuan teknoloi pada masa kini. Hal yang dapat diperhatikan oleh orang tua agar dapat menjadi filter yang baik di era digital saat ini (Rizkinaswara 2019) yakni :","1315241821858009089","","SindiMeilani15","in","","0","1","0","https://x.com/SindiMeilani15/status/1315241821858009089","1310067373576085505","SindiMeilani15"
"1315241266666303488","Sun Oct 11 10:43:17 +0000 2020","0","Menurut penelitian APA tersebut diperoleh hasil bahwa sebanyak 91 persen generasi Z mempunyai gejala-gejala emosional maupun fisik yang berkaitan dengan stres seperti depresi dan gangguan kecemasan. Stres adalah faktor terbesar penyebab buruknya kesehatan mental generasi Z.","1315241554932428802","","semanixxix","in","","0","1","0","https://x.com/semanixxix/status/1315241554932428802","1145004770513412096","semanixxix"
"1315234582132748288","Sun Oct 11 10:43:00 +0000 2020","0","Pentingnya kesehatan mental digaungkan oleh WHO melalui definisi kesehatan mereka yang menyatakan: Kesehatan adalah keadaan fisik mental dan sosial yang lengkap dan bukan hanya ketiadaan penyakit atau kelemahan. maka kesehatan mental ini sangatlah penting untuk generasi Z","1315241485667770368","","BillyWardhana1","in","","0","0","0","https://x.com/BillyWardhana1/status/1315241485667770368","1221617360655699968","BillyWardhana1"
"1315241390649925632","Sun Oct 11 10:42:52 +0000 2020","0","Ayo sebagai bagian dari generasi z itu sendiri jagalah kesehatan mental kita sebaik-baiknya dengan melakukan langkah-langkah yang telah saya sebutkan tadi diatas.","1315241449668014080","","ArdhanaRayhan","in","","0","1","0","https://x.com/ArdhanaRayhan/status/1315241449668014080","1313053830641143808","ArdhanaRayhan"
"1315241428277096449","Sun Oct 11 10:42:47 +0000 2020","2","Tidur teratur serta mencari bantuan kepada pihak yang profesial jika muncul gejala-gejala yang sesuai. Itulah penjelasan mengenai pentingnya Mental Health di masa sekarang terutama bagi Generasi Z tetap jaga kesehatan berpikir positif dan optimis serta patuhi protokol kesehatan","1315241428277096449","","","in","Jepara, Indonesia","0","0","0","https://x.com/ofisyelverifaed/status/1315241428277096449","1290316360132595712","ofisyelverifaed"
"1315241390649925632","Sun Oct 11 10:42:47 +0000 2020","0","2. Mengonsumsi makanan bergizi Kualitas makanan dan pilihan makanan kita sangatlah memengaruhi kesehatan mental. Saat ini karena akses yang rendah ke makanan sehat banyak orang dewasa muda terutama generasi z menghadapi gejala kesehatan mental.","1315241427689902080","","ArdhanaRayhan","in","","0","1","0","https://x.com/ArdhanaRayhan/status/1315241427689902080","1313053830641143808","ArdhanaRayhan"
"1315241390649925632","Sun Oct 11 10:42:43 +0000 2020","0","dan tanpa filter sehingga banyak informasi-informasi yang negatif muncul dan dapat berdampak buruk terhadap kesehatan mental generasi z ","1315241414280708096","","ArdhanaRayhan","in","","0","1","0","https://x.com/ArdhanaRayhan/status/1315241414280708096","1313053830641143808","ArdhanaRayhan"
"1315241390649925632","Sun Oct 11 10:42:42 +0000 2020","0","Dan juga di zaman sekarang terutama untuk generasi z Mental Health atau kesehatan mental sangatlah penting dikarenakan di era globalisasi ini sangatlah mudah informasi-informasi bertebaran hanya dengan satu sentuhan jari","1315241408131788800","","ArdhanaRayhan","in","","0","1","0","https://x.com/ArdhanaRayhan/status/1315241408131788800","1313053830641143808","ArdhanaRayhan"
"1315240970489798656","Sun Oct 11 10:40:58 +0000 2020","0"," KESEHATAN MENTAL GENERASI Z [A THREAD] Nama: Abdul Hafizh Fakultas: Program Pendidikan Vokasi Jurusan: D3 - Akuntansi Terapan Cluster: 10 https://t.co/a3gSnNrhDV","1315240970489798656","https://pbs.twimg.com/media/EkCssOgUcAEK5j-.jpg","","in","Sidoarjo, Indonesia","0","2","0","https://x.com/AHafizh07/status/1315240970489798656","2406240990","AHafizh07"
"1315240824402141185","Sun Oct 11 10:40:23 +0000 2020","0","Kesehatan mental bagi generasi z sangat lah penting karena kondisi mental generasi z sangat lah buruk.Penyebab kondisi mental yang buruk disebabkan oleh beberapa faktor.","1315240827686330369","","FuadAthif","in","","0","1","0","https://x.com/FuadAthif/status/1315240827686330369","1310096364403998721","FuadAthif"
"1315240824402141185","Sun Oct 11 10:40:23 +0000 2020","0","KESEHATAN MENTAL GENERASI Z ~A THREAD~ #loveyourself #Adhikara58 #MabaUB2020 #RAJABrawijaya2020 #KitaSatuBrawijaya #KreasiNyataBrawijayans","1315240824402141185","","","in","","0","1","0","https://x.com/FuadAthif/status/1315240824402141185","1310096364403998721","FuadAthif"
"1315234582132748288","Sun Oct 11 10:39:30 +0000 2020","0","Kesehatan dan kesejahteraan mental pada generasi Z dapat dipengaruhi oleh berbagai faktor seperti genetika hubungan keluarga/teman kerabat fungsi fisiologis gaya hidup pekerjaan faktor sosial ekonomi budaya politik pendidikan dan faktor lingkungan lainnya.","1315240602762526720","","BillyWardhana1","in","","0","1","0","https://x.com/BillyWardhana1/status/1315240602762526720","1221617360655699968","BillyWardhana1"
"1315240344162689031","Sun Oct 11 10:38:28 +0000 2020","3","️Mengatasi Gangguan Kesehatan Gangguan Mental Generasi Z Evelyn Divya Pramesti Budiharto FP UB Cluster 10 #LoveYourself #Adhikara58 #MabaUB2020 #RAJABrawijaya2020 #KitaSatuBrawijaya #KreasiNyataBrawijayans https://t.co/2NcnE4LVPZ","1315240344162689031","","","in","","0","0","0","https://x.com/hyacinthbrid/status/1315240344162689031","1257675085298663425","hyacinthbrid"
"1315240092479320065","Sun Oct 11 10:37:31 +0000 2020","0","Kesehatan mental sangat penting dan begitu berharga untuk kita apalagi generasi Z. Bersosial media dengan bijak dan mencintai diri sendiri salah satu langkah yang paling tepat untuk kita terapkan demi menjaga kualitas generasi karena mencegah lebih baik dari pada mengobati.","1315240102960930816","","celpiay","in","","0","1","0","https://x.com/celpiay/status/1315240102960930816","1035049480888807424","celpiay"
"1315240092479320065","Sun Oct 11 10:37:28 +0000 2020","1","Mental Health dan Generasi Z Ada Apa? Nama : Selvia Yulianti Fakultas Program Pendidikan Vokasi Bidang Minat Public Relation Cluster : 2 Kesehatan mental sangat penting dan Generasi Z adalah generasi yang sangat rentang dan mudah mengalami mental health apa hubungannya ?","1315240092479320065","","","in","","0","1","0","https://x.com/celpiay/status/1315240092479320065","1035049480888807424","celpiay"
"1315239169275260934","Sun Oct 11 10:37:10 +0000 2020","0","Menurut penelitian APA tersebut diperoleh hasil bahwa sebanyak 91 persen generasi Z mempunyai gejala-gejala emosional maupun fisik yang berkaitan dengan stres seperti depresi dan gangguan kecemasan. Stres adalah faktor terbesar penyebab buruknya kesehatan mental generasi Z.","1315240015622889475","","GhifaryRayhan","in","","0","1","0","https://x.com/GhifaryRayhan/status/1315240015622889475","1298202912762376192","GhifaryRayhan"
"1315227091412021249","Sun Oct 11 10:36:46 +0000 2020","0","generasi Z adalah generasi dengan kesehatan mental paling buruk dari pada generasi-generasi lainnya (generasi milenial dan gen X). Hal ini berbanding lurus dengan perkembangan teknologi yang sangat pesat.","1315239915488124928","","ppinnapplee","in","Indonesia","0","1","0","https://x.com/ppinnapplee/status/1315239915488124928","1278131320703442944","ppinnapplee"
"1315234582132748288","Sun Oct 11 10:36:09 +0000 2020","0","Masalah kesehatan mental adalah serangkaian kondisi yang berdampak pada kesehatan mental.Dalam kondisi inilah yang bisa mengganggu suasana hati kita perilaku pemikiran atau cara seseorang berinteraksi dengan orang lain. terutatama generasi Z ini yang emosi masih belum terkontrol.","1315239761456427008","","BillyWardhana1","in","","0","1","0","https://x.com/BillyWardhana1/status/1315239761456427008","1221617360655699968","BillyWardhana1"
"1315228409971183617","Sun Oct 11 10:36:04 +0000 2020","0","Gen Z memiliki kesehatan mental terburuk di antara semua generasi karena belum siap dan belum pernah mengalami krisis seperti ini. Covid-19 jelas membuat kesehatan mental Gen Z makin terpuruk.","1315239738861744128","","pgncepetkayaa","in","","0","1","0","https://x.com/pgncepetkayaa/status/1315239738861744128","1268457163426377728","pgncepetkayaa"
"1315239169275260934","Sun Oct 11 10:36:02 +0000 2020","0","Menurut penelitian American Psychological Association (APA) tahun 2018 berjudul Stress in America: Generation Z anak muda usia 15 sampai 21 tahun adalah kelompok manusia dengan kondisi kesehatan mental terburuk dibandingkan dengan generasi-generasi lainnya.","1315239728963231745","","GhifaryRayhan","in","","0","1","0","https://x.com/GhifaryRayhan/status/1315239728963231745","1298202912762376192","GhifaryRayhan"
"1315239258345537536","Sun Oct 11 10:34:11 +0000 2020","0","ibu di bawah 40 tahun. Oleh karena itu kita sebagai generasi z yang merupakan sahabat dari teknologi sebaiknya memiliki pemahaman mengenai kesehatan mental. Kita dapat memanfaatkan waktu luang untuk hal yang bermanfaat daripada memanfaatkannya untuk hal yang dapat merusak mental","1315239265249292288","","lulusbmptnyey","in","","0","0","0","https://x.com/lulusbmptnyey/status/1315239265249292288","1263637955605749760","lulusbmptnyey"
"1315239258345537536","Sun Oct 11 10:34:10 +0000 2020","0","masih muda menurut penelitian American Psychological Association tahun 2018 berjudul «Stress in America: Generation Z» anak muda usia 15 sampai 21 tahun adalah kelompok manusia dengan kondisi kesehatan mental terburuk dibandingkan dengan generasi-generasi lainnya. 65 9% dari..","1315239261713571841","","lulusbmptnyey","in","","0","1","0","https://x.com/lulusbmptnyey/status/1315239261713571841","1263637955605749760","lulusbmptnyey"
"1315238877104234497","Sun Oct 11 10:32:42 +0000 2020","0","kelangsungan karier para generasi Z. Apabila generasi Z tidak mampu bijak dalam berteknogi bersaing secara kemampuan mengolah emosi serta cara berfikirnya banyak kemungkinan akan mengalami mental illness. E. Pencegahan Kesehatan Mental: Bijak dalam berteknologi","1315238892396634112","","RismaElvariani","in","","0","1","0","https://x.com/RismaElvariani/status/1315238892396634112","1310232169210548226","RismaElvariani"
"1315238877104234497","Sun Oct 11 10:32:41 +0000 2020","0","Generasi Z adalah generasi yang mudah bersentuhan dengan teknologi. Dan teknologi tersebut juga dampak negatif. Banyak bullying terjadi hacker hingga teror melalui media sosial maupun media elektronik. Oleh karena itu kesehatan mental sangat penting dan berpengaruh terhadap","1315238889972330498","","RismaElvariani","in","","0","1","0","https://x.com/RismaElvariani/status/1315238889972330498","1310232169210548226","RismaElvariani"
"1315238877104234497","Sun Oct 11 10:32:41 +0000 2020","0"," Kekerasan dalam rumah tangga atau pelecehan lainnya Mengalami diskriminasi dan stigma Stres berat yang dialami dalam waktu yang lama. Terisolasi secara sosial atau merasa kesepian Kejahatan dan yang pernah dialami. D. Pentingnya kesehatan mental generasi Z","1315238887019560961","","RismaElvariani","in","","0","1","0","https://x.com/RismaElvariani/status/1315238887019560961","1310232169210548226","RismaElvariani"
"1315238326786420738","Sun Oct 11 10:32:21 +0000 2020","0","Permasalahan yang terjadi di seluruh dunia menyebar dengan cepat sehingga dunia terasa semakin penuh dengan masalah. Berbicara tentang generasi z dan kesehatan mental kenapa sih mereka terkadang idak ingin mencari bantuan?","1315238804911878144","","sarasaart","in","","0","1","0","https://x.com/sarasaart/status/1315238804911878144","1296466588606980097","sarasaart"
"1315234263537651714","Sun Oct 11 10:32:12 +0000 2020","0","Di sisi lain generasi Z harus bersikap aktif untuk mencari informasi tentang kesehatan mental agar bisa lebih memahami kondisi kesehatannya sendiri. Mereka juga dapat mengikuti komunitas yang bergerak dibidang kesehatan agar menemukan teman untuk berbagai masalah.","1315238766777266177","","bgsa08","in","","0","1","0","https://x.com/bgsa08/status/1315238766777266177","1315220562898120705","bgsa08"
"1315238564787974145","Sun Oct 11 10:31:24 +0000 2020","0","Generasi z harus paham dan mengerti tentang kesehatan mental mereka dan melakukan pencegahan dengan sayangi dirimu pahami kekurangan mu dan jangan dengarkan kata orang yg dapat menghambatmu. #LoveYourself #Adhikara58 #MabaUB2020 #KitaSatuBrawijaya #KreasiNyataBrawijayans","1315238564787974145","","","in","","0","0","0","https://x.com/TriInggar/status/1315238564787974145","1314097775479386112","TriInggar"
"1315237862455930884","Sun Oct 11 10:30:27 +0000 2020","0","Menurut survey yang dilakukan oleh WHO sekitar 20 persen anak-anak dan remaja usia 15-21 tahun di dunia mengalami gangguan dan masalah mental. Generasi Z saat ini rentan terserang gangguan mental. Maka dari itu sangat penting bagi Generasi Z untuk peduli dengan kesehatan mental.","1315238325209374720","","alyafadiyaa","in","","0","0","0","https://x.com/alyafadiyaa/status/1315238325209374720","1314588697740767234","alyafadiyaa"
"1315237848879046657","Sun Oct 11 10:28:34 +0000 2020","0","Bertepatan dengan hari Kesehatan Mental Dunia kita sebagai generasi z yang sudah sangat familiar dengan kata BULLYING salah satu penyebab rusaknya kesehatan mental yang dari dulu tidak ada habisnya","1315237850447634432","","p_gabril","in","","0","1","0","https://x.com/p_gabril/status/1315237850447634432","1315187777214980099","p_gabril"
"1315233666528755712","Sun Oct 11 10:26:34 +0000 2020","0","Sebagai generasi Z kita diwajibkan untuk mengetahui tentang kesehatan mental apa itu kesehatan mental? apa dampak dari kesehatan mental? dan bagaimana cara mengatasi permasalahan dari kesehatan mental itu sendiri?.","1315237350134280193","","yogssssss1","in","Jawa Timur, Indonesia","0","1","0","https://x.com/yogssssss1/status/1315237350134280193","1315230319017029633","yogssssss1"
"1315236053624602624","Sun Oct 11 10:24:44 +0000 2020","0","Misalnya upaya untuk lulus sekolah kuliah ataupun mencari pekerjaan Selain perubahan hidup teknologi juga turut berkontribusi terhadap kesehatan mental generasi z. tak jarang remaja yang mengaku kewalahan dan depresi bahkan tidak bahagia karena stress.","1315236889301901314","","FidiawatiPutri","in","","0","1","0","https://x.com/FidiawatiPutri/status/1315236889301901314","1315218280890527746","FidiawatiPutri"
"1315236806669987841","Sun Oct 11 10:24:27 +0000 2020","0","Masih banyak di antara kita yang masih kurang memahami dan menyadari kesehatan mental terutama untuk Generasi Z seperti saya ini. Menurut WHO depresi adalah salah satu penyakit mental yang paling banyak di derita. Hampir 800 ribu orang dilaporkan meninggal karena bunuh diri.","1315236814219747329","","arkoun_muhammad","in","","0","1","0","https://x.com/arkoun_muhammad/status/1315236814219747329","1315175104184119298","arkoun_muhammad"
"1315236732430770176","Sun Oct 11 10:24:13 +0000 2020","0","Oleh karena itu Generasi Z diharapkan untuk menjaga kesehatan baik fisik maupun mental dalam menjalani pekerjaan dari rumah atau pembelajaran dari rumah sebagai salah satu pencegahan penyebaran COVID-19. Jika merasa mental mulai goyah seperti cemas kesepian yang terlalu parah ","1315236756589998080","","jocel_yngracia","in","","0","1","0","https://x.com/jocel_yngracia/status/1315236756589998080","1258388615857500162","jocel_yngracia"
"1315236716337262592","Sun Oct 11 10:24:08 +0000 2020","1","Beberapa hal yang memicu terjadinya stress pada generasi Z peningkatan angka bunuh diri kasus kekerasan adalah hal-hal yang dapat mengganggu kesehatan mental generasi Z","1315236736755134464","","unknownmoya","in","","0","1","0","https://x.com/unknownmoya/status/1315236736755134464","1279659162889097217","unknownmoya"
"1315236732430770176","Sun Oct 11 10:24:07 +0000 2020","2","Hal-Hal Penting dalam Menjaga Kesehatan Mental bagi Para Generasi Z di Tengah Pandemi COVID-19 Nama: Jocelyn Gracia Fakultas: Ilmu Administrasi Jurusan: Ilmu Administrasi Bisnis Cluster: 57","1315236732430770176","","","in","","0","1","1","https://x.com/jocel_yngracia/status/1315236732430770176","1258388615857500162","jocel_yngracia"
"1315236053624602624","Sun Oct 11 10:23:27 +0000 2020","0","WHO juga menyebutkan anak muda alias generasi milenial saat ini atau generazi z lebih rentan terkena gangguan kesehatan mental.bahkan Terlebih masa muda ialah merupakan waktu di mana banyak perubahan dan penyesuaian terjadi baik secara psikologis emosional maupun finansial.","1315236564969025537","","FidiawatiPutri","in","","0","1","0","https://x.com/FidiawatiPutri/status/1315236564969025537","1315218280890527746","FidiawatiPutri"
"1315236531192229891","Sun Oct 11 10:23:20 +0000 2020","0","Kesehatan mental yang dialami rentan ketika masa emosional yang tidak stabil seperti pada generasi Z. Kesehatan mental menjadi pusat perhatian yang penting untuk diperhatikan.","1315236535512387584","","MaharaniDwiKus3","in","","0","1","0","https://x.com/MaharaniDwiKus3/status/1315236535512387584","1312707646210756610","MaharaniDwiKus3"
"1315236483742097408","Sun Oct 11 10:23:15 +0000 2020","0","Tidak hanya internal faktor eksternal juga berpengaruh dalam kesehatan mental generasi z yaitu cyberbullying. Semakin berkembangnya teknologi menyebabkan adanya aplikasi yang berfungsi untuk menyampaikan pesan atau sindiran secara anonymous atau kita tidak mengetahui","1315236515736244224","","annitasekaar","in","","0","1","0","https://x.com/annitasekaar/status/1315236515736244224","1315195725395849217","annitasekaar"
"1315236483742097408","Sun Oct 11 10:23:12 +0000 2020","0","Kesehatan mental dipengaruhi oleh faktor internal dan eksternal. Faktor internal adalah faktor yang berasal dari diri sendiri dan pikiran negatif. Remaja generasi z sangat akrab dengan kemajuan teknologi dan internet.","1315236501995675648","","annitasekaar","in","","0","1","0","https://x.com/annitasekaar/status/1315236501995675648","1315195725395849217","annitasekaar"
"1315236483742097408","Sun Oct 11 10:23:11 +0000 2020","0","Generasi Z dikenal multitasking atau dengan kata lain generasi ini dapat mengerjakan banyak hal dalam satu waktu. Secara tidak langsung internet dan teknologi yang mereka kuasai sejak kecil berpengaruh terhadap kesehatan mental mereka.","1315236496480235522","","annitasekaar","in","","0","1","0","https://x.com/annitasekaar/status/1315236496480235522","1315195725395849217","annitasekaar"
"1315236362082160640","Sun Oct 11 10:22:39 +0000 2020","0","pada kesehatan fisik saja. Menurut penelitian American Psychological Association (APA) tahun 2018 berjudul Stress in America: Generation Z anak muda usia 15 sampai 21 tahun adalah kelompok manusia dengan kondisi kesehatan mental terburuk dibandingkan dengan generasi lainnya.","1315236362082160640","","","in","","0","1","0","https://x.com/Tyan94250145/status/1315236362082160640","1287471302819770370","Tyan94250145"
"1315231718668812291","Sun Oct 11 10:21:59 +0000 2020","1","Oleh karena itu pemahaman tentang seluk beluk yang berkaitan dengan kesehatan mental sangat penting bagi masyarakat Indonesia khususnya generasi Z. Kita harus tahu apa saja yang dapat menyebabkan gangguan kesehatan mental dan bagaimana cara mengatasinya.","1315236195777961985","","zenithaep","in","","0","0","0","https://x.com/zenithaep/status/1315236195777961985","1247963788445270016","zenithaep"
"1315236177092329472","Sun Oct 11 10:21:55 +0000 2020","0","MENTAL HEALTH Pandemi covid-19 yang menyerang Indonesia sejak Maret 2020 hingga saat ini membuat segala aktivitas yang berkaitan dengan kontak orang banyak harus dibatasi. Pembatasan ini membuat kesehatan mental pada generasi Z.","1315236177092329472","","","in","","0","1","0","https://x.com/igotsodalltodo/status/1315236177092329472","1292123270725042177","igotsodalltodo"
"1315236141671477249","Sun Oct 11 10:21:48 +0000 2020","0","Hal ini kesehatan mental sangat penting bagi kita generasi Z agar kita bisa survive untuk masa depan yang lebih baik. Solusi bagi para generasi Z yang mengalami gangguan terhadap kesehatan mentalnya ada 2 cara yaitu pencegahan dan pengobatan.","1315236149032443905","","adithiya_gilang","in","Melbourne, Victoria","0","1","0","https://x.com/adithiya_gilang/status/1315236149032443905","1221604738749173761","adithiya_gilang"
"1315236141671477249","Sun Oct 11 10:21:48 +0000 2020","0","Menurut penelitian APA tersebut diperoleh hasil bahwa sebanyak 91 persen generasi Z mempunyai gejala-gejala emosional maupun fisik yang berkaitan dengan stres seperti depresi dan gangguan kecemasan. Stres adalah faktor terbesar penyebab buruknya kesehatan mental generasi Z.","1315236147598036992","","adithiya_gilang","in","Melbourne, Victoria","0","1","0","https://x.com/adithiya_gilang/status/1315236147598036992","1221604738749173761","adithiya_gilang"
"1315236141671477249","Sun Oct 11 10:21:47 +0000 2020","0","Anak muda yang katanya milineal dan masuk kategori Generasi Z tidak sesuai dengan anggapan yang telah dijelaskan yang mana anak muda sering bersenang-senang. Anak muda generasi Z memiliki kesehatan mental yang paling buruk di antara generasi lainnya.","1315236146058792960","","adithiya_gilang","in","Melbourne, Victoria","0","1","0","https://x.com/adithiya_gilang/status/1315236146058792960","1221604738749173761","adithiya_gilang"
"1315225769249923073","Sun Oct 11 10:20:26 +0000 2020","0","Sehingga tidak ada lagi beban pikiran di dalam diri kita. Kemudian dalam penggunaan internet harus bijak yaitu mengambil hal yang positif dan membuang hal yang negatif. Dengan begitu bisa mengurangi gangguan kesehatan mental pada generasi Z atau pun remaja.","1315235807024701440","","SafinaP54213429","in","","0","1","0","https://x.com/SafinaP54213429/status/1315235807024701440","1315176941532540929","SafinaP54213429"
"1315234469452734464","Sun Oct 11 10:19:34 +0000 2020","0","Zaman sekarang banyak hal yang mempengaruhi kesehatan mental terutama di kalangan kita Generasi Z. Oleh karena itu kita hsrus mengontrol diri menjaga kondisi fisik dan mental serta manage waktu","1315235588463759360","","khyxzaa","in","Malang, Jawa Timur","0","1","0","https://x.com/khyxzaa/status/1315235588463759360","1167006716359147520","khyxzaa"
"1315235548655575040","Sun Oct 11 10:19:25 +0000 2020","0","Nama: Muhammad Tegar Handrianto Fakultas: Perikanan dan Ilmu Kelautan Jurusan: Manajemen Sumberdaya Perairan Cluster: 64 Religiusitas mempunyai peranan penting dalam mewujudkan kesehatan mental seseorang terutama bagi generasi Z. Generasi Z diharapkan memiliki kesadaran akan","1315235548655575040","","","in","","0","1","0","https://x.com/Muhamma68831001/status/1315235548655575040","1311146756470521858","Muhamma68831001"
"1315235305851510784","Sun Oct 11 10:18:27 +0000 2020","1","https://t.co/xiGsIJSp6L Udah 333.449 Meninggal 11.844 RUU HIP RUU BPIP Melly Goeslow Generasi Z Banyak Protes Jokowi Perintahkan Aparat Kesehatan Mental #JokowiDiktatorFasis #JokowiPolPotIndonesia #GakPercayaRezimLagi #JanganDzolimiRakyat #HentikanPenindasanRakyat #SundayThoughts","1315235305851510784","","","in","","0","0","0","https://x.com/onomsalam2pas/status/1315235305851510784","1067955300538318854","onomsalam2pas"
"1315234938011017216","Sun Oct 11 10:18:02 +0000 2020","0",".Stres yang dialami banyak orang dalam generasi Z disebabkan oleh beberapa hal seperti masalah secara psikis maupun fisik.Generasi Z sangatlah rentan dan mudah mengalami sebuah trauma salah satu contoh kasus yang sering terjadi dan membuat kesehatan mental menurun.","1315235200595443712","","ThoMarcel","in","","0","0","0","https://x.com/ThoMarcel/status/1315235200595443712","1313613769021427714","ThoMarcel"
"1315235179019993088","Sun Oct 11 10:17:57 +0000 2020","1","Pentingnya Kesehatan Mental Bagi Generasi Z","1315235179019993088","","","in","","0","2","0","https://x.com/NurfabillaIsna1/status/1315235179019993088","1310493591395950592","NurfabillaIsna1"
"1315234938011017216","Sun Oct 11 10:17:25 +0000 2020","0","Menurut penelitian diperoleh hasil bahwa sebanyak 91 persen generasi Z mempunyai gejala-gejala emosional maupun fisik yang berkaitan dengan stres seperti depresi dan gangguan kecemasan. Stres adalah faktor terbesar penyebab buruknya kesehatan mental generasi Z","1315235047520137216","","ThoMarcel","in","","0","0","0","https://x.com/ThoMarcel/status/1315235047520137216","1313613769021427714","ThoMarcel"
"1315234938011017216","Sun Oct 11 10:16:59 +0000 2020","2","MARCEL MANARSAR TOHATU FAKULTAS EKONOMI AN BISNIS UNIVERSITAS BRAWIJAYA JURUSAN MANAEMEN CLUSTER 24 Generation Z anak muda usia 15 sampai 21 tahun adalah kelompok manusia dengan kondisi kesehatan mental terburuk dibandingkan dengan generasi-generasi lainnya..","1315234938011017216","","","in","","0","7","0","https://x.com/ThoMarcel/status/1315234938011017216","1313613769021427714","ThoMarcel"
"1315234263537651714","Sun Oct 11 10:16:29 +0000 2020","0","Berbicara mengenai kesehatan mental penyakit mental yang sering menghantui generasi Z adalah depresi was-was rasa takut berlebihan. Hal tersebut dapat berujung pada hal yang tidak diinginkan seperti melukai diri sendiri hingga bunuh diri","1315234810000891904","","bgsa08","in","","0","1","0","https://x.com/bgsa08/status/1315234810000891904","1315220562898120705","bgsa08"
"1315234566647410689","Sun Oct 11 10:15:34 +0000 2020","0","Salah satu Langkah yang bisa ditempuh untuk meningkat kesadaran akan kesehatan mental itu penting adalah sosialisasi. Agar khususnya bagi generasi z lebih memahami bagaimana mencintai kesehatan mental mereka.","1315234578605326336","","adek_ff","in","","0","1","0","https://x.com/adek_ff/status/1315234578605326336","1315207853628563456","adek_ff"
"1315221823248719879","Sun Oct 11 10:14:49 +0000 2020","0","kesehatan mental sangat dibutuhkan bagi generasi Z untuk menghadapi kondisi pandemi seperti saat ini. akibat pandemi ini banyak sekali kegiatan yang dibatalkan. #Adhikara58 #MabaUB2020 #RAJABrawijaya #KreasiNyataBrawijayans","1315234392344731648","","Boncabelevel15","in","✈️ Tangerang-sidoarjo","0","1","0","https://x.com/Boncabelevel15/status/1315234392344731648","1238355212504465409","Boncabelevel15"
"1315234266603614210","Sun Oct 11 10:14:19 +0000 2020","6","Kesehatan Mental bagi Generasi Z A Thread Nama : Maulana Hay Shar Prodi. : Agroekoteknologi Fakultas: Pertanian Cluster : 5 Raja Brawijaya #LoveYourself #Adhikara58 #MabaUB2020 #RAJABrawijaya2020 #KitaSatuBrawijaya #KreasiNyataBrawijayans","1315234266603614210","","","in","","0","0","0","https://x.com/HayMaulana/status/1315234266603614210","1310781023500730368","HayMaulana"
"1315234263537651714","Sun Oct 11 10:14:18 +0000 2020","0","KESEHATAN MENTAL DI GENERASI Z [A THREAD]","1315234263537651714","","","in","","0","1","0","https://x.com/bgsa08/status/1315234263537651714","1315220562898120705","bgsa08"
"1315234133430263812","Sun Oct 11 10:13:48 +0000 2020","0","Pada kondisi ini khususnya untuk generasi Z yang tumbuh di masa perkembangan teknologi yang begitu pesat pasti banyak sekali permasalahan yang timbul. Permasalahan yang ada banyak memengaruhi kesehatan mental para generasi Z.","1315234136727019520","","IqlimaSinta","in","","0","1","0","https://x.com/IqlimaSinta/status/1315234136727019520","1312327027395981312","IqlimaSinta"
"1315233948130136066","Sun Oct 11 10:13:03 +0000 2020","10","Kesehatan mental para generasi Z itu ditentukan oleh pergaulan dalam lingkungan sekitar baik itu dengan teman atau keluarga. Jika friends circlenya tipe-tipe yang high jika dia tidak bisa mengimbangi pasti akan down atau gampang minder kurang percaya diri.","1315233948130136066","","","in","","0","0","0","https://x.com/andriandinoraa/status/1315233948130136066","1219375372082397184","andriandinoraa"
"1315232861130121217","Sun Oct 11 10:12:41 +0000 2020","3","Menurut Susan Rossell dalam sebuah penelitian yang diinisiasi Swinburne University Australia pada April-Juni 2020 bahwa kesehatan mental anak muda generasi Z (usia 18-25 tahun) dalam kondisi yang sangat mengkhawatirkan selama pandemi Covid-19.","1315233856790786051","","AaFentini","in","","0","1","0","https://x.com/AaFentini/status/1315233856790786051","1134686362479648769","AaFentini"
"1315233765174591489","Sun Oct 11 10:12:20 +0000 2020","0","Pada kesempatan kali ini saya akan membahas tentang Pentingnya kesadaran kesehatan mental bagi generasi z ","1315233768018374657","","Agistalutfinur1","in","","0","1","0","https://x.com/Agistalutfinur1/status/1315233768018374657","1310418979278659585","Agistalutfinur1"
"1315233765174591489","Sun Oct 11 10:12:20 +0000 2020","0","PENTINGNYA KESEHATAN MENTAL BAGI GENERASI Z Nama : Agista Lutfi Nurfadila Prodi : Peternakan Fakultas : Peternakan Cluster : 29 - A THREAD - #Adhikara58 #MabaUB2020 #RAJABrawijaya2020 #KitaSatuBrawijaya #KreasiNyataBrawijayans #LoveYourself #MentalHealth","1315233765174591489","","","in","","0","1","0","https://x.com/Agistalutfinur1/status/1315233765174591489","1310418979278659585","Agistalutfinur1"
"1315233749492142081","Sun Oct 11 10:12:19 +0000 2020","0","Oleh karena itu kita sebagai bagian dari generasi Z tidak sepatutnya mengucilkan membully bahkan menjahui para penderita kesehatan mental.","1315233761060024321","","ArdiantySalsa","in","","0","1","0","https://x.com/ArdiantySalsa/status/1315233761060024321","1311554325374664704","ArdiantySalsa"
"1315232861130121217","Sun Oct 11 10:12:16 +0000 2020","1","Sebuah riset menemukan beberapa fakta diantaranya bahwa Generasi Z merupakan generasi yang paling banyak mengidap gangguan kesehatan mental terutama terkait pembullyan di media sosial.","1315233750473560065","","AaFentini","in","","0","1","0","https://x.com/AaFentini/status/1315233750473560065","1134686362479648769","AaFentini"
"1315233723370008577","Sun Oct 11 10:12:13 +0000 2020","1","Stres adalah faktor terbesar penyebab buruknya kesehatan mental generasi Z. Stres yang dialami banyak orang dalam generasi Z disebabkan oleh beberapa hal yaitu : - Peningkatan angka bunuh diri - Peningkatan laporan terhadap kasus kekerasan dan lain-lain.","1315233737982894081","","zaiddamrl","in","","0","1","0","https://x.com/zaiddamrl/status/1315233737982894081","1114659916516454400","zaiddamrl"
"1315233632605237249","Sun Oct 11 10:11:48 +0000 2020","10","MENTAL HEALTH PENTING GAK SIH? Kesehatan mental yang baik adalah kondisi ketika batin kita berada dalam keadaan tenteram dan tenang sehingga memungkinkan kita sebagai generasi Z untuk menikmati kehidupan sehari-hari dan menghargai orang lain di sekitar. [A thread] https://t.co/HL84ypBab5","1315233632605237249","https://pbs.twimg.com/media/EkCl-uAU0AEJ7dk.png","","in","","0","1","0","https://x.com/nawnawme/status/1315233632605237249","1212347999931621377","nawnawme"
"1315233406196707328","Sun Oct 11 10:10:54 +0000 2020","2","Pentingnya menjaga kesehatan mental generasi Z Mental Health Nama : Agustin Dwi pradana Jurusan : Ilmu Administrasi Prodi : Administrasi Bisnis Cluster 64 #Adhikara58 #MabaUB2020 #RAJABrawijaya2020 #KitaSatuBrawijaya #KreasiNyataBrawijayans","1315233406196707328","","","in","","0","0","0","https://x.com/AgustinDana4/status/1315233406196707328","1315191025661435904","AgustinDana4"
"1315230321575489538","Sun Oct 11 10:10:46 +0000 2020","0","Pemaparan-pemaparan tersebut menunjukkan bahwa generasi Z tak hanya dekat dengan teknologi melainkan juga dekat dengan kondisi kesehatan mental yang buruk. Berbagai kemudahan akses informasi teknologi hingga cara-cara berkomunikasi justru mempunyai efek samping yang merugikan.","1315233373476978688","","brigitaruthh","in","","0","1","0","https://x.com/brigitaruthh/status/1315233373476978688","1315226093175992321","brigitaruthh"
"1315233371635679233","Sun Oct 11 10:10:46 +0000 2020","1","Hai sobat Twitter!! Sebenarnya kmrn tggl 10 Okt kita memperingati Hari Kesehatan Mental Sedunia loh. Nah kali ini aku akan membahas tentang seberapa penting sih mental health untuk generasi Z. Namun kalian tau ga sih apa itu generasi Z? Yuk kita bahas sama-sama.","1315233371635679233","","","in","JOG-MLG","0","1","0","https://x.com/yukbisaygy/status/1315233371635679233","572402021","yukbisaygy"
"1315233087316402176","Sun Oct 11 10:10:41 +0000 2020","0","Menjaga kesehatan mental sangat penting dilakukan oleh generasi Z mengingat pada rentang usia 17-20 adalah usia peralihan dari remaja ke dewasa. Mereka sedang rentan-rentannya stres salah pergaulan dan susah menemukan problem solving.","1315233351922401281","","Bridgeitha","in","","0","1","0","https://x.com/Bridgeitha/status/1315233351922401281","1226051139331743744","Bridgeitha"
"1315230469672243200","Sun Oct 11 10:10:33 +0000 2020","0","Apalagi Kondisi kesehatan mental generasi Z harus diperhatikan oleh banyak pihak. Selain kajian ilmiah mengenai penyebab kondisi psikologis ini berbagai pihak juga perlu terus mengembangkan sosialisasi mengenai pentingnya kesadaran kesehatan mental.","1315233315851366400","","rararss_","in","","0","1","0","https://x.com/rararss_/status/1315233315851366400","1152193101638729730","rararss_"
"1315224179260547073","Sun Oct 11 10:10:13 +0000 2020","0","Teknologi juga merupakan faktor langsung pada kesehatan mental Generasi Z. Teknologi dan media sosial memberikan perasaan terhubung bahkan saat Anda tidak benar-benar terhubung.","1315233232871284736","","_rraihanah","in","","0","1","0","https://x.com/_rraihanah/status/1315233232871284736","1315183185743867904","_rraihanah"
"1315233154794311684","Sun Oct 11 10:09:55 +0000 2020","0","Kesehatan mental sangat penting untuk generasi z. Salah satu cara untuk menjaga kesehatan mental adalah dengan self-care.","1315233156803354624","","FinaNafisatul","in","","0","0","0","https://x.com/FinaNafisatul/status/1315233156803354624","1288229365206065152","FinaNafisatul"
"1315230321575489538","Sun Oct 11 10:09:39 +0000 2020","0","Tingkat stress tinggi yang dibarengi dengan mudahnya akses terhadap informasi self harm memperbesar kemungkinan anak-anak muda generasi Z mempunyai kondisi kesehatan mental yang buruk. Setelah tekanan kehidupan maupun tekanan terhadap isu-isu yang berkembang di sekitarnya ","1315233090638290946","","brigitaruthh","in","","0","1","0","https://x.com/brigitaruthh/status/1315233090638290946","1315226093175992321","brigitaruthh"
"1315225769249923073","Sun Oct 11 10:09:30 +0000 2020","0","Kesehatan mental itu sangat penting bagi siapa saja. Nah kali ini yang banyak terkena gangguan kesehatan mental adalah generasi Z termasuk adalah remaja. Remaja sekarang banyak yang terkena gangguan kesehatan mental dikarenakan oleh canggihnya teknologi pada zaman sekarang.","1315233055540342785","","SafinaP54213429","in","","0","1","0","https://x.com/SafinaP54213429/status/1315233055540342785","1315176941532540929","SafinaP54213429"
"1315232861813764102","Sun Oct 11 10:08:47 +0000 2020","0","Khususnya di tengah masa pandemi seperti ini menurut survei banyak dari generasi z yang merasakan dampak dari pandemi ini kepada kesehatan mental mereka. Generasi yang lebih tua dianggap lebih tangguh karena dari segi finansial ataupun pola pikir yang sudah lebih dewasa.","1315232872425431041","","dumbbles","in","Jakarta Capital Region","0","1","0","https://x.com/dumbbles/status/1315232872425431041","996657470","dumbbles"
"1315220392756174851","Sun Oct 11 10:08:42 +0000 2020","0","Oleh sebab itu sebagai generasi yang hidup pada zaman kecanggihan dan kemajuan teknologi diharapkan generasi Z dapat menyelamatkan kesehatan mental seseorang melalui aksi kepeduliannya seperti diadakannya sosialisasi terhadap gangguan mental dan mengenali cara mengatasinya.","1315232851378413569","","yayyyyaa_","in","Jawa Tengah, Indonesia","0","1","0","https://x.com/yayyyyaa_/status/1315232851378413569","1269899990840733702","yayyyyaa_"
"1315232693215391750","Sun Oct 11 10:08:04 +0000 2020","2","Semakin cepatnya perkembangan zaman membuat generasi z atau anak yang lahir sekitar tahun 1993 sampai sekitar tahun 2011 sudah memiliki tingkat masalah kesehatan mental yang tinggi bahkan lebih tinggi dari generasi-generasi sebelumnya.","1315232693215391750","","","in","Malang,East Java","0","1","0","https://x.com/estahezz/status/1315232693215391750","758079360","estahezz"
"1315232660571058177","Sun Oct 11 10:07:57 +0000 2020","0","Kesehatan mental yang baik adalah kondisi ketika batin kita berada dalam keadaan tentram dan tenang. Sedangkan orang yang kesehatan mentalnya terganggu akan mengalami gangguan suasana hati dan cara berpikir. Gangguan mental ini banyak terjadi pada generasi Z.","1315232663305744384","","Jesicaaatm","in","","0","1","0","https://x.com/Jesicaaatm/status/1315232663305744384","1237298445934661634","Jesicaaatm"
"1315232660571058177","Sun Oct 11 10:07:56 +0000 2020","2","Dampak Teknologi Digital Bagi Kesehatan Mental Generasi Z Oleh Jesica Tio Mahendra Fakultas Hukum Prodi Ilmu Hukum Cluster 38 #LoveYourself #MentalHealth #Adhikara58 #MabaUB2020 #RAJABrawijaya2020 #KitaSatuBrawijaya #KreasiNyataBrawijayans","1315232660571058177","","","in","","0","1","0","https://x.com/Jesicaaatm/status/1315232660571058177","1237298445934661634","Jesicaaatm"
"1315232630778916864","Sun Oct 11 10:07:54 +0000 2020","0","Lalu apa yang harus dilakukan generasi z supaya terhindar dari masalah kesehatan mental yang berpotensi terjadi pada mereka di masa pandemic ini?Menurut saya hal pertama yang perlu dilakukan adalah dengan mencari solusi atas sulitnya berkomunikasi dengan orang-orang terdekat.","1315232651712757760","","Jerico75596108","in","","0","1","0","https://x.com/Jerico75596108/status/1315232651712757760","1292327909751836672","Jerico75596108"
"1315232630778916864","Sun Oct 11 10:07:53 +0000 2020","0","Dengan adanya anjuran untuk tetap tinggal di rumah dan physical distancing maka hal itu akan sulit untuk dilakukan. Tentu saja hal ini dapat memicu masalah kesehatan mental dalam diri generasi z.","1315232645723242496","","Jerico75596108","in","","0","1","0","https://x.com/Jerico75596108/status/1315232645723242496","1292327909751836672","Jerico75596108"
"1315232526944747520","Sun Oct 11 10:07:24 +0000 2020","1"," Pentingnya Mental health Generasi Z Banyak dari kita generasi Z yang seringkali merasa depresi .Namun seringkali saat kita menceritakan apa yang kita rasakan pada orang lain mereka justru menganggap kita terlalu berlebihan . Kurangnya kesadaran masyarakat akan kesehatan","1315232526944747520","","","in","","0","1","0","https://x.com/urrifka/status/1315232526944747520","1288866190534746114","urrifka"
"1315232406681526273","Sun Oct 11 10:06:56 +0000 2020","1","Generasi Z krisis Mental Health. kemajuan teknologi membuat mereka mudah rapuh dalam menghadapi masalah. Mereka harus melakukan sesuatu untuk menjaga kesehatan mental mereka. #LoveYourself #Adhikara58 #MabaUB2020 #RAJABrawijaya2020 #KitaSatuBrawijaya #KreasiNyataBrawijayans","1315232406681526273","","","in","","0","0","0","https://x.com/MmaDHA4/status/1315232406681526273","1313474000488747011","MmaDHA4"
"1315230746437545984","Sun Oct 11 10:06:31 +0000 2020","0","yang beredar di sekitarnya. Banyaknya media sosial sangat tidak baik untuk generasi Z karena dapat menyebabkan ketergantungan yang tidak baik untuk mental dan kesehatan tubuh.","1315232303199604736","","RizkyGiovanni4","in","","0","1","0","https://x.com/RizkyGiovanni4/status/1315232303199604736","1315229604643172353","RizkyGiovanni4"
"1315232244601032710","Sun Oct 11 10:06:17 +0000 2020","0","Generasi Z adalah generasi setelah generasi milenial yang lahir setelah tahun 1997 yang tumbuh dengan teknologi yang telah berkembang pesat seperti internet dan media sosial.Namun generasi Z dilaporkan rentan mengalami gangguan mental atau kesehatan mental yang buruk","1315232244601032710","","","in","","0","1","0","https://x.com/Irham62903455/status/1315232244601032710","1276701866642993152","Irham62903455"
"1315230746437545984","Sun Oct 11 10:06:12 +0000 2020","0","generasi Z mempunyai gejala-gejala emosional maupun fisik yang berkaitan dengan stres seperti depresi dan gangguan kecemasan. Stres adalah faktor terbesar penyebab buruknya kesehatan mental generasi Z. Generasi Z juga merasakan stres akibat informasi-informasi tak terbendung","1315232224292212736","","RizkyGiovanni4","in","","0","1","0","https://x.com/RizkyGiovanni4/status/1315232224292212736","1315229604643172353","RizkyGiovanni4"
"1315232144919126016","Sun Oct 11 10:05:53 +0000 2020","4","Nama: Tiara Sakinah Fakultas: Ilmu Budaya Jurusan: PEBASIS Cluster: 29 THREAD Mental Health Generasi Z Gejala Kesehatan Mental Gangguan mental atau penyakit Mental #LoveYourself #Adhikara58 #MabaUB2020 #RAJABrawijaya2020 #KitaSatuBrawijaya #KreasiNyataBrawijayans","1315232144919126016","","","in","","0","0","0","https://x.com/TiaraSakinah12/status/1315232144919126016","1315224870016315392","TiaraSakinah12"
"1315231852475498498","Sun Oct 11 10:05:03 +0000 2020","0","Saat ini mental health bukanlah topik pemicaraan yang asing lagi di kalangan muda terutama di kalangan Generasi Z. Namun nyatanya banyak orang yang belum menyadari bahwa mereka mengalami permasalahan dalam kesehatan menta terutama bagi kalangan remaja.","1315231934046375936","","missingtooru","in","","0","1","0","https://x.com/missingtooru/status/1315231934046375936","1315219517920878593","missingtooru"
"1315231852475498498","Sun Oct 11 10:04:44 +0000 2020","0","Halo! Perkenalkan nama aku Nadya Sastyaviani Kusuma dari Fakultas Hukum Ilmu Hukum Universitas Brawijaya Cluster 60. Di sini aku akan menjelaskan secara sekilas betapa pentingnya kesehatan mental untuk generasi seumuran aku yaitu Generasi Z.","1315231852475498498","","","in","","0","1","0","https://x.com/missingtooru/status/1315231852475498498","1315219517920878593","missingtooru"
"1315216499271847939","Sun Oct 11 10:04:00 +0000 2020","0","Lahir dan berkembang di era teknologi digital menjadikan generasi Z sebagai pecandu teknologi dan cenderung anti-sosial. Masalah kesehatan mental adalah serangkaian kondisi yang berdampak pada kesehatan mental.","1315231670245629952","","dinda2310_","in","","0","1","0","https://x.com/dinda2310_/status/1315231670245629952","1310934460104310787","dinda2310_"
"1315231595196936192","Sun Oct 11 10:03:42 +0000 2020","0","Kesehatan Mental Generasi Z di Era Pandemi Selama pandemi aktivitas sehari-hari dilakukan dari rumah. Kita harus bisa menyesuaikan diri dengan kondisi tersebut. Keadaan seperti ini tidak hanya mempengaruhi keadaan fisik melainkan juga berpengaruh bagi kesehatan mental","1315231595196936192","","","in","","0","1","0","https://x.com/mitubatca/status/1315231595196936192","1310107290578513920","mitubatca"
"1315231404431556609","Sun Oct 11 10:02:57 +0000 2020","0","Pentingnya Kesehatan Mental Untuk Generasi Z","1315231404431556609","","","in","","0","1","0","https://x.com/tentu_saja/status/1315231404431556609","1315229996286312449","tentu_saja"
"1315231269085564928","Sun Oct 11 10:02:28 +0000 2020","0","Apa saja dampak dunia maya terhadap kesehatan mental generasi Z?","1315231283287474176","","blossommide","in","","0","1","0","https://x.com/blossommide/status/1315231283287474176","1253936292464693248","blossommide"
"1315231269085564928","Sun Oct 11 10:02:27 +0000 2020","0","mereka justru lebih memilih untuk membuka kamera handphone mereka. Itu baru salah satu contoh yang terjadi di kalangan generasi Z masih ada banyak hal lagi yang dapat memperburuk kesehatan mental mereka.","1315231278971584512","","blossommide","in","","0","1","0","https://x.com/blossommide/status/1315231278971584512","1253936292464693248","blossommide"
"1315231269085564928","Sun Oct 11 10:02:26 +0000 2020","0","Anggota Generasi Z (yaitu kelompok orang yang lahir dari pertengahan 1990-an hingga awal 2000-an) adalah generasi yang memungkinkan memiliki kesehatan mental yang buruk. Hal itu terjadi karena pengaruh buruk dari lingkungan sekitar maupun dari dunia maya.","1315231274517241863","","blossommide","in","","0","1","0","https://x.com/blossommide/status/1315231274517241863","1253936292464693248","blossommide"
"1315231269085564928","Sun Oct 11 10:02:25 +0000 2020","0","Pengaruh dan Cara Mengatasi Dampak Dunia Maya Bagi Kesehatan Mental Generasi z","1315231269085564928","","","in","","0","1","1","https://x.com/blossommide/status/1315231269085564928","1253936292464693248","blossommide"
"1315231255760232448","Sun Oct 11 10:02:22 +0000 2020","0","Sebelum membahas mngenai pentingnya menjaga kesehatan mental bagi generasi Z ada pentingnya untuk memahami apa itu kesehatan mental. Kesehatan mental merupakan hal yang sangat penting bagi manusia sama halnya seperti kesehatan fisik pada umumnya.","1315231259115675648","","aaddeell_ia","in","","0","1","0","https://x.com/aaddeell_ia/status/1315231259115675648","811357379010777088","aaddeell_ia"
"1315231255760232448","Sun Oct 11 10:02:21 +0000 2020","1","Safira Adelia Putri Fak. Ilmu Administrasi Jurusan Ilmu Administrasi Publik Cluster 55 PENTINGNYA MENJAGA KESEHATAN MENTAL (MENTAL HEALTH) BAGI GENERASI Z #Adhikara58 #MabaUB2020 #RAJABrawijaya2020 #KitaSatuBrawijaya #KreasiNyataBrawijayans","1315231255760232448","","","in","","0","2","0","https://x.com/aaddeell_ia/status/1315231255760232448","811357379010777088","aaddeell_ia"
"1315220392756174851","Sun Oct 11 10:01:54 +0000 2020","1","Sebagai generasi Z kita harus paham betul terkait hal tersebut karena menyangkut dengan kesehatan mental seseorang. Cara yang dapat kita lakukan adalah mencoba untuk melakukan tindakan preventif seperti sosialisasi dan juga penyuluhan ke tiap-tiap sekolah atau di tempat umum.","1315231141398421505","","yayyyyaa_","in","Jawa Tengah, Indonesia","0","1","0","https://x.com/yayyyyaa_/status/1315231141398421505","1269899990840733702","yayyyyaa_"
"1315231092949970946","Sun Oct 11 10:01:44 +0000 2020","0","Kesehatan biasanya hanya difokuskan pada kesehatan fisik padahal kesehatan mental juga tidak kalah penting apalagi bagi generasi Z di masa pandemi seperti ini.","1315231097169485825","","nabilasyhrn___","in","Jawa Tengah, Indonesia","0","1","0","https://x.com/nabilasyhrn___/status/1315231097169485825","1245123950171963392","nabilasyhrn___"
"1315231026361188353","Sun Oct 11 10:01:30 +0000 2020","0","Stres adalah faktor terbesar penyebab buruknya kesehatan mental generasi Z. Stres yang dialami banyak orang dalam generasi Z disebabkan oleh beberapa hal. Peningkatan angka bunuh diri peningkatan laporan terhadap kasus kekerasan dan pelecehan seksual hingga pemanasan global dan","1315231042068905989","","40_Onky42","in","Jawa Timur, Indonesia","0","1","0","https://x.com/40_Onky42/status/1315231042068905989","1474490084","40_Onky42"
"1315231026361188353","Sun Oct 11 10:01:28 +0000 2020","0","anak muda usia 15 sampai 21 tahun adalah kelompok manusia dengan kondisi kesehatan mental terburuk dibandingkan dengan generasi-generasi lainnya. Mereka adalah generasi Z atau yang diartikan Taylor &amp; Keeter (2010) sebagai orang-orang yang lahir pada tahun 1993 sampai tahun 2005","1315231034003218432","","40_Onky42","in","Jawa Timur, Indonesia","0","1","0","https://x.com/40_Onky42/status/1315231034003218432","1474490084","40_Onky42"
"1315231016601022465","Sun Oct 11 10:01:24 +0000 2020","6","Nama: Putri ilma amelia Fakultas: Peternakan (PSDKU) Jurusan: Peternakan Cluster: 5 Pentingnya Mental Health di masa sekarang terutama bagi generasi Z. Pentingnya kesehatan mental digaungkan oleh WHO melalui definisi kesehatan mereka yang menyatakan: Kesehatan adalah keadaan","1315231016601022465","","","in","","0","2","0","https://x.com/hemaracovisa/status/1315231016601022465","1315226317739098112","hemaracovisa"
"1315230967808761856","Sun Oct 11 10:01:13 +0000 2020","1","Masa pandemi ini para generasi Z mengalami penurunan kesehatan mental. Untuk menyiasati hal tersebut kita dapat melakukan berbagai hal positif yang dapat meningkatkan kesehatan mental kita sebagai generasi Z.","1315230970509889542","","atifa_utami","in","","0","0","0","https://x.com/atifa_utami/status/1315230970509889542","1315064898238390273","atifa_utami"
"1315230962989494272","Sun Oct 11 10:01:13 +0000 2020","0","Hal ini kesehatan mental sangat penting bagi kita generasi Z agar kita bisa survive untuk masa depan yang lebih baik. Solusi untuk bagi para generi Z yang mengalami gangguan terhadap kesehatan mentalnya. Disini solusinya ada 2yaitu pencegahan dan pengobatan.","1315230970119823361","","adithiya_gilang","in","Melbourne, Victoria","0","1","0","https://x.com/adithiya_gilang/status/1315230970119823361","1221604738749173761","adithiya_gilang"
"1315230962989494272","Sun Oct 11 10:01:13 +0000 2020","0","Menurut penelitian APA tersebut diperoleh hasil bahwa sebanyak 91 persen generasi Z mempunyai gejala-gejala emosional maupun fisik yang berkaitan dengan stres seperti depresi dan gangguan kecemasan. Stres adalah faktor terbesar penyebab buruknya kesehatan mental generasi Z.","1315230968693714944","","adithiya_gilang","in","Melbourne, Victoria","0","1","0","https://x.com/adithiya_gilang/status/1315230968693714944","1221604738749173761","adithiya_gilang"
"1315230950737895424","Sun Oct 11 10:01:09 +0000 2020","1","Nama: Syafial Refasianggih Fakultas: Peternakan Jurusan : Peternakan Cluster: 39 THREAD Mental Health Generasi Z Gejala Kesehatan Mental Gangguan mental atau penyakit mental #LoveYourself #Adhikara58 #MabaUB2020 #RAJABrawijaya2020 #KitaSatuBrawijaya #KreasiNyataBrawijayans","1315230950737895424","","","in","Brebes, Jawa Tengah Indonesia","0","0","0","https://x.com/SyafialR/status/1315230950737895424","1315224333300588544","SyafialR"
"1315230372922232833","Sun Oct 11 10:00:51 +0000 2020","0","Generasi Z yang didominasi oleh para remaja saat ini benar-benar di hadapkan dengan banyak masalah. Salah satunya adalah masalah kesehatan mental. Banyak dari generasi Z saat ini stress dikarenakan banyak hal. Kebanyakan dari mereka stress karena tugas yang biberikan pada mereka.","1315230877153062914","","goodTea56","in","","0","1","0","https://x.com/goodTea56/status/1315230877153062914","1250621600442880000","goodTea56"
"1315229445515481088","Sun Oct 11 10:00:45 +0000 2020","0","Banyak kasus diberbagai dunia termasuk Indonesia mengenai gangguan kesehatan mental. Sehingga kesehatan mental sangat dibutuhkan dan harus ditananmkan oleh manusia khususnya bagi generasi Z . Sebagai hal kecil yang biasa dialami oleh generasi Z ialah steres","1315230850879909888","","farhan_alhmd","in","Malang, Jawa Timur","0","0","0","https://x.com/farhan_alhmd/status/1315230850879909888","1238709802097754112","farhan_alhmd"
"1315230580393472007","Sun Oct 11 09:59:44 +0000 2020","0","Generasi Z dan kita semua perlu mengetahui betapa pentingnya kesehatan mental para Generasi Z. Terdapat erbagai cara untuk menjaga kesehatan mental yang dapat dilakukan para Generasi Z.","1315230593873924096","","Mezmerised_","in","","0","1","0","https://x.com/Mezmerised_/status/1315230593873924096","1306458935344246785","Mezmerised_"
"1315230580393472007","Sun Oct 11 09:59:42 +0000 2020","0","Menurut penelitian APA tersebut diperoleh hasil bahwa sebanyak 91 persen generasi Z mempunyai gejala-gejala emosional maupun fisik yang berkaitan dengan stres seperti depresi dan gangguan kecemasan. Stres adalah faktor terbesar penyebab buruknya kesehatan mental generasi Z.","1315230586810687491","","Mezmerised_","in","","0","1","0","https://x.com/Mezmerised_/status/1315230586810687491","1306458935344246785","Mezmerised_"
"1315230580393472007","Sun Oct 11 09:59:41 +0000 2020","0","Menurut penelitian American Psychological Association (APA) tahun 2018 berjudul Stress in America: Generation Z anak muda usia 15 sampai 21 tahun adalah kelompok manusia dengan kondisi kesehatan mental terburuk dibandingkan dengan generasi-generasi lainnya.","1315230583149060096","","Mezmerised_","in","","0","1","0","https://x.com/Mezmerised_/status/1315230583149060096","1306458935344246785","Mezmerised_"
"1315230533601783810","Sun Oct 11 09:59:29 +0000 2020","1","Kesehatan Mental Untuk Generasi Z [ A TREAD] By Alya Kusuma dani Cluster 13 #LoveYourself #Adhikara58 #MabaUB2020 #RAJABrawijaya2020 #KitaSatuBrawijaya #KreasiNyataBrawijayans","1315230533601783810","","","in","","0","2","1","https://x.com/klikkalya/status/1315230533601783810","1145370611708862464","klikkalya"
"1315230498604503040","Sun Oct 11 09:59:22 +0000 2020","0","Akrabnya Generasi Z dengan sosial media juga dapat mempengaruhi aspek psikologis dan kesehatan mental. Tidak hanya sosial media tetapi kecanduan terhadap games online juga.","1315230503528591360","","vinaa_tr","in","","0","2","0","https://x.com/vinaa_tr/status/1315230503528591360","1226346939697922048","vinaa_tr"
"1315229596908875776","Sun Oct 11 09:59:01 +0000 2020","0","Menjaga kesehatan mental sangat penting dilakukan karena dengan mental yang sehat dapat memengaruhi tingkat produktivitas seseorang sehari-harinya. Terutama untuk generasi Z sekarang dimana kesehatan mental terkadang kurang diperhatikan karena kesibukan sehari-hari.","1315230415615975425","","ekaaamuu","in","","0","1","0","https://x.com/ekaaamuu/status/1315230415615975425","1083194963666432001","ekaaamuu"
"1315230321575489538","Sun Oct 11 09:58:39 +0000 2020","4","PENTINGNYA KESEHATAN MENTAL BAGI GENERASI Z Nama: Brigita Ruth Dyah Ayu Rengganis Fakultas: Ilmu Administrasi Prodi: Administrasi Bisnis Cluster: 04","1315230321575489538","","","in","","1","1","1","https://x.com/brigitaruthh/status/1315230321575489538","1315226093175992321","brigitaruthh"
"1315223664153882624","Sun Oct 11 09:58:18 +0000 2020","0","Jadi sebagai generasi z ayo bersama - sama menjadi generasi yang canggih tanpa mengesampingkan kesehatan mental kita! Manfaatkan teknologi yang ada dengan semaksimal mungkin dan dengan sebaik - baiknya!","1315230234241716224","","beelabong3","in","","0","1","0","https://x.com/beelabong3/status/1315230234241716224","1315208901583724547","beelabong3"
"1315230145511256064","Sun Oct 11 09:58:02 +0000 2020","0","Menurut penelitian American Psychological Association (APA) tahun 2018 berjudul Stress in America: Generation Z anak muda usia 15 sampai 21 tahun adalah kelompok manusia dengan kondisi kesehatan mental terburuk dibandingkan dengan generasi-generasi lainnya.","1315230168231813121","","giraffe020120","in","","0","1","0","https://x.com/giraffe020120/status/1315230168231813121","1137445126530199552","giraffe020120"
"1315230100296593412","Sun Oct 11 09:57:47 +0000 2020","1","Sayangnya untk masa-masa sekarang kondisi psikologis dan kesehatan mental Generasi Z tdkk sebaik prasangka bnyk orng. Penelitian oleh American Psychological Association (APA) mlbtkn wawancara 3500 orang berumur 18thn ke atas dan 300 wawancara dgn umur 15-17","1315230103874334724","","InaFara1","in","","0","1","0","https://x.com/InaFara1/status/1315230103874334724","1193375035731300352","InaFara1"
"1315230051982475264","Sun Oct 11 09:57:37 +0000 2020","0","Menurut penelitian APA tersebut diperoleh hasil bahwa sebanyak 91 persen generasi Z mempunyai gejala-gejala emosional maupun fisik yang berkaitan dengan stres seperti depresi dan gangguan kecemasan. Stres adalah faktor terbesar penyebab buruknya kesehatan mental generasi Z.","1315230062912790534","","dundidam","in","","0","1","0","https://x.com/dundidam/status/1315230062912790534","1311911632654614528","dundidam"
"1315229926836989954","Sun Oct 11 09:57:06 +0000 2020","0","Kesehatan mental sangat penting bagi generasi Z karena saat ini menginjak usia remaja karena masa remaja adalah masa proses perkembangan menuju dewasa dimana masih ada tahap dan tugas perkembangan yang perlu dilalui.","1315229931526213632","","RizkiAliRamadh1","in","","0","1","0","https://x.com/RizkiAliRamadh1/status/1315229931526213632","1314835877470715904","RizkiAliRamadh1"
"1315229912035332096","Sun Oct 11 09:57:01 +0000 2020","0","Kesehatan Mental Pada Generasi Z Nama : Yohan Alfani Sandi Fakultas : Teknik Jurusan : Teknik Pengairan Cluster : 10","1315229912035332096","","","in","Malang, Jawa Timur","0","1","0","https://x.com/YohanAlfani/status/1315229912035332096","791229579734061056","YohanAlfani"
"1315229876920614915","Sun Oct 11 09:56:56 +0000 2020","1","Sekian penjelasan singkat dari saya mengenai pentingnya kesehatan mental di masa sekarang ini terutama bagi generasi Z dan beberapa solusi/tips untuk menghadapinya. Semoga pandemi COVID-19 ini segera berakhir lekas sembuh dan pulih Indonesia.","1315229892603080704","","Rosa24100","in","Trenggalek, Indonesia","0","1","0","https://x.com/Rosa24100/status/1315229892603080704","1304820582345633793","Rosa24100"
"1315229887901253633","Sun Oct 11 09:56:55 +0000 2020","0","Nama:Titis Ayu Maulany Fakultas: Ekonomi dan Bisnis Jurusan: Ilmu Ekonomi Cluster 4 Pada kondisi pandemi kesehatan mental juga terancam. Generasi Z menjadi rentan dalam hal ini karena mereka lahir dibarengi kemajuan teknologi.","1315229887901253633","","","in","","0","2","0","https://x.com/titismaulanny/status/1315229887901253633","1276053521586991104","titismaulanny"
"1315229876920614915","Sun Oct 11 09:56:53 +0000 2020","1","Mental health yaitu kesehatan mental seseorang. Kenapa mental health penting untuk diperhatikan terutama di masa sekarang / pandemi saat ini terutama bagi generasi Z? Disamping menjaga kesehatan fisik kita juga dituntut untuk menjaga kesehatan mental karena itu juga penting","1315229878778646528","","Rosa24100","in","Trenggalek, Indonesia","0","1","0","https://x.com/Rosa24100/status/1315229878778646528","1304820582345633793","Rosa24100"
"1315227338896859136","Sun Oct 11 09:56:23 +0000 2020","1","Kondisi kesehatan mental generasi Z perlu untuk menjadi perhatian banyak pihak. Karena generasi Z inilah yang kelak akan membangun bangsa ini perlu untuk menjaga dirinya sendiri baik secara fisik maupun psikis.","1315229754711187464","","ArgyantiErlinda","in","","0","0","0","https://x.com/ArgyantiErlinda/status/1315229754711187464","1315212636733100033","ArgyantiErlinda"
"1315229559248228355","Sun Oct 11 09:55:40 +0000 2020","0","Kondisi kesehatan mental yang demikian sangat perlu untuk menjadi perhatian. Generasi Z harus bersikap pro-aktif dalam memahami kondisi kesehatan mentalnya sendiri","1315229570384101376","","ismihandayani25","in","Trenggalek, Indonesia","0","0","0","https://x.com/ismihandayani25/status/1315229570384101376","722291941568749568","ismihandayani25"
"1315229561018228736","Sun Oct 11 09:55:37 +0000 2020","0","Stress Kesehatan Mental dan Generasi Z A Thread. Sumber: https://t.co/S6pSVVacNe","1315229561018228736","","","in","","0","1","0","https://x.com/hadehmager/status/1315229561018228736","1247354492628000768","hadehmager"
"1315229547860684808","Sun Oct 11 09:55:34 +0000 2020","0"," Generasi Z harus sering kita ajak jalan2 ke alam dan lingkungan sekitar biar hidup nya nyata. Serta jauh dari gangguan kesehatan mental. #generasiZ","1315229547860684808","","","in","","0","0","0","https://x.com/febidamayantiw/status/1315229547860684808","1215575027371802624","febidamayantiw"
"1315220070969171970","Sun Oct 11 09:55:27 +0000 2020","1","Stres adalah faktor terbesar penyebab buruknya kesehatan mental generasi Z. Stres yang dialami banyak orang dalam generasi Z disebabkan oleh beberapa hal. Kondisi kesehatan mental generasi Z sangat perlu untuk menjadi perhatian banyak","1315229516768239616","","MonicaStefania5","in","","0","0","0","https://x.com/MonicaStefania5/status/1315229516768239616","1313432057121370112","MonicaStefania5"
"1315229447709024257","Sun Oct 11 09:55:11 +0000 2020","0","Generasi Z adalah generasi setelah Generasi Y generasi ini merupakan generasi peralihan Generasi Y dengan teknologi yang semakin berkembang. Kesehatan mental dipengaruhi oleh peristiwa dalam kehidupan yang meninggalkan dampak yang besar pada kepribadian dan perilaku seseorang.","1315229452025036800","","hisyamthoriq2","in","","0","1","0","https://x.com/hisyamthoriq2/status/1315229452025036800","1315206889592877056","hisyamthoriq2"
"1315229447709024257","Sun Oct 11 09:55:11 +0000 2020","0","Kita sebagai masyarakat harus menjaga kesehatan diri kita masing-masing baik itu kesehatan fisik maupun mental. Generasi Z adalah generasi yang lahir dalam rentang tahun 1995 sampai dengan tahun 2010 masehi.","1315229450531872770","","hisyamthoriq2","in","","0","1","0","https://x.com/hisyamthoriq2/status/1315229450531872770","1315206889592877056","hisyamthoriq2"
"1315229069294759941","Sun Oct 11 09:54:42 +0000 2020","1","Menurut penelitian APA diperoleh hasil bahwa sebanyak 91 persen generasi Z mempunyai gejala-gejala emosional maupun fisik yang berkaitan dengan stres seperti depresi dan gangguan kecemasan. Stres adalah faktor terbesar penyebab buruknya kesehatan mental generasi Z.","1315229327152181248","","swastikaapim","in","","0","1","0","https://x.com/swastikaapim/status/1315229327152181248","949485603778838529","swastikaapim"
"1315224434395947008","Sun Oct 11 09:54:39 +0000 2020","0","Generasi Z adalah kelompok manusai dengan kondisi kesehatan mental terburuk dibandingkan dengan generasi-generasi lainnya. Generasi Z ini adalah orang-orang yang lahir pada tahun 1993 sampai tahun 2005.","1315229316909731842","","epinn_","in","","0","1","0","https://x.com/epinn_/status/1315229316909731842","1238015894497845248","epinn_"
"1315228623050162176","Sun Oct 11 09:54:31 +0000 2020","0","Generasi Z merupakan masyrakat Indonesia yang lahir antara rentang tahun 1998 hingga 2010. Mengapa kesehatan mental banyak menyerang generasi Z? Generasi Z saat yang rentan dalam konteks ini merupakan remaja dengan kisaran berada pada jenjang pendidikan SMA dan Mahasiswa.","1315229281316790272","","FarizanSetya","in","","0","0","0","https://x.com/FarizanSetya/status/1315229281316790272","1132767614113943552","FarizanSetya"
"1315228599679549440","Sun Oct 11 09:54:17 +0000 2020","0","Pentingnya kesehatan mental khususnya bagi generasi Z","1315229226040127488","","paeduyungk","in","Jawa Timur, Indonesia","0","0","0","https://x.com/paeduyungk/status/1315229226040127488","1305893387854213121","paeduyungk"
"1315229078111154177","Sun Oct 11 09:53:46 +0000 2020","0","Tingkat stress tinggi mudahnya akses terhadap informasi self harm kondisi media sosial yang sangat bebas dan semakin sulit untuk dikendalikan maraknya cyberbulliying Penyebab itulah yang membuat generasi Z mempunyai kondisi kesehatan mental yang buruk.","1315229094158585856","","Sachaa21","in","","0","1","0","https://x.com/Sachaa21/status/1315229094158585856","1176133429437423616","Sachaa21"
"1315229078111154177","Sun Oct 11 09:53:45 +0000 2020","0","Menurut penelitian American Psychological Association (APA) tahun 2018 berjudul Stress in America: Generation Z Generasi Z adalah kelompok manusia dengan kondisi kesehatan mental terburuk dibandingkan dengan generasi-generasi lain.","1315229088806703104","","Sachaa21","in","","0","1","0","https://x.com/Sachaa21/status/1315229088806703104","1176133429437423616","Sachaa21"
"1315228623050162176","Sun Oct 11 09:53:41 +0000 2020","0"," Mental Health biasa disebut dengan kesehatan mental saat ini menjadi isu penting namun sering diabaikan oleh masyarakat. Mental health penting untuk dipahami dan dimengerti setiap masyarakat khususnya kalangan yang tingkat resiko kesehatan mentalnya tinggi yaitu generasi Z.","1315229075284267011","","FarizanSetya","in","","0","0","0","https://x.com/FarizanSetya/status/1315229075284267011","1132767614113943552","FarizanSetya"
"1315229069294759941","Sun Oct 11 09:53:40 +0000 2020","1","Kesehatan mental generasi Z ⁉️ [A T H R E A D] Swastika Primaningtyas Manajemen FEB UB Cluster 9 #Adhikara58 #MabaUB2020 #RAJABrawijaya2020 #KitaSatuBrawijaya #KreasiNyataBrawijayans #LoveYourself #lovemyself #MentalHealth https://t.co/KcbkdKazes","1315229069294759941","https://pbs.twimg.com/media/EkCh3JAU0AEAsSk.jpg","","in","","0","1","0","https://x.com/swastikaapim/status/1315229069294759941","949485603778838529","swastikaapim"
"1315228546168545280","Sun Oct 11 09:53:27 +0000 2020","0","Dampak gangguan kesehatan mental yang dialami oleh generasi Z dapat diamati dalam kehidupan sehari-hari.","1315229012923277323","","Hideviiii","in","","0","1","0","https://x.com/Hideviiii/status/1315229012923277323","1080342394753568769","Hideviiii"
"1315228880312045568","Sun Oct 11 09:52:56 +0000 2020","0","Generasi muda saat ini generasi Z sekarang sering kali memiliki gangguan pada kesehatan mental mereka. Sepertinya lebih baik kita mengenal dulu dengan sebutan Gangguan mental .","1315228884497965056","","Fahranireza","in","Jakarta, Indonesia","0","1","0","https://x.com/Fahranireza/status/1315228884497965056","2262776594","Fahranireza"
"1315228820333424642","Sun Oct 11 09:52:41 +0000 2020","0","Kesehatan mental sangat penting bagi generasi Z saat ini untuk menyongsong generasi emas 2045.Tidak hanya generasi Z tapi semua generasi sangatlah berpengaruh tetapi yang paling rentan adalah gen Z hal ini dikarenakan beberapa factor yang menyebabkan ","1315228822761959424","","artii___","in","mars aja","0","1","0","https://x.com/artii___/status/1315228822761959424","1110501825768112128","artii___"
"1311305807879831556","Sun Oct 11 09:52:40 +0000 2020","0","Dari penjabaran diatas didapat kesimpulan bahwa kesehatan mental generasi Z merupakan tanggung jawab semua orang baik generasi itu sendiri maupun generasi sebelum dan sesudahnya.m #Adhikara58 #MabaUB2020 #RAJABrawijaya2020 #KitaSatuBrawijaya #KreasiNyataBrawijayans","1315228816646664192","","yangcangtip","in","","0","0","0","https://x.com/yangcangtip/status/1315228816646664192","1014679262610128896","yangcangtip"
"1311305807879831556","Sun Oct 11 09:52:37 +0000 2020","0","Berangkat dari tekanan tekan diatas generasi Z rentan terhadap serangan kesehatan mental. Penelitian American Psychological Association 2018 Stress in America: Generation Z anak muda usia 15 sampai 21 tahun adalah kelompok manusia dengan kondisi kesehatan mental terburuk.","1315228806098034689","","yangcangtip","in","","0","1","1","https://x.com/yangcangtip/status/1315228806098034689","1014679262610128896","yangcangtip"
"1315226369891033088","Sun Oct 11 09:52:36 +0000 2020","1","dan yang paling parahnya nih. generasi Z adalah generasi yang memiliki KESEHATAN MENTAL TERBURUK dibandingkan dengan generasi-generasi sebelumnya loh..","1315228801513660416","","mutiasyafitri22","in","","0","1","0","https://x.com/mutiasyafitri22/status/1315228801513660416","1315200850692771843","mutiasyafitri22"
"1315228409971183617","Sun Oct 11 09:52:33 +0000 2020","1","Bagi sebagian orang hal ini bisa dirasakan sebagai suatu tekanan atau beban yang sangat besar. Bila tidak dikendalikan tekanan tersebut akan berdampak negatif pada kesehatan mental khususnya pada generasi Z.","1315228787202650113","","pgncepetkayaa","in","","0","1","0","https://x.com/pgncepetkayaa/status/1315228787202650113","1268457163426377728","pgncepetkayaa"
"1315228672941416448","Sun Oct 11 09:52:09 +0000 2020","0","agar meminimalisir terjadinya masalah kesehatan mental. Solusi pada generasi Z untuk itu adalah dengan cara meningkatkan awareness akan pentingnya mental health diri sendiri lebih aktif di dunia nyata dibandingkan di dunia maya seperti bercengkrama dan bercerita kepada keluarga","1315228687508283392","","Taepie3009","in","Bekasi, Jawa Barat","0","1","0","https://x.com/Taepie3009/status/1315228687508283392","1287948318601928705","Taepie3009"
"1315228672941416448","Sun Oct 11 09:52:08 +0000 2020","0","Dibandingkan generasi milenial generasi Z lebih rentan mengalami masalah kesehatan mental karena tekanan dan tuntutan sosial yang lebih tinggi mereka tidak hanya dituntut untuk memiliki nilai yang bagus dan diberi penugasan pendidikan yang banyak tetapi juga sebuah keharusan","1315228681623674880","","Taepie3009","in","Bekasi, Jawa Barat","0","1","0","https://x.com/Taepie3009/status/1315228681623674880","1287948318601928705","Taepie3009"
"1315228672941416448","Sun Oct 11 09:52:06 +0000 2020","0","Bagi generasi Z yaitu mereka yang lahir periode 1996-2010 memiliki akun dimedia sosial adalah sebuah keharusan selain untuk media pembelajaran juga sebagai wujud eksistensi. Akan tetapi penggunaan media sosial yang berlebihan akan berpotensi terjadinya masalah kesehatan mental","1315228674967314433","","Taepie3009","in","Bekasi, Jawa Barat","0","1","0","https://x.com/Taepie3009/status/1315228674967314433","1287948318601928705","Taepie3009"
"1315228663139373056","Sun Oct 11 09:52:04 +0000 2020","0","Kondisi kesehatan mental generasi Z sangat perlu untuk menjadi perhatian banyak pihak. Selain kajian-kajian ilmiah mengenai penyebab kondisi psikologis ini berbagai pihak juga perlu terus mengembangkan sosialisasi mengenai pentingnya kesadaran kesehatan mental.","1315228665949511681","","PopiNofitasari","in","Kediri, Jawa Timur","0","1","0","https://x.com/PopiNofitasari/status/1315228665949511681","1313646338194591744","PopiNofitasari"
"1315228649402953729","Sun Oct 11 09:52:00 +0000 2020","0","mampu bekerja secara produktif dan baik serta dapat memberikan kontribusi positif bagi komunitasnya. Oleh karena itu kita sebagai generasi Z harus benar benar menjaga kesehatan mental karena disini kita dikenal sebagai generasi yang sangat ketergantungan dengan teknologi.","1315228651265224705","","FaiqotulFiqroh","in","","0","1","0","https://x.com/FaiqotulFiqroh/status/1315228651265224705","1313344594843635714","FaiqotulFiqroh"
"1315228546168545280","Sun Oct 11 09:51:38 +0000 2020","0","Generasi Z mengalami peningkatan risiko masalah kesehatan mental seperti isolasi kecemasan ketidakamanan dan depresi (Chicca &amp; Shellenbarger 2018)","1315228557547720704","","Hideviiii","in","","0","1","0","https://x.com/Hideviiii/status/1315228557547720704","1080342394753568769","Hideviiii"
"1315228546168545280","Sun Oct 11 09:51:35 +0000 2020","0","Memahami Kesehatan Mental (Mental Health) Pada Generasi Z Melalui Perspektif Game Addiction Nama : Devi Nurmifta Oktaviani Fakultas : Ekonomi &amp; Bisnis Jurusan : Manajemen Cluster : 1 #Adhikara58 #MabaUB2020 #RAJABrawijaya2020 #KitaSatuBrawijaya #KreasiNyataBrawijayans","1315228546168545280","","","in","","0","1","0","https://x.com/Hideviiii/status/1315228546168545280","1080342394753568769","Hideviiii"
"1315226968963514368","Sun Oct 11 09:51:11 +0000 2020","0","Kenapa pentingnya kesehatan mental terhadap generasi Z? Generasi Z adalah generasi yang mana sejak mereka lahir telah mengel teknologi dan menarik diri mereka dari orang-orang sehingga mereka menjadi anti-sosial. Oleh karena itu penting memerhatikan kesehatan mental generasi z.","1315228442552463361","","LatifatulFikri3","in","","0","0","0","https://x.com/LatifatulFikri3/status/1315228442552463361","1311232490841858048","LatifatulFikri3"
"1315226369891033088","Sun Oct 11 09:51:05 +0000 2020","1","gangguan kesehatan mental pada generasi z disebabkan karena adanya tekanan mengenai isu-isu yang tidak mampu untuk mereka bendung","1315228419353788416","","mutiasyafitri22","in","","0","1","0","https://x.com/mutiasyafitri22/status/1315228419353788416","1315200850692771843","mutiasyafitri22"
"1315225777202290689","Sun Oct 11 09:51:02 +0000 2020","0","Mungkin generasi Z hanya mendengar kesehatan mental atau mental health tanpa mengerti pengertian sebenarnya. Sebenarnya apasih mental health atau kesehatan mental itu ? kesehatan mental atau mental health dapat diartikan sebagai suatu kondisi mental individu yang seimbang (cont).","1315228406171144193","","claristapoetria","in","","0","1","0","https://x.com/claristapoetria/status/1315228406171144193","1208557849778909185","claristapoetria"
"1315225905514508289","Sun Oct 11 09:50:45 +0000 2020","0","Jika kita tidak sadar akan pentingnya kesehatan mental masa depan kita sebagai generasi Z akan terancam karena bisa jadi dengan segala potensi yang dimiliki serta mimpi yang kita punya bisa menjadi penghambat jika ada masalah mental yang tidak terselesaikan.","1315228333735514112","","emggwsp","in","","0","2","0","https://x.com/emggwsp/status/1315228333735514112","1165058787171897346","emggwsp"
"1315220365384196097","Sun Oct 11 09:50:36 +0000 2020","0","Kesadaran kesehatan mental di masa sekarang ini sangat penting bagi generasi Z karena di tengah kondisi pandemi seperti terjadi banyak perubahan yang di alami oleh setiap orang. Ada yang bisa beradaptasi ada juga yang tidak.","1315228295265304576","","Pinaw23","in","","0","1","0","https://x.com/Pinaw23/status/1315228295265304576","1249982128676208640","Pinaw23"
"1315228277779251200","Sun Oct 11 09:50:33 +0000 2020","0","Isu-isu tersebut menjadi persoalan bagi generasi Z akibat tingginya aksesibilitas informasi bagi generasi Z. Kondisi kesehatan mental generasi Z sangat perlu untuk menjadi perhatian banyak pihak.","1315228284813107200","","boyuuwaw","in","","0","0","0","https://x.com/boyuuwaw/status/1315228284813107200","1271628994597711872","boyuuwaw"
"1315215722050592768","Sun Oct 11 09:50:32 +0000 2020","0","Menurut penelitian generasi Z adalah generasi dengan kesehatan mental paling buruk dari pada generasi-generasi lainnya. #kesehatanmental #MentalHealth #LoveYourself #MabaUB2020 #Adhikara58 #KitaSatuBrawijaya #KreasiNyataBrawijayans #RAJABrawijaya2020","1315228281889673217","","dhiqta","in","","0","1","0","https://x.com/dhiqta/status/1315228281889673217","1310557949043957760","dhiqta"
"1315228277779251200","Sun Oct 11 09:50:32 +0000 2020","0","Pentingnya Kesehatan Mental Bagi Generasi Z Kesehatan mental merupakan hal penting yang harus diperhatikan selayaknya kesehatan fisik. Diketahui bahwa kondisi kestabilan kesehatan mental dan fisik saling mempengaruhi.","1315228279431786496","","boyuuwaw","in","","0","1","0","https://x.com/boyuuwaw/status/1315228279431786496","1271628994597711872","boyuuwaw"
"1315228155301355523","Sun Oct 11 09:50:02 +0000 2020","0","ESSAI PENUGASAN RAJA BRAWIJAYA Nama : Bintang Anda Hartono Putra. Prodi :IlmuAdministrasiBisnis MENGATASI DAN MENGENAL GANGGUAN PERUBAHAN MENTAL ATAU KESEHATAN JIWA DALAM REMAJA GENERASI Z PADA SAAT PANDEMI Penulis : Bintang Anda Hartono","1315228155301355523","","","in","","0","0","0","https://x.com/BintangAndaHar1/status/1315228155301355523","1310189680978059264","BintangAndaHar1"
"1315227767554752514","Sun Oct 11 09:49:59 +0000 2020","5","Pada masa sekarang ini yaitu di era digital banyak pengaruh yang bisa memengaruhi kesehatan mental seseorang terutama pada generasi Z. Sekarang media sosial menjadi salah satu prasarana untuk memberi pengaruh tersebut. Orang-orang bisa saling menghina melalui media sosial.","1315228140529045504","","Aripppsaja","in","Kota Malang, Jawa Timur","0","1","0","https://x.com/Aripppsaja/status/1315228140529045504","1313750974020763649","Aripppsaja"
"1315221815262814208","Sun Oct 11 09:46:38 +0000 2020","5","Lalu saya akan membahas apa itu #GenZ dan mengapa kesehatan mental bagi #GenZ sangat penting untuk diindahkan. Generasi Z adalah generasi penerus setelah generasi milenial.","1315227300825194496","","gndtgndtswag","in","Indonesia","0","1","0","https://x.com/gndtgndtswag/status/1315227300825194496","814679010","gndtgndtswag"
"1315227255656775681","Sun Oct 11 09:46:32 +0000 2020","0","Perlu ada kesadaran pentingnya menjaga kesehatan mental (mental health) dan terbuka dengan keluarga karena keluarga menjadi pemberi solusi terbaik dari masalah yang dihadapi. Generasi Z diharapkan dapat fokus pada pengembangan diri serta fokus berproses untuk pembangunan bangsa.","1315227273860014080","","pmkin_hpwy","in","","0","0","0","https://x.com/pmkin_hpwy/status/1315227273860014080","1310984197578711040","pmkin_hpwy"
"1315227255656775681","Sun Oct 11 09:46:30 +0000 2020","0","Kesehatan mental (mental health) menjadi hal yang penting bagi semua orang tanpa terkecuali Generasi Z. Kondisi kesehatan mental akan mempengaruhi bagaimana cara seseorang menyikapi segala aktivitasnya bahkan masalah dalam hidupnya.","1315227263701450752","","pmkin_hpwy","in","","0","1","0","https://x.com/pmkin_hpwy/status/1315227263701450752","1310984197578711040","pmkin_hpwy"
"1315227201369899008","Sun Oct 11 09:46:15 +0000 2020","5","Jaman sekarang penyakit bukan hanya yang fisik melulu tapi mental bisa menjadi penyakit yg memiliki efek serius kpd penderitanya. Mari kita generasi z menjaga kesehatan mental kita masing :) #Adhikara58 #MabaUB2020 #RAJABrawijaya2020 #KitaSatuBrawijaya #KreasiNyataBrawijayans","1315227201369899008","","","in","","0","0","0","https://x.com/ataq__/status/1315227201369899008","1122275507314106368","ataq__"
"1315227200858193920","Sun Oct 11 09:46:15 +0000 2020","0","Pentingnya Kesehatan Mental Bagi Generasi Z [A thread] Nama : berlian adzkiya Fakultas : kedokteran Jurusan : kebidanan Cluster : 29 #mentalhealth #LoveYourself #Adhikara58 #MabaUB2020 #RAJABrawijaya2020 #KitaSatuBrawijaya #KreasiNyataBrawijayans","1315227200858193920","","","in","","0","1","0","https://x.com/fluffypillcy/status/1315227200858193920","1177758624501788674","fluffypillcy"
"1315227131639554049","Sun Oct 11 09:45:58 +0000 2020","0","Generasi Z punya andil besar untuk berpartisipasi dalam meningkatkan kesadaran terhadap kesehatan mental masyarakat. #UnderstandYourself #Adhikara58 #MabaUB2020 #RAJABrawijaya2020 #KitaSatuBrawijaya #KreasiNyataBrawijayans","1315227131639554049","","","in","Tasikmalaya,JawaBarat","0","0","0","https://x.com/asep_obi/status/1315227131639554049","4154914392","asep_obi"
"1315227084063563776","Sun Oct 11 09:45:47 +0000 2020","0","Sangat berbahaya jika generasi z terdampak masalah kesehatan mental karena merekalah yang akan meneruskan keberlangsungan perubahan teknologi yang semakin modern jadi mereka diharapkan untuk sadar dan dapat beradaptasi dengan perubahan yang semakin maju.","1315227087129600006","","Daniele52902010","in","","0","1","0","https://x.com/Daniele52902010/status/1315227087129600006","1315216008395726848","Daniele52902010"
"1315227084063563776","Sun Oct 11 09:45:47 +0000 2020","0","Pentingnya kesehatan mental di masa generasi Z -A THREAD- Nama : Krisna Daniel Setiawan Fakultas : Peternakan Jurusan : Peternakan Cluster : 40 #Adhikara58 #MabaUB2020 #RAJABrawijaya2020 #KitaSatuBrawijaya #KreasiNyataBrawijayans","1315227084063563776","","","in","","0","1","0","https://x.com/Daniele52902010/status/1315227084063563776","1315216008395726848","Daniele52902010"
"1315227073091231744","Sun Oct 11 09:45:44 +0000 2020","0","Seberapa pentingnya sih kesehatan mental ? Pada saat sekarang ini banyak orang yang mementingkan keseehatan fisik saja tanpa mementingkan kesehatan mental. saat ini saja remaja atau generasi Z juga terdampak kesehatan mentalnya. Padahal kesehatan mental memiliki aspek penting.","1315227073091231744","","","in","","0","1","0","https://x.com/tester1845/status/1315227073091231744","1315221357576155136","tester1845"
"1315226294477496320","Sun Oct 11 09:45:44 +0000 2020","0","Penelitian menyebutkan bahwa generasi Z adalah generasi dengan kesehatan mental paling buruk dari pada generasi-generasi lainnya. Stres adalah faktor terbesar penyebab buruknya kesehatan mental generasi Z.","1315227070956355586","","Ilyaaulia2","in","","0","1","0","https://x.com/Ilyaaulia2/status/1315227070956355586","1315224139704139776","Ilyaaulia2"
"1315225544691257344","Sun Oct 11 09:45:31 +0000 2020","0","Di tengah pandemi ini para generasi Z pasti mengalami penurunan kesehatan baik fisik maupun mental. Untuk menyiasati kejadian itu sebagai generasi muda kita harus menjaga kesehatan pola makan dan mengisi kegiatan dengan hal yg positif.","1315227019748073473","","SoniSumarsono19","in","","0","1","0","https://x.com/SoniSumarsono19/status/1315227019748073473","1290830824921653251","SoniSumarsono19"
"1315226992434847744","Sun Oct 11 09:45:28 +0000 2020","0","untuk setiap orang khususnya bagi generasi Z yang menjadi generasi penerus bangsa. Faktor yang menyebabkan mental health menjadi kurang baik bisa dari ranah sosial dan psikologis. Bagaimana cara supaya kesehatan mental tetap terjaga? Yang pertama itu belajar menghargai diri","1315227005814677508","","andhikaken1","in","","0","1","0","https://x.com/andhikaken1/status/1315227005814677508","1313435810994159617","andhikaken1"
"1315224453312249856","Sun Oct 11 09:45:16 +0000 2020","3","Solusi yang dapat kita lakukan untuk menjaga kesehatan mental generasi Z yang cenderung banyak dipengarui oleh aktivitas mereka di dunia maya antara lain adalah dengan mengontrol kegiatan mereka khusunya di sosial media agar sosial media bisa mereka manfaatkan dengan baik.","1315226953708761088","","Annisanuzullia1","in","Gunung Kidul, Yogyakarta","0","1","0","https://x.com/Annisanuzullia1/status/1315226953708761088","958005332902490112","Annisanuzullia1"
"1315218636907270144","Sun Oct 11 09:45:14 +0000 2020","0","karena jika kesehatan mental terjaga maka akan menjaga fokus dan konsentrasi generasi z dalam belajar serta belajar menjadi lebih bersemangat. Itulah pentingnya kesehatan mental bagi genrasi z.","1315226946188439552","","usriatur","in","","0","1","0","https://x.com/usriatur/status/1315226946188439552","1315177707706097664","usriatur"
"1315218636907270144","Sun Oct 11 09:45:13 +0000 2020","0",". Cara pencegahan gangguan kesehatan mental yaitu dengan selalu menjaga pikiran agar selalu berpikir positif tidur dengan waktu cukup menjaga hubungan baik dengan orang lain dan lain-lain. Kesehatan mental pada generasi z dapat membuat semakin berkualitasnya generasi z ","1315226944154136577","","usriatur","in","","0","1","0","https://x.com/usriatur/status/1315226944154136577","1315177707706097664","usriatur"
"1315218636907270144","Sun Oct 11 09:45:11 +0000 2020","0","Pentingnya Mental Health Bagi Generasi Z Menurut Badan Kesehatan Dunia atau yang bisa akita kenal dengan World Health Organization (WHO) kesehatan mental merupakan kondisi dari kesejahteraan yang disadari individu yang di dalamnya terdapat kemampuan-kemampuan untuk mengelola","1315226935589441537","","usriatur","in","","0","1","0","https://x.com/usriatur/status/1315226935589441537","1315177707706097664","usriatur"
"1315226898981552128","Sun Oct 11 09:45:04 +0000 2020","0","Semua orang termasuk para generasi Z pasti pernah memiliki masalah yang membuatnya menjadi stress tapi untuk menghindari hal-hal yang dapat menyebabkan gangguan kesehatan mental maka kita harus melakukan pencegahan","1315226905432350720","","Aditiadewi3","in","","0","1","0","https://x.com/Aditiadewi3/status/1315226905432350720","1315005118723485697","Aditiadewi3"
"1315226898981552128","Sun Oct 11 09:45:03 +0000 2020","0","Pada era teknologi seperti ini kesadaran akan pentingnya kesehatan mental bagi generasi Z masihlah sangat rendah. Masih banyak generasi Z yang lalai akan kesehatan mentalnya. Mereka berpikir bahwa sehat hanya berkaitan tentang fisik.","1315226901170937858","","Aditiadewi3","in","","0","1","0","https://x.com/Aditiadewi3/status/1315226901170937858","1315005118723485697","Aditiadewi3"
"1315226851200049152","Sun Oct 11 09:44:56 +0000 2020","0","Melalui METAL (koMunitas pEduli kesehaTan mentAL) akan membantu dalam mengatasi dan mengurangi permasalahan terkait kesehatan mental pada generasi Z. METAL akan menggandeng para generasi Z untuk bisa bebas dari gangguan kesehatan mental.","1315226871366217728","","cxkxchxx","in","","0","1","0","https://x.com/cxkxchxx/status/1315226871366217728","1310127216693407750","cxkxchxx"
"1315226851200049152","Sun Oct 11 09:44:55 +0000 2020","0","Generasi Z sangat rentan terhadap masalah mengenai kesehatan mental. Perkembangan teknologi turut menambah daftar panjang penyebab permasalahan kesehatan mental dimana banyaknya pengguna internet menyebabkan banyaknya terjadi kasus bullying di media sosial hoax dan lainnya.","1315226866643468289","","cxkxchxx","in","","0","1","0","https://x.com/cxkxchxx/status/1315226866643468289","1310127216693407750","cxkxchxx"
"1315226851200049152","Sun Oct 11 09:44:54 +0000 2020","0","Masalah kesehatan mental yang paling umum dialami oleh masyarakat saat ini adalah stres gangguan kecemasan dan depresi. Permasalahan tersebut sering dialami juga oleh generasi Z saat ini.","1315226861945810948","","cxkxchxx","in","","0","1","0","https://x.com/cxkxchxx/status/1315226861945810948","1310127216693407750","cxkxchxx"
"1315226764751196160","Sun Oct 11 09:44:31 +0000 2020","0","Keren #KreasiNyataBrawijayans bahas soal Kesehatan Mental Generasi Z lalu trending buzzing-nya faedah ","1315226764751196160","","","in","Temporarily earth","0","0","0","https://x.com/aneriaidyl/status/1315226764751196160","349641247","aneriaidyl"
"1315226709302542336","Sun Oct 11 09:44:17 +0000 2020","0","Devi Fitriana Rahmawati Program Pendidikan Vokasi Bidang Minat Manajemen Perhotelan Cluster 19 pengaruh kesehatan mental pada generasi z dipengaruhi oleh diri sendiri yang belum bisa mengerti #Adhikara58 #MabaUB2020 #RAJABrawijaya2020 #KitaSatuBrawijaya #KreasiNyataBrawijayans","1315226709302542336","","","in","","0","0","0","https://x.com/devfrhmawati/status/1315226709302542336","1243474826611675137","devfrhmawati"
"1311616125340327936","Sun Oct 11 09:44:11 +0000 2020","0","yang penuh tekanan diskriminasi; suku gender dan agama beban ekonomi rumah tangga dan pola hidup yang tidak sehat serta standar sosial yang sangat tinggi. Dari banyak pemaparan di atas sudah sebaiknya kita sebagai generasi Z lebih peduli dengan kesehatan mental kita.","1315226682182103040","","windha_nitra","in","","0","1","0","https://x.com/windha_nitra/status/1315226682182103040","1264948608975003648","windha_nitra"
"1315226622677590016","Sun Oct 11 09:43:58 +0000 2020","0","Di era ini generasi Z sangat mendominasi. Banyak isu kesehatan mental yang merebak yang sangat dipegaruhi oleh kemajuan informasi. Seperti halnya saat seseorang melakukan kesalahan komentar akan membanjiri media sosialnya.","1315226629690388481","","gblprasetyo","in","Magelang, Jawa Tengah","0","1","0","https://x.com/gblprasetyo/status/1315226629690388481","1276793249802289152","gblprasetyo"
"1315222562691928066","Sun Oct 11 09:43:54 +0000 2020","0","generasi Z mempunyai gejala-gejala emosional maupun fisik yang berkaitan dengan stres seperti depresi dan gangguan kecemasan. Stres adalah faktor terbesar penyebab buruknya kesehatan mental generasi Z.Stres yang dialami banyak orang dalam generasi Z disebabkan oleh beberapa hal.","1315226610400849920","","nisaaainii","in","","0","1","0","https://x.com/nisaaainii/status/1315226610400849920","1158895297746989061","nisaaainii"
"1315224807424684035","Sun Oct 11 09:43:51 +0000 2020","0","Tingkat stress yang tinggi dapat memicu dan memperbesar kemungkinan para generasi Z memiliki kondisi kesehatan mental yang buruk. Penyakit mental lainnya yang sering kali dialami para generasi Z antara lain rasa takut kepanikan trauma depresi dan lainnya.","1315226597696303104","","haszhibira","in","","0","1","0","https://x.com/haszhibira/status/1315226597696303104","474744068","haszhibira"
"1315224807424684035","Sun Oct 11 09:43:50 +0000 2020","0","Membicarakan masalah kesehatan mental menurut penelitian American Psychological Association (APA) yang berjudul Stress in America: Generation Z remaja usia 15 sampai 21 tahun adalah kelompok dengan kondisi kesehatan terburuk dibandingkan generasi-generasi lainnya.","1315226595129348097","","haszhibira","in","","0","1","0","https://x.com/haszhibira/status/1315226595129348097","474744068","haszhibira"
"1315226592801480705","Sun Oct 11 09:43:50 +0000 2020","3","Kesehatan mental yang baik adalah kondisi ketika batin kita berada dalam keadaan tenteram dan tenang. Dimasa sekarang ini apalagi generasi Z sangat diperlukan kesehatan mental karena generasi Z lah yang akan menajdi pendobrak bangsa kelak.","1315226592801480705","","","in","","0","1","0","https://x.com/nora_togatorop/status/1315226592801480705","1310831245366931456","nora_togatorop"
"1315219720316936192","Sun Oct 11 09:43:41 +0000 2020","1","Untungnya Gen Z juga merupakan generasi yang paling mungkin mendapatkan bantuan saat mereka memiliki masalah kesehatan mental mereka adalah generasi yang paling mungkin mencari bantuan itu. Dengan bantuan penyakit mental yang lebih banyak dibicarakan didukung dan didorong","1315226558068531200","","aqil_auliya","in","Indonesia","0","1","0","https://x.com/aqil_auliya/status/1315226558068531200","897324354","aqil_auliya"
"1315219720316936192","Sun Oct 11 09:43:41 +0000 2020","1","Menurut data Statistik kesehatan mental Generasi Z Hanya 45% individu Generasi Z yang mengatakan kesehatan mental mereka baik atau sangat baik. Itu 11% lebih sedikit dari generasi terdekat berikutnya. 91% dari Gen Z mengatakan bahwa mereka mengalami gejala fisik atau emosional","1315226554729852929","","aqil_auliya","in","Indonesia","0","1","0","https://x.com/aqil_auliya/status/1315226554729852929","897324354","aqil_auliya"
"1315226552741711872","Sun Oct 11 09:43:40 +0000 2020","0","Kesehatan Mental Generasi Z Kesehatan mental dua kata yang akhir-akhir ini sering dibahas oleh masyarakat. Namun semakin waktu berjalan kesehatan mental mulai di nomor duakan bahkan di tigakan sebelum mengenal lebih lanjut tentang kesehatan mental pertama-tama apasih generasi Z?","1315226552741711872","","","in","Indonesia","0","1","0","https://x.com/markymomo_/status/1315226552741711872","935079859214106624","markymomo_"
"1315216705543495682","Sun Oct 11 09:43:21 +0000 2020","0","Menurut penelitian APA diperoleh hasil bahwa sebanyak 91 persen generasi Z mempunyai gejala-gejala emosional maupun fisik yang berkaitan dengan stres seperti depresi dan gangguan kecemasan. Stres adalah faktor terbesar penyebab buruknya kesehatan mental generasi Z.","1315226471179276288","","ahmedhafizd","in","","0","1","0","https://x.com/ahmedhafizd/status/1315226471179276288","1242101211488108545","ahmedhafizd"
"1315225940625027084","Sun Oct 11 09:43:18 +0000 2020","0","Generasi Z memiliki gejala emosional dan Fisik yang berkaitan dengan stress seperti depresi dan gangguan kecemasan. Stress adalah faktor terbesar penyebab buruknya mental kesehatan generasi Z","1315226459791745025","","AgnesDamayant14","in","","0","2","0","https://x.com/AgnesDamayant14/status/1315226459791745025","1315192126964068353","AgnesDamayant14"
"1315226322126344193","Sun Oct 11 09:42:46 +0000 2020","0","Keadaan geografis manusia modenr menjadi pemicu gangguan kesehatan mental. Mereka jauh dari green spaces malah media elektroniklah yang ditatap seharian. Lifestyle generasi Z yang suka makan junkfood bekerja tiada henti ","1315226326735888387","","seylaarduita","in","Kota Malang, Jawa Timur","0","1","0","https://x.com/seylaarduita/status/1315226326735888387","3039794131","seylaarduita"
"1315226322126344193","Sun Oct 11 09:42:45 +0000 2020","0"," Peka Terhadap Kesehatan Mental Menjadi PR Generasi Z Era digital seharusnya menjadi senjata generasi muda untuk menyuarakan pentingnya mental health. Namun justru generasi mudalah yang digerogoti oleh penyakit kejiwaan (mental illness).","1315226322126344193","","","in","Kota Malang, Jawa Timur","0","1","0","https://x.com/seylaarduita/status/1315226322126344193","3039794131","seylaarduita"
"1315226277586952192","Sun Oct 11 09:42:34 +0000 2020","3","Generasi Z dan Kesehatan Mental --A Thread-- [Pentingnya menjaga kesehatan mental]","1315226277586952192","","","in","she/her","0","2","2","https://x.com/jihanurisa/status/1315226277586952192","1070696175169298432","jihanurisa"
"1315216705543495682","Sun Oct 11 09:42:26 +0000 2020","0","Saya lahir di Kota Samarinda Kalimantan Timur tepat pada tanggal 19 Januari 2003. Di dalam blog saya kali ini saya akan menjelaskan tentang pentingnya Mental Health atau Kesehatan Mental di masa sekarang terutama bagi generasi Z.","1315226241532784641","","ahmedhafizd","in","","0","1","0","https://x.com/ahmedhafizd/status/1315226241532784641","1242101211488108545","ahmedhafizd"
"1315226179788447744","Sun Oct 11 09:42:12 +0000 2020","0","Penting untuk menjaga kesehatan mental apalagi kesehatan mental merupakan masalah serius bagi generasi Z ini","1315226181797470213","","hm_whoami","in","unknown","0","1","0","https://x.com/hm_whoami/status/1315226181797470213","1188070148432752640","hm_whoami"
"1315226139204358145","Sun Oct 11 09:42:01 +0000 2020","1"," Pentingnya Kesehatan Mental Bagi Generasi Z Banyaknya jumlah kematian yang terus bertambah akibat COVID-19 tidak hanya menimbulkan gejala dan penyakit fisik saja tetapi berpengaruh besar terhadap kesejahteraan masyarakat Indonesia yang didalamnya mencakup kesehatan mental.","1315226139204358145","","","in","","0","1","0","https://x.com/widaarf/status/1315226139204358145","1314557064060968961","widaarf"
"1315226126801747971","Sun Oct 11 09:41:59 +0000 2020","0","Menurut penelitian American Psychological Association (APA) tahun 2018 berjudul Stress in America: Generation Z anak muda usia 15 sampai 21 tahun adalah kelompok manusia dengan kondisi kesehatan mental terburuk dibandingkan dengan generasi-generasi lainnya.","1315226130899582977","","ryhnmldh","in","","0","1","0","https://x.com/ryhnmldh/status/1315226130899582977","1279780771394289664","ryhnmldh"
"1315226126801747971","Sun Oct 11 09:41:59 +0000 2020","3","Dampak Media Sosial Terhadap Kesehatan Mental Generasi Z ---a thread--- #LoveYourself #Adhikara58 #MabaUB2020 #RAJABrawijaya2020 #KitaSatuBrawijaya #KreasiNyataBrawijayans","1315226126801747971","","","in","","0","2","0","https://x.com/ryhnmldh/status/1315226126801747971","1279780771394289664","ryhnmldh"
"1315226034069889025","Sun Oct 11 09:41:36 +0000 2020","0","Mental health atau kesehatan mental merupakan sesuatu yang sangat penting yang harus dimiliki oleh semua orang khususnya para generasi milineal atau generasi z.","1315226034069889025","","","in","","0","1","0","https://x.com/nisbafrd/status/1315226034069889025","1272165362662948864","nisbafrd"
"1315226004445511683","Sun Oct 11 09:41:34 +0000 2020","0","Hal ini menyebabkan adanya tekanan yang dirasakan oleh beberapa generasi Z. Sehingga selama pandemi ini kesehatan mental generasi Z dalam kondisi yang mengkhawatirkan.","1315226024720756736","","polarisnorthh","in","","0","1","0","https://x.com/polarisnorthh/status/1315226024720756736","1308670739067723778","polarisnorthh"
"1315225972778496002","Sun Oct 11 09:41:22 +0000 2020","1","Pada zaman ini kesehatan mental sering kali diremehkan kebanyakan orang hanya terfokus pada kesehatan fisik.Padahal kesehatan mental juga sangat penting untuk diperhatikan terutama bagi anak milenial atau yang biasa disebut generasi Z saat ini.","1315225972778496002","","","in","","0","1","0","https://x.com/aulyasalmaa/status/1315225972778496002","2158452427","aulyasalmaa"
"1315222801565925378","Sun Oct 11 09:41:17 +0000 2020","0","Kondisi psikologis yang berdampak pada buruknya kesehatan mental generasi Z bukan hanya disebabkan oleh perlakuan mereka sendiri. Pada tahun 2008 terjadi krisis ekonomi global yang menyebar ke seluruh dunia. Hal itu berpengaruh terhadap mental generasi Z.","1315225952054472704","","akusukasalty22","in","","0","1","0","https://x.com/akusukasalty22/status/1315225952054472704","1131073717059039233","akusukasalty22"
"1315225937655427076","Sun Oct 11 09:41:13 +0000 2020","0","!! A THREAD !! MENJAGA KESEHATAN MENTAL DI ERA PANDEMI nama lengkap : luluk amilatun naashiroh fakultas : pertanian cluster : 14 #Adhikara58 #MabaUB2020 #RAJABrawijaya2020 #KitaSatuBrawijaya #KreasiNyataBrawijayans #RealLife Kesehatan mental di kalangan generasi Z","1315225937655427076","","","in","","0","1","0","https://x.com/wwwee48774016/status/1315225937655427076","1315220244177141760","wwwee48774016"
"1315225926460821505","Sun Oct 11 09:41:12 +0000 2020","0","Banyak dari mereka mengemukakan kecemasannya terhadap masalah diantara rekan-rekan mereka. Masalah kesehatan mental juga tidak lepas dari dampak media sosial yang telah menjadi bagian hidup generasi Z.","1315225930533466115","","iitsasa","in","","0","1","0","https://x.com/iitsasa/status/1315225930533466115","1036118116076384261","iitsasa"
"1315225926460821505","Sun Oct 11 09:41:11 +0000 2020","0","Apa sih generasi Z itu dan mengapa dibutuhkan kesehatan mental untuk generasi z ini?. Nah disini aku akan menjawab pertanyaan itu. Generasi Z yaitu dimana generasi setelah Y yang lahir dan berkembang sebagai pecandu teknologi dan cenderung anti sosial.","1315225928872542208","","iitsasa","in","","0","1","0","https://x.com/iitsasa/status/1315225928872542208","1036118116076384261","iitsasa"
"1311616125340327936","Sun Oct 11 09:40:58 +0000 2020","0","offline mereka dan untuk menemuka kenyamanan (berbaur) dengan melarikan diri dan berfantasi untuk mengisi wkatu maupun kekosonham emosional. Sayangnya Internet bisa membuat konidisi kesehatan mental generasi Z menjadi lebih buruk. Menurut Anthony (Turner Anthony. 2015.","1315225875105759232","","windha_nitra","in","","0","1","0","https://x.com/windha_nitra/status/1315225875105759232","1264948608975003648","windha_nitra"
"1315225825260707841","Sun Oct 11 09:40:53 +0000 2020","0","seseorang pada situasi seperti ini yaitu tingginya kesadaran dan kondisi mental health yang baik malah bersifat kebalikan pada generasi Z. Tentunya hal ini dapat memperburuk kondisi kesehatan yang dimilikinya karena jika kondisi mental health kurang baik kondisi kesehatan pun","1315225851944812544","","risqiputri","in","","0","1","0","https://x.com/risqiputri/status/1315225851944812544","1241893520262041600","risqiputri"
"1315225825260707841","Sun Oct 11 09:40:51 +0000 2020","0","tanpa disadari memiliki pengaruh yang cukup signifikan terhadap kondisi mental health yang dimiliki. Beberapa survei juga menyebutkan bahwa generasi Z memiliki kesadaran yang lebih rendah dalam mematuhi protokol kesehatan.Dua hal yang seharusnya sangat penting untuk dimiliki","1315225842553778179","","risqiputri","in","","0","1","0","https://x.com/risqiputri/status/1315225842553778179","1241893520262041600","risqiputri"
"1315225407893893123","Sun Oct 11 09:40:51 +0000 2020","0","Menurut penelitian APA diperoleh hasil bahwa sebanyak 91 persen generasi Z mempunyai gejala-gejala emosional maupun fisik yang berkaitan dengan stres seperti depresi dan gangguan kecemasan. Stres adalah faktor terbesar penyebab buruknya kesehatan mental generasi Z.","1315225842172063744","","swastikaapim","in","","0","1","0","https://x.com/swastikaapim/status/1315225842172063744","949485603778838529","swastikaapim"
"1315225825260707841","Sun Oct 11 09:40:48 +0000 2020","0","yang tentunya berpengaruh terhadap kondisi mental health mereka. Namun dari hasil penelitian American Psychological Association (APA) generasi Z merupakan kelompok manusia yang memiliki kesehatan mental terburuk dibanding generasi lainnya.","1315225829190766592","","risqiputri","in","","0","1","0","https://x.com/risqiputri/status/1315225829190766592","1241893520262041600","risqiputri"
"1315225777202290689","Sun Oct 11 09:40:36 +0000 2020","0","Bagaimana Kesehatan Mental Generasi Z?","1315225778850734081","","claristapoetria","in","","0","1","0","https://x.com/claristapoetria/status/1315225778850734081","1208557849778909185","claristapoetria"
"1315225697472843776","Sun Oct 11 09:40:23 +0000 2020","0","Demikian cara cara dalam menjaga kesehatan mental. Kondisi kesehatan mental generasi Z sangat perlu untuk menjadi perhatian banyak pihak.","1315225725801168896","","karrayaa","in","","0","1","0","https://x.com/karrayaa/status/1315225725801168896","1129913581460287488","karrayaa"
"1315225705920163847","Sun Oct 11 09:40:23 +0000 2020","0","Hal-hal tersebut dapat membantu kita dalam menjaga kondisi kesehatan mental kita. Karena kondisi kesehatan mental seseorang sangatlah penting terutama kita sebagai generasi Z.","1315225725700505602","","evilia_p","in","","0","0","0","https://x.com/evilia_p/status/1315225725700505602","1314728931258327041","evilia_p"
"1315225705920163847","Sun Oct 11 09:40:21 +0000 2020","0","penyebabnya adalah isu penembakan masal yang terjadi di Amerika. Dan dalam laporan lainnya oleh APA survei membuktikan bahwa persentase Generasi Z yang memiliki kondisi kesehatan mental rata-rata atau bahkan lebih buruk paling besar jumlahnya dibanding generasi yang lain.","1315225715747426304","","evilia_p","in","","0","1","0","https://x.com/evilia_p/status/1315225715747426304","1314728931258327041","evilia_p"
"1315225705920163847","Sun Oct 11 09:40:20 +0000 2020","0","Menurut laporan yang diberikan oleh American Pyschological Association (APA) persentase Generasi Z yang usianya kisaran 15-21 tahun di Amerika mengalami stress atau depresi yang merupakan sebuah gangguan kesehatan mental lebih besar dibanding generasi lainnya ","1315225714224889858","","evilia_p","in","","0","1","0","https://x.com/evilia_p/status/1315225714224889858","1314728931258327041","evilia_p"
"1315225707144867840","Sun Oct 11 09:40:18 +0000 2020","1","Sebagai generasi z selayaknya tetap menjalani hidup dengan berpikir jernih tanpa tekanan maka kesehatan mental kita akan selalu terjaga dengan baik. Mita Puji Rahayu Fapet 61 #LoveYourSelf #Adhikara58 #MabaUB2020 #RajaBrawijaya2020 #KitaSatuBrawijaya #KreasiNyataBrawijayans","1315225707144867840","","","in","","0","0","0","https://x.com/MITAPUJIRAHAYU_/status/1315225707144867840","1295900691781709824","MITAPUJIRAHAYU_"
"1315225697472843776","Sun Oct 11 09:40:18 +0000 2020","0","Berikut 6 cara untuk menjaga kesehatan mental bagi generasi Z :","1315225705915969536","","karrayaa","in","","0","1","0","https://x.com/karrayaa/status/1315225705915969536","1129913581460287488","karrayaa"
"1315225697472843776","Sun Oct 11 09:40:17 +0000 2020","0","Mental health atau kesehatan mental adalah peristiwa atau gangguan dalam kehidupan yang meninggalkan dampak yang besar pada kepribadian dan perilaku seseorang. Khususnya pada generasi Z ini. Stres yang dialami banyak orang dalam generasi Z disebabkan oleh beberapa hal.","1315225700421398529","","karrayaa","in","","0","1","0","https://x.com/karrayaa/status/1315225700421398529","1129913581460287488","karrayaa"
"1315225134181969921","Sun Oct 11 09:38:03 +0000 2020","0","Angka kesehatan seiring berjalannya jaman yang paling buruk terjadi pada jaman generasi z. banyak faktor yang menjadi dasar terganggunya mental health pada generasi ini salah satunya ialah stress.","1315225138405621768","","feniadf1","in","","0","1","0","https://x.com/feniadf1/status/1315225138405621768","1313497660893138945","feniadf1"
"1315225077252681729","Sun Oct 11 09:37:49 +0000 2020","2","Kondisi anak usia 15 sampai 21 tahun dari generasi Z merupakan manusia dengan kondisi kesehatan mental terburuk mempunyai gejala-gejala emosional maupun gejala-gejala fisik yang ada kaitannya dengan kondisi stress seperti depresi dan gangguan kecemasan.","1315225082390745096","","Muhamma90874206","in","","0","1","0","https://x.com/Muhamma90874206/status/1315225082390745096","1312707195272753152","Muhamma90874206"
"1315224971799527427","Sun Oct 11 09:37:23 +0000 2020","0","Kesehatan Mental Generasi Z dalam Era Digital Berekspresi mellaui sosial media seperti youtube twitter facebook dan instagram dengan aneka fitur adalah salah satu hal yang wajar saat ini. Banyak manfaatnya tetapi nyatanya juga berdampak negatif.","1315224971799527427","","","in","Pasuruan, Jawa Timur","0","1","0","https://x.com/viant_tm/status/1315224971799527427","787251459125420036","viant_tm"
"1315223586064396289","Sun Oct 11 09:37:21 +0000 2020","0","Menurut penelitian American Psychological Association (APA) tahun 2018 berjudul Stress in America: Generation Z anak muda usia 15 sampai 21 tahun adalah kelompok manusia dengan kondisi kesehatan mental terburuk dibandingkan dengan generasi-generasi lainnya.","1315224961489879040","","fafifuu2","in","","0","1","0","https://x.com/fafifuu2/status/1315224961489879040","1315221257294553090","fafifuu2"
"1315224807353405440","Sun Oct 11 09:36:48 +0000 2020","0","America:Generation Z menyatakan bahwa anak muda usia 15 sampai 21 tahun adalah kelompok manusia dengan kondisi kesehatan mental terburuk dibandingkan dengan generasi-generasi lainnya. Ada 3 jenis kondisi gangguan mental yang paling umum terjadi diantaranya; Stres Gangguan","1315224823790891008","","GilangR68199436","in","","0","1","0","https://x.com/GilangR68199436/status/1315224823790891008","1315210466822483969","GilangR68199436"
"1315223964902285313","Sun Oct 11 09:36:47 +0000 2020","0","Menurut penelitian American Psychological Association (APA) diperoleh hasil bahwa sebanyak 91% generasi z mempunyai gejala-gejala emosional maupun fisik seperti stres depresi gagngguan kecemasan. Stres merupakan faktor terbesar penyebab buruknya kesehatan mental pada generasiz","1315224818313162754","","trethagltm","in","Riau, Indonesia","0","1","0","https://x.com/trethagltm/status/1315224818313162754","1247330770743517184","trethagltm"
"1315224807424684035","Sun Oct 11 09:36:44 +0000 2020","1"," ˊˎ- Sebuah Utas. Mental Health atau Kesehatan Mental bagi generasi Z. #MentalHealth #TakeCareofYourself #LoveYourself","1315224807424684035","","","in","","0","1","0","https://x.com/haszhibira/status/1315224807424684035","474744068","haszhibira"
"1315216833817927682","Sun Oct 11 09:36:43 +0000 2020","0","untuk mengurai masalah-masalah mental dikalangan generasi penerus bangsa. Karena masalah kesehatan metal bukan lagi cuma hisapan jempol belaka. Dengan pengetahuan dan partisipasi aktif pemerintah sangat dibutuhkan warga negara khususnya Generasi Z karena dengan","1315224803175878656","","mugiwala22","in","Jakarta Selatan, DKI Jakarta","0","0","0","https://x.com/mugiwala22/status/1315224803175878656","1291672593133522944","mugiwala22"
"1315224679301357569","Sun Oct 11 09:36:14 +0000 2020","0","Kebanyakan orang berpikir kesehatan itu hanya tentang fisik saja. Namun sebenarnya kesehatan itu juga tentang kesehatan mental atau kejiawaan. Kesehatan mental ini saangat perlu diperhatikan apalagi sekarang ini banyak generasi z yang kesehatan mentalnya sering terganggu.","1315224682233122820","","Yushlihanatf1","in","","0","1","0","https://x.com/Yushlihanatf1/status/1315224682233122820","1267040393515814912","Yushlihanatf1"
"1315224679301357569","Sun Oct 11 09:36:13 +0000 2020","1","Pentingnya kesehatan mental di masa sekarang terutama bagi generasi Z -thread- #LoveYourself #Adhikara58 #MabaUB2020 #RAJABrawijaya2020 #KitaSatuBrawijaya #KreasiNyataBrawijayans","1315224679301357569","","","in","","0","1","0","https://x.com/Yushlihanatf1/status/1315224679301357569","1267040393515814912","Yushlihanatf1"
"1315224616634183682","Sun Oct 11 09:35:58 +0000 2020","1","~ Mental Health ~ Kesehatan mental merupakan salah satu unsur kesehatan manusia yang hingga saat ini masih kurang diperhatikan oleh masyarakat Indonesia. Sebagai generasi Z yang hidup di zaman modern ini kita harus selalu bisa menjaga kesehatan mental kita.","1315224616634183682","","","in","","0","1","0","https://x.com/amlnrkhsnh/status/1315224616634183682","867247005923454977","amlnrkhsnh"
"1315224589383856130","Sun Oct 11 09:35:56 +0000 2020","0","Stres adalah faktor terbesar penyebab buruknya kesehatan mental generasi Z. Keakraban generasi Z dengan teknologi bukan semata-mata gambaran dari kemajuan zaman.","1315224604634300417","","mzakkyzlfkr","in","","0","1","0","https://x.com/mzakkyzlfkr/status/1315224604634300417","1284973563565334531","mzakkyzlfkr"
"1315224589383856130","Sun Oct 11 09:35:54 +0000 2020","0","Menurut penelitian American Psychological Association (APA) tahun 2018 berjudul Stress in America: Generation Z anak muda usia 15 sampai 21 tahun adalah kelompok manusia dengan kondisi kesehatan mental terburuk dibandingkan dengan generasi-generasi lainnya.","1315224598112133120","","mzakkyzlfkr","in","","0","1","0","https://x.com/mzakkyzlfkr/status/1315224598112133120","1284973563565334531","mzakkyzlfkr"
"1315224589383856130","Sun Oct 11 09:35:52 +0000 2020","1","Mental Health Bagi Generasi Z Mental health atau kesehatan mental dipengaruhi oleh kejadian atau peristiwa yang dialami oleh seseorang.","1315224589383856130","","","in","","0","2","0","https://x.com/mzakkyzlfkr/status/1315224589383856130","1284973563565334531","mzakkyzlfkr"
"1315224567246319617","Sun Oct 11 09:35:47 +0000 2020","1","Saya Dinda Permata Sari maba Universitas Brawijaya Fakultas Mipa Prodi Biologi Cluster 57 Di era yang serba digital ini kondisi kesehatan mental para generasi Z sangat mengkhawatirkan #Adhikara58 #MabaUB2020 #RAJABrawijaya2020 #KitaSatuBrawijaya #KreasiNyataBrawijayans https://t.co/nl9i5orcbd","1315224567246319617","https://pbs.twimg.com/media/EkCdxfIU0AMfw4P.jpg","","in","","0","0","0","https://x.com/Dinduttt6/status/1315224567246319617","1313614931460190208","Dinduttt6"
"1315224516696526848","Sun Oct 11 09:35:35 +0000 2020","0","Pada zaman sekarang terutama pada generasi Z(lahir tahun 1995-2010) kesehatan mental merupakan sesuatu hal penting yang harus diperhatikan karena untuk menghindari terjadinya gangguan mental pada seseorang. Apalagi disaat terdapat pandemi Covid 19 seperti ini.","1315224518281981952","","AndhikaRahmatS3","in","Indonesia","0","1","0","https://x.com/AndhikaRahmatS3/status/1315224518281981952","1217694586354593792","AndhikaRahmatS3"
"1315224516696526848","Sun Oct 11 09:35:35 +0000 2020","0","Pentingnya Kesehatan Mental pada Generasi Z -A Thread- Andhika Rahmat Saputra Fakultas Teknik Prodi Teknik ELektro Cluster 58. #LoveYourself #Adhikara58 #MabaUB2020 #RAJABrawijaya2020 #KitaSatuBrawijaya #KreasiNyataBrawijayans","1315224516696526848","","","in","Indonesia","0","1","0","https://x.com/AndhikaRahmatS3/status/1315224516696526848","1217694586354593792","AndhikaRahmatS3"
"1315224498317131778","Sun Oct 11 09:35:30 +0000 2020","3","Pengaruh Kesehatan Mental Penting diperhatikan pada Generasi Z ( A thread ) Nama : Harnani Nim : 205030101111014 Fakultas ilmu administrasi Prodi Administrasi Publik Cluster 27 #MabaUB2020 #Adhikara58 #RAJABrawijaya2020 #KitaSatuBrawijaya #KreasiNyataBrawijayans","1315224498317131778","","","in","Indonesia","0","1","0","https://x.com/Harnani_/status/1315224498317131778","1296252971815059457","Harnani_"
"1315215640999784449","Sun Oct 11 09:35:25 +0000 2020","2","bisa membuat semua orang suka sama kita pasti ada orang yang benci sama kita tapi yang terpenting tolonggg banget jangan benci dirimu sendiri. Kesehatan mental kita sebagai generasi Z sangatlah penting karena kita adalah penerus manusia di bumi ini :) Sekian makasih yang udah","1315224474589904899","","datinkmlh","in","1/3","0","1","0","https://x.com/datinkmlh/status/1315224474589904899","1050518097780596736","datinkmlh"
"1315223664153882624","Sun Oct 11 09:35:16 +0000 2020","0","Walaupun generasi ini sangat terbuka pada kemajuan teknologi gen z kerap dinilai sebagai generasi yang apatis individualis dan manja. Inilah yang sejalan dengan pendapat pakar mengenai rentannya kesehatan mental generasi z.","1315224437831077889","","beelabong3","in","","0","1","0","https://x.com/beelabong3/status/1315224437831077889","1315208901583724547","beelabong3"
"1315224400933781504","Sun Oct 11 09:35:10 +0000 2020","0","Penyebab lemahnya kesehatan mental generasi Z saat ini : 1.Pengaruh gadget(sosial media dll) generasi Z atau orang yang lahir pada tahun 1993-2005 menurut Penelitian yang dilakukan APA yang melibatkan 3500 terwawancara berumur 18 tahun ke atas dan 300 dengan usia 15-17 tahun.","1315224412287758340","","cariiinaa27","in","Indonesia","0","1","0","https://x.com/cariiinaa27/status/1315224412287758340","1164721358745436160","cariiinaa27"
"1315224400933781504","Sun Oct 11 09:35:09 +0000 2020","0","DARURAT KESEHATAN MENTAL GENERASI Z Menurut penelitian American Psychological Association tahun 2018 berjudul Stress in America:Generation Z usia 15-21 tahun adalah kelompok manusia dengan kondisi kesehatan mental terburuk dibandingkan generasi lain.","1315224407900516352","","cariiinaa27","in","Indonesia","0","1","0","https://x.com/cariiinaa27/status/1315224407900516352","1164721358745436160","cariiinaa27"
"1315218153853480960","Sun Oct 11 09:34:59 +0000 2020","0","Yuk kita para generasi Z lebih memperhatikan lagi kesehatan mental kita berikut yang dapat kita lakukan untuk menjaga kesehatan mental : Don t be so hard on yourself Kalau capek dengan dunia di Media sosial kamu boleh istirahat dulu. Jika hari ini terasa berat gapapa kok.","1315224367651905539","","jorequitaa","in","","0","1","0","https://x.com/jorequitaa/status/1315224367651905539","2470567262","jorequitaa"
"1315224336505008128","Sun Oct 11 09:34:58 +0000 2020","0","kesehatan mental yang parah. Mengapa kondisi ini hanya dialami generasi Z dan milenial muda? Para peneliti berteori masalah ini dipicu akses ponsel pintar dan berkurangnya waktu tidur. Riset ini mengamati data dari National Survey on Drug Use and Health di Amerika Serikat.","1315224361146576897","","awowuyy","in","","0","1","0","https://x.com/awowuyy/status/1315224361146576897","1246590137078648833","awowuyy"
"1315224250907652102","Sun Oct 11 09:34:40 +0000 2020","0","Saya berharap kepada seluruh masyarakat Indonesia terutama generasi Z agar dapat memperhatikan kesehatan mentalnya. Cara diatas dapat Anda lakukan ketika sedang mengalami gangguan mental tentunya. Semoga dapat membantu sekian dan terima kasih.","1315224286118834177","","AlvithoM","in","","0","0","0","https://x.com/AlvithoM/status/1315224286118834177","1315211018235121664","AlvithoM"
"1315224282151022594","Sun Oct 11 09:34:39 +0000 2020","0","Mental merupakan sebuah hal yang sangat perlu dijaga kesehatannya. Kita sebagai generasi Z sangat perlu memahami tentang kesehatan mental diri sendiri. Kesehatan mental bisa dipengaruhi oleh keadaan yang tidak menyenangkan terutama rasa trauma pada psikologis seseorang.","1315224284009164801","","mashitassn","in","tbh, idk. ","0","1","0","https://x.com/mashitassn/status/1315224284009164801","1071302610819272704","mashitassn"
"1315224254825205760","Sun Oct 11 09:34:36 +0000 2020","0","Oleh karena itu kita sebagai generasi Z harus lebih pintar dalam mengakses internet sehingga tidak berdampak buruk pada kesehatan mental kita. Selain itu ada beberapa hal yang dapat dilakukan untuk menjaga kesehatan mental terutama kita sebagai generasi Z antara lain:","1315224269744340993","","izzfaizzz","in","青岛 距离你7.4km","0","1","0","https://x.com/izzfaizzz/status/1315224269744340993","1277633319497109504","izzfaizzz"
"1315223727307595777","Sun Oct 11 09:34:35 +0000 2020","0","Semoga permasalahan kesehatan mental yang ada dapat diselesaikan dengan cepat dan juga generasi Z semoga bisa menggunakan alat komunikasi dengan baik dan tepat sasaran.","1315224268200792064","","naaniicee","in","","0","1","0","https://x.com/naaniicee/status/1315224268200792064","699830054272905216","naaniicee"
"1315224254825205760","Sun Oct 11 09:34:33 +0000 2020","0","Masih banyak orang yang menganggap remeh tentang Mental Health. Padahal kesehatan mental merupakan hal penting terutama bagi generasi Z. Menjaga kesehatan bukan hanya fisik saja melainkan kesehatan mental juga dijaga agar menjadi penyeimbang saat beraktivitas sehari-hari.","1315224257882804229","","izzfaizzz","in","青岛 距离你7.4km","0","1","0","https://x.com/izzfaizzz/status/1315224257882804229","1277633319497109504","izzfaizzz"
"1315224254825205760","Sun Oct 11 09:34:33 +0000 2020","0"," Pentingnya Kesehatan Mental bagi Generasi Z Kesehatan mental adalah kondisi seseorang yang berkaitan dengan penyesuaian diri yang aktif dalam menghadapi dan mengatasi masalah dengan mengatur stabilitas diri serta memiliki penilaian nyata tentang diri sendiri dan kehidupan.","1315224256188313600","","izzfaizzz","in","青岛 距离你7.4km","0","1","0","https://x.com/izzfaizzz/status/1315224256188313600","1277633319497109504","izzfaizzz"
"1315224234889670656","Sun Oct 11 09:34:29 +0000 2020","0","Ternyata generasi ini memanfaatkan dunia virtual sebagai tempat pelarian dari kehidupan nyata. Sayangnya internet bisa membuat kondisi kesehatan mental generasi Z menjadi lebih buruk. Media sosial memainkan peran besar dalam kehidupan generasi Z.","1315224241332051969","","gknoyy","in","","0","1","0","https://x.com/gknoyy/status/1315224241332051969","1315198682103312384","gknoyy"
"1315224203113578497","Sun Oct 11 09:34:26 +0000 2020","0","Itulah pentingnya kesehatan mental di masa sekarang terutama bagi generasi Z. Sekian dan Terimakasih..... #MeetYourselfinStillnessandLoveYourself #Adhikara58 #MabaUb2020 #RAJABrawijaya2020 #KitaSatuBrawijaya #KreasiNyataBrawijayans","1315224227859947520","","Cherrycheolhan_","in","","0","0","0","https://x.com/Cherrycheolhan_/status/1315224227859947520","1296809865738727424","Cherrycheolhan_"
"1315224203113578497","Sun Oct 11 09:34:23 +0000 2020","0","Generasi Z memiliki kesehatan mental terburuk diantara semua generasi karena belum siap dan belum pernah mengalami hal seperti ini. Covid-19 jelas membuat kesehatan mental gen z makin terpuruk. Mungkin banyak gen z muda tidak begitu mengerti kenapa mereka di rumah berbulan-bulan","1315224215507746817","","Cherrycheolhan_","in","","0","1","0","https://x.com/Cherrycheolhan_/status/1315224215507746817","1296809865738727424","Cherrycheolhan_"
"1315224203113578497","Sun Oct 11 09:34:22 +0000 2020","0","Bagaimana teman-teman gen z apakah kesehatan mental mu sedang baik-baik saja? Generasi Z adalah generasi termuda saat ini. Gen Z tidak begitu mengkhawatirkan kesehatan nya karena resiko mereka paling rendah namun mereka khawatir terhadap keluarganya.","1315224210302660609","","Cherrycheolhan_","in","","0","1","0","https://x.com/Cherrycheolhan_/status/1315224210302660609","1296809865738727424","Cherrycheolhan_"
"1315224177637355521","Sun Oct 11 09:34:16 +0000 2020","0","Sayangnya internet bisa membuat kondisi kesehatan mental generasi Z menjadi lebih buruk. Dalam hal ini kita tidak bisa melepaskannya dari konteks perkembangan lingkungan termasuk bagaimana pesatnya informasi media massa maupun informasi.","1315224186286080000","","notyangmu","in","","0","1","0","https://x.com/notyangmu/status/1315224186286080000","1314797170797600768","notyangmu"
"1315224177637355521","Sun Oct 11 09:34:14 +0000 2020","0","Menurut penelitian American Psychological Association (APA) tahun 2018 berjudul Stress in America: Generation Z anak muda usia 15 sampai 21 tahun adalah kelompok manusia dengan kondisi kesehatan mental terburuk dibandingkan dengan generasi-generasi lainnya.","1315224179944255491","","notyangmu","in","","0","1","0","https://x.com/notyangmu/status/1315224179944255491","1314797170797600768","notyangmu"
"1315224177637355521","Sun Oct 11 09:34:14 +0000 2020","3","Pentingnya Menjaga Kesehatan Mental bagi Generasi Z A thread. #MentalHealth #Adhikara58 #MabaUB2020 #RAJABrawijaya2020 #KitaSatuBrawijaya #KreasiNyataBrawijayans https://t.co/mtcU43NxBt","1315224177637355521","https://pbs.twimg.com/media/EkCXSqIVgAEu2Aa.png","","in","","0","1","0","https://x.com/notyangmu/status/1315224177637355521","1314797170797600768","notyangmu"
"1315224031876968454","Sun Oct 11 09:33:43 +0000 2020","0","Gen Z memiliki kesehatan mental terburuk di antara semua generasi karena belum siap dan belum pernah mengalami krisis seperti ini.Menurut WHI(2019) masalah mental healt yang muncul pada generasi Z di masa pandemic ini: 1. Kekhawatiran soal kesehatan keluarga","1315224050076012544","","12Tullah","in","Sumatera Barat, Indonesia","0","1","0","https://x.com/12Tullah/status/1315224050076012544","1243188078790856704","12Tullah"
"1315223682956943360","Sun Oct 11 09:32:16 +0000 2020","0","Oleh karena itu kita sebagai generasi Z harus benar benar menjaga kesehatan mental karena disini kita dikenal sebagai generasi yang sangat ketergantungan dengan teknologi. Jangan sampai nantinya akibat kita terlalu ketergantungan dengan teknologi kita menjadi terjerumus kedalam","1315223684538228736","","FaiqotulFiqroh","in","","0","1","0","https://x.com/FaiqotulFiqroh/status/1315223684538228736","1313344594843635714","FaiqotulFiqroh"
"1315222364108533761","Sun Oct 11 09:32:03 +0000 2020","0","Mari bangun kesehatan mental yang baik dimulai dari diri kita untuk bersama membangun negara yang sejahtera. Demikan penjelasan singkat saya tentang pentingnya kesehatan mental (Mental Health) di masa sekarang bagi generasi Z.Sekian Terimakasih Wassalmualaikum wr.wb.","1315223630008119296","","ricard_prayoga","in","","0","1","0","https://x.com/ricard_prayoga/status/1315223630008119296","1315211551092084737","ricard_prayoga"
"1315215567612080129","Sun Oct 11 09:31:55 +0000 2020","0","Dampak komentar di media social juga sangat berpengaruh pada kesehatan mental para remaja generasi Z saat inii komentar buruk standart ketampanan standart kecantikan dan kekayaan yang membuat para remaja generasi Z berlomba lomba untuk mencapainya.","1315223594453004288","","cilayuwu","in","","0","1","0","https://x.com/cilayuwu/status/1315223594453004288","1312644244830449664","cilayuwu"
"1315223575670878212","Sun Oct 11 09:31:51 +0000 2020","0","Perubahan generasi dari zaman millennial sampai zaman generasi Z.Perubahan mengikuti perubahan mental kelompok ini mempunyai mental yang sangat buruk dengan generasi terdahulu.Generasi Z mudah stress depresi dan cemas ini penyebab buruknya kesehatan mereka.","1315223578342694912","","cuttiestgirll","in","Jakarta Capital Region","0","1","0","https://x.com/cuttiestgirll/status/1315223578342694912","866616518691377152","cuttiestgirll"
"1315223566724427776","Sun Oct 11 09:31:49 +0000 2020","0","Kondisi kesehatan mental generasi Z sangat perlu untuk menjadi perhatian banyak pihak. Selain kajian-kajian ilmiah mengenai penyebab kondisi psikologis ini berbagai pihak juga perlu terus mengembangkan sosialisasi mengenai pentingnya kesadaran kesehatan mental. diri sendiri.","1315223572030210049","","Shvsdr","in","","0","1","0","https://x.com/Shvsdr/status/1315223572030210049","1215142761852108801","Shvsdr"
"1315223566724427776","Sun Oct 11 09:31:49 +0000 2020","0","Kesehatan mental yang dialami generasi z saat ini sedang dalam kondisi darurat. Masalah mengenai kesehatan mental pada generasi z bukan lagi suatu permasalahan yang sepele namun harus diperhatikan oleh berbagai pihak.","1315223569027137538","","Shvsdr","in","","0","1","0","https://x.com/Shvsdr/status/1315223569027137538","1215142761852108801","Shvsdr"
"1315222801565925378","Sun Oct 11 09:31:15 +0000 2020","0","Menurut penelitian APA tersebut diperoleh hasil bahwa sebanyak 91 persen generasi Z mempunyai gejala-gejala emosional maupun fisik yang berkaitan dengan stres seperti depresi dan gangguan kecemasan. Stres adalah faktor terbesar penyebab buruknya kesehatan mental generasi Z.","1315223426093600770","","akusukasalty22","in","","0","1","0","https://x.com/akusukasalty22/status/1315223426093600770","1131073717059039233","akusukasalty22"
"1315223378823802880","Sun Oct 11 09:31:06 +0000 2020","0","Tingkat stress tinggi yang dibarengi dengan mudahnya akses terhadap informasi self harm memperbesar kemungkinan anak-anak muda generasi Z mempunyai kondisi kesehatan mental yang buruk. Setelah tekanan kehidupan maupun tekanan terhadap isu-isu yang berkembang di sekitarnya ","1315223388193910784","","novindafirdauss","in","","0","1","0","https://x.com/novindafirdauss/status/1315223388193910784","1059363826733174785","novindafirdauss"
"1315223327636512769","Sun Oct 11 09:30:51 +0000 2020","0","-------THREAD------- Kesadaran Kesehatan Mental Bagi Generasi Z #Adhikara58 #MabaUB2020 #RAJABrawijaya2020 #KitaSatuBrawijaya #KreasiNyataBrawijayans","1315223327636512769","","","in","cilacap, Ind","0","1","0","https://x.com/arreza_alfazh/status/1315223327636512769","2982695900","arreza_alfazh"
"1315223079522463746","Sun Oct 11 09:30:46 +0000 2020","0","Fakta menunjukan generasi Z lebih rentan terkena gangguan mental survei menunjukan bahwa anak anak muda ini lebih sigap dalam melaporkan kondisi kesehatan mental mereka daripada generasi lain","1315223308158169090","","ruly_wchksn","in","earth","0","1","0","https://x.com/ruly_wchksn/status/1315223308158169090","1132310620097769472","ruly_wchksn"
"1315223297638895616","Sun Oct 11 09:30:46 +0000 2020","0","emosional dan fisik sekitar 90% dengan persentase ini generasi Z disebut dengan kelompok manusia yang memiliki kesehatan mental terburuk dari generasi lainnya. Banyak alasan alasan yang mengakibatkan timbulnya gangguan mental pada generasi Z salah satunya yaitu banyaknya-","1315223305524113410","","ctrhmdn","in","","0","1","0","https://x.com/ctrhmdn/status/1315223305524113410","1197349096912113665","ctrhmdn"
"1315222801565925378","Sun Oct 11 09:30:41 +0000 2020","0","Menurut penelitian American Psychological Association (APA) tahun 2018 berjudul Stress in America: Generation Z anak muda usia 15 sampai 21 tahun adalah kelompok manusia dengan kondisi kesehatan mental terburuk dibandingkan dengan generasi-generasi lainnya.","1315223284137381889","","akusukasalty22","in","","0","1","0","https://x.com/akusukasalty22/status/1315223284137381889","1131073717059039233","akusukasalty22"
"1315223279834001408","Sun Oct 11 09:30:40 +0000 2020","0","Berbicara mengenai kesehatan bukan hanya tentang fisik saja.Kesehatan mental di masa sekarang ini juga sangat penting diperhatikan khususnya bagi para generasi Z. WHO memaparkan bahwa generasi saat ini lebih rentan terkena gangguan mental.","1315223281755017216","","aryngtt","in","","0","1","0","https://x.com/aryngtt/status/1315223281755017216","812751123929006081","aryngtt"
"1315223218353958913","Sun Oct 11 09:30:29 +0000 2020","0","Kondisi kesehatan mental generasi Z sangat perlu diperhatikan banyak pihak. Generasi Z yang dekat dengan teknologi hingga mempunyai akses informasi yang luas perlu bersikap pro-aktif dalam memahami kondisi kesehatan mentalnya sendiri. Selain memperbanyak bacaan generasi Z juga","1315223236896911360","","janganyanglainn","in","","0","1","0","https://x.com/janganyanglainn/status/1315223236896911360","983704911064870914","janganyanglainn"
"1315222875113058305","Sun Oct 11 09:30:29 +0000 2020","0","Perkenalkan nama saya Aqila Zahwa Al Hamid dari Fakultas Ilmu Sosial dan Ilmu Politik Universitas Brawijaya jurusan Ilmu Komunikasi. Saya tergabung di cluster 52. Di sini saya akan membuat sebuah ringkasan mengenai Kesehatan Mental Bagi Generasi Z.","1315223234908884992","","wotameloon","in","SHE/HER","0","1","0","https://x.com/wotameloon/status/1315223234908884992","977810911569223680","wotameloon"
"1315221956724027393","Sun Oct 11 09:30:25 +0000 2020","0","Karena menurut penelitian American Psychological Association (APA) tahun 2018 berjudul Stress in America: Generation Z anak muda usia 15 sampai 21 tahun adalah kelompok manusia dengan kondisi kesehatan mental terburuk dibandingkan dengan generasi-generasi lainnya.","1315223218039320577","","citram16","in","East Java, Indonesia","0","1","0","https://x.com/citram16/status/1315223218039320577","1118526261096173569","citram16"
"1315222364108533761","Sun Oct 11 09:30:15 +0000 2020","0","Ternyata generasi ini memanfaatkan dunia virtual sebagai tempat pelarian dari kehidupan nyata. Sayangnya internet bisa membuat kondisi kesehatan mental generasi Z menjadi lebih buruk.","1315223177488785416","","ricard_prayoga","in","","0","1","0","https://x.com/ricard_prayoga/status/1315223177488785416","1315211551092084737","ricard_prayoga"
"1315223157645602818","Sun Oct 11 09:30:12 +0000 2020","0","harus lebih mengetahui tentang kesehatan mental kita sendiri. Bahkan menurut data yang beredar generasi Z atau generasi sekarang adalah yang paling rentan dengan kesehatan mental mereka. Tidak sedikit jumlah para pemuda sekarang yang sudah mengalami gangguan mental","1315223165396606976","","hazmhaf","in","Japan","0","1","0","https://x.com/hazmhaf/status/1315223165396606976","1086483642103193600","hazmhaf"
"1315223149538013187","Sun Oct 11 09:30:12 +0000 2020","0","Kondisi kesehatan mental generasi Z sangat perlu untuk diperhatikan secara mendalam. Selain disajikannya ilmu-ilmu dan kajian-kajian ilmiahh mengenai kondisi psikologis ini berbagai pihak juga harus mengembangkan sosialisasi mengenai pentingnya kesadaram kesehatan mental.","1315223164079628288","","farahyu84815517","in","","0","1","0","https://x.com/farahyu84815517/status/1315223164079628288","1315207473284829186","farahyu84815517"
"1315223149538013187","Sun Oct 11 09:30:11 +0000 2020","0","21 tahun adalah kelompok manusia dengan kondisi kesehatan mental yang terburuk daripada generasi sebelum sebelumnya. Stress yang dialami oleh generasi Z disebabkan oleh beberapa faktor contohnya adalah kasus kekerasan dan pelecehan seksual peningkatan angka bunuh diri ","1315223158278901760","","farahyu84815517","in","","0","1","0","https://x.com/farahyu84815517/status/1315223158278901760","1315207473284829186","farahyu84815517"
"1315223131741581314","Sun Oct 11 09:30:04 +0000 2020","0","Ada Apa Dengan Kesehatan Mental Generasi Z? Mental Health Mental Health atau yang lebih dikenal dengan kesehatan mental merupakan kondisi batin dan pikiran seseorang yang dapat mempengaruhi aktivitas keseharian.Kesehatan mental umunya terjadi pada setiap orang.","1315223131741581314","","","in","","0","0","0","https://x.com/Muhamma69066748/status/1315223131741581314","1313726292341129216","Muhamma69066748"
"1315223078947831811","Sun Oct 11 09:29:55 +0000 2020","0","Banyak faktor yang ternyata membuat anak-anak muda generasi Z mempunyai tingkat stres yang tinggi. Kondisi kesehatan mental generasi Z sangat perlu untuk menjadi perhatian banyak pihak.","1315223090117271553","","yudisswara","in","","0","1","0","https://x.com/yudisswara/status/1315223090117271553","1111616764616437761","yudisswara"
"1315223014338785280","Sun Oct 11 09:29:38 +0000 2020","1","Melihat dari banyaknya kasus gangguan mental yang terjadi maka kesehatan mental pada masa sekarang penting dimiliki oleh setiap individu terutama generasi Z yang dimana nantinya akan menjadi penerus bangsa.","1315223018889605122","","zalfanrl","in","","0","1","0","https://x.com/zalfanrl/status/1315223018889605122","1310091642985041921","zalfanrl"
"1315222969707241472","Sun Oct 11 09:29:27 +0000 2020","1","Kesehatan mental ini sangat penting terutama bagi generasi z.Karena kesehatan mental berperan penting dalam kehidupan. Dengan menjaga kesehatan mental maka Anda akan merasakan beberapa efeknya seperti suasana hati yang membaik membangun ketahanan dan membantu menikmati hidup","1315222976300609536","","HorasmenU","in","","0","1","0","https://x.com/HorasmenU/status/1315222976300609536","1311271352561668099","HorasmenU"
"1315222911578382336","Sun Oct 11 09:29:16 +0000 2020","0","kesehatan mental terburuk dibandingkan dengan generasi-generasi lainnya. Stres yang dialami banyak orang dalam generasi Z disebabkan oleh beberapa hal. Peningkatan angka bunuh diri peningkatan laporan terhadap kasus kekerasan dan pelecehan seksual hingga pemanasan global dan","1315222927810334720","","abrizalfi","in","","0","1","0","https://x.com/abrizalfi/status/1315222927810334720","1287722076934029312","abrizalfi"
"1315222923083309057","Sun Oct 11 09:29:15 +0000 2020","0","Edukasi dan Pelayanan Kesehatan Mental di Indonesia sangat kurang kita harus bergerak kita harus bertanya pada diri sendiri cara apa yang dapat dilakukan untuk menyelamatkan nyawa terutama generasi Z generasi muda generasi penerus Bangsa Indonesia.","1315222923083309057","","","in","Tampaksiring, Gianyar, Bali ;3","0","1","0","https://x.com/silviseptyaa/status/1315222923083309057","1263453706420236288","silviseptyaa"
"1315218192998883328","Sun Oct 11 09:29:13 +0000 2020","0","Kondisi kesehatan mental generasi Z sangat perlu menjadi perhatian banyak pihak. Selain kajian ilmiah mengenai penyebab kondisi psikologis ini berbagai pihak juga perlu terus mengembangkan sosialisasi ke berbagai daerah mengenai pentingnya kesadaran kesehatan mental.","1315222917467131905","","fortunelaadfs","in","","0","1","0","https://x.com/fortunelaadfs/status/1315222917467131905","1311327242304118785","fortunelaadfs"
"1315220725045764097","Sun Oct 11 09:29:13 +0000 2020","0","Bagi generasi Z istilah mental health bukan lagi hal yang asing di telinga. Kasus kesehatan mental bukan lagi sebuah perbincangan belaka melainkan keadaan krusial yang nyata.","1315222915974004736","","reginanws","in","Indonesia","0","1","0","https://x.com/reginanws/status/1315222915974004736","892966960664764422","reginanws"
"1315222671563530241","Sun Oct 11 09:29:01 +0000 2020","0","KESEHATAN MENTAL PADA GENERASI Z WHO (World Health Organization) menyebutkan Generasi Z yaitu orang-orang yang lahir pada rentang tahun 1998-2010 saat ini lebih rentang terkena Mental Illness atau gangguan mental.","1315222867135483904","","yummieyy","in","","0","1","0","https://x.com/yummieyy/status/1315222867135483904","974622115889475585","yummieyy"
"1315222381019889665","Sun Oct 11 09:28:58 +0000 2020","0","Memasuki masa modernisasi ini kita sebagai generasi Z tidak hanya dituntut untuk pandai secara akademik atau non akademik saja. Memang keduanya saling berhubungan satu sama lain. Namun di satu sisi kita juga perlu memahami tentang mental health/kesehatan mental.","1315222854078664704","","orchidaaulia","in","Jawa Tengah, Indonesia","0","1","0","https://x.com/orchidaaulia/status/1315222854078664704","1281193196316356609","orchidaaulia"
"1315216645896335365","Sun Oct 11 09:28:35 +0000 2020","0","Bagi generasi muda terutama generasi z kesehatan mental perlu dijaga. Katena kondisi saat ini yang penuh dengan tekanan dan kesibukan. Terutama yang sedang berada di awal fase perkuliahan.","1315222755688677379","","raaddenyanuar","in","Pronojiwo, Indonesia","0","1","0","https://x.com/raaddenyanuar/status/1315222755688677379","1114864095080005632","raaddenyanuar"
"1315222747144888320","Sun Oct 11 09:28:33 +0000 2020","2","Pentingnya kesehatan mental khususnya bagi generasi Z #LoveYourself. . . A Thread. Nama : Ibnu Sadli Fakultas Ekonomi dan Bisnis Jurusan Manajemen Cluster 46","1315222747144888320","","","in","","0","1","0","https://x.com/pengamatsejatii/status/1315222747144888320","736077746900586496","pengamatsejatii"
"1315218192998883328","Sun Oct 11 09:28:21 +0000 2020","0","Generasi ini memanfaatkan dunia virtual sebagai tempat pelarian dari kehidupan nyata.Namun disayangkan internet bisa membuat kondisi kesehatan mental generasi Z menjadi lebih buruk","1315222696746082304","","fortunelaadfs","in","","0","1","0","https://x.com/fortunelaadfs/status/1315222696746082304","1311327242304118785","fortunelaadfs"
"1315220022365573120","Sun Oct 11 09:28:14 +0000 2020","0","Kesehatan mental sangat penting bagi kita semua terutama untuk generasi Z. Kesehatan mental yang tidak terjaga menimbulkan banyak sekali dampak negatif.","1315222667801190402","","danyfaransyah","in","Magetan, Indonesia","0","1","0","https://x.com/danyfaransyah/status/1315222667801190402","2439139155","danyfaransyah"
"1315222622787964929","Sun Oct 11 09:28:08 +0000 2020","1","Adanya hal seperti ini tentunya berpengaruh pada kesehatan mental masyarakat terutama generasi Z.","1315222642840854528","","Indahsetiyo5","in","","0","1","0","https://x.com/Indahsetiyo5/status/1315222642840854528","1312526785158934529","Indahsetiyo5"
"1315219282133876737","Sun Oct 11 09:28:00 +0000 2020","0","Untuk itu menjaga Kesehatan mental sangatlah penting terutama bagi generasi Z yang hidup dengan arus teknologi yang kuat. Jika kita tidak membatasi hal tersebut dapat sangat merugikan bagi diri kita. #LoveYourself","1315222610309857280","","bemine0712","in","","0","1","0","https://x.com/bemine0712/status/1315222610309857280","428820919","bemine0712"
"1315222017092714497","Sun Oct 11 09:27:59 +0000 2020","0","KESEHATAN MENTAL // MENTAL HEALTH GENERASI Z","1315222607415767045","","JohnPaulMcleny","in","","0","0","0","https://x.com/JohnPaulMcleny/status/1315222607415767045","1271464486231142403","JohnPaulMcleny"
"1315222542030839808","Sun Oct 11 09:27:47 +0000 2020","0","Hal tersebut dapat memicu kesehatan mental. Dalam konteks ini salah satu dari kesehatan mental adalah stres. Stres ini mengakibatkan kepercayaan terhadap diri sendiri akan berkurang dan juga kreativitas generasi Z akan menurun.","1315222553477083138","","Devyoktalia1","in","","0","1","0","https://x.com/Devyoktalia1/status/1315222553477083138","1279950003092336640","Devyoktalia1"
"1315222528806146049","Sun Oct 11 09:27:46 +0000 2020","0","Kesehatan Mental sangatlah penting untuk kita khususnya generasi Z yang harus beradaptasi dengan perkembangan jaman yang semakin modern ini.","1315222549144371201","","KesumaAmbika","in","","0","1","0","https://x.com/KesumaAmbika/status/1315222549144371201","1299910308731826177","KesumaAmbika"
"1315222161037033472","Sun Oct 11 09:26:14 +0000 2020","0","apalagi bagi kalangan generasi Z. menurut penelitian yang dilakukan oleh APA pada tahun 2018 generasi z merupakan generasi dengan kesehatan mental yang buruk dibandingkan dengan generasi sebelumnyaa","1315222165663354880","","staringskyy","in","","0","1","0","https://x.com/staringskyy/status/1315222165663354880","1289922055027093508","staringskyy"
"1315222137762766849","Sun Oct 11 09:26:10 +0000 2020","0","harus memperbanyak bacaan tentang kesehatan mental dan mencari bantuan profesional jika memang dibutuhkan. Sekian ringkasan Essay Mental Health di masa sekarang terutama bagi generasi Z. Terima kasih. Kita satu Brawijaya!","1315222150094049282","","hauranism","in","","0","0","0","https://x.com/hauranism/status/1315222150094049282","2397476215","hauranism"
"1315222137762766849","Sun Oct 11 09:26:10 +0000 2020","0","serta pemanasan global dan perubahan iklim. Oleh karena itu kesehatan mental sangatlah penting terutama bagi generasi Z. Kesehatan mental harus lebih diperhatikan oleh banyak pihak. Beberapa solusinya adalah perbanyak sosialisasi tentang pentingnya kesehatan mental generasi Z","1315222148286312454","","hauranism","in","","0","1","0","https://x.com/hauranism/status/1315222148286312454","2397476215","hauranism"
"1315222137762766849","Sun Oct 11 09:26:10 +0000 2020","0","hidup yang bahagia. Akan teteapi pada kenyataanya kondisi psikologis dan kesehatan mental anak-anak muda tidak seperti anggapan beberapa orang. Beberapa pemicu stres pada generasi Z yaitu peningkatan angka bunuh diri peningkatan laporan kasus kekerasan dan pelecehan seksual ","1315222146562445312","","hauranism","in","","0","1","0","https://x.com/hauranism/status/1315222146562445312","2397476215","hauranism"
"1315222137762766849","Sun Oct 11 09:26:09 +0000 2020","0","individu. Dewasa ini semakin banyak orang yang peduli dengan pentingnya kesehatan mental terutama generasi Z. Generasi Z adalah generasi yang lahir rentang tahun 1995-2010. Perkembangan tekonologi yang semakin pesat mendorong para generasi Z untuk melek teknologi sehingga akses","1315222143169224705","","hauranism","in","","0","1","0","https://x.com/hauranism/status/1315222143169224705","2397476215","hauranism"
"1315218558738026498","Sun Oct 11 09:26:02 +0000 2020","0","Mental health atau biasa disebut kesehatan mental merupakan tingkatan kesejahteraan psikologis atau terbebasnya dari gangguan kejiawaan. Dimasa sekarang ini sangat penting memperhatikan point ini karena masalah ini banyak menyerang pada generasi Z.","1315222113888862210","","PutriYuniita_","in","","0","1","0","https://x.com/PutriYuniita_/status/1315222113888862210","1306233970426654720","PutriYuniita_"
"1315222066438705153","Sun Oct 11 09:25:53 +0000 2020","0","perubahan pola hidup inilah yang menjadi penyebab rentannya gangguan kesehatan mental pada anak generasi Z #LoveYourself #Adhikara58 #MabaUB2020 #RAJABrawijaya2020 #KitaSatuBrawijaya #KreasiNyataBrawijayans","1315222075645157376","","mohhendrawijay1","in","","0","1","0","https://x.com/mohhendrawijay1/status/1315222075645157376","1315121020852826117","mohhendrawijay1"
"1315222066438705153","Sun Oct 11 09:25:52 +0000 2020","0","pada saat ini lkeehatan mental menjadi masalah bagi anak generasi Z menurut WHO anak muda zaman sekarang lebih rentan mengalami gangguan kesehatan mental #LoveYourself #Adhikara58 #MabaUB2020 #RAJABrawijaya2020 #KitaSatuBrawijaya #KreasiNyataBrawijayans","1315222073422217216","","mohhendrawijay1","in","","0","1","0","https://x.com/mohhendrawijay1/status/1315222073422217216","1315121020852826117","mohhendrawijay1"
"1315222066438705153","Sun Oct 11 09:25:51 +0000 2020","0","MENTAL HEALTH kesehatan mental generasi Z #LoveYourself #Adhikara58 #MabaUB2020 #RAJABrawijaya2020 #KitaSatuBrawijaya #KreasiNyataBrawijayans","1315222068267380737","","mohhendrawijay1","in","","0","1","0","https://x.com/mohhendrawijay1/status/1315222068267380737","1315121020852826117","mohhendrawijay1"
"1315222021861564417","Sun Oct 11 09:25:50 +0000 2020","0","Pada jaman sekarang kesehatan mental dari Generasi Z terlihat mulai menurun. Bagi individu yang merasakan hal-hal yang telah disebutkan bukan berarti harus merasa semakin murung. Namun mulai menanamkan pola pikiran positif. .· *","1315222063167094788","","adventisius","in","Jakarta Capital Region","0","1","0","https://x.com/adventisius/status/1315222063167094788","1259024801143767040","adventisius"
"1315218546289332224","Sun Oct 11 09:25:27 +0000 2020","0","Menimbang hal-hal yang telah disebutkan maka kesehatan mental bagi generasi Z ini sangatlah penting dan harus dilakukan.","1315221969734836224","","AKA_DK45","in","","0","0","0","https://x.com/AKA_DK45/status/1315221969734836224","1305859905849442304","AKA_DK45"
"1315221922066526209","Sun Oct 11 09:25:18 +0000 2020","0","Faktor-faktor tersebut dapat menjadi persoalan tersendiri bagi individu dalam generasi Z akibat tingginya aksesibilitas informasi bagi generasi Z. . Menjaga kesehatan mental tentu saja sangat penting lantas bagaimana cara menjaga kesehatan mental kita?","1315221930442551297","","Visualoverss_","in","Indonesia","0","1","0","https://x.com/Visualoverss_/status/1315221930442551297","1259134120111640577","Visualoverss_"
"1315221604931043329","Sun Oct 11 09:25:08 +0000 2020","0","generasi Z menghabiskan hampir 8 jam untuk beraktivitas dengan perangkat multi media elektronik. Dampak keakraban generasi Z dengan teknologi adalah stres dan terganggunya kondisi psikologis. Internet bisa membuat kondisi kesehatan mental generasi Z menjadi lebih buruk.","1315221889669767168","","kopisusunogula","in","Indonesia","0","1","0","https://x.com/kopisusunogula/status/1315221889669767168","1117811897066065926","kopisusunogula"
"1315221856631181312","Sun Oct 11 09:25:00 +0000 2020","0","Berbagai akronim yang berkaitan dengan problem kesehatan mental pun muncul untuk menyatakan perilaku generasi Z ini misalnya baper (bawa perasaan) galfok (gagal fokus) dan mager (malas gerak) sehingga merekapun menyebut generasinya ini sebagai generasi rebahan.","1315221856631181312","","","in","","0","0","0","https://x.com/Hafizsilmi3/status/1315221856631181312","1315210369841819651","Hafizsilmi3"
"1315221850146840576","Sun Oct 11 09:24:59 +0000 2020","1","Pentingnya Kesehatan Mental bagi Generasi Z _A Thread_ #SelfCare #Adhikara58 #MabaUB2020 #RAJABrawijaya2020 #KitaSatuBrawijaya #KreasiNyataBrawijayans","1315221850146840576","","","in","","0","0","0","https://x.com/19oldnow/status/1315221850146840576","1313695306391777281","19oldnow"
"1315221727375368193","Sun Oct 11 09:24:49 +0000 2020","0","Bagi Generasi Z kesehatan mental atau bisa disebut mental health sangatlah penting karena dapat mempengaruhi semangat kita dalam melakukan suatu hal/meraih sesuatu. Tidak hanya mempengaruhi semangat kita mental health yang baik juga mempengaruhi perilaku kita di kehidupan ini.","1315221809919193088","","inimaylaaa","in","","0","1","0","https://x.com/inimaylaaa/status/1315221809919193088","1313507264024637446","inimaylaaa"
"1315216981721669632","Sun Oct 11 09:24:48 +0000 2020","1","Tentu saja kesehatan mental dikala pandemi seperti ini sangatlah penting bagi kita sebagai Generasi Z karena seharusnya kita semua yang membimbing masyarakat. Kita sebagai Generasi Z harus bisa survive dikala pandemi seperti ini.","1315221803090931712","","satriyeaaahh","in","","0","1","0","https://x.com/satriyeaaahh/status/1315221803090931712","1075417466954600449","satriyeaaahh"
"1315221798175289344","Sun Oct 11 09:24:46 +0000 2020","1","KESEHATAN MENTAL SANGATLAH PENTING BAGI GENERASI Z Halo kawan kawanku ! Gimana kabar kalian semoga baik baik saja amiin. Kali ini berjumpa lagi dengan saya pada kesempatan kali ini saya akan menjelaskan pengertian gejala dan cara mengatasi mental healt","1315221798175289344","","","in","","0","1","0","https://x.com/JabbarJofan/status/1315221798175289344","1313627086993539072","JabbarJofan"
"1315221404934045698","Sun Oct 11 09:23:15 +0000 2020","0","memiliki kesehatan mental yang buruk dibandingkan dengan generasi-generasi lainnya. Karena mereka sedang pada masa pubertasnya memiliki emosional yang tidak stabil. Stres adalah penyebab utama generasi z memiliki kesehatan mental yang buruk.","1315221412513083397","","hellowhaya","in","","0","1","0","https://x.com/hellowhaya/status/1315221412513083397","1197076369571598337","hellowhaya"
"1315221395022860288","Sun Oct 11 09:23:10 +0000 2020","0","Pentingnya Kesehatan Mental bagi Generasi Z Menurut Organisasi Kesehatan Dunia (WHO) kesehatan mental adalah keadaan sejahtera di mana setiap individu bisa mewujudkan potensi mereka sendiri.","1315221395022860288","","","in","","0","1","0","https://x.com/adityasls_/status/1315221395022860288","1315121990957584384","adityasls_"
"1315220022365573120","Sun Oct 11 09:23:10 +0000 2020","0","Menurut penelitian American Psychologi Assaciation (APA) tahun 2018 yang berjudul Stress in America: Generation Z anak muda usia 15 sampai 21 tahun adalah kelompok manusia dengan kondisi Kesehatan mental terburuk dibandingkan dengan generasi-generasi sebelumnya.","1315221394439901184","","danyfaransyah","in","Magetan, Indonesia","0","1","0","https://x.com/danyfaransyah/status/1315221394439901184","2439139155","danyfaransyah"
"1315220634461327362","Sun Oct 11 09:23:09 +0000 2020","0","Usia muda 15 sampai 21 tahun adalah kelompok manusia dengan kondisi kesehatan mental terburuk dibandingkan dengan generasi sebelumnya mereka adalah generasi Z. Generasi Z memiliki gejala emosional maupun fisik yang berkaitan dengan stres.","1315221387557048325","","namawsapaa","in","Malang, Jawa Timur","0","1","0","https://x.com/namawsapaa/status/1315221387557048325","1243940820543090688","namawsapaa"
"1315220505541013504","Sun Oct 11 09:23:06 +0000 2020","0","Apalagi kesehatan mental akan mempengaruhi cara seseorang berpikir dan bertingkah sampai ke hal yang paling kecil. Menurut saya di zaman sekarang ini apalagi bagi generasi z harus lebih peka dan sadar terhadap mental health.","1315221376446341121","","dferdiansyahp27","in","","0","1","0","https://x.com/dferdiansyahp27/status/1315221376446341121","1117342509196144641","dferdiansyahp27"
"1315221368552660992","Sun Oct 11 09:23:04 +0000 2020","0","Pentingnya kesehatan mental bagi generasi Z adalah karena kesehatan mental akan memengaruhi kegiatan produktivitas mereka. Misalnya mereka mudah terbawa suasana hati karena suatu tindakan yang bersifat mengkritik sulit fokus dengan pekerjaan karena mudah terdistraksi.","1315221368552660992","","","in","","0","0","0","https://x.com/Hafizsilmi3/status/1315221368552660992","1315210369841819651","Hafizsilmi3"
"1315221364169564161","Sun Oct 11 09:23:03 +0000 2020","0","~MENTAL HEALTH Z GENERATION~ Stres adalah penyebab buruknya kesehatan mental generasi Z. Oleh sebab itu generasi Z harus bersikap pro-aktif dalam memahami kondisi kesehatan mentalnya sendiri. #Adhikara58 #MabaUB2020 #RAJABrawijaya2020 #KitaSatuBrawijaya #KreasiNyataBrawijayans","1315221364169564161","","","in","","0","0","0","https://x.com/spadmals_/status/1315221364169564161","1265599370688262145","spadmals_"
"1315217474170675200","Sun Oct 11 09:22:56 +0000 2020","0","Selain mengganggu kesehatan fisik hal tersebut juga sangat mengganggu kesehatan mental terutama pada geneasi Z yang sangat rentan pada gangguan mental. hal tersebut bisa disebabkan karena usianya yang masih sangat muda dibandingkan generasi lainnya.","1315221336206110720","","pandaemon04","in","Indonesia","0","1","0","https://x.com/pandaemon04/status/1315221336206110720","1258535525213892608","pandaemon04"
"1315221333135900674","Sun Oct 11 09:22:56 +0000 2020","4","[Kesehatan Mental dan Kaitannya dengan Revolusi Mental bagi Generasi Z] Saat ini pemerintah sedang menggerakkan program Gerakan Nasional Revolusi Mental. Gerakan ini dibentuk dalam rangka memperbaiki dan membangun karakter bangsa Indonesia.","1315221333135900674","","","in","Jatimulyo, Lowokwaru ","0","2","0","https://x.com/liluahaa/status/1315221333135900674","1131584639397588992","liluahaa"
"1313466940145324032","Sun Oct 11 09:22:50 +0000 2020","0","Gangguan kesehatan mental harus benar-benar diperhatikan terutama bagi kaum generasi Z. Kenapa? Karena apabila tidak gangguan kesehatan mental dapat menyebabkan komplikasi serius salah satunya adalah perasaan tidak bahagia dalam hidup.","1315221309433901057","","selortonnn","in","","0","1","0","https://x.com/selortonnn/status/1315221309433901057","1313455685120614405","selortonnn"
"1315221276865130496","Sun Oct 11 09:22:44 +0000 2020","0","Seruan mengenai Mental Health sangat penting bagi Generasi Z supaya kesehatan mental mereka tidak terganggu dan supaya mereka selalu ingat bahwa bukan hanya kesehatan fisik saja yang harus diperhatikan tapi kesehatan mental pun sangat perlu diperhatikan.","1315221283899011072","","RobbaniJauhar","in","","0","1","0","https://x.com/RobbaniJauhar/status/1315221283899011072","1258390194484436992","RobbaniJauhar"
"1315221212566495233","Sun Oct 11 09:22:31 +0000 2020","0","Fakta yang dialami oleh anak muda tersebut sangat memprihatinkan. Perlu adanya sosialisasi tentang pentingnya kesadaran kesehatan mental. Generasi Z perlu bersikap pro-aktif dalam memahami kondisi mentalnya sendiri dan jika ada masalah berbagilah kepada orang yang kamu percayai","1315221229205254144","","Rifam_","in","","0","0","0","https://x.com/Rifam_/status/1315221229205254144","1086068714141736960","Rifam_"
"1315221188314984448","Sun Oct 11 09:22:21 +0000 2020","144","Pentingnya Kesehatan Mental Bagi Generasi Z dan Sesama Isu kesehatan mental sedang hype dalam pembicaraan anak-anak muda zaman kini. Adalah Gen Z yang memiliki ciri-ciri open minded tak kaget jika topik ini merupakan suatu obrolan yang penting.","1315221188314984448","","","in","","1","2","10","https://x.com/Rahmahappy4/status/1315221188314984448","1014818896518320133","Rahmahappy4"
"1315221171877552135","Sun Oct 11 09:22:20 +0000 2020","0","hubungan positif dengan orang lain. Kesehatan mental juga sangat penting bagi generasi Z untuk bisa bekerja produktif atau melakukan hal-hal yang positif sehingga memungkinkan kita untuk menikmati kehidupan sehari-hari dan menghargai orang sekitar.","1315221183881596930","","LittleBinBin4","in","","0","0","0","https://x.com/LittleBinBin4/status/1315221183881596930","1312701381103378432","LittleBinBin4"
"1315221171877552135","Sun Oct 11 09:22:18 +0000 2020","0","Pentingnya Mental Health bagi generasi Z Tidak sedikit orang yang cemas khawatir dan stres di masa karantina ini. Kesehatan mental bagi seseorang terutama bagi generasi Z merupakan hal yang penting karena kesehatan mental memegang peranan penting bagi sesorang untuk mampu","1315221176612909056","","LittleBinBin4","in","","0","1","0","https://x.com/LittleBinBin4/status/1315221176612909056","1312701381103378432","LittleBinBin4"
"1315221168064884736","Sun Oct 11 09:22:18 +0000 2020","0","Kesehatan mental sangatlah penting di masa sekarang terutama bagi generasi Z. Generasi Z merupakan generasi setelah Generasi Y yang didefenisikan sebagai orang-orang yang lahir dalam rentang tahun kelahiran 1998 sampai 2010.","1315221173844631553","","ArasyLA_14","in","Republic of Indonesian ","0","1","0","https://x.com/ArasyLA_14/status/1315221173844631553","1041303570","ArasyLA_14"
"1315218325840916480","Sun Oct 11 09:22:17 +0000 2020","1","itu aja deh dari aku. Pesan aku sebagai generasi Z kita harus selalu terhadap kesehatan mental kita masing-masing. Karena peduli dengan kesehatan mental sama merupakan salah satu upaya untuk mencintai diri kita sendiri. #LOVEYOURSELF","1315221169444847616","","nh_nnaa","in","Malang, East Java","0","1","0","https://x.com/nh_nnaa/status/1315221169444847616","1092878567115878400","nh_nnaa"
"1315218325840916480","Sun Oct 11 09:22:15 +0000 2020","0","Selain itu perkembangan teknologi juga berpengaruh loh pada kesehatan mental pada generasi Z ini. Contohnya yaitu pada kehidupan di sosial media. Tak banyak remaja yang berusaha keras agar dia mempunyai eksistensi di dunia maya.","1315221163820249089","","nh_nnaa","in","Malang, East Java","0","0","0","https://x.com/nh_nnaa/status/1315221163820249089","1092878567115878400","nh_nnaa"
"1315218325840916480","Sun Oct 11 09:22:14 +0000 2020","0","Melainkan seperti saat kita sedang stres karena banyak permasalahan banyak tugas juga mungkin? Hehehe Langsung aja nih kita membahas kesehatan mental pada generasi Z. Kenapa generasi Z yang notabene sekarang masih remaja?","1315221157105209344","","nh_nnaa","in","Malang, East Java","0","1","0","https://x.com/nh_nnaa/status/1315221157105209344","1092878567115878400","nh_nnaa"
"1315218325840916480","Sun Oct 11 09:22:12 +0000 2020","0","Halo teman-teman pada thread kali ini aku akan membahas tentang Pentingnya Mental Health di Masa Sekarang Terutama Bagi Generasi Z . Sebelum kita membahas lebih lanjut apakah kalian sudah tahu apa kesehatan mental itu?","1315221151535169538","","nh_nnaa","in","Malang, East Java","0","1","0","https://x.com/nh_nnaa/status/1315221151535169538","1092878567115878400","nh_nnaa"
"1315221141607211008","Sun Oct 11 09:22:11 +0000 2020","0","Mental health atau kesehatan mental menjadi hal yang sangat penting dan harus dijaga apalagi di zaman sekarang terutama anak-anak muda yang sering disebut generasi Z.","1315221144711041025","","alyashfiya","in","","0","1","0","https://x.com/alyashfiya/status/1315221144711041025","1310790876147277826","alyashfiya"
"1315221091766296576","Sun Oct 11 09:22:00 +0000 2020","0","Mental Health (Kesehatan Mental) di masa sekarang khususnya pada Generasi Z sangat penting. Terlebih situasi saat ini sangat meprihatinkan akibat adanya pandemi Covid-19. Hal tersebut mengharuskan para pelajar dan mahasiswa belajar online atau daring di rumah.","1315221100297506818","","marsellasl21","in","","0","1","0","https://x.com/marsellasl21/status/1315221100297506818","1315214239401828353","marsellasl21"
"1315220903630835715","Sun Oct 11 09:21:53 +0000 2020","0","Kali ini aku mau ngebahas tentang topik yang banyak banget dibicarain nih akhir-akhir ini yaitu tentang pentingnya kesehatan mental khususnya generasi Z saat ini.","1315221072237588480","","AmandaSofhi","in","","0","1","0","https://x.com/AmandaSofhi/status/1315221072237588480","1315220037125337088","AmandaSofhi"
"1315221057075212288","Sun Oct 11 09:21:52 +0000 2020","0","Sayangnya internet bisa membuat kondisi kesehatan mental generasi Z menjadi lebih buruk. Generasi Z akrab dengan video games permainan berbasis gadget dan internet yang menjadi sumber hiburan bagi banyak orang. Mungkin dunia virtual memang mengasyikkan.","1315221067179327489","","rkwsbja","in","","0","1","0","https://x.com/rkwsbja/status/1315221067179327489","1242484864214904834","rkwsbja"
"1315221047973564416","Sun Oct 11 09:21:49 +0000 2020","0","Halo generasi Z ! apa kabar ? baik baik saja kan ? bahagia kan ? jaga kesehatan mental kalian yaa... Sebagai Generasi Z yang melek teknologi melek internet penguasa media sosial. Kita juga harus memperhatikan kesehatan mental kita.","1315221052490878976","","calonistrisiapa","in","","0","1","0","https://x.com/calonistrisiapa/status/1315221052490878976","1299535137781161985","calonistrisiapa"
"1315220960778174465","Sun Oct 11 09:21:28 +0000 2020","0","Kita sebagai generasi Z harusnya bisa menjadi penenang akan keresahan yang terjadi di masyarakat. Dengan melakukan berbagai hal positif dari sesuatu yang kecil setidaknya mengurangi keresahan yang terjadi dan dapat menjaga kesehatan mental di masa pandemi ini.","1315220965748477952","","dandi_prima","in","","0","0","0","https://x.com/dandi_prima/status/1315220965748477952","1315217004941373440","dandi_prima"
"1315220960778174465","Sun Oct 11 09:21:28 +0000 2020","0","Karena kecemasan telah meliputi banyak masyarakat salah satunya kita sebagai generasi Z maka World Health Organization (WHO) pada Maret 2020 merilis panduan bagi masyarakat untuk sama sama menjaga kesehatan mental.","1315220963961700355","","dandi_prima","in","","0","1","0","https://x.com/dandi_prima/status/1315220963961700355","1315217004941373440","dandi_prima"
"1315219707763462144","Sun Oct 11 09:21:25 +0000 2020","0","Apalagi di masa pandemi saat ini termasuk hal yang cukup menguji kekuatan dan kesehatan mental para Gen Z. Wahai Generasi Z apakabar? Yuk baca sambil rebahan juga gak papa yang penting bikin nyaman. Kayak dia xixixixi maaf rek lol.","1315220951458484224","","finegrindlatte","in","","0","1","0","https://x.com/finegrindlatte/status/1315220951458484224","348318563","finegrindlatte"
"1315218546289332224","Sun Oct 11 09:21:12 +0000 2020","0","Menurut penelitian APA tersebut diperoleh hasil bahwa sebanyak 91 persen generasi Z mempunyai gejala-gejala emosional maupun fisik yang berkaitan dengan stres seperti depresi dan gangguan kecemasan. Stres adalah faktor terbesar penyebab buruknya kesehatan mental generasi Z.","1315220897607761920","","AKA_DK45","in","","0","1","0","https://x.com/AKA_DK45/status/1315220897607761920","1305859905849442304","AKA_DK45"
"1315220793907769344","Sun Oct 11 09:20:48 +0000 2020","0","Semua nyata tidak ada yang tertutupi. Kesehatan mental generasi Z tidak sama seperti generasi- generasi sebelumnya. Mereka cenderung lebih mudah mengalami depresi overthinking karena lingkungannya. Tekanan ini tidak hanya berpengaruh pada mentalnya tapi juga fisik.","1315220796135022594","","gapapayoksmgt","in","","0","1","0","https://x.com/gapapayoksmgt/status/1315220796135022594","1183019183606386688","gapapayoksmgt"
"1315220377208008709","Sun Oct 11 09:20:43 +0000 2020","0","Jadi kali ini gua akan membagikan sebuah link dari cuitan tugas gua yang membahas tentang pentingnya kesehatan mental pada generasi z. Mungkin nggak banyak yang akan gua jelasin soalnya udah ada link yang akan gua kasih","1315220778514747392","","AKUSIAP46050639","in","Korea selatan","0","1","0","https://x.com/AKUSIAP46050639/status/1315220778514747392","1315219051610689536","AKUSIAP46050639"
"1315217765167374337","Sun Oct 11 09:20:42 +0000 2020","0","Sehingga tak heran apabila di masa sekarang sedang gencar-gencarnya menyuarakan pentingnya kesehatan mental khususnya pada kalangan generasi muda atau generasi Z. Mengapa generasi muda perlu diberi perhatian khusus terhadap kesehatan mentalnya?","1315220773783568385","","lumosbbh","in","","0","1","0","https://x.com/lumosbbh/status/1315220773783568385","786860572407017472","lumosbbh"
"1315220760684883970","Sun Oct 11 09:20:41 +0000 2020","0","Beban pekerjaan generasi Z pun semakin besar dan rumit karena mengikuti perkembangan teknologi dan persaingan antar perusahaan sehingga efektivitas menjadi faktor utama dalam kualitas kerja di era millenial. Karena itulah kesehatan mental menjadi penting bagi generasi Z.","1315220769224318978","","JTarandung","in","","0","1","0","https://x.com/JTarandung/status/1315220769224318978","1315215462767099909","JTarandung"
"1315220768511287296","Sun Oct 11 09:20:41 +0000 2020","0","Kesehatan mental sangat penting terutama untuk generasi Z yang merupakan generasi penerus bangsa. Jika tidak sadar akan pentingnya kesehatan mental itu akan merugikan diri sendiri dan masa depan bangsa.","1315220768511287296","","","in","","0","0","0","https://x.com/mariasacha2/status/1315220768511287296","1314725439026282496","mariasacha2"
"1315220764312788992","Sun Oct 11 09:20:40 +0000 2020","1"," A THREAD PENTINGNYA KESEHATAN MENTAL BAGI GENERASI Z Sri Wahyuni Fakultas Ekonomi dan Bisnis Jurusan Manajemen Cluster 10 #LoveYourself #Adhikara58 #MabaUB2020 #RAJABrawijaya2020 #KitaSatuBrawijaya #KreasiNyataBrawijayans","1315220764312788992","","","in","","0","1","0","https://x.com/rynn46732891/status/1315220764312788992","1310058021645479939","rynn46732891"
"1315220731865690112","Sun Oct 11 09:20:35 +0000 2020","0","Banyaknya pantangan yang dihadapi generasi Z membuat kesehatan mental sangat penting untuk dimiliki generasi Z agar tetap waras dalam menghadapi perkembangan teknologi yang ada.","1315220741827121152","","adr_febi","in","","0","1","0","https://x.com/adr_febi/status/1315220741827121152","1267111730049511424","adr_febi"
"1315220711036788736","Sun Oct 11 09:20:31 +0000 2020","1","Menurut penelitian American Psychological Association (APA) tahun 2018 berjudul Stress in America: Generation Z anak muda usia 15 sampai 21 tahun adalah kelompok manusia dengan kondisi kesehatan mental terburuk dibandingkan dengan generasi-generasi lainnya.","1315220725163200512","","kuroace07","in","Indonesia","0","1","0","https://x.com/kuroace07/status/1315220725163200512","1330899900","kuroace07"
"1315220689721278464","Sun Oct 11 09:20:24 +0000 2020","0","Generasi Z juga harus mampu mengatur frustasi rasa takut rasa gelisah dan rasa khawatir. Karena kesehatan mental itu sangat penting hendaknya kita senantiasa menjaga diri kita untuk selalu berpikir positif dan bijak dalam penggunaan media yang ada.","1315220698395078656","","overthinkgrl","in","","0","1","0","https://x.com/overthinkgrl/status/1315220698395078656","1314956585022619649","overthinkgrl"
"1315220689721278464","Sun Oct 11 09:20:23 +0000 2020","0","Masalah kesehatan mental terjadi di seluruh dunia. Isu kesehatan mental ini memerlukan perhatian serius. Gejala berupa gejala emosional dan fisik yang berkaitan dengan stress seringkali dialami oleh generasi Z. Generasi Z adalah anak muda usia 12 sampai dengan 21 tahun.","1315220691780734977","","overthinkgrl","in","","0","1","0","https://x.com/overthinkgrl/status/1315220691780734977","1314956585022619649","overthinkgrl"
"1315219514376638466","Sun Oct 11 09:20:20 +0000 2020","0","KONDISI KESEHATAN MENTAL GENERASI Z PERLU MENJADI PERHATIAN BANYAK PIHAK Selain kajian ilmiah mengenai penyebab kondisi psikologis ini berbagai pihak juga perlu terus mengembangkan sosialisasi mengenai pentingnya kesadaran kesehatan mental.","1315220681890488320","","dearchshi","in","","0","1","0","https://x.com/dearchshi/status/1315220681890488320","1310205398834503683","dearchshi"
"1315220657727127552","Sun Oct 11 09:20:15 +0000 2020","0","Kondisi kesehatan mental generasi Z sangat perlu untuk menjadi perhatian banyak pihak. Oleh karena itu ini beberapa solusi untuk memperbaiki kesehatan mental generasi z.","1315220661229428736","","fitriayuasyari1","in","","0","1","0","https://x.com/fitriayuasyari1/status/1315220661229428736","4663829778","fitriayuasyari1"
"1315220657727127552","Sun Oct 11 09:20:15 +0000 2020","0","kondisi psikologis dan kesehatan mental generasi z tidak sebaik anggapan banyak orang. Menurut penelitian APA tahun 2018 anak muda usia 15 sampai 21 tahun adalah kelompok manusia dengan kondisi kesehatan mental terburuk dibandingkan dengan generasi-generasi lainnya","1315220659627159552","","fitriayuasyari1","in","","0","1","0","https://x.com/fitriayuasyari1/status/1315220659627159552","4663829778","fitriayuasyari1"
"1315220647161729026","Sun Oct 11 09:20:15 +0000 2020","0","Menurut penelitian APA tersebut diperoleh hasil bahwa sebanyak 91 persen generasi Z mempunyai gejala-gejala emosional maupun fisik yang berkaitan dengan stres seperti depresi dan gangguan kecemasan. Stres adalah faktor terbesar penyebab buruknya kesehatan mental generasi Z.","1315220659593601028","","TasyaRizkiS1","in","","0","1","0","https://x.com/TasyaRizkiS1/status/1315220659593601028","1315217481330425856","TasyaRizkiS1"
"1315220574851887105","Sun Oct 11 09:19:56 +0000 2020","0","Jenis masalah kesehatan mental yang umum terjadi pada generasi z adalah depresi dan kecemasan. WHO menyatakan bahwa 75% gangguan mental emosional memang umum terjadi sebelum usia 24 tahun. Dalam berbagai kasus bunuh diri merupakan akibat dari permasalahan kesehatan remaja.","1315220577905328133","","rindy_nida","in","","0","1","0","https://x.com/rindy_nida/status/1315220577905328133","1315186600624545792","rindy_nida"
"1315220574851887105","Sun Oct 11 09:19:55 +0000 2020","0","Kesehatan mental memegang peranan penting dalam diri remaja atau bagi generasi z di mana merupakan fase peralihan dari anak menuju dewasa sehingga terjadi banyak perubahan. Mulai dari perubahan secara fisik hormonal kognitif atau kecerdasan emosi dan perilaku.","1315220576311492609","","rindy_nida","in","","0","1","0","https://x.com/rindy_nida/status/1315220576311492609","1315186600624545792","rindy_nida"
"1315220555826565120","Sun Oct 11 09:19:50 +0000 2020","0","nama: wangi delita fakultas Mipa Jurusan kimia Cluster: 30 kesehatan mental adalah kesejahteraan psikologi atau jiwa seseorang. kesehatan mental dalam diri seseorang akan mempengaruhi kesehatan fisik. generasi Z harus bisa menjaga kesehatan mental di era sekarang ini.","1315220555826565120","","","in","","0","1","0","https://x.com/DelitaWangi/status/1315220555826565120","1315211496155049985","DelitaWangi"
"1315220536931176450","Sun Oct 11 09:19:48 +0000 2020","0","terakhir. Solusi dari pentingnya kesehatan mental pada generasi muda indonesia yaitu kita tidak bisa mungkiri apabila generasi Z memang menjadi keniscayaan. Depresi tidak berbeda dengan penyakit lainnya yg juga membutuhkan pengobatan pengobatan depresi bisa dilakukan dengan cara","1315220547786010624","","NWiradika","in","","0","1","0","https://x.com/NWiradika/status/1315220547786010624","1315163149507543040","NWiradika"
"1315218546289332224","Sun Oct 11 09:19:46 +0000 2020","0","Menurut penelitian American Psychological Association (APA) tahun 2018 berjudul Stress in America: Generation Z anak muda usia 15 sampai 21 tahun adalah kelompok manusia dengan kondisi kesehatan mental terburuk dibandingkan dengan generasi-generasi lainnya.","1315220539699466240","","AKA_DK45","in","","0","1","0","https://x.com/AKA_DK45/status/1315220539699466240","1305859905849442304","AKA_DK45"
"1315217251042164736","Sun Oct 11 09:19:43 +0000 2020","2","Masyarakat terutama generasi Z harus memperhatikan dan menjaga kesehatan mental masing-masing apalagi kita sebagai generasi Z akan menjadi generasi penerus bangsa. Stay safe stay healthy and stay strong! ","1315220523815583745","","salsaa_nur","in","Malang, Jawa Timur","0","1","0","https://x.com/salsaa_nur/status/1315220523815583745","980347191054057472","salsaa_nur"
"1315220505129934849","Sun Oct 11 09:19:41 +0000 2020","0","Inti yang dapat kita ambil adalah menjaga kesehatan mental sangatlah penting.Terlebih lagi apabila anda adalah generasi Z yang dihadapkan dengan dinamika kehidupan modern yang memiliki tekanan mental yang sangat luar biasa.","1315220515053662208","","syailndra","in","Jawa Timur, Indonesia","0","1","0","https://x.com/syailndra/status/1315220515053662208","1271334899803279360","syailndra"
"1315220504513396736","Sun Oct 11 09:19:39 +0000 2020","1","Di Indonesia mental health terdengar sangat tabu untuk dibahas. Padahal menurut American Psychological Association (APA) anak muda usia 15 sampai 21 tahun adalah kelompok manusia (generasi Z) dengan kondisi kesehatan mental terburuk dibandingkan dengan generasi-generasi lainnya","1315220506837049345","","happy_ndah","in","","0","1","0","https://x.com/happy_ndah/status/1315220506837049345","1311470375285342209","happy_ndah"
"1315220392756174851","Sun Oct 11 09:19:11 +0000 2020","19","Generasi Z Darurat Mental Kesehatan [A Thread] Nama : Fatimatun Zahro Akhiyar Fakultas : Ilmu Sosial dan Ilmu Politik Prodi : Ilmu Pemerintahan Cluster : 58","1315220392756174851","","","in","Jawa Tengah, Indonesia","1","1","3","https://x.com/yayyyyaa_/status/1315220392756174851","1269899990840733702","yayyyyaa_"
"1315219872536649733","Sun Oct 11 09:19:05 +0000 2020","0","kita tidak bisa meremehkan pentingnya kesehatan mental pada generasi muda atau generasi Z yang nantinya akan menjadi generasi penerus bangsa. Dan sudah saatnya kita sadar akan pentingnya menjaga kesehatan mental demi kebaikan diri sendiri dan lingkungan.","1315220365782646784","","alyayanuar2","in","","0","0","0","https://x.com/alyayanuar2/status/1315220365782646784","1310625382517751808","alyayanuar2"
"1315220360615223300","Sun Oct 11 09:19:04 +0000 2020","0","Mental Health pada generasi Z selalu menjadi sorotan. Terlebih saat ini banyak dari mereka sedang mengalami gangguan kesehatan mental.","1315220361957396480","","AiniaMasitta","in","","0","1","0","https://x.com/AiniaMasitta/status/1315220361957396480","1315208821774581760","AiniaMasitta"
"1315218131502034944","Sun Oct 11 09:18:59 +0000 2020","0","Perawat terdidik dapat bekerja dengan Generasi Z untuk memberikan dampak positif pada kesehatan mental mereka. Bahkan jika mereka tidak dapat memberikan perawatan yang sama seperti ahli kesehatan mental perawat tetap dapat membantu pasien.","1315220340709097473","","langitjingga_28","in","","0","1","0","https://x.com/langitjingga_28/status/1315220340709097473","1272682789935017984","langitjingga_28"
"1315214530683699201","Sun Oct 11 09:18:58 +0000 2020","0","Meskipun beban mental yang dihadapi generasi Z benar-benar berat tetap ada cara untuk menanggulangi beban tersebut. Dilansir dari Unicef Indonesia berikut adalah beberapa cara menjaga kesehatan mental di tengah pandemic Covid-19.","1315220337970143232","","OctoPutra","in","","0","1","0","https://x.com/OctoPutra/status/1315220337970143232","1313657233054396417","OctoPutra"
"1315219311712063490","Sun Oct 11 09:18:53 +0000 2020","0","Untuk itu kita sebagai generasi Z yang merupakan generasi penerus bangsa harus tetap menjaga kesehatan mental dan fisik.","1315220316176543744","","Ryyyyyy82480411","in","","0","0","0","https://x.com/Ryyyyyy82480411/status/1315220316176543744","1313494149673488385","Ryyyyyy82480411"
"1315220285264601089","Sun Oct 11 09:18:48 +0000 2020","0","menunjukkan bahwa setiap detik terdapat satu orang yang melakukan bunuh diri di seluruh dunia. Bahkan bunuh diri menjadi penyebab kematian terbesar kedua pada usia 15-29 tahun. Dari data diatas dapat disimpulkan bahwa Generasi Z dan Generasi Milenial memiliki Kesehatan Mental..","1315220292726214656","","Rlarst1","in","","0","1","0","https://x.com/Rlarst1/status/1315220292726214656","1313496003186692096","Rlarst1"
"1315219624519061504","Sun Oct 11 09:18:42 +0000 2020","0","Ini semua dapat memunculkan kecenderungan untuk menyakiti diri bahkan bunuh diri. Generasi z rentan mengalami gangguan kesehatan mental. Angka bunuh diri muda pun terlihat terus naik. Perubahan gaya hidup dan teknologi pun turut mempengaruhi kesehatan jiwa bagi generasi muda.","1315220269523329025","","zulkovskiii","in","Tangerang, Banten","0","1","0","https://x.com/zulkovskiii/status/1315220269523329025","1288838791273144322","zulkovskiii"
"1315220222756880384","Sun Oct 11 09:18:33 +0000 2020","0","Pemaparan-pemaparan tersebut menunjukkan bahwa generasi Z tak hanya dekat dengan teknologi melainkan juga dekat dengan kondisi kesehatan mental yang buruk. Berbagai kemudahan akses informasi teknologi hingga cara-cara berkomunikasi justru mempunyai efek samping yang merugikan","1315220230231138304","","faktaNopini","in","","0","1","0","https://x.com/faktaNopini/status/1315220230231138304","1088021785843363840","faktaNopini"
"1315218882534109185","Sun Oct 11 09:18:31 +0000 2020","0","Oleh karena itu kondisi kesehatan mental Generasi Z perlu diperhatikan. Solusi lainnya adalah sikap pro-aktif dari diri generasi Z dalam memahami kondisi kesehatan mentalnya sendiri seperti memperbanyak bacaan tentang mental dan berkomunikasi secara langsung dengan psikiater.","1315220223859982336","","calllmearaa","in","she/her","0","1","0","https://x.com/calllmearaa/status/1315220223859982336","1144897516808241152","calllmearaa"
"1315220222714937344","Sun Oct 11 09:18:31 +0000 2020","0"," Pentingnya Mental Health Bagi Generasi Z Saat ini banyak generasi z yang terganggu kesehatan mental nya karena pandemi. Miftahul Jannah FMIPA kimia cluster 46. #Adhikara58 #MabaUB2020 #RAJABrawijaya2020 #KitaSatuBrawijaya #KreasiNyataBrawijayans #LoveYourself","1315220222714937344","","","in","","0","0","0","https://x.com/jannahmifta03/status/1315220222714937344","1310437868892909569","jannahmifta03"
"1315218131502034944","Sun Oct 11 09:18:22 +0000 2020","0","Teknologi dan kesehatan mental teknologi juga merupakan faktor langsung pada kesehatan mental Generasi Z. Teknologi dan media sosial memberikan perasaan terhubung bahkan ketika Anda tidak benar-benar terhubung.","1315220186992054273","","langitjingga_28","in","","0","1","0","https://x.com/langitjingga_28/status/1315220186992054273","1272682789935017984","langitjingga_28"
"1315220143908085760","Sun Oct 11 09:18:21 +0000 2020","0","Saya bernama Christian Noel Pasaribu dari Fakultas Ekonomi dan Bisnis UB Jurusan Ilmu Ekonomi dari cluster 12 mengajak generasi z agar memikirkan tentang kesehatan mental. #MentalHealth #Adhikara58 #MabaUB2020 #RAJABrawijaya2020 #KitaSatuBrawijaya #KreasiNyataBrawijayans","1315220179492597760","","ChristianNoelP4","in","","0","0","0","https://x.com/ChristianNoelP4/status/1315220179492597760","1315208727184642048","ChristianNoelP4"
"1315220176988561408","Sun Oct 11 09:18:20 +0000 2020","6","Kesehatan Mental yang Mulai Terangkat Berbicara mengenai kesehatan mental di Era sekarang kini menjadi daya tarik paling diminati terutama untuk generasi Z. Tak sulit untuk menjumpai jurnal maupun artikel yang membahas tentang kesehatan mental.","1315220176988561408","","","in","","0","1","0","https://x.com/megakw2/status/1315220176988561408","1247826373105700864","megakw2"
"1315217619046162432","Sun Oct 11 09:18:16 +0000 2020","0","[3]Menurut WHO satu dari lima orang di dunia ini mengalami gangguan mental[1]. Menurut penelitian American Psychological Association (APA) tahun 2018 berjudul Stress in America: Generation Z Gen Z adalah generasi dengan kondisi kesehatan mental terburuk dibandingkan dengan","1315220158911188992","","deryricharde","in","","0","1","0","https://x.com/deryricharde/status/1315220158911188992","1314947895817240580","deryricharde"
"1315215567100411904","Sun Oct 11 09:18:11 +0000 2020","1","Maka dari itu demi melanjutkan perkembangan akan pentingnya kesadaran kesehatan mental Generasi Z diharapkan mampu menjadi penerus aksi kebaikan yang dapat menyelamatkan banyak orang tersebut. &lt;3","1315220138841403393","","fuvrelise","in","ca","0","1","1","https://x.com/fuvrelise/status/1315220138841403393","712616323566559232","fuvrelise"
"1315217850894671874","Sun Oct 11 09:18:11 +0000 2020","0","Menilik berbagai kenyataan diatas dapat disimpulkan bahwa penyebab terganggunya kesehatan mental para generasi z adalah tuntutan pada dasarnya tuntutan yang utama bukan dari lingkungan sekitar namun dari mereka sendiri.","1315220137662836738","","matchaawhip","in","","0","1","0","https://x.com/matchaawhip/status/1315220137662836738","1163411978909409281","matchaawhip"
"1315218131502034944","Sun Oct 11 09:18:03 +0000 2020","1","Pengaruh stress pada kesehatan mental jenis stres ini berdampak langsung pada kesehatan mental Generasi Z. Karena semua stres kronis yang dirasakan Gen Z mereka mengalami peningkatan tingkat kecemasan dan depresi.","1315220104062279680","","langitjingga_28","in","","0","1","0","https://x.com/langitjingga_28/status/1315220104062279680","1272682789935017984","langitjingga_28"
"1315219963443986434","Sun Oct 11 09:17:29 +0000 2020","1","Pentingnya Kesehatan Mental Bagi Remaja. Generasi Z rentan terkena gangguan mental. Banyak perubahan dan penyesuaian terjadi baik secara psikologis emosional &amp; finansial #Adhikara58 #MabaUB2020 #RAJABrawijaya2020 #KitaSatuBrawijaya #KreasiNyataBrawijayans #LoveYourself","1315219963443986434","","","in","","0","1","0","https://x.com/ZhafranAnnaufal/status/1315219963443986434","1315212506441211904","ZhafranAnnaufal"
"1315219890714800128","Sun Oct 11 09:17:16 +0000 2020","0","Itulah hal-hal yang bisa dilakukan oleh para generasi z untuk menjaga kesehatan mental Don t dissapear cause your existence means a lot BTS mikrokosmos #LetsGoOn #LetsLiveOn #Adhikara58 #MabaUB2020 #RAJABrawijaya #KitaSatuBrawijaya #KreasiNyataBrawijayans","1315219908402147329","","remahanwhiskas_","in","","0","0","0","https://x.com/remahanwhiskas_/status/1315219908402147329","1128403956827209728","remahanwhiskas_"
"1315219888412086272","Sun Oct 11 09:17:13 +0000 2020","3","Untuk mengatasi berbagai masalah gangguan mental pada masa sekarang untuk generasi Z dan yang lainnya yaitu dengan cara menjaga dan merawat kesehatan tubuh mengelola stress menetapkan tujuan dalam hidup dan mulai bergaul.","1315219894724485120","","Novitadhea6","in","","0","1","0","https://x.com/Novitadhea6/status/1315219894724485120","1310523063465730048","Novitadhea6"
"1315215606694600711","Sun Oct 11 09:17:12 +0000 2020","0","generasi z. Masa depan remaja sekarang akan terancam karena tidak sadarnya akan pentingnya kesehatan mental. Ini bisa menjadi penghambat jika ada masalah mental yang tidak terselesaikan dengan jangka waktu yang lama. Jikalau sudah begini Indonesia secara pembangunan negara pun","1315219891503337478","","celinditaaa","in","","0","1","0","https://x.com/celinditaaa/status/1315219891503337478","1313077626429345795","celinditaaa"
"1315219017758466050","Sun Oct 11 09:17:08 +0000 2020","0","Kondisi kesehatan mental generasi Z sangat perlu untuk menjadi perhatian banyak pihak. Selain kajian-kajian ilmiah mengenai penyebab kondisi psikologis #Adhikara58 #MabaUB2020 #RAJABrawijaya2020 #KitaSatuBrawijaya #KreasiNyataBrawijayans","1315219876395376643","","HaykalJohan","in","","0","0","0","https://x.com/HaykalJohan/status/1315219876395376643","1312771591311298560","HaykalJohan"
"1315219845047173120","Sun Oct 11 09:17:01 +0000 2020","0","menurut penelitian American Psychological Association (APA) tahun 2018 berjudul Stress in America: Generation Z anak muda usia 15 sampai 21 tahun adalah kelompok manusia dengan kondisi kesehatan mental terburuk dibandingkan dengan generasi-generasi lainnya.","1315219845047173120","","","in","","0","0","0","https://x.com/Horizon245/status/1315219845047173120","1314142650530840577","Horizon245"
"1315219834607554560","Sun Oct 11 09:17:01 +0000 2020","0","Menurut penelitian American Psychological Association (APA) tahun 2018 berjudul Stress in America: Generation Z anak muda usia 15 sampai 21 tahun adalah kelompok manusia dengan kondisi Kesehatan mental terburuk dibandingkan dengan generasi-generasi lainnya.","1315219844082458625","","muhamma00954653","in","","0","1","0","https://x.com/muhamma00954653/status/1315219844082458625","1310474090147323906","muhamma00954653"
"1315219035219320833","Sun Oct 11 09:16:55 +0000 2020","0","Pandemi Covid-19 tak hanya berdampak pada orang dewasa namun juga berdampak pada generasi Z atau para remaja. Wabah pandemi corona tak dapat dipungkiri juga berdampak pada kehidupan sosial remaja yang rentan mengalami gangguan kesehatan mental.","1315219818673389568","","nikdinn","in","","0","1","0","https://x.com/nikdinn/status/1315219818673389568","1252953493658202112","nikdinn"
"1315219759244275712","Sun Oct 11 09:16:40 +0000 2020","1","Peluang usaha dirumah sbg digital networker paling pas di pilih saat kondisi sprti saat ini. Tdk hy di tekuni oleh org yg melek teknologi tp yg gaptek pun jg bisa contohnya sprti emak2 yg di youtube ini/: https://t.co/SwwhIUBr7t Kesehatan mental Generasi Z Nilai Twitter Saya https://t.co/5ucTFWgmy5","1315219759244275712","https://pbs.twimg.com/media/EkCZZdJVcAEaVaR.jpg","","in","","0","0","0","https://x.com/DaftarMitraAbe/status/1315219759244275712","1204957120182902784","DaftarMitraAbe"
"1315219734112075776","Sun Oct 11 09:16:36 +0000 2020","0","Generazi Z adalah generasi dimana teknologi sudah canggih seperti saat ini. Kesehatan adalah utama bagi kalian khususnya mental health. Banyak yang mengalami mental health pada generasi z dan jangan terlalu menilai kekurangan orang lain.","1315219739023601664","","afdelMS","in","","0","1","0","https://x.com/afdelMS/status/1315219739023601664","996491431345733632","afdelMS"
"1315219737257811968","Sun Oct 11 09:16:35 +0000 2020","3","Kondisi Kesehatan Mental Generasi Z pada Kondisi Pandemi [ A Thread]","1315219737257811968","","","in","mlg","0","1","0","https://x.com/lipiiye/status/1315219737257811968","858980097931395072","lipiiye"
"1315219734112075776","Sun Oct 11 09:16:35 +0000 2020","0","Mental health adalah suatu masalah kesehatan yang penting dalam diri kita. Bagaimana cara mengatasi jika kita mengalani mental health?. Bagaimana menanganinya?. Kali ini aku akan membahas solusi bagi generasi Z yang mengalami mental health.","1315219736339255296","","afdelMS","in","","0","1","0","https://x.com/afdelMS/status/1315219736339255296","996491431345733632","afdelMS"
"1315219734112075776","Sun Oct 11 09:16:34 +0000 2020","1","Ringkasan Pentingnya Mental Health Bagi Generasi Z Kesehatan merupakan topik tang seharusnya dikaji secara integral yaitu tidak hanya membahas tentang penyakit fisik namun penyakit mental juga. Kesehatan mental belum mendapatkan perhatian khusus.","1315219734112075776","","","in","","0","2","0","https://x.com/afdelMS/status/1315219734112075776","996491431345733632","afdelMS"
"1315219729984876545","Sun Oct 11 09:16:33 +0000 2020","0","Saat ini Kesehatan mental sering dianggap kalah penting dengan Kesehatan jasmani padahal tidak sedikit orang yang masih muda sehat bugar juga mengalami gangguan Kesehatan mental. WHO menyebutkan bahwa anak muda alias generasi Z saat ini lebih rentan terkena mental Ilness.","1315219729984876545","","","in","","0","0","0","https://x.com/Horizon245/status/1315219729984876545","1314142650530840577","Horizon245"
"1315219729129250817","Sun Oct 11 09:16:33 +0000 2020","0","Generasi ini memanfaatkan dunia virtual sebagai tempat pelarian dari kehidupan nyata. Sayangnya teknologi masa kini apabila tidak diapaakai untuk hal positif bisa membuat kondisi kesehatan mental generasi Z menjadi lebih buruk.","1315219729129250817","","","in","","0","0","0","https://x.com/himatulamaliaaa/status/1315219729129250817","1153483399778095105","himatulamaliaaa"
"1315219665291886593","Sun Oct 11 09:16:29 +0000 2020","0","hal penting yang harus dihadapi manusia dalam sepanjang hidupnya. Bila generasi Z tak menguasai hal-hal itu lantas bagaimana mereka bisa melanjutkan hidup di dunia nyata ini? Berikut cara agar dapat mencegah kesehatan mental agar tidak mudah stres : 1.Afirmasi/Visualisasi","1315219712758800387","","devinaariftaaa","in","Bawean, Indonesia","0","1","0","https://x.com/devinaariftaaa/status/1315219712758800387","1313434343491039233","devinaariftaaa"
"1315219705074917376","Sun Oct 11 09:16:29 +0000 2020","0"," Kalian pasti udah akibat pandemi Covid-19 ini banyak memberikan dampak baik dampak krisis secara global baik ekonomi sosial maupun kesehatan mental. Ternyata kesehatan mental itu perlu untuk di perhatikan lo apalagi bagi kita generasi z yang dekat dengan teknologi.","1315219709705371648","","imeldaa_sisca","in","Kota Medan, Sumatera Utara","0","1","0","https://x.com/imeldaa_sisca/status/1315219709705371648","1268386513261228033","imeldaa_sisca"
"1315219665291886593","Sun Oct 11 09:16:28 +0000 2020","0","Sayangnya internet bisa membuat kondisi kesehatan mental generasi Z menjadi lebih buruk. Kecenderungan-kecenderungan psikologis tersebut bisa berdampak buruk pada kehidupan sosial generasi Z. Kemampuan penyelesaian masalah dan hubungan dengan manusia-manusia lain adalah","1315219708623241219","","devinaariftaaa","in","Bawean, Indonesia","0","1","0","https://x.com/devinaariftaaa/status/1315219708623241219","1313434343491039233","devinaariftaaa"
"1315219514376638466","Sun Oct 11 09:16:26 +0000 2020","0","Menurut penelitian APA tersebut diperoleh hasil bahwa sebanyak 91 persen generasi Z mempunyai gejala-gejala emosional maupun fisik yang berkaitan dengan stres seperti depresi dan gangguan kecemasan. Stres adalah faktor terbesar penyebab buruknya kesehatan mental generasi Z.","1315219698179428355","","dearchshi","in","","0","1","0","https://x.com/dearchshi/status/1315219698179428355","1310205398834503683","dearchshi"
"1315219696396849152","Sun Oct 11 09:16:25 +0000 2020","3","Mental Health is very important. Generasi Z adalah generasi penerus bangsa wajib menjaga kesehatan fisik maupun kesehatan batin. Love yourself Sabrina Amaliya Fakultas Hukum Cluster 55 #Adhikara58 #MabaUB2020 #RAJABrawijaya2020 #KitaSatuBrawijaya #KreasiNyataBrawijayans","1315219696396849152","","","in","","0","0","0","https://x.com/SabrinaAmaliya/status/1315219696396849152","1310754145335296001","SabrinaAmaliya"
"1315219665291886593","Sun Oct 11 09:16:23 +0000 2020","0","anak muda usia 15 sampai 21 tahun adalah kelompok dengan kondisi kesehatan mental terburuk dibandingkan dengan generasi lainnya.Di peroleh hasil bahwa sebanyak 91 persen generasi Z mempunyai gejala-gejala emosional maupun fisik yang berkaitan dengan stres seperti depresi dan","1315219686691201025","","devinaariftaaa","in","Bawean, Indonesia","0","1","0","https://x.com/devinaariftaaa/status/1315219686691201025","1313434343491039233","devinaariftaaa"
"1315219665291886593","Sun Oct 11 09:16:18 +0000 2020","1","Darurat Kesehatan Mental pada Generasi Z Nama : Devina Arifta Rahmadina NIM : 205070507111019 Fakultas : Kedokteran Prodi : Farmasi Cluster : 1Ada istilah yang bunyinya Live while we re young! atau dapat diartikan nikmatilah hidup selagi kamu muda! ","1315219665291886593","","","in","Bawean, Indonesia","0","1","0","https://x.com/devinaariftaaa/status/1315219665291886593","1313434343491039233","devinaariftaaa"
"1315219084120739844","Sun Oct 11 09:16:11 +0000 2020","0","Namun kebanyakan Generasi Z memiliki permasalahan dengan kesehatan mental mereka salah satunya adalah depresi dan gangguan kecemasan. Permasalahan mental ini biasanya dipicu oleh tekanan dari lingkungan untuk meraih kesuksesan dan tidak menolerir kegagalan ","1315219634497286146","","hatataww","in","","0","1","0","https://x.com/hatataww/status/1315219634497286146","1085463482374381570","hatataww"
"1315218131502034944","Sun Oct 11 09:16:10 +0000 2020","0","Menurut penelitian American Psychological Association (APA) tahun 2018 berjudul Stress in America: Generation Z anak muda usia 15 sampai 21 tahun adalah kelompok manusia dengan kondisi kesehatan mental terburuk dibandingkan dengan generasi-generasi lainnya.","1315219633692045312","","langitjingga_28","in","","0","1","0","https://x.com/langitjingga_28/status/1315219633692045312","1272682789935017984","langitjingga_28"
"1315219597981704192","Sun Oct 11 09:16:05 +0000 2020","0","Kesehatan mental yang dialami banyak orang dalam generasi Z disebabkan oleh beberapa hal. Peningkatan angka bunuh diri peningkatan laporan terhadap kasus pelecehan seksual pemanasan global dan perubahan iklim adalah beberapa faktor pemicu stres generasi Z.","1315219609759281153","","badhuskyy","in","Bali, Indonesia","0","1","0","https://x.com/badhuskyy/status/1315219609759281153","998522790733991936","badhuskyy"
"1315219597981704192","Sun Oct 11 09:16:04 +0000 2020","0","Menurut penelitian American Psychological Association (APA) tahun 2018 berjudul Stress in America: Generation Z anak muda usia 15 sampai 21 tahun adalah kelompok manusia dengan kondisi kesehatan mental terburuk dibandingkan dengan generasi-generasi lainnya.","1315219605883772928","","badhuskyy","in","Bali, Indonesia","0","1","0","https://x.com/badhuskyy/status/1315219605883772928","998522790733991936","badhuskyy"
"1315219552058261504","Sun Oct 11 09:15:52 +0000 2020","1","Nah bagi generasi Z untuk menyikapi hal tersebut adalah dengan memanfaatkan teknologi untuk berkonsultasi dengan dokter melalui halodoc klik dokter dll. Agar kita bisa tetap menjaga kesehatan baik fisik maupun mental.","1315219557540192261","","MerinaNurlaili","in","Tulungagung, Jawa Timur","0","1","0","https://x.com/MerinaNurlaili/status/1315219557540192261","1310499185779642369","MerinaNurlaili"
"1315219513541980162","Sun Oct 11 09:15:42 +0000 2020","0","-THREAD- Pengaruh Media Sosial Terhadap Kesehatan Mental Generasi Z Anna Ayuningtyas Universitas Brawijaya Fakultas Pertanian Program Studi Agroekoteknologi Cluster 22 #BEURSELF #Adhikara58 #MabaUB2020 #RAJABrawijaya2020 #KitaSatuBrawijaya #KreasiNyataBrawijayans","1315219513541980162","","","in","","0","1","0","https://x.com/hiimanna_/status/1315219513541980162","1310573556007235584","hiimanna_"
"1315217850894671874","Sun Oct 11 09:15:38 +0000 2020","0","Generasi Z yang mengalami gangguan kesehatan mental juga disebabkan oleh ekspetasi mereka yang terlalu tinggi. Mereka berusaha semaksimal mungkin untuk meraih prestasi terbaik.","1315219499264610306","","matchaawhip","in","","0","1","0","https://x.com/matchaawhip/status/1315219499264610306","1163411978909409281","matchaawhip"
"1315217850894671874","Sun Oct 11 09:15:38 +0000 2020","0","Banyaknya generasi Z yang mengalami gangguan kesehatan mental biasanya diakibatkan banyaknya tekanan yang mereka dapatkan. Ketatnya persaingan menyebabkan mereka merasa tertekan apalagi jika orang tua menghendaki mereka bisa berprestasi yang gemilang","1315219497586843648","","matchaawhip","in","","0","1","0","https://x.com/matchaawhip/status/1315219497586843648","1163411978909409281","matchaawhip"
"1315217850894671874","Sun Oct 11 09:15:38 +0000 2020","0","Terganggunya kesehatan mental yang paling menghawatirkan saat ini adalah yang terjadi pada generasi z. Mengapa demikian? Karena generasi z saat ini merupakan generasi penerus bangsa yang kelak akan menentukan ke mana masa depan bangsa ini akan dibawa.","1315219495816851456","","matchaawhip","in","","0","1","0","https://x.com/matchaawhip/status/1315219495816851456","1163411978909409281","matchaawhip"
"1315216245730361345","Sun Oct 11 09:15:37 +0000 2020","0","Bagi generasi Z seperti kita kesehatan mental sangatlah penting karena kondisi mental yang sehat kita dapat belajar bekerja beraktivitas dan menghadapi masalah dengan baik.","1315219494743142400","","RaihanShadiq2","in","","0","1","0","https://x.com/RaihanShadiq2/status/1315219494743142400","1315211054427766786","RaihanShadiq2"
"1315218882534109185","Sun Oct 11 09:15:36 +0000 2020","0","Stres merupakan faktor terbesar penyebab gangguan kesehatan mental anak-anak Generasi Z. Stres ini bisa saja diakibatkan karena penggunaan sosial media yang berlebihan. Karena anak-anak Generasi Z lebih sering berinteraksi menggunakan gadget melalui media sosial.","1315219488497790977","","calllmearaa","in","she/her","0","1","0","https://x.com/calllmearaa/status/1315219488497790977","1144897516808241152","calllmearaa"
"1315219126961336320","Sun Oct 11 09:15:34 +0000 2020","2","Kita sebagai Generasi Z para penerus bangsa harus bisa lebih memperhatikan kesehatan diri baik fisik maupun mental. Karena kesehatan mentalmu itu penting!","1315219480172138496","","cloudyyyrose","in","","0","1","0","https://x.com/cloudyyyrose/status/1315219480172138496","2353282634","cloudyyyrose"
"1315217816769851393","Sun Oct 11 09:15:31 +0000 2020","0","Oleh karena itu kondisi kesehatan mental bagi generasi Z perlu sekali diperhatikan Adapun cara dalam pencegahan kesehatan mental bagi generasi Z yaitu dengan : berbagilah dengan keluarga maupun teman saat menghadapi masalah alihkan pikiran ke hal yang positif olahraga dll.","1315219468310646785","","Intannh82589021","in","","0","0","0","https://x.com/Intannh82589021/status/1315219468310646785","1294933644369211395","Intannh82589021"
"1315216271739252736","Sun Oct 11 09:15:27 +0000 2020","0","Menurut penelitian AmericanPsychological Association (APA) tahun 2018 berjudul Stress in America: Generation Z anak muda pada usia 15-26 tahun adalah kelompok manusia dengan kondisi kesehatan mental terburuk dibandingkan dengan generasi-generasi lainnya.","1315219452871368704","","Res_resalah","in","","0","1","0","https://x.com/Res_resalah/status/1315219452871368704","1310091361794678785","Res_resalah"
"1315216271739252736","Sun Oct 11 09:15:27 +0000 2020","0","Kesehatan mental sangatlah penting terutama bagi generasi Z.Kesehatan mental adalah keadaan seseorang yang berfungsi pada tingkat penyesuaian emosi dan perilaku yang memuaskan.","1315219451285925889","","Res_resalah","in","","0","1","0","https://x.com/Res_resalah/status/1315219451285925889","1310091361794678785","Res_resalah"
"1315219411284848640","Sun Oct 11 09:15:17 +0000 2020","0","Kesehatan mental sangat dekat dengan generasi z fase dewasa muda atau remaja akhir yang dialami mereka menjadi salah satu faktor. Tapi percayalah kehilangan akan pencarian selalu ada kita hanya perlu beradaptasi. Apa yang dilihat di mata bukan yang terjadi di hati jadi jangan","1315219411284848640","","","in","","0","1","0","https://x.com/MaulanaRisqi3/status/1315219411284848640","1315217228518748165","MaulanaRisqi3"
"1315219403114344448","Sun Oct 11 09:15:15 +0000 2020","0","Pentingnya Mental Health di Era Pandemi Bagi Generasi Z Sehat tidak hanya dari segi fisik saja. tetapi sehat juga berarti tentang kesehatan jiwa. Persoalan kesehatan jiwa masih dianggap kalah penting dibandingkan kesehatan fisik.","1315219403114344448","","","in","","0","1","0","https://x.com/jwrmaaa/status/1315219403114344448","1304663002193387521","jwrmaaa"
"1315217879864762371","Sun Oct 11 09:15:11 +0000 2020","0","Solusinya untuk gangguan kesehatan mental bagi generasi Z adalah dengan melakukan pengobatan. Pau Gionfriddo Pesident dan CEO Mental Health America mengatakan pengobatan depresi bisa berupa konseling mendatangi psikologi meditasi atau melakukan hal-hal yang menenagkan jiwa.","1315219383451414528","","wkdhskn","in","","0","1","0","https://x.com/wkdhskn/status/1315219383451414528","1188444014351044608","wkdhskn"
"1315219376778272768","Sun Oct 11 09:15:09 +0000 2020","10","Nama : Agista Risky Meylandari Fakultas : Ilmu Administrasi Jurusan : Administrasi Publik Cluster : 60 Mental Health Dampak Wabah Covid 19 Bagi Kesehatan Mental Generasi Z Gen Z adalah generasi yang paling keras terhantam karena adanya pandemi COVID-19.","1315219376778272768","","","in","","0","1","0","https://x.com/aaagistaaa/status/1315219376778272768","1101877335546970112","aaagistaaa"
"1315217862873673728","Sun Oct 11 09:15:08 +0000 2020","0","Mental health berarti kesehatan mental yang merupakan keadaan dimana seseorang sehat secara penuh atau dalam keadaan yang sempurna baik secara fisik mental maupun sosial. Keadaan ini sangat berpengaruh terhadap psikologis seseorang khususnya bagi generasi Z.","1315219372126789633","","syarniacn","in","","0","1","0","https://x.com/syarniacn/status/1315219372126789633","1315185013042810881","syarniacn"
"1315215971401912320","Sun Oct 11 09:15:02 +0000 2020","0","MENTAL HEALTH PADA GENERASI Z Dalam beberapa tahun terakhir semakin banyak pengakuan akan pentingnya kesehatan mental khususnya bagi generasi Z. Di zaman yang serba mudah menjajah media sosial ini kesahatan mental generasi Z sudah dalam tahap dadurat.","1315219344666759173","","agmave1","in","","0","1","0","https://x.com/agmave1/status/1315219344666759173","1304655970887299073","agmave1"
"1315217251042164736","Sun Oct 11 09:15:01 +0000 2020","2","Namun kita sering menjumpai gangguan kesehatan mental pada masyarakat terutama pada generasi Z terutama pada akhir-akhir ini karena adanya pandemi COVID-19","1315219342145978368","","salsaa_nur","in","Malang, Jawa Timur","0","1","0","https://x.com/salsaa_nur/status/1315219342145978368","980347191054057472","salsaa_nur"
"1315219323854622724","Sun Oct 11 09:14:57 +0000 2020","0","Mental Health Generasi Z Kesehatan mental adalah kondisi ketika batin kita dalam keadaan tenang sehingga memungkinkan kita untuk menikmati kehidupan. ____ Tiara Kedokteran Hewan Cluster 54 #Adhikara58 #MabaUB2020 #RAJABrawijaya2020 #KitaSatuBrawijaya #KreasiNyataBrawijayans","1315219323854622724","","","in","","0","0","0","https://x.com/Tiara75405354/status/1315219323854622724","1315207767183904768","Tiara75405354"
"1315218882534109185","Sun Oct 11 09:14:56 +0000 2020","0","Generasi Z sangatlah rentan dengan masalah tentang kesehatan mental. Menurut penelitian APA Generasi Z memiliki gejala-gejala emosional maupun fisik yang berkaitan dengan stres seperti depresi dan gangguan kecemasan.","1315219322961162240","","calllmearaa","in","she/her","0","1","0","https://x.com/calllmearaa/status/1315219322961162240","1144897516808241152","calllmearaa"
"1315218470343045125","Sun Oct 11 09:14:50 +0000 2020","0","Tantangan untuk menjaga kesehatan mental di tengah pandemi lebih berat dihadapi oleh generasi Z karena berdasarkan survey yang diadakan oleh APA (American Psychological Association) generasi Z lebih mudah terserang psikisnya karena tuntutan dunia kreatif yang semakin ","1315219296398712832","","checkoves","in","Chulalongkorn University","0","1","0","https://x.com/checkoves/status/1315219296398712832","1069550979131920385","checkoves"
"1315219288739909635","Sun Oct 11 09:14:48 +0000 2020","0","Pentingnya Mental Health untuk Generasi Z Mental Health bagi generasi Z . Sebelumnya apakah sahabat milenialku sudah tahu apa itu Mental Health . Kata Mental artimya kepribadian watak jiwa. Sedangkan Health artinya kesehatan. https://t.co/ExmEjz11nf","1315219288739909635","https://pbs.twimg.com/media/EkCY-PNUYAA2asY.jpg","","in","","0","1","0","https://x.com/FajriAbdillah13/status/1315219288739909635","1310570497944375297","FajriAbdillah13"
"1315219255730696196","Sun Oct 11 09:14:42 +0000 2020","0","maupun fisik yang berkaitan dengan stres seperti depresi dan gangguan kecemasan. Stres adalah faktor terbesar penyebab buruknya kesehatan mental generasi Z. Ada beberaba masalah kesehatan yang dapat timbul akibat stress yang rawan terjadi pada generasi Z seperti insomnia lelah","1315219260982001664","","Raiksm_","in","","0","1","0","https://x.com/Raiksm_/status/1315219260982001664","1163107365048029184","Raiksm_"
"1315219257295208448","Sun Oct 11 09:14:41 +0000 2020","0","⠀ Kesehatan Mental Generasi Z di Era Pandemi A Thread ⠀","1315219257295208448","","","in","","0","1","0","https://x.com/xuanjis/status/1315219257295208448","1315187870043271173","xuanjis"
"1315219194061811712","Sun Oct 11 09:14:26 +0000 2020","1","Sebagai generasi Z pengguna aktif media sosial harus cerdas dan bijak dalam bermedia sosial. (Kesehatan Mental)","1315219194061811712","","","in","","0","0","0","https://x.com/W20nov/status/1315219194061811712","3178158050","W20nov"
"1315217482509033472","Sun Oct 11 09:14:21 +0000 2020","0","Kita sebagai generasi penerus bangsa Gen Z sudah harus bisa menghapus stigma buruk tentang kesehatan mental. Bantu edukasi kalau teman sedang stress atau terpuruk itu harusnya dibantu dan ditemani.Gunakan sosial media untuk menyebarkan kasih sayang alih alih hate speech","1315219175061643264","","AGiofran","in","","0","1","0","https://x.com/AGiofran/status/1315219175061643264","1315216245139013635","AGiofran"
"1315215672780091392","Sun Oct 11 09:14:21 +0000 2020","1","Selain perubahan tersebut teknologi juga ikut berkontribusi terhadap kesehatan mental generasi Z. Salah satunya adalah penggunaan media sosial. Di Instagram semua orang seakan berlomba-lomba menunjukkan kesempurnaan mereka.","1315219172775796736","","trinketsthetic","in","","0","1","0","https://x.com/trinketsthetic/status/1315219172775796736","999930405351387136","trinketsthetic"
"1315219160331243521","Sun Oct 11 09:14:18 +0000 2020","0","Sehat bukan hanya tentang sehat fisik melainkan kesehatan jiwa sangatlah penting bagi setiap manusia. Kekerasan hingga pemanasan global adalah faktor menurunnya mental health Generasi Z. #Adhikara58 #MabaUB2020 #RAJABrawijaya2020 #KitaSatuBrawijaya #KreasiNyataBrawijayans","1315219160331243521","","","in","","0","0","0","https://x.com/wildansugab/status/1315219160331243521","1211958889022812160","wildansugab"
"1315219156401221632","Sun Oct 11 09:14:17 +0000 2020","0","Kesehatan mental merupakan kondisi dimana jiwa seseorang mempengaruhi tindakan dan emosional. Diera digitalisasi ini kesehatan mental generasi z memburuk. Banyak dari generasi z yang mengidap penyakit stress dikarenakan tidak mampi beradaptasi dalam globalisasi","1315219159144300545","","Muhamma03746878","in","","0","1","0","https://x.com/Muhamma03746878/status/1315219159144300545","1313474696004935680","Muhamma03746878"
"1315219126961336320","Sun Oct 11 09:14:10 +0000 2020","6","[Pentingnya Mental Health Bagi Generasi Z] Banyak dari kita yang abai bahkan tidak mau mengakui kepada diri kita sendiri jika kesehatan mental kita terganggu.","1315219126961336320","","","in","","0","1","0","https://x.com/cloudyyyrose/status/1315219126961336320","2353282634","cloudyyyrose"
"1315219109798309888","Sun Oct 11 09:14:07 +0000 2020","2","Media sosial dan lingkungan di sekitar remaja ikut andil dalam peranan penting dalam pengaruh kesehatan mental generasi Z. Kecanduan cyber-bullying rasa kesepian adalah 3 faktor utama yang sangat mempengaruhi kesehatan mental bagi remaja Generasi Z.","1315219115376668674","","Yehezkielw02","in","","0","1","0","https://x.com/Yehezkielw02/status/1315219115376668674","1289146899023323137","Yehezkielw02"
"1315219110603620352","Sun Oct 11 09:14:06 +0000 2020","3","Peran Generasi Z untuk Meminimalisir Gangguan Kesehatan Mental di Indonesia [A THREAD] Nama : Nabila Azahro Safitri Fakultas : Ilmu Administrasi Jurusan : Ilmu Administrasi Publik Cluster : 11 https://t.co/0uqAPwVDlw","1315219110603620352","","","in","","0","1","0","https://x.com/heyoowbruh/status/1315219110603620352","811544223644139520","heyoowbruh"
"1315219095139147780","Sun Oct 11 09:14:02 +0000 2020","0","Menurut penelitian American Psychological Association (APA) tahun 2018 berjudul Stress in America: Generation Z anak muda usia 15 sampai 21 tahun adalah kelompok manusia dengan kondisi kesehatan mental terburuk dibandingkan dengan generasi-generasi lainnya.","1315219096804323328","","ErikaOctaviona","in","","0","1","0","https://x.com/ErikaOctaviona/status/1315219096804323328","1313638008453648384","ErikaOctaviona"
"1315219095139147780","Sun Oct 11 09:14:02 +0000 2020","0","[PENTINGNYA KESEHATAN MENTAL (MENTAL HEALTH) PADA GENERASI Z] Erika Octaviona Putri Cluster 5 Fakultas Ilmu Administrasi Jurusan Ilmu Administrasi Bisnis / Prodi Perpajakan","1315219095139147780","","","in","","0","1","0","https://x.com/ErikaOctaviona/status/1315219095139147780","1313638008453648384","ErikaOctaviona"
"1315218222233219073","Sun Oct 11 09:14:01 +0000 2020","0","Kesehatan mental adalah komponen terpenting dalam kehidupan ini karena semua hal yang kita lakukan berhubungan dengan mental. Pada masa sekarang ini banyak anak muda khususnya generasi Z yang mengalami gangguan mental seperti stress dan depresi.","1315219091158781954","","pwetiesgurll","in","","0","1","0","https://x.com/pwetiesgurll/status/1315219091158781954","876146646127525888","pwetiesgurll"
"1315219084791828482","Sun Oct 11 09:14:00 +0000 2020","0","Nama Lengkap : Adinda Pramesti Regita Erwin Kusumawati Fakultas : Kedokteran Jurusan : Kebidanan Cluster : 57 [THREAD] Pentingnya Mental Health Di Masa Sekarang Terutama Bagi Generasi Z Menurut WHO kesehatan mental didefinisikan sebagai keadaan yang baik dimana individu","1315219084791828482","","","in","","0","1","0","https://x.com/hellofellazzz/status/1315219084791828482","1292826058434023424","hellofellazzz"
"1315219084120739844","Sun Oct 11 09:13:59 +0000 2020","0"," Generasi Z dan Kesehatan Mental ~Thread~","1315219084120739844","","","in","","0","1","0","https://x.com/hatataww/status/1315219084120739844","1085463482374381570","hatataww"
"1315218065106235399","Sun Oct 11 09:13:57 +0000 2020","0","gejala-gejala emosional maupun fisik yang berkaitan dengan stres seperti depresi dan gangguan kecemasan. Stres adalah faktor terbesar penyebab buruknya kesehatan mental generasi Z.","1315219074415116288","","libbb02","in","","0","1","0","https://x.com/libbb02/status/1315219074415116288","1315207717460475904","libbb02"
"1315219056853544960","Sun Oct 11 09:13:53 +0000 2020","4","Kesehatan Mental. 2 kata tersebut seringkali kita dengar atau baca sebagai generasi Z. ada yang beranggapan negatif dan ada yang positif. bahkan ada yang menganggap hal tersebut tidak ada pentingnya sama sekali. atau yang terparah sampai mengucilkan yang bersangkutan.","1315219056853544960","","","in","Russia","0","1","0","https://x.com/suarabukanhoax/status/1315219056853544960","183864981","suarabukanhoax"
"1315219030098100224","Sun Oct 11 09:13:48 +0000 2020","0","Sebaiknya generasi Z menggunakan teknologi untuk mencari informasi yang bermanfaat. Supaya tidak memberikan dampak yang buruk bagi diri sendiri terutama bagi kesehatan mental.","1315219035038990338","","Tribuan30489758","in","","0","1","0","https://x.com/Tribuan30489758/status/1315219035038990338","1314183138654867463","Tribuan30489758"
"1315219026734321665","Sun Oct 11 09:13:48 +0000 2020","0","Saat ini generasi Z akan lebih muda terkena gangguan kesehatan mental karena terjadinya perubahan psikologis","1315219034418286592","","ramadhanmuliaf_","in","","0","1","0","https://x.com/ramadhanmuliaf_/status/1315219034418286592","1283317048488017920","ramadhanmuliaf_"
"1315219030098100224","Sun Oct 11 09:13:47 +0000 2020","0","Generasi Z rentan dengan gangguan kesehatan mental. Akibat dari berkembangnya teknologi dan meluasnya akses media bagi siapapun. Tidak dapat dipungkiri bahwa dampak dari teknologi mampu memberikan efek yang buruk dan merugikan bagi generasi Z.","1315219031645851649","","Tribuan30489758","in","","0","1","0","https://x.com/Tribuan30489758/status/1315219031645851649","1314183138654867463","Tribuan30489758"
"1315219026734321665","Sun Oct 11 09:13:46 +0000 2020","7","Halo! Nama saya Ramadhan Mulia fajri dari fakultas ilmu komputer jurusan PTI cluster 1 saya akan menjelaskan pentingnya menjaga kesehatan mental atau mental health bagi generasi Z","1315219026734321665","","","in","","0","1","0","https://x.com/ramadhanmuliaf_/status/1315219026734321665","1283317048488017920","ramadhanmuliaf_"
"1315219008224813056","Sun Oct 11 09:13:44 +0000 2020","0","generasi Z. Jika pemuda merasakan adanya gejala terganggunya kesehatan mental mereka bisa langsung mencari bantuan.Bisa mencari psikolog melalui aplikasi bisa ke komunitas yang bergerak di bidang kesehatan mental atau minimal berbagi cerita dengan teman teman terdekat.","1315219017783676934","","eRJe30_","in","Magetan, Indonesia","0","1","0","https://x.com/eRJe30_/status/1315219017783676934","1258520415007174656","eRJe30_"
"1315219017477492738","Sun Oct 11 09:13:44 +0000 2020","0","#exmuslim #freefromhijab #makarallahlebihhebat kesehatan mental generasi z","1315219017477492738","","","in","","0","0","0","https://x.com/UstadzDawkins/status/1315219017477492738","723288756","UstadzDawkins"
"1315219008224813056","Sun Oct 11 09:13:42 +0000 2020","0","yang menyenangkan. Pada kenyataannya menurut penelitian American Psychological Association (APA) tahun 2018 berjudul Stress in America: Generation Z anak muda usia 15 sampai 21 tahun adalah kelompok manusia dengan kondisi kesehatan mental terburuk dibandingkan dengan generasi","1315219013056692225","","eRJe30_","in","Magetan, Indonesia","0","1","0","https://x.com/eRJe30_/status/1315219013056692225","1258520415007174656","eRJe30_"
"1315218594871951361","Sun Oct 11 09:13:41 +0000 2020","0","Kesehatan mental generasi Z paling banyak dipengaruhi oleh media social. Dimana generasi Z dapat memamerkan menghujat dan bahkan bullying di akun media social mereka","1315219007780409346","","Siti66691716","in","","0","0","0","https://x.com/Siti66691716/status/1315219007780409346","1212544813087612928","Siti66691716"
"1315218984644435968","Sun Oct 11 09:13:40 +0000 2020","0","Atau bahkan pada beberapa aspek melebihi tingkat stres yang dialami oleh orang yang lebih tua. Kondisi kesehatan mental remaja atau generasi Z sangat perlu untuk menjadi perhatian banyak pihak.","1315219004546453504","","iffaa_h","in","","0","1","0","https://x.com/iffaa_h/status/1315219004546453504","1214841209748742144","iffaa_h"
"1315215688542294016","Sun Oct 11 09:13:30 +0000 2020","0","...dan sebagainya. Setiap zaman gangguan kesehatan mental banyak terjadi pada kalangan muda. Untuk zaman sekarang generasi Z lah kalangan muda kita. Kalangan yang merupakan peralihan dari remaja ke dewasa...","1315218958887264257","","rolandi_fahreza","in","","0","1","0","https://x.com/rolandi_fahreza/status/1315218958887264257","1315211495886610432","rolandi_fahreza"
"1315218937953411073","Sun Oct 11 09:13:27 +0000 2020","0","Kondisi kesehatan mental generasi Z sangat perlu untuk menjadi perhatian banyak pihak. Mengikuti komunitas atau memilik teman untuk berbagi masalah-masalah yang tengah dihadapi juga langkah yang penting.","1315218948414005250","","hollamatcha","in","","0","1","0","https://x.com/hollamatcha/status/1315218948414005250","1310399908294176768","hollamatcha"
"1315218937953411073","Sun Oct 11 09:13:26 +0000 2020","0","Menurut penelitian generasi Z merupakan generasi dengan kondisi kesehatan mental terburuk. Stress adalah faktor terbesar penyebab buruknya Kesehatan mental generasi Z. 91% generasi Z mempunyai gejala-gejala emosional maupun fisik yang berkaitan dengan stress dan depresi","1315218944718827521","","hollamatcha","in","","0","1","0","https://x.com/hollamatcha/status/1315218944718827521","1310399908294176768","hollamatcha"
"1315217879864762371","Sun Oct 11 09:13:20 +0000 2020","0","Menurut penelitian American Psychological Association tahun 2018 berjudul «Stress in America: Generation Z» anak muda usia 15 sampai 21 tahun adalah kelompok manusia dengan kondisi kesehatan mental terburuk dibandingkan dengan generasi-generasi lainnya.","1315218917862731778","","wkdhskn","in","","0","1","0","https://x.com/wkdhskn/status/1315218917862731778","1188444014351044608","wkdhskn"
"1315218888510984193","Sun Oct 11 09:13:19 +0000 2020","0","Sudah saatnya kesehatan mental ini menjadi perhatian serius bagi kita semua. Generasi Z harus memanfaatkan gadget yang mereka punya untuk mengakses informasi tentang sosialisasi atau webinar tentang pentingnya kesehatan mental. Jaga diri kita dan sayangilah diri kita.","1315218914071117825","","angg0r0o","in","FC Barcelona","0","0","0","https://x.com/angg0r0o/status/1315218914071117825","1131188620558196736","angg0r0o"
"1315218888510984193","Sun Oct 11 09:13:14 +0000 2020","0","Namun tidak semua dampak positif yang mereka dapatkan. Ada banyak dampak negatif yang mereka dapat dari teknologi ini. Inilah yang membuat masalah-masalah datang menghampiri generasi Z khususnya masalah dalam kesehatan mental.","1315218893992939521","","angg0r0o","in","FC Barcelona","0","1","0","https://x.com/angg0r0o/status/1315218893992939521","1131188620558196736","angg0r0o"
"1315217246390681600","Sun Oct 11 09:13:13 +0000 2020","0","Untuk menanggulangi masalah kesehatan mental pada generasi Z berikut adalah upaya yang dapat dilakukan : 1. Melakukan aktivitas fisik dan tetap aktif secara fisik 2. Memelihara pikiran yang positif 3. Mencari bantuan profesional jika diperlukan","1315218888901103617","","Suciprmts","in","Malang, Jawa Timur","0","0","0","https://x.com/Suciprmts/status/1315218888901103617","1310137430847025158","Suciprmts"
"1315218888510984193","Sun Oct 11 09:13:13 +0000 2020","2","Masalah dan Solusi Kesehatan Mental bagi Generasi Z Nama : Tutur Anggoro Jati Fakultas Ekonomi dan Bisnis Jurusan Manajemen Cluster 49 [a thread] #Adhikara58 #MabaUB2020 #RAJABrawijaya2020 #KitaSatuBrawijaya #KreasiNyataBrawijayans #LoveYourself","1315218888510984193","","","in","FC Barcelona","0","1","1","https://x.com/angg0r0o/status/1315218888510984193","1131188620558196736","angg0r0o"
"1315215979232731136","Sun Oct 11 09:13:08 +0000 2020","0","Beberapa tips tersebut diharapkan mampu membantu kita dalam menjaga kesehatan mental remaja di kala pandemi. Jangan sampai hal hal negatif selama pandemi malah jadi merubah diri dan pribadi masyarakat terutama Generasi Z.","1315218866927149057","","larry_agk","in","Malang, Jawa Timur","0","1","0","https://x.com/larry_agk/status/1315218866927149057","816232976681811968","larry_agk"
"1315218337966612481","Sun Oct 11 09:13:01 +0000 2020","0","Beberapa tips bagi Generasi Z untuk menjaga kesehatan mental selama pandemi. 1. Dekat dengan tuhan 2. Mengatur informasi 3. Tetap tenang 4. Komunikasi dengan teman 5. Makanan bergizi dan olahraga 6. Menjaga kebersihan","1315218838384898052","","clinophiile","in","","0","1","0","https://x.com/clinophiile/status/1315218838384898052","1003396060385931264","clinophiile"
"1315218371860815873","Sun Oct 11 09:12:58 +0000 2020","0","Generasi Z merupakan generasi yang didominasi oleh orang dewasa muda. Mereka juga dikenal sebagai generasi burnout . Berdasarkan The Health of America Report burnout adalah hal nyata yang berdampak pada generasi Z terutama dalam hal kesehatan mental dan emosional mereka.","1315218827869790209","","agudpipel","in","","0","1","0","https://x.com/agudpipel/status/1315218827869790209","1164139749633753088","agudpipel"
"1315214894480850944","Sun Oct 11 09:11:19 +0000 2020","0","Banyak faktor yang membuat anak-anak muda Generas Z mempunyai tingkat stress yang tinggi. Bahkan dalam beberapa situasi melebihi tingkat stress orang tua. Kondisi kesehatan mental Generasi Z perlu untuk menjadi perhatian banyak pihak.","1315218409580183553","","naf_salma","in","","0","1","0","https://x.com/naf_salma/status/1315218409580183553","1315148104606253056","naf_salma"
"1315218401950756866","Sun Oct 11 09:11:18 +0000 2020","0","Gangguan mental yang dialami oleh generasi Z ini disebabkan oleh berbagai hal. peningkatan kasus pelecehan seksual kasus bunuh diri dan kasus-kasus lainnya juga bisa menyebabkan menurunnya kesehatan mental bagi generasi Z.","1315218407722110976","","atsilanabila9","in","","0","1","0","https://x.com/atsilanabila9/status/1315218407722110976","1313343485487980544","atsilanabila9"
"1315218404924555264","Sun Oct 11 09:11:17 +0000 2020","0","Salam satu Brawijaya Kita sebagai generasi Z atau yang bisa disebut generasi muda bangsa ini sepatutnya memiliki kesehatan mental dan psikis yang baik. Dengan tetap berfikir positif dan menahan emosi.","1315218404924555264","","","in","","0","1","0","https://x.com/aldanhamdani03/status/1315218404924555264","1282338711045169152","aldanhamdani03"
"1315218385353932802","Sun Oct 11 09:11:13 +0000 2020","3","Pada masa pandemi ini merupakan krisis global terbesar yang tak hanya berdampak pada kesehatan fisik tapi juga dapat memengaruhi kondisi mental seseorang. Salah satu generasi z yang terkena dampak yaitu mahasiswa.","1315218385353932802","","","in","","0","1","0","https://x.com/hobiii18_/status/1315218385353932802","998848008480477186","hobiii18_"
"1315217816769851393","Sun Oct 11 09:11:04 +0000 2020","0","Menurut penelitian American Psychological Association (APA) tahun 2018 berjudul Stress in America : Generasi Z anak muda usia 15 sampai 21 tahun adalah kelompok manusia dengan kondisi kesehatan mental terburuk dibandingkan dengan generasi-generasi lainnya.","1315218349807169537","","Intannh82589021","in","","0","1","0","https://x.com/Intannh82589021/status/1315218349807169537","1294933644369211395","Intannh82589021"
"1315214894480850944","Sun Oct 11 09:11:02 +0000 2020","0","Tetapi internet bisa membuat kondisi kesehatan mental Generasi Z semakin memburuk. Pemaparan diatas mematahkan stigma bahwa anak-anak muda mempunyai tingkat stress yang lebih rendah ketimbang orang dewasa.","1315218341166903296","","naf_salma","in","","0","1","0","https://x.com/naf_salma/status/1315218341166903296","1315148104606253056","naf_salma"
"1315218337966612481","Sun Oct 11 09:11:02 +0000 2020","0","Pentingnya Kesehatan Mental Bagi Generasi Z ∆ Sahid Rijal Fakultas Ilmu Administrasi Program Studi Administrasi Publik Cluster 11","1315218337966612481","","","in","","0","1","0","https://x.com/clinophiile/status/1315218337966612481","1003396060385931264","clinophiile"
"1315218329313841152","Sun Oct 11 09:10:59 +0000 2020","0","Kebanyakan manusia hanya terfokus untuk memerhatikan keadaan fisik Sebenarnya kesehatan mental tak kalah penting pula untuk diperhatikan terkhusus untuk generasi Z. #Adhikara58 #MabaUB2020 #RAJABrawijaya2020 #KitaSatuBrawijaya #KreasiNyataBrawijayans #mentalhealthday","1315218329313841152","","","in","","0","0","0","https://x.com/banyaakdosa/status/1315218329313841152","715340676179726336","banyaakdosa"
"1315214660660944897","Sun Oct 11 09:10:59 +0000 2020","0","Kondisi kesehatan mental generasi Z sangat perlu untuk menjadi perhatian banyak pihak. Namun masih ada yang dapat kita lakukan untuk mencegah hal-hal buruk yang akan terjadi seperti depresi dan stress.","1315218327006924800","","UmiKhusnul5","in","","0","1","0","https://x.com/UmiKhusnul5/status/1315218327006924800","1310962845308391436","UmiKhusnul5"
"1315218308996558849","Sun Oct 11 09:10:57 +0000 2020","0","Sebagai Generasi Z kita harus mempromosikan pentingnya kesehatan mental dalam kehidupan. Pengetahuan terhadap kesehatan mental perlu dikembangkan di kalangan masyarakat agar kita semua dapat menjadi warga yang cerdas dalam berbangsa dan bernegara. -","1315218319033556994","","dddizzi","in","","0","1","0","https://x.com/dddizzi/status/1315218319033556994","1234409323742187520","dddizzi"
"1315218295293796352","Sun Oct 11 09:10:55 +0000 2020","0","Kondisi kesehatan mental generasi Z perlu menjadi perhatian. Generasi Z yang dekat dengan teknologi hingga mempunyai akses informasi yang luas perlu bersikap proaktif dalam memahami kondisi kesehatan mentalnya. Selain memperbanyak bacain generasi Z juga perlu memanfaatkan akses","1315218311337054209","","NHatigoran","in","","0","1","0","https://x.com/NHatigoran/status/1315218311337054209","1262711664752734209","NHatigoran"
"1315218295293796352","Sun Oct 11 09:10:54 +0000 2020","0","di kehidupan mereka dan untuk menemukan kenyaman dengan melarikan diri dan berfantasi untuk mengisi waktu maupun kekosongan emosional. Generasi Z memanfaatkan dunia virtual sebagai tempat pelarian dari kehidupan nyata. Namun internet bisa membuat kondisi kesehatan mental","1315218304617730049","","NHatigoran","in","","0","1","0","https://x.com/NHatigoran/status/1315218304617730049","1262711664752734209","NHatigoran"
"1315218283369361409","Sun Oct 11 09:10:51 +0000 2020","0","maka dari itu mari kita jaga kesehatan mental kita dengan melakukan hal yang positif produktif inovatif dan kreatif yang menuat kita senang. mari ita wujudkan generasi Z dengan mental yang sehat.","1315218292659740673","","anisashabira2","in","","0","1","0","https://x.com/anisashabira2/status/1315218292659740673","1315210155189891073","anisashabira2"
"1315218283369361409","Sun Oct 11 09:10:49 +0000 2020","0","namun bagaimana keadaan kesehatan mental generasi Z?. nytanya menurut American Psychological Association tahun 2018 yang berjudul Stress in America: Generation Z anak muda usia 15-21 tahun adalah manusia denga kondisi kesehatan terburuk dibandingkan dengan generasi lainnya.","1315218286557057024","","anisashabira2","in","","0","1","0","https://x.com/anisashabira2/status/1315218286557057024","1315210155189891073","anisashabira2"
"1315218283369361409","Sun Oct 11 09:10:48 +0000 2020","0","[thread] halo! namaku Anisah Shabira Shaleh dari Cluster 41 Fakultas teknik Jurusan teknik elektro. hari ini aku ingin membahas tentang 'pentingnya kesehatan mental bagi gernerasi Z'. tentunya kesehatan mental sangatlah penting bagi generasi Z.","1315218283369361409","","","in","","0","1","0","https://x.com/anisashabira2/status/1315218283369361409","1315210155189891073","anisashabira2"
"1315218261378646017","Sun Oct 11 09:10:45 +0000 2020","0","Maka dari itu kita sebagai generasi muda atau generasi z haruslah mulai untuk menjaga kesehatan mental kita apalagi saat pandemi covid-19 ini.berikut ini beberapa solusi mencegah terjadinya gangguan mental khusunya bagi generasi z pada saat ini seperti berolahraga karena tubuh","1315218269792423936","","akusukamicin_","in","","0","1","0","https://x.com/akusukamicin_/status/1315218269792423936","1265606941176455168","akusukamicin_"
"1315218261378646017","Sun Oct 11 09:10:45 +0000 2020","0","Gangguan jiwa khususnya bagi generasi Z saat ini.Gangguan kesehatan mental yang sering terjadi pada generasi z seperti depresi dimana suatu gangguan kehilangan akal sehat akibat tekanan yang berat yang dialami oleh seseorang skizofrenia penyalahgunaan NAPZA dan lain-lain.","1315218266810281984","","akusukamicin_","in","","0","1","0","https://x.com/akusukamicin_/status/1315218266810281984","1265606941176455168","akusukamicin_"
"1315216926931472385","Sun Oct 11 09:10:42 +0000 2020","0","Walaupun begitu masih ada masyarakat yang menyepelehkan kondisi mental generasi Z. Stigma di Indonesia mengenai kesehatan mental dan penyakit mental masih tinggi sehingga tidak banyak orang memerhatikan ketika dirinya mulai terpuruk dan memerlukan bantuan kejiwaan secara medis.","1315218256970489859","","_thestarseekers","in","","0","1","0","https://x.com/_thestarseekers/status/1315218256970489859","861512708859899904","_thestarseekers"
"1315218241136992256","Sun Oct 11 09:10:38 +0000 2020","0","Pada zaman sekarang kesehatan mental sangatlah penting bagi generasi z. Maka dari itu kita harus siap untuk melihat tanda-tanda gangguan dalam diri atau orang di sekitar kita agar bisa mendapat pertolongan yang tepat.","1315218241136992256","","","in","","0","0","0","https://x.com/trisnaa_dewiii/status/1315218241136992256","1313078480548945920","trisnaa_dewiii"
"1315218086740455428","Sun Oct 11 09:10:35 +0000 2020","0","Generasi Z yang merupakan usia produktif harus menjaga Kesehatan mental dengan baik menghindari stress dengan melakukan hal-hal yang positif dan bermanfaat terlebih dimasa pandemic covid 19.","1315218227333484545","","Rafiihasan_","in","Sidoarjo","0","1","0","https://x.com/Rafiihasan_/status/1315218227333484545","1310188985847750656","Rafiihasan_"
"1315218207607672832","Sun Oct 11 09:10:32 +0000 2020","0","Jika kita memiliki kesadaran akan pentingnya kesehatan mental kita akan menjaga kesehatan mental agar tidak terganggu. Generasi Z sebagai generasi penerus bangsa harus memiliki kepedulian terhadap kesehatan mental.","1315218214448635906","","anata_sal","in","Indonesia","0","0","0","https://x.com/anata_sal/status/1315218214448635906","1310059207429775360","anata_sal"
"1315218207607672832","Sun Oct 11 09:10:31 +0000 2020","0","Generasi Z sudah mengenal teknologi canggih sejak kecil. Secara tidak langsung teknologi ini memengaruhi kepribadian mereka. Beberapa orang yang belum siap menghadapi pesatnya perkembangan teknologi akan berdampak buruk pada kesehatan mental mereka.","1315218209667076096","","anata_sal","in","Indonesia","0","1","0","https://x.com/anata_sal/status/1315218209667076096","1310059207429775360","anata_sal"
"1315215567893258240","Sun Oct 11 09:10:25 +0000 2020","0","Untuk generasi z atau milennial harus lebih waspada terhadap kesehatan mental anda. jika anda merasa mengalami gejala gejala di atas anda bisa langsung konsultasi dengan dokter maupun psikiater.","1315218185025536002","","aldoroho","in","","0","0","0","https://x.com/aldoroho/status/1315218185025536002","1315201508472885248","aldoroho"
"1315216226017189889","Sun Oct 11 09:10:23 +0000 2020","1","Faktor terbesar penyebab buruknya kesehatan mental generasi Z adalah stress.","1315218177115123713","","tpbukantwice","in","","0","1","0","https://x.com/tpbukantwice/status/1315218177115123713","1131101080543088640","tpbukantwice"
"1315218164427317250","Sun Oct 11 09:10:21 +0000 2020","0","Kesehatan mental bagi generasi Z dipengaruhi oleh dua faktor yaitu perubahan hidup dan penggunaan media sosial. Dimana penggunaan media sosial inilah yang sangat berpengaruh bagi kesehatan mental generasi Z. Media sosial menciptakan gaya hidup ideal yang tidak sesuai kenyataan.","1315218167707258880","","twsasmitha","in","","0","1","0","https://x.com/twsasmitha/status/1315218167707258880","1315164605002391552","twsasmitha"
"1315218164427317250","Sun Oct 11 09:10:20 +0000 2020","1","Berbicara tentang pentingnya kesadaran kesehatan mental bagi generasi Z sangat berpengaruh bagi kelangsungan masa depannya kelak. Bukan hanya masa depan mereka saja tetapi juga masa depan negara kita karena kelangsungan hidup negara kita.","1315218164427317250","","","in","","0","1","0","https://x.com/twsasmitha/status/1315218164427317250","1315164605002391552","twsasmitha"
"1315218155870928896","Sun Oct 11 09:10:18 +0000 2020","0","Nama : Achmad Zinky Fakultas : FTP Jurusan : TEP Cluster : 63 Kesehatan mental yang baik sangat penting untuk dijaga terutama bagi generasi z sebagai penerus bangsa. #Mentalhealth123 #Adhikara58 #MabaUB2020 #RAJABrawijaya2020 #KitaSatuBrawijaya #KreasiNyataBrawijayans","1315218155870928896","","","in","","0","0","0","https://x.com/Kyelh2/status/1315218155870928896","1166324748659220480","Kyelh2"
"1315218130201833475","Sun Oct 11 09:10:13 +0000 2020","0","Faktanya dari satu generasi ke generasi lainnya selalu muncul yang namanya gangguan terhadap kesehatan mental. Salah satunya adalah Generasi Z. Banyak orang tua yang tidak menyadari anaknya yang sebagian termasuk Generasi Z sedang mengalami gangguan terhadap kesehatan mental.","1315218135570542592","","k_ylix","in","","0","1","0","https://x.com/k_ylix/status/1315218135570542592","1200579464175816704","k_ylix"
"1315217275872448512","Sun Oct 11 09:10:13 +0000 2020","0","Dari beberapa kejadian diatas kita sebagai generasi Z harus menyadari bahawa pentingya agar kita selalu menjaga kesehatan mental. Kita yang mudah mengakses suatu informasi manfaatkan itu dengan sebaik baiknya.","1315218133230080000","","19e7a6be1b464cb","in","","0","1","0","https://x.com/19e7a6be1b464cb/status/1315218133230080000","3303361658","19e7a6be1b464cb"
"1315217118388842497","Sun Oct 11 09:10:07 +0000 2020","0","generasi Z juga harus menyelaraskan antara kesehatan fisik dengan kesehatan mental pula. Maka dari itu nasihat untuk diri saya pribadi mengalir untuk generasi Z semua kita haruslah mengetahui langkah atau upaya yang dapat dilakukan untuk membuat mental kita merasa sehat selalu.","1315218111398780929","","soontobeadocto1","in","","0","1","0","https://x.com/soontobeadocto1/status/1315218111398780929","1282245191567474688","soontobeadocto1"
"1315216183440728078","Sun Oct 11 09:10:07 +0000 2020","0","Mental Health sangat berperan penting bagi perkembangan para generasi Z. Jika Kesehatan Mental telah terbina dengan baik bukan tidak mungkin akan semakin banyak anak-anak Indonesia khususnya dari generasi Z ini yang akan membanggakan Indonesia","1315218109817475072","","syamsuldaffa2","in","","0","1","0","https://x.com/syamsuldaffa2/status/1315218109817475072","1315209423137067010","syamsuldaffa2"
"1315215323037986818","Sun Oct 11 09:09:58 +0000 2020","0","Kita sebagai generasi Z sebisa mungkin harus menjaga kesehatan mental kita. Lalu mengapa menjaga kesehatan mental itu sangat penting? Karena kesehatan mental ini dapat mempengaruhi berbagai hal dalam hidup kita.","1315218070655299584","","mandayanglain","in","","0","1","0","https://x.com/mandayanglain/status/1315218070655299584","1313470874134212609","mandayanglain"
"1315218060018475008","Sun Oct 11 09:09:55 +0000 2020","0","Kesehatan Mental dimasa sekarang Bagi Generasi Z Vira Febriana Putri 205120407111042 Fakultas Ilmu Sosial dan Ilmu Politik Jurusan Hubungan Internasional Cluster 14 Dalam presentasi pemasaran agen Sparks dan Honey pada tahun 2014 rentangan umur untuk generasi Z dari 1995-2010.","1315218060018475008","","","in","","0","1","0","https://x.com/virafe0206/status/1315218060018475008","1200373048840339457","virafe0206"
"1312409643021340674","Sun Oct 11 09:09:41 +0000 2020","0","Nah kesimpulannya sebagai generasi Z kiya perlu menggunakan teknologi dengan bijak agar tidak merugikan diri sendiri dan orang lain. Kita harus belajar menghargai orang lain . Jangan sampai orang lain merasa terintimidasi dengan kita karena kesehatan mental bukan hal yang sepele","1315218000576802817","","Sekarayucr","in","","0","1","0","https://x.com/Sekarayucr/status/1315218000576802817","1181204942","Sekarayucr"
"1315217968465244162","Sun Oct 11 09:09:36 +0000 2020","0","Menurut Badan Kesehatan Dunia/WHO generasi muda/generasi Z saat ini sangat rentan terkena gangguan mental. Hal ini diakibatkan oleh banyaknya perubahan dan penyesuaian yang terjadi baik secara psikologis emosional maupun finansial.","1315217978237968385","","yoursereniti","in","","0","1","0","https://x.com/yoursereniti/status/1315217978237968385","777209695530475520","yoursereniti"
"1315215621697662977","Sun Oct 11 09:09:30 +0000 2020","0","Memahami pentingnya kesehatan mental diharapkan dapat membantu kita khususnya generasi Z termotivasi dalam menjaganya demi keberlangsungan hidup yang sejahtera dan dapat berfungsi dengan baik serta terhindar dari gangguan mental.","1315217953093160960","","Adhikara58","in","","0","0","0","https://x.com/Adhikara58/status/1315217953093160960","1310087209899290625","Adhikara58"
"1315217945413390337","Sun Oct 11 09:09:29 +0000 2020","0","Memiliki pengetahuan tentang kesehatan mental adalah hal yang harus dimiliki atau setidaknya dimengerti oleh generasi muda terutama generasi Z yang sekarang sudah mulai memasuki usia produktif.","1315217951788724224","","yesiamtea","in","","0","1","0","https://x.com/yesiamtea/status/1315217951788724224","1313584734044209152","yesiamtea"
"1315217118388842497","Sun Oct 11 09:09:27 +0000 2020","0","menjadi relax tidak mudah tersinggung cemas juga gelisah marah; serta dapat menjalankan rutinitas keseharian dengan produktif. Pentingnya menjaga kesehatan mental sejak dini seharusnya sudah dipahami oleh generasi Z termasuk saya. Tidak hanya peduli terhadap kesehatan fisik ","1315217942611542017","","soontobeadocto1","in","","0","1","0","https://x.com/soontobeadocto1/status/1315217942611542017","1282245191567474688","soontobeadocto1"
"1315217936311754753","Sun Oct 11 09:09:27 +0000 2020","0","Menurut penelitian APA diperoleh hasil bahwa sebanyak 91% generasi Z mempunyai gejala-gejala emosional maupun fisik yang berkaitan dengan stres seperti depresi dan gangguan kecemasan. Stres adalah faktor terbesar penyebab buruknya kesehatan mental generasi Z.","1315217942322147328","","maybellfn_","in","","0","1","0","https://x.com/maybellfn_/status/1315217942322147328","1157455130385477633","maybellfn_"
"1315217929412112385","Sun Oct 11 09:09:26 +0000 2020","1","Generasi Z harus mulai memahami tentang kesehatan mental tersebut. Bila benar- benar mengalami gangguan kesehatan mental jangan menganggap itu sebuah aib. Justru kita harus merangkul dengan memberi dukungan. Gangguan Kesehatan mental atau kejiwaan sendiri dapat disembuhkan.","1315217938601795584","","cacaadisinii","in","","0","2","0","https://x.com/cacaadisinii/status/1315217938601795584","1310532973800747008","cacaadisinii"
"1315217929412112385","Sun Oct 11 09:09:26 +0000 2020","1","Sebagai Generasi Z kita tidak boleh menganggap diri kita memiliki mental yang rusak. Banyak studi kasus yang beranggapan bahwa Generasi Z sering melakukan self-diagnose terhadap kesehatan mental. Self-diagnose ini hanya membuat kecemasan terhadap diri sendiri.","1315217937087619073","","cacaadisinii","in","","0","1","0","https://x.com/cacaadisinii/status/1315217937087619073","1310532973800747008","cacaadisinii"
"1315217929412112385","Sun Oct 11 09:09:24 +0000 2020","0","Kesehatan Mental Pada Generasi Z Pada zaman Generasi Z kemajuan teknologi serta informasi sangatlah pesat. Namun hal ini menjadi tantangan bagi Generasi Z karena teknologi dan informasi tidak selalu berisi hal yang positif.","1315217930804629506","","cacaadisinii","in","","0","1","0","https://x.com/cacaadisinii/status/1315217930804629506","1310532973800747008","cacaadisinii"
"1315217906368569344","Sun Oct 11 09:09:19 +0000 2020","0","Kondisi kesehatan mental generasi Z sangat perlu diperhatikan. Selain kajian ilmiah yang mengenai penyebab kondisi psikologi perlu juga untuk mengembangkan sosialisasi mengenai pentingnya kesadaran kesehatan mental.","1315217907878563840","","frkhmilaa","in","","0","1","0","https://x.com/frkhmilaa/status/1315217907878563840","821635957262794752","frkhmilaa"
"1315217879885770752","Sun Oct 11 09:09:14 +0000 2020","0","Dalam rangka mengatasi gangguan kesehatan mental pada generasi Z peran orang tua merupakan yang utama sebagai controlling yang paling utama. Selain itu terdapat psikologi sebagai media konsultasi dan terapi kesehatan mental. Kemudian disusul guru Bimbingan Konseling.","1315217888660221952","","CiciAnisUtami1","in","","0","1","0","https://x.com/CiciAnisUtami1/status/1315217888660221952","1315198282251943938","CiciAnisUtami1"
"1315217879885770752","Sun Oct 11 09:09:14 +0000 2020","0","Kecanggihan teknologi dapat menjadi titik balik bagi generasi Z yang tidak dapat memanfaatkan teknologi dengan bijak. Penggunaan teknologi informasi yang berlebihan dapat menyebabkan gangguan kesehatan. Belum lagi tidak sedikit yang mengalami gangguan kesehatan mental.","1315217886999265282","","CiciAnisUtami1","in","","0","1","0","https://x.com/CiciAnisUtami1/status/1315217886999265282","1315198282251943938","CiciAnisUtami1"
"1315215564655165440","Sun Oct 11 09:09:13 +0000 2020","0","Dari data diatas dapat disimpulkan bahwa Generasi Z dan Generasi Milenial memiliki Kesehatan Mental yang sangat buruk. #Adhikara58 #MabaUB2020 #RAJABrawijaya2020 #KitaSatuBrawijaya #KreasiNyataBrawijayans","1315217884688252934","","iam_ajirhakim","in","","0","1","0","https://x.com/iam_ajirhakim/status/1315217884688252934","1148967647658180609","iam_ajirhakim"
"1315217879864762371","Sun Oct 11 09:09:12 +0000 2020","2","Kesehatan Mental Generasi Z Jamila Taufik Fakultas Program Pendidikan Vokasi Akuntansi Terapan Cluster 04 -A THREAD-","1315217879864762371","","","in","","0","2","0","https://x.com/wkdhskn/status/1315217879864762371","1188444014351044608","wkdhskn"
"1315217871648112640","Sun Oct 11 09:09:12 +0000 2020","0","cara menjaga kesehatan mental antara lain hindari rasa kesepian olahraga teratur istirahat yang cukup dan bijaksana dalam menggunakan gadget dan media sosial khususnya bagi para generasi Z.","1315217877910188032","","Elphine13","in","","0","1","0","https://x.com/Elphine13/status/1315217877910188032","1313647439652376576","Elphine13"
"1315217871648112640","Sun Oct 11 09:09:11 +0000 2020","0","Pentingnya menjaga kesehatan mental ini berlaku di segala usia. Bukan hanya orang dewasa saja tapi juga anak-anak remaja pemuda terutama generasi saat ini yaitu generasi Z. Generasi Z dapat dikatakan adalah generasi yang bertumbuh dengan teknologi yang sangat maju.","1315217873204207616","","Elphine13","in","","0","1","0","https://x.com/Elphine13/status/1315217873204207616","1313647439652376576","Elphine13"
"1315217845710594049","Sun Oct 11 09:09:07 +0000 2020","0","Generasi Z harus tau betapa pentingnya kesehatan mental. Di Indonesia masalah kesehatan mental masih banyak disepelekan. Orang-orang tidak menganggap penting suatu gejala-gejala gangguan mental mereka justru menganggap hal tersebut masalah biasa.","1315217856867434496","","pikupikuw","in","","0","1","0","https://x.com/pikupikuw/status/1315217856867434496","1310168357404962816","pikupikuw"
"1315217846956294144","Sun Oct 11 09:09:06 +0000 2020","0","Kesehatan mental seringkali disalahpahami karena tidak terlihat pada fisik maka dari itu banyak orang yang terlambat menyadari penyakit mental tersebut. Generasi Z lebih rentan terkena gangguan mental karena tekanan dari media sosial dan terkadang terdapat pembullyan.","1315217855411937280","","AileenMD3","in","","0","1","0","https://x.com/AileenMD3/status/1315217855411937280","1310282852148211712","AileenMD3"
"1315217828622942208","Sun Oct 11 09:09:06 +0000 2020","1","Stres dan Depresi adalah faktor terbesar penyebab buruknya kesehatan mental Generasi Z.","1315217855378411520","","enjelliiy","in","","0","1","0","https://x.com/enjelliiy/status/1315217855378411520","1298464934078996480","enjelliiy"
"1315217845710594049","Sun Oct 11 09:09:06 +0000 2020","0","Menurut penelitian dari American Psyhcological Association tahun 2018 yang berjudul Stress in America: Generation Z remaja yang berusia 15 sampai 21 tahun adalah kelompok manusia dengan kondisi kesehatan mental yang buruk dibandingkan generasi sebelumnya.","1315217853390315520","","pikupikuw","in","","0","1","0","https://x.com/pikupikuw/status/1315217853390315520","1310168357404962816","pikupikuw"
"1315217828622942208","Sun Oct 11 09:09:06 +0000 2020","0","Menurut penelitian American Psychological Association (APA) tahun 2018 berjudul Stress in America: Generation Z anak muda usia 15 sampai 21 tahun adalah kelompok manusia dengan kondisi kesehatan mental terburuk dibandingkan dengan generasi-generasi lainnya.","1315217851427348481","","enjelliiy","in","","0","1","0","https://x.com/enjelliiy/status/1315217851427348481","1298464934078996480","enjelliiy"
"1315217828622942208","Sun Oct 11 09:09:00 +0000 2020","2","Ekspektasi Generasi Z Mempengaruhi Kesehatan Mental -Thread- #Adhikara58 #MabaUB2020 #RAJABrawijaya2020 #KitaSatuBrawijaya #KreasiNyataBrawijayans #LoveYourself #BeYourself","1315217828622942208","","","in","","0","1","0","https://x.com/enjelliiy/status/1315217828622942208","1298464934078996480","enjelliiy"
"1315217816182611969","Sun Oct 11 09:08:59 +0000 2020","0","Kesadaran akan pentingnya kesehatan mental di Indonesia sangatlah rendah. Masyarakat juga sering salah mengartikan antara kesehatan mental dengan gangguan mental. Padahal keduanya amatlah berbeda. Gangguan mental paling banyak diderita oleh generasi z.","1315217825569538048","","faaazr00","in","","0","1","0","https://x.com/faaazr00/status/1315217825569538048","1310058143812997121","faaazr00"
"1315217823287791616","Sun Oct 11 09:08:59 +0000 2020","0","Kesehatan mental sangat penting bagi generasi z karena jika sesorang memiliki mental yang sehat agar dapat mengatasi tekanan hidup secara normal sehingga bisa melakukan kegiatan yang produktif dan bermanfaat.","1315217825355628545","","Febiana95163012","in","","0","1","0","https://x.com/Febiana95163012/status/1315217825355628545","1315209293864398848","Febiana95163012"
"1315217804841242626","Sun Oct 11 09:08:54 +0000 2020","1","Mental health (kesehatan mental) berkaitan dengan penilaian nyata keadaan diri sendiri.Kesehatan mental seseorang sangat penting diperhatikan karena di era zaman ini banyak khusus nya generasi Z yang mengalami gangguan mental yang biasanya bermula dari stress.","1315217804841242626","","","in","Medan, Indonesia","0","0","0","https://x.com/deva_sonya/status/1315217804841242626","1313757842877284353","deva_sonya"
"1315217784003989506","Sun Oct 11 09:08:50 +0000 2020","1","Generasi Z berbondong-bondong menggunakan media sosial untuk mendapatkan berbagai informasi di luar sana. Hal ini bisa sangat berdampak pada kesehatan mental mereka. Dari penggunaan media sosial yang terus menerus ini menyebabkan seseorang lebih mudah merasa kurang percaya diri","1315217785799155712","","brightgettch","in","","0","1","0","https://x.com/brightgettch/status/1315217785799155712","1134312776732594176","brightgettch"
"1315216976399147009","Sun Oct 11 09:08:39 +0000 2020","0","Akhir-akhir ini isu kesehatan mental tengah menjadi sorotan. Kesadaran akan kesehatan mental semakin meningkat karena pesatnya perkembangan teknologi dan informasi. Hal tersebut tidak luput dari peran media sosial yang erat kaitannya dengan generasi z.","1315217741746335745","","nadiasaleema","in","Indonesia","0","1","0","https://x.com/nadiasaleema/status/1315217741746335745","1025626927208382465","nadiasaleema"
"1315217671823089665","Sun Oct 11 09:08:24 +0000 2020","0","Generasi Z lahir dan tumbuh di tengah perkembangan teknologi yang maju. Banyak dari mereka yang mengalami gangguan kesehatan mental karena depresi.","1315217677355372546","","yasikaaaa_","in","","0","1","0","https://x.com/yasikaaaa_/status/1315217677355372546","1259778162361118722","yasikaaaa_"
"1315217671823089665","Sun Oct 11 09:08:24 +0000 2020","0","Namun pada zaman yang serba canggih saat ini banyak orang yang mengalami gangguan kesehatan mental terutama para generasi Z.","1315217676009046016","","yasikaaaa_","in","","0","1","0","https://x.com/yasikaaaa_/status/1315217676009046016","1259778162361118722","yasikaaaa_"
"1315217671823089665","Sun Oct 11 09:08:23 +0000 2020","2","MENTAL HEALTH Nama : Yasika Permatasari Fakultas : Kedokteran Jurusan : Kedokteran Cluster : 25 [ A Thread ] PENTINGNYA KESEHATAN MENTAL UNTUK GENERASI Z #Adhikara58 #MabaUB2020 #RAJABrawijaya2020 #KitaSatuBrawijaya #KreasiNyataBrawijayans #LoveYourself","1315217671823089665","","","in","","0","1","0","https://x.com/yasikaaaa_/status/1315217671823089665","1259778162361118722","yasikaaaa_"
"1315217668807376896","Sun Oct 11 09:08:22 +0000 2020","0","[MENTAL HEALTH AWARENESS BAGI GENERASI Z] Kesehatan mental atau mental health adalah keadaan sejahtera dimana setiap individu bisa mewujudkan potensi dirinya. Kesehayan mental adalah hal yang bersifat pribadi dan individu meliputi cara kita berpikir merasakan dan bertindak.","1315217668807376896","","","in","","0","0","0","https://x.com/Alyawin2/status/1315217668807376896","1315179350736531456","Alyawin2"
"1315217642400096256","Sun Oct 11 09:08:16 +0000 2020","0","Kesehatan Mental merupakan hal yang sangat penting namun juga hal yang masih sering diremehkan. Di Indonesia kesehatan mental telah menjadi bagian dari konsep sehat (UU Kesehatan No.36 2009). Remaja yang termasuk dalam Generasi Z (kelahiran 1993-2005) -","1315217643876433921","","ongoinggogh","in","","0","1","0","https://x.com/ongoinggogh/status/1315217643876433921","1943468029","ongoinggogh"
"1315215885376733184","Sun Oct 11 09:08:10 +0000 2020","0","Kesehatan mental sangat lah penting apalagi untuk generasi muda atau generasi Z berikut adalah cara mencegah terganggu nya kesehatan mental yaitu: 1.Menjaga kesehatan tubuh dengan menjalani gaya hidup sehat 2.Jagalah hubungan dengan orang-orang baik termasuk keluarga","1315217617485926401","","peacys0ul","in","","0","1","0","https://x.com/peacys0ul/status/1315217617485926401","1249710914103693313","peacys0ul"
"1315217602151473152","Sun Oct 11 09:08:06 +0000 2020","1","Pentingnya Kesehatan Mental Bagi Generasi Z Indri Rahayu FISIP HI Cluster 13 Kunci utama dalam kesehatan mental adalah bisa menerima kenyataan dan membedakan antara kenyataan dan kebenaran. #LoveYourself #Adhikara58 #MabaUB2020 #KitaSatuBrawijaya #KreasiNyataBrawijayans","1315217602151473152","","","in","","0","0","0","https://x.com/IndriRa91729229/status/1315217602151473152","1311195084319125504","IndriRa91729229"
"1315217246390681600","Sun Oct 11 09:07:58 +0000 2020","0","Menurut penelitian American Psychological Association (APA) tahun 2018 berjudul Stress in America: Generation Z anak muda usia 15 sampai 21 tahun adalah kelompok manusia dengan kondisi kesehatan mental terburuk dibandingkan dengan generasi-generasi lainnya.","1315217567997337602","","Suciprmts","in","Malang, Jawa Timur","0","0","0","https://x.com/Suciprmts/status/1315217567997337602","1310137430847025158","Suciprmts"
"1315217537525719041","Sun Oct 11 09:07:52 +0000 2020","0","Diharapkan semua kalangan umur terutama generasi Z untuk tidak menyepelekan kesehatan mental. Jika mengalami gejala-gejala gangguan mental segeralah mencari tenaga ahli profesional untuk membantu meminimalisasi gejala tersebut.","1315217544232361985","","angel63696052","in","","0","1","0","https://x.com/angel63696052/status/1315217544232361985","1313318447850250241","angel63696052"
"1315217537525719041","Sun Oct 11 09:07:52 +0000 2020","0","Keakraban generasi Z dengan teknologi mempengaruhi aspek psikologis dan behavioralnya. Generasi Z cenderung memanfaatkan teknologi untuk melarikan diri dari kehidupan offline. Maka dari itu kondisi kesehatan mental generasi Z sangat perlu untuk menjadi perhatian banyak pihak.","1315217541413785604","","angel63696052","in","","0","1","0","https://x.com/angel63696052/status/1315217541413785604","1313318447850250241","angel63696052"
"1315217518294827009","Sun Oct 11 09:07:49 +0000 2020","0","Hal ini menujukkan bahwa kesehatan mental adalah sesuatu yang penting dimiliki dan dijaga oleh semua kalangan terutama generasi z yang hidupnya berada pada ombang-ambing arus kemajuan teknologi dan informasi.","1315217528956678144","","AnakLangsep321","in","","0","1","0","https://x.com/AnakLangsep321/status/1315217528956678144","1313113077341011969","AnakLangsep321"
"1315216062665748480","Sun Oct 11 09:07:48 +0000 2020","0","Menurut penelitian American Psychological Association (APA) tahun 2018 berjudul Stress in America: Generation Z anak muda usia 15 sampai 21 tahun adalah kelompok manusia dengan kondisi kesehatan mental terburuk dibandingkan dengan generasi-generasi lainnya.","1315217526909857793","","LuthvianaHafiz1","in","","0","0","0","https://x.com/LuthvianaHafiz1/status/1315217526909857793","1315210221795504130","LuthvianaHafiz1"
"1315217496819916800","Sun Oct 11 09:07:41 +0000 2020","1","Perkenalkan nama saya Deva Sonya fakultas Ilmu Administrasi prodi administrasi pendidikan cluster 42. Nah kali ini saya akan menjelaskan sedikit tentang pentingnya menjaga kesehatan mental terutama bagi generasi Z.","1315217496819916800","","","in","Medan, Indonesia","0","0","0","https://x.com/deva_sonya/status/1315217496819916800","1313757842877284353","deva_sonya"
"1315217275872448512","Sun Oct 11 09:07:40 +0000 2020","0","Artinya mereka dapat mengatasi tekanan kehidupan yang normal dapat berfungsi secara produktif dan bermanfaat dan mampu memberikan kontribusi kepada komunitas mereka. Bagaimana kesehatan mental bagi generasi Z saat ini? Sebelum kesana kita ketahui dulu apa itu generasi Z.","1315217492898242561","","19e7a6be1b464cb","in","","0","1","0","https://x.com/19e7a6be1b464cb/status/1315217492898242561","3303361658","19e7a6be1b464cb"
"1315215608657584128","Sun Oct 11 09:07:30 +0000 2020","0","Pada era teknologi seperti sekarang media social menyebabkan munculnya cyber bullying standar kecantikan yang tidak realistis merasa tertinggal dari teman-teman sejawat dan lain-lain. Hal-hal tersebut tentu akan membebani pikiran dan kesehatan mental generasi Z.","1315217450204459008","","AnggiLarosa","in","West Borneo, Indonesia","0","1","0","https://x.com/AnggiLarosa/status/1315217450204459008","1284013028799725568","AnggiLarosa"
"1315217413118459906","Sun Oct 11 09:07:23 +0000 2020","0","Mengapa menjadi penting mewujudkan mental Health pada generasi Z ?. Tentu saja dengan perkembangan teknologi yang begitu cepat dan pesat Kesehatan dan kekuatan mental sangat dibutuhkan. 1. Mengurangi Angka Kematian yang disebabkan bunuh diri membunuh serta Pecandu Narkoba","1315217420764602370","","FadilaArian","in","","0","1","0","https://x.com/FadilaArian/status/1315217420764602370","1310583094865403904","FadilaArian"
"1315217416461279232","Sun Oct 11 09:07:22 +0000 2020","0","UPAYA MENJAGA KESEHATAN MENTAL BAGI GENERASI Z Luthfiah Rusyda Nur Rahma Cluster 48 Fakultas Ilmu Administrasi Ilmu Perpustakaan #Adhikara58 #MabaUB2020 #RAJABrawijaya2020 #KitaSatuBrawijaya #KreasiNyataBrawijayans","1315217416461279232","","","in","Indonesia ","0","1","0","https://x.com/auguriple/status/1315217416461279232","2570660246","auguriple"
"1315217385079468032","Sun Oct 11 09:07:18 +0000 2020","0","gejala-gejala emosional maupun fisik yang berkaitan dengan stres seperti depresi dan gangguan kecemasan. Stres adalah faktor terbesar penyebab buruknya kesehatan mental generasi Z. Perlu disadari pula bahwa kita harus bisa menyibukkan diri dengan melakukan hal-hal positif agar","1315217401231810567","","KevinAkmalFabi1","in","","0","1","0","https://x.com/KevinAkmalFabi1/status/1315217401231810567","1313089220907462656","KevinAkmalFabi1"
"1315217397746294784","Sun Oct 11 09:07:17 +0000 2020","0","Salah satu kesehatan mental yang sering terjadi pada generasi Z adalah stress yang dapat berdampak buruk pada kesehatan psikologi dan fisik. Oleh karena itu generasi sekarang terutama generasi Z harus lebih aware terhadap dampak dari kesehatan mental itu sendiri.","1315217397746294784","","","in","","0","0","0","https://x.com/Kaninta5/status/1315217397746294784","1174391301162205184","Kaninta5"
"1315217327013601280","Sun Oct 11 09:07:02 +0000 2020","0","Ini dapat menyebabkan penurunan kesehatan mental dalam Generasi Z. Berikut adalah tips yang bisa Generasi Z gunakan untuk menjaga kesehatan mentalnya: 1. Selektif Dalam Memilih Informasi 2. Tetap Menjaga Komunikasi 3. Jalani Kehidupan Sehat","1315217334399758336","","rabrawfaruqi","in","","0","1","0","https://x.com/rabrawfaruqi/status/1315217334399758336","1314766313991008256","rabrawfaruqi"
"1315217316334850050","Sun Oct 11 09:06:58 +0000 2020","0","Menurut penelitian APA diperoleh hasil bahwa sebanyak 91 persen generasi Z mempunyai gejala-gejala emosional maupun fisik yang berkaitan dengan stres seperti depresi dan gangguan kecemasan. Stres adalah faktor terbesar penyebab buruknya kesehatan mental generasi Z.","1315217316334850050","","","in","","0","0","0","https://x.com/IstiBella/status/1315217316334850050","1306125227366072320","IstiBella"
"1315217279492128768","Sun Oct 11 09:06:56 +0000 2020","1","Generasi ini memanfaatkan dunia virtual sebagai tempat pelarian dari kehidupan nyata. Sayangnya internet bisa membuat kondisi kesehatan mental generasi Z menjadi lebih buruk.","1315217308684447744","","zzzhrchan","in","","0","1","0","https://x.com/zzzhrchan/status/1315217308684447744","1313362921838178305","zzzhrchan"
"1315216558910664706","Sun Oct 11 09:06:56 +0000 2020","0","kesehatan mental itu. Sebagai generasi Z tentu saja kita perlu mengetahui pentingnya apa itu kesehatan mental dan bagaimana tetap sehat mental di masa pandemi.","1315217307489103874","","angelyouthh","in","","0","1","0","https://x.com/angelyouthh/status/1315217307489103874","1310106533577908225","angelyouthh"
"1315217275872448512","Sun Oct 11 09:06:48 +0000 2020","0","Mental Health di masa sekarang terutama bagi generasi Z Kesehatan mental adalah keadaan sejahtera di mana setiap individu bisa mewujudkan potensi mereka sendiri.","1315217275872448512","","","in","","0","1","0","https://x.com/19e7a6be1b464cb/status/1315217275872448512","3303361658","19e7a6be1b464cb"
"1315217259493691394","Sun Oct 11 09:06:45 +0000 2020","0","Menurut penelitian yang dilakukan APA diperoleh hasil bahwa sebanyak 91 persen generasi Z mempunyai gejala-gejala emosional maupun fisik yang berkaitan dengan stres. Stres adalah faktor terbesar penyebab buruknya kesehatan mental generasi Z.","1315217263369150465","","Rahma_NF24","in","","0","1","0","https://x.com/Rahma_NF24/status/1315217263369150465","1311983180346392576","Rahma_NF24"
"1315217230053867520","Sun Oct 11 09:06:38 +0000 2020","2","Pentingkah menjaga kesehatan mental bagi Generasi Z?jawabnnya adalah sangat penting.Mengapa demikian karena dengan menjaga kesehatan mental memungkinkan seseorang untuk bekerja belajar atau menjalankan aktivitas sehari-hari nya secara produktif.","1315217234038386688","","Gift17229","in","Malang, Jawa Timur","0","1","0","https://x.com/Gift17229/status/1315217234038386688","3259732106","Gift17229"
"1315211785494949888","Sun Oct 11 09:06:38 +0000 2020","0","Di luar itu? berati ia memiliki masalah dengan kestabilan dirinya bisa jadi merasa gelisah atau stress sehingga membuat dirinya tidak stabil. Nah kalian tau gak si kalau gangguan kesehatan mental ini paling sering dialami oleh generasi z loh.","1315217231492513795","","Anisangrh1","in","Bekasi, Jawa Barat","0","1","0","https://x.com/Anisangrh1/status/1315217231492513795","1301710983878983680","Anisangrh1"
"1315217227554021377","Sun Oct 11 09:06:37 +0000 2020","0","Persentase gangguan mental pada generasi Z sangatlah tinggi yang memiliki gejala-gejala emosional maupun fisik yang berkaitan dengan stress. Stress adalah faktor terbesar penyebab buruknya kesehatan mental generasi Z.","1315217230569775104","","xdekaaa","in","","0","1","0","https://x.com/xdekaaa/status/1315217230569775104","1101104264540184576","xdekaaa"
"1315217227554021377","Sun Oct 11 09:06:37 +0000 2020","0","Menurut penelitian American Psychological Association (APA) tahun 2018 berjudul Stress in America: Generation Z anak muda usia 15 sampai 21 tahun adalah kelompok orang atau manusia dengan kondisi kesehatan mental terburuk dibandingkan dengan generasi-generasi lainnya.","1315217229026189312","","xdekaaa","in","","0","1","0","https://x.com/xdekaaa/status/1315217229026189312","1101104264540184576","xdekaaa"
"1315217191218814981","Sun Oct 11 09:06:29 +0000 2020","0","Banyak hal yg menyebabkan terganggunya kesehatan mental bagi generasi z pada saat pandemi saat ini seperti ketakutan terhadap wabah&amp; bagi anak muda ya terbiasa hangout bersama teman menjadi bosan krn diberlakukannya psbb mereka takut tidak dapat bersosialisasi seperti semula.","1315217196029669379","","RifdaFitri1","in","","0","1","0","https://x.com/RifdaFitri1/status/1315217196029669379","1312048338548658176","RifdaFitri1"
"1315217188828049409","Sun Oct 11 09:06:28 +0000 2020","0","Oleh karena itu para orang tua dan diri sdiri untuk menjaga kesehatan mental para generasi Z dengan cara orang tua agar lebih memperhatikan masalah anak yang terjadi dan dapat membantu menyelesaikannya dan membantu anak atau para generasi Z untuk dapat mengontrol","1315217191092981760","","DaudButar","in","","0","1","0","https://x.com/DaudButar/status/1315217191092981760","1315122642786029568","DaudButar"
"1315217182041673730","Sun Oct 11 09:06:28 +0000 2020","0","Meskipun kita Gen Z terlihat seperti yang paling sadar akan mental health ternyata kita juga yang mempunyai kesehatan mental terburuk dibandungkan generasi lainnya sema ini terjadi karena banyak faktor yang menyebabkan Gen Z stress","1315217189591347200","","RPrifanty","in","","0","1","0","https://x.com/RPrifanty/status/1315217189591347200","1311643497997320194","RPrifanty"
"1315217188828049409","Sun Oct 11 09:06:28 +0000 2020","0","Kesehatan mental generasi Z sangat dipengaruhi baik faktor internal maupun faktor eksternal faktor dari internal yaitu diri sendiri dan keluarga dan fator eksternal yaitu dari lingkungan sekitar yang juga termasuk teknologi yaitu gadget","1315217188828049409","","","in","","0","1","0","https://x.com/DaudButar/status/1315217188828049409","1315122642786029568","DaudButar"
"1315217140736090112","Sun Oct 11 09:06:18 +0000 2020","0","Kelemahan-kelemahan tersebut yang menyebabkan para Generasi Z ini memiliki mental yang lemah dan tak sedikit dari mereka yang mempunyai gangguan pada kesehatan mental.","1315217149862965249","","laffaelkevinn","in","","0","1","0","https://x.com/laffaelkevinn/status/1315217149862965249","1314741883185184768","laffaelkevinn"
"1315217107525672960","Sun Oct 11 09:06:08 +0000 2020","1","~Mental Health Pada Generasi Z~ Mental health sangatlah penting tetapi banyak orang yang tidak memperhatikannya terutama usia 15-29 tahun. Jadi sebagai generasi Z kita harus menjaga kesehatan mental karena sangat mempengaruhi karakter dan orang sekitarnya.","1315217107525672960","","","in","","0","1","0","https://x.com/kharizsadwi/status/1315217107525672960","1314925636138360832","kharizsadwi"
"1315215574524329984","Sun Oct 11 09:06:08 +0000 2020","0","Gangguang kesehatan mental terjadi tak pandang umur banyakpemuda-pemudi di generasi Z menghadapi masalah ini. Faktor pemicunya beragam diantaranya yaitu:","1315217105491390464","","regtahitoe","in","","0","1","0","https://x.com/regtahitoe/status/1315217105491390464","882400952107417600","regtahitoe"
"1315217092765868032","Sun Oct 11 09:06:05 +0000 2020","0","Nama: Adinda Pramesti Regita Erwin Kusumawati Fakultas : Kedokteran Jurusan : Kebidanan Cluster : 57 [THREAD] Pentingnya Mental Health Di Masa Sekarang Terutama Bagi Generasi Z Menurut WHO kesehatan mental didefinisikan sebagai keadaan yang baik dimana individu menyadari","1315217092765868032","","","in","","0","0","0","https://x.com/hellofellazzz/status/1315217092765868032","1292826058434023424","hellofellazzz"
"1315217090379309057","Sun Oct 11 09:06:04 +0000 2020","0","Pada era generasi Z ini banyak sekali yang mengalami gangguan kesehatan atau mental illness. Ada beberapa faktor yang membuat kesehatan mental atau mental health pada generasi Z terganggu.","1315217090379309057","","","in","Bumi","0","1","0","https://x.com/dapliciouss/status/1315217090379309057","849113804138889217","dapliciouss"
"1315217069030297601","Sun Oct 11 09:06:03 +0000 2020","0","Generasi Z Kesehatan Mental Keutaman pentingnya kesehatan mental terutama bagi generasi Z ialah untuk kesiapan menghadapi segala situasi apapun. Kemampuan bersosialisasi seorang individu juga bergantung pada kesehatan mental.","1315217084020715521","","molachimo","in","LY","0","1","0","https://x.com/molachimo/status/1315217084020715521","4652520324","molachimo"
"1315217075179188224","Sun Oct 11 09:06:01 +0000 2020","0","Pada masa pandemi menjaga kesehatan mental adalah hal yang penting agar dapat mencapai kesehatan psikologis. Sebagai generasi Z kita harus bisa mempertahankan diri dari gangguan mental yang melanda saat ini.","1315217078966607872","","ichrfd","in","","0","1","0","https://x.com/ichrfd/status/1315217078966607872","2246573293","ichrfd"
"1315217069030297601","Sun Oct 11 09:05:59 +0000 2020","0","GENERASI Z &amp; KESEHATAN MENTAL -a thread","1315217069030297601","","","in","LY","0","1","0","https://x.com/molachimo/status/1315217069030297601","4652520324","molachimo"
"1315215692925345792","Sun Oct 11 09:05:48 +0000 2020","3","Di zaman sekarang ini generasi Z harus lebih peka dan aware terhadap mental health. Kebanyakan pada generasi Z ini mengalami gangguan kesehatan mental dikarenakan tekanan hidup yang ada. #Adhikara58 #MabaUB2020 #RAJABrawijaya2020 #KitaSatuBrawijaya #KreasiNyataBrawijayans","1315217021907333121","","anggittaa2","in","","0","0","0","https://x.com/anggittaa2/status/1315217021907333121","1185418018798465024","anggittaa2"
"1315216981360930817","Sun Oct 11 09:05:42 +0000 2020","1","Pertanyaannya selanjutnya apakah gangguan kesehatan mental pada generasi Z untuk menjemput bonus demografi sudah dipersiapkan? Persoalan ini memang perlu dijawab. #Adhikara58 #MabaUB2020 #RAJABrawijaya2020 #KitaSatuBrawijaya #KreasiNyataBrawijayans #LoveYourself","1315216999761362951","","kimkai_nim","in","Wellington City, New Zealand","0","1","0","https://x.com/kimkai_nim/status/1315216999761362951","3228101731","kimkai_nim"
"1315216996598902784","Sun Oct 11 09:05:42 +0000 2020","0","Halo mungkin yg kita tahu sehat hanya berkonotasi pada kesehatan dalam artian fisik. Namun sehat itu ternyata luas bisa menyangkut mental lho. Saat ini masalah generasi Z makin complicated. Sosmed pun terkadang membuat kita stress dan depresi.","1315216996598902784","","","in","","0","0","0","https://x.com/Lalala23930299/status/1315216996598902784","1173772532610039808","Lalala23930299"
"1315216981360930817","Sun Oct 11 09:05:41 +0000 2020","1","Perubahan pola hidup perkembangan teknologi pada saat ini turut berkontribusi pada kesehatan mental generasi Z. #Adhikara58 #MabaUB2020 #RAJABrawijaya2020 #KitaSatuBrawijaya #KreasiNyataBrawijayans #LoveYourself","1315216993927094274","","kimkai_nim","in","Wellington City, New Zealand","0","1","0","https://x.com/kimkai_nim/status/1315216993927094274","3228101731","kimkai_nim"
"1315216981360930817","Sun Oct 11 09:05:40 +0000 2020","1","Pada masa sekarang telah banyak terjadi masalah kesehatan mental. WHO menyebutkan bahwa generasi milenial terlebih lagi generasi Z saat inirentan terkena gangguan mental. #Adhikara58 #MabaUB2020 #RAJABrawijaya2020 #KitaSatuBrawijaya #KreasiNyataBrawijayans #LoveYourself","1315216991083323392","","kimkai_nim","in","Wellington City, New Zealand","0","1","0","https://x.com/kimkai_nim/status/1315216991083323392","3228101731","kimkai_nim"
"1315216963677810689","Sun Oct 11 09:05:38 +0000 2020","0","Ada beberapa cara yang dapat dilakukan supaya Generasi Z mempunyai kesehatan mental yang baik yakni peran orang tua dalam mendidik anak dengan tidak melakukan kekerasan memberikan edukasi tentang pentingnya mental health ","1315216980316577792","","nandaditra56","in","","0","1","0","https://x.com/nandaditra56/status/1315216980316577792","1266966131601899521","nandaditra56"
"1315215853911044098","Sun Oct 11 09:05:13 +0000 2020","0","WHO memamparkan beberapa solusi yang dapat digunakan untuk mengatasi dan mencegah gangguan kesehatan mental pada masyarakat terutama generasi Z seperti peningkatan pelayanan kesehatan mental masyarakat.","1315216875593199617","","Wny49015153","in","","0","1","0","https://x.com/Wny49015153/status/1315216875593199617","1315214064440676352","Wny49015153"
"1315215612809895940","Sun Oct 11 09:04:58 +0000 2020","0","Sementara generasi Z menghadapi stress dan Kesehatan mental terdapat indikasi bahwa mereka sedang berusaha mengatasi dan memperbaiki masalah ini. Ini akan membuat masa depan mereka dan masa depan dunia menjadi jauh lebih cerah.","1315216813286854657","","tutita_tutita","in","","0","0","0","https://x.com/tutita_tutita/status/1315216813286854657","1311876092601401350","tutita_tutita"
"1315216645925658627","Sun Oct 11 09:04:48 +0000 2020","0","Kalian tahu sendiri bahwa beberapa dekade kebelakang orang-orang tidak memperdulikan mental health namun semakin kesini orang-orang makin sadar seberapa pentingnya kesehatan mental terutama pada generasi kita ini Generasi Z.","1315216772610449408","","ajihoes","in","Republic of Korea","0","1","0","https://x.com/ajihoes/status/1315216772610449408","1090238691543416832","ajihoes"
"1315216634672558080","Sun Oct 11 09:04:48 +0000 2020","0","Kondisi psikologis dan kesehatan mental anak muda zaman sekarang ternyata tidak sebaik anggapan orang. Menurut penelitian APA pada 2018 generasi Z usia 15-21 tahun adalah kelompok manusia dengan kesehatan mental terburuk dibanding generasi sebelumnya.","1315216769330696200","","laksmisworld","in","Jakarta Capital Region","0","1","0","https://x.com/laksmisworld/status/1315216769330696200","939030889383596033","laksmisworld"
"1315216757146054656","Sun Oct 11 09:04:47 +0000 2020","0","oleh karena itu kita sebagai generasi z harus berhati hati dalam menggunakan media sosial karena media sosial bisa berdampak pada kesehatan mental seseorang","1315216767422066688","","WlidiaA","in","Indonesia","0","1","0","https://x.com/WlidiaA/status/1315216767422066688","1160411944601264129","WlidiaA"
"1315216348423745538","Sun Oct 11 09:03:08 +0000 2020","0","Kesehatan fisik memang penting untuk kehidupan manusia tetapi kesehatan mental juga tak kalah penting dari kesehatan fisik terutama pada generasi Z yang akan memimpin masa depan bangsa nanti.","1315216350738956289","","hfafizh","in","","0","1","0","https://x.com/hfafizh/status/1315216350738956289","1313464830293024768","hfafizh"
"1315216336780292098","Sun Oct 11 09:03:04 +0000 2020","0","Mengapa Kesehatan Mental Itu Penting Terutama Untuk Generasi Z? Nama : Zuhlia Dwi Listiani Fakultas : Perikanan dan Ilmu Kelautan Prodi : Agrobisnis Perikanan Cluster : 6 #Adhikara58 #MabaUB2020 #RAJABrawijaya2020 #KitaSatuBrawijaya #KreasiNyataBrawijayans A THREAD","1315216336780292098","","","in","","0","1","0","https://x.com/ntslwdz/status/1315216336780292098","1039867369449971712","ntslwdz"
"1315216329276747776","Sun Oct 11 09:03:03 +0000 2020","0","Sebagai generasi Z calon penerus bangsa kita harus bisa menjaga diri kita dan orang lain dari gangguan-gangguan mental tersebut. Keterkaitan antara kebermaknaan hidup dan kesehatan mental dapat ditelusuri dari sumber utama kebermaknaan hidup dan kesehatan mental itu sendiri.","1315216329276747776","","","in","","0","2","0","https://x.com/Salsala41151785/status/1315216329276747776","1311886131932274688","Salsala41151785"
"1315216276084547587","Sun Oct 11 09:02:52 +0000 2020","0","Sebagai generasi Z sudah sepantasnya kita untuk menjaga kesehatan mental. Karena mental yang sehat dan positif sangat penting bagi diri untuk memungkinkan kita untuk bekerja secara produktif.","1315216284728999936","","endryana_s","in","Nganjuk, Indonesia","0","1","0","https://x.com/endryana_s/status/1315216284728999936","1248619676059357187","endryana_s"
"1315215885376733184","Sun Oct 11 09:02:50 +0000 2020","0","Generasi Z adalah generasi yang didefinisikan sebagai orang-orang yang lahir pada tahun 1998 sampai 2010 pada umumnya tahun kelahiran tersebut adalah para generasi muda bangsa maka dari itu kesehatan mental sangat penting bagi generasi Z.","1315216276101320706","","peacys0ul","in","","0","1","0","https://x.com/peacys0ul/status/1315216276101320706","1249710914103693313","peacys0ul"
"1315216260385271809","Sun Oct 11 09:02:47 +0000 2020","0","secara umum bagi generasi Z yang notabenenya adalah pelajar jaman 'now' sangat butuh banget yang namanya kesehatan mental.","1315216264399183872","","Muhamma78138226","in","","0","1","0","https://x.com/Muhamma78138226/status/1315216264399183872","1314564602525437954","Muhamma78138226"
"1315214894480850944","Sun Oct 11 09:02:44 +0000 2020","0","Tapi menurut penelitian American Psychological Association (APA) tahun 2018 berjudul Stress in America: Generation Z anak muda usia 15 sampai 21 tahun adalah kelompok manusia dengan kondisi kesehatan mental terburuk dibandingkan dengan generasi-generasi lainnya.","1315216253192081409","","naf_salma","in","","0","1","0","https://x.com/naf_salma/status/1315216253192081409","1315148104606253056","naf_salma"
"1315216243377332224","Sun Oct 11 09:02:43 +0000 2020","0","permasalahan yang mengganggu kesehatan mental antara lain berupa permasalahan keluarga relationship finansial dan ujian hidup yang dirasa tidak mampu dihadapi sendiri. penderita sendiri mayoritas adalah generasi Z","1315216247034765312","","taaweasley","in","","0","1","0","https://x.com/taaweasley/status/1315216247034765312","1124643551998906368","taaweasley"
"1315215593990045701","Sun Oct 11 09:02:40 +0000 2020","1","dan bisa memberikan tekanan kepada para Generasi Z. Namun di sisi lain hari-hari ini masih banyak anak muda yang belum menyadari seberapa penting kesehatan mental dan pengaruhnya pada kehidupannya padahal tidak sedikit Generasi Z yang kesehatan mentalnya terganggu.","1315216236347678721","","shityamaa","in","","0","1","0","https://x.com/shityamaa/status/1315216236347678721","1002969602819686400","shityamaa"
"1315216223022456833","Sun Oct 11 09:02:39 +0000 2020","0","Generasi Z merupakan generasi yang melek terhadap informasi segala macam informasi dapat di akses melalui internet dan media sosial. Namun internet juga memiliki pengaruh buruk pada kesehatan mental. Karena banyak dari generasi Z yg menyalahgunakannya","1315216232019161089","","wdaaaay","in","Teuland","0","1","0","https://x.com/wdaaaay/status/1315216232019161089","1277965795176222725","wdaaaay"
"1315216208954679298","Sun Oct 11 09:02:34 +0000 2020","1","MENTAL HEALTH GENERASI Z Generasi Z adalah mereka yang lahir di generasi internet generasi yang sudah menikmati keajaiban teknologi usai kelahiran internet. Rupanya kondisi psikologis dan kesehatan mental anak-anak muda generasi Z tidak sebaik generasi-generasi sebelumnya.","1315216208954679298","","","in","Indonesia","0","7","0","https://x.com/saraadw_/status/1315216208954679298","1148931630058237952","saraadw_"
"1315216029186842624","Sun Oct 11 09:02:26 +0000 2020","0","padahal dilihat dari jaman sekarang anak muda atau yang biasa disebut generasi Z ini rentan terkena gangguan kesehatan mental/stress. gangguan kesehatan mental ini adalah penyakit yang memengaruhi emosi perilaku dan juga pola pikir penderitanya.","1315216176591499264","","AanFarhan02_","in","","0","1","0","https://x.com/AanFarhan02_/status/1315216176591499264","1113723751","AanFarhan02_"
"1315216159700971520","Sun Oct 11 09:02:26 +0000 2020","0","Dari sini kita menjadi tahu betapa pentingnya kesehatan mental. Terutama bagi Generasi Z yang suka bermain atau menggunakan media sosial. #LoveYourself #BeYourself #Adhikara58 #MabaUB2020 #RAJABrawijaya2020 #KitaSatuBrawijaya #KreasiNyataBrawijayans","1315216175786147840","","rofiussyanaw","in","","0","0","0","https://x.com/rofiussyanaw/status/1315216175786147840","1315207428984631301","rofiussyanaw"
"1315216114868051971","Sun Oct 11 09:02:25 +0000 2020","0","pentingnya kesehatan mental tersebut membuat kita harus lebih aware terhadap kesehatan mental dan juga dampak-dampaknya bagi kesehatan generasi Z.","1315216171319263233","","KusumawatiAyuni","in","","0","1","0","https://x.com/KusumawatiAyuni/status/1315216171319263233","1312239673297707009","KusumawatiAyuni"
"1315216114868051971","Sun Oct 11 09:02:24 +0000 2020","0","Masih banyak orang yang kurang memperhatikan pentingnya kesehatan mental padahal pada zaman ini kesehatan mental adalah hal yang paling utama. Terutama untuk generasi z","1315216169314312192","","KusumawatiAyuni","in","","0","1","0","https://x.com/KusumawatiAyuni/status/1315216169314312192","1312239673297707009","KusumawatiAyuni"
"1315216079245860865","Sun Oct 11 09:02:03 +0000 2020","0","Pentingnya Mental Health di Masa sekarang terutama bagi generasi Z I.1 Pengertian Mental Health Mental Healt adalah Kesehatan mental Kesehatan mental dipengaruhi oleh peristiwa dalam kehidupan yang meninggalkan dampak yang besar pada kepribadian dan perilaku seseor","1315216079245860865","","","in","","0","0","0","https://x.com/FaturRo16930620/status/1315216079245860865","1315182980034256896","FaturRo16930620"
"1315215606082269187","Sun Oct 11 09:02:02 +0000 2020","0","Rasa cemas panik jenuh sampai overthinking seringkali dilakukan oleh generasi Z. Perasaan seperti itu memicu adanya gangguan pada kesehatan mental kita. Mengingat generasi Z adalah generasi yang sejak kecil sudah dekat dengan kemajuan teknologi.","1315216074158206977","","itsmedev__","in","Indonesia","0","1","0","https://x.com/itsmedev__/status/1315216074158206977","740550749990453249","itsmedev__"
"1315216066516193280","Sun Oct 11 09:02:01 +0000 2020","0","Tentunya bagi generasi z atau remaja masa kini ini kesehatan mental akan sangat berpengaruh dalam bidang akademik maupun non akademik. Mereka tidak akan bisa berkembang jika mereka tidak mengenali dirinya sendiri dan memilih untuk memendam masalah mentalnya.","1315216072123977729","","fvtyna","in","","0","1","0","https://x.com/fvtyna/status/1315216072123977729","800096409840029696","fvtyna"
"1315216066516193280","Sun Oct 11 09:02:01 +0000 2020","0","Penelitian yang dilakukan American Psychological Association (APA) tahun 2018 berjudul Stress in America: Generation Z menyebutkan bahwa remaja dan pemuda yang saat ini berusia 15-21 tahun memiliki kesehatan mental terburuk dibandingkan dengan generasi lainnya (Haryadi 2019).","1315216070513364998","","fvtyna","in","","0","1","0","https://x.com/fvtyna/status/1315216070513364998","800096409840029696","fvtyna"
"1315216062984536064","Sun Oct 11 09:01:59 +0000 2020","0","Apa itu Generasi Z dan mengapa begitu penting kesehatan mental (mental health) bagi para Generasi Z. Generasi Z merupakan generasi yang lahir dalam perkembangan teknologi yang semakin pesat.","1315216062984536064","","","in","","0","1","0","https://x.com/AmeliasariCindy/status/1315216062984536064","1313148113775783938","AmeliasariCindy"
"1315215686113746945","Sun Oct 11 09:01:59 +0000 2020","0","Hal itu yang membuat banyak masalah kesehatan mental yang muncul dan menjadi cikal bakal penyakit kesehatan mental pada generasi Z diantaranya yaitu peningkatan angka bunuh diri peningkatan laporan terhadap kasus kekerasan dan pelecehan seksual","1315216061499801602","","sapaakusapaaku","in","'02","0","1","0","https://x.com/sapaakusapaaku/status/1315216061499801602","1134871905150701570","sapaakusapaaku"
"1315216050775097345","Sun Oct 11 09:01:57 +0000 2020","0","secara produktif dan menghasilkan serta berperan di masyarakat Di era sekarang ini generasi Z harusmengetahui apa sih pentingnya kesehatan mental bagi dirinya sendiri. saat ini banyak dari generasi Z yang memiliki gangguan mental. Mental illness memiliki banyak faktor seperti","1315216053748690944","","eegilll","in","","0","1","0","https://x.com/eegilll/status/1315216053748690944","3041853288","eegilll"
"1315215815415717895","Sun Oct 11 09:01:56 +0000 2020","0","Kesehatan mental sangatlah penting karena mempengaruhi semua aspek. Baik emosional fisik maupun sosial. Kesehatan mental juga sangat diperlukan oleh kita sebagai generasi z untuk bisa bertahan apalagi ditengah pandemi seperti sekarang ini.","1315216047885094913","","Joanaatoba","in","","0","4","0","https://x.com/Joanaatoba/status/1315216047885094913","1315202450727477248","Joanaatoba"
"1315215598528282627","Sun Oct 11 09:01:53 +0000 2020","0","anak muda usia 15 sampai 21 tahun adalah kelompok manusia dengan kondisi kesehatan mental terburuk dibandingkan dengan generasi-generasi lainnya. Menurut penelitian APA tersebut diperoleh hasil bahwa sebanyak 91 persen generasi Z mempunyai gejala-gejala emosional maupun fisik-","1315216037504139265","","Shafiranajiyah1","in","","0","0","0","https://x.com/Shafiranajiyah1/status/1315216037504139265","825519143570911232","Shafiranajiyah1"
"1315216021477683201","Sun Oct 11 09:01:53 +0000 2020","0","Jadi kesimpulannya kesehatan mental sangat penting bagi generasi Z mengingat besarnya akibatnya yang ditimbulkan jika kesehatan mental terganggu serta ada beberapa alasan utama dan tanggung jawab kita sebagai generasi Z yang telah di deskripsikan","1315216037252481026","","ArdanaSafrizal","in","","0","1","0","https://x.com/ArdanaSafrizal/status/1315216037252481026","1310159396622618625","ArdanaSafrizal"
"1315216021477683201","Sun Oct 11 09:01:52 +0000 2020","0","Jadi kesehatan mental sangat penting bagi generasi Z alasannya karena generasi Z merupakan calon generasi bangsa indonesia dan yang kedua kondisi mental dapat mempengaruhi kehidupan kita sebagai generasi Z saat sudah dewasa nanti","1315216034597531649","","ArdanaSafrizal","in","","0","1","0","https://x.com/ArdanaSafrizal/status/1315216034597531649","1310159396622618625","ArdanaSafrizal"
"1315216021477683201","Sun Oct 11 09:01:50 +0000 2020","0","Saat kondisi pada masa ini tingkat stres dan gangguan kesehatan mental yang dialami para generasi Z terutama yang sedang bersekolah atau sedang kuliah di perguruan tinggi ini semakin meningkat dari tahun ke tahun","1315216026825416709","","ArdanaSafrizal","in","","0","1","0","https://x.com/ArdanaSafrizal/status/1315216026825416709","1310159396622618625","ArdanaSafrizal"
"1315216024774475777","Sun Oct 11 09:01:50 +0000 2020","0","Kesehatan mental memang dapat disebabkan oleh faktor internal maupun faktor eksternal. Namun media sosial menjadi faktor terbesar yang dapat mengganggu kesehatan mental generasi sekarang atau Generasi Z.","1315216026510925826","","salsarachm","in","","0","1","0","https://x.com/salsarachm/status/1315216026510925826","1138804938270633986","salsarachm"
"1315216024774475777","Sun Oct 11 09:01:50 +0000 2020","0","Pentingnya Kesehatan Mental Bagi Generasi Z Nama :Salsa Rachmatulloh Pratiwi Fakultas:Ekonomi dan Bisnis Jurusan :Ilmu Ekonomi Cluster :4 . . . #LoveYourself #MentalHealth #Adhikara58 #MabaUB2020 #RAJABrawijaya2020 #KitaSatuBrawijaya #KreasiNyataBrawijayans","1315216024774475777","","","in","","0","1","0","https://x.com/salsarachm/status/1315216024774475777","1138804938270633986","salsarachm"
"1315215953349668864","Sun Oct 11 09:01:37 +0000 2020","0","teknologi yang menyertai tumbuh kembang generasi Z ini mempengaruhi kepribadian mereka dan yang paling utama yaitu perlu kita perhatikan kesehatan mental generasi Z generasi Z lahir digenerasi yang semuanya berhubungan dengan teknologi.","1315215972169441280","","mayafaridhotul","in","Jawa Timur, Indonesia","0","1","0","https://x.com/mayafaridhotul/status/1315215972169441280","1154954380501667840","mayafaridhotul"
"1315215960157036545","Sun Oct 11 09:01:36 +0000 2020","0","Generasi saat khususnya generasi Z ini harus peduli dengan kesehatan mental tiap individu bahkan dirinya sendiri. Gangguan ini bahkan disebut sebagai tantangan global yang harus segera kita hadapi dan perbaiki.","1315215965114699778","","sykesxsand","in","Indonesia","0","1","0","https://x.com/sykesxsand/status/1315215965114699778","1094177768466567168","sykesxsand"
"1315215908135006209","Sun Oct 11 09:01:34 +0000 2020","0","memperoleh informasi yang beredar maka mereka akan lebih banyak berpikir yang akan menimbulkan stres. Semakin generasi Z tahu informasi-informasi tersebut makin terpaparlah kedalam kesehatan mental tersebut.","1315215956369567745","","farsya911","in","","0","1","0","https://x.com/farsya911/status/1315215956369567745","1181933319484653568","farsya911"
"1315215953349668864","Sun Oct 11 09:01:33 +0000 2020","7","PENTINGNYA MENTAL HEALTH BAGI GENERASI Z Definisi kesehatan mental menurut WHO adalah kondisi kesejahteraan seorang individu yang menyadari kemampuannya sendiri dpt mengatasi tekanan kehidupan yg normal dpt bekerja secara produktif &amp; mampu memberikan kontribusi kpd komunitasnya","1315215953349668864","","","in","Jawa Timur, Indonesia","0","1","1","https://x.com/mayafaridhotul/status/1315215953349668864","1154954380501667840","mayafaridhotul"
"1315215927978287104","Sun Oct 11 09:01:29 +0000 2020","1","Dengan memperhatikan pentingnya kesehatan mental bagi generasi Z adapun solusi-solusi yang bisa diterapkan untuk menjaga kondisi kesehatan mental. Solusi terbaik dari permasalahan tersebut yaitu dengan mencoba tersenyum berbagi cerita dan bersosialisasi dengan dunia luar.","1315215935683223552","","Iswaatul_","in","","0","1","0","https://x.com/Iswaatul_/status/1315215935683223552","988399246624739328","Iswaatul_"
"1315215842473172992","Sun Oct 11 09:01:11 +0000 2020","0","Sangat penting untuk menjaga kesehatan mental di zaman sekarang. Apalagi di masa pandemi COVID-19 ini. Semua orang perlu menjaga kesehatan mental karena gangguan mental dapat menyerang siapa saja termasuk generasi Z remaja diusia kita.","1315215862144536577","","andeenastiti","in","","0","1","0","https://x.com/andeenastiti/status/1315215862144536577","1314801519477186562","andeenastiti"
"1315215841869197313","Sun Oct 11 09:01:09 +0000 2020","0","Jika tidak sadar akan pentingnya kesehatan mental masa depan generasi Z akan terancam.","1315215854410186752","","bebiigirlll","in","","0","1","0","https://x.com/bebiigirlll/status/1315215854410186752","1114151900583084037","bebiigirlll"
"1315215828602679296","Sun Oct 11 09:01:05 +0000 2020","1","Generasi Z mempunyai gejala-gejala emosional maupun fisik yang berkaitan dengan stres seperti depresi dan gangguan kecemasan. Stres adalah faktor terbesar penyebab buruknya kesehatan mental generasi Z.","1315215836974641154","","cinnamonive","in","","0","1","0","https://x.com/cinnamonive/status/1315215836974641154","1033288970430341120","cinnamonive"
"1315215828602679296","Sun Oct 11 09:01:05 +0000 2020","1","kondisi psikologis dan kesehatan mental anak muda tidak seperti anggapan orang. anak muda usia 15 sampai 21 tahun adalah generasi dengan kondisi kesehatan mental terburuk dibandingkan dengan generasi-generasi lainnya. Mereka adalah Generasi Z merupakan generasi termuda. https://t.co/XzSd6IQEuE","1315215834520801280","https://pbs.twimg.com/media/EkCV1LOVgAAx7Mu.jpg","cinnamonive","in","","0","1","0","https://x.com/cinnamonive/status/1315215834520801280","1033288970430341120","cinnamonive"
"1315215773653057537","Sun Oct 11 09:00:51 +0000 2020","1","Cara untuk menjaga kesehatan mental bagi para generasi Z adlh belajar menerima masalah yg sulit dihadapi selalu berpikir positif bahwa setiap masalah hidup ada hikmahnya meminta saran kepada orang yang dipercayai mengenai masalah yang dihadapi dan ikut kegiatan sosial.","1315215775263674368","","Irfanhmzh","in","","0","1","0","https://x.com/Irfanhmzh/status/1315215775263674368","1125401906489073667","Irfanhmzh"
"1315215760482922502","Sun Oct 11 09:00:50 +0000 2020","2","Menjaga kesehatan mental sangat penting terutama bagi generasi Z. Mudah untuk pikiran kita untuk overload dengan informasi-informasi yang beredar terutama dengan kemajuan teknologi dan sosial media di era sekarang","1315215773443387393","","someoneelsenoti","in","","0","1","0","https://x.com/someoneelsenoti/status/1315215773443387393","1310436588388712448","someoneelsenoti"
"1315215756703887360","Sun Oct 11 09:00:46 +0000 2020","0","nama saya Muhammad Hafizh Hariyanto dari fakultas MIPA prodi Matematika . Cluster 34.kita sebagai generasi Z harus bijak dalam menjaga Kesehatan mental pada zaman sekarang. #LoveYourself #Adhikara58 #MabaUB2020 #RAJABrawijaya2020 #KitaSatuBrawijaya #KreasiNyataBrawijayans","1315215756703887360","","","in","","0","1","0","https://x.com/UbHapis/status/1315215756703887360","1315168292961579009","UbHapis"
"1315215612809895940","Sun Oct 11 09:00:45 +0000 2020","0","Kesehatan Mental di Generasi Z Generasi Z adalah mereka yang terlahir dengan teknologi yang sudah canggih seperti smartphone internet dan teknologi yang berada diujung jari mereka. Generasi adalah orang yang lahir diantara tahun 1997 sampai sekitar tahun 2012.","1315215751603658755","","tutita_tutita","in","","0","1","0","https://x.com/tutita_tutita/status/1315215751603658755","1311876092601401350","tutita_tutita"
"1315215741075910658","Sun Oct 11 09:00:42 +0000 2020","0","Pentingnya kesehatan mental pada generasi Z saat ini ~{THREAD}~ #mentalhealth #LoveYourself #Adhikara58 #MabaUB2020 #RAJABrawijaya2020 #KitaSatuBrawijaya #KreasiNyataBrawijayans","1315215741075910658","","","in","02'","0","1","0","https://x.com/KsunAlice/status/1315215741075910658","1081874176359579648","KsunAlice"
"1315215718074335233","Sun Oct 11 09:00:37 +0000 2020","0","Nama : Titi Eriwanti Fakultas : Teknik Jurusan : Perencanaan Wilayah dan Kota Cluster : 16 Kesehatan Mental Bagi Generasi Z Apakah yang dimaksud dengan mental health? Dan seberapa pentingkah kesadaran akan hal tersebut?","1315215718074335233","","","in","","0","1","0","https://x.com/teriwanti/status/1315215718074335233","1315136509784150017","teriwanti"
"1315215703696273408","Sun Oct 11 09:00:35 +0000 2020","0","maka dari itu kita sebagai generasi Z harus selalu menjaga kesehatan kita. karena kesahatan mental sangat penting bagi generasi Z. salah satu cara yaitu tidak overthinking. selain itu kita juga bisa berbagi masalah dengan orang terdekat kita.sekian dari saya","1315215710407204864","","aini220501","in","","0","1","0","https://x.com/aini220501/status/1315215710407204864","816230260001804288","aini220501"
"1315215703083872256","Sun Oct 11 09:00:33 +0000 2020","0","Nama : Dina Badriatul Ma'rifah Fakultas : Peternakan Jurusan: Peternakan Cluster : 1 Kesehatan mental merupakan keadaan dimana seseorang sehat secara psikis maupun emosinya. Stres merupakan faktor terbesar sebagai penyebab buruknya kesehatan mental generasi Z.","1315215703083872256","","","in","","0","1","0","https://x.com/BadriatulMa/status/1315215703083872256","1313087996174897153","BadriatulMa"
"1315215682661838850","Sun Oct 11 09:00:33 +0000 2020","0","Menurut penelitian American Psychological Association (APA) 2018 berjudul Stress in America: Generation Z diperoleh hasil bahwa anak muda usia 15 - 21 tahun adalah kelompok manusia dengan kondisi kesehatan mental terburuk dibandingkan dengan generasi-generasi lainnya.","1315215701360078848","","blueberrygus","in","","0","1","0","https://x.com/blueberrygus/status/1315215701360078848","742869516166647809","blueberrygus"
"1315215688580038656","Sun Oct 11 09:00:32 +0000 2020","0","Berdasarkan data Kementerian Kesehatan Indonesia meningkatnya jumlah pasien gangguan mental di Indonesia dan di seluruh dunia disebabkan oleh pesatnya pertumbuhan hidup manusia serta meningkatnya beban hidup terutama yang dialami oleh generasi Z.","1315215699313270784","","adnan_gumintang","in","+62","0","1","0","https://x.com/adnan_gumintang/status/1315215699313270784","1149315873355661312","adnan_gumintang"
"1315215682695438338","Sun Oct 11 09:00:32 +0000 2020","0","Pemaparan-pemaparan tersebut menunjukkan bahwa generasi Z tak hanya dekat dengan teknologi melainkan juga dekat dengan kondisi kesehatan mental yang buruk. #Adhikara58 #MabaUB2020 #RAJABrawijaya2020 #KitaSatuBrawijaya #KreasiNyataBrawijayans #LoveYourself","1315215695903301632","","HunnyRose3","in","","0","0","0","https://x.com/HunnyRose3/status/1315215695903301632","1183681386005221377","HunnyRose3"
"1315215682695438338","Sun Oct 11 09:00:31 +0000 2020","0","Tingkat stress tinggi yang dibarengi dengan mudahnya akses terhadap informasi self harm memperbesar kemungkinan anak-anak muda generasi Z mempunyai kondisi kesehatan mental yang buruk.","1315215692317171712","","HunnyRose3","in","","0","1","0","https://x.com/HunnyRose3/status/1315215692317171712","1183681386005221377","HunnyRose3"
"1315215687120424961","Sun Oct 11 09:00:29 +0000 2020","0","Muhammad Imam Hanafi teknik komputer fakultas illmu komputer universitas brawijaya cluster 55 Kesehatan mental perlu dijaga terutama bagi generasi z generasi penerus bangsa. #LoveYourself #Adhikara58 #MabaUB2020 #RAJABrawijaya2020 #KitaSatuBrawijaya #KreasiNyataBrawijayans","1315215687120424961","","","in","","0","0","0","https://x.com/muhamma08259052/status/1315215687120424961","1315209363741499392","muhamma08259052"
"1315215673560199173","Sun Oct 11 09:00:29 +0000 2020","0","Bahkan pada beberapa aspek melebihi tingkat stres orang-orang yang lebih tua.Kondisi kesehatan mental generasi Z sangat perlu untuk menjadi perhatian banyak pihak.","1315215683861372928","","vito75398651","in","","0","1","0","https://x.com/vito75398651/status/1315215683861372928","1311494234923429889","vito75398651"
"1315215679960707074","Sun Oct 11 09:00:28 +0000 2020","1","THREAD PENTINGNYA KESEHATAN MENTAL DI MASA SEKARANG TERUTAMA BAGI GENERASI Z Nama: Elvina Lusi Fakultas: Ilmu Administrasi Jurusan:Ilmu Administrasi Publik Cluster : 64 Kesehatan mental merupakan sebuah kondisi individu terbebas dari segala bentuk gejala gangguan mental.","1315215679960707074","","","in","","0","1","0","https://x.com/itemisgud/status/1315215679960707074","994656280701583360","itemisgud"
"1315215673560199173","Sun Oct 11 09:00:27 +0000 2020","0","emosional maupun fisik yang berkaitan dengan stres seperti depresi dan gangguan kecemasan. Stres adalah faktor terbesar penyebab buruknya kesehatan mental generasi Z.banyaknya waktu yang dihabiskan untuk mengakses internet.Lama-kelamaan pengetahuan mereka menjelma menjadi sebuah","1315215678664654852","","vito75398651","in","","0","1","0","https://x.com/vito75398651/status/1315215678664654852","1311494234923429889","vito75398651"
"1315215678614507520","Sun Oct 11 09:00:27 +0000 2020","0","Generasi Z merupakan mereka yang lahir di tahun 1993-2005. Generasi ini juga merupakan generasi yang memiliki kondisi kesehatan mental terburuk. Banyak asumsi yang mengatakan semakin muda maka semakin dikit masalah hidup yang di alami. Namun pada kenyataannya generasi Z justru-","1315215678614507520","","","in","","0","1","0","https://x.com/ranydesta/status/1315215678614507520","1203262924954820608","ranydesta"
"1315215673560199173","Sun Oct 11 09:00:26 +0000 2020","0","Pentingnya Kesehatan Mental bagi generasi Z di zaman sekarang.Kesehatan mental adalah tingkatan kesejahteraan psikologis atau ketiadaan gangguan jiwa. Kesehatan jiwa terdiri dari beberapa jenis kondisi yang secara umum dikategorikan dalam 'kondisi sehat' 'gangguan kecemasan' ","1315215673560199173","","","in","","0","1","0","https://x.com/vito75398651/status/1315215673560199173","1311494234923429889","vito75398651"
"1315215667923087363","Sun Oct 11 09:00:26 +0000 2020","0","Memahami pentingnya kesehatan mental bagi generasi z diharapkan dapat membantu kita termovitasi dalam menjaganya.","1315215672381566978","","aldisurya288","in","","0","0","0","https://x.com/aldisurya288/status/1315215672381566978","1311551891935961094","aldisurya288"
"1315215661472256003","Sun Oct 11 09:00:26 +0000 2020","0","kesehatan mental terutama bagi generasi Z saat ini perlu dipantau secara serius karena bagaimanapun mereka adalah generasi penerus bangsa ini. Menjaga kesehatan mental bisa dilakukan oleh diri kita sendiri dengan cara :","1315215671609884672","","puppycoi","in","Indonesia","0","0","0","https://x.com/puppycoi/status/1315215671609884672","1252153413837615104","puppycoi"
"1315215659601588226","Sun Oct 11 09:00:26 +0000 2020","0","Kondisi kesehatan mental generasi Z sangat perlu untuk menjadi perhatian banyak pihak dan juga perlu terus mengembangkan sosialisasi mengenai pentingnya kesadaran kesehatan mental.","1315215670661898241","","ilmaliaa_","in","","0","1","0","https://x.com/ilmaliaa_/status/1315215670661898241","1312618106674577409","ilmaliaa_"
"1315215664399826946","Sun Oct 11 09:00:25 +0000 2020","0","Oleh karena itu penting bagi generasi Z untuk memiliki kesehatan mental yang kuat supaya mereka tidak mudah terpancing ataupun merasa terpojokkan dengan komentar-komentar yang tidak jelas ","1315215669051289601","","iamcasualgirl","in","Indonesia","0","1","0","https://x.com/iamcasualgirl/status/1315215669051289601","813507991974461440","iamcasualgirl"
"1315215656501997568","Sun Oct 11 09:00:25 +0000 2020","0","Kondisi ini tentunya sangat memprihatinkan apalagi bagi generasi z dengan rentang usia 10-25 tahun. Masa remaja yang seharusnya bisa menjadi langkah awal dalam pendewasaan diri dengan mencoba hal-hal baru menjadi berubah karena kesehatan mental yang buruk.","1315215666773811206","","sinisukais","in","","0","1","0","https://x.com/sinisukais/status/1315215666773811206","973064770143248384","sinisukais"
"1315215659601588226","Sun Oct 11 09:00:24 +0000 2020","0","Stres adalah faktor terbesar penyebab buruknya kesehatan mental generasi Z. Mulai dari rasa takut was-was kepanikan dan depresi adalah gejala yang menucul dari penyakit mental ini. Akibatnya banyak anak muda pergi ke pskiater untuk meringankan penderita gangguan mental.","1315215664840286208","","ilmaliaa_","in","","0","1","0","https://x.com/ilmaliaa_/status/1315215664840286208","1312618106674577409","ilmaliaa_"
"1315215659433824257","Sun Oct 11 09:00:24 +0000 2020","0","Menurut penelitian Pew Research Center terhadap 920 generasi Z (lahir dari 1997 - 2005) lebih mementingkan kesehatan mental dibandingkan masalah klasik remaja generasi-generasi sebelumnya. Dan juga yang rentan terhadap masalah mental karena penggunaan gadget yang terus menerus.","1315215664689233921","","jelpunjel","in","","0","1","0","https://x.com/jelpunjel/status/1315215664689233921","1315198355010588672","jelpunjel"
"1315215661472256003","Sun Oct 11 09:00:24 +0000 2020","0","kesehatan mental sangatlah penting bagi para remaja saat ini atau yang biasa disebut generasi Z. Terlebih lagi dalam kondisi pandemi seperti sekarang ini pandemi tidak hanya berdampak pada kesehatan fisik namun juga kondisi mental setiap orang.","1315215663632269312","","puppycoi","in","Indonesia","0","1","0","https://x.com/puppycoi/status/1315215663632269312","1252153413837615104","puppycoi"
"1315215659601588226","Sun Oct 11 09:00:24 +0000 2020","0","Generasi Z itu apa sih? Generasi Z diartikan Taylor &amp; Keeter (2010) sebagai orang-orang yang lahir pada tahun 1993 sampai tahun 2005 yang merupakan golongan termuda dengan kondisi kesehatan mental terburuk terutama stress dibandingkan dengan generasi-generasi lainnya.","1315215662927630342","","ilmaliaa_","in","","0","1","0","https://x.com/ilmaliaa_/status/1315215662927630342","1312618106674577409","ilmaliaa_"
"1315215658729127937","Sun Oct 11 09:00:24 +0000 2020","0","Tak kalah pentingnya kesehatan mental bagi generasi Z yaitu generasi milenial karena pada kondisi sekarang ini kaum milenial lah yang mempunyai potensi cukup rawan mengalami gangguan kesehatan mental. Hal ini anatara lain dipengaruhi oleh lingkungan pergaulan.","1315215662122328066","","AdelliaEkaFran1","in","","0","1","0","https://x.com/AdelliaEkaFran1/status/1315215662122328066","1310124500529209346","AdelliaEkaFran1"
"1315215656501997568","Sun Oct 11 09:00:23 +0000 2020","0","menghargai orang lain di sekitar. Perubahan inilah yang memicu adanya konflik pada diri remaja itu sendiri dan dapat menyebabkan dampak baik maupun dampak buruk. hal ini dapat mempengaruhi kesehatan mental para remaja khususnya generasi z.","1315215661409267715","","sinisukais","in","","0","1","0","https://x.com/sinisukais/status/1315215661409267715","973064770143248384","sinisukais"
"1315215572305473539","Sun Oct 11 09:00:12 +0000 2020","0","Oleh karena itu kesehatan mental adalah hal yang sengat penting dan harus selalu dijaga terutama bagi generasi Z. #StayHealthy #Adhikara58 #MabaUB2020 #RAJABrawijaya2020 #KitaSatuBrawijaya #KreasiNyataBrawijayans","1315215615209041920","","KarenSemathea","in","","0","0","0","https://x.com/KarenSemathea/status/1315215615209041920","1313443830587224064","KarenSemathea"
"1315215585442058245","Sun Oct 11 09:00:12 +0000 2020","0","Kondisi kesehatan mental generasi Z sangat perlu untuk menjadi perhatian banyak pihak. Jika tidak sadar akan pentingnya kesehatan mental masa depan pemuda akan terancam karena segala potensi yang dimiliki serta mimpi yang mereka punya bisa menjadi penghambat jika ada con","1315215614424670215","","girlxsoo","in","dream","0","1","0","https://x.com/girlxsoo/status/1315215614424670215","990866878393335808","girlxsoo"
"1315215572305473539","Sun Oct 11 09:00:12 +0000 2020","0","Generasi Z lebih rentan mengalami gangguan kesehatan mental daripada generasi-generasi sebelumnya padahal generasi Z adalah generasi yang akan melanjutkan warisan dari generasi sebelumnya.","1315215612755406849","","KarenSemathea","in","","0","1","0","https://x.com/KarenSemathea/status/1315215612755406849","1313443830587224064","KarenSemathea"
"1315215608699469830","Sun Oct 11 09:00:12 +0000 2020","0","Generation Z kelompok manusia dengan kondisi kesehatan mental terburuk dibandingkan dengan generasi-generasi lainnya adalah anak muda usia 15 sampai 21 tahun. Terlebih di tahun 2020 yang merupakan tahun dengan krisis global pandemi COVID-19 tidak hanya mengancam kesehatan","1315215612218540033","","MohammadAnandh1","in","","0","1","0","https://x.com/MohammadAnandh1/status/1315215612218540033","1310842742361042944","MohammadAnandh1"
"1315215608699469830","Sun Oct 11 09:00:11 +0000 2020","0","Bahkan ada beberapa pihak yang menyatakan bahwa isu kesehatan mental masih kurang menjadi perhatian di Indonesia. Generasi Z memiliki catatan khusus dalam isu kesehatan mental ini menurut penelitian American Psychological Association (APA) tahun 2018 berjudul Stress in America","1315215610150699008","","MohammadAnandh1","in","","0","1","0","https://x.com/MohammadAnandh1/status/1315215610150699008","1310842742361042944","MohammadAnandh1"
"1315215607395041281","Sun Oct 11 09:00:11 +0000 2020","0","Apa sih mental heath itu? Mental Health atau yang artinya kesehatan mental merupakan keadaan psikologi dan emosial suatu individu yang dapat digunakan dalam berinteraksi dengan orang di sekitar. Nah di pandemi ini mental health generasi Z perlu diperhatikan.","1315215609509023744","","Kristin35403289","in","Singosari, Indonesia","0","1","0","https://x.com/Kristin35403289/status/1315215609509023744","1141627579855597568","Kristin35403289"
"1315215603154599936","Sun Oct 11 09:00:10 +0000 2020","0","Banyak sekali penyebab dari munculnya gangguan pada kesehatan mental. Salah satunya yakni merasa kesepian. Kesepian yang dialami oleh Generasi Z ini bisa dikaitkan dengan banyak hal salah satunya yakni diskriminasi.","1315215607109808129","","Ribridge2","in","","0","1","0","https://x.com/Ribridge2/status/1315215607109808129","1227855897117917185","Ribridge2"
"1315215602793938945","Sun Oct 11 09:00:10 +0000 2020","0","Nah dimasa pandemi seperti sekarang ini Kesehatan mental sangat rentan terjadi pada masyarakat terutama bagi generasi Z.","1315215606493315072","","hawaalqorni","in","","0","1","0","https://x.com/hawaalqorni/status/1315215606493315072","1133332149971537922","hawaalqorni"
"1315215590848565248","Sun Oct 11 09:00:10 +0000 2020","0","Dari data diatas dapat disimpulkan bahwa Generasi Z dan Generasi Milenial memiliki Kesehatan Mental yang kurang baik.","1315215606291943425","","azhiyhdref","in","East Java, Indonesia","0","1","0","https://x.com/azhiyhdref/status/1315215606291943425","2739486272","azhiyhdref"
"1315215606082269187","Sun Oct 11 09:00:10 +0000 2020","0","Pentingnya Kesehatan Mental bagi Generasi Z [A thread]","1315215606082269187","","","in","Indonesia","0","1","0","https://x.com/itsmedev__/status/1315215606082269187","740550749990453249","itsmedev__"
"1315215593230925826","Sun Oct 11 09:00:10 +0000 2020","0","Sudah seharusnya kita para generasi Z termasuk mahasiswa menjaga kesehatan mental diri sendiri. Alangkah baiknya jika kita dapat menjalankan upaya pencegahan gangguan kesehatan mental sebelum hal itu terjadi.Lebih baik mencegah daripada mengobati. Terima kasih. ","1315215605834805249","","FadhilahBagask1","in","","0","1","0","https://x.com/FadhilahBagask1/status/1315215605834805249","1218490355483439104","FadhilahBagask1"
"1315215581256187905","Sun Oct 11 09:00:10 +0000 2020","0","Kondisi kesehatan mental generasi Z sangat perlu untuk menjadi perhatian banyak pihak. Generasi Z yang dekat dengan teknologi perlu bersikap pro-aktif dalam memahami kesehatan mentalnya sendiri. Generasi Z juga perlu memanfaatkan akses informasi untuk mencari bantuan klinis -cont","1315215604563886084","","alteriolvena","in","","0","1","0","https://x.com/alteriolvena/status/1315215604563886084","1110126052150370305","alteriolvena"
"1315215598608027654","Sun Oct 11 09:00:10 +0000 2020","0","stres adalah faktor terbesar penyebab buruknya kesehatan mental generasi Z. penyebabnya seperti meningkatnya kasus bunuh diri kasus pelecehan seksual hingga pemanasan global. ditambah lagi sekarang adanya pandemi Covid-19.","1315215604454809601","","cacamaricun","in","","0","1","0","https://x.com/cacamaricun/status/1315215604454809601","3072618990","cacamaricun"
"1315215603603365892","Sun Oct 11 09:00:10 +0000 2020","0","Generasi Z Darurat Kesehatan Mental A THREAD #LoveYourSelf #Adhikara58 #MabaUB2020 #RAJABrawijaya2020 #KitaSatuBrawijaya #KreasiNyataBrawijayans","1315215603603365892","","","in","","0","1","0","https://x.com/gelaslemineral/status/1315215603603365892","1910073122","gelaslemineral"
"1315215598608027654","Sun Oct 11 09:00:09 +0000 2020","0","menurut penelitian American Psychological Association (APA) tahun 2018 yang berjudul Stress in America : Generation Z anak muda usia 15-21 tahun adalah kelompok manusia dengan kondisi kesehatan mental terburuk dibandingkan dengan generasi lain.","1315215602596769792","","cacamaricun","in","","0","1","0","https://x.com/cacamaricun/status/1315215602596769792","3072618990","cacamaricun"
"1315215568539009024","Sun Oct 11 09:00:09 +0000 2020","0","narkoba perubahan besar dalam kebiasaan makan rasa marah dan benci yang berlebih serta keinginan bunuh diri. Di era generasi Z ini semakin terlihat banyaknya perilaku yang mengarah kepada kesehatan mental yang terganggu. Pemicu paling berpengaruh yaitu dunia maya atau media","1315215601191645184","","ocarolzz","in","","0","1","0","https://x.com/ocarolzz/status/1315215601191645184","1150635446428266497","ocarolzz"
"1315215600688353283","Sun Oct 11 09:00:09 +0000 2020","0","haii semuanya perkenalkan Namaku Davina Salsabilla In'am Carissa dari Fakultas Ekonomi dan Bisnis Universitas Brawijaya jurusan Akuntansi cluster 25 disini aku mau berbagi cerita nih tentang bagaimana pentingnya kesehatan mental bagi generasi Z disimak terus ya sampai akhir","1315215600688353283","","","in","","0","1","0","https://x.com/hamnyaangie/status/1315215600688353283","1003896447178190848","hamnyaangie"
"1315215585442058245","Sun Oct 11 09:00:09 +0000 2020","0","Ternyata generasi ini memanfaatkan dunia virtual sebagai tempat pelarian dari kehidupan nyata. Sayangnya internet bisa membuat kondisi kesehatan mental generasi Z menjadi lebih buruk.","1315215599744634882","","girlxsoo","in","dream","0","1","0","https://x.com/girlxsoo/status/1315215599744634882","990866878393335808","girlxsoo"
"1315215588466196480","Sun Oct 11 09:00:09 +0000 2020","0","Stres adalah faktor terbesar penyebab buruknya kesehatan mental generasi Z. Peningkatan angka bunuh diri peningkatan laporan terhadap kasus kekerasan dan pelecehan seksual hingga pemanasan global dan perubahan iklim adalah beberapa faktor pemicu stres generasi Z.","1315215599211933697","","fajarnisak2002","in","Indonesia","0","1","0","https://x.com/fajarnisak2002/status/1315215599211933697","904891551620374528","fajarnisak2002"
"1315215591544770560","Sun Oct 11 09:00:08 +0000 2020","0","Menjaga kesehatan mental sangatlah penting terutama untuk generasi Z. Selama masa pandemi para pelajar/mahasiswa belajar secara daring. Tak salah jika hal itu dimaksudkan untuk meningkatkan pemahaman pelajar terhadap teknologi yang sekarang ini semakin canggih.","1315215597584576512","","SDarussalamah","in","","0","1","0","https://x.com/SDarussalamah/status/1315215597584576512","1312709234178490368","SDarussalamah"
"1315215576780828672","Sun Oct 11 09:00:08 +0000 2020","0","Kondisi kesehatan mental generasi Z sangat perlu untuk menjadi perhatian banyak pihak. Selain kajian-kajian ilmiah mengenai penyebab kondisi psikologis ini berbagai pihak juga perlu terus mengembangkan sosialisasi mengenai pentingnya kesadaran kesehatan mental.","1315215597408403457","","berububuuu","in","","0","1","0","https://x.com/berububuuu/status/1315215597408403457","1132648029146603521","berububuuu"
"1315215585442058245","Sun Oct 11 09:00:08 +0000 2020","0","WHO menyebutkan anak muda alias generasi milenial saat ini lebih rentan terkena gangguan mental. Stres adalah faktor terbesar penyebab buruknya kesehatan mental generasi Z.","1315215595734929409","","girlxsoo","in","dream","0","1","0","https://x.com/girlxsoo/status/1315215595734929409","990866878393335808","girlxsoo"
"1315215595323891713","Sun Oct 11 09:00:08 +0000 2020","0","MENTAL HEALTH GENERASI Z Hai Aku Nabilah dari Fakultas Teknik jurusan Teknik Sipil Cluster 13 Aku mau kasitau pentingnya menjaga kesehatan mental dan cara mengobatinya #LoveYourself #Adhikara58 #MabaUB2020 #RAJABrawijaya2020 #KitaSatuBrawijaya #KreasiNyataBrawijayans","1315215595323891713","","","in","","1","1","0","https://x.com/yuhuuitstata/status/1315215595323891713","1275470980727488512","yuhuuitstata"
"1315215574331342848","Sun Oct 11 09:00:07 +0000 2020","0","Kondisi kesehatan mental generasi Z ini sangat perlu untuk menjadi perhatian banyak pihak. Selain kajian-kajian ilmiah mengenai penyebab kondisi psikologis ini berbagai pihak juga perlu terus mengembangkan sosialisasi mengenai pentingnya kesadaran dalam menjaga kesehatan mental.","1315215594451476481","","salsabilafrch","in","Jawa Timur, Indonesia","0","1","0","https://x.com/salsabilafrch/status/1315215594451476481","1239747625085067265","salsabilafrch"
"1315215585442058245","Sun Oct 11 09:00:07 +0000 2020","0","WHO menyebutkan anak muda alias generasi milenial saat ini lebih rentan terkena gangguan mental. Stres adalah faktor terbesar penyebab buruknya kesehatan mental generasi Z.","1315215592110972933","","girlxsoo","in","dream","0","1","0","https://x.com/girlxsoo/status/1315215592110972933","990866878393335808","girlxsoo"
"1315215574331342848","Sun Oct 11 09:00:07 +0000 2020","0","seperti postpartum depression yang hanya menyerang ibu setelah melahirkan. Para peneliti menyatakan bahwa terdapat perubahan struktur otak pada orang yang mengidap penyakit mental. Sayangnya internet bisa membuat kondisi kesehatan mental generasi Z menjadi lebih buruk.","1315215591725170688","","salsabilafrch","in","Jawa Timur, Indonesia","0","1","0","https://x.com/salsabilafrch/status/1315215591725170688","1239747625085067265","salsabilafrch"
"1315215590848565248","Sun Oct 11 09:00:07 +0000 2020","4","Hai! Kenalin aku Ferdhy Ihza Armanda. Salah satu dari ribuan mahasiswa baru Universitas Brawijaya. Aku dari Fakultas Ilmu Komputer prodi Sistem Informasi kluster 10. Aku mau jelasin nih tentang pentingnya Kesehatan Mental di masa sekarang terutama bagi generasi Z.","1315215590848565248","","","in","East Java, Indonesia","0","1","0","https://x.com/azhiyhdref/status/1315215590848565248","2739486272","azhiyhdref"
"1315215576780828672","Sun Oct 11 09:00:06 +0000 2020","0","Menurut penelitian APA bahwa sebanyak 91 persen generasi Z mempunyai gejala-gejala emosional maupun fisik yang berkaitan dengan stres seperti depresi dan gangguan kecemasan. Stres adalah faktor terbesar penyebab buruknya kesehatan mental generasi Z.","1315215590324228096","","berububuuu","in","","0","1","0","https://x.com/berububuuu/status/1315215590324228096","1132648029146603521","berububuuu"
"1315215578437545986","Sun Oct 11 09:00:05 +0000 2020","0","Generasi Z sangat terkait dengan keburukan kesehatan mental yang dapat dilihat dari rendahnya attitude dan perilaku anak muda yang jauh dari kata baik. Baik bagi diri sendiri maupun orang lain. Hal ini tentu penting adanya kesadarah kesehatan mental bagi generasi Z zaman sekarang","1315215585865658370","","mahvenn","in","","0","1","0","https://x.com/mahvenn/status/1315215585865658370","1235185649566662656","mahvenn"
"1315215579129630726","Sun Oct 11 09:00:05 +0000 2020","0","Generasi Z yang sekarang sudah remaja tidaklah bebas dari masalah kesehatan mental. Masa remaja yang penuh gejolak dan perubahan membuat mereka lebih rentan. 10-20% remaja memiliki kesehatan mental dan setengah gangguan jiwa pada orang dewasa terbentuk sebelum umur 14.","1315215585261678592","","Hypnothermic","in","","0","1","0","https://x.com/Hypnothermic/status/1315215585261678592","815456836312657920","Hypnothermic"
"1315215574373294080","Sun Oct 11 09:00:05 +0000 2020","1","Kita sebagai generasi Z haruslah menjaga kesehatan mental kita karena jika kita mengalami gejalah kesehatan mental banyak resiko yang akan berdampak buruk bagi diri kita. Peliharalah kesehatan Anda karena ia yang akan mewadahi umur panjang Anda . -Mario Teguh","1315215584850710532","","ameliaaayyyy","in","","0","1","0","https://x.com/ameliaaayyyy/status/1315215584850710532","1313707778809102337","ameliaaayyyy"
"1315215577766526978","Sun Oct 11 09:00:05 +0000 2020","0","Kesehatan mental menjadi hal penting pada generasi Z saat ini. Hal ini karena menurut WHO pandemi menimbulkan gangguan mental yang serius. Hal ini kemudian ditegaskan pula oleh Psychiatry India Times Jama Networks Open dan CNN.","1315215584519352320","","AdnantaJaya","in","Denpasar, Bali","0","0","0","https://x.com/AdnantaJaya/status/1315215584519352320","2585139740","AdnantaJaya"
"1315215572406165504","Sun Oct 11 09:00:05 +0000 2020","0","Dijelaskan pula cara mengatasi kesehatan mental pada generasi Z yaitu dengan menyalurkan stres kepada sesuatu yang bermakna dan produktif. Generasi Z juga bisa mengawalinya dengan mulai menerapkan pola hidup sehat dan berkonsultasi dengan psikolog atau psikiater.","1315215583990804480","","annisanurashari","in","","0","1","0","https://x.com/annisanurashari/status/1315215583990804480","1240542918428856320","annisanurashari"
"1315215572406165504","Sun Oct 11 09:00:05 +0000 2020","0","Dilansir dari https://t.co/r8sk7p0la1 meskipun generasi Z lebih rentan mengalami gangguan mental tetapi mereka lebih sigap dalam melaporkan kondisi kesehatan mental mereka. Sekitar 37% generasi Z melakukan perawatan rutin dari profesional kesehatan mental.","1315215582313111556","","annisanurashari","in","","0","1","0","https://x.com/annisanurashari/status/1315215582313111556","1240542918428856320","annisanurashari"
"1315215574373294080","Sun Oct 11 09:00:04 +0000 2020","1","Banyaknya jumlah media massa yang berbasis internet atau media daring membuat generasi Z semakin dekat dengan informasi dari seluruh dunia. Beberapa hal yang dapat menjadi sebuah solusi untuk menjaga kesehatan mental generasi Z yaitu :","1315215581365166082","","ameliaaayyyy","in","","0","1","0","https://x.com/ameliaaayyyy/status/1315215581365166082","1313707778809102337","ameliaaayyyy"
"1315215577263165440","Sun Oct 11 09:00:04 +0000 2020","0","Akhir-akhir ini sering ditemui kasus banyaknya generasi milenial atau gen z yang mengalami stress hingga depresi. Sayangnya banyak orang yang menganggap sepele isu ini. Padahal tak jarang kasus bunuh diri oleh remaja dikarenakan gangguan kesehatan mental.","1315215579666477056","","lailaa_zz","in","","0","1","0","https://x.com/lailaa_zz/status/1315215579666477056","1312332337405804544","lailaa_zz"
"1315215574331342848","Sun Oct 11 09:00:04 +0000 2020","0","anggapan banyak orang. Generasi Z adalah kelompok manusia dengan kondisi kesehatan mental terburuk dibandingkan dengan generasi-generasi lainnya. Era globalisasi telah membawa banyak perubahan sebab kesehatan mental sebagian besar dipromosikan melalui berbagai media.","1315215579028963328","","salsabilafrch","in","Jawa Timur, Indonesia","0","1","0","https://x.com/salsabilafrch/status/1315215579028963328","1239747625085067265","salsabilafrch"
"1315215577766526978","Sun Oct 11 09:00:03 +0000 2020","0","Kesehatan Mental : Substansi Penting di Masa Covid-19 bagi Generasi Z Covid-19 adalah penyakit yang disebabkan oleh Novel Coronavirus. Gejala umum berupa demam batuk kering dan sesak nafas. Seseorang dapat terinfeksi dari penderita melalui droplet.","1315215577766526978","","","in","Denpasar, Bali","0","1","0","https://x.com/AdnantaJaya/status/1315215577766526978","2585139740","AdnantaJaya"
"1315215574373294080","Sun Oct 11 09:00:03 +0000 2020","0","karena masa remaja adalah masa proses perkembangan menuju dewasa dimana masih ada tahap dan tugas perkembangan yang perlu dilalui dan kesehatan mental yang baik sangat berpengaruh dalam pemenuhan tugas masa perkembangannya. Generasi Z rentan mengalami masalah kesehatan mental.","1315215576214585345","","ameliaaayyyy","in","","0","1","0","https://x.com/ameliaaayyyy/status/1315215576214585345","1313707778809102337","ameliaaayyyy"
"1315214530683699201","Sun Oct 11 08:55:54 +0000 2020","0","Pentingnya Mental Health (Kesehatan Mental) Bagi Generasi Z Di Masa Pandemi Covid-19","1315214530683699201","","","in","","0","1","0","https://x.com/OctoPutra/status/1315214530683699201","1313657233054396417","OctoPutra"
"1315214451658821632","Sun Oct 11 08:55:35 +0000 2020","4","PENTINGNYA MENTAL HEALTH (KESEHATAN MENTAL) BAGI GENERASI Z . . . . . [A TRHEAD] https://t.co/4xYAjKZqmk","1315214451658821632","https://pbs.twimg.com/media/EkCUkXiVoAEVcds.jpg","","in","","0","1","0","https://x.com/bukandus/status/1315214451658821632","1167673982700515328","bukandus"
"1315214144166010880","Sun Oct 11 08:54:25 +0000 2020","0","Kesehatan mental bersifat pribadi pada seseorang dan merupakan keadaan sejahtera agar tiap individu bisa mewujudkan potensi mereka sendiri. Oleh karena itu kesehatan mental penting dalam kehidupan khususnya pada Generasi Z.","1315214156245528577","","_t_i_k_a_","in","","0","1","0","https://x.com/_t_i_k_a_/status/1315214156245528577","2402485837","_t_i_k_a_"
"1315214144166010880","Sun Oct 11 08:54:22 +0000 2020","0","[A THREAD] Generasi Z : Teknologi Dan Kesehatan Mental Nama : Ribkah Wahyu Santika Fakultas : Peternakan Cluster : 63 #MentalHealthDay #CareforYourself #Adhikara58 #MabaUB2020 #RAJABrawijaya2020 #KitaSatuBrawijaya #KreasiNyataBrawijayans","1315214144166010880","","","in","","0","1","0","https://x.com/_t_i_k_a_/status/1315214144166010880","2402485837","_t_i_k_a_"
"1315214035193716736","Sun Oct 11 08:53:59 +0000 2020","0","Oleh karena itu generasi Z harus diberikan kesadaran akan pentingnya kesehatan mental dengan cara sebagai berikut","1315214048594550784","","doingsadboishit","in","","0","1","0","https://x.com/doingsadboishit/status/1315214048594550784","1222570662255976449","doingsadboishit"
"1315212092782243840","Sun Oct 11 08:53:21 +0000 2020","0","Hal-hal ini tadi yang nantinya akan mengakibatkan stres depresi sering cemas. Stres inilah yang menjadi faktor terbesar penyebab buruknya kesehatan mental Generasi Z.","1315213890406416384","","melllllia","in","","0","0","0","https://x.com/melllllia/status/1315213890406416384","1315192388256555008","melllllia"
"1315213830717206528","Sun Oct 11 08:53:08 +0000 2020","1","Gangguan kesehatan mental yang sering kali menghantui generasi Z yaitu mulai dari rasa takut kepanikan overthinking depresi trauma dan sebagainya.","1315213836513755136","","amalina_fira","in","","0","0","0","https://x.com/amalina_fira/status/1315213836513755136","1133239659360690176","amalina_fira"
"1315211734504755201","Sun Oct 11 08:49:10 +0000 2020","0","Tapi dalam beberapa tahun terakhir isu pentingnya meningkatkan perhatian terhadap kesehatan mental naik di masyarakat khususnya di kalangan generasi yang mempunyai julukan Generasi Internet Generasi Z khususnya di platform media sosial Twitter. -","1315212837325664256","","qveendomq","in","02L","0","1","0","https://x.com/qveendomq/status/1315212837325664256","1015610063547916289","qveendomq"
"1315212473046167552","Sun Oct 11 08:49:09 +0000 2020","0","Gangguan pada kesehatan mental dapat menyerang siapa saja. Namun disini kita akan membahas tentang betapa rentannya Generasi Z terhadap hal ini.","1315212831734722560","","sedhinta","in","","0","1","0","https://x.com/sedhinta/status/1315212831734722560","1310737854117457920","sedhinta"
"1315212473046167552","Sun Oct 11 08:47:43 +0000 2020","0","RENTANNYA GENERASI Z TERHADAP GANGGUAN KESEHATAN MENTAL DI MASA PANDEMI COVID-19 Kesehatan mental yang baik adalah kondisi ketika batin kita berada dalam keadaan tentram sehingga memungkinkan kita untuk menikmati kehidupan sehari-hari dan menghargai orang lain di sekitar.","1315212473046167552","","","in","","0","1","0","https://x.com/sedhinta/status/1315212473046167552","1310737854117457920","sedhinta"
"1315211642599141378","Sun Oct 11 08:44:25 +0000 2020","0","Kesehatan Mental Generasi Z Nikmatilah hidup selagi kamu muda! Jaga kesehatan mental : *Tidak stress *Lakukan hal yang menyenangkan *Olahraga *Berpikir positif Love Yourself and stay healthy #Adhikara58 #MabaUB2020 #RAJABrawijaya2020 #KitaSatuBrawijaya #KreasiNyataBrawijyans","1315211642599141378","","","in","","0","0","0","https://x.com/Diva26494668/status/1315211642599141378","1250007471348838401","Diva26494668"
"1315210256008400898","Sun Oct 11 08:43:25 +0000 2020","11","Walaupun sulit untuk tidak menggunakan menggunakan media sosial di era digital ini generasi Z harus mengetahui batasannya untuk tidak mengganggu kesehatan mental mereka. Penting juga bagi generasi Z untuk bisa mengedepankan kesehatan mental mereka demi kebaikan diri sendiri.","1315211391662354432","","edellw_","in","","0","1","0","https://x.com/edellw_/status/1315211391662354432","1279630589843267584","edellw_"
"1315211129308631041","Sun Oct 11 08:42:23 +0000 2020","1","PENGARUH COVID-19 TERHADAP KESEHATAN MENTAL ANAK-ANAK DAN REMAJA (KHUSUSNYA GENERASI Z) ~A Thread~","1315211129308631041","","","in","","0","1","0","https://x.com/titaniarr1/status/1315211129308631041","1314919392119910400","titaniarr1"
"1315210256008400898","Sun Oct 11 08:42:04 +0000 2020","12","Namun generasi Z juga bisa menjadi sang pelaku cyberbullying yang ingin mencari pelarian dari dunia nyata. Gangguan kesehatan mental bisa sangat berdampak karena penggunaan media sosial yang berlebihan dan secara terus menerus melihat konten media sosial yang negatif","1315211050715807744","","edellw_","in","","0","1","0","https://x.com/edellw_/status/1315211050715807744","1279630589843267584","edellw_"
"1315210256008400898","Sun Oct 11 08:40:07 +0000 2020","18","Pemicu gangguan kesehatan mental ini adalah dari media sosial. Ini dikarenakan hampir semua generasi Z mempunyai media sosial dan akan berdampak pada aksesibilitas informasi yang sangat tinggi.","1315210558530973697","","edellw_","in","","0","1","2","https://x.com/edellw_/status/1315210558530973697","1279630589843267584","edellw_"
"1315210256008400898","Sun Oct 11 08:39:53 +0000 2020","29","bahwa generasi Z memiliki kesehatan mental terburuk. 91 persen generasi Z mempunyai gejala emosional &amp; fisik yang berdampak pada kesehatan mental seperti depresi stres dan kecemasan.","1315210498900590592","","edellw_","in","","0","1","1","https://x.com/edellw_/status/1315210498900590592","1279630589843267584","edellw_"
"1315210256008400898","Sun Oct 11 08:38:55 +0000 2020","994","Media Sosial Menganggu Kesehatan Mental Generasi Z‍ [ A THREAD ] Nama: Edelweis Fakultas: Hukum Cluster: 58","1315210256008400898","","","in","","4","8","150","https://x.com/edellw_/status/1315210256008400898","1279630589843267584","edellw_"
"1315209711222878208","Sun Oct 11 08:37:57 +0000 2020","1","dan dalam sebuah artikel CNBC disebutkan bahwa para gen Z mengadu mereka mengalami kelumpuhan selama pndemi. para generasi muda mengatakan kesehatan mental mereka memburuk secara signifikan selama masa pandemi (cont-)","1315210016249401345","","noturtypebee","in","","0","1","0","https://x.com/noturtypebee/status/1315210016249401345","1310426898292305922","noturtypebee"
"1315209521950674946","Sun Oct 11 08:36:04 +0000 2020","0","Sebagai generasi Z ada baiknya untuk memperhatikan kesehatan mental kita. Kesehatan mental ini tidak bisa dianggap remeh karena gangguan mental yang cukup parah dapat memicu orang tersebut untuk bunuh diri. Rangkullah orang-orang yang memiliki gangguan mental tersebut.","1315209540695072768","","sunmoon_cat","in","Madiun, Indonesia","0","1","0","https://x.com/sunmoon_cat/status/1315209540695072768","769950505837539328","sunmoon_cat"
"1315209426802929664","Sun Oct 11 08:35:39 +0000 2020","0","Generasi Z dan era 4.0 adalah 2 hal yang tidak dapat dipisahkan. Teknologi di era 4.0 memberikan dampak poaitif dan negative bagi generasi Z. Salah satu dampak buruk yang palinv mengancam bagi generasi Z adalah adanya gangguan kesehatan mental ( mental health)","1315209436156227587","","JeridhontaG","in","","0","1","0","https://x.com/JeridhontaG/status/1315209436156227587","1310593970502656000","JeridhontaG"
"1315209426802929664","Sun Oct 11 08:35:38 +0000 2020","0","Generasi Z Yaitu kelompok demografis yang menggantikan generasi milenial dan generasi alfa sebelumnya. Generasi Z lebih rentan terhadap masalah kesehatan mental dan mungkin menghadapi penurunan kemampuan kognitif terutama dikalangan elit kognitif","1315209431647285255","","JeridhontaG","in","","0","1","0","https://x.com/JeridhontaG/status/1315209431647285255","1310593970502656000","JeridhontaG"
"1315209416841416705","Sun Oct 11 08:35:35 +0000 2020","0","Pentingnya Mental Health Bagi Generasi Z Setiap orang memiliki kesehatan mental - seperti halnya kesehatan fisik kita perlu menjaga dan memeliharanya. Kita sebagai generasi Z generasi penerus bangsa penting kiranya menjaga kestabilan dan kesehatan mental kita.","1315209416841416705","","","in","","0","1","0","https://x.com/BarotulMsy/status/1315209416841416705","1313481391682785280","BarotulMsy"
"1315208795476295681","Sun Oct 11 08:33:06 +0000 2020","0","Nama : Dewi Iva Rochmawati Fakultas : Peternakan Cluster : 33 Kesehatan mental (Mental Health) merupakan tingkatan kesejahteraan psikologis atau ketiadaan gangguan jiwa.Kesehatan mental sangatlah penting apalagi bagi Generasi Z. #MentalHealth #RAJABrawijaya2020","1315208795476295681","","","in","","0","0","0","https://x.com/DewiIvaR1/status/1315208795476295681","1310575854271918083","DewiIvaR1"
"1315208602446032896","Sun Oct 11 08:32:21 +0000 2020","0","Persoalan kesehatan mental pada saat ini sayangnya masih belum terlalu diperhatikan jika dibandingkan dengan kesehatan fisik. Anak muda alias para generasi Z pada saat ini lebih rentan untuk mengalami masalah gangguan mental.","1315208605415555074","","ayamgulayi","in","","0","1","0","https://x.com/ayamgulayi/status/1315208605415555074","1315204868647251968","ayamgulayi"
"1315207002683895808","Sun Oct 11 08:26:00 +0000 2020","0","Kondisi kesehatan mental generasi Z sangat perlu untuk menjadi perhatian banyak pihak. Oleh karena itu ini beberapa solusi untuk memperbaiki kesehatan mental generasi z.","1315207005598937088","","fitriayuasyari1","in","","0","1","0","https://x.com/fitriayuasyari1/status/1315207005598937088","4663829778","fitriayuasyari1"
"1315202741518524416","Sun Oct 11 08:21:59 +0000 2020","0","Sedangkan menurut paham ilmu kedokteraan kesehatan mental merupakan suatu kondisi yang memungkinkan perkembangan fisik intelektual dan emosional yang optimal dari seseorang dan perkembangan itu berjalan selaras dengan keadaan orang lain. Kesehatan mental generasi Z dipengaruhi","1315205998223581185","","Akuctkx","in","","0","1","0","https://x.com/Akuctkx/status/1315205998223581185","1291732535571931136","Akuctkx"
"1315204737633935360","Sun Oct 11 08:16:59 +0000 2020","1","Nama saya Lintang Dheshinta Istiqfarend. Fakultas Ilmu Administrasi.Prodi Ilmu Administrasi Publik.Cluster 17 Generasi Z rentan terserang Kesehatan Mental #LoveYourself #Adhikara58 #MabaUB2020 #RAJABrawijaya2020 #KitaSatuBrawijaya #KreasiNyataBrawijayans","1315204737633935360","","","in","","0","0","0","https://x.com/istiqfarend/status/1315204737633935360","1307133700241420290","istiqfarend"
"1315197473229430784","Sun Oct 11 08:15:10 +0000 2020","0","ketika informasi-informasi yang dibawa bermotif atau cenderung pada sisi negatif ini sangat berdampak pada kesehatan mental generasi Z tersebut.","1315204279997612032","","izzazaki_","in","Indonesia","0","0","0","https://x.com/izzazaki_/status/1315204279997612032","1258083989543219200","izzazaki_"
"1315204084190699521","Sun Oct 11 08:14:23 +0000 2020","0","Mental Health pada generasi z Tingkat stress yang tinggi dibarengi dengan mudahnya akses terhadap informasi self harm memperbesar kemungkinan anak-anak generasi Z mempunyai kondisi kesehatan mental yang buruk #LoveYourself #MabaUB2020 #RAJABrawijaya2020 #KitaSatuBrawijaya","1315204084190699521","","","in","","0","0","0","https://x.com/barus_mawar/status/1315204084190699521","1315168799142764545","barus_mawar"
"1315203514360975360","Sun Oct 11 08:12:08 +0000 2020","0","Menurut penelitian American Psychological Association (APA) tahun 2018 berjudul Stress in America: Generation Z anak muda usia 15 sampai 21 tahun adalah kelompok manusia dengan kondisi kesehatan mental terburuk dibandingkan dengan generasi-generasi lainnya.","1315203519259922432","","qonitaeln","in","","0","1","0","https://x.com/qonitaeln/status/1315203519259922432","1311477747747680257","qonitaeln"
"1315202066327822337","Sun Oct 11 08:06:22 +0000 2020","0","Nama : Muhajid Bayu Prastiyo Fakultas : Pertanian Jurusan : Agrorkoteknologi Cluster : 16 Rangkuman Mental Health di generasi Z ini Kesehatan Mental Perlu Di jaga karena dampak sosmed dll. #LoveYourself #adhikara58 #RAJABrawijaya2020 #KitaSatuBrawijaya #KreasiNyataBrawijayans","1315202066327822337","","","in","","0","0","0","https://x.com/MuhajidP/status/1315202066327822337","1305644346625019904","MuhajidP"
"1315198154678001668","Sun Oct 11 07:50:52 +0000 2020","0","Bahkan di Indonesia masalah gangguan mental masih sangat tinggi prevalensinya terutama pada kalangan usia lima belas tahun keatas. Lantas apakah penyebabnya? Tampaknya teknologi lah yang paling berperan dalam menurunnya kesehatan mental pada generasi Z.","1315198165763543041","","fathiya_ar","in","","0","1","0","https://x.com/fathiya_ar/status/1315198165763543041","1310052512414625793","fathiya_ar"
"1315198154678001668","Sun Oct 11 07:50:52 +0000 2020","0","Menurut penelitian American Psychological Association (APA) tahun 2018 berjudul Stress in America: Generation Z anak muda usia 15 sampai 21 tahun adalah kelompok manusia dengan kondisi kesehatan mental terburuk dibandingkan dengan generasi-generasi lainnya.","1315198163968352256","","fathiya_ar","in","","0","1","0","https://x.com/fathiya_ar/status/1315198163968352256","1310052512414625793","fathiya_ar"
"1315196221569417219","Sun Oct 11 07:50:21 +0000 2020","1","Untungnya Gen Z juga merupakan generasi yang paling mungkin mendapatkan bantuan saat mereka memiliki masalah kesehatan mental. Dari pergi ke terapi hingga berobat mereka adalah generasi yang paling mungkin mencari bantuan itu.","1315198035962466304","","mandaashafa","in","","0","1","0","https://x.com/mandaashafa/status/1315198035962466304","1284106946442702848","mandaashafa"
"1315197206840766465","Sun Oct 11 07:49:34 +0000 2020","0","Kesehatan mental sangatlah penting apalagi untuk kita Generasi Z yang merupakan pewaris tahta dari kejayaan Indonesia kedepannya.","1315197839543160833","","obreyray","in","","0","1","0","https://x.com/obreyray/status/1315197839543160833","2330297444","obreyray"
"1315196221569417219","Sun Oct 11 07:48:46 +0000 2020","1","Teknologi juga merupakan faktor langsung pada kesehatan mental Generasi Z. Teknologi dan media sosial memberikan perasaan terhubung bahkan saat Anda tidak benar-benar terhubung.","1315197636194963461","","mandaashafa","in","","0","1","0","https://x.com/mandaashafa/status/1315197636194963461","1284106946442702848","mandaashafa"
"1315196221569417219","Sun Oct 11 07:48:03 +0000 2020","1","Jenis stres ini berdampak langsung pada kesehatan mental Generasi Z. Karena semua stres kronis yang dirasakan Gen Z mereka mengalami peningkatan tingkat kecemasan dan depresi.","1315197454971662338","","mandaashafa","in","","0","1","0","https://x.com/mandaashafa/status/1315197454971662338","1284106946442702848","mandaashafa"
"1315196221569417219","Sun Oct 11 07:47:33 +0000 2020","1","Gen Z merasa lebih stres tentang masalah ini daripada generasi lain menurut penelitian. Mereka juga lebih mungkin mengalami masalah kesehatan mental dan fisik secara langsung sebagai akibat dari situasi yang membuat stres ini.","1315197331612995584","","mandaashafa","in","","0","1","0","https://x.com/mandaashafa/status/1315197331612995584","1284106946442702848","mandaashafa"
"1315196713179648000","Sun Oct 11 07:45:07 +0000 2020","0","Namun ditemukan bahwa generasi Z memiliki kerentanan yang tinggi terhadap sakit mental. Factor penyebab buruknya kesehatan mental generasi z adalah factor stress yang dipicu oleh dampak buruk dunia digital dan sosial media.","1315196716828684290","","TabitaRiskanan1","in","","0","1","0","https://x.com/TabitaRiskanan1/status/1315196716828684290","1310219761012232192","TabitaRiskanan1"
"1315191394240090112","Sun Oct 11 07:39:26 +0000 2020","0","diperoleh hasil bahwa sebanyak 91 persen generasi Z mempunyai gejala-gejala emosional maupun fisik yang berkaitan dengan stres seperti depresi dan gangguan kecemasan. Stres adalah faktor terbesar penyebab buruknya kesehatan mental generasi Z.","1315195289339265025","","IlhamGibran12","in","","0","1","0","https://x.com/IlhamGibran12/status/1315195289339265025","1315187247898001408","IlhamGibran12"
"1315191394240090112","Sun Oct 11 07:37:46 +0000 2020","0","Menurut penelitian American Psychological Association (APA) tahun 2018 berjudul Stress in America: Generation Z anak muda usia 15 sampai 21 tahun adalah kelompok manusia dengan kondisi kesehatan mental terburuk dibandingkan dengan generasi-generasi lainnya.","1315194866989592577","","IlhamGibran12","in","","0","1","0","https://x.com/IlhamGibran12/status/1315194866989592577","1315187247898001408","IlhamGibran12"
"1315192685276229632","Sun Oct 11 07:29:05 +0000 2020","0","Pentingnya menjaga Kesehatan Mental pada Generasi Z (a thread) #kesehatanmental #mentalhealth #loveurself","1315192685276229632","","","in","","0","1","0","https://x.com/mauraaprili/status/1315192685276229632","1310853561287233536","mauraaprili"
"1315190687701164033","Sun Oct 11 07:21:13 +0000 2020","0","Kesehatan mental bagi generasi Z memang sangat penting karena genrasi Z adalah generasi muda. Sebagai generasi muda kita merupakan generasi penerus bangsa. Maka sebaiknya kita harus tetap menjaga kesehatan kita baik kesehatan fisik maupun mental kita.","1315190702087696385","","kirach373","in","","0","1","0","https://x.com/kirach373/status/1315190702087696385","1241830453184614400","kirach373"
"1315190687701164033","Sun Oct 11 07:21:10 +0000 2020","0","Menurut penelitian American Psychological Association (APA) tahun 2018 berjudul Stress in America: Generation Z anak muda usia 15 sampai 21 tahun adalah kelompok manusia dengan kondisi kesehatan mental terburuk dibandingkan dengan generasi-generasi lainnya.","1315190692268789760","","kirach373","in","","0","1","0","https://x.com/kirach373/status/1315190692268789760","1241830453184614400","kirach373"
"1315187637766950913","Sun Oct 11 07:09:03 +0000 2020","0","Generasi Z adalah kelompok manusia dengan kondisi kesehatan mental terburuk dibandungkan dengan generasi- generasi lainnya. Stress yang dialami oleh anak generasi Z disebabkan oleh tingginya aksesibilitas informasi bagi generasi Z yang berubah menjadi tekanan bagi diri sendiri.","1315187641445306371","","justjoyelle","in","","0","1","0","https://x.com/justjoyelle/status/1315187641445306371","1090205992174772224","justjoyelle"
"1315182305468542978","Sun Oct 11 06:54:27 +0000 2020","0","Kondisi kesehatan mental generasi Z sangat perlu untuk menjadi perhatian banyak pihak. Oleh karena itu ini beberapa solusi untuk memperbaiki kesehatan mental generasi z.","1315183966459109378","","fitriayuasyari1","in","","0","1","0","https://x.com/fitriayuasyari1/status/1315183966459109378","4663829778","fitriayuasyari1"
"1315179617527898112","Sun Oct 11 06:44:37 +0000 2020","0","Mental Health atau kesehatan mental sangat penting untuk diperhatikan terutama bagi generasi Z.","1315181492880904198","","ceyeayeayeaye","in","Jakarta Capital Region","0","1","0","https://x.com/ceyeayeayeaye/status/1315181492880904198","1216885448791871488","ceyeayeayeaye"
"1315177496011128832","Sun Oct 11 06:34:08 +0000 2020","0","Ada banyak faktor penyebab buruknya Mental Health bagi para generasi Z tapi sebelum itu aku mau jelasin dulu apa itu Mental Health Menurut Organisasi Kesehatan Dunia (WHO) kesehatan mental adalah keadaan sejahtera di mana setiap individu bisa mewujudkan potensi mereka sendiri.","1315178853103353857","","coolacoola10","in","","0","1","0","https://x.com/coolacoola10/status/1315178853103353857","1212512448445435904","coolacoola10"
"1315177231455457280","Sun Oct 11 06:27:41 +0000 2020","1","Di masa pandemi covid-19 ini kesehatan mental menjadi salah satu dampak yang mengancam masyarakat dunia tak luput juga pada masyarakat Indonesia. Salah satu yang rentan mengalami gangguan kesehatan mental adalah para anak muda atau biasa dikenal dengan generasi Z.","1315177231455457280","","","in","","0","1","0","https://x.com/yuyundwiw_/status/1315177231455457280","1315169969819119616","yuyundwiw_"
"1315168926951641089","Sun Oct 11 06:21:39 +0000 2020","0","Teknologi juga mengakibatkan terganggunya kondisi psikologis mereka seperti ketidakmampuan dalam mengatur rasa takut rasa frustasi dan penyelesaian masalah. Kondisi kesehatan mental generasi Z harus diperhatikan semua pihak. Seperti dengan mengembangkan sosialisasi","1315175711666130946","","kopikejukamu","in","Magetan, Indonesia","0","1","0","https://x.com/kopikejukamu/status/1315175711666130946","1138039513182117888","kopikejukamu"
"1315170643164368898","Sun Oct 11 06:01:30 +0000 2020","0","hallo semua saya kiky david ilhamsyah dari fakultas vokasi bisnis digital dan e-commerce absen 23 cluster 09 Pentingnya Mental Health di Masa Sekarang Terutama Bagi Generasi Z Di masa sekarang tidak hanya kesehatan fisik yang harus di jaga tetapi juga kesehatan mental.","1315170643164368898","","","in","","0","1","0","https://x.com/IlhamsyahKiky/status/1315170643164368898","1315167822603980800","IlhamsyahKiky"
"1315168926951641089","Sun Oct 11 06:01:22 +0000 2020","0","Stress merupakan faktor terbesar penyebab buruknya kesehatan mental Generasi Z. Peselisihan pendapat dengan orang tua bullying dan kegagalan dan masih banyak lagi.","1315170610201292801","","kopikejukamu","in","Magetan, Indonesia","0","1","0","https://x.com/kopikejukamu/status/1315170610201292801","1138039513182117888","kopikejukamu"
"1315084053213634561","Sun Oct 11 05:45:26 +0000 2020","0","Di generasi z ini penting sekali bagi semua orang apalagi remaja dan dewasa muda untuk menyadari betapa pentingnya kesehatan mental ini. Jangan biarkan masalah sekecil apapun menganggu dan menghalangi langkah kalian untuk berkembang.","1315166601159667713","","sintafadila11","in","","0","1","0","https://x.com/sintafadila11/status/1315166601159667713","1310756381637488640","sintafadila11"
"1315158817710120960","Sun Oct 11 05:14:32 +0000 2020","0","Ditengarai problema kesehatan mental itu tidak terlepas dari dampak media sosial yang telah menjadi bagian hidup generasi Z","1315158824504836097","","ridridridhooo","in","","0","1","0","https://x.com/ridridridhooo/status/1315158824504836097","1315151949021364226","ridridridhooo"
"1315083789467439104","Sun Oct 11 00:18:22 +0000 2020","0","Selain memperhatikan pandangan dari luar kita juga perlu memandang diri kita dari dalam. Siapapun kita baik generasi Z maupun mahasiswa yang termasuk ke dalam orang-orang yang mengalami tekanan-tekanan yang berujung pada ganguan kesehatan mental.","1315084291026505728","","bucinbio","in","","0","2","0","https://x.com/bucinbio/status/1315084291026505728","4810969225","bucinbio"
"1315083789467439104","Sun Oct 11 00:18:15 +0000 2020","0","Disini kembali mahasiswa diperlukan perannya dalam ikut menyuarakan pentingya kesehatan mental bagi masyarakat Indonesia khususnya bagi kalangan generasi Z.","1315084259615358982","","bucinbio","in","","0","1","0","https://x.com/bucinbio/status/1315084259615358982","4810969225","bucinbio"
"1315075616392114176","Sat Oct 10 23:43:54 +0000 2020","0","Menurut penelitian APA tersebut diperoleh hasil bahwa sebanyak 91 persen generasi Z mempunyai gejala-gejala emosional maupun fisik yang berkaitan dengan stres. Stres adalah faktor terbesar penyebab buruknya kesehatan mental generasi Z.","1315075616392114176","","","in","","0","0","0","https://x.com/mdsnara22/status/1315075616392114176","1280150699116912641","mdsnara22"
"1315045927036411904","Sat Oct 10 22:01:05 +0000 2020","0","Banyak dari generasi Z yang berasumsi bahwa standar kecantikan itu ibarat seperti artis atau selebgram yang memiliki paras cantik berkulit putih berbadan langsing tinggi dan sebagainya. Sikap self-love memiliki peranan yang sangat penting bagi kesehatan mental.","1315049743190425601","","micyceann","in","","0","1","0","https://x.com/micyceann/status/1315049743190425601","1258602001899745280","micyceann"
"1314961361529528320","Sat Oct 10 16:15:19 +0000 2020","0","Selain itu gangguan pada kesehatan mental pada generasi Z dikarenakan rasa takut was-was kepanikan memikirkan hal-hal atau sesuatu yang masih belum terjadi trauma depresi dan lain sebagainya. Bukan hanya stress atau depresi saja gangguan kesehatan mental pada generasi Z","1314962728382013440","","sushiwithudon","in","","0","1","0","https://x.com/sushiwithudon/status/1314962728382013440","893680818459103232","sushiwithudon"
"1314952112858566657","Sat Oct 10 15:33:08 +0000 2020","0","[faiq al-mubarok/vokasi/bk.DKV/C57] kesehatan mental adalah hal yang harus diperhatikan dalam generasi z saat ini karena 10-20% remaja di dunia mengalami gangguan psikis berdasarkan survei WHO sudah waktunya kita menangani hal ini lebih serius dan tidak menyepelekannya.","1314952112858566657","","","in","","0","1","0","https://x.com/faiqmoe/status/1314952112858566657","1314771627691786240","faiqmoe"
"1314948027732258816","Sat Oct 10 15:17:00 +0000 2020","0","--generasi Z Adapun faktor-faktor yang menyebabkan gangguan kesehatan yaitu faktor eksternal dan internal. Faktor internal mengenai hal-hal yang berasal dari dalam diri sendiri seperti: faktor genetik atau adanya riwayat pengidap gangguan mental dalam keluarga ","1314948049588809728","","astheartgallery","in","http://wa.me/6285695726691","0","1","0","https://x.com/astheartgallery/status/1314948049588809728","1248078422703628288","astheartgallery"
"1314948027732258816","Sat Oct 10 15:16:57 +0000 2020","0","-- kesehatan mental terburuk dibandingkan dengan generasi-generasi lainnya. Mereka adalah generasi Z atau yang diartikan Taylor &amp; Keeter (2010) sebagai orang-orang yang lahir pada tahun 1993 sampai tahun 2005. Adapun dari lima kelompok generasi lainnya yaitu silent generation ","1314948038087995393","","astheartgallery","in","http://wa.me/6285695726691","0","1","0","https://x.com/astheartgallery/status/1314948038087995393","1248078422703628288","astheartgallery"
"1314946656740143104","Sat Oct 10 15:11:28 +0000 2020","0","Generasi z menjadi salah satu yang perlu diperhatikan didalam kasus kesehatan mental. Nama : Luqmanul Hakim Fakultas : Ilmu Administrasi Bisnis Jurusan : Perpajakan Cluster : 55 #MentalHealth #Adhikara58 #MabaUB2020 #RAJABrawijaya2020 #KitaSatuBrawijaya #KreasiNyataBrawijayans","1314946656740143104","","","in","","0","0","0","https://x.com/Luqmanu01301011/status/1314946656740143104","1314943506041847808","Luqmanu01301011"
"1314934324320329728","Sat Oct 10 14:22:27 +0000 2020","1","Pentingnya kesehatan mental bagi generasi Z supaya mampu memperoleh suatu pengetahuan keterampilan interpersonal dan sikap yang baik dalam rangka membuat remaja memahami serta menghargai diri sendiri dan orang lain.","1314934324320329728","","","in","Malang, Jawa Timur","0","1","0","https://x.com/Eko0108/status/1314934324320329728","1246506688372330498","Eko0108"
"1314886585821741057","Sat Oct 10 12:49:41 +0000 2020","0","Kesehatan mental generasi Z sangat penting untuk diperhatikan karena saat ini merekalah harapan bangsa yang akan membuat bangsa ini menjadi lebih maju.","1314910975233937410","","tinnullcantik","in","Citeureup, Indonesia","0","1","0","https://x.com/tinnullcantik/status/1314910975233937410","1311311818057416704","tinnullcantik"
"1314886585821741057","Sat Oct 10 12:46:26 +0000 2020","0","Kenapa pentingnya kesehatan mental terhadap generasi Z? Generasi ini memanfaatkan dunia virtual sebagai tempat pelarian dari kehidupan nyata. Sayangnya internet bisa membuat kondisi kesehatan mental generasi Z menjadi lebih buruk.","1314910160519749635","","tinnullcantik","in","Citeureup, Indonesia","0","1","0","https://x.com/tinnullcantik/status/1314910160519749635","1311311818057416704","tinnullcantik"
"1314904862790828033","Sat Oct 10 12:25:25 +0000 2020","0","Kesehatan mental ini ditandai dengan terjadinya was-was takut kepanikan stress atau hal trauma lainnya. Stres yang dialami generasi Z dapat disebabkan oleh aksesbilitas yang tinggi dalam pencarian informasi.","1314904868981678085","","grintiboba","in","","0","1","0","https://x.com/grintiboba/status/1314904868981678085","891471270214160384","grintiboba"
"1314904862790828033","Sat Oct 10 12:25:24 +0000 2020","0","Generasi Z merupakan generasi yang lahir saat gencar-gencarnya perkembangan teknologi. Keakraban generasi Z dengan teknologi ini dapat memicu kecemasan kesehatan mental pada masing-masing individu generasi Z.","1314904866758615046","","grintiboba","in","","0","1","0","https://x.com/grintiboba/status/1314904866758615046","891471270214160384","grintiboba"
"1314904862790828033","Sat Oct 10 12:25:24 +0000 2020","0","nama aku farah karenina r dari fakultas teknik jurusan arsitektur univ brawijaya. dan aku dari cluster 11. -tentang kesehatan mental pada generasi z-","1314904865114472448","","grintiboba","in","","0","1","0","https://x.com/grintiboba/status/1314904865114472448","891471270214160384","grintiboba"
"1314897557693186049","Sat Oct 10 11:56:22 +0000 2020","0","Sebagai Generasi Z tentu hal ini sangat mengkhawatirkan akan kecanduan video game. Tidak hanya video game namun juga dengan media sosial. Sebagai solusi kita dapat mempraktikkan mindfulness. Kesehatan mental sangat penting bagi kita. #loveyourself #MentalHealth","1314897557693186049","","","in","Tulungagung, Indonesia","0","0","0","https://x.com/mh_snty/status/1314897557693186049","1249597983395475456","mh_snty"
"1314874588937940993","Sat Oct 10 10:25:05 +0000 2020","0","Jelina Lubis_Ilmu Administrasi_Administrasi Bisnis_Cluster 22 Mental Health(Kesehatan mental) adalah tingkatan kesejahteraan psikologis.Generasi Z merupakan mayoritas penderita mental health. #Adhikara58 #MabaUB2020 #RAJABrawijaya2020 #KitaSatuBrawijaya #KreasiNyataBrawijayans","1314874588937940993","","","in","","0","0","0","https://x.com/Jelinalbs/status/1314874588937940993","1109098254715617280","Jelinalbs"
"1314868319913086977","Sat Oct 10 10:00:11 +0000 2020","0","Cara Menjaga Kesehatan Mental Kita Selama Pandemi *terutama bagi generasi z (Nandana Daffa Nugraha Fakultas Ekonomi Bisnis Universitas Brawijaya Jurusan Akuntansi Cluster 51)","1314868319913086977","","","in","","0","1","0","https://x.com/Adnan87282134/status/1314868319913086977","1267532594301681664","Adnan87282134"
"1314559586699931648","Fri Oct 09 13:37:23 +0000 2020","0","Lalu apa saja sih yang akan di alami oleh generasi z jika terkena dampak kesehatan mental ini? Penyakit mental yang sering menghantui Gen Z mulai dari rasa takut was-was kepanikan kepikiran hal-hal yang belum terjadi trauma depresi dan sebagainya.","1314560592816959490","","FadilYahya15","in","","0","1","0","https://x.com/FadilYahya15/status/1314560592816959490","1298123548662235136","FadilYahya15"
"1314557437286903811","Fri Oct 09 13:34:44 +0000 2020","0","Menurut penelitian APA tersebut diperoleh hasil bahwa sebanyak 91 persen generasi Z mempunyai gejala-gejala emosional maupun fisik yang berkaitan dengan stres seperti depresi dan gangguan kecemasan. Stres adalah faktor terbesar penyebab buruknya kesehatan mental generasi Z.","1314559926719582208","","Michael73057686","in","","0","0","0","https://x.com/Michael73057686/status/1314559926719582208","1263730337860874240","Michael73057686"
"1314559586699931648","Fri Oct 09 13:33:23 +0000 2020","0","Pentingnya Mental Healt di masa sekarang terutama bagi generasi Z Apa yang dimaksud dengan Mental Healt itu sendiri? kesehatan mental adalah keadaan sejahtera di mana setiap individu bisa mewujudkan potensi mereka sendiri khususnya yang sering terjadi pada Generasi Z.","1314559586699931648","","","in","","0","1","0","https://x.com/FadilYahya15/status/1314559586699931648","1298123548662235136","FadilYahya15"
"1314516147664896001","Fri Oct 09 10:41:15 +0000 2020","0","Menurut sebuah penelitian diperoleh hasil bahwa sebanyak 91 persen generasi Z mempunyai gejala-gejala emosional maupun fisik yang berkaitan dengan stres seperti depresi dan gangguan kecemasan. Stres adalah faktor terbesar penyebab buruknya kesehatan mental generasi Z.","1314516268557295617","","Ad181Achm","in","","0","1","0","https://x.com/Ad181Achm/status/1314516268557295617","1310452454056632327","Ad181Achm"
"1314516147664896001","Fri Oct 09 10:40:46 +0000 2020","0","anak muda usia 15 sampai 21 tahun adalah kelompok manusia dengan kondisi kesehatan mental terburuk dibandingkan dengan generasi-generasi lainnya. Mereka adalah generasi Z. #loveyourself #Adhikara58 #MabaUB2020 #RAJABrawijaya2020 #KitaSatuBrawijaya #KreasiNyataBrawijayans","1314516147664896001","","","in","","0","1","0","https://x.com/Ad181Achm/status/1314516147664896001","1310452454056632327","Ad181Achm"
"1313870175385526272","Fri Oct 09 06:24:21 +0000 2020","0","pengetahuan dan partisipasi aktif dari pemerintah masyarakat dan para generasi Z dapat saling topang menopang mengatasi masalah kesehatan mental ini sehingga dapat menghasilkan suatu hasil yang lebih cemerlang yaitu generasi yang sehat cerdas dan bersahaja untuk Indonesia.","1314451617563906048","","notsofries","in","Indonesia","0","0","0","https://x.com/notsofries/status/1314451617563906048","1302889655063293952","notsofries"
"1313870175385526272","Fri Oct 09 06:22:29 +0000 2020","0","Jika tidak menyadari akan pentingnya kesehatan mental untuk para generasi Z maka masa depan para pemuda akan terancam karena segala mimpi dan potensi yang mereka miliki akan terhambat akibat mental yang kurang baik.","1314451147030032384","","notsofries","in","Indonesia","0","1","0","https://x.com/notsofries/status/1314451147030032384","1302889655063293952","notsofries"
"1314441041311789058","Fri Oct 09 05:44:02 +0000 2020","0","Perkenalkan aku Gabriella Ester Paulina dari Fakultas Ilmu Sosial dan Ilmu Politik jurusan hubungan internasional. Aku sendiri dari Cluster 42. Aku di sini ingin menjelaskan tentang pentingya kesehatan mental bagi generasi kita Generasi Z.","1314441472670797825","","gabriellaesterp","in","","0","1","0","https://x.com/gabriellaesterp/status/1314441472670797825","1314440732216705025","gabriellaesterp"
"1314406524916129792","Fri Oct 09 03:31:21 +0000 2020","0","Dari data tersebut terbukti bahwa generasi Z banyak yang mengalami gangguan mental. Gangguan kesehatan mental yang sering terlibat dengan generasi Z adalah rasa takut kepanikan stress trauma dan depresi.","1314408082164736005","","FebrianSalim2","in","","0","1","0","https://x.com/FebrianSalim2/status/1314408082164736005","1123426146131951616","FebrianSalim2"
"1314404757700632577","Fri Oct 09 03:19:12 +0000 2020","0","Menurut penelitian American Psychological Association (APA) tahun 2018 berjudul Stress in America: Generation Z anak muda usia 15 sampai 21 tahun adalah kelompok manusia dengan kondisi kesehatan mental terburuk dibandingkan dengan generasi-generasi lainnya.","1314405024349388802","","tugasrabrawonly","in","","0","1","0","https://x.com/tugasrabrawonly/status/1314405024349388802","1314403534113177601","tugasrabrawonly"
"1314336183288164352","Thu Oct 08 22:57:47 +0000 2020","0","Karena diatas merupakan beberapa cara dalam mengatasi mental health atau kesehatan mental bagi setipa penderitanya. Memang di era milenial seperti tuntutan dunia kepada kita sebagai generasi Z cukup besar.","1314339233130188800","","adindamayy","in","","0","0","0","https://x.com/adindamayy/status/1314339233130188800","1313334538903285762","adindamayy"
"1314136411604316160","Thu Oct 08 09:31:50 +0000 2020","0","Saat ini banyak orang yang berpersepsi bahwa sehat hanya dalam segi fisik. Sebenarnya itu benar tetapi sehat juga dari segi mental atau jiwa juga. Dan saat ini anak muda generasi milenial atau biasa disebut dengan generasi Z harus memperhatikan kesehatan mental mereka.","1314136411604316160","","","in","","0","1","0","https://x.com/sofiapu65459271/status/1314136411604316160","1313109059948605440","sofiapu65459271"
"1314134606946299904","Thu Oct 08 09:24:41 +0000 2020","0","Dengan adanya wabah virus Covid-19 semua kesibukan pastinya mengalami perubahan perilaku pada kegiatan sehari-harinya. dengan berbagai latar belakang semua mengalami berbagai tekanan ekonomi social dan pendidikan yang dapat mempengaruhi kesehatan mental terutama generasi Z","1314134610339536898","","IHasnun","in","","0","1","0","https://x.com/IHasnun/status/1314134610339536898","1311149532311253003","IHasnun"
"1314065052081635330","Thu Oct 08 04:48:17 +0000 2020","0","Perlu disadari bahwa kesehatan mental menjadi sebuah kebutuhan yang harus diperhatikan oleh setiap orang terutama generasi z Oleh karena itu sayangi dirimu dengan selalu menjaga kesehatan mentalmu","1314065052081635330","","","in","","0","1","0","https://x.com/KholifatulUmma/status/1314065052081635330","1314007413301755904","KholifatulUmma"
"1313852799923286018","Wed Oct 07 14:44:52 +0000 2020","0","Memahami Kesehatan Mental Bagi Generasi Z -A THREAD- Secara umum kesehatan mental mencakup kesejahteraan emosional psikologis dan sosial. Orang yang selalu tertawa bukan berarti dia sehat secara mental.elakukan aktivitas sehari-hari.","1313852799923286018","","","in","","0","1","0","https://x.com/kkkkaobuzzzz/status/1313852799923286018","1279001238793621504","kkkkaobuzzzz"
"1313825238581354496","Wed Oct 07 12:59:13 +0000 2020","0","Kondisi kesehatan mental generasi Z sangat perlu untuk menjadi perhatian banyak pihak. Selain kajian-kajian ilmiah mengenai penyebab kondisi psikologis ini berbagai pihak juga perlu terus mengembangkan sosialisasi mengenai pentingnya kesadaran kesehatan mental.","1313826212767133696","","Syamsul41880461","in","","0","0","0","https://x.com/Syamsul41880461/status/1313826212767133696","1311961217343217666","Syamsul41880461"
"1313823310187175937","Wed Oct 07 12:47:43 +0000 2020","0","Kesehatan mental mencakup beberapa hal seperti kenyamanan emosional psikologis dan hubungan sosial. WHO menyebutkan anak muda alias generasi Z saat ini lebih rentan terganggu gangguan mental.","1313823320748425216","","Naufalmuwaffaq9","in","","0","1","0","https://x.com/Naufalmuwaffaq9/status/1313823320748425216","1313368628033585154","Naufalmuwaffaq9"
"1313811363190300675","Wed Oct 07 12:00:15 +0000 2020","0","Terganggunya mental seseorang memberikan efek yang tidak baik bagi dirinya maupun orang di sekitarnya. Oleh karena itu kita sebagai generasi z harus selalu memperhatikan kesehatan mental.","1313811374720471041","","andra_ajaa","in","Santa Ana, CA","0","0","0","https://x.com/andra_ajaa/status/1313811374720471041","1214522485854490630","andra_ajaa"
"1313811228695822336","Wed Oct 07 11:59:43 +0000 2020","0","Generasi Z adalah generasi penerus bangsa maka sangat penting untuk nya kesehatan mental yang baik. Kemajuan negara bergantung pada generasi generasi muda bangsa oleh karena itu kesadaran atas kesehatan mental yang ada pada diri jiwa jiwa muda bangsa sangatlah penting.","1313811238581755904","","Rusmannyotnyot","in","","0","1","0","https://x.com/Rusmannyotnyot/status/1313811238581755904","1313506559524139010","Rusmannyotnyot"
"1313811228695822336","Wed Oct 07 11:59:41 +0000 2020","0","Ternyata generasi ini memanfaatkan dunia virtual sebagai tempat pelarian dari kehidupan nyata. Sayangnya internet bisa membuat kondisi kesehatan mental generasi Z menjadi lebih buruk.","1313811230474215424","","Rusmannyotnyot","in","","0","1","0","https://x.com/Rusmannyotnyot/status/1313811230474215424","1313506559524139010","Rusmannyotnyot"
"1313478972760621059","Tue Oct 06 13:59:30 +0000 2020","0","Sekitar 77% dari jumlah responden generasi Z menyatakan bahwa masalah pekerjaan adalah sumber stres atau memburuknya kesehatan mental mereka. Persentase tersebut juga lebih tinggi daripada persentase responden generasi sebelumnya menyatakan permasalahan pekerjaan adalah sumber","1313478995757928449","","faishalrm_","in","Kota Surabaya, Jawa Timur","0","1","0","https://x.com/faishalrm_/status/1313478995757928449","1270756119757991936","faishalrm_"
"1313478972760621059","Tue Oct 06 13:59:29 +0000 2020","0","Z menyatakan bahwa uang adalah sumber dari stres atau memburuknya kesehatan mental mereka. Persentase ini juga lebih tinggi daripada persentase responden generasi sebelumnya yaitu sekitar 64 %. Sedangkan masalah pekerjaan juga mempengaruhi kesehatan mental generasi Z.","1313478993543393280","","faishalrm_","in","Kota Surabaya, Jawa Timur","0","1","0","https://x.com/faishalrm_/status/1313478993543393280","1270756119757991936","faishalrm_"
"1313478972760621059","Tue Oct 06 13:59:29 +0000 2020","0","para anonim. Selain internet permasalahan di kehidupan pribadi juga menjadi salah satu sumber buruknya kesehatan mental generasi Z. Salah satu permasalahan di kehidupan personal tersebut adalah uang dan pekerjaan. Menurut data dari survei APA 81 % dari jumlah responden generasi","1313478991429369856","","faishalrm_","in","Kota Surabaya, Jawa Timur","0","1","0","https://x.com/faishalrm_/status/1313478991429369856","1270756119757991936","faishalrm_"
"1313478972760621059","Tue Oct 06 13:59:27 +0000 2020","0","Selain itu informasi-informasi atau berita-berita buruk yang tersedia di internet merupakan satu faktor penyumbang buruknya kesehatan mental terutama bagi generasi Z lebih peka terhadap informasi di web. Berita-berita negatif tersebut contohnya global warming kenaikan","1313478984487841799","","faishalrm_","in","Kota Surabaya, Jawa Timur","0","1","0","https://x.com/faishalrm_/status/1313478984487841799","1270756119757991936","faishalrm_"
"1313478972760621059","Tue Oct 06 13:59:26 +0000 2020","0","dengan generasi web karena sudah terpapar internet semenjak dari usia muda.Menurut survei tahunan yang American Psychological Association (APA) yang dirilis pada tahun 2018 kesehatan mental generasi Z lebih buruk dibandingkan generasi-generasi sebelumnya. Bahkan kualitas","1313478977600843779","","faishalrm_","in","Kota Surabaya, Jawa Timur","0","1","0","https://x.com/faishalrm_/status/1313478977600843779","1270756119757991936","faishalrm_"
"1313478972760621059","Tue Oct 06 13:59:25 +0000 2020","0","penting dimiliki individu selain kesehatan fisik. Namun Kesehatan mental sering disepelekan oleh kebanyakan masyarakat terutama kesehatan mental bagi generasi Baby Boomers dan generasi Z. Generasi Z adalah generasi yang dilahirkan pada kurun tahun 1995-2010 dan biasa disebut","1313478975402979331","","faishalrm_","in","Kota Surabaya, Jawa Timur","0","1","0","https://x.com/faishalrm_/status/1313478975402979331","1270756119757991936","faishalrm_"
"1313478840883306496","Tue Oct 06 13:58:53 +0000 2020","0","Berbagai masalah mental yang dihadapi generasi Z menjadikan kita harus sadar pentingnya kesehatan mental untuk kehidupan dikemudian hari #Adhikara58 #MabaUB2020 #RAJABrawijaya2020 #KitaSatuBrawijaya #KreasiNyataBrawijayans #Loveyourself","1313478840883306496","","","in","Tangerang, Indonesia","0","0","0","https://x.com/ZAxR829/status/1313478840883306496","1310777455385309185","ZAxR829"
"1313400342189498368","Tue Oct 06 08:46:58 +0000 2020","0","Sejatinya kesehatan bukan hanya dilihat dari aspek fisik melainkan aspek mental juga. Banyak orang yang sehat fisiknya tetapi belum tentu sehat mentalnya. Kesehatan mental sangat penting bagi semua orang terutama bagi generasi Z","1313400344131510274","","divaanisap","in","","0","1","0","https://x.com/divaanisap/status/1313400344131510274","634361827","divaanisap"
"1313388055265374214","Tue Oct 06 07:59:42 +0000 2020","0","untuk Generasi Z yang memiliki akses Informasi yang luas diharapkan untuk mencari bantuan klinis jika diperlukan. maka dari itu kita sebagai lapisan masyarakat diharapkan selalu menjaga Kesehatan mental. Sekian Terimakasih.","1313388450188423168","","renggo50580526","in","","0","0","0","https://x.com/renggo50580526/status/1313388450188423168","1313387556990382081","renggo50580526"
"1313388055265374214","Tue Oct 06 07:58:54 +0000 2020","0","dengan tidak membeda bedakan secara tidak langsung kita tetap menjaga Kesehatan mental mereka agar semangat untuk sembuh . Menjaga Kesehatan mental adalah sebuah keharusan bagi semua generasi terlebih generasi termuda atau yang biasa disebut Generasi Z ","1313388247402250240","","renggo50580526","in","","0","0","0","https://x.com/renggo50580526/status/1313388247402250240","1313387556990382081","renggo50580526"
"1313355560125751296","Tue Oct 06 05:49:01 +0000 2020","0","Sebagai generasi penerus bangsa tentunya kesehatan mental generasi Z harus dijaga. Untuk mengatasi permasalahan mental health ini harus dari berbagai pihak untuk mensosialisasikannya. #Adhikara58 #MabaUB2020 #RAJABrawijaya2020 #KitaSatuBrawijaya #KreasiNyataBrawijayans","1313355560125751296","","","in","","0","0","0","https://x.com/BukamaSimon/status/1313355560125751296","1313349087308115969","BukamaSimon"
"1313353271558332417","Tue Oct 06 05:41:16 +0000 2020","0","Bagi generasi Z kesehatan mental sangatlah penting karena mereka adalah generasi penerus. Namun kesehatan mental mereka terancam. Dengan adanya KBM secara daring jumlah tugas-tugas yang diberikan makin meningkat. Hal ini dikarenakan mindset orang-orang yang [2]","1313353612760739842","","pajeonhaemul","in","Seoul, Republic of Korea","0","1","0","https://x.com/pajeonhaemul/status/1313353612760739842","1204764718050623488","pajeonhaemul"
"1313344206736293888","Tue Oct 06 05:07:02 +0000 2020","0","Di zaman sekarang Kesehatan mental sangat dibutuhkan terutama pada generasi Z atau yang bisa disebut generasi yang lahir dalam rentan 1995 2010 lanjutan dari generasi X.","1313344994527211521","","Bukansi51764104","in","","0","0","0","https://x.com/Bukansi51764104/status/1313344994527211521","1280458611513102338","Bukansi51764104"
"1313332661876793344","Tue Oct 06 04:19:43 +0000 2020","1","Sebagian besar dari generasi Z menunjukkan gejala-gejala emosi maupun fisik akibat dari stress. Kebanyakan memang buruknya kesehatan mental para generasi Z disebabkan oleh lingkungan sekitar dan juga sosial media.","1313333089305677824","","DMuvidyah","in","","0","1","0","https://x.com/DMuvidyah/status/1313333089305677824","1312397971498041345","DMuvidyah"
"1313327846501224448","Tue Oct 06 03:58:54 +0000 2020","1","Penyebab utama terganggu nya kesehatan mental pada generasi Z adalah stres. Menurut penelitian APA ( American Psychological Association) diperoleh hasil bahwa sebanyak 91 persen generasi Z mempunyai gejala-gejala emosional maupun fisik yang berkaitan dengan stres ","1313327851706306562","","faaareel","in","","0","1","0","https://x.com/faaareel/status/1313327851706306562","1133622160709148672","faaareel"
"1313327846501224448","Tue Oct 06 03:58:53 +0000 2020","1","Mental health atau kesehatan mental adalah topik yang sedang banyak diperbincangkan saat ini. Pada kesempatan kali ini saya akan membahas tentang pentingnya kesehatan mental terutama untuk generasi Z.","1313327846501224448","","","in","","0","1","0","https://x.com/faaareel/status/1313327846501224448","1133622160709148672","faaareel"
"1313318584521650177","Tue Oct 06 03:26:15 +0000 2020","0","Stres adalah faktor terbesar penyebab buruknya kesehatan mental generasi Z. Hal ini dapat disebabkan oleh beberapa hal seperti peningkatan angka bunuh diri peningkatan laporan terhadap kasus kekerasan dan pelecehan seksual hingga pemanasan global dan perubahan iklim.","1313319634741850112","","titikyuliyasih","in","","0","0","0","https://x.com/titikyuliyasih/status/1313319634741850112","1286187610470113285","titikyuliyasih"
"1313318584521650177","Tue Oct 06 03:24:44 +0000 2020","0","Menurut penelitian American Psychological Association (APA) tahun 2018 berjudul Stress in America: Generation Z anak muda usia 15 sampai 21 tahun adalah kelompok manusia dengan kondisi kesehatan mental terburuk dibandingkan dengan generasi-generasi lainnya.","1313319253261447168","","titikyuliyasih","in","","0","0","0","https://x.com/titikyuliyasih/status/1313319253261447168","1286187610470113285","titikyuliyasih"
"1313312996957982721","Tue Oct 06 03:05:33 +0000 2020","0","Kesehatan mental yang sehat dan positif penting untuk dimiliki karena hal itu memungkinkan para Generasi Z untuk bekerja secara produktif. Ini termasuk memberikan kontribusi yang berarti bagi kelompok Generasi Z mewujudkan potensi kita sepenuhnya dan memiliki kemampuan untuk","1313314422425743360","","safitrahhh","in","","0","1","0","https://x.com/safitrahhh/status/1313314422425743360","1312910437181128704","safitrahhh"
"1313312996957982721","Tue Oct 06 02:59:53 +0000 2020","7","Pentingnya Menjaga Mental Health Di Era Modern Bagi Generasi Z A Thread- Kesehatan mental adalah keadaan sejahtera di mana setiap individu bisa mewujudkan potensi mereka sendiri. Artinya mereka dapat mengatasi tekanan kehidupan yang normal dapat berfungsi secara produktif","1313312996957982721","","","in","","0","1","2","https://x.com/safitrahhh/status/1313312996957982721","1312910437181128704","safitrahhh"
"1313297747533950976","Tue Oct 06 01:59:18 +0000 2020","1","Selain menilai dunia sebagai tempat yang tidak aman secara bersamaan generasi Z mempunyai kesadaran global yang tinggi seperti pendidikan toleransi dan ketenagakerjaan. Maka dari itu peran orang tua dalam kesehatan mental di generasi z sangatlah penting.","1313297753456295936","","Silverqueenwen1","in","","0","1","0","https://x.com/Silverqueenwen1/status/1313297753456295936","1233350665297989632","Silverqueenwen1"
"1313280616142569473","Tue Oct 06 00:51:13 +0000 2020","1","Kita sebagai Generasi Z harus pandai dalam menjaga dan mengontrol kesehatan mental kita agar bisa menghadapi polemik dalam proses pendewasaan. #Mentalhealth #Adhikara58 #MabaUB2020 #RAJABrawijaya2020 #KitaSatuBrawijaya #KreasiNyataBrawijayans","1313280616142569473","","","in","","0","0","0","https://x.com/GWiraditya/status/1313280616142569473","1313277341951422464","GWiraditya"
"1313119174596587520","Mon Oct 05 14:09:43 +0000 2020","0","-c- keseimbangan antara aktivitas hidup dan upaya mencapai ketahanan psikologis. Kesehatan mental bagi generasi z sangat penting di usia mereka yg masih belia tapi tak banyak di ketahui bahwa kondisi kesehatan mental anak muda tidak sebaik anggapan orang","1313119177163501568","","azb197","in","","0","1","0","https://x.com/azb197/status/1313119177163501568","1311677450879856641","azb197"
"1313119174596587520","Mon Oct 05 14:09:42 +0000 2020","0"," Pentingnya Mental Health Bagi Generasi Z Kesehatan mental adalah tingkat kesejahteraan psikologis atau tidak adanya penyakit mental. Dari perspektif psikologi positif atau holisme kesehatan mental dapat mencakup kemampuan individu untuk menikmati hidup dan menciptakan -c-","1313119174596587520","","","in","","1","1","0","https://x.com/azb197/status/1313119174596587520","1311677450879856641","azb197"
"1313022930087886848","Mon Oct 05 07:47:17 +0000 2020","0","Itulah beberapa cara yang bisa saya bagikan untuk tetap menjaga Kesehatan mental walaupun hanya di rumah saja khususnya bagi generasi Z. Stay happy stay healthy!","1313022938451337217","","hnrnz1","in","","0","1","0","https://x.com/hnrnz1/status/1313022938451337217","1310602600002191361","hnrnz1"
"1313022930087886848","Mon Oct 05 07:47:15 +0000 2020","1","-Mental Health- Disini saya akan membagikan tips dan trik untuk tetap menjaga kesehatan mental terutama bagi generasi Z di masa pandemi‍️","1313022930087886848","","","in","","0","1","0","https://x.com/hnrnz1/status/1313022930087886848","1310602600002191361","hnrnz1"
"1313013593118371841","Mon Oct 05 07:10:10 +0000 2020","0","Pastinya temen-temen semua udah tau kan ya pentingnya kesehatan mental dan efeknya bagi kita tapi ternyata temen-temen kesehatan mental di Gen Z ternyata menurun lho! Nah salah satu faktor penyebabnya adalah Gen Z lebih suka diam di rumah dibanding generasi lainnya!","1313013595437899777","","zidan_zuhdi1","in","","0","1","0","https://x.com/zidan_zuhdi1/status/1313013595437899777","1310149295832670209","zidan_zuhdi1"
"1313013593118371841","Mon Oct 05 07:10:09 +0000 2020","0","Halo semuaa! Nama aku Zidan Zuhdi dari cluster 42 Fakultas Pertanian Prodi Agroekoteknologi Universitas Brawijaya. Di thread twitter kali ini aku mau ngebahas tentang kesehatan mental di generasi kita yaitu Gen Z!","1313013593118371841","","","in","","0","1","0","https://x.com/zidan_zuhdi1/status/1313013593118371841","1310149295832670209","zidan_zuhdi1"
"1312992412482985984","Mon Oct 05 05:46:00 +0000 2020","299","PENTINGNYA KESEHATAN MENTAL TERUTAMA BAGI GENERASI Z --- THREAD --- https://t.co/nbcB1WY1I9","1312992412482985984","https://pbs.twimg.com/media/Ejiu-NkUwAAR1xo.jpg","","in","Pluto","3","2","76","https://x.com/JaheDare/status/1312992412482985984","740121992532090880","JaheDare"
"1312984081110450176","Mon Oct 05 05:15:41 +0000 2020","0","PENTINGNYA KESADARAN AKAN KESEHATAN MENTAL BAGI MILENIAL WHO menyebutkan bahwa generasi z saat ini terkena gangguan kesehatan mental. Ditambah masa muda adalah masa dimana kita dalam proses mencari jati diri menuju menjadi manusia yang seutuhnya lebih bimbang untuk menentukan","1312984786986696705","","Hzann_","in","","0","1","0","https://x.com/Hzann_/status/1312984786986696705","1238812063134179329","Hzann_"
"1312957518130241536","Mon Oct 05 03:30:10 +0000 2020","0","Edukasi kesehatan mental penting melihat banyaknya invidu generasi Z yang mengalami stress maupun depresi karena dituntut untuk lebih maju seiring dengan perkembangan zaman. Dengan memberikan edukasi kesehatan mental masyarakat menjadi tau bahwa kesehatan mental itu penting","1312958230104956928","","agnesppr","in","","0","0","0","https://x.com/agnesppr/status/1312958230104956928","624387881","agnesppr"
"1312957518130241536","Mon Oct 05 03:29:12 +0000 2020","0","kesehatan mental sangat penting untuk generasi Z dimana banyak dari kalangan ini yang mengalami stress karena masalah-masalah yang terjadi pada dirinya.","1312957987829424131","","agnesppr","in","","0","1","0","https://x.com/agnesppr/status/1312957987829424131","624387881","agnesppr"
"1312940769624248325","Mon Oct 05 02:20:47 +0000 2020","1","Relita Nurcahyani-FPUB-Agroekoteknologi-Cluster29 MENTAL HEALTH Mental Health atau kesehatan mental seringkali diabaikan oleh sebagian besar orang terutama generasi z. Padahal hal tersebut sangatlah penting dalam kehidupan ini.","1312940769624248325","","","in","Dumai Barat, Indonesia","0","1","0","https://x.com/pipiu17_/status/1312940769624248325","1223613121199144960","pipiu17_"
"1312747010580078592","Sun Oct 04 13:46:41 +0000 2020","0","Penyebab dari tingginya gangguan kesehatan mental bagi generasi Z yakni kurangnya perhatian orang tua terhadap kondisi mental cara didik yang salah serta lingkungan sosial yang tidak mendukung perkembangan kepribadian seseorang.","1312750992782360576","","AthFajril","in","Indonesia","0","1","0","https://x.com/AthFajril/status/1312750992782360576","1312278334546481152","AthFajril"
"1312747010580078592","Sun Oct 04 13:30:51 +0000 2020","1"," Dinamika Kesehatan Mental : Tantangan Generasi Z dalam Menghadapi Masalah Kesehatan Mental -A Thread-","1312747010580078592","","","in","Indonesia","0","1","0","https://x.com/AthFajril/status/1312747010580078592","1312278334546481152","AthFajril"
"1312743845386305538","Sun Oct 04 13:18:16 +0000 2020","1","Nama : Andinie Zalfa Rizqy Fakultas : Program Pendidikan Vokasi Universitas Brawijaya Jurusan : Business English Cluster : 35 Seberapa pentingnya Kesehatan mental di era pandemi covid-19 terutama pada generasi Z","1312743845386305538","","","in","","0","1","0","https://x.com/andiniziefrh/status/1312743845386305538","1312714689038618625","andiniziefrh"
"1312740655366504448","Sun Oct 04 13:05:36 +0000 2020","0"," Mengkaji Urgensi Kesehatan Mental Bagi Generasi Z di Indonesia -A Thread-","1312740655366504448","","","in","","0","1","0","https://x.com/shoaynunb/status/1312740655366504448","1310696945665490945","shoaynunb"
"1312691285837266944","Sun Oct 04 09:49:25 +0000 2020","0","berdasarkan jurnal yang saya jadikan referensi untuk menjawab permasalahan https://t.co/hlkXIy4g9O solusi atau saran perbaikan dalam menjaga kesehatan mental masyarakat Indonesia apalagi yang berada pada generasi Z adalah :","1312691285837266944","","","in","","0","0","0","https://x.com/AlfarissiIrsyad/status/1312691285837266944","1247425802112622593","AlfarissiIrsyad"
"1312688303464824832","Sun Oct 04 09:37:34 +0000 2020","0","dan akan mengarah kepada sesuatu yang negatif Ada bermacam-macam jenis gangguan mental contohnya adalah bipolar depresi stress dan insecure. kita perlu menyadarkan orang-orang bahwa kesehatan mental telah menjadi kebutuhan terhadap masyarakat terutama pada generasi Z.","1312688303464824832","","","in","","0","0","0","https://x.com/AlfarissiIrsyad/status/1312688303464824832","1247425802112622593","AlfarissiIrsyad"
"1312660830110982144","Sun Oct 04 07:48:25 +0000 2020","0","Gangguan kesehatan mental banyak ditemui pada generasi Z. Banyak dari mereka yang mengalami gangguan kesehatan mental diakibatkan karena banyaknya tekanan yang diberikan sekitar mereka. Contoh tekanan yang diberikan adalah tugas yang berlebihan dan hubungan yang kurang","1312660833755750400","","iyaiyayak","in","","0","1","0","https://x.com/iyaiyayak/status/1312660833755750400","1222688607468568577","iyaiyayak"
"1312651240753381376","Sun Oct 04 07:10:21 +0000 2020","0","menjaga kesehatan mental generasi Z agar tetap stabil.Setiap orang tua harus selalu memantau dan memperhatikan tingkah laku setiap anak serta memberikan batasan waktu dalam mengakses internet.Beberapa cara yang bisa dilakukan agar dapat","1312651253390868480","","RidaRohmata","in","Baron,nganjuk","0","0","0","https://x.com/RidaRohmata/status/1312651253390868480","781658682224365570","RidaRohmata"
"1312626750296260609","Sun Oct 04 05:39:07 +0000 2020","0","Mental health. Apa yang ada di pikiran kalian jika mendengar kata itu? Untuk para Generasi Z mungkin sudah tidak asing lagi mendengar kata itu. Sudah banyak orang yang menyinggung tentang mental health ini. Namun kesadaran akan kesehatan mental di Indonesia masih sangat rendah.","1312628293611352067","","heeldazz","in","","0","1","0","https://x.com/heeldazz/status/1312628293611352067","1215265832848150529","heeldazz"
"1312604790476599297","Sun Oct 04 04:08:55 +0000 2020","0","kalau generasi Z lagi belajar tetapi perasaan cemas dan sedih terus kan belajarnya terganggu 2.Menurunkan risiko kecemasan Gangguan kecemasan yang berlebihan bukan hanya mengganggu kesehatan mental melainkan juga fisik. Buktinya terkadang orang yang cemas dapat mual-mual sakit","1312605594956648450","","Farhann88500","in","","0","0","0","https://x.com/Farhann88500/status/1312605594956648450","1311663254632947714","Farhann88500"
"1312604790476599297","Sun Oct 04 04:06:10 +0000 2020","0","Berbicara soal mental health sepertinya perlu juga berbicara soal generasi Z (gen Z). Mental health merupakan salah satu hal yang penting dalam kehidupan kita. Mental health disini bukan berarti keberanian (saja) melainkan juga kesehatan mental menghadapi hal-hal lain.","1312604900715491329","","Farhann88500","in","","0","1","0","https://x.com/Farhann88500/status/1312604900715491329","1311663254632947714","Farhann88500"
"1312561452624928768","Sun Oct 04 01:13:32 +0000 2020","1","Sebanyak 91% mengaku pernah mengalami stress. Pada generasi Z atau generasi kita ini generasi yang dihuni oleh banyak anak-anak milenial kesehatan mental adalah hal utama yang sering menimbulkan masalah. Dengan adanya teknologi yang sudah memadai dan degradasi moral banyak","1312561458077523968","","leejuyeon_ljy","in","","0","1","0","https://x.com/leejuyeon_ljy/status/1312561458077523968","1267663371840569344","leejuyeon_ljy"
"1312392931093876737","Sat Oct 03 14:03:53 +0000 2020","0","Menurut penelitian American Psychological Association (APA) tahun 2018 berjudul Stress in America: Generation Z anak muda usia 15 sampai 21 tahun adalah kelompok manusia dengan kondisi kesehatan mental terburuk dibandingkan dengan generasi-generasi lainnya.","1312392935032324101","","ESotya","in","","0","1","0","https://x.com/ESotya/status/1312392935032324101","2283006925","ESotya"
"1312296070727135232","Sat Oct 03 07:44:24 +0000 2020","0","ketika terjadi gangguan terhadap kesehatan mental individu tentu hal tersebut akan menghambat aktivitas sehari- hari. Terlebih bagi para generasi Z- generasi terkini. yang mayoritas kehidupannya dihabiskan sebagai mahasiswa pelajar dan anak- anak.","1312297433620082689","","salmazuhud","in","JMBR•MDN","0","1","0","https://x.com/salmazuhud/status/1312297433620082689","1220823065203863553","salmazuhud"
"1312296070727135232","Sat Oct 03 07:38:59 +0000 2020","0","[Dampak Pandemi Bagi Kesehatan Mental Generasi Z] Melihat angka pasien Covid-19 di Indonesia yg kian hari semakin bertambah membuat pemerintah Indonesia akhirnya meluncurkan program PSBB guna memutus mata rantai virus tersebut. #Adhikara58 #MabaUB2020 #RAJABrawijaya2020","1312296070727135232","","","in","JMBR•MDN","0","1","0","https://x.com/salmazuhud/status/1312296070727135232","1220823065203863553","salmazuhud"
"1312275184234106882","Sat Oct 03 06:16:00 +0000 2020","0","Generasi Z adalah generasi dengan tahun kelahiran rentang tahun 1993 hingga tahun 2005.Banyak hal yang mempengaruhi kesehatan mental kita contoh nya yang paling dekat dengan kita adalah adanya pandemic Covid 19 sebagai seorang pelajar tentunya kita dituntut untuk melakukan","1312275188139008001","","Audiava2","in","","0","1","0","https://x.com/Audiava2/status/1312275188139008001","1312263979901755392","Audiava2"
"1312275184234106882","Sat Oct 03 06:15:59 +0000 2020","1","Pentingnya Mental Health Bagi Generasi Z Assalamu'alaikum warahmatullah wabarokatuh Nama :Audiava Happy Kenthida Vanezza H Fakultas : Peternakan Cluster. :1 Seperti yang kita ketahui bahwa mental health adalah kesehatan mental yang tentunya harus dimiliki setiap orang","1312275184234106882","","","in","","0","1","0","https://x.com/Audiava2/status/1312275184234106882","1312263979901755392","Audiava2"
"1312085061638914049","Fri Oct 02 17:40:31 +0000 2020","0","Menurut penelitian American Psychological Association (APA) tahun 2018 berjudul Stress in America: Generation Z anak muda usia 15 sampai 21 tahun adalah kelompok manusia dengan kondisi kesehatan mental terburuk dibandingkan dengan generasi-generasi lainnya.","1312085063933272066","","anandarhp_","in","Indonesia","0","1","0","https://x.com/anandarhp_/status/1312085063933272066","4024254686","anandarhp_"
"1312035864147488769","Fri Oct 02 14:25:19 +0000 2020","0","Generasi Z sangat dibutuhkan untuk kemajuan bangsa dan negara di masa mendatang oleh karena itu kesehatan mental atau mental health sangat diperlukan agar cita-cita atau impian di masa mendatang tidak terganggu oleh gangguan jiwa yang mereka alami.","1312035939292602368","","ferrahmaaa","in","","0","1","0","https://x.com/ferrahmaaa/status/1312035939292602368","1310547008646574080","ferrahmaaa"
"1312009318091247616","Fri Oct 02 12:47:37 +0000 2020","0","Oleh karena itu kesehatan mental sudah menjadi hal yang harus diperhatikan bagi generasi z ini demi keberlangsungan hidup mereka dan masa depan bangsa dan dunia","1312011352861413379","","AgungCihuy","in","","0","1","0","https://x.com/AgungCihuy/status/1312011352861413379","1312005200618549249","AgungCihuy"
"1312007870716674054","Fri Oct 02 12:33:47 +0000 2020","0","Namun sayangnya persoalan kesehatan jiwa masih dianggap kurang penting oleh sebagian orang dibanding dengan kesehatan fisiknya. Bahkan WHO menyebutkan generasi muda atau generasi z saat ini sangat rentan terkena gangguan mental.","1312007872130105344","","britalinaaa","in","","0","1","0","https://x.com/britalinaaa/status/1312007872130105344","1312003555960655872","britalinaaa"
"1311971248465833985","Fri Oct 02 10:10:18 +0000 2020","1","Menurut penelitian APA tersebut diperoleh hasil bahwa sebanyak 91 persen generasi Z mempunyai gejala-gejala emosional maupun fisik yang berkaitan dengan stres seperti depresi dan gangguan kecemasan. Stres adalah faktor terbesar penyebab buruknya kesehatan mental generasi Z.","1311971763564146688","","vordekok","in","Jakarta Capital Region, Indone","0","1","0","https://x.com/vordekok/status/1311971763564146688","1311513140446654464","vordekok"
"1311971248465833985","Fri Oct 02 10:09:53 +0000 2020","1","yang berjudul Stress in America: Generation Z anak muda usia 15 sampai 21 tahun adalah kelompok manusia dengan kondisi Kesehatan mental terburuk dibandingkan dengan generasi lainnya.","1311971660933726209","","vordekok","in","Jakarta Capital Region, Indone","0","1","0","https://x.com/vordekok/status/1311971660933726209","1311513140446654464","vordekok"
"1311956350163804161","Fri Oct 02 09:09:22 +0000 2020","1","Solusi dan Cara Pencegahan Semoga dengan diperhatikannya kesehatan mental pada generasi Z akan membawa perubahan yang nyata bagi bangsa dan negara","1311956429494919169","","Umik_123","in","","0","1","0","https://x.com/Umik_123/status/1311956429494919169","1248389863323267076","Umik_123"
"1311956350163804161","Fri Oct 02 09:09:21 +0000 2020","1","Dampak Dan Bahayanya Lahir dan berkembang di era teknologi digital menjadikan generasi Z sebagai pecandu teknologi dan cenderung anti-sosial. Hal ini bisa berdampak buruk pada kesehatan mental (mental health) pada generasi Z.","1311956427150295040","","Umik_123","in","","0","1","0","https://x.com/Umik_123/status/1311956427150295040","1248389863323267076","Umik_123"
"1311940183655280640","Fri Oct 02 08:07:16 +0000 2020","0","dan sebagainya. . Dengan melihat kondisi Indonesia sekarang ini rasa kekhawatiran makin bertambah dan ada rasa ancaman tersendiri dalam menghadapi persaingan dan masa depan. https://t.co/MrQTBVsLe6 Adapun Cara positif menjaga kesehatan mental untuk para generasi Z saat ini.","1311940802977779712","","thisvievi","in","Mojokerto, Jawa Timur","0","1","0","https://x.com/thisvievi/status/1311940802977779712","1281570339000971266","thisvievi"
"1311935111298859008","Fri Oct 02 07:47:21 +0000 2020","0","Kesimpulan Mari kita saling mengigatkan bahwa betapa pentingnya menjaga kesehatan mental di masa sekarang terutama untuk generasi Z. #loveyourself #Adhikara58 #MabaUB2020 #RAJABrawijaya2020 #KitaSatuBrawijaya #KreasiNyataBrawijayans","1311935789039718400","","friyyyyy___","in","","0","0","0","https://x.com/friyyyyy___/status/1311935789039718400","1310563893178060801","friyyyyy___"
"1311935111298859008","Fri Oct 02 07:45:25 +0000 2020","0","Darurat kesehatan mental generasi z Menurut penelitian American Psychological Association (APA) tahun 2018 berjudul Stress in America: Generation Z anak muda usia 15 sampai 21 tahun adalah kelompok manusia dengan kondisi kesehatan mental terburuk","1311935303112822785","","friyyyyy___","in","","0","1","0","https://x.com/friyyyyy___/status/1311935303112822785","1310563893178060801","friyyyyy___"
"1311223582752559105","Fri Oct 02 07:04:24 +0000 2020","0","Sehat sering sekali hanya dihubungkan dengan fisik namun ternyata kesehatan mental juga penting bagi diri kita WHO menyatakan bahwa generasi milenial terutama gen Z lebih rentan dalam masalah mental health.","1311924981480136704","","cceniaa_tsura","in","","0","1","0","https://x.com/cceniaa_tsura/status/1311924981480136704","3161713438","cceniaa_tsura"
"1311873168038977536","Fri Oct 02 03:47:14 +0000 2020","0","kesehatan mental. Padahal kesehatan mental merupakan hal penting terutama bagi generasi Z yang sangat aktif menggunakan sosial media. Maka menjaga kesehatan bukan hanya fisiknya saja melainkan kesehatan mental juga harus dijaga agar menjadi penyeimbang dalam melakukan-","1311875363937550336","","Ulfatul89159504","in","","0","1","0","https://x.com/Ulfatul89159504/status/1311875363937550336","1301931317609734145","Ulfatul89159504"
"1311760540037869568","Thu Oct 01 20:10:58 +0000 2020","1","Menjaga kesehatan mental sangat penting terutama bagi Generasi Z -Redyta Zalfa Fayza Putri Maharani Fakultas Ilmu Budaya Pendidikan Bahasa dan Sastra Inggris Cluster 3 #StayHealthy #Adhikara58 #MabaUB2020 #RAJABrawijaya2020 #KitaSatuBrawijaya #KreasiNyataBrawijayans","1311760540037869568","","","in","","0","0","0","https://x.com/redytaz/status/1311760540037869568","1311754215174275073","redytaz"
"1311626244308389888","Thu Oct 01 11:17:20 +0000 2020","0","memahami cara pandang dan gaya hidup kekinian generasi Z. Menurut riset para peneliti American Psychological Association generasi Z merupakan generasi yang paling rentan terkena masalah kesehatan mental. Namun dibalik orang yang memiliki kesehatan mental terdapat orang-orang","1311626246372032512","","sfplacey","in","","0","1","0","https://x.com/sfplacey/status/1311626246372032512","3002839566","sfplacey"
"1311616125340327936","Thu Oct 01 10:44:14 +0000 2020","0"," Usia 15 sampai 21 adalah kelompok manusia yang memiliki konidisi kesehatan mental yang buruk di banding generasi-generasi lainnya. Faktor terbesarnya adalah stres yang menyebabkan kesehatan mental generasi Z. Di dunia yang telah memasuki modern ini membuat generasi z lebih ","1311617917692178433","","windha_nitra","in","","0","1","0","https://x.com/windha_nitra/status/1311617917692178433","1264948608975003648","windha_nitra"
"1311616125340327936","Thu Oct 01 10:37:07 +0000 2020","0","Pentingnya Kesehatan Mental bagi Generasi Z _A Thread https://t.co/oq3y6gebaW","1311616125340327936","https://pbs.twimg.com/media/EjPL5ucUcAA-mcC.jpg","","in","","0","1","0","https://x.com/windha_nitra/status/1311616125340327936","1264948608975003648","windha_nitra"
"1311592157875068928","Thu Oct 01 09:02:00 +0000 2020","0","Para generasi Z akan merasa jenuh karena tidak bisa bersosialisasi dan belajar hal baru di luar sana sehingga kesehatan mental mereka perlu diperhatikan. Kita sering menemukan berita atau artikel yang membahas tentang kesehatan mental anak ","1311592188921307141","","DMauliddin","in","","0","1","0","https://x.com/DMauliddin/status/1311592188921307141","1310098432661401600","DMauliddin"
"1311592157875068928","Thu Oct 01 09:01:55 +0000 2020","0","Menurut penelitian American Psychological Association (APA) tahun 2018 berjudul Stress in America: Generation Z remaja berusia 15 sampai 21 tahun memiliki kesehatan mental yang lebih buruk daripada generasi diatasnya.","1311592168167886849","","DMauliddin","in","","0","1","0","https://x.com/DMauliddin/status/1311592168167886849","1310098432661401600","DMauliddin"
"1311554673682202624","Thu Oct 01 06:43:51 +0000 2020","0","Sebagai generasi z yang akan menjadi penerus bangsa di masa depan generasi z harus mental yang sehat dan kuat maka karena itu kesehatan sangat pentik yang dalam hal ini kesehatan mental generasiz jangan sampai kesehatan mental dapat mengganggu masa depan yang cemerlang.","1311557423572742146","","Astrifourr","in","","0","1","0","https://x.com/Astrifourr/status/1311557423572742146","1311540457818583041","Astrifourr"
"1311554673682202624","Thu Oct 01 06:42:22 +0000 2020","0","memengaruhi masalah kesehatan mental generasiz itu karena banyaknya isu-isu berbagai hal yang tersebar di dunia maya yang membuat timbulnya banyak kekhawatiran generasi z.","1311557047373103104","","Astrifourr","in","","0","1","0","https://x.com/Astrifourr/status/1311557047373103104","1311540457818583041","Astrifourr"
"1311554673682202624","Thu Oct 01 06:38:36 +0000 2020","0","yang dialami. Hanya 45% generasi z mengatakan bahwa kesehatan mentalnya baik 91% genrasi z mengatakan mereka mengalami gejala fisik atau emosional akibat masalah kesehatan mental dan di dominasi oleh stress.","1311556098285920256","","Astrifourr","in","","0","1","0","https://x.com/Astrifourr/status/1311556098285920256","1311540457818583041","Astrifourr"
"1311554673682202624","Thu Oct 01 06:38:10 +0000 2020","0","Saat masalah kesehatan banyak terjadi pada generasi z yang di dominasi oleh kalangan remaja. Banyak faktor yang memengaruhi banyaknya generasi z mengalami masalah kesehatan mental seperti lingkungan sekolah atau kampus lingkungan keluarga isu politik sampai pada pelecehan","1311555989179568129","","Astrifourr","in","","0","1","0","https://x.com/Astrifourr/status/1311555989179568129","1311540457818583041","Astrifourr"
"1311554673682202624","Thu Oct 01 06:32:56 +0000 2020","0","PENUGASAN RAJA BRAWIJAYA ADIKHARA 58 : ESSAI MENTAL HEALT PADA GENERASI Z MASALAH KESEHATAN MENTAL DI KALANGAN GENERASI Z Astri Aprilia ( CLUSTER 56)","1311554673682202624","","","in","","0","1","0","https://x.com/Astrifourr/status/1311554673682202624","1311540457818583041","Astrifourr"
"1311548037676765184","Thu Oct 01 06:06:37 +0000 2020","0","keseluruhan populasi. Dengan demikian perlu adanya solusi untuk mengatasi permasalahan kesehatan mental bagi masyarakat terutama generasi Z ini. Solusi yang dapat dilakukan antara lain mencoba untuk menerima dan memahami kesehatan mental masing-masing memperbanyak melakukan","1311548051450806273","","melonmanoban","in","Puri yang indah.","0","1","0","https://x.com/melonmanoban/status/1311548051450806273","1132243116973387776","melonmanoban"
"1311548037676765184","Thu Oct 01 06:06:35 +0000 2020","0","Zaman sekarang ini jauh lebih rentan terhadap masalah yang berkaitan dengan kesehatan mental karena pelaku utamanya adalah generasi Z. Dapat dikatakan bahwa generasi Z sangatlah kritis terhadap segala informasi yang ada bahkan yang tersebar di media sosial. Generasi Z hidup pada","1311548044781920257","","melonmanoban","in","Puri yang indah.","0","1","0","https://x.com/melonmanoban/status/1311548044781920257","1132243116973387776","melonmanoban"
"1311548037676765184","Thu Oct 01 06:06:34 +0000 2020","1"," Pentingnya Kesehatan Mental di Era Generasi Z Apa itu kesehatan mental? Menurut WHO kesehatan mental merupakan kondisi dari kesejahteraan yang disadari individu yang di dalamnya terdapat kemampuan-kemampuan untuk mengelola stres kehidupan yang wajar untuk bekerja secara","1311548040268767234","","melonmanoban","in","Puri yang indah.","0","1","0","https://x.com/melonmanoban/status/1311548040268767234","1132243116973387776","melonmanoban"
"1311546684195786753","Thu Oct 01 06:01:12 +0000 2020","0","Kesehatan mental bagi generasi z sangat lah penting karena kondisi mental generasi z sangat lah buruk.Penyebab kondisi mental yang buruk disebabkan oleh beberapa faktor.","1311546686771093504","","FuadAthif","in","","0","1","0","https://x.com/FuadAthif/status/1311546686771093504","1310096364403998721","FuadAthif"
"1311546684195786753","Thu Oct 01 06:01:11 +0000 2020","0","KESEHATAN MENTAL GENERASI Z ~A THREAD~ #loveyourself #Adhikara58 #MabaUB2020 #RAJABrawijaya2020 #KitaSatuBrawijaya #KreasiNyataBrawijayans","1311546684195786753","","","in","","0","1","0","https://x.com/FuadAthif/status/1311546684195786753","1310096364403998721","FuadAthif"
"1311494667377111040","Thu Oct 01 02:35:13 +0000 2020","0","Mental Healt Generasi Z Kesehatan mental adalah sebuah kondisi dimana seseorang terbebas dari segala bentuk gejala-gejala gangguan mental.","1311494849762217987","","desi_gisa","in","","0","1","0","https://x.com/desi_gisa/status/1311494849762217987","1284395730434576392","desi_gisa"
"1311490300766908416","Thu Oct 01 02:17:08 +0000 2020","0","Pandemi Covid-19 telah banyak membawa perubahan dikehidupan kita termasuk di bidang teknologi lingkungan dan masyarakat. Tidak hanya mengancam kesehatan fisik tapi juga kesehatan mental. Pandemi covid-19 sangat berdampak bagi generasi Z termasuk kesehatan mental.","1311490300766908416","","","in","","0","1","0","https://x.com/nadwahnasution/status/1311490300766908416","1311444867776565248","nadwahnasution"
"1311321563480748032","Wed Sep 30 15:06:39 +0000 2020","0","Pentingnya menjaga kesehatan mental bagi generasi Z di masa sekarang yang banyak terganggu oleh pandemi yang sedang berlanggsung. Kesehatan mental harus tetap dijaga agar kita tidak merasa stress dan tertekan akan keadaan yang sedang berlangsung.","1311321565510860800","","tauriqimaru","in","","0","1","0","https://x.com/tauriqimaru/status/1311321565510860800","1311304454805680130","tauriqimaru"
"1311305807879831556","Wed Sep 30 14:04:02 +0000 2020","4","Menyatukan Generasi Z dengan Kesehatan Mental - A THREAD -","1311305807879831556","","","in","","0","2","0","https://x.com/yangcangtip/status/1311305807879831556","1014679262610128896","yangcangtip"
"1311293285965545476","Wed Sep 30 13:19:14 +0000 2020","0","Untuk menanggulangi masalah kesehatan mental pada generasi Z berikut adalah upaya yang dapat dilakukan : 1.Melakukan aktivitas fisik dan tetap aktif secara fisik. 2.Memelihara pikiran yang positif. 3.Memiliki kemampuan untuk mengatasi masalah. 4.Menjaga kecukupan tidur","1311294535067074562","","habibsyrf","in","","0","0","0","https://x.com/habibsyrf/status/1311294535067074562","1310087891268202496","habibsyrf"
"1311273923707719680","Wed Sep 30 12:01:15 +0000 2020","0","Berdasarkan data Kementerian Kesehatan Indonesia meningkatnya jumlah pasien gangguan mental di Indonesia dan di seluruh dunia disebabkan oleh pesatnya pertumbuhan hidup manusia serta meningkatnya beban hidup terutama yang dialami oleh generasi Z.","1311274909545373699","","adnan_gumintang","in","+62","0","0","0","https://x.com/adnan_gumintang/status/1311274909545373699","1149315873355661312","adnan_gumintang"
"1311228206691676160","Wed Sep 30 09:05:27 +0000 2020","0","Sebagai generasi Z kita harus pandai-pandai menjaga kesehatan mental kita karena kesehatan mental akan memengaruhi segala yang kita lakukan. Selain menjaga diri sendiri kita juga harus berupaya menjaga kesehatan mental orang-orang di sekitar kita.","1311230668911685635","","zaenabnurainis","in","","0","1","0","https://x.com/zaenabnurainis/status/1311230668911685635","1311213745834618880","zaenabnurainis"
"1311142331555307520","Wed Sep 30 03:14:26 +0000 2020","1","Kondisi kesehatan mental generasi Z sangat perlu untuk menjadi perhatian banyak pihak. Selain kajian-kajian ilmiah mengenai penyebab kondisi psikologis ini berbagai pihak juga perlu terus mengembangkan sosialisasi mengenai pentingnya kesadaran kesehatan mental.","1311142331555307520","","","in","","0","1","0","https://x.com/BagaskaraKoko/status/1311142331555307520","1310552997370314758","BagaskaraKoko"
"1311131522955538432","Wed Sep 30 02:38:12 +0000 2020","0","Cara menjaga Mental Health bagi generasi Z 1. Terima dan pahami kesehatan mental kalian 2. Sibukkan diri dengan hobi 3. Berbicaralah dengan diri sendiri tentang hal hal positif","1311133214916792321","","Georgiahong_","in","","0","1","0","https://x.com/Georgiahong_/status/1311133214916792321","1310810299025354754","Georgiahong_"
"1311122011305857026","Wed Sep 30 01:53:42 +0000 2020","0","Kondisi kesehatan mental generasi Z sangat perlu untuk menjadi perhatian banyak pihak. Berbagai pihak perlu terus mengembangkan sosialisasi mengenai pentingnya kesadaran kesehatan mental.","1311122014778736640","","GusElvina","in","Indonesia","0","1","0","https://x.com/GusElvina/status/1311122014778736640","1166686580779577346","GusElvina"
"1310941414172299266","Tue Sep 29 13:56:03 +0000 2020","0","nama:saniyah salma fakultas:ilmu hukum jurusan:hukum cluster:40 kesehatan mental seringkali dinomorduakan karna banyak orang yang lebih mengutamakann kesehatan fisiknya. setelah merasakan tekanan kehidupan generasi z juga merasakan stres akibat informasi tak terbendung","1310941414172299266","","","in","","0","0","0","https://x.com/salma62930499/status/1310941414172299266","1310930529424871424","salma62930499"
"1310938965655138311","Tue Sep 29 13:46:20 +0000 2020","3","kondisi kesehatan mental generasi Z sangat perlu diperhatikan oleh banyak pihak. Berbagai pihak juga perlu terus mengembangkan sosialisasi mengenai pentingnya kesadaran kesehatan mental. Generasi muda yang kelak akan membangun bangsa ini perlu untuk menjaga dirinya sendiri","1310938968574373888","","inicchhaakk","in","","0","1","0","https://x.com/inicchhaakk/status/1310938968574373888","1219946582730166272","inicchhaakk"
"1310927175999135749","Tue Sep 29 12:59:29 +0000 2020","1","Nama:Atha Darari Putra Fakultas: Teknik Jurusan: Teknik Elektro Cluster: 23 Masalah kesehatan mental pada remaja khususnya generasi Z dapat timbul karena stres kesepian depresi. Apalagi di era pandemi seperti ini banyak remaja yang hanya menghabiskan banyak waktu","1310927175999135749","","","in","","0","1","0","https://x.com/athadarariputra/status/1310927175999135749","3123665623","athadarariputra"
"1310923393328267265","Tue Sep 29 12:44:27 +0000 2020","0","membuat pilihan dan memicu hasrat untuk menyakiti diri sendiri. Banyak cara untuk menjaga Kesehatan mental anak muda generasi Z Indonesia. Salah satunya menebarkan segala sesuatu yang positif terhadap orang lain. Dengan cara seperti ini dapat menumbuhkan rasa percaya diri","1310923393328267265","","","in","","0","1","0","https://x.com/alit_ind/status/1310923393328267265","1310919821039599617","alit_ind"
"1310919605519413250","Tue Sep 29 12:29:26 +0000 2020","0","Jika mengalami gangguan mental yang diawali dengan stress kemudian berlanjut menjadi depresi berat dan bisa menyebabkan kasus bunuh diri. Untuk itu perlu ada kepedulian tentang pentingnya kesehatan mental untuk anak anak generasi Z.","1310919614369378304","","triapriliana81","in","Jawa Timur, Indonesia","0","1","0","https://x.com/triapriliana81/status/1310919614369378304","1207497099123642368","triapriliana81"
"1310919605519413250","Tue Sep 29 12:29:25 +0000 2020","0","Hal itu juga yang membuat generasi Z sangat rentan dengan gangguan kesehatan mental. Faktor pemicunya sangat beragam mulai dari keluarga media sosial dan pertemanan.","1310919609608892416","","triapriliana81","in","Jawa Timur, Indonesia","0","1","0","https://x.com/triapriliana81/status/1310919609608892416","1207497099123642368","triapriliana81"
"1310912043315163136","Tue Sep 29 12:07:48 +0000 2020","0","Oleh karena itulah pada Maret 2020 WHO merilis panduan yang dapat dilakukan untuk mengantisipasi rusaknya kesehatan mental para remaja terutama generasi Z","1310914171517640704","","PramudyaKrisna3","in","","0","1","0","https://x.com/PramudyaKrisna3/status/1310914171517640704","1271845537839374338","PramudyaKrisna3"
"1310540944605736960","Mon Sep 28 11:24:45 +0000 2020","0","Dapat menimbulkan penyakit fisik. Salah satu organisasi di bidang Kesehatan internasional WHO (World Health Organization) meyebutkan generasi z saat ini lebih rentan terkena gangguan kesehatan mental. Ditambah masa muda adalah masa dimana kita mencari jati diri membuat diri","1310540948774875141","","ZaidanAnandito","in","Tebet, Indonesia","0","1","0","https://x.com/ZaidanAnandito/status/1310540948774875141","1248638268423340040","ZaidanAnandito"
"1310539592001437697","Mon Sep 28 11:19:24 +0000 2020","0","Pemerintah juga memiliki peran yang penting dalam menangani masalah kesehatan mental khususnya bagi Generasi Z. Pemerintah dapat meningkatkan ketersediaan sarana dan prasarana untuk membantu masyarakat yang sedang mengalami masalah kesehatan mental.","1310539604274024449","","NidaYulianti3","in","","0","1","0","https://x.com/NidaYulianti3/status/1310539604274024449","1259718693887475712","NidaYulianti3"
"1310539592001437697","Mon Sep 28 11:19:24 +0000 2020","0","Oleh karena itu kondisi kesehatan mental bagi Generasi Z perlu diperhatikan banyak pihak. Berbagai pihak juga harus mensosialisasikan atau memberikan edukasi mengenai kesadaran akan pentingnya kesehatan mental","1310539600448819200","","NidaYulianti3","in","","0","1","0","https://x.com/NidaYulianti3/status/1310539600448819200","1259718693887475712","NidaYulianti3"
"1310539592001437697","Mon Sep 28 11:19:23 +0000 2020","0","Di masa sekarang ini teknologi satu per satu mengalami perkembangan yang sangat pesat. Teknologi dapat mengganggu kesehatan mental bagi Generasi Z. Tidak hanya teknologi faktor sosial ekonomi budaya politik dan pendidikan juga dapat mempengaruhi kesehatan mental Generasi Z.","1310539596833333248","","NidaYulianti3","in","","0","1","0","https://x.com/NidaYulianti3/status/1310539596833333248","1259718693887475712","NidaYulianti3"
"1310515711408709633","Mon Sep 28 09:44:31 +0000 2020","0","Generasi Z harus menumbuhkan rasa keperdulian terhadap isu-isu seperti ini. Keadaan pandemi Covid-19 ini mengakibatkan meningkatnya masalah kesehatan mental di masyarakat.","1310515722720743424","","ideaonmyhead","in","","0","1","0","https://x.com/ideaonmyhead/status/1310515722720743424","1176450372975513601","ideaonmyhead"
"1310515711408709633","Mon Sep 28 09:44:28 +0000 2020","0","Dengan mudahnya informasi yang masuk ini menjadi salah satu penyebab meningkatnya masalah kesehatan mental di Indonesia.Ketergantungan generasi Z dengan media sosial menyebabkan mereka lebih mudah terpapar dengan informasi-informasi yang tersebar.","1310515713409335296","","ideaonmyhead","in","","0","1","0","https://x.com/ideaonmyhead/status/1310515713409335296","1176450372975513601","ideaonmyhead"
"1310416393272135680","Mon Sep 28 03:09:49 +0000 2020","0","Nama : Anggita Dian Pramudhita Fakultas: Peternakan Jurusan : Peternakan Cluster : 22 Secara langsung maupun tidak langsung masa pandemi seperti saat ini menyebabkan banyak orang mengalami gangguan kesehatan mental. Tidak terkecuali kaum muda Generasi Z.","1310416393272135680","","","in","","0","1","0","https://x.com/AnggitaDianPra8/status/1310416393272135680","1310408261774974977","AnggitaDianPra8"
"1310356294906249219","Sun Sep 27 23:11:30 +0000 2020","0","Pertama perkenalkan nama saya Rizkynanda Finhartanto saya mahasiswa Universitas Brawijaya Fakultas Ilmu Sosial dan Ilmu Politik dengan jurusan Hubungan Internasional Cluster 58. Kali ini saya akan membagikan sebuah thread tentang pentingnya kesehatan mental bagi generasi Z.","1310356420961865728","","rizkynanda_f","in","","0","1","0","https://x.com/rizkynanda_f/status/1310356420961865728","1310127448109932545","rizkynanda_f"
"1310276017072648192","Sun Sep 27 17:54:53 +0000 2020","0","Media sosial tidak bisa terpisahkan dari generasi kita saat ini yaitu generasi Z. Oleh karena itu seharusnya kita menggunakannya dengan bijak. Salah satunya adalah gunakan sosial media dengan bijak terhadap sesuatu yang menyinggung kesehatan mental.","1310276742410510337","","ihkogitusih","in","","0","1","0","https://x.com/ihkogitusih/status/1310276742410510337","1176875793021992961","ihkogitusih"
"1310261359385260033","Sun Sep 27 16:53:47 +0000 2020","1","Kesehatan mental yang sehat sangat penting untuk dimiliki karena hal itu memungkinkan orang untuk bekerja secara produktif. Terutama bagi kita generasi Z yang merupakan penerus bangsa Indonesia.","1310261366607892480","","Mstdv1","in","","0","1","0","https://x.com/Mstdv1/status/1310261366607892480","1310253526556184577","Mstdv1"
"1310156970570125312","Sun Sep 27 10:06:19 +0000 2020","0","Saya akan membagikan ilmu tentang Menjaga Kesehatan Mental Generasi Z di Era Covid-19 . Kata mental atau yang biasa disebut dengan mentalitas adalah cara berpikir manusia dalam belajar dan merespon suatu hal. Mental sangat berepengaruh dalam kehidupan bersosial","1310158822103638016","","puterisaradipa","in","","0","1","0","https://x.com/puterisaradipa/status/1310158822103638016","1310155535316955138","puterisaradipa"
"1276847965060153346","Sat Jun 27 12:00:52 +0000 2020","0","Untuk Remaja 14-21 Tahun GENERASI Z IMAN &amp; KESEHATAN MENTAL Fasilitator: Moze Simanjuntak Julianto Simanjuntak &amp; Tim LK3 Setiap Rabu 15 Juli sd 19 Aug 2020 19.00-22.00 WIB Sesi 1 | Digital Detox: Menemukan https://t.co/SqWnpCyRNP","1276847965060153346","","","in","Indonesia","0","0","0","https://x.com/sahatppap/status/1276847965060153346","88891152","sahatppap"
"1274947923646672901","Mon Jun 22 06:10:49 +0000 2020","0","K-010 Generasi Z Iman &amp; Kesehatan Mental #candugame #gameonline #rekonsiliasi #mengampuni #awanhitam #depresi #bunuhdiri #lembahkekelaman #lukabatin #generasiz #kesehatanmental #mentalhealth #kehidupankristen #remajakristen #remaja","1274947931922206720","","berbagiinfok","in","","0","0","0","https://x.com/berbagiinfok/status/1274947931922206720","1028674413103706113","berbagiinfok"
"1274947923646672901","Mon Jun 22 06:10:48 +0000 2020","0","K-010 Generasi Z Iman &amp; Kesehatan Mental #underpressure #spiritualitaskristen #lostinfear #pembangunankarakter #characterbuilding #remajaindonesia #mahasiswaindonesia #indonesia2045 #indonesiaemas #masadepanindonesia #bonusdemografi #produktivitas","1274947930093322240","","berbagiinfok","in","","0","1","0","https://x.com/berbagiinfok/status/1274947930093322240","1028674413103706113","berbagiinfok"
"1274947923646672901","Mon Jun 22 06:10:48 +0000 2020","0","K-010 Generasi Z Iman &amp; Kesehatan Mental #umur18 #umur19 #umur20 #umur21 #pemuda #keluargakristen #imankristen #christianfaith #berbagiinfokristen #pemikirankristen #pendidikankristen #selfcare #mindfullness #wellbeing #loneliness #kesepian #tertekan #ketakutan","1274947928306577408","","berbagiinfok","in","","0","1","0","https://x.com/berbagiinfok/status/1274947928306577408","1028674413103706113","berbagiinfok"
"1274947923646672901","Mon Jun 22 06:10:47 +0000 2020","0","K-010 Generasi Z Iman &amp; Kesehatan Mental #seminaronline #indonesia #seminarkristen #christianyouth #anak #orangmudakristen #orangtua #parenting #pendidikananak #kelas8 #kelas9 #kelas10 #kelas11 #kelas12 #mahasiswabaru #mahasiswakristen #umur14 #umur15 #umur16 #umur17","1274947926549131264","","berbagiinfok","in","","0","1","0","https://x.com/berbagiinfok/status/1274947926549131264","1028674413103706113","berbagiinfok"
"1257596028355670016","Tue May 05 12:20:38 +0000 2020","0","@konspiresyen Nah gen Z ini juga lebih terbuka untuk melaporkan simptom-simptom psikologis yang mereka rasakan. Paparan informasi yang lebih berkembang juga bisa didapetin generasi ini. Makanya gen Z ini dianggap lebih aware sama kesehatan mental.","1257646385714757632","","earthmixnation","in","Bangkok, Thailand","0","0","0","https://x.com/earthmixnation/status/1257646385714757632","1231451525005762560","earthmixnation"
"1220640710682038272","Fri Jan 24 09:33:18 +0000 2020","4","Halo Nusantara Bidang Human Development (HD) akan mengadakan Kajian Advokasi I dengan tema MANAJEMEN KESEHATAN MENTAL DI ERA GENERASI Z Daftarkan diri kalian melalui CP (+62 812-2260-3570) - Khairunnisa FORKOMPI 2019/2020 SENADA HARMONI NUSANTARA https://t.co/aqbmq1ASGs","1220640710682038272","https://pbs.twimg.com/media/EPCWOmSUcAAZTaM.jpg","","in","","0","1","3","https://x.com/Forkompi/status/1220640710682038272","916697630","Forkompi"
