"conversation_id_str","created_at","favorite_count","full_text","id_str","image_url","in_reply_to_screen_name","lang","location","quote_count","reply_count","retweet_count","tweet_url","user_id_str","username"
"1873627304632758640","Mon Dec 30 07:08:54 +0000 2024","0","Kemudahan dalam berbelanja maupun mengakses produk pinjaman kini menjadi tantangan finansial bagi generasi muda terutama bagi Gen Z.Misalnya akses yang mudah pada pinjaman online dan kartu kredit. https://t.co/Q6wcjYPZrW","1873627304632758640","","","in","Indonesia","0","0","0","https://x.com/JavanicaPost/status/1873627304632758640","1846016698920685568","JavanicaPost"
"1873552074291765383","Mon Dec 30 02:09:58 +0000 2024","0","4 Langkah Sederhana Investasi untuk Gen Z Capai Stabilitas Finansial di 2025! https://t.co/9lbieOgI2M #genz #generasiz #investasi #saham #finansial #stabilitas #investor #bitcoin #btc https://t.co/N42MtjXbUk","1873552074291765383","https://pbs.twimg.com/media/GgAxaBXawAAaveA.jpg","","in","Indonesia","0","0","0","https://x.com/digivestasi/status/1873552074291765383","1450395130792329223","digivestasi"
"1873198670558183506","Sun Dec 29 02:45:40 +0000 2024","0","4 Langkah Mudah Mulai Investasi Buat Gen Z Menuju Finansial Stabil di 2025 https://t.co/IrbeG5QLCO","1873198670558183506","","","in","Indonesia","0","0","0","https://x.com/ilhamiasnawi/status/1873198670558183506","305657272","ilhamiasnawi"
"1872963394632101930","Sat Dec 28 11:10:45 +0000 2024","123","Assalamu alaikum Sahabat Syariah! Tantangan sosial sering kali memengaruhi gaya hidup dan pengelolaan keuangan Gen Z. Dengan kesadaran akan tekanan sosial dan pengelolaan keuangan yang bijak kebebasan finansial bukan lagi sekadar mimpi. Yuk mulai langkah bijakmu dari https://t.co/Tijy84osN0","1872963394632101930","https://pbs.twimg.com/media/Gf4aRbyawAgqR32.jpg","","in","Jakarta, Indonesia","0","4","55","https://x.com/bankbsi_id/status/1872963394632101930","141500996","bankbsi_id"
"1872907838714229142","Sat Dec 28 07:30:00 +0000 2024","0","Finansial yang sehat itu bukan cuma soal punya banyak uang tapi juga tentang bagaimana kita mengelola menabung dan investasi dengan bijak. Gen Z kita generasi yang punya akses ke banyak peluang tapi juga tantangan. Yuk mulai peduli sama kesehatan finansial! Karena masa https://t.co/exwpRPVDgB","1872907838714229142","https://pbs.twimg.com/media/Gf22shuagAA-GV5.jpg","","in","Jakarta, Indonesia","0","1","1","https://x.com/CIMBNiaga/status/1872907838714229142","949032626","CIMBNiaga"
"1870683982914011352","Sun Dec 22 04:13:11 +0000 2024","1","Gen Z lagi dihimpit stres! Menurut American Psychological Association 91% dari mereka ngerasain kecemasan soal masa depan. Tekanan ekspektasi sosial beban pekerjaan dan masalah finansial bikin mereka sulit buat mikir jernih dan ambil keputusan penting.","1870683982914011352","","","in","Indonesia","0","1","0","https://x.com/AndilalaPratmaa/status/1870683982914011352","1451196519877464068","AndilalaPratmaa"
"1869642337217040793","Thu Dec 19 07:14:04 +0000 2024","0","Millennial vs Gen Z: vibes beda goals sama! Sama-sama paham kalau literasi finansial &amp; asuransi #SepentingItu buat masa depan yang lebih aman. https://t.co/5YvqHBp8k8","1869642337217040793","https://pbs.twimg.com/ext_tw_video_thumb/1869642298642092032/pu/img/f9dbKRprjvVcfA86.jpg","","in","Indonesia","0","0","0","https://x.com/Chubb_ID/status/1869642337217040793","1373839752","Chubb_ID"
"1869597768492499023","Thu Dec 19 04:16:58 +0000 2024","0","Gaya hidup minimalis kian populer di kalangan Gen Z. Menurut survei terbaru kini banyak anak muda memprioritaskan kualitas dibandingkan kuantitas saat belanja serta mengurangi membeli barang pribadi demi keseimbangan finansial dan emosional. https://t.co/Ti0NTKyMTX","1869597768492499023","https://pbs.twimg.com/media/GfIlP5iacAASrRH.jpg","","in","Kelapa Gading, North Jakarta","0","1","0","https://x.com/majalahsunday/status/1869597768492499023","180240682","majalahsunday"
"1869391936962125936","Wed Dec 18 14:39:04 +0000 2024","0","#TahuGakSih 36% Gen Z belum siap finansial untuk beli rumah (Survei Jakpat 2023). Alasan lainnya gen Z lebih pilih harga sewa yang lebih murah (22%) lokasi strategis (18%) dan aturan mutasi kerja (11%). Mincu coba tanya Gen Z langsung ternyata bener lebih pilih sewa‍ https://t.co/SLl2fiB7x1","1869391936962125936","https://pbs.twimg.com/ext_tw_video_thumb/1869386529787056128/pu/img/cnIVR-XhnSkssrQk.jpg","","in","","0","1","0","https://x.com/tuwagaid/status/1869391936962125936","1862874585315811328","tuwagaid"
"1869339298337792124","Wed Dec 18 11:09:54 +0000 2024","0","Deinfluencing Tren Gen Z Membangun Kesadaran Finansial https://t.co/pL1ri1g4qN","1869339298337792124","","","in","Indonesia","0","0","0","https://x.com/kompasiana/status/1869339298337792124","23786106","kompasiana"
"1868868505237692559","Tue Dec 17 04:05:44 +0000 2024","1","Ketidakstabilan Ekonomi: Krisis Finansial yang Menghantui Hampir separuh Gen Z menyebut bahwa kekhawatiran tentang keuangan jangka panjang menjadi sumber utama kecemasan mereka. Studi Deloitte Global 2024 mencatat lebih dari 50% Gen Z cemas tentang masa depan finansial https://t.co/ZPYgpj0cSu","1868870168258199582","https://pbs.twimg.com/media/Ge-PgAXbwAAvyOZ.jpg","yeerimc","in","","0","1","0","https://x.com/yeerimc/status/1868870168258199582","964909715665780736","yeerimc"
"1868855349337583713","Tue Dec 17 03:06:54 +0000 2024","0","Keuangan bikin cemas? Hampir separuh Gen Z khawatir soal masa depan finansial. Bayangin hidup di tengah inflasi tinggi &amp; pasar kerja yang gak pasti... Siapa yang gak overthinking? #OverthinkingSolutions #DigitalWellness https://t.co/WI7J9XoMl4","1868855360620314696","https://pbs.twimg.com/media/Ge9xMwiacAAncB5.jpg","happyselfbysmi","in","Millennium Centennial Center","0","1","0","https://x.com/happyselfbysmi/status/1868855360620314696","1432369710427897858","happyselfbysmi"
"1868834395018477628","Tue Dec 17 01:43:35 +0000 2024","0","Fenomena pinjol Gen Z: Rp874 T tahun ini kebanyakan buat kebutuhan konsumtif. Gimana biar nggak kejebak utang? Mulai dari edukasi finansial yuk! #PinjolBijak Baca Ulasannya disini yaa https://t.co/Z7sKFw9lGz https://t.co/YrczRidIbH","1868834395018477628","https://pbs.twimg.com/media/Ge9uoZPbwAQGH4S.jpg","","in","","0","0","0","https://x.com/govloom/status/1868834395018477628","1700907195117051904","govloom"
"1868516831990026245","Mon Dec 16 04:41:43 +0000 2024","0","Survei ini bilang banyak Gen Z yang udah mulai melek finansial. 41% rajin bikin dan jalanin budgeting bulanan. 26% nyisihin pendapatan untuk tabungan &amp; investasi. 21% cari penghasilan tambahan. 2% bahkan konsultasi ke ahli keuangan. Keren banget kan? Selain","1868516834099822661","","goroindonesia","in","","0","1","0","https://x.com/goroindonesia/status/1868516834099822661","1659419763339333632","goroindonesia"
"1868364190651748496","Mon Dec 16 03:27:17 +0000 2024","0","@bobaaenak Mau mulai ambil KPR sekarang nyari kerja yang bagusan aja ampun2an lagi berjuang finansial stabil aja dulu ga sihh buat gen Z inii ","1868498104250753393","","bobaaenak","in","di dunia ku","0","1","0","https://x.com/pohonliar/status/1868498104250753393","1162171226665574400","pohonliar"
"1867780313302413641","Sat Dec 14 03:55:03 +0000 2024","0","*Deinfluencing: Tren Gen Z dalam Membangun Kesadaran Finansial* https://t.co/M5uMrg0hlv","1867780313302413641","","","in","","0","0","0","https://x.com/nanang_4h/status/1867780313302413641","186076171","nanang_4h"
"1867141675572740357","Thu Dec 12 09:37:19 +0000 2024","0","Bagi Gen Z yang menyukai kepraktisan paylater menjadi pilihan favorit yang mampu menawarkan kebutuhan fleksibilitas finansial. https://t.co/JK5tM7qYrP","1867141675572740357","","","in","Madiun","0","0","0","https://x.com/radarmadiunweb/status/1867141675572740357","1404018642","radarmadiunweb"
"1866132789478772948","Mon Dec 09 14:48:22 +0000 2024","1","Gaya hidup minimalis semakin digemari Gen Z fokus pada kualitas dan keseimbangan finansial. Temukan langkah-langkah untuk memulai hidup minimalis di sini. https://t.co/bsBCarqnH5","1866132789478772948","","","in","ÜT: -6.2746861,106.8304126","0","0","0","https://x.com/wolipop/status/1866132789478772948","95579729","wolipop"
"1865689850281914853","Sun Dec 08 09:28:17 +0000 2024","0","Gen Z sudah saatnya mulai berpikir tentang investasi! Mungkin kamu merasa muda dan belum perlu melakukan investasi padahal semakin cepat kamu mulai semakin besar potensi kamu untuk meraih tujuan finansial!","1865689850281914853","","","in","Indonesia","0","1","0","https://x.com/infobankbjb/status/1865689850281914853","2359042038","infobankbjb"
"1865630518403874825","Sun Dec 08 05:32:31 +0000 2024","1","Gaya hidup minimalis semakin digemari Gen Z fokus pada kualitas dan keseimbangan finansial. Temukan langkah-langkah untuk memulai hidup minimalis di sini. https://t.co/ySL0ZGuaeD","1865630518403874825","","","in","ÜT: -6.2746861,106.8304126","0","0","0","https://x.com/wolipop/status/1865630518403874825","95579729","wolipop"
"1864216665829069065","Wed Dec 04 08:08:31 +0000 2024","1","@lps_idic Jawabannya : B. Generasi Visioner yang menyusun masa depan finansial. Di eps. 9 LPS Talk Prita Ghozie Bagi Gen Z belajar kelola keuangan &amp; menjadi Gen yg memiliki vsi untuk msa depan keuangan mereka @hidayatsport @elizaaelizaa22 @dewalova_ieiend @Cici_Enda @BayuKirana7","1864220222250733811","","lps_idic","in","","0","0","0","https://x.com/HelmiHerma9171/status/1864220222250733811","1847060469456293888","HelmiHerma9171"
"1863902164143558903","Tue Dec 03 11:04:40 +0000 2024","6","Izin pak bisa diskusi dari sekarang ? finansial plan saya terlalu ambur adul semenjak jadi fresh graduate.","1863902164143558903","","","in","","0","0","0","https://x.com/iwuiwuwiw/status/1863902164143558903","1248774573023064065","iwuiwuwiw"
"1863811407076114458","Tue Dec 03 05:04:02 +0000 2024","0","Fenomena money dysmorphia mulai menghantui gen Z dan tren saat ini. Tanda serta gejala soal finansial dan keuangan yang perlu diketahui. https://t.co/PsAgm6sR0W","1863811407076114458","","","in","Madiun","0","0","0","https://x.com/radarmadiunweb/status/1863811407076114458","1404018642","radarmadiunweb"
"1863497381456818581","Mon Dec 02 08:16:12 +0000 2024","0"," Pahami dasar keuangan pribadi Gen Z! Kelola uang saku bikin anggaran rajin menabung dan bijak pakai kredit. Yuk mulai langkah kecil untuk masa depan finansial yang besar! #KeuanganPribadi #GenZMelekFinansial #TipsUang #LiterasiKeuangan #FinancialFreedom #Pundigrow https://t.co/brEHypUf61","1863497381456818581","https://pbs.twimg.com/ext_tw_video_thumb/1863496661819154433/pu/img/4BBahC5uX9eea_Oy.jpg","","in","","0","0","0","https://x.com/PundiGrow/status/1863497381456818581","1859539143493287937","PundiGrow"
"1863133334597173414","Sun Dec 01 09:03:02 +0000 2024","0","@tasaralesya Maaf kak tapi gen millennial (baik yg disiksa kumon/tidak) faktanya memang lebih resilient dari gen z. Millennial tumbuh melewati 9/11 &amp; era militaristik GWoT krisis finansial global 2008 Covid19. Apakah siksa kumon berperan dalam membangun resiliensi tersebut masalah lain ","1863146779774177652","","tasaralesya","in","Indonesia","0","0","0","https://x.com/themuslimgaze/status/1863146779774177652","1451455538315685890","themuslimgaze"
"1863126863482368151","Sun Dec 01 07:43:54 +0000 2024","268","Sedang heboh di kita pemberitaan mengenai Gen Z di China yg bekerja mulai jam 04.30 demi mimpi kebebasan finansial ya? Sedikit gambaran Gen Alpha-nya mereka deh di sekolahnya seperti apa kegiatannya. Rasah dibanding-bandingke. Angel wes https://t.co/hQsq4UccjC","1863126863482368151","https://pbs.twimg.com/amplify_video_thumb/1863126760797462528/img/WWgOC4lsmqd-1mNb.jpg","","in","Papua, Indonesia","5","18","58","https://x.com/AzzamIzzulhaq/status/1863126863482368151","103210292","AzzamIzzulhaq"
"1862554354496282887","Fri Nov 29 17:48:57 +0000 2024","0","Stabilitas finansial itu penting buat Milenial &amp; Gen Z di era digital. 1️⃣ Catat pengeluaran 2️⃣ Mulai investasi 3️⃣ Siapkan dana darurat 4️⃣ Belajar literasi keuangan Atur keuanganmu dari sekarang! #Finansial #GenerasiZ #KeuanganPribadi #Investasi https://t.co/wmINx3MKPt","1862554354496282887","","","in","My Project Studio →","0","0","0","https://x.com/fajarhide/status/1862554354496282887","119984522","fajarhide"
"1862516166901543257","Fri Nov 29 15:17:12 +0000 2024","0","Financial freedom adalah merdeka finansial. Rhenald Kasali berbagi tips bagi gen Z meraih itu dengan On FIRE. Simak ulasan lengkapnya. https://t.co/u1RAKAMJnp","1862516166901543257","","","in","Madiun","0","0","0","https://x.com/radarmadiunweb/status/1862516166901543257","1404018642","radarmadiunweb"
"1862419512559378754","Fri Nov 29 08:53:08 +0000 2024","0"," Gen Z yuk jadi melek finansial! Pahami cara kelola uang biar masa depanmu makin cemerlang. Jangan cuma kerja keras kerja cerdas finansial juga penting! #LiterasiKeuangan #TipsFinansial #GenZSmart #KelolaUang #MasaDepanCerah #FinancialFreedom #MelekFinansial #pundigrow https://t.co/5ZcAFGCQew","1862419512559378754","https://pbs.twimg.com/ext_tw_video_thumb/1862418970831179776/pu/img/9VsUE3Q3QTJXl3DG.jpg","","in","","0","0","0","https://x.com/PundiGrow/status/1862419512559378754","1859539143493287937","PundiGrow"
"1861740705695371735","Wed Nov 27 11:55:48 +0000 2024","0","Asuransi Mikro: Jaring Pengaman Finansial bagi Gen Z https://t.co/Gr7fOZ18bs #Asuransi #Insurance #ButuhAsuransi #BeliAsuransi #AsuransiMikro #GenZ #Sukses","1861740705695371735","","","in","Riau, Indoneisa","0","0","0","https://x.com/tanpauangmuka/status/1861740705695371735","2887293560","tanpauangmuka"
"1858114956925002056","Sun Nov 17 11:48:22 +0000 2024","4"," Financial Freedom vs Financial Independence 2 istilah finansial yang sering dibahas tapi sebenernya beda loh! Mana sih yang lebih cocok buat Gen Z? A thread https://t.co/MNRqrxBOh7","1858114956925002056","https://pbs.twimg.com/media/GclZsr1bUAAtf9e.jpg","","in","","1","1","2","https://x.com/girlsbeyond_id/status/1858114956925002056","1542347235836727296","girlsbeyond_id"
"1858010024905421208","Sun Nov 17 05:12:07 +0000 2024","0","@hazzzelnude rill BYONDAY temen temen buat life balance antara kesehatan fisik mental dan finansial khususnya buat para gen z ada fun walk hiburan dan aktivitas kuliner. #ByondbyBSICFD","1858015236261032001","","hazzzelnude","in","","0","0","0","https://x.com/pincheecks/status/1858015236261032001","1341370018357907456","pincheecks"
"1858013894876475620","Sun Nov 17 05:06:47 +0000 2024","0","gais BYONDAY ngajak nasabah dan masyarakat buat jaga kesehatan fisik mental dan finansial khususnya untuk gen z lewat fun walk hiburan dan aktivitas kuliner tadi pagi seru bangett #ByondbyBSICFD","1858013894876475620","","","in","","0","0","0","https://x.com/reecoona/status/1858013894876475620","1116578502243807232","reecoona"
"1856711744644960679","Wed Nov 13 14:52:31 +0000 2024","0","Sekarang mungkin udah beda. Gen Z dan Milenial udah cukup paham pentingnya mental health dan cara mengukir kenangan manis lewat experience2 yg mungkin bisa terbeli disaat usia dan kondisi finansial masih produktif.","1856711750244303165","","heyrazni","in","Bandung, Indonesia","0","1","0","https://x.com/heyrazni/status/1856711750244303165","1253548861701763073","heyrazni"
"1856270591017484538","Wed Nov 13 04:04:11 +0000 2024","0","@luluhusnaa @triindonesia sebagai gen z yang masih empot2an secara finansial gue sebenernya pake tri karena harganya hemat. tapi lama2 puas karena di jogja emang tri paling oke","1856548588589068501","","luluhusnaa","in","💣 🆂🅷🅴/🅷🅴🆁 ᝰ.","0","2","0","https://x.com/skyview_xyz/status/1856548588589068501","1402856946240090113","skyview_xyz"
"1855513840622133328","Sun Nov 10 07:32:28 +0000 2024","0","Guys aku ada tugas penelitian menurut kalian mending angkat tema 'Doom Spending' 'Jam Koma' atau 'Kekerasan finansial'? Niatnya tuh objeknya ke gen z.. Tapi aku bingung banget butuh pencerahan","1855513840622133328","","","in","Homophobic dni","0","0","0","https://x.com/sheave3101/status/1855513840622133328","1692452338752262144","sheave3101"
"1855337286562718046","Sat Nov 09 19:50:56 +0000 2024","0","Jadi gue akhir akhir ini lagi rajin baca artikel dan menemukan fakta bahwa sepertinya Gen Z terlalu di-underestimate perkara finansial dan tabungan. Emang bener ya Gen Z se konsumtif itu sampe gak bisa nabung? https://t.co/GOTzmw8zC0","1855337295186137533","https://pbs.twimg.com/media/Gb97b1ta0AAOS1J.jpg","bluerosety23","in","","0","1","0","https://x.com/bluerosety23/status/1855337295186137533","1408445718348533771","bluerosety23"
"1855220521170088310","Sat Nov 09 12:06:55 +0000 2024","0","Guys tau ga ada aplikasi terbaru nih yang menawarkan kemudahan transaksi finansial sosial dan spiritual untuk para penggunanya gen Z pasti suka pokonya #ByondbyBSI","1855220521170088310","","","in","","0","0","0","https://x.com/____matchaaa/status/1855220521170088310","1853695757335023616","____matchaaa"
"1854327037932286003","Thu Nov 07 00:56:32 +0000 2024","1","MEMECOIN = Penyelamat finansial Gen Z untuk Circle Kali ini Simpan Tasmu Jual Awal Tahun Depan #Fartcoin #Moodeng #Popcat #Mog #Wif #apu #Aura #niggabutt","1854327037932286003","","","in","Indonesia ","0","0","0","https://x.com/Hakam0774829226/status/1854327037932286003","1752320003561639936","Hakam0774829226"
"1854125223089766837","Wed Nov 06 16:58:57 +0000 2024","0","@lps_idic Milenial dan Gen Z harus lebih pintar dalam mengelola finansial mereka. Yuk belajar bareng-bareng biar kita nggak terjerumus ke praktik transaksi keuangan yang merugikan.","1854206852722307481","","lps_idic","in","","0","0","0","https://x.com/tamara_cindilel/status/1854206852722307481","1796589541975048192","tamara_cindilel"
"1853785443902591210","Tue Nov 05 13:04:37 +0000 2024","0","Gen Z memiliki banyak keuntungan dan kemudahan yang ditawarkan oleh Paylater tetapi sangat penting bagi mereka untuk menggunakan layanan ini dengan bijak. Gen Z tidak perlu menumpuk hutang jika mereka memiliki pendidikan finansial yang baik dan pengelolaan keuangan yang baik.","1853785490312634512","","Area_Pintar","in","Jakarta","0","1","0","https://x.com/Area_Pintar/status/1853785490312634512","144765747","Area_Pintar"
"1853785443902591210","Tue Nov 05 13:04:26 +0000 2024","0","Kenapa Para Gen Z Suka Paylater Bahkan Melebihi Pengguna Kartu Kredit 𝑺𝒆𝒃𝒖𝒂𝒉 𝑼𝒕𝒂𝒔 Mengupas alasan popularitas paylater dan dampaknya terhadap kebiasaan finansial mereka. #AreaPintar #areapintartrust #GenZ #Paylater #Keuangan #Digital #Tren #Belanja #Kartu #Kredit https://t.co/s4S2zNnW2K","1853785443902591210","https://pbs.twimg.com/media/Gbn3IbgbIAEeXa2.jpg","","in","Jakarta","0","1","0","https://x.com/Area_Pintar/status/1853785443902591210","144765747","Area_Pintar"
"1853342442927595863","Mon Nov 04 07:44:06 +0000 2024","0","Ortuku BUMN dan PNS anaknya malah nge-freelance doang Generasi mereka memang kebanyakannya lebih mengejar kestabilan finansial beda dengan gen Z yang kebanyakannya lebih mengutamakan kebebasan dan hal semacamnya Yang penting gak jauh dari Allah","1853342442927595863","","","in","ReVeland","0","0","0","https://x.com/antiheromu/status/1853342442927595863","1249252096903274504","antiheromu"
"1852972834676670498","Sun Nov 03 07:15:25 +0000 2024","0","Nanti kalu ngeluh finansial nanti dikatain gen z ","1852972834676670498","","","in","","0","0","0","https://x.com/Ayuanjalika/status/1852972834676670498","1526096408314789888","Ayuanjalika"
"1852253039790592103","Fri Nov 01 07:35:12 +0000 2024","0","Tips Finansial Pengiriman Dana Bagi Gen Z yang Menempuh Studi di Luar Negeri - https://t.co/cZK2Es7gAO","1852253039790592103","","","in","","0","0","0","https://x.com/betangid/status/1852253039790592103","1712392844328194048","betangid"
"1851849272532328812","Thu Oct 31 04:50:46 +0000 2024","2","br kusadari ternyata aku sudah menanggung beban finansial yaitu bayar subscription.. iya aku gen z..","1851849272532328812","","","in","","0","3","1","https://x.com/kyoodjena/status/1851849272532328812","884248555870797824","kyoodjena"
"1851695835865845973","Wed Oct 30 18:41:04 +0000 2024","0","YOLO atau Save Money Masa Depan? Dilema Finansial Gen Z Selepas Gajian https://t.co/qUtRhSl5v9","1851695835865845973","","","in","Indonesia","0","0","0","https://x.com/kompasiana/status/1851695835865845973","23786106","kompasiana"
"1851185675313561855","Tue Oct 29 08:53:53 +0000 2024","0","Salah satu kebiasaan Gen Z: Healing untuk hilang... (A Thread) #invlinic #genz #finansial #keuangan https://t.co/p0NHOwXHuF","1851185675313561855","https://pbs.twimg.com/media/GbC6LyTbQAATptl.jpg","","in","","0","1","0","https://x.com/invlinic/status/1851185675313561855","1775428358874255360","invlinic"
"1851125824952692848","Tue Oct 29 04:56:03 +0000 2024","0","Di Hari Sumpah Pemuda Sudahkah Gen Z Melek Finansial? - Bisnis Muda https://t.co/lbcuAGwVzn #monfridaychallengeOktober","1851125824952692848","","","in","","0","0","0","https://x.com/ina_tanaya/status/1851125824952692848","1497115666960162821","ina_tanaya"
"1851123323402584403","Tue Oct 29 04:46:07 +0000 2024","0","Makna Sumpah Pemuda Bagaimana Tantangan Gen Z Supaya Melek Finansial? https://t.co/wVW1v9TKTE https://t.co/84evZHm8OJ","1851123323402584403","https://pbs.twimg.com/media/GbCC2gYbQAAUVuZ.jpg","","in","Jakarta","0","0","0","https://x.com/Bisnismudaid/status/1851123323402584403","461987580","Bisnismudaid"
"1850900291648098539","Mon Oct 28 22:36:35 +0000 2024","0","@kegblgnunfaedh Gen milenial banyak yg blm nikah tp gen Z yg mendominasi pernikahan.. Menikah itu enak klo finansial tercukupi itu dlu yg utama baru memperkuat mental","1851030327000695152","","kegblgnunfaedh","in","Jakarta Barat, DKI Jakarta","0","1","0","https://x.com/NKhairunisa12/status/1851030327000695152","1073902682551705600","NKhairunisa12"
"1850809736347984346","Mon Oct 28 08:00:02 +0000 2024","0","Di era serba cashless yang bikin boros frugal living semakin populer. Teknologi cashless memudahkan transaksi tapi juga memicu perilaku konsumtif terutama di kalangan Gen Z. Frugal living menjadi solusi untuk pengeluaran bijak dan kebebasan finansial! #cashless #genZ https://t.co/FO5nU3VRs1","1850809736347984346","https://pbs.twimg.com/media/Ga6RpqaaoAAyCGB.jpg","","in","","0","0","0","https://x.com/iddbid/status/1850809736347984346","1817158581386686465","iddbid"
"1850774446606635324","Mon Oct 28 05:39:48 +0000 2024","0","Kenapa gen z susah finansial? Karna gaya hidup yang tidak sepadan dengan apayang dia dapatkan Tapi kenapa mereka lakuin itu? ","1850774446606635324","","","in","dnf-rlthingy","0","0","0","https://x.com/gnoir/status/1850774446606635324","2164867063","gnoir"
"1850763332426600748","Mon Oct 28 04:55:38 +0000 2024","0","Rehat sejenak sebelum besok ada discussion presentation dan quiz ngerasa ditampar banget gen z sulit finansial tapi akunya malah boros https://t.co/7DbOHMtwCf","1850763332426600748","https://pbs.twimg.com/media/Ga87cG5bsAAdOFM.jpg","","in","dnf-rlthingy","0","0","0","https://x.com/gnoir/status/1850763332426600748","2164867063","gnoir"
"1850758685926244622","Mon Oct 28 04:37:10 +0000 2024","0","Di Hari Sumpah Pemuda Sudahkah Gen Z Melek Finansial? https://t.co/aE8UX9fhCw https://t.co/XBpyuSZpHg","1850758685926244622","https://pbs.twimg.com/media/Ga83N2ubQAAGkjq.jpg","","in","Jakarta","0","0","0","https://x.com/Bisnismudaid/status/1850758685926244622","461987580","Bisnismudaid"
"1850757530743648450","Mon Oct 28 04:32:35 +0000 2024","0","Memperingati Hari Sumpah Pemuda: Literasi Finansial Gen Z Masih Rendah? https://t.co/PSyGwJ6OIy https://t.co/Hk26zcbTCG","1850757530743648450","https://pbs.twimg.com/media/Ga82Knma4AAdJnx.jpg","","in","Jakarta","0","0","0","https://x.com/Bisnismudaid/status/1850757530743648450","461987580","Bisnismudaid"
"1850732764615831640","Mon Oct 28 02:54:10 +0000 2024","0","Tema 28 Oktober-Memperingati Sumpah Pemuda Sudahkah Gen Z Melek Finansial? https://t.co/cDThefvGXG https://t.co/wNEqMNE2nM","1850732764615831640","https://pbs.twimg.com/media/Ga8fpChbsAAkrGp.jpg","","in","Jakarta","0","0","0","https://x.com/Bisnismudaid/status/1850732764615831640","461987580","Bisnismudaid"
"1850331371329503413","Sun Oct 27 00:19:11 +0000 2024","0","Yolo dan Fomo Bisa Hancurkan Keuangan Berikut Sederet Tips Finansial OJK Untuk Gen Z: Fenomena seperti YOLO (You Only Live Once) dan FOMO (Fear of Missing Out) sering kali membuat anak muda terjebak dalam keputusan finansial yang tidak bijak. https://t.co/Qp2f9jQX2F #TrenAsia https://t.co/BJVAodMiW4","1850331371329503413","https://pbs.twimg.com/media/Ga2yk7FaIAA2FxI.jpg","","in","Jakarta","0","0","0","https://x.com/trenasiadotcom/status/1850331371329503413","1675698038625673219","trenasiadotcom"
"1850164366928408767","Sat Oct 26 13:15:34 +0000 2024","9","Jadi karena gak bisa beli rumah atau instrumen finansial konvensional lainnya jadi pengeluarannya bergeser ke hal yg lebih bersifat experience-based Ini salah satu pembeda generasi Boomer dan X sama Millenial (terutama late) sama gen Z","1850164366928408767","","","in","","0","1","2","https://x.com/ardi_tama1/status/1850164366928408767","382641814","ardi_tama1"
"1849808152411492403","Fri Oct 25 13:40:05 +0000 2024","0","[VIDEO] Gen Z &amp; Finansial: Cerdas Atur Keuangan https://t.co/XjcfigGyp9 #youtube","1849808152411492403","","","in","","0","0","0","https://x.com/VIVAcoid/status/1849808152411492403","41730943","VIVAcoid"
"1849711915251208644","Fri Oct 25 07:17:41 +0000 2024","0","Transaksi judi online tembus angka 100 triliun?! Ini bukan sekadar angka tapi dampak besar buat masyarakat. Dari kerugian finansial sampai keluarga yang terpecah judi online makin meresahkan! Kalau terus dibiarkan siapa yang menanggung akibatnya? #judol #zgenvoiceid https://t.co/wV9mU6pVS2","1849711915251208644","https://pbs.twimg.com/ext_tw_video_thumb/1849711758363250688/pu/img/8h3Bw9iD66zWqbmU.jpg","","in","","0","0","0","https://x.com/ZGenVoice_ID/status/1849711915251208644","1824330692467302400","ZGenVoice_ID"
"1849643022465572949","Fri Oct 25 02:43:55 +0000 2024","0","*Fenomena Doom Spending: Bukti Rendahnya Literasi Finansial Gen Z dan Solusinya* https://t.co/ljLoyCE50f","1849643022465572949","","","in","","0","0","0","https://x.com/nanang_4h/status/1849643022465572949","186076171","nanang_4h"
"1849370905279148472","Thu Oct 24 08:42:38 +0000 2024","0","Fenomena Doom Spending: Bukti Rendahnya Literasi Finansial Gen Z dan Solusinya https://t.co/C9xRwHIOYi","1849370905279148472","","","in","Indonesia","0","0","0","https://x.com/kompasiana/status/1849370905279148472","23786106","kompasiana"
"1848588732049584283","Tue Oct 22 04:54:33 +0000 2024","0","Temuan Riset IDN: 66 Persen Millenial dan Gen Z Sulit Finansial https://t.co/2cQQ0fsgMH","1848588732049584283","","","in","","0","0","1","https://x.com/Fortune_IDN/status/1848588732049584283","1380017096390676483","Fortune_IDN"
"1847857466404720694","Mon Oct 21 02:09:37 +0000 2024","0","@myungkimsz Gen z gara² ciptaker ga ada jaminan karir dan finansial saking status mereka expendable banget. Yang bikin ciptaker padahal kakek-bapak-abangnya. Jadi pengusaha aja di ekonomi gini lu bisa dapet funder sustainable aja syukur dongok","1848184839247446275","","myungkimsz","in","deep space nine","0","0","0","https://x.com/parkerplak/status/1848184839247446275","1758399739245326336","parkerplak"
"1847988353221996880","Sun Oct 20 16:46:19 +0000 2024","21","@NateryNeil63400 @JukiHoki biasanya keluar dari mulut milenial sandwich generation finansial kepepet ngasih makan anak istri susah blom punya rumah masih ngontrak gara2 iri sama gen z keluarga cemara orangtuanya mencukupi","1848043079414243644","","NateryNeil63400","in","","0","0","0","https://x.com/mrisulyani/status/1848043079414243644","1630922644383211520","mrisulyani"
"1847928284887364004","Sun Oct 20 09:10:10 +0000 2024","0","Alasan yang Bikin Gen Z Terlilit Utang: Gen Z juga dikenal sebagai generasi yang memiliki kekuatan finansial yang cukup signifikan. Namun cenderung menunjukkan sikap yang boros dan konsumtif. JAKARTA Generasi Z (Gen Z) merupakan generasi https://t.co/rzUarWc0Rr #TrenAsia https://t.co/y1YFSPWzIe","1847928284887364004","https://pbs.twimg.com/media/GaUo-5uasAA3-xc.jpg","","in","Jakarta","0","0","0","https://x.com/trenasiadotcom/status/1847928284887364004","1675698038625673219","trenasiadotcom"
"1847431605108805784","Sat Oct 19 10:36:02 +0000 2024","0","@BaseBDG Ngga bertanggung jawab secara finansial itu skill yg wajib dimiliki gen z","1847587505828397130","","BaseBDG","in","","0","0","0","https://x.com/gonzdisokin/status/1847587505828397130","194863892","gonzdisokin"
"1847503520804515983","Sat Oct 19 05:02:18 +0000 2024","0","Sabtu (19/10) Kepala BPS Provinsi DIY Herum Fajarwati menjadi pembicara dalam Studium Generale bertajuk Gen Z: Cerdas Data Cerdas Finansial yang diselenggarakan di Universitas Islam Indonesia. https://t.co/PoeC0dO5zG","1847503520804515983","https://pbs.twimg.com/media/GaOmpxpbIAAcmXF.jpg","","in","","0","1","0","https://x.com/bpsprovdiy/status/1847503520804515983","1818211529143324672","bpsprovdiy"
"1847263176355619143","Fri Oct 18 13:07:16 +0000 2024","1","7 Kesalahan Finansial yang Harus Dihindari Gen Z untuk Masa Depan Lebih Stabil https://t.co/r3wnqs32nZ https://t.co/VH2iHVBif5","1847263176355619143","https://pbs.twimg.com/media/GaLMEbyXsAA_ftt.jpg","","in","Jakarta","0","0","1","https://x.com/disiniajadotco/status/1847263176355619143","1727593504753565696","disiniajadotco"
"1847193399570694339","Fri Oct 18 08:30:00 +0000 2024","0","Gen Z dan milenial harus mempersiapkan diri agar kelak menjadi generasi cerdas pengetahuan memiliki moral yang baik dan mapan finansial. #GenZ #TipsFinansial #MedcomId #MudaMemberiArti https://t.co/Z6SUHK67WF","1847193399570694339","","","in","Jakarta Capital Region, Indone","0","0","0","https://x.com/medcom_id/status/1847193399570694339","902837643024539651","medcom_id"
"1846438480374608332","Wed Oct 16 22:54:00 +0000 2024","0","@tanyakanrl Ini cewenya tipe2 anak bungsu atau anak gen z yg biasa ceplas ceplos chatnya deh kayanya Udah batal aja daripada ribut masalah finansial mulu tar hehhe","1846686055812223484","","tanyakanrl","in","Bogor","0","1","0","https://x.com/Puutrahayu/status/1846686055812223484","81034778","Puutrahayu"
"1846685676055810295","Wed Oct 16 22:52:29 +0000 2024","0"," Mau Jadi Gen Z yang Finansial Savvy? Pendapatan Tambahan Tanpa Ribet! Pikirkan ini: Suatu hari kamu nggak bisa kerja seperti biasa. Sakit kecelakaan atau mungkin butuh break panjang. Trus gimana? Stop Scroll! Ini penting buat kamu: https://t.co/aulv7daE7N","1846685676055810295","https://pbs.twimg.com/media/GaC-1eZb0AAThrN.jpg","","in","Jakarta Barat, DKI Jakarta","0","1","0","https://x.com/yohanesind/status/1846685676055810295","105151541","yohanesind"
"1846496131079172284","Wed Oct 16 10:19:39 +0000 2024","0","Survei Jakpat 2023: 36% Gen Z lebih pilih sewa dibanding beli rumah. Alasan terbesarnya? Belum siap secara finansial ditambah harga rumah yang terus naik.","1846496220308799975","","blubybcadigital","in","","0","1","0","https://x.com/blubybcadigital/status/1846496220308799975","1295566743893504003","blubybcadigital"
"1846462227685298191","Wed Oct 16 08:04:35 +0000 2024","0","Mengapa Gen Z dan Milenial Lebih Mengutamakan Work Life Balance Dibandingkan Finansial? https://t.co/UwbPBaATtA https://t.co/7G4KuWUbC7","1846462227685298191","https://pbs.twimg.com/media/GZ_znI5b0AEgpO3.jpg","","in","Jakarta","0","0","0","https://x.com/Bisnismudaid/status/1846462227685298191","461987580","Bisnismudaid"
"1846458866432987318","Wed Oct 16 07:51:13 +0000 2024","0","Gen Z dan Milenial Lebih Mengutamakan Work-Life Balance daripada Finansial Apa Alasannya? https://t.co/N2d6UBTYGE https://t.co/WNSerCFzCi","1846458866432987318","https://pbs.twimg.com/media/GZ_wjdSb0AIu39P.jpg","","in","Jakarta","0","0","0","https://x.com/Bisnismudaid/status/1846458866432987318","461987580","Bisnismudaid"
"1846151521060507687","Tue Oct 15 11:29:57 +0000 2024","0","Gen Z lagi Gen Z lagi... Dah deh baca threads ini aja biar ga ketularan PeiLeter #invlinic #paylater #genz #finansial https://t.co/pF1ZEAOWJG","1846151521060507687","https://pbs.twimg.com/media/GZ7YnmsawAA4y7y.jpg","","in","","0","1","0","https://x.com/invlinic/status/1846151521060507687","1775428358874255360","invlinic"
"1845644418713530372","Mon Oct 14 05:49:18 +0000 2024","0","@ikkobalejusto Yuk simak finansial gen z","1845703405643436396","","ikkobalejusto","in","","0","0","0","https://x.com/khasmuyk/status/1845703405643436396","535139695","khasmuyk"
"1845676083167047941","Mon Oct 14 04:00:45 +0000 2024","0","Merujuk Survei Keamanan Finansial Internasional CNBC yang dilakukan Survey Monkey kepada 4.342 orang dewasa di seluruh dunia hanya 36 5% orang dewasa yang merasa bahwa mereka lebih baik secara finansial dibanding orang tua mereka.","1845676091639554054","","GenzFinancial_","in","","0","1","0","https://x.com/GenzFinancial_/status/1845676091639554054","1820435183822352384","GenzFinancial_"
"1845355159993582067","Sun Oct 13 06:45:31 +0000 2024","1","Yg kedua Gen Z sangat menghargai kemandirian dan kebebasan finansial istilah kerennya financial freedom . Hahaha...","1845355166205345836","","babinyeleneh","in","Indonesia","0","1","0","https://x.com/babinyeleneh/status/1845355166205345836","1845339979633094656","babinyeleneh"
"1845344117863354770","Sun Oct 13 06:01:37 +0000 2024","0","Mengenal Tren Finansial Gen Z: Loud Budgeting Soft Saving dan Doom Spending di Tengah Tantangan Ekonomi https://t.co/WF4vhjpktH","1845344117863354770","","","in","","0","0","0","https://x.com/OnlineJamb87336/status/1845344117863354770","1701853261597495296","OnlineJamb87336"
"1844573645001158778","Fri Oct 11 03:00:02 +0000 2024","0","Gen Z saatnya jadi generasi cerdas finansial! Pintar mengatur keuangan sejak dini itu kunci untuk meraih masa depan yang lebih cerah. https://t.co/cGxvyjkOOy","1844573645001158778","https://pbs.twimg.com/media/GZRaYt4acAAh7do.jpg","","in","Jakarta","0","0","0","https://x.com/rupiahcepat_id/status/1844573645001158778","1234405222467768321","rupiahcepat_id"
"1844215082214949127","Thu Oct 10 23:16:47 +0000 2024","0","@tanyakanrl Gen Z ini memang pada kebelet nikah. Mending kuat mostly mereka udah janda lagi sebelum 25 tahun. Bagus sebenernya mereka menikah muda tapi jika persiapan nya matang dari segala aspek terutama mental dan finansial.","1844517462714483063","","tanyakanrl","in","Everywhere","0","0","0","https://x.com/zidniadnan/status/1844517462714483063","772642152455086080","zidniadnan"
"1844444034493972995","Thu Oct 10 18:25:00 +0000 2024","0","Menjawab Tren YOLO ala Gen Z Solusi Syariah untuk Finansial Seimbang #YOLO #GenZ https://t.co/BTNtjay8n7","1844444034493972995","","","in","","0","0","0","https://x.com/ikhbarcom/status/1844444034493972995","1643986407336341514","ikhbarcom"
"1844410370020213197","Thu Oct 10 16:11:14 +0000 2024","0","Gen z pengeluaran tersier lainnya selain ngopi ya bayar sikolog tai bgt ya mau waras aja memeras finansial gimana mau beli rumah https://t.co/05bfbwcBD3","1844410370020213197","https://pbs.twimg.com/media/GZipclcaAAAvlVn.jpg","","in","","0","1","0","https://x.com/cumikedua/status/1844410370020213197","1636259777528430594","cumikedua"
"1844328418445537568","Thu Oct 10 10:45:35 +0000 2024","0","gimana bisa beli rumah kalo gen z harus nanggung beban finansial karena gen atasnya nikah tanpa persiapan finansial belum lagi gaji kecil pajak gede belum lagi harga tanah dan bangunan makin mahal wkwk dahlah gen z masih idup aja udah syukur","1844328418445537568","","","in","🍀🫙💎🌹","0","0","0","https://x.com/eajbrian/status/1844328418445537568","1111785033314926592","eajbrian"
"1843909576930017749","Wed Oct 09 07:01:15 +0000 2024","0","Tiada hari tanpa istilah baru untuk kaum Gen Z dan Milenial. Sekarang ada istilah baru lagi namanya Doom Spending . Yuk coba kita pelajari soal Doom Spending lewat thrads ini! #invlinic #doomspending #keuangan #finansial #genz #milenial #edukasi https://t.co/a0Se0NXDvZ","1843909576930017749","https://pbs.twimg.com/media/GZbger6asAElA_v.jpg","","in","","0","1","0","https://x.com/invlinic/status/1843909576930017749","1775428358874255360","invlinic"
"1843578481097285781","Tue Oct 08 09:05:36 +0000 2024","0","Eh 22 Juta Gen Z Ga Punya Tabungan??? Yuk coba baca penjelasan lengkapnya soal ini! Baca juga di threads ini soal gimana kita sebagai Gen Z mengatasinya! #invlinic #finansial #keuangan #genz #tabungan #edukasi https://t.co/WUT0P7txON","1843578481097285781","https://pbs.twimg.com/media/GZWz9bUbkAA1iw3.jpg","","in","","0","1","0","https://x.com/invlinic/status/1843578481097285781","1775428358874255360","invlinic"
"1842829492160700594","Sun Oct 06 07:29:23 +0000 2024","0","Gini nih kalau Gen Z baru jadi karyawan kalau disuruh ngegas mulu Walaupun gitu kerjaan beres dan cara atur keuangan juga ok karena sudah melek literasi finansial. #SepentingItu buat kamu yang sudah mulai kerja untuk menabung investasi dan punya asuransi. https://t.co/ioshSAGBIl","1842829492160700594","https://pbs.twimg.com/ext_tw_video_thumb/1842829444626706433/pu/img/QPZwYVqcS23IcKxR.jpg","","in","Indonesia","0","0","0","https://x.com/Chubb_ID/status/1842829492160700594","1373839752","Chubb_ID"
"1841871197564502198","Thu Oct 03 16:01:28 +0000 2024","1","Menjawab Tren YOLO ala Gen Z Solusi Syariah untuk Finansial Seimbang #YOLO #GenZ #Syariah https://t.co/BTNtjay8n7","1841871197564502198","","","in","","0","0","0","https://x.com/ikhbarcom/status/1841871197564502198","1643986407336341514","ikhbarcom"
"1841821421481427169","Thu Oct 03 12:43:40 +0000 2024","0","Allahul musta'an...Ini musibah. Gen Z kita sdh dirusak sejak dini dgn judol. Keluarganya pasti terbebani baik scr mental maupun finansial. Judol saya yakin bandarnya banyak di negeri ini. Min.300 T omset setahun! 10% APBN kita tuh! Klo duit segitu keluar negeri goyang eco indo.","1841821421481427169","","","in","","0","0","0","https://x.com/humblebee2021/status/1841821421481427169","104104279","humblebee2021"
"1841753965043826956","Thu Oct 03 08:15:38 +0000 2024","28","Assalamu alaikum Sahabat Syariah! Meski Gen Z merupakan generasi yang melek digital sebagian dari Gen Z masih menghadapi tantangan besar dalam literasi keuangan dan belum sepenuhnya paham cara mengelola keuangan dengan bijak. Jangan biarkan keputusan finansial dipengaruhi oleh https://t.co/WIVPIZCOfZ","1841753965043826956","https://pbs.twimg.com/media/GY85dkUbAAIQa76.jpg","","in","Jakarta, Indonesia","0","2","7","https://x.com/bankbsi_id/status/1841753965043826956","141500996","bankbsi_id"
"1841674541090930742","Thu Oct 03 03:00:01 +0000 2024","0","Apakah financial freedom itu mitos atau kenyataan? Setiap generasi punya tantangan dan perspektif berbeda. Apa kamu setuju bahwa Gen Z lebih dekat dengan kebebasan finansial dibanding Generasi Sandwich? Yuk share pendapatmu! https://t.co/AQIAjCTKBC","1841674541090930742","https://pbs.twimg.com/media/GYsRY9gbMAAjjdW.jpg","","in","","0","0","0","https://x.com/assmore_id/status/1841674541090930742","1487724568072835072","assmore_id"
"1840720998334972370","Mon Sep 30 11:50:59 +0000 2024","0","Ya beginilah nasib Gen Z sekarang ini... Biar nasib ga merana terus-terusan stay tune di @invlinic ya! Bakal ada yang baru lho dari Invlinic #invlinic #memekucing #keuangan #finansial #genz #milenial #comingsoon https://t.co/SgbXHKCzeC","1840720998334972370","https://pbs.twimg.com/ext_tw_video_thumb/1840720179489341440/pu/img/amrC8h_4SEyYm9Fw.jpg","","in","","0","0","0","https://x.com/invlinic/status/1840720998334972370","1775428358874255360","invlinic"
"1839744460827308168","Fri Sep 27 19:10:34 +0000 2024","0","FESTIVAL LITERASI KEUANGAN : Kesehatan Finansial Gen Z Rendah https://t.co/qKlJ6anZrj","1839744460827308168","","","in","Jakarta, Indonesia","0","0","0","https://x.com/Bisniscom/status/1839744460827308168","118646322","Bisniscom"
"1839573077509959707","Fri Sep 27 07:49:33 +0000 2024","0","OJK Ingatkan Gen Z Soal 3 Fenomena yang Bisa Membuat Rugi Finansial https://t.co/kwB56GLI54 #TempoBisnis","1839573077509959707","","","in","Indonesia","0","0","0","https://x.com/tempodotco/status/1839573077509959707","18129942","tempodotco"
"1839565110932648019","Fri Sep 27 07:17:54 +0000 2024","0","Rumah tapak jadi favorit Gen Z buat rumah impiannya? Kenapa ga apartemen aja ya yang bisa lebih murah? Yuk baca fakta-fakta soal itu di threads ini! #invlinic #genz #rumah #keuangan #finansial #edukasi https://t.co/V2dMNGZnvX","1839565110932648019","https://pbs.twimg.com/media/GYdvzWDbQAAvjKz.jpg","","in","","0","1","0","https://x.com/invlinic/status/1839565110932648019","1775428358874255360","invlinic"
"1839526938081374578","Fri Sep 27 04:46:15 +0000 2024","0","Terutama pada Gen Z yang terkenal selektif banget. Mereka cari produk finansial yang aman dan pastinya ga ribet. Pas banget sama asuransi syariah! Industri asuransi syariah juga makin ngegas nih biar semakin deket sama Gen Z semua serba digital! Dari medsos aplikasi sampai","1839526947996774508","","mes_indonesia","in","Jakarta Selatan","0","1","0","https://x.com/mes_indonesia/status/1839526947996774508","281398853","mes_indonesia"
"1839526938081374578","Fri Sep 27 04:46:14 +0000 2024","0","Di era digital yang serba cepat asuransi syariah muncul sebagai solusi finansial berbasis Islam yang makin dilirik. Tapi gimana sih pandangan Gen Z soal ini? Yuk simak thread ini!","1839526940857995570","","mes_indonesia","in","Jakarta Selatan","0","1","0","https://x.com/mes_indonesia/status/1839526940857995570","281398853","mes_indonesia"
"1839278790066987374","Thu Sep 26 12:20:10 +0000 2024","0","Penggunaan layanan kredit online yang tidak bijak bisa menyebabkan permasalahan finansial bagi milenial dan gen Z https://t.co/vZusaLWTQL","1839278790066987374","","","in","","0","0","0","https://x.com/kumparan/status/1839278790066987374","759692754985242625","kumparan"
"1838891177203863946","Wed Sep 25 10:39:56 +0000 2024","0","Jadi gen z era sekarang susah juga ya harus survive parah baik finansial maupun persaingan sehat antara manusia dan teknologi","1838891177203863946","","","in","Indonesia","0","0","0","https://x.com/Hartandii/status/1838891177203863946","1432351960666017794","Hartandii"
"1838129901674901742","Tue Sep 24 08:52:58 +0000 2024","0","@kegblgnunfaedh karena menurutku gen z sekarang lebih sadar finansial butuh biaya banyak buat nikah bahkan after nikahnya gaya hidup modern juga karier dan pengembangan diri lebih diutamakan tingginya angka perceraian aturan yang kaku dalam pernikahan","1838501871058821182","","kegblgnunfaedh","in","","0","0","0","https://x.com/haurajasminee/status/1838501871058821182","1313453612043968512","haurajasminee"
"1838355809518129401","Mon Sep 23 23:12:34 +0000 2024","0","Gig Economy Pilihan Fleksibel Gen Z atau Risiko Finansial di Masa Depan? https://t.co/7l1s5UCRbs","1838355809518129401","","","in","Indonesia","0","0","0","https://x.com/kompasiana/status/1838355809518129401","23786106","kompasiana"
"1838175226770919472","Mon Sep 23 11:15:00 +0000 2024","0","Gen Z menunjukkan cara baru dan menarik dalam mengelola finansial mereka di era digital saat ini. #GenZ #Finansial #MedcomId #MudaMemberiArti https://t.co/dPYlxm949E","1838175226770919472","","","in","Jakarta Capital Region, Indone","0","0","0","https://x.com/medcom_id/status/1838175226770919472","902837643024539651","medcom_id"
"1837087459538260277","Fri Sep 20 11:12:36 +0000 2024","0","Sobat Muda kesehatan finansial gen z dan milenial di perkotaan terancam. Apa ya penyebabnya? Simak utas @KompasData berikut ini⬇️","1837087459538260277","","","in","ÜT: 62.478419,21.330711","0","0","0","https://x.com/kompasmuda/status/1837087459538260277","79237556","kompasmuda"
"1837066279980782075","Fri Sep 20 09:48:39 +0000 2024","0","Hasil survei menunjukkan kelompok Gen Z awal dan Milenial akhir itu mengalokasi anggaran finansial terbesarnya untuk gaya hidup. Hasil itu mencerminkan bahwa Gen Z &amp; Milenial di perkotaan semakin banyak yang mengedepankan pemenuhan gaya hidup seturut dengan lingkungan pergaulan. https://t.co/C2OdmcxWC1","1837066334015996162","https://pbs.twimg.com/media/GX6SF7caUAEWQfS.jpg","KompasData","in","Palmerah, Jakarta","0","1","0","https://x.com/KompasData/status/1837066334015996162","771030588","KompasData"
"1836787224505090325","Thu Sep 19 15:19:34 +0000 2024","0","Rahasia Keuangan Gen Z yang Dapat Anda Tiru untuk Sukses Finansial https://t.co/Wb34FC8mzw","1836787224505090325","","","in","Manado, Sulawesi Utara","0","0","0","https://x.com/potretmanadoid/status/1836787224505090325","1380552259474362371","potretmanadoid"
"1836614960740470981","Thu Sep 19 03:55:03 +0000 2024","0","Gen Z yang menerapkan soft saving cenderung tidak memiliki target tabungan karena mereka memerhatikan kemampuan finansial dan tidak terburu-buru. https://t.co/0wk0dGSTf5","1836614960740470981","","","in","","0","0","0","https://x.com/kumparan/status/1836614960740470981","759692754985242625","kumparan"
"1833396084380750108","Tue Sep 10 06:44:24 +0000 2024","0"," SUARA SOSMA Haloo Sobat EA BEASISWA SCHOLARFLIP 2024 TELAH DIBUKA Beasiswa ScholarFlip merupakan program beasiswa yang diluncurkan oleh FLIP untuk memberikan dukungan finansial serta mendorong Gen Z untuk merangkul gaya hidup hemat dan bijak dalam mengelola keuangan. https://t.co/T2dxYQwXEs","1833396084380750108","https://pbs.twimg.com/media/GXGH_dObEAQi01I.jpg","","in","JAKARTA - INDONESIA","0","1","0","https://x.com/BEMPRODIEAFEUNJ/status/1833396084380750108","291220515","BEMPRODIEAFEUNJ"
"1833319290352898178","Tue Sep 10 01:39:14 +0000 2024","0","Ancaman Serius Masa Depan Finansial Gen Z &amp; Milenial https://t.co/5hJngtavJM https://t.co/F1A3ebT3Ll","1833319290352898178","https://pbs.twimg.com/media/GXFCLfFbkAAEXp1.jpg","","in","Indonesia","0","0","0","https://x.com/bisnisindo_id/status/1833319290352898178","1330791552583548932","bisnisindo_id"
"1833178329358512444","Mon Sep 09 16:19:07 +0000 2024","1","Gen Z dan milenial di Indonesia telah menjadi sorotan dlm beberapa tahun terakhir terkait dg perilaku finansial yg cenderung mengarah pada kecenderungan berutang dan bermain judi online. #JudolPerusak Fufufafa Susu Guru Gembul Puput Novel Hujan NPWP Gibran JENNIE IS COMING Senin https://t.co/sIVyfDpBsw","1833178329358512444","https://pbs.twimg.com/media/GXDB-bkbQAAXaFt.jpg","","in","Indonesia","0","1","1","https://x.com/Ayssach/status/1833178329358512444","1682776396136083457","Ayssach"
"1833128075426684933","Mon Sep 09 13:01:55 +0000 2024","0","Mulai memikirkan asuransi sejak muda adalah investasi cerdas untuk perlindungan jangka panjang. Gen Z yang sadar finansial akan lebih siap menghadapi masa depan! Penasaran asuransi mana yang cocok untukmu? Yuk konsultasi dengan saya melalui DM! ","1833128701929890250","","RamizInsadvisor","in","","0","0","0","https://x.com/RamizInsadvisor/status/1833128701929890250","1827598904550211584","RamizInsadvisor"
"1833128075426684933","Mon Sep 09 13:00:13 +0000 2024","0","Saat kamu masih muda mungkin merasa asuransi belum penting. Tapi seiring waktu perlindungan finansial menjadi kunci untuk masa depan yang lebih aman. Nah berikut tips memilih asuransi yang sesuai untuk Gen Z!","1833128274027040941","","RamizInsadvisor","in","","0","1","0","https://x.com/RamizInsadvisor/status/1833128274027040941","1827598904550211584","RamizInsadvisor"
"1832531861740122564","Sat Sep 07 21:30:17 +0000 2024","17","Mengelola keuangan dengan menabung efektif sangat penting bagi Gen Z yang baru memulai perjalanan finansial mereka. Berikut adalah beberapa langkah dan tips yang dapat membantu:","1832531864260944067","","aryaramadani_","in","𝕏","0","1","0","https://x.com/aryaramadani_/status/1832531864260944067","391342032","aryaramadani_"
"1831290310502277255","Wed Sep 04 11:16:48 +0000 2024","55","Bukan cuma sulit cari kerja Gen Z juga bakalan jadi generasi yang susah kaya kalo gamau ngubah kebiasaan ini!! Pesan ini buat kalian para Gen Z yang mau berubah untuk sehat finansial dan mulai investasi. https://t.co/SI6j4cBjlj","1831290310502277255","https://pbs.twimg.com/ext_tw_video_thumb/1831285786454704128/pu/img/bABwfqY5AtVAJsNJ.jpg","","in","","2","5","6","https://x.com/GabRey99/status/1831290310502277255","1737320507052302336","GabRey99"
"1831285054984826893","Wed Sep 04 10:55:55 +0000 2024","0","Finansial ku belum freedom namun perasaan seperti bajing-bajing ini sungguh valid jadi ketika impulsif sudah terjadi itu berarti aku hanya sedang berjuang untuk tidak menyerah dan enggan mencari telinga2 palsu. Anjay problem guweh gen Z banget","1831285054984826893","","","in","","0","0","0","https://x.com/rakyatbekicot26/status/1831285054984826893","1119838465061875713","rakyatbekicot26"
"1829395641426133195","Fri Aug 30 05:48:04 +0000 2024","0","8 Kebiasaan Finansial yang Bisa Menjerumuskan Milenial dan Gen Z https://t.co/76GnQGod47","1829395641426133195","","","in","Manado, Sulawesi Utara","0","0","0","https://x.com/potretmanadoid/status/1829395641426133195","1380552259474362371","potretmanadoid"
"1829058841042137355","Thu Aug 29 07:29:44 +0000 2024","0","Gen Z dan Milenial Lebih Mengutamakan Work-Life Balance daripada Finansial Apa Alasannya? - Bisnis Muda https://t.co/l7MKmgnnft #bisnismuda","1829058841042137355","","","in","","0","0","0","https://x.com/ina_tanaya/status/1829058841042137355","1497115666960162821","ina_tanaya"
"1828465108873576884","Tue Aug 27 16:10:27 +0000 2024","3","Milenial dan Gen Z kesusahan membayar kontrakan apalagi membeli rumah. Sistem finansial sekarang telah rusak dan korup. Pelajari #Bitcoin!","1828465108873576884","","","in","","0","1","0","https://x.com/rdmcryptoguy/status/1828465108873576884","1650356482242908160","rdmcryptoguy"
"1828445386391912480","Tue Aug 27 14:52:05 +0000 2024","0","Gen Z Galau Soal Finansial Pilih Beli Rumah vs Menikah? https://t.co/2iJVtz39tE https://t.co/h3yaJDSxCi","1828445386391912480","https://pbs.twimg.com/media/GV_xY2obwAA5c3T.jpg","","in","Jakarta","0","0","0","https://x.com/Bisnismudaid/status/1828445386391912480","461987580","Bisnismudaid"
"1827567765835936179","Sun Aug 25 04:44:44 +0000 2024","0","8 Kebiasaan Finansial yang Merusak Generasi Milenial dan Gen Z https://t.co/6quwcp2Q5B","1827567765835936179","","","in","","0","1","0","https://x.com/PHB00_/status/1827567765835936179","1819020475085049856","PHB00_"
"1827565257444974985","Sun Aug 25 04:34:49 +0000 2024","0","Teknologi yang semakin maju dan pesatnya perkembangan internet Gen Z telah menikmati berbagai kemudahan dalam hal fasilitas akses dan kestabilan finansial keluarga.","1827565271034556436","","PHB00_","in","","0","1","0","https://x.com/PHB00_/status/1827565271034556436","1819020475085049856","PHB00_"
"1827549023890501945","Sun Aug 25 03:30:16 +0000 2024","0","entuk kenalan gen z mau bengi jam 9 jam 3 curhat babagan finansial yaene wis nembung duit i matane","1827549023890501945","","","in","","0","2","0","https://x.com/andreasomega33/status/1827549023890501945","1272250926556798976","andreasomega33"
"1827190740281389296","Sat Aug 24 04:09:13 +0000 2024","0","#SobatNakertrans Pengalaman Krisis Ekonomi: Mengalami ketidakpastian ekonomi sejak muda membuat Gen Z lebih menghargai stabilitas pekerjaan dan keamanan finansial. Mereka cenderung mencari posisi yang menawarkan gaji kompetitif tunjangan yang baik dan stabilitas jangka panjang.","1827196437513621787","","disnakertransss","in","Makassar, Sulawesi Selatan","0","1","0","https://x.com/disnakertransss/status/1827196437513621787","1698987675901153280","disnakertransss"
"1827190740281389296","Sat Aug 24 04:08:38 +0000 2024","0","#SobatNakertrans Pengalaman Krisis Ekonomi: Mengalami ketidakpastian ekonomi sejak muda membuat Gen Z lebih menghargai stabilitas pekerjaan dan keamanan finansial. Mereka cenderung mencari posisi yang menawarkan gaji kompetitif tunjangan yang baik dan stabilitas jangka panjang.","1827196292814016909","","disnakertransss","in","Makassar, Sulawesi Selatan","0","1","0","https://x.com/disnakertransss/status/1827196292814016909","1698987675901153280","disnakertransss"
"1825754530094657818","Tue Aug 20 04:39:35 +0000 2024","0","Kenapa tidak ada materi finansial di pendidikan ? Faktanya setelah lulus atau wisuda permasalahan finansial selalu ada. Kita realistis saja hidup gak akan jauh dari hal 1. Pajak 2. Asuransi 3. Manajemen keuangan 4. Hutan 5. Investasi Dsb. Gen Z harusnya dilatih berpikir kritis","1825754530094657818","","","in","Kudus, Indonesia","0","0","1","https://x.com/MicinVel/status/1825754530094657818","1682472490365509632","MicinVel"
"1824681015505510809","Sat Aug 17 06:35:06 +0000 2024","0","@GrabID Merdeka gen Z ku Kamu lebih dari Z kamu bebas jadi huruf F Fleksibel orangnya Finansial freedom cita citanya Fyp tujuanya Fokus pada Kesehatan Mental pada intinya #GenerasiMerZeka","1824696435818061840","","GrabID","in","Hiden folder","0","0","0","https://x.com/kang_clock/status/1824696435818061840","195868452","kang_clock"
"1824274998200312304","Fri Aug 16 02:40:27 +0000 2024","0","Gaes !!! 7 Tips Menuju Finansial Freedom Ala Gen Z yang Harus Kamu Coba - https://t.co/hZtQ7Vg9G8 https://t.co/AUFcwwD7tv","1824274998200312304","https://pbs.twimg.com/media/GVEgcVwbcAAW75Y.jpg","","in","malang","0","0","0","https://x.com/SuaraGON9/status/1824274998200312304","1742378657732243456","SuaraGON9"
"1823999522206629997","Thu Aug 15 08:25:49 +0000 2024","0","Hai Gen Z! Pernah ngerasa mimpi kamu kayak jauh banget karena kendala finansial? Mau tau solusinya?? Tonton video reels Instagram aq ⬇️ #tipsuang #bisnisonline #inspirasi #suksesmuda #financialfreedom #tipskonten #bisnisdigital #produkdigital #genz https://t.co/ICqiCIMQIP","1823999522206629997","","","in","","0","0","0","https://x.com/skfaceless/status/1823999522206629997","1823537894533029889","skfaceless"
"1823329494029181184","Tue Aug 13 12:03:21 +0000 2024","0","Makanya udah bagus aja padahal mulai dr anak gen z udah sadar kalo mending childfree drpd diri sendiri jadi orang tua yang ga tanggung jawab yg ternyata belum siap dari finansial dan ilmu parentingnya. Gue yakin yg mikir childfree juga pasti paling nggak ada niat buat punya anak","1823329494029181184","","","in","she/her","0","1","0","https://x.com/rosearuni/status/1823329494029181184","724276022888243200","rosearuni"
"1822503838953386163","Sun Aug 11 05:33:15 +0000 2024","0","Selain kurikulum yg akomodasi karakteristik gen Z memperkuat kemitraan dgn perusahaan dan industri juga sangat penting. Langkah ini akan memperkuat pengakomodasian karakteristik gen Z yakni pragmatis dan mengutamakan keamanan finansial yg diartikan dgn bisa cepat bekerja.","1822506543776194943","","Setaramendidik","in","","0","1","1","https://x.com/Setaramendidik/status/1822506543776194943","1753100004615708672","Setaramendidik"
"1822503838953386163","Sun Aug 11 05:27:26 +0000 2024","0","Walaupun cenderung pragmatis dinamis utamakan keamanan finansial &amp; fokus pd pengembangan keterampilan yg relevan gen Z jg mencari makna &amp; dampak dlm pekerjaan. Studi menjelaskan aspek fleksibiltas keberlanjutan &amp; ketersedian fasilitas canggih jd preferensi dlm berkehidupan.","1822505081801195698","","Setaramendidik","in","","0","1","1","https://x.com/Setaramendidik/status/1822505081801195698","1753100004615708672","Setaramendidik"
"1821996042491142254","Fri Aug 09 19:44:42 +0000 2024","2"," Gen z lemah Anda udah pernah belum ga lanjut di sekolah yang udah bener' nyaman banget karena mikir finansial keluarga? Atau ga ambil sekolah/univ impian gegara biaya? Hadeuh.. GWS pendidikan Indonesia","1821996042491142254","","","in","","0","0","0","https://x.com/remajajompoo_/status/1821996042491142254","1352283700185214977","remajajompoo_"
"1821474529664962971","Thu Aug 08 09:12:25 +0000 2024","0","Kenaikan Harga Hunian Kebutuhan tempat tinggal juga membengkak. Hunian layak jadi tantangan terbesar untuk Gen Z yang baru masuk angkatan kerja. Padahal kepemilikan properti penting untuk kestabilan finansial.","1821474536107491650","","waa_schoters","in","","0","1","0","https://x.com/waa_schoters/status/1821474536107491650","1796074690416607232","waa_schoters"
"1821027324487463131","Wed Aug 07 03:35:21 +0000 2024","0","Kenalin Genfi teman setia Gen Z dalam urusan finansial! Di sini kita bakal ngobrolin soal keuangan bisnis dan semua keresahan yang sering bikin galau. Bukan cuma edukasi tapi juga ada event dan acara seru lainnya yang sayang banget buat dilewatkan! #GenZFinancial https://t.co/wCfOy3mDwy","1821027324487463131","https://pbs.twimg.com/media/GUWWp-RXcAA4Boa.jpg","","in","","0","0","0","https://x.com/GenzFinancial_/status/1821027324487463131","1820435183822352384","GenzFinancial_"
"1820645933786558949","Tue Aug 06 02:19:52 +0000 2024","0","Dihimpit tanggungan biayai orang tua saudara sebelum mikirin diri sendiri. Kebanyakan Gen Z yang baru kerja atau bangun karier belum punya kesehatan finansial yang baik. Mereka sering terjebak utang demi memenuhi kebutuhannya dan keluarga salah satunya lewat pinjaman online","1820645940077928826","","jurno_id","in","ikutan giveaway 👉","0","1","0","https://x.com/jurno_id/status/1820645940077928826","1278195993796698112","jurno_id"
"1820470647740616885","Mon Aug 05 14:43:19 +0000 2024","0","Ngomongin value of money ala anak gen z bareng Mindoo! #GenerasiZ #ConvertPulsa #ValueOfMoney #Money #Keuangan #Finansial #PulsaJadiUang #ZonaUang #ZonaJajan https://t.co/OOWLIlWhrK","1820470647740616885","https://pbs.twimg.com/media/GUOcZO5a8AAHbV5.jpg","","in","","0","0","0","https://x.com/dooeit/status/1820470647740616885","855955295134076928","dooeit"
"1820452195864617009","Mon Aug 05 13:30:00 +0000 2024","5","Generasi Z lekat dengan stereotipe tech savvy kreatif dan melek finansial. Mereka kerap dicap pemalas manja dan rapuh. Faktanya saat mencari kerja Gen Z dihambat oleh faktor struktural. Penasaran? Baca selengkapnya pada artikel berikut! &gt;&gt; https://t.co/qqyvX1bK6m https://t.co/MOgtHmeHRt","1820452195864617009","https://pbs.twimg.com/media/GUNRQ1cXIAAjI8L.jpg","","in","","0","0","6","https://x.com/detikcom/status/1820452195864617009","69183155","detikcom"
"1820059565846855920","Sun Aug 04 11:30:25 +0000 2024","0","Banyak masyarakat yang mengeluh karena ekonomi yang sulit seperti bahan-bahan pokok yang mahal uang tidak mencukupi sedangkan kebutuhan banyak. Dan untuk para gen z yang saat ini akan masuk ke dunia kerja merasa tidak siap secara finansial akibatnya banyak pengangguran","1820059715101192360","","x_devika","in","Probolinggo, Jawa Timur ","0","1","0","https://x.com/x_devika/status/1820059715101192360","1601354564531523584","x_devika"
"1818679306341543988","Wed Jul 31 17:08:06 +0000 2024","0","@worksfess Nope generasi alpha ortunya udah banyak yang melek pendidikan finansial dll. Bonus demografi kebanyakan ini di Gen Z","1818695141504565727","","worksfess","in","","0","0","0","https://x.com/wkwkwkgpp/status/1818695141504565727","1775464598952677376","wkwkwkgpp"
"1817833909826342964","Mon Jul 29 08:05:52 +0000 2024","0","Sebagai generasi yang mulai merambah dunia kerja Generasi Z memiliki potensi besar untuk mencapai kebebasan finansial loh. Tetapi kenyataannya banyak Gen Z yang mengalami kesulitan untuk menabung yang dipengaruhi oleh kecenderungan boros serta gaya hidup konsumtif. https://t.co/R7lRPR3dUD","1817833909826342964","https://pbs.twimg.com/media/GTo-SoFa0AAkv9Z.jpg","","in","Jakarta","0","1","0","https://x.com/mum_id/status/1817833909826342964","1596072822765297664","mum_id"
"1817579301115773114","Sun Jul 28 15:14:09 +0000 2024","1","5 Alasan Ini Bikin Gen Z Ogah Menikah Salah Satunya Fokus pada Finansial https://t.co/83CIJi79mk","1817579301115773114","","","in","Indonesia","0","0","0","https://x.com/merdekadotcom/status/1817579301115773114","456426648","merdekadotcom"
"1817361345001787674","Sun Jul 28 01:02:56 +0000 2024","181","Harapannya mrka bisa bangun komunitas yg sebarkan pengalaman mrka ke Female Gen Z lainnya. Kalau saja makin banyak Female Gen Z yg ikuti jejak mrka maka dampaknya luar biasa bagi ekonomi. Juga bagi keluarga mrka. Kemakmuran finansial akan tercipta.","1817365085331079235","","Strategi_Bisnis","in","","0","2","6","https://x.com/Strategi_Bisnis/status/1817365085331079235","190535830","Strategi_Bisnis"
"1816794809224286656","Sat Jul 27 02:20:15 +0000 2024","4","@superidol_osu @FelixSGL1 Itupun 7-8 kalo kata @FelixSGL1 stagnan ya dan sebenernya gue setuju juga sama beliau. Kalo sekarang banyak opsi kayak dulu gue jadi pelamar gen Z juga mungkin nolak 7-8. Cuma mau gimana lagi kemampuan finansial kita ya mampunya segitu.","1817022156607562135","","und_cuckoosnest","in","Hindia Subianto","0","1","0","https://x.com/und_cuckoosnest/status/1817022156607562135","1760906635768410112","und_cuckoosnest"
"1815024568379285707","Sun Jul 21 15:04:50 +0000 2024","4","@reltanahkusir Ideal tapi menurutku gen z gak bakal bisa begitu. Ingat finansial","1815040241696444619","","reltanahkusir","in","Indonesia","0","2","0","https://x.com/mesheviksus2/status/1815040241696444619","1503606175631175680","mesheviksus2"
"1814469963018883401","Sat Jul 20 01:18:45 +0000 2024","17","Generasi yang melahirkan mereka sudah mempersiapkan pondasi finansial keluarga yang lebih kokoh. Jadi Gen Z can afford not to work. At least they can choose. It's for their mental health too. https://t.co/8GI2RCvySg","1814469963018883401","https://pbs.twimg.com/media/GS5K0Ora4AAdhua.jpg","","in","Pekanbaru, Indonesia","0","2","5","https://x.com/MrOngDedy/status/1814469963018883401","3168152976","MrOngDedy"
"1814462180831703076","Sat Jul 20 00:47:51 +0000 2024","0","- cicilan selesai di 2021 tapi denda simpen bpkb dibank sampe 8juta baru ditebus 2024 Banyak banget pelajarannya nanti ketika secara finansial gue mampu untuk ambil mobil better ambil lcgc yang minim maintance &amp; sparepart murah","1814462188356284617","","loverthurz","in","Depok","0","1","0","https://x.com/loverthurz/status/1814462188356284617","1802469188923281408","loverthurz"
"1814279990655250681","Fri Jul 19 12:43:52 +0000 2024","2","Gen Z gak bisa atur uang? Bisa dong! Tapi jangan lupa ada 3 macam investasi yang harus sahabat terapkan agar bisa mencapai kesuksesan finansial #SahabatPegadaian #Pegadaian https://t.co/wjL2wQ0RIl","1814279990655250681","https://pbs.twimg.com/media/GS2d5Iba8AAkmNr.jpg","","in","Worldwide","0","0","0","https://x.com/MindaXtv/status/1814279990655250681","178600446","MindaXtv"
"1812340176347164922","Sun Jul 14 04:15:44 +0000 2024","1","Jakpat Survey Report 2023 terkait Property Perspective from Gen Z menunjukkan kebanyakan atau 36 persen Gen Z belum siap secara finansial untuk membeli rumah. Sehingga mereka lebih memilih sewa alias ngontrak. #bisnisupdate #update #bisnis #infog https://t.co/1oiOOweAb5","1812340176347164922","https://pbs.twimg.com/media/GSa5oFcXsAApkOk.jpg","","in","","0","0","0","https://x.com/kumparan/status/1812340176347164922","759692754985242625","kumparan"
"1812333276855775700","Sun Jul 14 03:48:19 +0000 2024","0","Siapa nih para Gen Z dan Milenial yang mau ikut partisipasi buat bangun negeri? Kalo pengen threads ini pas buat kamu nih! Yuk baca sampe abis #invlinic #genz #milenial #keuangan #finansial #edukasi https://t.co/8B5QqgxPVg","1812333276855775700","https://pbs.twimg.com/media/GSayH-1XsAAEaqq.jpg","","in","","0","1","0","https://x.com/invlinic/status/1812333276855775700","1775428358874255360","invlinic"
"1811066922135605715","Wed Jul 10 15:56:16 +0000 2024","1","agree sm pernyataan kak albertus axel kl menahan lifestyle dgn cara disiplin secara finansial belajar budgeting dan konsisten investasi hrs mulai diterapin buat gen z krn inflasi di indonesia bahkan dunia lg gila-gilanya. kenaikan gaji ga seimbang sm angka inflasi pertahunnya","1811066922135605715","","","in","","0","2","0","https://x.com/kiraayss/status/1811066922135605715","1075709297760395264","kiraayss"
"1810203364132872351","Mon Jul 08 06:44:48 +0000 2024","1","Karena kondisi keuangan kita (apalagi Gen Z) kayaknya sulit ditebak mending kita antisipasi dulu deh sebelum nyesel! Yuk praktekin 3 hal di bawah ini biar menjauh dari kata kemiskinan! #invlinic #genz #milenial #finansial #keuangan #edukasi https://t.co/x5PJGxCKqR","1810203364132872351","https://pbs.twimg.com/media/GR8h4KCbcAEcaiE.jpg","","in","","0","0","0","https://x.com/invlinic/status/1810203364132872351","1775428358874255360","invlinic"
"1809964086630957381","Sun Jul 07 14:54:00 +0000 2024","1","Gen Z Tidak Tertarik Menikah Salah Satu Alasanya Faktor Finansial https://t.co/XNeUI7Jzxb","1809964086630957381","","","in","Jakarta","0","0","0","https://x.com/jawapos/status/1809964086630957381","2392460208","jawapos"
"1808833374708248646","Thu Jul 04 12:00:57 +0000 2024","0","Gen Z yuk mulai langkah menuju kebebasan finansial! #GenZFinansial #KebebasanFinansial #TipsFinansial #InvestasiMuda #MengaturKeuangan #MasaDepanCerah #FinansialMandiri #LangkahFinansial #MulaiSekarang #FinansialSehat https://t.co/iSPehsr7cL","1808833374708248646","","","in","Jakarta Capital Region","0","0","0","https://x.com/IdMulamula75584/status/1808833374708248646","1787417069354696704","IdMulamula75584"
"1808552897426436374","Wed Jul 03 17:26:26 +0000 2024","0","Siap menjadi barisan gen Z yang gabakal nikah kalo finansial belum mampu. ","1808552897426436374","","","in","","0","0","0","https://x.com/Meymldn_/status/1808552897426436374","1725858032003981312","Meymldn_"
"1808415672424358358","Wed Jul 03 08:21:09 +0000 2024","0","Emangnya bener gen Z harus punya tabungan 3 digit pertama di umur 20an? Buat kamu yang masih bias atau bingung soal Umur 20an harus punya tabungan 3 digit pertama mending tonton video ini dulu buat dapetin pencerahan ya! #invlinic #finansial #genz #milenial #edukasi https://t.co/1I8AEo1tXi","1808415672424358358","https://pbs.twimg.com/ext_tw_video_thumb/1808415183305691139/pu/img/unSNT_HUcpGd7P2N.jpg","","in","","0","1","0","https://x.com/invlinic/status/1808415672424358358","1775428358874255360","invlinic"
"1807668736322834849","Mon Jul 01 06:53:06 +0000 2024","1","5 Alasan Gen Z Memilih Menunda Pernikahan Ingin Mandiri Finansial Masuk Daftar https://t.co/0nXkIBpfev #Health","1807668736322834849","","","in","Jakarta","1","0","1","https://x.com/liputan6dotcom/status/1807668736322834849","47596019","liputan6dotcom"
"1807115845468147941","Sun Jun 30 11:57:32 +0000 2024","0","@hujanyangturun_ @vwexcellent jangankan gen z milenial aja takut kalo ga siap secara finansial","1807382962226462796","","hujanyangturun_","in","","0","0","0","https://x.com/tianstarrail/status/1807382962226462796","1684328753839890433","tianstarrail"
"1806592984106123286","Fri Jun 28 07:38:26 +0000 2024","9","Berdasarkan hasil survei Property Perspective from Gen Z 2023 yang dirilis Jakpat sebanyak 30% Gen Z mengaku tidak berencana membeli rumah dengan alasan utama yakni finansial tidak stabil. Masalah finansial lainnya yakni Gen Z merasa tidak mampu membayar KPR. #TirtoDaily https://t.co/ilcpnzyp3B","1806592984106123286","https://pbs.twimg.com/ext_tw_video_thumb/1806592499903053824/pu/img/kkYEatEIeeywuF2h.jpg","","in","Indonesia","1","0","2","https://x.com/TirtoID/status/1806592984106123286","4187275698","TirtoID"
"1794782014002106517","Wed Jun 26 03:52:07 +0000 2024","0","Bukan perkara stabil finansial mental stabil juga sih. Soalnya ku akui kadang aku anger issues ","1805811250653544636","","AnnisaTaurusMei","in","Sidoarjo, Indonesia","0","0","0","https://x.com/AnnisaTaurusMei/status/1805811250653544636","1730964273986461696","AnnisaTaurusMei"
"1804531796257943993","Sat Jun 22 15:08:01 +0000 2024","0","Kuasai 7 Tips Jitu Ini Gen Z Siap Hadapi Tantangan Finansial di Era Digital! https://t.co/8uq0tiy03t","1804531796257943993","","","in","Nusantara","0","0","0","https://x.com/nusahits1/status/1804531796257943993","1645999661633916928","nusahits1"
"1804458437604188599","Sat Jun 22 10:16:31 +0000 2024","0","Kuasai 7 Tips Jitu Ini Gen Z Siap Hadapi Tantangan Finansial di Era Digital! https://t.co/vvj6hl4OEe","1804458437604188599","","","in","Cilacap, Jawa Tengah","0","0","0","https://x.com/cilacapupdate1/status/1804458437604188599","1453124783944572936","cilacapupdate1"
"1803634197367603272","Thu Jun 20 04:21:54 +0000 2024","3","@hrdbacot makin sering dicaci lama2 gen Z jg akhirnya punya resistensi dengan menunjukkan performa kinerja yang meningkat hingga 58% per tahunnya tahun ini saja bahkan gen Z yang sering dinyiyirin itu malah mengalahkan etos kerja para milenial di sektor finansial kreatif agribisnis..","1803644421830836545","","hrdbacot","in","Nowhere","0","1","0","https://x.com/jack_rubyjack/status/1803644421830836545","841501786204590080","jack_rubyjack"
"1803267536617881948","Wed Jun 19 03:24:18 +0000 2024","82","Meski terlalu dini ambil simpulan krn usia gen z msh kisaran 12-27 tahun. Tp melihat ini dlm 5-10 tahun lagi akan bermasalah jk trendnya tdk berubah. Demografi yg turun dgn pemicu besar finansial. Blm lg naiknya angka perzinahan dan aborsi sbg konsekuensi logis enggan k pelaminan https://t.co/HKkqRAumMO","1803267536617881948","https://pbs.twimg.com/ext_tw_video_thumb/1803267349438717952/pu/img/82XUhLYWDS0HFoEG.jpg","","in","","1","3","45","https://x.com/aabelkarimi_com/status/1803267536617881948","1590928046332477440","aabelkarimi_com"
"1802893703276859849","Tue Jun 18 02:38:49 +0000 2024","0","gen z yang awalnya kepikiran gak usah nikah karena ribet permasalahan finansial malah akhir - akhir ini ditambah ribut masalah itu di komun. makin bikin pengen gak nikah wkwkw","1802893703276859849","","","in","



fanboying @TXT_MEMBERS.  gatau, suka insecure mulu, padahal 200 (OK)



","0","1","0","https://x.com/yadngr/status/1802893703276859849","1195382901027700736","yadngr"
"1801966742971072677","Sat Jun 15 13:15:25 +0000 2024","26","Gen Z mari merapat! Kamu ngerasa gaji kamu kurang bukan karena nilainya yang kecil mungkin karena kamu belum melek finansial. Jadi yuk belajar dan terapkan dalam kehidupanmu! https://t.co/IRBXCNHXJf","1801966742971072677","https://pbs.twimg.com/ext_tw_video_thumb/1801966706539286528/pu/img/Gwl1BrK2OnXdHLAw.jpg","","in","Indonesia","0","1","6","https://x.com/PermataBank/status/1801966742971072677","293414812","PermataBank"
"1800252387950821736","Wed Jun 12 12:36:27 +0000 2024","0","@FickaWz @syanitanjani @ngemtot show me dong kebetulan gw gen z bang. finansial stabil gak pernah pinjol apalagi main judi kek abang. sebagai gen z jadi penasaran gaya hidup dan konsumtifnya seburuk apa tuh sampe idup sama otaknya sebuntut itu??? ","1800869775121527162","","FickaWz","in","","0","1","0","https://x.com/br3fxb/status/1800869775121527162","1787831502526672896","br3fxb"
"1799232984249426277","Sat Jun 08 00:12:26 +0000 2024","653","Kata siapa gen Z itu lemah rusak bobrok? Nih aku kasih paham kelebihan gen Z dari gen pendahulunya : 1. Gen Z lebih melek sama teknologi 2. Gen Z lebih aktif di medsos 3. Gen Z cenderung lebih mandiri 4. Gen Z memprioritaskan finansial 5. Gen Z selalu berpikir kritis","1799232984249426277","","","in","","8","135","67","https://x.com/yosefikr/status/1799232984249426277","1433750119946473478","yosefikr"
"1798927358319308890","Fri Jun 07 03:57:59 +0000 2024","5","Kalo Gen X atau boomers sukanya investasi emas Gen Z udah agak laen nih. Jaman udah serba digital jadi lebih melek finansial. Jadi cocoknya Gen Z investasi di mana nih? https://t.co/UJeYhgd2qt","1798927358319308890","https://pbs.twimg.com/media/GPcSvlobkAAbNaK.jpg","","in","Indonesia","0","2","0","https://x.com/PaninBank/status/1798927358319308890","184216141","PaninBank"
"1798683341362999460","Thu Jun 06 11:48:21 +0000 2024","0","Apa aja sih bedanya cara millenial dan Gen Z kalo atur keuangan mereka? #dooeit #aplikasidooeit #aturkeuangan #finansial #keuangan #bijakkeuangan #zonauang #zonajajan https://t.co/ocBOUYv7yh","1798683341362999460","https://pbs.twimg.com/media/GPY09dCaYAA2uyk.jpg","","in","","0","0","0","https://x.com/dooeit/status/1798683341362999460","855955295134076928","dooeit"
"1798565352609300892","Thu Jun 06 03:59:30 +0000 2024","0","Kurangnya pengetahuan tentang pengelolaan keuangan membuat banyak dari mereka rentan terhadap masalah keuangan. #SepentingItu edukasi keuangan yang lebih intensif agar Gen Z bisa merencanakan masa depan finansial dengan lebih baik dan financial freedom bukan cuma jadi angan. https://t.co/17dU30NHb8","1798565352609300892","https://pbs.twimg.com/media/GPXJo8Ja4AAyHRO.jpg","","in","Indonesia","0","0","0","https://x.com/Chubb_ID/status/1798565352609300892","1373839752","Chubb_ID"
"1798104017094287751","Thu Jun 06 03:27:52 +0000 2024","4","@_haye_ Gen z susah susah hidup frugal dihina boomers disuruh fahami finansial ujung ujungnya duit kita juba yang mereka palak","1798557393753964805","","_haye_","in","","0","0","1","https://x.com/Cubitginjal_/status/1798557393753964805","1238960311568220160","Cubitginjal_"
"1798366451189129263","Wed Jun 05 15:36:17 +0000 2024","1","secara finansial dan dapat menjalani hidup dengan lebih tenang. 4. Kreativitas dalam Pengeluaran Frugal living memacu kreativitas dalam pengeluaran. Kamu belajar untuk menemukan cara-cara baru untuk menikmati hidup dan memenuhi kebutuhanmu tanpa harus mengeluarkan banyak uang.","1798378316497551465","","FrugalGenZ","in","Malang","0","1","0","https://x.com/FrugalGenZ/status/1798378316497551465","1786733750619185152","FrugalGenZ"
"1798366451189129263","Wed Jun 05 14:49:11 +0000 2024","1","yang benar-benar memberi nilai dan kebahagiaan dalam hidupmu. 3. Mengurangi Stres Finansial Dengan hidup hemat kamu mengurangi stres finansial dan kekhawatiran tentang masa depan keuanganmu. Dengan memiliki tabungan darurat dan rencana keuangan yang baik kamu merasa lebih aman","1798366463402872997","","FrugalGenZ","in","Malang","0","1","0","https://x.com/FrugalGenZ/status/1798366463402872997","1786733750619185152","FrugalGenZ"
"1798351500475003284","Wed Jun 05 13:49:52 +0000 2024","1","finansial di media sosial. b. Studi dari University of British Columbia menemukan bahwa tekanan sosial dan keinginan untuk diterima mempengaruhi keputusan pembelian hingga 40%.","1798351536495743147","","FrugalGenZ","in","Malang","0","0","0","https://x.com/FrugalGenZ/status/1798351536495743147","1786733750619185152","FrugalGenZ"
"1798345765858967570","Wed Jun 05 13:27:10 +0000 2024","1","yang lebih baik. Dengan mengubah pandangan negatif dan mengatasi stigma seputar gaya hidup hemat kita dapat membangun masyarakat yang lebih berkelanjutan secara finansial dan lebih bahagia secara keseluruhan.","1798345823547466152","","FrugalGenZ","in","Malang","0","0","0","https://x.com/FrugalGenZ/status/1798345823547466152","1786733750619185152","FrugalGenZ"
"1798345765858967570","Wed Jun 05 13:27:09 +0000 2024","1","Dengan menyesuaikan prioritas pengeluaran Anda dapat mencapai impian finansial Anda tanpa harus mengorbankan kesejahteraan Anda. Kesimpulan Frugal living adalah tentang membuat keputusan finansial yang cerdas dan bertanggung jawab untuk mencapai tujuan keuangan dan hidup","1798345817616736575","","FrugalGenZ","in","Malang","0","1","0","https://x.com/FrugalGenZ/status/1798345817616736575","1786733750619185152","FrugalGenZ"
"1798345765858967570","Wed Jun 05 13:26:56 +0000 2024","1","Stigma dan Mispersepsi seputar Frugal Living Frugal living meskipun menawarkan manfaat finansial yang signifikan sering kali masih dipandang negatif oleh sebagian orang. Stigma dan mispersepsi seputar gaya hidup hemat ini bisa menjadi hambatan bagi mereka yang ingin memulai","1798345765858967570","","","in","Malang","0","1","0","https://x.com/FrugalGenZ/status/1798345765858967570","1786733750619185152","FrugalGenZ"
"1798342387246489824","Wed Jun 05 13:13:35 +0000 2024","1","Apakah itu hubungan pengalaman atau kontribusi kepada orang lain? 2. Tetap Fokus pada Tujuan Finansial: Tentukan tujuan keuangan jangka pendek dan jangka panjang yang akan membantu kamu mencapai kemandirian finansial dan kebahagiaan sejati.","1798342405932146889","","FrugalGenZ","in","Malang","0","1","0","https://x.com/FrugalGenZ/status/1798342405932146889","1786733750619185152","FrugalGenZ"
"1798342387246489824","Wed Jun 05 13:13:32 +0000 2024","1","Namun mempraktikkan gaya hidup frugal dan anti konsumerisme dapat membawa kebahagiaan dan kebebasan finansial. Namun bagaimana cara menavigasi tekanan sosial yang terus mendorong kamu untuk mengkonsumsi?","1798342390803304457","","FrugalGenZ","in","Malang","0","1","0","https://x.com/FrugalGenZ/status/1798342390803304457","1786733750619185152","FrugalGenZ"
"1796702462067536212","Wed Jun 05 03:46:48 +0000 2024","0","@ElangJatinangor @worksfess Sy gen Y dimana teknologi informasi masih agak baru dan tidak selengkap sekarang. Jadi klw gen z harusnya lebih luas wawasan karna informasi sdah menjadi makanan sehari-hari mereka Klw berpikir ikut org dan income begitu sja bagaimana bisa mendirikan fondasi finansial fredoom","1798199768432497069","","ElangJatinangor","in","","0","0","0","https://x.com/sudirmanto_iman/status/1798199768432497069","758140333989388288","sudirmanto_iman"
"1798180801806495785","Wed Jun 05 02:31:26 +0000 2024","0","Penasihat Keuangan Beberkan Lima Kesalahan Finansial Gen Z https://t.co/lhNXl6Rdh4 #GenerasiZ #keuangan","1798180801806495785","","","in","Indonesia","0","0","0","https://x.com/kabarbursacom/status/1798180801806495785","1688678639477706758","kabarbursacom"
"1797520011575402611","Wed Jun 05 01:13:05 +0000 2024","0","@tanyakanrl Investasi itu keputusan masing-masing. Munafik banget niatnya bantu beli rumah tapi dipaksa. Sedangkan untuk kebutuhan hidup mungkin banget gaji itu udah pas-pasan. Kenapa ngga umr dinaikan terus gen Z diberikan pendidikan finansial? Karena emang cuma mau makan duit Haram ajg.","1798161085549412687","","tanyakanrl","in","","0","0","0","https://x.com/putrizkykairu/status/1798161085549412687","950694227171672064","putrizkykairu"
"1797520011575402611","Mon Jun 03 21:46:06 +0000 2024","0","@tanyakanrl gen z lagi fokus cari uang dulu pak biar punya finansial stabil + pendidikan yang tinggi","1797746605988438180","","tanyakanrl","in","DKI Jakarta, Indonesia","0","0","0","https://x.com/peachym0ry/status/1797746605988438180","1255681408950915072","peachym0ry"
"1796033001824117122","Thu May 30 04:20:27 +0000 2024","0","@chocolatyaa Dan bs dibikin opsional jd sekalian lengkapin CV buat mahasiswa. Bisa diambil bs engga. Ini saya pikir bagus buat gen z yg kesulitan finansial + minim skill . Jd mereka kaya kerja dw buat kemensos","1796033911216103860","","chocolatyaa","in","Remote, Bali","0","1","0","https://x.com/yogatanaya/status/1796033911216103860","1464899627778383878","yogatanaya"
"1795873137248317808","Wed May 29 17:41:36 +0000 2024","0","Dipikir2 Gen Z &amp; Alpha enak ya. Lahir dr Millenial yg belajar dr kesalahan ortunya Boomer &amp; Gen X. Millenial berusaha sehat fisik dan finansial di masa tua; biar ga nyusahin anak. Tapi apa iya jika tanpa beban ortu lantas Z dan Alpha bisa fokus urus diri sendiri? Ternyata..","1795873137248317808","","","in","","0","0","0","https://x.com/ninanenen/status/1795873137248317808","48618537","ninanenen"
"1795688820287119384","Wed May 29 05:29:11 +0000 2024","1","Faktor finansial pada Gen Z pada pemilihan Tumblr demi menunjang kecukupan Hidrasi Tu udh dibuatin judul","1795688820287119384","","","in","AD//F","0","0","0","https://x.com/90zO_/status/1795688820287119384","1273803472555524096","90zO_"
"1795394936793379161","Tue May 28 11:19:53 +0000 2024","0","@oikawajkt48 it s unnecessary ngejual cuteness wasteful and not sustainable. Harganya mahal mending beli yang murah encentino 50k daripada botol overprice penghancur finansial gen z","1795414687859015792","","oikawajkt48","in","Yogyakarta, Indonesia","0","1","0","https://x.com/boyvulations/status/1795414687859015792","1277156523102232576","boyvulations"
"1793617383204290649","Mon May 27 09:39:35 +0000 2024","0","@pemudatangguh_ betulll bangga jadi gen z yang disiplin finansial sii.","1795027060005417001","","pemudatangguh_","in","","0","0","0","https://x.com/yllwglwss/status/1795027060005417001","1601584457714057216","yllwglwss"
"1794338543210504229","Sat May 25 12:03:40 +0000 2024","0","Begini Trik Jitu Cerdas Finansial untuk Milenial dan Gen Z https://t.co/TkLcVkC4WL","1794338543210504229","","","in","Jakarta Capital Region","0","0","0","https://x.com/FenniBungsu/status/1794338543210504229","124664418","FenniBungsu"
"1792875653035143506","Thu May 23 05:06:57 +0000 2024","0","@SoundOfYogi kok malah beda dari keluarga gue yah? boomers yang ngepukpuk dan usahain gen z gen x bangsat-bangsatin tapi lepas tangan millenials jadi pawang mental dan finansial.","1793508897720086581","","SoundOfYogi","in","","0","0","0","https://x.com/ternakwedus/status/1793508897720086581","1587687554114998272","ternakwedus"
"1793031341144997931","Tue May 21 21:30:42 +0000 2024","0","@sausjana Bagi gen Z jelas impossible punya rumah karena mindset mereka sangat buruk dalam mengelola finansial ","1793031691465851036","","aeccendioo","in","Nusa Barong","0","1","0","https://x.com/sultohn/status/1793031691465851036","852617601570164736","sultohn"
"1792438393475076153","Tue May 21 05:18:10 +0000 2024","0","@el_sulfat Gen Z gk bisa menerima pressure Coba ada berapa banyak gen z yg jadi sandwich generation ? Yg gen bomers nya merasa 'investasi' pada anaknya dan malah jd beban finansial buat ortunya ? Gen Z bisa bertahan di jaman yg edan ini aja udah hebat banget","1792786945225142722","","el_sulfat","in","","0","0","0","https://x.com/p00ttee_poott33/status/1792786945225142722","1371244368","p00ttee_poott33"
"1791815435681493396","Sat May 18 12:57:44 +0000 2024","51","Bener gak sih kamu yang Gen Z cenderung boros dan akhirnya susah buat nabung? Yuk mulai atur keuangan kalian wahai kaum Gen Z biar masa depan lebih terjamin! #invlinic #finansial #financialfreedom #genz https://t.co/5MJQXiY8TR","1791815435681493396","https://pbs.twimg.com/media/GN3OoRbbEAMI-mI.jpg","","in","","1","0","5","https://x.com/invlinic/status/1791815435681493396","1775428358874255360","invlinic"
"1790865780323831873","Thu May 16 00:26:13 +0000 2024","59","@elisa_jkt lagi dan lagi Gen Z disalahkan atas bobroknya struktural. saya Gen Z umur 23 sekolah? tidak saya baru sj lulus. kerja? tidak saya aktif melamar namun blm rezeki. pelatihan? tidak saya kekurangan finansial apabila berbayar. Jadi saya hanya memanfaatkan yg gratis apakah salah?","1790901534160736333","","elisa_jkt","in","","0","6","5","https://x.com/grgsmunchkin/status/1790901534160736333","1039042862787129350","grgsmunchkin"
"1788886701869564366","Fri May 10 13:44:57 +0000 2024","1","@lps_idic Saya setuju min Menyadari perlunya asuransi kesehatan bagi generasi milenial &amp; gen Z adalah langkah penting untuk memastikan keamanan finansial &amp; kesehatan mereka di masa depan yg tidak terduga sehingga dapat membantu mereka fokus untuk menjaga kesehatan &amp; kesejahteraan diri.","1788928213647069541","","lps_idic","in","","0","0","0","https://x.com/Bbylaa62/status/1788928213647069541","1484547742282428417","Bbylaa62"
"1788868121010524386","Fri May 10 09:46:10 +0000 2024","0","Asuransi memberikan ketenangan pikiran melindungi dari risiko medis kecelakaan hingga masa depan keuangan. Dengan memulai asuransi sejak dini Gen Z bisa memanfaatkan premi yang lebih terjangkau dan membangun perlindungan jangka panjang.","1788868123871043969","","Komunitas_LFI","in","","0","0","0","https://x.com/Komunitas_LFI/status/1788868123871043969","1770682648161406976","Komunitas_LFI"
"1788868121010524386","Fri May 10 09:46:10 +0000 2024","1","Alasan Gen Z perlu memiliki asuransi tak bisa diabaikan lagi nih. Meskipun mungkin merasa belum mendesak perlindungan finansial dari risiko tak terduga itu sangat penting. #Komunitas #LiterasiFinansial #KomunitasLiterasiFinansial #PaKeBRI https://t.co/gHhUwi0lEy","1788868121010524386","https://pbs.twimg.com/media/GNNV9pLa0AEqR7O.jpg","","in","","0","1","0","https://x.com/Komunitas_LFI/status/1788868121010524386","1770682648161406976","Komunitas_LFI"
"1786654228406309268","Sat May 04 17:05:40 +0000 2024","0","@nadilawantari_ Kalo nadila jawab gini berarti post tersebut emng bukan buat nadila. Ini lebih ke gen z yg emng bener² low budget yg buat nabung aja berat ngga ada back up an finansial dari manapun yg ke mana² cuman bisa pake transportasi umum","1786804399135916327","","nadilawantari_","in","","0","1","0","https://x.com/thefandykid/status/1786804399135916327","1258880775304343552","thefandykid"
"1786316578440745311","Sat May 04 00:14:50 +0000 2024","0","@ainunnajib Sorry to say tapi gen Z gabisa bertahun tahun karena perusahaannya udh bangkrut di tahun ke 2 kerja atau krisis finansial akut hingga di lay off. Itu salah siapa ya? Kalo kerja di perusahaan besar mungkin aja bisa.","1786550015307214972","","ainunnajib","in","","0","0","0","https://x.com/releasedope/status/1786550015307214972","809654510058512384","releasedope"
"1786328243098005965","Fri May 03 09:33:36 +0000 2024","2","Mapan finansial di usia muda jadi dambaan banyak gen Z betul apa bener ? Sini merapaat agi punya solusi untukmu dengan nabung aman dapat emas anti cemas dari Bank Artha Graha Internasional. Langkah awal yang ga bikin khawatir lagi Kamu dapat nabung mulai Rp 1jutaan setiap https://t.co/a9mbuRLYmI","1786328243098005965","https://pbs.twimg.com/media/GMpQBPzbsAAWlnM.jpg","","in","Jakarta Capital Region","0","0","0","https://x.com/temanagi/status/1786328243098005965","2923732044","temanagi"
"1785897585791881727","Thu May 02 05:02:19 +0000 2024","31","Ini alasan Milenial dan Gen Z perlu punya asuransi kesehatan: -Kesehatan adalah Pondasi Utama Produktivitas -Pencegahan Lebih Baik daripada Pengobatan -Akses ke Perawatan Medis yang Tepat -Perlindungan dari Beban Finansial yang Tidak Terduga","1785897585791881727","","","in","Jakarta, Indonesia","2","15","8","https://x.com/lps_idic/status/1785897585791881727","274895088","lps_idic"
"1785329988985864494","Tue Apr 30 16:39:38 +0000 2024","0","@seIenophile_ Finansial membaik sehat terus emotional management meningkat semoga ldr ga jauh jauh *eh","1785348296149787040","","seIenophile_","in","Sidoarjo, Indonesia","0","0","0","https://x.com/AnnisaTaurusMei/status/1785348296149787040","1730964273986461696","AnnisaTaurusMei"
"1784883129146053073","Mon Apr 29 09:51:14 +0000 2024","3","#TipsnTrick Siapa di sini yang udah siap buat mengadopsi gaya hidup yang lebih hemat dan bertanggung jawab secara finansial? Yap kali ini kita bakal bahas Frugal Living gaya hidup yang lagi hits di kalangan gen z. Simak yuk! https://t.co/6VqtAA9ETY","1784883129146053073","https://pbs.twimg.com/media/GMUsIbBXoAAy7dv.png","","in","Surabaya","0","1","1","https://x.com/Youthssfm/status/1784883129146053073","132774172","Youthssfm"
"1784067135180050572","Sat Apr 27 10:27:52 +0000 2024","0","@tanyakanrl wajar sih kalo anang ngomong atau nanya gt secara pemikiran dia kan kolot ya. padahal di jaman sekarang gen z dan beberapa gen millenial itu udh anggep pernikahan itu udh bukan lagi harus bgt gt karna usia tp lebih nunggu kesiapan finansial dan mental jg. ya suka² dia mau nikah","1784167571887169549","","tanyakanrl","in","","0","0","0","https://x.com/sunseetzz/status/1784167571887169549","1684811070593236997","sunseetzz"
"1783715771602129056","Fri Apr 26 04:32:34 +0000 2024","0","Buat kamu Millennials dan Gen Z yang menemukan akun ini Miniv mau ucapin congrats! Karena kamu punya cukup waktu untuk betulin keuangan kamu ke jalan yang benar. Swipe untuk simak tipsnya! #Keuangan #Finansial #Budgeting #Gaji #SehatFinansial #FinansialCheckUp https://t.co/B1bGmqdBOP","1783715771602129056","https://pbs.twimg.com/media/GMEICkda8AAB1Pu.jpg","","in","","0","0","0","https://x.com/invlinic/status/1783715771602129056","1775428358874255360","invlinic"
"1782721174021218486","Wed Apr 24 01:57:50 +0000 2024","0","@tanyakanrl anak gen z nih agak aneh kerjanya pada ngeluh kuliah kan musyawarah keluarga kalau Lo kuliah atau ortu Lo nyuruh kuliah berarti tandanya sudah siap lahir batin finansial... Kalau ga mampu ga usah kuliah gak ad yg maksa Lo buat kuliah kali ga guna aja tukang ngeluh","1782952057848430764","","tanyakanrl","in","","3","37","1","https://x.com/bimaspputraa/status/1782952057848430764","1494489577880371201","bimaspputraa"
"1782467644962242788","Mon Apr 22 17:52:57 +0000 2024","0","Jadi memang permasalahan millenials atau gen z kaya kita adalah gajauh dari soal percintaan kalo ngga finansial pertemanan atau keluarga (misalnya). Ga sengaja abis baca twit tentang relationship yaitu (gimana cara move on dari crush atau orang yang gabisa kita milikin) +","1782467644962242788","","","in","","0","1","0","https://x.com/kuromidiaryy/status/1782467644962242788","1659068058403737605","kuromidiaryy"
"1780823154371555418","Thu Apr 18 05:45:45 +0000 2024","0","@lutfithe13th Gen Z kebingungan dengan tips finansial njenengan","1780835087392886976","","lutfithe13th","in","","0","1","0","https://x.com/ardi_tama1/status/1780835087392886976","382641814","ardi_tama1"
"1780795807211663788","Thu Apr 18 03:09:40 +0000 2024","0","Siapa nih #TretanPajak yang juga warga Gen Z? Yuk raih kebebasan finansial dengan pengelolaan keuangan yang baik salah satunya dengan meningkatkan literasi keuangan. Simak penjelasannya pada #TipsKeu di bawah ini yaa ️","1780795807211663788","","","in","Sumenep","0","0","0","https://x.com/pajaksumenep/status/1780795807211663788","2753711149","pajaksumenep"
"1780577212514857156","Wed Apr 17 12:41:04 +0000 2024","11","Perkembangan zaman memang tidak terelakkan. Berbagai inovasi di bidang finansial berhasil diciptakan. Ironisnya tingkat literasi keuangan Gen Z tergolong rendah yakni di angka 44 04%. Yuk terus perkaya diri dengan meningkatkan literasi keuangan ","1780577217074082017","","KemenkeuRI","in","Indonesia","0","1","15","https://x.com/KemenkeuRI/status/1780577217074082017","600673907","KemenkeuRI"
"1780528658375225711","Wed Apr 17 09:28:07 +0000 2024","0","Kesalahan finansial yang sering terjadi di Gen Z Pendapatan naik membuat gaya hidup naik","1780528658375225711","","","in","Indonesia","0","0","0","https://x.com/getreach_id/status/1780528658375225711","1695269671803793409","getreach_id"
"1778660689038749700","Fri Apr 12 05:45:28 +0000 2024","1","Sebuah survei baru mengungkapkan tren menarik di antara kaum muda Amerika khususnya mereka yang tergolong dalam Gen Z dan milenial yang semakin memilih aset kripto sebagai aset finansial ... https://t.co/dK7i2jQ1A2 #survei #milenial #finansial #aset #kripto #saham","1778660689038749700","","","in","Medan, Indonesia","0","0","0","https://x.com/Vingika/status/1778660689038749700","21374763","Vingika"
"1777358604686987643","Mon Apr 08 15:56:14 +0000 2024","0","@dabelchisburger Alhamdulillah jikalau pertanyaan sensi tsb bisa memberi dampak POSITIF terhadap finansial gen z ","1777364838660083931","","","in","","0","0","0","https://x.com/cumaaiklan/status/1777364838660083931","845216517033619457","cumaaiklan"
"1776594632924655835","Sat Apr 06 12:55:58 +0000 2024","0","4.5 Think Long Term 6 - Mau kenaikan gaji berapa persen? mau di role apa? Penting tau tujuan karir kedepannya seperti apa untuk plan finansial dan di perusahaan apa","1776594700608111067","","arfianamaulinaa","in","Jakarta","0","1","0","https://x.com/arfianamaulinaa/status/1776594700608111067","1093748394042875904","arfianamaulinaa"
"1776453168274243760","Sat Apr 06 03:46:34 +0000 2024","0","Selain mengincar fleksibilitas kerja menurut ZenBusiness Gen Z meyakini bahwa dengan berwirausaha kesempatan mereka untuk jadi orang kaya terwujud lebih cepat (aamiin) Bagi mereka menjadi pekerja korporat belum bisa aman secara finansial karena adanya batasan pendapatan. https://t.co/ejxdFTUGAi","1776456436291375325","https://pbs.twimg.com/media/GKc9siPa4AEbAWD.jpg","TirtoID","in","Indonesia","0","1","1","https://x.com/TirtoID/status/1776456436291375325","4187275698","TirtoID"
"1775828349040079278","Thu Apr 04 11:21:34 +0000 2024","0","@tanyakanrl Padahal guru juga butuh kesejahteraan finansialgen z sekarang (teman2 gua) pada ogah jadi guru","1775846168444219668","","tanyakanrl","in","","0","0","0","https://x.com/nasedangluka/status/1775846168444219668","1448912286987341824","nasedangluka"
"1775515912428474725","Wed Apr 03 13:39:24 +0000 2024","0","@rerepandya Fenomena kek gini kyknya ada kaitannya dgn gaya hidup gen z yg serba wah gasi? Klo yg seumuran kan rata-rata msh merintis. Klo sama yg lebih tua finansial mungkin udh lebih stabil jd lebih menarik. Tapi klo yg udh beristri mbok ya dipikir lagi loh sesama wanita ","1775518464905724238","","galaraez","in","❤️","0","1","0","https://x.com/Lidyamuu/status/1775518464905724238","1547866620491866113","Lidyamuu"
"1773652847017521277","Fri Mar 29 10:06:06 +0000 2024","86","Gw seneng banget ama qrt di twit ini karena uda pada melek finansial terutama gen Z Cuma ada beberapa yg jadi perhatian adalah masih adanya orang yg berpikiran seperti ini: Gaperlu planning yg penting jalanin aja karena semua jalan dari Allah Ya monggo tapi begini https://t.co/UXdBP15pLs","1773652847017521277","https://pbs.twimg.com/media/GJ1H3TTaoAA0miw.jpg","","in","Melbourne, Victoria","0","7","14","https://x.com/eDzulfikar/status/1773652847017521277","79852526","eDzulfikar"
"1772771766688940052","Tue Mar 26 23:45:00 +0000 2024","0","Nah ini baru ngidam. Belum lagi gimana nanti untuk biaya hidup hingga pendidikan si anak kelak. Maklum aja Gen Z ketar-ketir sama kata pernikahan kalau belum siap mental dan finansial... https://t.co/TG7GGlNvbA","1772771766688940052","","","in","DKI Jakarta, Indonesia","0","0","0","https://x.com/voidotid/status/1772771766688940052","1186946650595418116","voidotid"
"1771569021780947208","Sat Mar 23 16:05:43 +0000 2024","0","rakyat indo emang darurat literasi keuangan deh. kasus dana talangan kayak gini kok bisa total uang dikibulinnya sampe 10M jaman millenial ibu2 bpk2 ketipu dukun pengganda uang sekarang gen z masih ketipu skema ponzi padahal literasi finansial gampang didapat saat ini ","1771569021780947208","","","in","석민이 예쁘고 마음도 예뻐☀️","0","0","0","https://x.com/kyeomsgirlfie/status/1771569021780947208","1273118659242799110","kyeomsgirlfie"
"1770236031885086957","Tue Mar 19 23:48:54 +0000 2024","0","Gak heran gen z pada stress Finansial tetep kalah","1770236031885086957","","","in","Northern celestial hemisphere","0","0","0","https://x.com/nihilismdazaii/status/1770236031885086957","1334439500496322560","nihilismdazaii"
"1770202316446327243","Tue Mar 19 21:53:53 +0000 2024","812","@convomfs dan gen z ini di ampit antara jd sandwich gen di klg nya sekaligus gamau anaknya kelak jd sandwich gen. makanya nunda nikah sebelum finansial dirasa oke bgt.. yah boomer gen masalah nya! nikah &amp; beranak pinak disaat segalanya blm matang mental finansial bhkn umur","1770207088901533736","","convomfs","in","","6","4","93","https://x.com/crunchybasee/status/1770207088901533736","1732959497629655040","crunchybasee"
"1770045606322717146","Tue Mar 19 11:12:13 +0000 2024","25","Gimana ya cara mengambil keputusan bijak agar keuangan tetap aman? Bijak dalam mengelola finansial sehari-hari merupakan skill yang nggak semua orang miliki. Tapi buat kamu para Gen Z ada cara jitu yang bisa bantu kamu memperbaiki hidup lewat pengelolaan finansial di tengah https://t.co/SNuZuggSpq","1770045606322717146","https://pbs.twimg.com/media/GJB3F6EagAALmp1.jpg","","in","Jakarta Capital Region, Indone","0","1","3","https://x.com/smbc_indonesia/status/1770045606322717146","2424890203","smbc_indonesia"
"1766998916783096270","Mon Mar 11 01:25:45 +0000 2024","1","Generasi Z di Amerika marah dg bantuan Amerika ke Israel. Ini Role Model Gen Z dunia Gen Z nya lbh merdeka finansial Freedom &amp; lbh maslahat--&amp; tanpa melihat latar belakang agama ras apa pun--lebih pada nilai2 Kemanusiaan Keadilan &amp; Etika Global. *Nova's Act for Global Ethics https://t.co/i8TsBQGwCa","1766998916783096270","https://pbs.twimg.com/ext_tw_video_thumb/1766998730883076096/pu/img/5UiTQ-HT41yt50wf.jpg","","in","Email : ibswpusat@gmail.com","0","2","1","https://x.com/ibswNova/status/1766998916783096270","1201488523","ibswNova"
"1766524142495690835","Sat Mar 09 17:59:11 +0000 2024","0","persiapan. siap finansial ilmu dan hal2 yang diperlukan lainnya. kemudahan buat dapetin informasi adalah salah satu privilege gen z artinya kita diberi kesempatan untuk membuat perencanaan masa depan yang matang. kita ga bisa milih terlahir dari ortu yang kayak gini atau mau-","1766524146622800109","","imdeoneandonly","in","pluto","0","1","0","https://x.com/imdeoneandonly/status/1766524146622800109","1254022740421431298","imdeoneandonly"
"1765225756547051895","Wed Mar 06 03:59:51 +0000 2024","0","Baru kemaren debat sama dirut gue dia nanya ‍ target nikah umur brp? Kamu umur segini blm nikah ketuaan nanti gabisa main sama anak ‍ Pak nikah bkn dipatok pakai umur saya butuh kesiapan secara finansial &amp; mental ‍ skrng gen z begitu ya prinsipnya apa ga kelamaan ","1765225756547051895","","","in","127 ","0","1","0","https://x.com/icydk13/status/1765225756547051895","1720429214632181761","icydk13"
"1764831262940827746","Tue Mar 05 18:08:44 +0000 2024","0","@Strategi_Bisnis kebanyakan di isi oleh kaum gen z yg biasanya dengan alasan : 1. childfree 2. homo dan lesbi 3. syarat menikah yg sangat ruwet dan bejibun 4. semakin melek dengan hal menikah harus benar-benar siap secara mental fisik dan finansial 5. semakin banyak trust issue diantaranya","1765076996697326039","","Strategi_Bisnis","in","hell in heaven","0","0","0","https://x.com/underboulevard/status/1765076996697326039","1530909717190840320","underboulevard"
"1763156742450593859","Thu Feb 29 10:58:19 +0000 2024","0","Siapa sih yang dulu memulai kerja tuh harus jadi kaya!? Beban banget woi ke generasi millenial &amp; gen Z kek harus punya ini itu di usia sekian. Padahal kerja yang sebenernya tuh konsepnya bisa menjadi mandiri secara finansial dan tercukupi kebutuhannya ","1763156742450593859","","","in","🇲🇨","0","0","0","https://x.com/YolandTreskha/status/1763156742450593859","1329993508111826945","YolandTreskha"
"1762628681342574674","Wed Feb 28 00:00:00 +0000 2024","0","Gen Z siap-siap melesat menuju Financial Freedom dengan 5 rekomendasi buku keren ini! Sudah baca yang mana aja? Kalau belum langsung catat dan siap-siap mengubah hidup finansial Anda! #BukuKeuangan #FinancialFreedom https://t.co/LNNs5yWuEz","1762628681342574674","https://pbs.twimg.com/media/GGb4pnra8AAw2pg.jpg","","in","Jakarta Capital Region","0","0","0","https://x.com/anomalitrans/status/1762628681342574674","752415605827874817","anomalitrans"
"1761708052301131815","Sun Feb 25 11:01:45 +0000 2024","0","Jebakan finansial gen z https://t.co/h9k9aUdQrZ","1761708052301131815","https://pbs.twimg.com/media/GHLYH8AaUAA_tAH.jpg","","in","Sleman, Indonesia","0","0","0","https://x.com/kittenxcrush/status/1761708052301131815","1253196219871973376","kittenxcrush"
"1760274432805978279","Wed Feb 21 12:05:03 +0000 2024","1","Masalah Finansial Gen Z: Tidak Ada Tujuan Keuangan https://t.co/T5zz4xKdTp","1760274432805978279","","","in","","0","0","1","https://x.com/ronavioleta/status/1760274432805978279","485385284","ronavioleta"
"1760103801242202532","Wed Feb 21 00:47:02 +0000 2024","1","7 Tips Sukses Finansial untuk Gen Z dari Generasi Milenial Dengan mengikuti tips-tips tersebut dan membangun kebiasaan keuangan yang baik sejak dini kamu dapat mengelola keuanganmu dengan lebih efektif dan membangun masa depan dengan keuangan yang stabil. #TipsAlaPemkab https://t.co/q7VbjRHah0","1760103801242202532","https://pbs.twimg.com/media/GG0lExHaAAAgx-E.jpg","","in","Tangerang, Banten","0","0","0","https://x.com/PemKabTangerang/status/1760103801242202532","2480614310","PemKabTangerang"
"1758516299142201389","Fri Feb 16 15:38:52 +0000 2024","0","[WORKSHOP GEN Z MELEK FINANSIAL] Bingung gimana caranya nabung? Belum bisa membuat perencanaan keuangan dengan baik? Pengelolaan finansial menjadi salah satu hal krusial bagi anak muda terutama Gen Z yang menghadapi persoalan finansial. https://t.co/MHbzEeRZnw","1758516299142201389","https://pbs.twimg.com/media/GGeBP26acAAgGDc.jpg","","in","","0","1","1","https://x.com/stitchee717/status/1758516299142201389","1029876152607723521","stitchee717"
"1758078037374153171","Thu Feb 15 13:55:21 +0000 2024","0","@AdhikaT @firza_pratama Mayoritas DPT pemilu ini adalah kalangan gen z dan millenial. Yg banyak masih proses pendidikan dan bisa jadi finansial banyak yg belum stabil. Ditambah pendekatannya 02 kena banget ke mereka. So tim konsultan politik 02 emang dah memetakan plus jago pendekatannya","1758127861972754915","","AdhikaT","in","","0","0","0","https://x.com/suatu_waktu/status/1758127861972754915","1346734656071221248","suatu_waktu"
"1758045985253548181","Thu Feb 15 08:45:48 +0000 2024","3","Selain mengincar fleksibilitas kerja menurut ZenBusiness Gen Z meyakini bahwa dengan berwirausaha kesempatan mereka untuk jadi orang kaya terwujud lebih cepat Bagi mereka menjadi pekerja korporat belum bisa aman secara finansial. Sedangkan dengan wirausaha semakin maju https://t.co/4UdXgkweEz","1758049961424650693","https://pbs.twimg.com/tweet_video_thumb/GGXZHcVbAAAUj-H.jpg","TirtoID","in","Indonesia","0","1","1","https://x.com/TirtoID/status/1758049961424650693","4187275698","TirtoID"
"1756299007968911610","Sun Feb 11 02:17:54 +0000 2024","1","@MbahAntong @FaGtng Benar mbah. Tapi jika ini ditanggapi oleh konteksnya Kubu 01- 03 ini kan benar tantangan Presiden seakan ngasih tau. Nih. kubu gw udh Koalisi Gemuk Skrg ada Dpt Dukungan Milenial +Gen Z Dukungan Finansial dari banyak arah include Influencer dan Pengusaha Crypto + Online","1756502790321619084","","MbahAntong","in","Indonesia","0","1","0","https://x.com/EfendiYanto/status/1756502790321619084","433508462","EfendiYanto"
"1756186000358072830","Sat Feb 10 05:19:05 +0000 2024","0","5 Pelajaran Finansial dari Gen Z yang Bisa Kita Tiru Melek Investasi https://t.co/VJmv9Mdtb3","1756186000358072830","","","in","Yogyakarta, Indonesia","0","0","1","https://x.com/IDNTimesJogja/status/1756186000358072830","1318894199270330369","IDNTimesJogja"
"1754836194968650155","Tue Feb 06 11:57:27 +0000 2024","2","Pendapatan dari Ekonomi Sampingan - Jajan Ala Gen Z Manfaatkan ekonomi sampingan! Pakai keahlian sobat akuntan buat dapetin duit ekstra di platform freelancing atau jadi guru privat.Uang dari sini bisa langsung masukin ke soft saving cara asik nambah dana darurat finansial","1754836702492016719","","accounting_uii","in","Yogyakarta","0","1","0","https://x.com/accounting_uii/status/1754836702492016719","1435150034387959811","accounting_uii"
"1754475063431266373","Mon Feb 05 12:00:27 +0000 2024","0","Nah pada topik kali ini kita akan membahas topik yang mungkin sudah familiar nih yaitu Anak Gen Z Sulit Merdeka Finansial . Mau tau seperti apa? Yuk nonton video lanjutannya di Youtube Channel Ayovest! (Link ada di bio yaa )","1754475066849665430","","ayovestid","in","","0","1","0","https://x.com/ayovestid/status/1754475066849665430","1565245115148357632","ayovestid"
"1754426515323023664","Mon Feb 05 08:47:31 +0000 2024","0","Millenial nyari diskonan: Dasar emak-emak. Gen Z nyari diskonan: Literasi finansial ","1754426515323023664","","","in","Bandung, Indonesia","0","0","0","https://x.com/vinanurziani/status/1754426515323023664","948051133397835777","vinanurziani"
"1752934802205135301","Thu Feb 01 06:00:00 +0000 2024","0","Gen Z merupakan generasi yang mendapat berbagai beban. Mereka lahir pada saat tengah berlangsung revolusi digital ancaman akibat perubahan iklim pandemi Covid-19 dan tekanan finansial beberapa kali. #Ekonomi #AdadiKompas","1752934804910420425","","kompasmuda","in","ÜT: 62.478419,21.330711","0","1","0","https://x.com/kompasmuda/status/1752934804910420425","79237556","kompasmuda"
"1752356354805874760","Tue Jan 30 15:41:26 +0000 2024","6","Tadi ada workshop ttg riset gimana finansial dimata gen z &amp; milenials. Dan hasil risetnya 99% relate sama gue :) gen Z sering bgt bilang lebih baik nyesel beli daripada engga seketika gue inget prinsip lebih baik nyesel nonton konser daripada engga auto tersindir","1752356354805874760","","","in","Caratland","0","1","1","https://x.com/xoxosvtfatt/status/1752356354805874760","1290670965332951040","xoxosvtfatt"
"1751692449981055103","Sun Jan 28 19:43:19 +0000 2024","0","5 Kesalahan Finansial yang Sering Dilakukan Gen Z Boncos Terus! https://t.co/jKeOcEX8IL https://t.co/6EqRpLoXMU","1751692449981055103","https://pbs.twimg.com/media/GE9DADBasAAbyw1.jpg","","in","","0","0","0","https://x.com/anies_ulani/status/1751692449981055103","814132434899849216","anies_ulani"
"1750075810504204698","Fri Jan 26 03:30:17 +0000 2024","0","@GabRey99 Pilihan ini kesiapan generasi Z dan milenial dalam mengikuti tren finansial yang inovatif potensi pertumbuhan yang tinggi dan fleksibilitasnya dalam diversifikasi portofolio Crypto juga memberikan akses lebih mudah u/gen Z untuk terlibat dalam investasi tanpa batasan tradisional.","1750722802649551175","","_Wulanm","in","Bandung, Jawa Barat","0","0","0","https://x.com/_Wulanm/status/1750722802649551175","1277961058531938305","_Wulanm"
"1748177412368814351","Fri Jan 19 09:51:19 +0000 2024","0","@Pai_C1 ajg enak bngt raffi yaa dah mah finansial selow...","1748281976485007693","","Pai_C1","in","","0","0","0","https://x.com/Studio_GenZ/status/1748281976485007693","1212475714861035520","Studio_GenZ"
"1747613734795989201","Wed Jan 17 17:57:18 +0000 2024","3","@eDzulfikar Kalau sbg gen z yg langsung mengalami sekolah jaman ini justru menurut saya paling bagus SD Swasta baru SMA Negeri pun seharusnya scr finansial fine sj kalau dana pendidikan itu sudah disiapkan sejak awal menikah atau bahkan sejak sebelum menikah","1747679502015357065","","eDzulfikar","in","kindly bub if you feel disturb","1","0","0","https://x.com/ufuffufff/status/1747679502015357065","1143709946694946817","ufuffufff"
"1744245195905130648","Mon Jan 08 06:30:35 +0000 2024","0","2045 berarti angkatan gen z awal2 udah mateng secara emosional dan finansial embo maneh yo gen z sing temenan gen z","1744245195905130648","","","in","hell","0","1","0","https://x.com/urbanmomentum/status/1744245195905130648","1686858509667926017","urbanmomentum"
"1744008517365940388","Sun Jan 07 14:50:07 +0000 2024","3","#DebatCapres malam ini ga ada yang address pertahanan finansial para Gen Milenial dan Gen Z yang dikit-dikit suka check out barang di olshop karena lucu dan asik padahal ga butuh-butuh amat..","1744008517365940388","","","in","Kota Surabaya, Jawa Timur","0","0","0","https://x.com/BananaBoBoiBoy/status/1744008517365940388","1042611920623169536","BananaBoBoiBoy"
"1743212814997827786","Fri Jan 05 10:08:17 +0000 2024","0","Kenalan dulu kan? Kalo serius nanti ya belum siap secara finansial soalnya this is gen z kerja kayak kuda pun juga rumah gak kebeli.","1743212814997827786","","","in","S-ND","0","0","0","https://x.com/jevacalo/status/1743212814997827786","4813141698","jevacalo"
"1743205744579621293","Fri Jan 05 09:40:11 +0000 2024","0","Jujur ya satu hal yang bikin iri dari gen Z adalah mereka memiliki mimpi yang besar. kalau millenial kayak aku mimpinya paling cuma bisa jalan-jalan ke luar kota dan bisa dapat uang pensiun gen Z mimpinya keliling dunia dan bebas finansial coba.","1743205744579621293","","","in","banjarmasin","0","0","0","https://x.com/ayanapunya/status/1743205744579621293","298309532","ayanapunya"
"1743165586048168212","Fri Jan 05 07:00:36 +0000 2024","0","Gen Z harus baca nih~ Self reward boleh tapi jangan sampai bikin finansial mu nggak stabil ya! Jangan lupa juga untuk siapkan dana darurat kamu pakai Tabungan SiAga KB Bukopin. Cek informasi lengkapnya melalui website https://t.co/NDoi9pyaIb #kbbukopin #bintangfinansial https://t.co/SHjw3MXSYP","1743165586048168212","https://pbs.twimg.com/media/GDD32cbXoAAp-6S.jpg","","in","Jakarta - Indonesia","0","0","0","https://x.com/kbbank_id/status/1743165586048168212","268599801","kbbank_id"
"1742053941385568743","Tue Jan 02 15:05:03 +0000 2024","0","@harlizadea Hahaha mental health . Beberapa karyawan gw anak broken home kalo dari range umur masuk Gen Z. Berasal dari keluarga ekonomi bawah. Keadaan finansial yang berat dan rusaknya keluarga membuat mereka lebih bertanggung jawab dalam hidupnya terutama dalam pekerjaan.","1742200335093883005","","harlizadea","in","","0","1","0","https://x.com/bainstormed/status/1742200335093883005","2960572867","bainstormed"
"1738533107169701989","Sat Dec 23 12:13:29 +0000 2023","1","Menurut laporan https://t.co/yRMWHldf4I sekitar seperempat gen Z (25%) bilang kalau mereka ngerasa kesulitan buat mengatur keuangan karena biaya hidup yang mahal. Bahkan sekitar 3/10 responden ngerasa gak yakin nih kalau mereka bisa pensiun dengan keadaan finansial yg stabil.","1738533280381878319","","myskill_id","in","","0","1","1","https://x.com/myskill_id/status/1738533280381878319","1299606533764837383","myskill_id"
"1738199134979694953","Fri Dec 22 14:05:42 +0000 2023","0","Investasi tidak hanya berdampak pada keuntungan finansial tetapi juga pada pembangunan sosial dan ekonomi. Generasi Gen Z ingin investasi mereka menjadi pendorong perubahan positif dalam masyarakat. PKSSolid AminMenang @syaikhu_ahmad","1738199134979694953","","","in","Margaasih, Indonesia","0","0","0","https://x.com/Untungsuropa/status/1738199134979694953","815831168704614400","Untungsuropa"
"1738198788484051276","Fri Dec 22 14:04:20 +0000 2023","1","Keberhasilan investasi tidak hanya ditentukan oleh faktor internal tetapi juga oleh faktor eksternal seperti kepastian hukum. Generasi Gen Z memahami pentingnya kedua faktor ini dalam meraih kesuksesan finansial. PKSSolid AminMenang @syaikhu_ahmad","1738198788484051276","","","in","Margaasih, Indonesia","0","0","0","https://x.com/Untungsuropa/status/1738198788484051276","815831168704614400","Untungsuropa"
"1738197751345861010","Fri Dec 22 14:00:12 +0000 2023","0","Tanpa kepastian hukum investasi menjadi spekulatif dan berisiko tinggi. Generasi Gen Z ingin membangun masa depan finansial yang stabil dengan memilih investasi yang didukung oleh hukum yang jelas. PKSSolid AminMenang @syaikhu_ahmad","1738197751345861010","","","in","Margaasih, Indonesia","0","0","0","https://x.com/Untungsuropa/status/1738197751345861010","815831168704614400","Untungsuropa"
"1738093753553088832","Fri Dec 22 07:06:57 +0000 2023","4","Sapa milenial dan Gen Z di Teater Jakarta Kamis 21 Desember 2024 Ganjar Pranowo paparkan 3 program utama untuk generasi muda Indonesia di antaranya Kemampuan Diri Melek Digital dan Melek Finansial #GANTARI🇮🇩 #GantariUntukGanjar https://t.co/tRTYMcbulG","1738093753553088832","","","in","Victorious Queen","0","1","3","https://x.com/otnayram_me/status/1738093753553088832","1255462834466697216","otnayram_me"
"1738072015943422436","Fri Dec 22 05:40:35 +0000 2023","0","5 Bentuk Kedisiplinan Finansial yang Wajib Dipatuhi Milenial dan Gen Z https://t.co/fEaht12Hq8","1738072015943422436","","","in","","0","0","1","https://x.com/IDNTimesLife/status/1738072015943422436","1616334886759174144","IDNTimesLife"
"1727652168759755208","Thu Nov 23 11:35:49 +0000 2023","0","Para Gen Z Jadikan Bill Gates sebagai Panutan Finansial Mereka Siapa Sosok Lainnya? https://t.co/qI17QOqtac","1727652168759755208","","","in","","0","0","0","https://x.com/BeautynesiaID/status/1727652168759755208","1671441894902210561","BeautynesiaID"
"1727123378467967240","Wed Nov 22 00:34:36 +0000 2023","0","Berani Nabung atau Hidup YOLO? Strategi Keuangan untuk Gen Z Menghadapi Tantangan Finansial Boti. Ernando Bank Mandiri Israhell Buckingham Palace Subuh asnawi timnas Indonesia https://t.co/1MIqOCdRKn","1727123378467967240","","","in","Surabaya","0","0","0","https://x.com/misbahmz/status/1727123378467967240","1574743423","misbahmz"
"1726921798288376272","Tue Nov 21 11:13:36 +0000 2023","0","Berani Nabung atau Hidup YOLO? Strategi Keuangan untuk Gen Z Menghadapi Tantangan Finansial https://t.co/wjCSAGgFUL","1726921798288376272","","","in","Indonesia","0","0","0","https://x.com/kompasiana/status/1726921798288376272","23786106","kompasiana"
"1726376077658878285","Sun Nov 19 23:05:06 +0000 2023","1","73% Gen Z Ragu Finansial Jangka Panjang Ini Cara Atur Keuangan untuk Self Reward https://t.co/T7sHlNxCz0","1726376077658878285","","","in","Jakarta, Indonesia","0","0","0","https://x.com/Bisniscom/status/1726376077658878285","118646322","Bisniscom"
"1725411510779085002","Fri Nov 17 07:29:02 +0000 2023","0","Kadang di platform ini tiktok diremehin bgt tp di AS pengaruhnya ke gen Z gede bgt woy. Mereka udh ga percaya fact-checking media mainstream. Seruan mangkir berkontribusi finansial ke negara &amp; boikot jg diserukan di tiktok.","1725415733025444298","","TaraArhunny","in","","0","1","0","https://x.com/TaraArhunny/status/1725415733025444298","1659937664643260418","TaraArhunny"
"1725176886970421466","Thu Nov 16 15:39:56 +0000 2023","0","Ua kan emang boomer tuh salah coba dari dulu tuh anak maksimal 2 aja coba dehmungkin gen z saingan cari kerjanya juga dikit. Menurutku dulu boomer mana ada kepikiran kalau mereka tau harganya bakal meroket finansial literacy jaman semono kemungkinan ga sebagus sekarang","1725176886970421466","","","in","","0","0","0","https://x.com/jennieblekping/status/1725176886970421466","1398839592","jennieblekping"
"1725156445216198952","Thu Nov 16 14:20:22 +0000 2023","1","malah menurut gue ya gen z sekarang udah pada melek finansial. udah banyak yg belajar main sekuritas tipis2 pake reksa dana dan lain2. apa2 gen z yg disalahin bilang aja gagal di generasi lu jangan dibawa2 ke gen z ga semua gen z kek gitu stop generalisasi gen z a to z","1725156861995848069","","shadesofbluuees","in","","0","0","0","https://x.com/shadesofbluuees/status/1725156861995848069","1547410958401736704","shadesofbluuees"
"1724955443884392943","Thu Nov 16 01:00:00 +0000 2023","0","Alasan kenapa sih Gen Z harus melek finansial sejak Dini? Kira-kira sobat singa setuju dengan alasan ini ? coba tulis di kolom komentar ya! Di kelola oleh PT. Abadi Sejahtera Finansindo ️ 1500066 ️ cs@singa.id #SingaFintech #KreditDigital #PinjamanOnline https://t.co/igv0AhyQXU","1724955443884392943","https://pbs.twimg.com/media/F-YapqHbUAAb86c.jpg","","in","Indonesia","0","0","0","https://x.com/singa_fintech/status/1724955443884392943","1341661350053888000","singa_fintech"
"1724705826311700965","Wed Nov 15 08:28:07 +0000 2023","1","Halo Sahabat https://t.co/4VOOkFAPN4! Sudah hari Rabu aja nih... Hari ini desk Money akan membahas isu hangat terkait dinamika ekonomi warga +62 sehari-hari. Apa saja sih yang dibahas? 1. Pintar Atur Duit Buat Gen Z Generasi Z (1997-2012) menghadapi tantangan finansial yang https://t.co/zDMusT57JW","1724705826311700965","https://pbs.twimg.com/media/F-9ik7AbUAAPPNE.jpg","","in","Jakarta","0","0","0","https://x.com/kompascom/status/1724705826311700965","23343960","kompascom"
"1724299047463522458","Tue Nov 14 05:31:45 +0000 2023","0"," Ini tentu kita pahami semua bersumber dari Gen X dan Gen Z. kata Direktur Departemen Kebijakan Ekonomi dan Moneter (DKEM) Bank Indonesia Erwindo Kolopaking. lanjutnya. Download #MetroTVXtend di Play Store &amp; App Store. #ekonomi #genx #genz #keuangan #finansial","1724299054677418114","","Metro_TV","in","","0","0","0","https://x.com/Metro_TV/status/1724299054677418114","57261519","Metro_TV"
"1724299047463522458","Tue Nov 14 05:31:43 +0000 2023","2","Gen X dan Gen Z disebut menjadi pertumbuhan ekonomi domestik karena mereka berperan dalam menopang sektor konsumsi rumah tangga. #ekonomi #genx #genz #keuangan #finansial https://t.co/W8GVD2HKJX","1724299047463522458","https://pbs.twimg.com/media/F-3w19YaUAAI74I.jpg","","in","","0","2","0","https://x.com/Metro_TV/status/1724299047463522458","57261519","Metro_TV"
"1721916299079815419","Tue Nov 07 15:43:32 +0000 2023","2","Haii Gen Zpernah gak Terkadang pas tanggal muda sering boncos? Nah itu bisa aja tanda-tanda kalo kita ngelakuin kesalahan finansial secara ga sadar lohh #Quarterid #UpgradeDiri #personalfinance #pinterkeuangan #sektorsaham #SociallyResponsible https://t.co/ROhBfBivTW","1721916299079815419","https://pbs.twimg.com/media/F-V1GyabsAA7Ywu.jpg","","in","Jakarta, Indonesia","0","1","0","https://x.com/id_quarter/status/1721916299079815419","1490994913882050562","id_quarter"
"1721001668387668172","Sun Nov 05 03:19:38 +0000 2023","1","@tanyarlfes Sepupu n temen² yg di HRD udah mulai ngeluh sama etika n etos kerja gen z Lalu menarik kesimpulan bahwa mereka kebanyakan dilahirkan oleh gen X n early millenials yg masih kasih suport finansial bahkan setelah anaknya kerja.. Jd ya mereka ngerasa aku g butuh2 banget kerja ","1721004317224976857","","tanyarlfes","in","malang","0","0","0","https://x.com/prilempril/status/1721004317224976857","133730545","prilempril"
"1720356674379346420","Fri Nov 03 11:03:44 +0000 2023","0","@marchen_mythen @chibicatsaurus Iya kakk banyak gen Y sm Z yg minim literasi finansial itu anggepnya ini uang gratis gitu..","1720396335004971404","","marchen_mythen","in","🏎️GOETHE²🏎️","0","1","0","https://x.com/XaosInsyde/status/1720396335004971404","1220163830505824256","XaosInsyde"
"1716391489184645528","Mon Oct 23 09:50:39 +0000 2023","23","Buat yg diatas 30 - belajar u/ delegasiin aneka tugas be less perfectionist - kesehatan lebih penting - waktu Anda makin dikit kalau belum bebas finansial FIGHT juga. Emang ngga punya stamina sebanyak gen Z tapi punya experience lebih banyak","1716391675659194587","","anggaandinata","in","Indonesia","0","1","1","https://x.com/anggaandinata/status/1716391675659194587","134843989","anggaandinata"
"1715951125277593982","Sun Oct 22 04:40:03 +0000 2023","1","Gen Z kerap kali disebut sebagai generasi you only live once (YOLO) juga fear of missing out (FOMO). Bagaimana dengan Gen Z cerdas finansial? #userstory https://t.co/gJoqexom8y","1715951125277593982","","","in","","0","1","1","https://x.com/kumparan/status/1715951125277593982","759692754985242625","kumparan"
"1715456465107141102","Fri Oct 20 19:54:27 +0000 2023","0","Eh tau gak sih Gen Z tuh punya perjuangan finansial yang beda sama generasi sebelomnya. Ada loh survei dari Bank of America yang bilang 53% Gen Z di Amerika Serikat ngerasa hidup mahal banget jadi penghalang buat sukses finansial.","1715456465107141102","","","in","","0","0","0","https://x.com/checklistfirst/status/1715456465107141102","1498726494373564416","checklistfirst"
"1715403086460846541","Fri Oct 20 16:22:21 +0000 2023","1","Don t normalize bun*h d*ri karena kesehatan mental dll. Bisa kuliah dgn biaya ortu aja udh beruntung dr ribuan orang yg mau kuliah tp terkendala finansial. Apalagi komentar yg fomo kok ga ajak aku sih kali ini aku setuju kalo mental gen z emang lbh sensitif dr gen sebelumnya https://t.co/vySB6IkNDW","1715403086460846541","https://pbs.twimg.com/media/F85WAvPaIAAls-g.jpg","","in","","0","1","1","https://x.com/sukamampedesbgt/status/1715403086460846541","1180726086465810432","sukamampedesbgt"
"1715361720720556138","Fri Oct 20 13:37:58 +0000 2023","0","Eh tau gak sih Gen Z tuh punya perjuangan finansial yang beda sama generasi sebelomnya. Ada loh survei dari Bank of America yang bilang 53% Gen Z di Amerika Serikat ngerasa hidup mahal banget jadi penghalang buat sukses finansial. https://t.co/zUTmQ1WYEh lewat @yubeessite","1715361720720556138","","","in","","1","0","0","https://x.com/checklistfirst/status/1715361720720556138","1498726494373564416","checklistfirst"
"1715277067112312843","Fri Oct 20 08:01:36 +0000 2023","0","1. Kebebasan Finansial yg Stabil Di zaman yg cepat berkembang dgn penuh perubahan &amp; ketidakpastian. Fenomena lay out &amp; AI. Ketakutan Gen Z pada pekerjaan utamanya akan tergantikan. Diperparah biaya Lifestyle yg mahal. Gen Z paham butuhnya pendapatan yang stabil dan pasti.","1715277068869779482","","KelolaPro","in","","0","1","0","https://x.com/KelolaPro/status/1715277068869779482","1714591012209963009","KelolaPro"
"1712780833952846095","Fri Oct 13 10:44:13 +0000 2023","2","Nah dari survey itu bisa dikatakan kalau banyak dari Gen Z yang nyari side job buat dapetin pendapatan yang lebih banyak lagi nih bestie! Itu mengindikasikan para Gen Z dibebani ketidakamanan finansial dan juga optimistis untuk memperbaiki keuangan dengan side job.","1712781279459156026","","myskill_id","in","","0","1","0","https://x.com/myskill_id/status/1712781279459156026","1299606533764837383","myskill_id"
"1710145627047534818","Fri Oct 06 04:32:13 +0000 2023","0","Last part Pokoknya buat kamu yang mau mulai nabung sambil investasi emas Tabungan Emas Pegadaian ini recommended banget. Gue puas banget dengan pelayanannya dan ini emang beneran bantu gue mencapai tujuan finansial gue. So jangan ragu-ragu buruan cobain guys! ","1710150946964337026","","GenZPuhsepuh","in","","0","0","0","https://x.com/GenZPuhsepuh/status/1710150946964337026","1710137363601797120","GenZPuhsepuh"
"1710150566507356196","Fri Oct 06 04:30:42 +0000 2023","0","Gen Z Mulai Banyak yang Beli Rumah Melek Keamanan Finansial? Rumah saat ini tidak hanya sebagai tempat tinggal tapi sebagai aset investasi bagi sebagian orang. https://t.co/3HUEOnasAZ","1710150566507356196","https://pbs.twimg.com/media/F7uswGwboAAjEjC.jpg","","in","Jakarta","0","1","0","https://x.com/Bisnismudaid/status/1710150566507356196","461987580","Bisnismudaid"
"1709874049684533351","Thu Oct 05 10:11:56 +0000 2023","0","kemarin ada yg bilang kalau gen z sekarang bakal kena masalah finansial tapi baru inget kalo ada promo danamon potongan 5 JUTA RUPIAH yg bikin semangat lagi buat urusan finansial. dateng ke Bridestory Market-nya Danamon ah~~","1709874049684533351","","","in","","0","0","0","https://x.com/txtfromicha/status/1709874049684533351","506990008","txtfromicha"
"1709757802032587129","Thu Oct 05 02:48:53 +0000 2023","1","Jadi urusan finansial tetap esensial dalam definisi pekerjaan ideal menurut Gen Z meski bukan perkara utama. Sehingga alih-alih menyalahkan Gen Z yang manja masalah renumerasi ini mungkin perlu mulai diperhatikan. https://t.co/XMURlAttxB","1709762554581692429","https://pbs.twimg.com/tweet_video_thumb/F7pL5hRbwAAkChw.jpg","TirtoID","in","Indonesia","0","1","0","https://x.com/TirtoID/status/1709762554581692429","4187275698","TirtoID"
"1709489911932522808","Wed Oct 04 16:27:25 +0000 2023","1817","@stephvalentina_ pemikiran kolot kalau semua permasalahan finansial gen Z dianggep asalnya dari gengsi kolot banget orang tua","1709606158405947455","","stephvalentina_","in","","6","7","208","https://x.com/unvalidentity/status/1709606158405947455","1539607102192496640","unvalidentity"
"1709444364446163429","Wed Oct 04 05:44:31 +0000 2023","0","Ini Tantangan Finansial Bagi Gen Z : Okezone Economy https://t.co/VtCMM7P7fL","1709444364446163429","","","in","Indonesia","0","0","0","https://x.com/ilhamiasnawi/status/1709444364446163429","305657272","ilhamiasnawi"
"1709140313741431193","Tue Oct 03 09:36:19 +0000 2023","0","Wah kereennn!!! Ini baru gen z layak tiruuu.. Ikutan seneng yhaw.. Jgn lupa abis mobil trs rmh baru investing pendidikan anak for the brighter future...menikah ktika smua udh mapan. Mapan keilmuan mapan finansial &amp; mapan permentalan. Bibit bobot &amp; bebet. Congrats once again! ","1709140313741431193","","","in","Comedy Nation","0","0","0","https://x.com/calvinomd/status/1709140313741431193","1634048791816065024","calvinomd"
"1708665995433586705","Mon Oct 02 02:40:54 +0000 2023","316","@ozarangkuti Gen Z ditanya waktu sekolah dulu uang jajannya berapa? *seru2an mengenang masa lalu Dijawab ; emang dulu keluarga gw kurang mampu tp bukan berarti km harus ikut campur mengenai masalah finansial keluarga ku kalau km mau biayai kuliah adek2 ku baru km boleh nanya gitu ","1708673381615513877","","ozarangkuti","in","","13","26","75","https://x.com/BeckzJr7/status/1708673381615513877","85265333","BeckzJr7"
"1708632893214360035","Mon Oct 02 00:00:01 +0000 2023","0","Inilah tips memperoleh kemerdekaan finansial bagi Generasi Z! Hai Sobat Gen Z milikilah visi yang jelas tentang apa yang ingin Anda capai secara finansial dan bagaimana mencapainya agar masa depan keuangan Anda terjamin. Terapkan bersama yuk #BelajarKeuangan #GenZ #GenerasiZ https://t.co/8VVH9VjIhc","1708632893214360035","https://pbs.twimg.com/media/F7QE_MLacAADZPw.jpg","","in","Jakarta Capital Region","0","0","0","https://x.com/anomalitrans/status/1708632893214360035","752415605827874817","anomalitrans"
"1706875567298191557","Wed Sep 27 03:37:02 +0000 2023","0","Financial Planning atau perencanaan finansial merupakan hal yang penting untuk dapat membangun keuangan yang stabil di masa depan. Bagi kalangan Gen Z finansial planning masih rendah dilakukan karena minimnya literasi hingga gaya hidup yang konsumtif. https://t.co/HL6n7rMn26","1706875567298191557","https://pbs.twimg.com/media/F7AKRx7bQAAPpS6.jpg","","in","Kemayoran Jakarta","0","1","0","https://x.com/askrindo/status/1706875567298191557","266518201","askrindo"
"1704108144333558109","Tue Sep 19 12:20:17 +0000 2023","0","Lewat Web Series 'Ali yang Terheran Herman' Pegadaian Ajak Gen Z Melek Finansial #Pegadaian https://t.co/Uz6nzahbJ0","1704108144333558109","","","in","Indonesia","0","0","0","https://x.com/jpnncom/status/1704108144333558109","79130206","jpnncom"
"1704057266562093278","Tue Sep 19 08:58:06 +0000 2023","0","Gen Z Mulai Banyak yang Beli Rumah Melek Keamanan Finansial? Rumah saat ini tidak hanya sebagai tempat tinggal tapi sebagai aset investasi bagi sebagian orang. https://t.co/r5yVYw7JMO","1704057266562093278","https://pbs.twimg.com/media/F6YG-I_bkAAnSRQ.jpg","","in","Jakarta","0","1","0","https://x.com/Bisnismudaid/status/1704057266562093278","461987580","Bisnismudaid"
"1703442533773357224","Mon Sep 18 01:25:57 +0000 2023","0","@tegalfess Dari mulai boomer sampai gen Z pada akhirnya cari keamanan finansial","1703581089888145578","","tegalfess","in","","0","0","0","https://x.com/lkmnstji/status/1703581089888145578","1148093323","lkmnstji"
"1701191716181786898","Mon Sep 11 11:11:26 +0000 2023","2","Seeds Finance kembali berbagi mengenai kisah dunia finansial dan investasi kali ini bersama Cici Investasi mengangkat topik tentang Alasan Milenial Gen Z Harus Tau Investasi Kripto. Penasaran? bisa menontonnya di channel YouTube Seeds Finance ya https://t.co/TADGNaa1zB","1701191716181786898","","","in","","0","0","2","https://x.com/seeds_finance/status/1701191716181786898","1514241418792865793","seeds_finance"
"1700360685312720946","Sat Sep 09 04:09:13 +0000 2023","0","Gen Z Mulai Banyak yang Beli Rumah Melek Keamanan Finansial? Dianggap sebagai aset investasi karena harganya selalu naik sayangnya Gen Z dianggap masih kesulitan dalam membeli hunian pertama mereka. https://t.co/fUnR9813iB","1700360685312720946","https://pbs.twimg.com/media/F5jk8sPa4AA-ByN.jpg","","in","Jakarta","0","1","0","https://x.com/Bisnismudaid/status/1700360685312720946","461987580","Bisnismudaid"
"1698613613395849384","Mon Sep 04 08:26:58 +0000 2023","0","Gen Z Mulai Banyak yang Beli Rumah Melek Keamanan Finansial? Rumah saat ini tidak hanya sebagai tempat tinggal tapi sebagai aset investasi bagi sebagian orang. https://t.co/mq7BV4YLTY","1698613613395849384","https://pbs.twimg.com/media/F5Kv6yCaIAAEi9L.jpg","","in","Jakarta","0","1","0","https://x.com/Bisnismudaid/status/1698613613395849384","461987580","Bisnismudaid"
"1696888764298150316","Wed Aug 30 14:13:02 +0000 2023","0","lintah darat dikalangan gen z dan milenial harus dihukum. biar ada efek jera.. masyarakat kita memang darurat ilmu finansial dasar. pinjol judol sekarang apaan dah pingin","1696888764298150316","","","in","","0","0","0","https://x.com/BaroqahHusni/status/1696888764298150316","1340725868465799169","BaroqahHusni"
"1696145759077556715","Mon Aug 28 13:00:36 +0000 2023","1","Hindari Jeratan Pinjol Begini Tips Merdeka Finansial untuk Gen Z https://t.co/r9ecWC3tGW","1696145759077556715","","","in","Jakarta, Indonesia","0","0","0","https://x.com/Bisniscom/status/1696145759077556715","118646322","Bisniscom"
"1696063147482943613","Mon Aug 28 07:32:20 +0000 2023","4","Gen Z suka ngutang tapi ngga suka bayar? Gen Z atau generasi Z sering dikaitkan memiliki gaya hidup yang berkaitan erat dengan pinjaman online. Di sisi lain generasi Z tercatat menjadi penyumbang terbesar kredit macet perusahaan teknologi finansial. https://t.co/piapDk3i7o","1696063147482943613","https://pbs.twimg.com/media/F4mfgOSbUAEpBSf.jpg","","in","Jakarta, Indonesia","0","2","1","https://x.com/Bisniscom/status/1696063147482943613","118646322","Bisniscom"
"1693513980709642330","Mon Aug 21 07:32:15 +0000 2023","0","@kaptenAmercia Tujuan slot membantu anak gen z mencapai finansial freedom","1693526413469749628","","kaptenAmercia","in","Malang, Jawa Timur","0","0","0","https://x.com/Wantrmln/status/1693526413469749628","416465063","Wantrmln"
"1693378148812124515","Sun Aug 20 21:43:10 +0000 2023","0","Kita negara yang belum bisa berkembang. Finansial bagaimana? 1 mangkok bakso yang hanya 50 perak telah menjadi 15~30 ribu. Dimana Gen Z masih kesusahan membeli rumah atau membayar Kos generasi kedepan akan lebih kena traumanya karena harga akan terus naik.","1693378165899706456","","Dem4gog","in","DO NOT USE, TRACE, STEAL, SELL","0","1","0","https://x.com/Dem4gog/status/1693378165899706456","1563401303891447808","Dem4gog"
"1690253922286575616","Sat Aug 12 06:48:33 +0000 2023","0","BERITA TERPOPULER LADY BOSS: Tugas dan Peran Beauty Pageant hingga Tips Merdeka Finansial untuk Gen Z https://t.co/09TRPrTUhC","1690253922286575616","","","in","","0","0","0","https://x.com/Cerita_Parapuan/status/1690253922286575616","1349286188402712576","Cerita_Parapuan"
"1689963888664875008","Fri Aug 11 11:36:03 +0000 2023","0","Keuangan Masa Depan Aman Ini 8 Tips Merdeka Finansial untuk Gen Z https://t.co/7VUpYCS6Ao","1689963888664875008","","","in","","0","0","0","https://x.com/Cerita_Parapuan/status/1689963888664875008","1349286188402712576","Cerita_Parapuan"
"1689833919141883904","Fri Aug 11 02:59:36 +0000 2023","1","Kira-Kira Apasih Merdeka Versi Anak Gen-Z? Menuju Indonesia Merdeka di tahun ke 78 Gen Z juga berhak untuk merdeka doong! Setuju gak Sobat NADI? Merdeka versi Gen-Z itu bebas dari finansial bebas dari biaya token listrik bebas dari internet yang lemot apa lagi nih? https://t.co/1IwfHVIY9a","1689833919141883904","https://pbs.twimg.com/media/F3N-9RyaUAAUQMF.jpg","","in","","0","1","0","https://x.com/nadiindoapps/status/1689833919141883904","1291209305614499840","nadiindoapps"
"1684568724022644736","Thu Jul 27 14:17:36 +0000 2023","1","Dengan Solusi Finansial yang Tepat Milenial dan Gen Z Bisa Miliki Rumah Estetik https://t.co/OW3WmvhOp0","1684568724022644736","","","in","Jakarta","0","0","0","https://x.com/liputan6dotcom/status/1684568724022644736","47596019","liputan6dotcom"
"1678649076794155008","Tue Jul 11 06:15:02 +0000 2023","4","Gangguan mental terdeteksi makin meningkat wajar sih. Gen M Z lebih: - melek mental health - tinggi beban hidup finansial Lebih sulit naik kelas ekonomi skrg drpd jaman boomers pdhl kita yg lebih butuh duit karena cost hidup makin tinggi akibat krisis iklim.","1678649076794155008","","","in","ID","0","1","0","https://x.com/runic0dds/status/1678649076794155008","304408377","runic0dds"
"1678615597360328704","Tue Jul 11 04:02:00 +0000 2023","0","Ternyata gen Z di Indonesia itu menganggap orang mencapai sukses ketika mereka stabil secara finansial! Gimana caranya mencapai kestabilan itu? Baca selengkapnya: https://t.co/HOjafH3XVT https://t.co/dzt2n2PSD8","1678615597360328704","https://pbs.twimg.com/media/F0e5kddaIAEsAo_.jpg","","in","ÜT: -6.215425,106.818093","0","0","0","https://x.com/QM_Financial/status/1678615597360328704","85738022","QM_Financial"
"1678603138553769985","Tue Jul 11 03:12:37 +0000 2023","0","MinQu udah ngerangkum tiga cara biar kamu terhindar dari masalah finansial Gen Z! Semoga bermanfaat ya ️ https://t.co/2kFM3Q5ViM","1678603170485014529","https://pbs.twimg.com/media/F0uYr-0aMAAZuJ3.jpg","id_quarter","in","Jakarta, Indonesia","0","0","0","https://x.com/id_quarter/status/1678603170485014529","1490994913882050562","id_quarter"
"1674540998905548802","Thu Jun 29 22:11:00 +0000 2023","1","Tahu nggak sih definisi kesuksesan gen Z dan milenial itu bukan mencapai puncak karier tetapi mencapai stabilitas finansial! Baca selengkapnya di https://t.co/HOjafH3XVT https://t.co/nljPlu4ats","1674540998905548802","https://pbs.twimg.com/media/FzQnJhAaUAETIjN.jpg","","in","ÜT: -6.215425,106.818093","0","0","0","https://x.com/QM_Financial/status/1674540998905548802","85738022","QM_Financial"
"1673660615313768451","Tue Jun 27 11:52:40 +0000 2023","1","Banyak pilihan aplikasi untuk Gen Z mulai dari media sosial hingga aplikasi finansial seperti DANA kamu harus berhati-hati dalam menerima informasi. Kalo di aplikasi DANA kamu bisa menghubungi DIANA ya TemanDANA! Selengkapnya di https://t.co/gRLrz3TLki! #DANADompetDigital https://t.co/ZcXDiNYhNM","1673660615313768451","https://pbs.twimg.com/media/FzoJb5IWcAItLIR.jpg","","in","DKI Jakarta, Indonesia","0","6","0","https://x.com/danawallet/status/1673660615313768451","965871936545816577","danawallet"
"1671131035948711936","Tue Jun 20 12:21:03 +0000 2023","0","The big question of why? kenapa kita menjadi generasi yang gila kerja? Mungkin dari keinginan besar untuk mencapai karir dan finansial yang diinginkan sampai ke pengaruh sosial. So sebetulnya produktif atau toxic-kah penerapan hustle culture di lingkungan gen Z?","1671131042969976835","","personale_id","in","Bandung, Indonesia","0","1","0","https://x.com/personale_id/status/1671131042969976835","1643813043498012672","personale_id"
"1670273152289734656","Sun Jun 18 03:32:06 +0000 2023","1","Millennials dan Gen Z mencoba seimbangin kesiapan mental &amp; finansial sebelum nikah: https://t.co/beP6j0BoNg","1670273152289734656","https://pbs.twimg.com/ext_tw_video_thumb/1670273128860381184/pu/img/XtQxzo4qomJb4GJ8.jpg","","in","Indonesia","0","1","0","https://x.com/OCBC_Indonesia/status/1670273152289734656","417448115","OCBC_Indonesia"
"1670123492468232192","Sat Jun 17 17:37:24 +0000 2023","0","Ini gunanya tracing keluarga sebelum menikah. Makan cinta doang gak kenyang malah bikin sengsara kalau gak paham mana prioritas kebutuhannya. Gak bisa nyalahin macem-macem sih karena yang sesama Gen Z aja banyak yang gak melek soal finansial ataupun kesehatan reproduksi.","1670123492468232192","","","in","Tegal, Jawa Tengah","0","0","0","https://x.com/laaeeellll/status/1670123492468232192","1092202961902530560","laaeeellll"
"1666359366008852481","Wed Jun 07 08:36:45 +0000 2023","0","@aipsun Gen Millenial dan Gen Z sudah terbiasa ini sebagai generasi sandwich memikul beban finansial semenjak lahir :)","1666363553119621122","","aipsun","in","Shadwell, England","0","1","0","https://x.com/mu_afi/status/1666363553119621122","84598819","mu_afi"
"1665567096242327552","Tue Jun 06 09:47:07 +0000 2023","0","@ainunnajib Saya di daerah yg banyak anak muda gen Z dan millenial yg susah dpt kerja atau kerjanya buka usaha kecil di rumah. Di pemilu sebelumnya mereka lebih milih yg bs ngasih keuntungan finansial scra langsung ke mreka. Makanya yg menang kemarin yg sering bagi uang tiap kampanye.","1666018876189184000","","ainunnajib","in","Indonesia","0","0","0","https://x.com/admorae_/status/1666018876189184000","1523996977192931328","admorae_"
"1662972409547489281","Mon May 29 00:01:33 +0000 2023","0","4 Kesalahan Finansial Ini Sering Dilakukan Gen Z Kamu Termasuk? https://t.co/QFv33c9RYD","1662972409547489281","","","in","","0","0","0","https://x.com/IDNTimes/status/1662972409547489281","388190238","IDNTimes"
"1659167040773718017","Fri May 19 05:58:29 +0000 2023","1","@BanyuSadewa klo saling menyalahkan antar generasi ya gak tepat jg liat aja skrg gen Z jg dah pamer2 punya anak tanpa memikirkan bgmn anak kedepannya jd siapkan dulu segalanya sblm menikah siap scr finansial mental dan komitmen utk memutus mata rantai generasi sandwich","1659438354008797184","","BanyuSadewa","in","Dark Room","0","1","0","https://x.com/earthborn777/status/1659438354008797184","1571145353919082498","earthborn777"
"1658755915984834560","Wed May 17 08:46:43 +0000 2023","2","3 rekomendasi buku financial freedom buat millenials &amp; gen z. Cekidot! - Rich Dad Poor Dad (1997): Robert Kiyosaki Dengan baca buku ini bikin kita sadar kalo pendidikan finansial seperti investasi di aset &amp; properti serta membuat bisnis itu penting dipelajari sejak dini. https://t.co/mS6RKfkG8q","1658755915984834560","https://pbs.twimg.com/media/FwUVtnpakAEmBJX.jpg","","in","Indonesia","0","1","2","https://x.com/OCBC_Indonesia/status/1658755915984834560","417448115","OCBC_Indonesia"
"1658008044293488642","Mon May 15 07:39:08 +0000 2023","0","Sejujurnya untuk memahami buku ini perlu berkali kali baca. Saya sebagai Gen Z mendapat insight baru tentang membangun keamanan finansial dan membuat keputusan keuangan yang lebih cerdas... ","1658014133202325505","","ybseyoo","in","Kota Bandung, Jawa Barat","0","0","0","https://x.com/ybseyoo/status/1658014133202325505","358633825","ybseyoo"
"1651164344959344640","Fri May 12 10:44:46 +0000 2023","0","@danamon gen z nggk perlu cemas lagi kalau ada masalah finansial kan ada #Danamon #DanamonLawanCemasFinansial https://t.co/DY3Vz1dBqf","1656973687478956032","","danamon","in","","0","0","0","https://x.com/Hendri21111/status/1656973687478956032","1651615295688290309","Hendri21111"
"1651164344959344640","Mon May 08 07:19:15 +0000 2023","0","@danamon Udah saatnya gen z sadar finansial keren banget sih video #Danamon yuk bersama #DanamonLawanCemasFinansial https://t.co/IOTdBubgwS","1655472413868687361","","danamon","in","SexyInTheAir 💋☝🏻☁","0","0","0","https://x.com/xoalsoxace/status/1655472413868687361","1338682490249101314","xoalsoxace"
"1654310519103434758","Fri May 05 02:22:18 +0000 2023","0","Couldn't agree more. Walaupun bukan Gen Z tapi ngerti khawatirnya karena persaingan di generasi mereka makin tinggi dan kompetitif. Belum lagi tekanan dari generasi atasnya. Makanya jadi rentan stres entah karena faktor keluarga pendidikan-pekerjaan atau/dan finansial.","1654310519103434758","","","in","Strategis, Senin harga naik","0","0","0","https://x.com/sukaminumteh/status/1654310519103434758","196121529","sukaminumteh"
"1651164344959344640","Thu May 04 09:16:26 +0000 2023","0","@danamon Ga perlu cemas lagi ga sih kita gen z sama masalah finansial sekarang udh super ez bgt contohnya ya ini ada Danamon #Danamon #DanamonLawanCemasFinansial https://t.co/RUxpLuKfL1","1654052353253965824","","danamon","in","","0","0","0","https://x.com/45O79/status/1654052353253965824","758935323774636032","45O79"
"1653924363165646848","Thu May 04 00:47:51 +0000 2023","0","Jadi masalah stres kerja pada Gen Z itu umumnya di finansial ternyataaa","1653924363165646848","","","in","","0","0","0","https://x.com/Labolonk4/status/1653924363165646848","1308801226415329281","Labolonk4"
"1650806355157209088","Tue Apr 25 10:18:00 +0000 2023","0","Gen Z dan milenial disebut sebagai generasi yang doyan menyembunyikan kondisi keuangannya dari pasangannya. Ini terungkap dalam survei terbaru https://t.co/tNAHwoTYXq terkait 'perselingkuhan' finansial Baca selengkapnya: https://t.co/1W8KkYOpOc #FORTUNEIndonesia https://t.co/YHvQIUEB2N","1650806355157209088","https://pbs.twimg.com/media/FuiFY-9aUAEOGYz.jpg","","in","","0","0","0","https://x.com/Fortune_IDN/status/1650806355157209088","1380017096390676483","Fortune_IDN"
"1649275534160056321","Fri Apr 21 10:16:26 +0000 2023","0","@pnsmarley @Serigala_Blue @tanyarlfes Kalo masalah worry atau ovt gitu gw jg sama bro. Tp setidaknya kita berusaha dulu aja. Lebih baik fokusnya sih upgrade diri kita dr segi apapun termasuk finansial karir pendidikan dll","1649356412202651652","","pnsmarley","in","","0","1","0","https://x.com/HumanGenZ/status/1649356412202651652","1356123041432932354","HumanGenZ"
"1648506571901779968","Wed Apr 19 14:28:46 +0000 2023","1","@investorgabut Sampeyan itu milenial.. wajar harusnya emg lebih dewasa dr gen Z. Tp umur 30 blm nikah menurut gw ya wajar aja. Kalau blm dpt jodoh blm mandiri secara finansial masi byk tanggungan dll.. menikahlah kalau sudah siap baik mental maupun finansial.","1648695138456330242","","investorgabut","in","","0","0","0","https://x.com/ngehektraveler1/status/1648695138456330242","976073460941078529","ngehektraveler1"
"1644895068317442048","Sun Apr 09 02:48:39 +0000 2023","1","Beberapa tahun terakhir banyak generasi muda dari kalangan millennials atau gen z yang sudah mulai melek terhadap literasi finansial. https://t.co/aprDoWxCFz","1644895068317442048","","","in","Jakarta","0","0","0","https://x.com/indozonemedia/status/1644895068317442048","350668803","indozonemedia"
"1644350996955688960","Fri Apr 07 21:01:16 +0000 2023","2","@18fesss Wajar nder itu sblm nikaj yg dikomunikasiin bkn cm ttg finansial/materi aja tpi jg sexual expectation.","1644445259206922248","","18fesss","in","","0","0","0","https://x.com/HumanGenZ/status/1644445259206922248","1356123041432932354","HumanGenZ"
"1644184810351632384","Fri Apr 07 16:08:05 +0000 2023","8","@sbyfess Mgkn niat menikahnya dibenahi dulu mas. menikah krn masnya benar2 siap bkn cm krn ortu pngen cucu dan merasa scr materi dan finansial mas udah OK. Kita gatau kesiapan mas dr segi mental ilmu dll. Intinya ya jgn krn desakan ortu sih nikah itu ibadah bkn cm bikin anak yg lucu","1644371477188472834","","sbyfess","in","","0","1","0","https://x.com/HumanGenZ/status/1644371477188472834","1356123041432932354","HumanGenZ"
"1644184810351632384","Fri Apr 07 16:04:21 +0000 2023","1","@LuluIndah22 @sbyfess Nah setuju mas nya nikah cm krn ortunya pengen cucu + merasa finansial udah OK (mgkn krn warisan(?)). Tp soal kesiapan mental dan ilmu kita gatau dia udah siap belum.","1644370535424618502","","LuluIndah22","in","","0","0","0","https://x.com/HumanGenZ/status/1644370535424618502","1356123041432932354","HumanGenZ"
"1640635970273050624","Tue Mar 28 08:45:14 +0000 2023","1","Ini dia alasan mengapa Gen Z WAJIB melek finansial 1. Harga barang dan jasa meningkat tiap waktunya Gen Z paham bahwa hampir seluruh barang dan jasa akan mengalami kenaikan harga sehingga sadar untuk dapat mengatur keuangan dengan mudah dan terhindar dari pemborosan.","1640636150351282176","","nadiindoapps","in","","0","1","0","https://x.com/nadiindoapps/status/1640636150351282176","1291209305614499840","nadiindoapps"
"1637362719220457473","Sun Mar 19 12:17:41 +0000 2023","42","@yaelahlel_ @18fesss Tapi kita kan punya preferensi kita punya kriteria standar dll. Kalo pake logika yg sama: Penting ga finansial suami? : pada jawab penting padahal jodoh gaada yg tau","1637428124010057729","","chilldarkest","in","","0","0","1","https://x.com/HumanGenZ/status/1637428124010057729","1356123041432932354","HumanGenZ"
"1636559253979955201","Fri Mar 17 18:45:47 +0000 2023","0","@r24ky @memefess Ini utk siapa dan apa? Okay dilihat sih dia ini bahas utk orang2 milenial gen z nge edukasi masalah finansial di pasar modal. Dan yup itu butuh lisensi WPPE full karna mencangkup fungsi utk memberikan analisa dan advice ttg pasar modal.","1636801018699677697","","r24ky","in","","0","1","0","https://x.com/lioemil_/status/1636801018699677697","1161329236268814337","lioemil_"
"1632727463272013825","Mon Mar 06 14:00:35 +0000 2023","0","@tSurveyID aku setuju bgt sm thread ini..krena aku pribadi jg sedang mempersiapkan sumber finansial baru kalau emg bner2 terjadi resesi/hal lain. Kalo aku lihat2 Gen Z skg udh mulai bnyak yg punya usaha sampingan lohh..mereka mulai melek tntng pentingnya perputaran ekonomi","1632742977251704837","","tSurveyID","in","Jatim","0","0","1","https://x.com/naworried/status/1632742977251704837","1394609221","naworried"
"1630849872302866434","Wed Mar 01 08:38:03 +0000 2023","126","taehyung jadi ba simvest itu big deal banget. pertama sinar mas ini perusahaan besar! melihat mereka pilih taehyung buat ba berarti mereka lihat kalau dia menarik prospek milenial atau malah gen z yang aware sama investasi &amp; finansial. sekuritasnya kayak obligasi &amp; saham. https://t.co/rds8cqQ4sX","1630849872302866434","https://pbs.twimg.com/media/FqHxTxJaUAEvD_g.jpg","","in","18+21+","1","2","2","https://x.com/kisserkook/status/1630849872302866434","1293513023097692160","kisserkook"
"1629346566938193925","Sat Feb 25 07:12:02 +0000 2023","1","@bobalatte0711 @IUmyblueming @AREAJULID Intinya sih selama belum siap/ gamau nikah dulu ya fokus ke hal yg baik spt fokus karir siapin finansial mental ilmu dll.","1629378670724018177","","HumanGenZ","in","","0","0","1","https://x.com/HumanGenZ/status/1629378670724018177","1356123041432932354","HumanGenZ"
"1626929081781743616","Sat Feb 18 12:58:14 +0000 2023","1","Gen Z punya karakteristik tersendiri saat mencari pekerjaan. Mereka cenderung mencari kesuksesan secara finansial saat berkarier. https://t.co/K1txcB0siF","1626929081781743616","","","in","Jakarta","1","1","2","https://x.com/kompascom/status/1626929081781743616","23343960","kompascom"
"1626371386955661312","Fri Feb 17 00:02:09 +0000 2023","0","3 Tantangan Finansial Terbesar bagi Gen Z Apa Saja? https://t.co/JzTyPDCFID","1626371386955661312","","","in","","0","0","0","https://x.com/IDNTimes/status/1626371386955661312","388190238","IDNTimes"
"1624667142246531075","Sun Feb 12 07:35:51 +0000 2023","0","@tanyarlfes Haduh bodoamat dah mau mereka gen z ke gen x ke nikah mah urusan mereka ya kalo udh siap mental ama finansial mah ydh ‍️","1624673621586358272","","tanyarlfes","in","규잇","0","0","0","https://x.com/crwoohao/status/1624673621586358272","1321254730841034753","crwoohao"
"1619831282917322753","Mon Jan 30 16:29:28 +0000 2023","1","@Askrlfess respondennya usia berapa dulu? kalo milenials-nya diambil dari rentang usia 30-35 dan gen z dari 20-25 bukannya ga apple to apple? ibarat kata yg milenials udah puas dengan masa mudanya dan shifting pengaturan finansial ke non hura-hura gen z nya baru ngerasain gaji pertama :)","1620096871544016896","","Askrlfess","in","jakarta","0","1","0","https://x.com/gojenjay/status/1620096871544016896","1013052896680656897","gojenjay"
"1619831282917322753","Mon Jan 30 15:29:54 +0000 2023","0","@Askrlfess Tp gen z banyak juga yang melek teknologi dan finansial loh kl diliat dr sosmed udh pd jago jd affiliator dan konten kreator","1620081880891822083","","Askrlfess","in","","0","0","0","https://x.com/radioberjalan/status/1620081880891822083","562615499","radioberjalan"
"1619831282917322753","Mon Jan 30 08:14:06 +0000 2023","0","@Askrlfess Kebutuhan primer alhamdulilah tercukup. Kebutuhan sekunder juga alhamdulilah tercukupi. Kebutuhan tersier doang yang kurang. Kebutuhan tersier ini yang lagi coba dikumpulin. Jangan bilang gen z gak ngerti finansial gak semuanya","1619972205731000321","","Askrlfess","in","Tangerang, Indonesia","0","0","0","https://x.com/dwinurcahyyo/status/1619972205731000321","3895866732","dwinurcahyyo"
"1617900041196417025","Tue Jan 24 18:14:14 +0000 2023","23","@bellaquarian @tanyarlfes Setuju Gen z ini pikirannya diluar nalar coy.. Study tour itu aslinya cuma jalan2 doang.. Jika finansial ortunya gak memungkinkan anaknya harusnya nyadar diri. Bukannya malah terharu karena nambah beban org tuanya","1617948908562579456","","wigglywispymom","in","Centauri IV","7","13","1","https://x.com/guard00347/status/1617948908562579456","78168997","guard00347"
"1617900041196417025","Tue Jan 24 18:13:16 +0000 2023","1","@enhydralutrisea @tanyarlfes Gen z ini pikirannya diluar nalar coy.. Study tour itu aslinya cuma jalan2 doang.. Jika finansial ortunya gak memungkinkan anaknya harusnya nyadar diri. Bukannya malah terharu karena nambah beban org tuanya","1617948665980813312","","enhydralutrisea","in","Centauri IV","1","5","0","https://x.com/guard00347/status/1617948665980813312","78168997","guard00347"
"1617427175065661440","Mon Jan 23 07:41:03 +0000 2023","1","kebayang ga apa jadinya 20tahun lagi kalau anak anak gen z yang well educate memilih untuk tidak menikah dan childfree sedangkan yg tolol tolol gini sibuk beranak pinak secara terus menerus tanpa kesiapan mental dan finansial? semangat deh untuk kita semua️","1617427175065661440","","","in","","0","1","0","https://x.com/SatiyaPdita/status/1617427175065661440","772651088","SatiyaPdita"
"1616041144856752128","Thu Jan 19 11:53:28 +0000 2023","53","waduh aneh banget sih gen Z generasi yang lahir waktu krisis moneter liat generasi sebelumnya kena layoff di krisis finansial 2008 dan kena layoff pandemi kaya ga punya loyalitas ke pekerjaannya sama sekali kira-kira kenapa ya","1616041144856752128","","","in","los pronouns hormonos","1","0","18","https://x.com/discommie/status/1616041144856752128","1035915692032241664","discommie"
"1614525872433926149","Sun Jan 15 07:32:19 +0000 2023","3","Siapa yang gak kenal Gita Wirjawan seorang investor senior wirausahawan dan politikus ini bilang kalau edukasi finansial itu penting pake banget buat millennial dan Gen Z di event The Future of Gen Z Ternak Uang Baca selebihnya di link ini ya https://t.co/5Gy2yjforX https://t.co/R373TA8pqC","1614525872433926149","https://pbs.twimg.com/media/FmfyuT7agAEa5rx.jpg","","in","Jakarta Capital Region","0","0","0","https://x.com/ternakuang_id/status/1614525872433926149","1360286627583586304","ternakuang_id"
"1611891730160422912","Fri Jan 13 17:04:03 +0000 2023","0","@delldelde @ohmybeautybank lebih ke dilema finansial gen z anjir duitnya bisa nyicil kpr rumah tp kita malah beli tiket konser ","1613944981353529345","","delldelde","in","","0","0","0","https://x.com/gabriellaaja/status/1613944981353529345","1131957347100659712","gabriellaaja"
"1613431165066809345","Thu Jan 12 14:49:43 +0000 2023","0","@Askrlfess finansial iya dan gen z emang aware soal parenting dan psikologi. mskpn ga menganut child free gen z secara umum aja pasti lebih paham kalau jd ortu itu pilihan yg sblm diambil ya harus bener-bener persiapannya. bukan sekedar nikah berarti langsung bereproduksi","1613548784994381825","","Askrlfess","in","추격자 MV 1:21","0","0","0","https://x.com/xdustyblue/status/1613548784994381825","451877788","xdustyblue"
"1607238591884988416","Mon Dec 26 04:55:17 +0000 2022","0","Hal ini bisa terjadi karena Gen Z masih dalam tahap kehidupan yang lebih rentan secara finansial. What's next? Ini bukan lagi waktunya mulai menabung untuk sekedar belanja atau hiburan. Tetapi lebih menitikberatkan bagaimana memiliki penghasilan tambahan di 2023","1607238596804907010","","TriveInvestID","in","Indonesia","0","0","0","https://x.com/TriveInvestID/status/1607238596804907010","889448874657562624","TriveInvestID"
"1607238591884988416","Mon Dec 26 04:55:16 +0000 2022","0","Ketika ditanya tentang faktor penyebab tekanan finansial terbesar 59% Boomer mengatakan inflasi. Sementara Gen Z lebih menitikberatkan dengan tidak menghasilkan cukup uang yang berdampak negatif pada kesehatan mental mereka.","1607238594837774337","","TriveInvestID","in","Indonesia","0","1","0","https://x.com/TriveInvestID/status/1607238594837774337","889448874657562624","TriveInvestID"
"1607238591884988416","Mon Dec 26 04:55:16 +0000 2022","0","Boomer lebih siap secara finansial untuk musim liburan 2022 &amp; Gen Z adalah generasi yang paling menderita terkait keuangan *Credit Karma Study 2022 Mengapa ini bisa terjadi? https://t.co/OOoIl8OUOT","1607238591884988416","https://pbs.twimg.com/media/Fk4Oj6haEAI4eHd.jpg","","in","Indonesia","0","1","0","https://x.com/TriveInvestID/status/1607238591884988416","889448874657562624","TriveInvestID"
"1603005829514334208","Wed Dec 14 12:35:46 +0000 2022","0","Studi kasus korelasi self reward dengan bobroknya finansial planning di kalangan gen z","1603005829514334208","","","in","","0","0","0","https://x.com/kbabconnoisseur/status/1603005829514334208","1299571643702943744","kbabconnoisseur"
"1601962392296263680","Mon Dec 12 05:34:40 +0000 2022","0","@fivaccountz @worksfess Bukan sender. Sendernya udh bilang kok itu hak mereka yg dipertanyakan sender tuh kok bisa ada yg nikah umur 24? Apa mereka beneran udh siap mental dan finansial makanya berani nikah? Gitu sih intinya.","1602175079177420801","","paprikaamerah","in","Indonesia","0","1","0","https://x.com/lucubgtygy/status/1602175079177420801","1572828746922729473","lucubgtygy"
"1596525311188824064","Sat Nov 26 15:24:30 +0000 2022","0","pengetahuan finansial yang baik. Gen Z memiliki orientasi finansial yang jelas dengan pembekalan diri dengan pengetahuan finansial sejak kecili #MahasiswiGenz","1596525311188824064","","","in","","0","0","0","https://x.com/gugun_gondr/status/1596525311188824064","1551501987614642176","gugun_gondr"
"1596519754986311680","Sat Nov 26 15:02:26 +0000 2022","0","gausah diadu deh Gen Z itu pasti punya orientasi finansial yang jelas dengan pembekalan diri dengan pengetahuan finansial sejak kecil #MahasiswiGenz","1596519754986311680","","","in","","0","0","0","https://x.com/jihan_bae11/status/1596519754986311680","1587753670921359360","jihan_bae11"
"1591218975320723456","Sat Nov 12 08:44:55 +0000 2022","0","@catronom_ Sebenarnya boomer sih wkwk gen z man finansial mental health &amp; self improvement","1591351322288476160","","kurama19_","in","","0","1","0","https://x.com/peterbrian_/status/1591351322288476160","1341290503677956096","peterbrian_"
"1588169071698509825","Thu Nov 03 14:06:09 +0000 2022","0","@MiniGoldID Itulah yang menjadikan tugas bagi kita sebagai keluarga besar MiniGold untuk mengedukasi mereka para Milenial &amp; Gen Z supaya tanggap terhadap masa depan dengan menabung &amp; melek emas agar menjadi seorang yang bisa mencapai Finansial Freedom nantinya..","1588170671087005696","","MiniGoldID","in","","0","0","0","https://x.com/DenaiZivannaSMg/status/1588170671087005696","1496074142046916611","DenaiZivannaSMg"
"1588009864441516033","Thu Nov 03 03:27:10 +0000 2022","1","Studi menyebut gen Z bakal kesulitan finansial seumur hidup dan tidak akan mampu beli rumah. Apa alasannya? #userstory https://t.co/xuY2rhdM7p","1588009864441516033","","","in","","0","0","0","https://x.com/kumparan/status/1588009864441516033","759692754985242625","kumparan"
"1586490199185379328","Sat Oct 29 22:48:33 +0000 2022","1","jadi kepikiran biasanya anak pertama lebih pendek dibanding adik2nya apa karena saat itu orangtua belum mengerti gizi yang cukup untuk anak atau yaa biasanya anak pertama ngerasain finansial ortu yg belum stabil. semoga gen z bisa jauh lebih baik sbg orangtua","1586490199185379328","","","in","","0","0","0","https://x.com/saecarame/status/1586490199185379328","1446154566542581760","saecarame"
"1586484243563061248","Sat Oct 29 22:24:55 +0000 2022","0","segi finansial nya. Dan guys tolong jangan keblinger sama 'open minded' yang marak terjadi pada Gen Z. If you're a muslim birrul waliddain is a must. Mau se open minded apapun kalian please taruh agama diatas kepala.","1586484251947507718","","TAE8YS","in","magic shop","0","0","0","https://x.com/TAE8YS/status/1586484251947507718","1429371720884899845","TAE8YS"
"1586242991080951808","Sat Oct 29 06:26:14 +0000 2022","0","Pemuda Indonesia Menuju Cerdas Finansial: Tren Investasi Gen Z Mulai Berorientasi Jangka Panjang https://t.co/euaiXTWNMk","1586242991080951808","","","in","Indonesia","0","0","0","https://x.com/KuretaID/status/1586242991080951808","1369734116191608833","KuretaID"
"1585914556354035712","Fri Oct 28 08:41:09 +0000 2022","0","Pemuda Indonesia Menuju Cerdas Finansial: Tren Investasi Gen Z Mulai Berorientasi Jangka Panjang https://t.co/euaiXTFKKk","1585914556354035712","","","in","Indonesia","0","0","0","https://x.com/KuretaID/status/1585914556354035712","1369734116191608833","KuretaID"
"1579443793644093443","Mon Oct 10 12:10:49 +0000 2022","0","Instead of jejelin gen z dengan fear mongering knp ga kasih literasi finansial aja biar lebih berguna","1579444337964113920","","bukanwitch","in","Cintra","0","0","0","https://x.com/bukanwitch/status/1579444337964113920","1934530608","bukanwitch"
"1578328646749925377","Fri Oct 07 10:17:34 +0000 2022","0","Gen Z juga merasa bahwa kemerdekaan finansial itu adalah tujuan utama dalam hidup. Sekarang ini gaya retro yang jadul-jadul itu jadi populer dan Gen Z juga mempopulerkan lagi yang namanya thrifting.","1578328675774521344","","Cravely_id","in","Jakarta Selatan","0","1","0","https://x.com/Cravely_id/status/1578328675774521344","1576842794383335425","Cravely_id"
"1577657308980469761","Wed Oct 05 13:49:48 +0000 2022","18","Sahabat LPS apalagi khususnya para gen z jangan lupa untuk selalu mengembangkan kebiasaan-kebiasaan baik yang bakal membawa klean semua semakin dekat kebebasan finansial.","1577657308980469761","","","in","Jakarta, Indonesia","0","2","3","https://x.com/lps_idic/status/1577657308980469761","274895088","lps_idic"
"1576881744761847808","Mon Oct 03 10:27:59 +0000 2022","0","Banyak Gen Z yang memiliki pola pikir mereka jadi korban kegagalan finansial orantua https://t.co/sAtzolc76h","1576881744761847808","","","in","Jakarta, Indonesia","0","1","1","https://x.com/republikaonline/status/1576881744761847808","22126902","republikaonline"
"1575682262058020864","Fri Sep 30 03:01:40 +0000 2022","1","Halo halo Millennials &amp; Gen Z Makassar! Bisnis Indonesia Goes to Campus (BGTC) sudah hadir di 4 kota nih. Nah selanjutnya akan hadir di Makassar lho! Ada banyak insight yang bisa kamu dapatkan dari BGTC ini mulai dari finansial digitalisasi hingga jurnalistik. https://t.co/d4QMTqybd3","1575682262058020864","https://pbs.twimg.com/media/Fd3ye0raEAAe_nJ.jpg","","in","Jakarta, Indonesia","0","1","0","https://x.com/fajaronline/status/1575682262058020864","89877164","fajaronline"
"1575322660116271105","Thu Sep 29 03:12:44 +0000 2022","1","Halo halo Millennials &amp; Gen Z Makassar! Bisnis Indonesia Goes to Campus (BGTC) sudah hadir di 4 kota nih. Nah selanjutnya akan hadir di Makassar lho! Ada banyak insight yang bisa kamu dapatkan dari BGTC ini mulai dari finansial digitalisasi hingga jurnalistik. https://t.co/Ccd9hNqvaQ","1575322660116271105","https://pbs.twimg.com/media/FdyrcFwaMAAAooF.jpg","","in","Jakarta, Indonesia","0","2","1","https://x.com/fajaronline/status/1575322660116271105","89877164","fajaronline"
"1575055211248619521","Wed Sep 28 09:30:00 +0000 2022","4","Kenalin nih bos kita di Jago Pak Kharim Siregar! Beliau bakalan hadir di IDN Millenial &amp; Gen Z Summit 2022 buat sharing trik ngatur finansial buat sandwich generation. Yuk temuin langsung di sesi ngobrol bareng di #JagodiIMGS #BersamaKitaJago https://t.co/anX5Sya70u","1575055211248619521","https://pbs.twimg.com/media/Fdu4RPmagAI_yng.jpg","","in","","0","1","1","https://x.com/jadijago/status/1575055211248619521","1295310997196955648","jadijago"
"1574948644843061249","Wed Sep 28 02:26:32 +0000 2022","0","Halo halo Millennials &amp; Gen Z Bogor! Bisnis Indonesia Goes to Campus kali ini akan hadir di Bogor nih! So pantau terus dan hadir karena bakal ada rangkaian acara keren yang bisa kasih kamu insight terkait finansial hingga seputar jurnalistik. https://t.co/JQfkSWl70l","1574948644843061249","https://pbs.twimg.com/media/FdtXRMZaIAA4pjX.jpg","","in","Jakarta, Indonesia","0","1","0","https://x.com/Bisniscom/status/1574948644843061249","118646322","Bisniscom"
"1574758052024418305","Tue Sep 27 13:49:11 +0000 2022","0","Gen Z Wajib Coba Cara Bikin Sehat Fisik Finansial Sosial hingga Spiritual https://t.co/Mv2QQxTH7V https://t.co/dukijxsR3x","1574758052024418305","https://pbs.twimg.com/media/FdqqGhNaUAEvB3_.jpg","","in","Depok, Indonesia","0","0","0","https://x.com/motoryk/status/1574758052024418305","4639116138","motoryk"
"1572497556676186113","Wed Sep 21 08:06:47 +0000 2022","2","Halo halo Millennials &amp; Gen Z Pekanbaru! Bisnis Indonesia Goes to Campus kali ini akan hadir di Pekanbaru nih! So pantau terus dan hadir karena bakal ada rangkaian acara keren yang bisa kasih kamu insight terkait finansial hingga seputar jurnalistik. https://t.co/YR67VJtTQv","1572497556676186113","https://pbs.twimg.com/media/FdKh5-BaAAA1Y_g.jpg","","in","Jakarta, Indonesia","0","1","0","https://x.com/Bisniscom/status/1572497556676186113","118646322","Bisniscom"
"1572497107290062853","Wed Sep 21 08:05:00 +0000 2022","0","Halo halo Millennials &amp; Gen Z Pekanbaru! Bisnis Indonesia Goes to Campus kali ini akan hadir di Pekanbaru nih! So pantau terus dan hadir karena bakal ada rangkaian acara keren yang bisa kasih kamu insight terkait finansial hingga seputar jurnalistik. https://t.co/k387lZ32o9","1572497107290062853","https://pbs.twimg.com/media/FdKhf5pagAAnOUl.jpg","","in","Jakarta","0","1","0","https://x.com/Bisnismudaid/status/1572497107290062853","461987580","Bisnismudaid"
"1571437880148660224","Sun Sep 18 09:56:01 +0000 2022","243","Gen Z &amp; milenial kerap dicap sebagai generasi yang mengutamakan fleksibilitas dalam pekerjaan. Nyatanya banyak faktor yang menjebak mereka dalam budaya hustling salah satunya ketika satu pekerjaan tak bisa memberikan rasa aman secara finansial. https://t.co/SWaAYko96k","1571437880148660224","https://pbs.twimg.com/media/Fc7ePfHacAURtSl.jpg","","in","Indonesia","6","1","91","https://x.com/TirtoID/status/1571437880148660224","4187275698","TirtoID"
"1569196320732364800","Mon Sep 12 05:28:51 +0000 2022","2","Halo halo Millennials &amp; Gen Z arek-arek Suroboyo! Bisnis Indonesia Goes to Campus kali ini akan datang di kota Surabaya nih! So pantau terus dan hadir karena bakal ada rangkaian acara keren terkait finansial hingga dunia jurnalis lho! #bisnisindonesiagoestocampusITS https://t.co/EaZi6adWdx","1569196320732364800","https://pbs.twimg.com/media/FcbntEGaUAA772_.jpg","","in","Malang, Jawa Timur","0","1","0","https://x.com/jatimtimescom/status/1569196320732364800","2519948221","jatimtimescom"
"1567771273157296128","Thu Sep 08 07:06:13 +0000 2022","0","Milenial dan Gen Z Merdeka Secara Finansial? Emang Bisa? https://t.co/FWqjbZQWPc","1567771273157296128","","","in","Jakarta Timur, DKI Jakarta","0","0","0","https://x.com/milenianews_/status/1567771273157296128","1361585153357737985","milenianews_"
"1567083112986984448","Tue Sep 06 09:45:23 +0000 2022","0","@MiniGoldID Jadilah generasi millenial &amp; Gen Z yang smart finansial untuk ciptakan masa depan yang cerah secerah kemilau MiniGold..","1567086550978297857","","MiniGoldID","in","","0","0","0","https://x.com/DenaiZivannaSMg/status/1567086550978297857","1496074142046916611","DenaiZivannaSMg"
"1563109285067833344","Fri Aug 26 10:21:09 +0000 2022","0","Gimana sih caranya ningkatin penghasilan dan ngeraih kebebasan finansial tanpa harus ngorbanin keinginan check out ini-itu tiap bulan? Yuk langsung ikutan acara Workipedia Class: Financial Freedom for Gen Z yang diadain sama @ziliun berikut ini. https://t.co/2KeVcQzNv5","1563109285067833344","https://pbs.twimg.com/media/FbFHnBGUEAA1ksa.jpg","","in","Bogor, Indonesia","0","1","0","https://x.com/HimalkomIPB/status/1563109285067833344","507612975","HimalkomIPB"
"1562396250557018114","Wed Aug 24 13:36:58 +0000 2022","3","Ang dan Ken tak sendiri Ben dan Bunga juga mengalami hal yang sama. Sementara Susi Gen Z queer di Jepara masih harus terbebani dengan urusan finansial keluarga. https://t.co/b5W70plCMe https://t.co/N2W7if3Vnu","1562433787421634560","https://pbs.twimg.com/media/Fa7hPs2UEAEBypw.jpg","projectm_org","in","Indonesia","0","1","2","https://x.com/projectm_org/status/1562433787421634560","1369663239718465538","projectm_org"
"1562409226705801216","Wed Aug 24 11:59:22 +0000 2022","1","Gimana sih caranya ningkatin penghasilan dan ngeraih kebebasan finansial tanpa harus ngorbanin keinginan check out ini-itu tiap bulan? Yuk langsung ikutan acara Workipedia Class: Financial Freedom for Gen Z yang diadain sama @ziliun berikut ini. https://t.co/EoMEPjcbMT","1562409226705801216","https://pbs.twimg.com/media/Fa7K6TiXoAAR1ge.jpg","","in","Bogor, Indonesia","0","1","1","https://x.com/HimalkomIPB/status/1562409226705801216","507612975","HimalkomIPB"
"1561648741597061120","Mon Aug 22 09:37:28 +0000 2022","0","Berak. Noh bibit nya udah nyebar dimana-mana. Kalau lo bandingin yang udah kejadian sama belum ya gak sebanding. Minimal coba lirik gimana banyak nya gen z yang pernikahan dini dan punya anak tanpa persiapan mental maupun finansial. Burit deh bilangin gen z sesuci itu.","1561648741597061120","","","in","🌈🌈","0","0","0","https://x.com/assshoolc/status/1561648741597061120","1090415524037648384","assshoolc"
"1561347791259312128","Sun Aug 21 13:41:36 +0000 2022","0","bukti? gw jg gen z kok gw juga punya tekad kek lo blg. punya anak yg emg sesuai kemampuan finansial gw atau milih childfree mengindari korupsi dsb. tapi dgn lo blg kek gini emg ad buktinya njirtt. jan banding in dulu la sblm ad hasil kea normal ajlh mslh gituan keep pribadi","1561347791259312128","","","in","","0","1","0","https://x.com/jiejbjjp/status/1561347791259312128","1290630981766979584","jiejbjjp"
"1555962922291015680","Sat Aug 06 17:04:03 +0000 2022","0","Masalah Finansial Bikin Gen Z dan Milenial Stress Ini Tipsnya! https://t.co/EsW8UfjQxO #beritajogja #jogja #jogjaistimewa https://t.co/3n5mO05MRW","1555962922291015680","https://pbs.twimg.com/media/FZfkCEXUcAQZ7Fw.jpg","","in","Yogyakarta, Indonesia","0","0","0","https://x.com/Harian_Jogja/status/1555962922291015680","118371948","Harian_Jogja"
"1555836232218775554","Sat Aug 06 08:40:38 +0000 2022","2","Masalah Finansial Bikin Gen Z dan Milenial Stress Ini Solusinya! https://t.co/A4kmImsZtT","1555836232218775554","","","in","Jakarta, Indonesia","0","0","0","https://x.com/Bisniscom/status/1555836232218775554","118646322","Bisniscom"
"1554430916012912640","Tue Aug 02 11:36:26 +0000 2022","0","#1 Literasi Keuangan Meningkat Kehadiran media sosial tidak dapat dipungkiri membuat Gen Z dan Milenial terpapar dengan informasi terkait finansial. Karenanya pengetahuan generasi ini akan investasi semakin terbuka dan luas.","1554430920899252224","","consumeri_id","in","Jakarta","0","1","0","https://x.com/consumeri_id/status/1554430920899252224","2762631714","consumeri_id"
"1551874980329074689","Thu Jul 28 05:14:38 +0000 2022","0","@itsmoonotmu @sbmptnfess Ortu gen z tumbuh kembang di zaman melek finansial gak sekenceng skrng.","1552522899327954944","","itsmoonotmu","in","DKI Jakarta, Indonesia","0","0","0","https://x.com/podromansa/status/1552522899327954944","1304429627532701696","podromansa"
"1552326559775698945","Wed Jul 27 16:14:27 +0000 2022","0","Ortu gen z itu berarti antara boomer atau gen x ya? Yaaa... Kan emang kalo finansial ngepas modal nguliahin anak cuma bismillah.. Semoga ada rezekinya - kun fa yakun","1552326559775698945","","","in","right your left","0","0","0","https://x.com/etikwahyu/status/1552326559775698945","69498757","etikwahyu"
"1552292891300708354","Wed Jul 27 14:00:40 +0000 2022","0","Tingginya minat generasi muda pada pengelolaan finansial mendorong PermataBank mengadakan PermataBank National Business Case Competition (PNBCC) pertama kalinya. Yuk para Gen Z bisa baca selengkapnya di #marketeers yaa https://t.co/j1j3pV3gsC","1552292891300708354","","","in","www.marketeers.com","0","0","0","https://x.com/the_marketeers/status/1552292891300708354","79957943","the_marketeers"
"1546431749713903616","Mon Jul 11 09:50:35 +0000 2022","7","Ugm_fess Udah mau masuk dunia magang tapi masih bingung cara ngasah skill dan mengenal budaya profesional? yuk ikutan webinar plus sharing-sharing mengenai pengelolaan waktu dan finansial mahasiswa di: Vocarier: A Way to Upgrade Your Life Management as Gen Z in Era (cont) https://t.co/ss15E92vbi","1546431749713903616","https://pbs.twimg.com/media/FXYHezaVUAARt4T.jpg","","in","RULES","0","1","4","https://x.com/UGM_FESS/status/1546431749713903616","1277749122296983552","UGM_FESS"
"1546365637135826945","Mon Jul 11 05:27:52 +0000 2022","0","Wahai Gen Z bersiaplah utk bebas finansial di masa dpn https://t.co/wdOaSsaAUl","1546365637135826945","","","in","DKI Jakarta, Indonesia","0","0","0","https://x.com/nuryantidewi78/status/1546365637135826945","3236704392","nuryantidewi78"
"1544285131355000832","Tue Jul 05 11:40:41 +0000 2022","1","Gen Z merapat yukk biar melek finansial @damzelhan untuk #1minggu1cerita https://t.co/RoUnquYvYU","1544285131355000832","","","in","Indonesia","0","0","1","https://x.com/1minggu1cerita/status/1544285131355000832","4887505149","1minggu1cerita"
"1540690127424348161","Sun Jun 26 03:35:56 +0000 2022","0","@cecil1aa @AREAJULID orang tua kolot jaman orba yang bikin gen z kena pressure buat cepet2 nikah. mereka tuh selalu menyamakan jaman mereka buat nikah cepet2 tanpa mempertimbangkan mental finansial emosional. giliran pas udah nikah banyak masalah mereka lepas tangan bgst","1540901649647955968","","nofrman","in","","0","0","0","https://x.com/WatashiNining/status/1540901649647955968","1252497242507730944","WatashiNining"
"1537842004293521408","Fri Jun 17 16:58:00 +0000 2022","0","IndoGold dan https://t.co/mJXmRYp5ZO Ajak Gen Z untuk Tingkatkan Literasi Finansial. https://t.co/rNXjA4tjf0","1537842004293521408","","","in","Surabaya","0","0","0","https://x.com/pustakalewi/status/1537842004293521408","752419508","pustakalewi"
"1537482649341571072","Fri Jun 17 07:52:06 +0000 2022","0","@tanyakanrl justru kata gue gen z udh mulai tau soal mental health itu perkembangan yg bagus. jd di gen selanjutnya gaada lg deh tuh yg bakal ngerasain ky org2 skrg yg pada kurang kasih sayang kurang fasilitas kurang finansial dll. kalo pemikirannya masih sama ky org dulu2 ya bakal-","1537704624261459968","","jialmond_soul","in","","0","1","0","https://x.com/jialmond_soul/status/1537704624261459968","1377036765802819588","jialmond_soul"
"1537297415799132161","Thu Jun 16 04:54:00 +0000 2022","0","IndoGold dan https://t.co/mJXmRYGGRm Ajak Gen Z untuk Tingkatkan Literasi Finansial. https://t.co/rNXjA4KU6y","1537297415799132161","","","in","Surabaya","0","0","0","https://x.com/pustakalewi/status/1537297415799132161","752419508","pustakalewi"
"1537259126258307072","Thu Jun 16 02:21:51 +0000 2022","0","COMING SOON!!! Tonton dan dengerin keseruan tim Alpha membahas isu-isu (khususnya finansial) yang relate banget sama kondisi para Milenial &amp; Gen Z saat ini. Hopefuly sih bisa bikin kamu lebih punya aura positif dalam mengejar financial freedom. Tungguin ya Sobat Alpha https://t.co/RT6zJnWD3s","1537259126258307072","https://pbs.twimg.com/media/FVVw_PlaMAEslEk.jpg","","in","","0","0","0","https://x.com/Alpha_investasi/status/1537259126258307072","1453693726153330691","Alpha_investasi"
"1537044499679133697","Wed Jun 15 12:09:00 +0000 2022","0","IndoGold dan https://t.co/mJXmRYp5ZO Ajak Gen Z untuk Tingkatkan Literasi Finansial. https://t.co/rNXjA4tjf0","1537044499679133697","","","in","Surabaya","0","0","0","https://x.com/pustakalewi/status/1537044499679133697","752419508","pustakalewi"
"1536983292255272960","Wed Jun 15 08:05:47 +0000 2022","0","IndoGold Ajak Gen Z untuk Tingkatkan Literasi Finansial https://t.co/1hvH059Coo","1536983292255272960","","","in","Indonesia","0","0","0","https://x.com/YoungsterID_/status/1536983292255272960","4676959050","YoungsterID_"
"1533467151176110080","Sun Jun 05 15:13:53 +0000 2022","2","minta referensi influencer IG yg ngomongin finansial dgn gaya bahasa gen Z atau milenial dong? wat w follow niih selain felicia putri kokocuan fellexandro tapi","1533467151176110080","","","in","","0","0","1","https://x.com/ikbalsattari/status/1533467151176110080","196031290","ikbalsattari"
"1533408376755220480","Sun Jun 05 11:20:21 +0000 2022","0","Milenial dan gen Z menjawab: Kan aku tidak minta dilahirkan harusnya kalo punya anak finansial juga harus dipenuhi dong jangan asal beranak tanpa persiapan matang .","1533408376755220480","","","in","","0","0","0","https://x.com/JujuPoil/status/1533408376755220480","1182715464083886080","JujuPoil"
"1533035042737295360","Sat Jun 04 10:36:51 +0000 2022","1","Enggak cuma buat gen z kesalahan finansial ini enggak boleh dilakukan sama semua generasi~ Penasaran gak? Cek postingan aku yang ini yaa. https://t.co/FK3OWWayaj","1533035042737295360","https://pbs.twimg.com/media/FUZFNdfUcAAI4tK.jpg","","in","Indonesia","0","1","0","https://x.com/IDWeCare/status/1533035042737295360","3314568247","IDWeCare"
"1532654851028422656","Fri Jun 03 09:26:06 +0000 2022","1","minta referensi influencer IG yg ngomongin finansial dgn gaya bahasa gen Z atau milenial dong? wat w follow niih selain felicia putri kokocuan fellexandro tapi","1532654851028422656","","","in","Indonesia","0","4","0","https://x.com/jsscaprmrth/status/1532654851028422656","341962679","jsscaprmrth"
"1532646717069197312","Fri Jun 03 08:53:47 +0000 2022","0","Gen Z penyuka wisata tapi terancam krisis finansial #Headlines #epaperkoransindo #finansial https://t.co/uUdd6VyP97","1532646717069197312","https://pbs.twimg.com/ext_tw_video_thumb/1532646674161471488/pu/img/cJh5Vpd7iAiBTsKW.jpg","","in","ÜT: -6.184201,106.829548","0","0","0","https://x.com/PungPurwanto/status/1532646717069197312","131800607","PungPurwanto"
"1531814345986154496","Thu Jun 02 11:15:54 +0000 2022","0","@MedpressDigital Sudah bisa ditebak saat Gen Z &amp; Millenial tidak menerapkan Literasi Finansial yg baik dlm hidupnya maka endingnya pasti jatuh ke dlm jurang kemiskinan. Kita tdk bisa menutup mata soal ini faktanya dari berbagai sumber sudah terlalu banyak. https://t.co/zjVSeMC60E","1532320093581234177","","fahmifasolasido","in"," 🇮🇩INDONESIA ","0","0","0","https://x.com/fahmifasolasido/status/1532320093581234177","270277413","fahmifasolasido"
"1531814345986154496","Thu Jun 02 11:06:49 +0000 2022","0","@MedpressDigital Ini sebagai salah satu cara untuk memutus rantai kemiskinan. Selain kebijakan pemerintah edukasi Literasi Finansial ini Fundamental bgt buat menunjang kesuksesan Gen Z &amp; Millenial Indonesia. Mengacu pada Data Penduduk miskin itu sebagian besar Literasi Finansialnya rendah. https://t.co/A1T4rcxgYL","1532317809950466048","https://pbs.twimg.com/media/FUPi3pCagAA39I1.jpg","","in"," 🇮🇩INDONESIA ","0","1","0","https://x.com/fahmifasolasido/status/1532317809950466048","270277413","fahmifasolasido"
"1527973238310981632","Sat May 21 11:23:03 +0000 2022","6","Teras Belajar x IndoGold: Melek Investasi Ala Gen Z Jangan ngaku Gen Z kalau masih belum melek investasi! Sebagai anak muda kita harus melek finansial lho! Terutama investasi untuk menjamin masa depan kita. Yuk pelajari investasi bersama speaker keren kita https://t.co/67ik724Kbx","1527973238310981632","https://pbs.twimg.com/media/FTRzjSkVUAAKGRq.jpg","","in","Jakarta Capital Region","0","1","0","https://x.com/_pemimpinid/status/1527973238310981632","1239770482703863808","_pemimpinid"
"1522426431535415296","Fri May 06 13:29:50 +0000 2022","6","@naaazzzs @lilaccountz Gen Y&amp;Z: kita ini udah melek finansial melek investasi mikirin dana pensiun asuransi informasi udah banyak ga kayak orang tua kita dulu etc etc.. Also Gen Y&amp;Z: Males top up ah paylater aja","1522569326334976001","","naaazzzs","in","ÜT: -6.169715,106.867584","1","0","0","https://x.com/labsproject05/status/1522569326334976001","78523932","labsproject05"
"1517625663712559104","Fri Apr 22 22:05:29 +0000 2022","0","Gue termasuk Gen Z yg mengalami naik trun ny finansial dan meraskan stres gra2 d bohongin oleh perushaan. Tpi tidak jera dengan apa yg d tekuni karena semua sudah tenggelam hrus d telusuru lebih dlam bagaimna pun keadaan tsb.","1517625663712559104","","","in","","0","0","0","https://x.com/expressiveform/status/1517625663712559104","1102216972366864384","expressiveform"
"1517173023119650817","Thu Apr 21 22:41:04 +0000 2022","10","@Taula_ Dan gue as a gen z yg sll hidup dizona nyaman akhirnya mikir buat gausahlah punya anak klo finansial masih umr kaya ngrepotin diri sendiri bgt. Guenya susah anak susah dan mungkin bakal ngrepotin ortu gue lagi. Gue gamau cukup sampe sini aja ngrepotin ortu gue ga lagi lagi+","1517272231877156864","","ensiklopejoon","in","","1","1","1","https://x.com/ensiklopejoon/status/1517272231877156864","1195515644940189698","ensiklopejoon"
"1514583414346637315","Thu Apr 14 12:36:40 +0000 2022","0","ini keknya berlaku buat gen z yg finansial keluarganya bagus. as anak pertama dari keluarga yg b aja gue boro mikirin mau resign krn gacocok sm lingkungan kerjanya yg ada gue makin stress klo nnti ujung nya nganggur lg gbs bantu ortu","1514583414346637315","","","in","yorozuya ","0","1","0","https://x.com/swizzlecliffo/status/1514583414346637315","1442711285267791877","swizzlecliffo"
"1513880024486940673","Thu Apr 14 12:01:31 +0000 2022","0","@uwumetawin Salah satunya itu tapi alasan ini kurang komprehensif karena ga represent semua lapisan misalnya gen z millenials yang ga ada sumber finansial dan harus support finansial keluarga tapi skill dan akses terbatas. Apalagi di Indonesia :)","1514574568316235779","","uwumetawin","in","Buitenzorg","0","0","0","https://x.com/ipikibir_kimi/status/1514574568316235779","804574098995036160","ipikibir_kimi"
"1511285913569030149","Tue Apr 05 10:13:34 +0000 2022","0","Presiden: Milenial dan Gen Z Harus Melek Finansial dan Teknologi. Kaum muda juga harus bisa menguasi teknologi digital mengingat hampir semua aktivitas saat ini sangat bergantung pada perangkat digital. https://t.co/IafKf8hEPv","1511285913569030149","","","in","Jakarta - Indonesia","0","0","0","https://x.com/mediaindonesia/status/1511285913569030149","68930552","mediaindonesia"
"1510075606972903432","Sun Apr 03 00:40:38 +0000 2022","1","@ainunrozi Akutu kadang mikir. Apa gara gara mereka lahir dari generasi boomber ya jadi kayak masi kebayang bayang kemiskinan dll akhirnya memperkaya diri terus. Aku bayangin jika gen Z yang sudah sadar finansial sejak dini sudah melimpah malah bagus nanti kepempinannya. Mudah mudahan","1510416951733936131","","ainunrozi","in","indonesia","0","0","0","https://x.com/jebrawpetra_/status/1510416951733936131","438802598","jebrawpetra_"
"1506434535034343424","Wed Mar 23 00:56:03 +0000 2022","18","Indonesia berpenduduk 237 juta yg mayoritas gen z yaitu sdg mencari pekerjaan baru/jenis usaha baru. Teknologi dgn finansial akan tumbuh serta logistik. Bidang ini perlu terus kita gali utk menemukan jenis usaha yg terus tumbuh ke depannya @erickthohir #DenganETMerdekaBerdaulat https://t.co/eUXyABE7TR","1506434566831341568","https://pbs.twimg.com/media/FOfuQUKakAk8_Oz.jpg","CassandraZahraa","in","","0","1","15","https://x.com/CassandraZahraa/status/1506434566831341568","1243076846515662848","CassandraZahraa"
"1505040302121578501","Sat Mar 19 04:35:44 +0000 2022","3","Gen Z melihat gen2 sebelumnya tuh trllu menyakitkan. At least sblm memutuskan buat menikah dan punya anak siapin diri dulu. Minimal merasa cukup scr finansial utk punya tgg jawab baru. Berbakti itu kewajiban. Tapi jgn membebankan anak sbg investasi yg suatu saat hrs balas budi ","1505040302121578501","","","in","Surabaya, Indonesia","0","1","0","https://x.com/miapikxy/status/1505040302121578501","2454975744","miapikxy"
"1495972917112610819","Tue Feb 22 11:15:26 +0000 2022","1","@hiakutika_ @IamYogas @infotwitwor_ Sori yang dibahas disini soal isi konten'nya bukan soal gaya hidup atau apalah itu saya tidak peduli dan ga iri karena alhamdullilah finansial saya juga sudah lebih dari cukup. Bukan masalah skip doang'nya susah emng kalau mbahas ginian sama gen z yg ga paham algoritm platform.","1496081191359107076","","takitikakita","in","Kota Semarang, Jawa Tengah","0","2","0","https://x.com/khokomint/status/1496081191359107076","394508367","khokomint"
"1495437885373566977","Sun Feb 20 16:39:10 +0000 2022","0","Gen Z yg Lahir 1998 : Lahir pas Krisis Moneter + Growing pas 2008 ketemu Krisis Finansial Global + Akhir masa remaja di 2019 dihadapkan pandemi covid.","1495437885373566977","","","in","Yogyakarta, Indonesia","0","0","0","https://x.com/ariefffbud/status/1495437885373566977","545981076","ariefffbud"
"1495009363928711170","Sat Feb 19 12:16:22 +0000 2022","3","Emang debat tentang millenials gen z dll miskin karena keseringan jajan itu pointless sih. Bilang orang gak bertanggung jawab secara finansial cuma karena sering jajan kopi boba atau semacamnya ini gak tepat sama sekali.","1495009363928711170","","","in","Jakarta","0","1","0","https://x.com/vigicaraka/status/1495009363928711170","58384642","vigicaraka"
"1492000578519584768","Fri Feb 11 05:00:32 +0000 2022","0","Menjadi mandiri secara finansial dan tidak bergantung pada orang tua menjadi impian gen Z. Coba deh beberapa ide side hustle yang bisa kamu lakukan berikut ini! https://t.co/LWHCeI0uMO https://t.co/ZF9DwBqy49","1492000578519584768","https://pbs.twimg.com/media/FLSmnllXMAcrGFM.jpg","","in","Jakarta dan Bandung","0","0","0","https://x.com/finansialku/status/1492000578519584768","1371870937","finansialku"
"1491614071161974785","Thu Feb 10 03:24:42 +0000 2022","1","Gen Z Ayo Cari Cuan Dengan Side Hustle! Menjadi mandiri secara finansial dan tidak bergantung pada orang tua menjadi impian gen Z. Coba deh beberapa ide side hustle yang bisa kamu lakukan berikut ini. https://t.co/rJsiUxt1ao","1491614071161974785","https://pbs.twimg.com/media/FLNF8TFVkAQ1tDD.jpg","","in","","0","1","0","https://x.com/gadaimobilmotor/status/1491614071161974785","1470947622424748033","gadaimobilmotor"
"1486607433011122179","Thu Jan 27 07:50:06 +0000 2022","0","Ada Kak Felicia Putri Tjiasaka Bpk Henky Suryaputra (Finance and Business Planning Director Bank Sahabat Sampoerna) &amp; Olga Agata bahas ttg gmn spy generasi milenial &amp; gen z bijak finansial dg byk godaan dr ecommerce &amp; medsos @sampoernamb_id #LEBIHYAKIN #SAMPOERNAMOBILEBANKING","1486607433011122179","","","in","Bandung","0","0","0","https://x.com/EuisSriNur/status/1486607433011122179","1479771402","EuisSriNur"
"1480664586021793792","Mon Jan 10 22:15:21 +0000 2022","1","Millenial mendekati Gen Z napa banyak ketipu investasi aneh dah Ketipunya pun ga sedikit bisa ratusan juta Pertanyaannya apa mereka ga melek finansial atau ga ada common sense tentang itu?","1480664586021793792","","","in","","0","0","0","https://x.com/TerongLompat/status/1480664586021793792","1191885479039258624","TerongLompat"
"1480140728286081026","Sun Jan 09 12:01:26 +0000 2022","0","@psychotropycqa haduh cape ngobrol sama gen z yg tidak melek finansial wkwk","1480147700544729092","","psychotropycqa","in","Bogor, Jawa Barat","0","1","0","https://x.com/srikitiww/status/1480147700544729092","1011070061556011008","srikitiww"
"1478018118156840964","Mon Jan 03 15:03:37 +0000 2022","0","@sayangdiIuc Betul. Terutama para Gen Z yang belum siap mental dan finansial. Disini juga ortunya korban sudah diberi balasan dari Yang Maha Kuasa.","1478019221749600257","","sayangwrio","in","Midnight City","0","0","0","https://x.com/ReikazuRei/status/1478019221749600257","1347129132216320004","ReikazuRei"
"1465984164721795074","Wed Dec 01 10:00:36 +0000 2021","5","Milenial dan Gen Z lagi ramai-ramainya belajar tentang investasi. Kamu sendiri udah mulai belum? Jadi anak muda sekarang harus melek finansial terutama investasi untuk menjamin masa depan. Jangan ditunda-tunda.. Yuk pelajari produknya pahami caranya dan mulai berinvestasi! https://t.co/qu0Jq61bGl","1465984164721795074","https://pbs.twimg.com/media/FFg4z2QXoAEtqLI.jpg","","in","Indonesia","0","0","0","https://x.com/PermataBank/status/1465984164721795074","293414812","PermataBank"
"1462312596313280512","Sun Nov 21 06:51:06 +0000 2021","0","Kopisyop ini juga kebanyakan pricey menurut target marketnya yang kebanyakan gen z yang belom finansial stable","1462312596313280512","","","in","gangnam","0","0","0","https://x.com/matabicara_/status/1462312596313280512","1217102261014294528","matabicara_"
"1461862737647075330","Sat Nov 20 01:03:31 +0000 2021","0","kita para millenial dan gen z ini sebenernya melek finansial cuman duitnya aja yg gapunya jir","1461862737647075330","","","in","","0","0","0","https://x.com/enkanomiyan/status/1461862737647075330","2493862681","enkanomiyan"
"1456647585289048064","Fri Nov 05 15:40:22 +0000 2021","0","Tapi gen z kuakui sgt cakap digital Aku jg percaya mereka lebih cerdas (scr IQ) krn para orang tua mereka mulai dirawat oleh sistem kesehatan utk mempersiapkan kehamilan secara baik seperti skrining pranikah suplementasi dan nutrisi kematangan psikologis dan finansial dsb.","1456647586991902723","","veacorsiva","in","popalisce","0","1","0","https://x.com/veacorsiva/status/1456647586991902723","1316042171821158400","veacorsiva"
"1451046080217452551","Thu Oct 21 04:41:59 +0000 2021","0","Yang bermasalah split bill anak anak gen z yang baru masuk kuliah. Yang ikutan komen millenial mid 30s yang udah settle secara finansial dan pekerjaannya. Tapi gapapa twitter tempatnya beropini bodoh ","1451046080217452551","","","in","Shadow Striker, Classic no. 10","0","1","0","https://x.com/MahfuzHadi/status/1451046080217452551","134324248","MahfuzHadi"
"1447127530108960768","Sun Oct 10 09:11:04 +0000 2021","0","Tips Finansial untuk Para Milenial dan Gen Z yang Lengkap di Fortune Indonesia https://t.co/Yl9mgeG9CN https://t.co/XQaeDPwgix","1447127530108960768","https://pbs.twimg.com/media/FBU60e4VQAYWaO3.png","","in","","0","0","0","https://x.com/pencaker/status/1447127530108960768","3062499644","pencaker"
"1447127526602526730","Sun Oct 10 09:11:03 +0000 2021","0","Tips Finansial untuk Para Milenial dan Gen Z yang Lengkap di Fortune Indonesia https://t.co/nPawMrbwQ7","1447127526602526730","","","in","","0","0","0","https://x.com/Wufins/status/1447127526602526730","2891326196","Wufins"
"1447064696813756416","Sun Oct 10 05:01:23 +0000 2021","0","Tips Finansial untuk Para Milenial dan Gen Z yang Lengkap di Fortune Indonesia https://t.co/b4Io7w4BRJ","1447064696813756416","","","in","","0","0","0","https://x.com/7tren/status/1447064696813756416","4702691795","7tren"
"1442756921702764545","Tue Sep 28 07:43:49 +0000 2021","0","gen z makin ngebut generasi gue mentok dan terbentur finansial serta realita wkwkwkwk","1442756921702764545","","","in","Bogor, Jawa Barat","0","1","0","https://x.com/kw100_/status/1442756921702764545","425613462","kw100_"
"1433236801309794309","Thu Sep 02 01:14:16 +0000 2021","0","Dominasi Gen Z dan Milenial di Pasar Modal Melek Finansial atau Sekadar Tren? https://t.co/ucTNBzIZKl","1433236801309794309","","","in","Jakarta Pusat, DKI Jakarta","0","0","1","https://x.com/swamediainc/status/1433236801309794309","38128899","swamediainc"
"1431307112701956096","Fri Aug 27 17:26:22 +0000 2021","0","Alive Powered by Generali Jawab Dilema Finansial Milenial &amp; Gen Z https://t.co/YKAZpJABvk","1431307112701956096","","","in","Jakarta Pusat, DKI Jakarta","0","0","0","https://x.com/swamediainc/status/1431307112701956096","38128899","swamediainc"
"1418991878578401281","Sat Jul 24 17:50:02 +0000 2021","0","gen z itu generasi yg kecilannya lgsg dihadapkan sama era teknologi. bebas ke segala informasi dan sejak muda dituntut berpikiran realistis. kek mana realistisnya? ya secara material finansial dan lain². persaingan sebaya yg ketat standar pendidikan tinggi biaya yg ga dikit.","1418991878578401281","","","in","","0","1","0","https://x.com/manifeskata/status/1418991878578401281","1340100846973898752","manifeskata"
"1412016771020726274","Mon Jul 05 11:53:27 +0000 2021","1","(2/4) ...kerugian finansial. Dalam rangka edukasi asuransi kerugian guna meraih perlindungan finansial BEM FEB UI bekerja sama dengan Asuransi Bina Dana Arta mengajak kalian belajar asuransi pada acara Webinar Literasi Keuangan: Pentingnya Asuransi Kerugian bagi Gen Z ...","1412016773268865025","","BEMFEBUI","in","Kampus UI, Depok","0","1","0","https://x.com/BEMFEBUI/status/1412016773268865025","223350305","BEMFEBUI"
"1405363153114832899","Thu Jun 17 03:14:20 +0000 2021","0","Gen Z yg pertengahan bulan bokek tu bukan krn hedon tapi emg dasar tiap di ajak sama siapapun hayu aja terus gimana ga ancur finansial.","1405363153114832899","","","in","nowhere","0","0","0","https://x.com/priabaikbike/status/1405363153114832899","557391209","priabaikbike"
"1394608765828308996","Tue May 18 11:00:15 +0000 2021","0","Upaya HSBC dan PJI Bangun Kemapanan Finansial Gen Z. https://t.co/L0yFoT54Ug","1394608765828308996","","","in","www.marketeers.com","0","0","0","https://x.com/the_marketeers/status/1394608765828308996","79957943","the_marketeers"
"1393552092690886661","Sat May 15 13:01:24 +0000 2021","0","DScussion: Ternak Uang dan Misinya Memperluas Edukasi Finansial untuk Millennial dan Gen Z https://t.co/F6zERIyrzy","1393552092690886661","","","in","Indonesia","0","0","0","https://x.com/dailysocial/status/1393552092690886661","23046757","dailysocial"
"1393189152003280899","Fri May 14 12:59:12 +0000 2021","0","Kenapa porsi pembagiannya seperti itu ya??? 50% biaya sandwich gen 28.33% buat kebutuhan anda ditempat kerja (1 org) 21.66% buat kebutuhan istri+2 anak+anda yg tentunya minta makan (4 org) Ceraiin aja mas kalo belum siap mental dan finansial jangan ngajak anak orang susah","1393189152003280899","","","in","0407","0","2","0","https://x.com/stan96z/status/1393189152003280899","361655915","stan96z"
"1290467073399955461","Tue Aug 04 01:58:20 +0000 2020","7","Hmm jadi pengen bikin podcast ngomongin soal finansial terutama buat anak milenial dan gen z bareng papa kayaknya seru","1290467073399955461","","","in","Enschede, Nederland","0","8","0","https://x.com/HafidzAfy/status/1290467073399955461","69863325","HafidzAfy"
"1289848657655656448","Sun Aug 02 09:00:58 +0000 2020","1","Acara yang berbasis online ini merupakan sebuah upaya untuk mengajak milenial dan gen Z untuk bisa memahami dunia finansial. https://t.co/z5ChJQjDSU","1289848657655656448","","","in","www.marketeers.com","0","0","0","https://x.com/the_marketeers/status/1289848657655656448","79957943","the_marketeers"
"1288489986698993672","Wed Jul 29 15:02:06 +0000 2020","2","Acara yang berbasis online ini merupakan sebuah upaya untuk mengajak milenial dan gen Z untuk bisa memahami dunia finansial. https://t.co/z5ChJQ231m","1288489986698993672","","","in","www.marketeers.com","0","0","2","https://x.com/the_marketeers/status/1288489986698993672","79957943","the_marketeers"
"1287968595243405314","Tue Jul 28 04:30:17 +0000 2020","2","Acara yang berbasis online ini merupakan sebuah upaya untuk mengajak milenial dan gen Z untuk bisa memahami dunia finansial. https://t.co/z5ChJQ231m","1287968595243405314","","","in","www.marketeers.com","0","0","0","https://x.com/the_marketeers/status/1287968595243405314","79957943","the_marketeers"
"1273488173532938240","Thu Jun 18 06:29:17 +0000 2020","0","@detiksport Kalo masalahnya finansial bisa dimaklumi tapi kalo masalahnya gerontokrasi ya regenerasi. Toh EPL bisa jadi bait juga buat ngenalin acara2 TVRI ke Gen Z.","1273503030978068480","","detiksport","in","Kota Bandung, Jawa Barat","0","0","0","https://x.com/faithprogress/status/1273503030978068480","81836775","faithprogress"
"1235524166519885825","Thu Mar 05 11:14:50 +0000 2020","3","Tahukah Smart People jika Generasi Z tercatat sebagai generasi yang menduduki peringkat teratas untuk kecemasan finansial? Nah TIA kasih tahu apa saja ancaman keuangan yang ditakuti oleh gen z! . #TuguInsurance #ReachNewHeights #BeraniLebihBaik #KecemasanKeuangan #KeuanganGenZ https://t.co/6Hqb9QRMt5","1235524166519885825","https://pbs.twimg.com/media/ESV2rbvUwAIiilw.jpg","","in","DKI Jakarta","0","1","0","https://x.com/tuguinsurance/status/1235524166519885825","2217154892","tuguinsurance"
"1215396692926746625","Thu Jan 09 22:15:27 +0000 2020","0","Yrl Mendekati usia 20 tahun gatau kenapa banyak banget kecemasan entah soal jodoh pendidikan dan finansial. Buat gen Z kelahiran 2000 sharing dong target 5-10 tahun kedepan kalian ","1215396692926746625","","","in","RULES TAP LINK ‼️","0","3","1","https://x.com/your2rl/status/1215396692926746625","1601505026","your2rl"
"1215395587614359553","Thu Jan 09 22:11:03 +0000 2020","0","Mendekati usia 20 tahun gatau kenapa banyak banget kecemasan entah soal jodoh pendidikan dan finansial. Buat gen Z kelahiran 2000 sharing dong target 5-10 tahun kedepan kalian ","1215395587614359553","","","in","","0","0","0","https://x.com/wipilarpa/status/1215395587614359553","1024610447847116802","wipilarpa"
