"conversation_id_str","created_at","favorite_count","full_text","id_str","image_url","in_reply_to_screen_name","lang","location","quote_count","reply_count","retweet_count","tweet_url","user_id_str","username"
"1873736661957505415","Mon Dec 30 14:23:27 +0000 2024","2","Kadang bingung dgn gen Z. Untuk company yg cukup bagus untuk meningkatkan skil experience network dan carier path. Apa gaji 7 juta di Semarang buat fresh grad masih kurang dan setidak menarik itukah ? Ketika aku tanya mrk mending gabut dirumah drpd ambil opportunity","1873736661957505415","","","in","Kota Semarang, Jawa Tengah","0","1","0","https://x.com/radenmasabimana/status/1873736661957505415","1780425519198240768","radenmasabimana"
"1873633872555954422","Mon Dec 30 07:35:00 +0000 2024","0","Kesenjangan Harapan Gaji dan Realita Dunia Kerja untuk Gen Z https://t.co/XrS5L6hCpF","1873633872555954422","","","in","DKI Jakarta, Indonesia","0","0","0","https://x.com/the_geotimes/status/1873633872555954422","2366754955","the_geotimes"
"1873533058131120512","Mon Dec 30 00:54:24 +0000 2024","0","penat tau layan gen z sekarang ni nak gaji besar tapi xnak tanggungjawab besar xleh kena tegur xleh pushy...mampuih","1873533058131120512","","","in","Kajang, Selangor","0","0","0","https://x.com/ameersic/status/1873533058131120512","3246120229","ameersic"
"1873262145099747765","Sun Dec 29 06:57:53 +0000 2024","0","gaji gen z abis sama apk premium","1873262145099747765","","","in","Jakarta Capital Region","0","1","0","https://x.com/bbbilabil/status/1873262145099747765","1114325025190846464","bbbilabil"
"1873065921063145803","Sun Dec 29 02:52:47 +0000 2024","0","@Heraloebss Ga mungkin bisa..gen Z maunya gaji seperti di eropa..minimal 50 juta/bln.","1873200461387628944","","Heraloebss","in","Tanjung Priok, Indonesia","0","1","0","https://x.com/G3nX_files/status/1873200461387628944","1347031551771430912","G3nX_files"
"1872861328521515458","Sat Dec 28 18:34:25 +0000 2024","0","@worksfess Sama tampilan rapih itu point plus hr bgt sih harus rapih dan wangi. Aktif bertanya apalagi hr nya gen z. Usahakan perusahaan tsb bisa umr apa engga. Karna biasanya kalah sama yang offer gaji lebih rendah dr pd kita","1873075045767233945","","ElzLn_","in","","0","0","0","https://x.com/ElzLn_/status/1873075045767233945","1613562490063065089","ElzLn_"
"1872924955467563144","Sat Dec 28 08:38:01 +0000 2024","0","Ga sengaja denger 2 anak gen z ngobrol ttg masuk kerja 2 hari di salah satu resto jogja. Gw gatau ya apa krn pas liburan atau emg ketentuan jam kerjanya tp 10 jam loh. Hah? Gmn? 10 jam kerja? Emg wajar ya? Gaji umr jogja lah ya gausah ditanya tp gatau dpt benefit apalagi","1872924955467563144","","","in","Indonesia","0","1","0","https://x.com/_dechan/status/1872924955467563144","89887542","_dechan"
"1872297130943271362","Sat Dec 28 04:05:30 +0000 2024","1","@Sahlan_Holic @tama_dewantara @CsKojer @labiebsadat Terus maunya apa di bilang sty mundur salah sty bertahan juga salah..di kasi Target salah ? Terus buat apa bayar mahal gaji STY sebagai pelatih Target itu perjuangkan kalo tidak mau berjuang ga usah kompitisi Pergi ke eropa biar sadar mental eropa itu bagaimana","1872856375958872378","","Sahlan_Holic","in","","1","1","1","https://x.com/alexand66298416/status/1872856375958872378","1636511635904012289","alexand66298416"
"1872715731726709119","Fri Dec 27 18:46:38 +0000 2024","1","gw banget.... gaji blm segede umr tokyo tapi daily expenses buat makan 60-80an.. blm lagi kalo keluar paling ga 150-200an buat makan doang lagian gmn ye wak mo ditabung2 pun ttep susah buat gen Z mau beli rumah wong diporotin terus sm pemerintah korup","1872715731726709119","","","in","","0","1","0","https://x.com/min00xs/status/1872715731726709119","1610242667400818688","min00xs"
"1872686420176806139","Fri Dec 27 16:52:50 +0000 2024","25","@convomf Gini nder kebanyakan dari kita marah karena ada alasan tertentu contohnya soalnya gaji yg kurang dan lapangan kerja masih sedikit. Belum gen z yg ngeluh klo nyari kerja kriterianya terlalu wow jdi seolah mereka bergantung banget sama kita. Dan kek skrng aja nyari kerja susah","1872687093509701800","","convomf","in","","0","1","0","https://x.com/kimichaell/status/1872687093509701800","1679452962614312960","kimichaell"
"1872285789842989172","Fri Dec 27 13:49:41 +0000 2024","2","@txtcybr @guesihya Jd inget kpn waktu pernah didebat sm org di thread dia mengagungkan kapitalisme &amp; opininya maaf spt ayahmu kak. Intinya gen z skrg g pantes dpt kerjaan g mau kerja susah nuntut gaji gede mulu. Kalo mau efisien ya jgn hire banyak org hire sedikit org buat kerjain multiple jobs","1872641003745906886","","txtcybr","in","Somerset, NJ","0","0","0","https://x.com/rosemariie007/status/1872641003745906886","1207538814702342144","rosemariie007"
"1872599374301470988","Fri Dec 27 11:04:16 +0000 2024","1","Hai Gen Z! Pernah dengar istilah financial freedom? Itu adalah kondisi di mana kamu punya cukup uang untuk hidup tanpa tergantung pada gaji bulanan. Gimana caranya? Yuk simak beberapa tips penting! ","1872599374301470988","","","in","","0","1","0","https://x.com/lo_myself7/status/1872599374301470988","1568995446273773570","lo_myself7"
"1872598326933364742","Fri Dec 27 11:00:09 +0000 2024","1","Well mungkin angkanya berbeda dengan Indonesia karena standart of living-nya berbeda. Gue penasaran apakah ini fenomena yang mirip terjadi di Indonesia? (Di mana Gen Z merasa butuh punya gaji lebih tinggi untuk merasa sukses) Feel free untuk share opinimu di komen ya","1872598339176501718","","vicarioreinaldo","in","Indonesia","0","1","0","https://x.com/vicarioreinaldo/status/1872598339176501718","167431751","vicarioreinaldo"
"1872590938482323746","Fri Dec 27 10:54:40 +0000 2024","1","@aaindlry kann pstu demand gaji tinggi gosh gen z employees ","1872596956067033445","","aaindlry","in","","0","0","0","https://x.com/adb_ash/status/1872596956067033445","1160555067000291329","adb_ash"
"1872593469602193737","Fri Dec 27 10:40:48 +0000 2024","0","Tadi tuh interview. Aku ditanyain masalah salary terus aku jawab dong dengan jawaban normal minim umr terus dibalas jawabanku dan dibandingkan. Katanya gen Z sekarang kalau ditanya masalah gaji jawabannya umr. Nahh jawaban ku itu udah bener nggak sih? Atau kurang bener?","1872593469602193737","","","in","Klaten Yogyakarta ","0","1","0","https://x.com/pagogoo_/status/1872593469602193737","1637390988279943168","pagogoo_"
"1872271968134934998","Fri Dec 27 10:04:04 +0000 2024","0","@butssz @prwettysmilee @bacottetangga__ Lah itumah jauh ke atas generasi boomer dongo udah terima aja fakta gen z problematik dikit2 burnout maunya flexing mulu udah gaji dikit gaya elit","1872584223435145700","","butssz","in","","0","4","0","https://x.com/AleriJhonson/status/1872584223435145700","1241684967291113472","AleriJhonson"
"1872429732840509924","Fri Dec 27 00:27:12 +0000 2024","14","@worksfess menurutku ada beberapa sih 1. salary (terutama yg dari universitas ternama baru lulus langsung minta gaji tinggi banget padahal no exp) 2. masih banyak yang terjun dulu baru belajar daripada belajar dulu baru terjun 3. gap kompetensi/skill demand vs supply 4. komunikasi waktu","1872439051300794572","","worksfess","in","freiburg","0","0","0","https://x.com/hrdgenz/status/1872439051300794572","1614987151246229504","hrdgenz"
"1871561538219508167","Wed Dec 25 01:43:43 +0000 2024","0","@loysns macamana nak kecam gen z tolak kerja gaji starting 2k","1871733529194979546","","loysns","in","🎧","0","0","0","https://x.com/perperapera/status/1871733529194979546","1013434375139028992","perperapera"
"1869649992534888900","Sun Dec 22 10:25:39 +0000 2024","0","@txtdrpemerintah Siaaaaa benghar bahlil tangkurang gen z rata rata gaji dibawah dua juta blom ngasih ortu blom nabung blom biaya sehari hariii Mun leheng gajih naekk suku bunga naraek teh iemah sukununga naek gajih anger lierrr anying ahhhh bahlil ngentottttt","1870777717337346323","","txtdrpemerintah","in","Bandung Wetan, Indonesia","0","0","0","https://x.com/AbdulRo95555472/status/1870777717337346323","1421424261240016896","AbdulRo95555472"
"1870464166810829037","Sat Dec 21 13:39:43 +0000 2024","0","Semua atasan aku juga gini ngomongnya. tp yg setannya itu ya manusia gen z yg bru kerja 2-3th yg selalu nyari ksalahan anak baru dan sibuk ngurus gaji serta tunjangan aku. monmaap itu rejeki gw kalo lo dlunya cuma dpt gaji pokok jgn salahin gw njir. yg bkin peraturan bkn gw.","1870464166810829037","","","in","","0","0","0","https://x.com/akusukaatidurr/status/1870464166810829037","1228533101984284674","akusukaatidurr"
"1870134600573313331","Sat Dec 21 07:02:21 +0000 2024","7","@tanyarlfes Gue gue termasuk yang nyesel milih bjirr Udahlah nyari kerja susah yang udah kerja juga empot empotan gaji kena potong sana sini apalagi ini ppn naik berimbas kemana mana Shibaallll Kenapa aku wni kenapa aku gen z kenapa aku sandwich gen","1870364164868440291","","tanyarlfes","in","","0","5","0","https://x.com/nrizzie_/status/1870364164868440291","2719393813","nrizzie_"
"1870123303639117855","Fri Dec 20 16:08:51 +0000 2024","3","@timitimiw @worksfess tipikal gen z sdm rendah indo kan gitu skill gaada pengen gaji tinggi kebanyakan alasan","1870139309648671137","","timitimiw","in","","4","9","0","https://x.com/Jemmy_AI/status/1870139309648671137","1275064707959799813","Jemmy_AI"
"1870009806813311351","Fri Dec 20 07:34:16 +0000 2024","0","Posisi Gen Z di Chart BPS 2024: Profesi Gen Z menurut gaji: Main vocalist (Manajer/Direktur usia 25 29 tahun): Gaji Rp11 9 juta/bulan. Maknae line (Teknisi usia 15 19 tahun): Gaji Rp1 2 juta/bulan.","1870009811590623532","","melekinfo_id","in","","0","1","0","https://x.com/melekinfo_id/status/1870009811590623532","1169503755252797441","melekinfo_id"
"1870009806813311351","Fri Dec 20 07:34:16 +0000 2024","0","Fakta Line-Up Gaji Gen Z Menurut Indonesia Gen Z Report 2024 (IDN Research Institute): 56% Gen Z cuma punya pendapatan di bawah Rp2 5 juta/bulan. 26% ada di rentang Rp2 5 juta Rp5 juta. Sisanya? Literally minoritas yang kaya-kaya. Jadi Rp175 juta setahun itu buat siapa?","1870009808503615718","","melekinfo_id","in","","0","1","0","https://x.com/melekinfo_id/status/1870009808503615718","1169503755252797441","melekinfo_id"
"1869967049063276569","Fri Dec 20 04:44:21 +0000 2024","0","Boomer boomer tuh rtrt gini nnti playing victnya gen z g bs kerja malas malasan blabla pdhl rekrut untuk 1 kerjaan yg gaji kek makan ciki skali lewat eh tauny disuruh serba bs carry sama sini","1869967049063276569","","","in","","0","0","0","https://x.com/daily_uyu/status/1869967049063276569","1814850180803665921","daily_uyu"
"1869626616076472726","Thu Dec 19 23:32:44 +0000 2024","413","@PetrolWeeb Gaji seiprit = harus banyak bersyukur Telat semenit = potong gaji Lembur 5 jam = gak ada uang lembur ini loyalitas Boss gak bisa salah kalau perlu harus disembah karena boss merasa TUHAN. Giliran banyak karyawan yg kabur / resign gen z gabisa kerja dikit2 ngeluh ","1869888626596925867","","PetrolWeeb","in","In the desert 🏜 ","1","2","57","https://x.com/indra_emc2/status/1869888626596925867","1603489852775100416","indra_emc2"
"1869695457871479140","Thu Dec 19 10:45:09 +0000 2024","3"," aku gen z tahun ini baru lulus kuliah tahun ini aku baru kerja dan merasakan dapat gaji tpi tahun ini jg mulai digaungkan ppn 12% untuk tahun depan","1869695457871479140","","","in","","0","0","0","https://x.com/convomf/status/1869695457871479140","1314975287294083073","convomf"
"1869682195549548546","Thu Dec 19 09:54:37 +0000 2024","0","BPS 2024: Pendapatan Gen Z berdasarkan pekerjaan: Gaji tinggi: usia 25 29 thn = Rp11 9 juta/bulan. Gaji rendah: Teknisi usia 15 19 thn = Rp1 2 juta/bulan. ️ Mayoritas Gen Z kerja di entry-level bukan posisi direktur. Jd siapa yang katanya ngabisin Rp175 juta? Sultan Gen Z?","1869682741031375089","","melekinfo_id","in","","0","1","0","https://x.com/melekinfo_id/status/1869682741031375089","1169503755252797441","melekinfo_id"
"1869682195549548546","Thu Dec 19 09:53:27 +0000 2024","0","Menurut Indonesia Gen Z Report 2024 (IDN Research Institute): 56% Gen Z berpenghasilan &lt;Rp2 5 juta/bulan. 26% ada di rentang Rp2 5 juta Rp5 juta. Sisanya? Sedikit banget yg dapat lebih dari Rp5 juta. Boro-boro Rp175 juta/tahun hidup dari gaji UMR aja udah perjuangan bestie! ","1869682447618851131","","melekinfo_id","in","","0","1","0","https://x.com/melekinfo_id/status/1869682447618851131","1169503755252797441","melekinfo_id"
"1869665475011207573","Thu Dec 19 08:46:00 +0000 2024","0","dulu aku rasa gen Z ni mengada-2. tapi tak ku sangka yg Gen Y pun ngada je. dah la sebaya aku tapi getik aku dgn perangai kerja nye. kerja nak senang mcm la bg gaji fresh grad. tp dia kata kerja aku senang sbb aku tgok email escalation je. hahaha","1869665475011207573","","","in","","0","1","0","https://x.com/NadiahhM/status/1869665475011207573","254853339","NadiahhM"
"1869647735831548387","Thu Dec 19 07:35:31 +0000 2024","0","Kesenjangan Harapan Gaji dan Realita Dunia Kerja untuk Gen Z https://t.co/XrS5L6iafd","1869647735831548387","","","in","DKI Jakarta, Indonesia","0","0","0","https://x.com/the_geotimes/status/1869647735831548387","2366754955","the_geotimes"
"1869641090669891641","Thu Dec 19 07:09:06 +0000 2024","0","maaf ya aku ngeluhin ini mulu tapi ini memang anjingggg bgt. aku merasa dirugikan pls masih 20 tahun gaji gak UMR gen sandwich pula harus bayar kuliah sendiri beli perintilan kuliah sendiri apa-apa serba sendiri.. mau nangis BAHKAN NANGISPUN SENDIRI YA TUHAN","1869641090669891641","","","in","final boss yapper ","0","1","0","https://x.com/brutallyeepy/status/1869641090669891641","1472269821773434881","brutallyeepy"
"1869638776227831978","Thu Dec 19 06:59:55 +0000 2024","0","Gen Z kudu sabar model gimana lagi ya? Aku sendiri udah ngelewatin badai susahnya nyari kerja pas covid kena layoff udah bisa dapet kerja lagi pun financial perusahaan gabisa maksimal yg dampaknya pengurangan gaji tunjangan fasilitas dll. Ditambah pemrentah kakean polah","1869638776227831978","","","in","","0","1","0","https://x.com/_ariskaf/status/1869638776227831978","3149065705","_ariskaf"
"1869451539250880915","Thu Dec 19 06:21:58 +0000 2024","1","@alumni_monas @hrdbacot Gak kok bang. Gw gen z malah selalu ditipu perusahaan kagak dikasih2 gaji. Gw kapok dan akhirnya ya mutusin bikin usaha sendiri aja. Semoga abang dapat gen z yg bagusan.","1869629226447725004","","alumni_monas","in","Batavia, Oost Indië","0","0","0","https://x.com/blaqshp76/status/1869629226447725004","2274470208","blaqshp76"
"1869554532918723061","Thu Dec 19 03:33:18 +0000 2024","1","@FOODFESS2 Dahlah makan angin aja kita makan angin. Makan angin juga enak pemerintah ngatain gen z kebanyakan ngopi jadi ga akan bisa beli rumah. Woy! Bangun. Ngopi ga ngopi susah beli rumah kalo gaji seuprit dan barang receh kena pajak","1869586779810230525","","FOODFESS2","in","","0","0","0","https://x.com/hellofuturemef/status/1869586779810230525","1171423670692003840","hellofuturemef"
"1869577329812623576","Thu Dec 19 02:55:45 +0000 2024","1","gen z ini baru juga ngerasain punya gaji sendiri baru mau hidup mandiri belum financially stable eh malah dipalak pemerintaaaaah kimak https://t.co/bEKG4QmGFP","1869577329812623576","https://pbs.twimg.com/media/GfISrKLbQAEF5xC.jpg","","in","","0","0","1","https://x.com/sasasasalwa/status/1869577329812623576","1064474904903397377","sasasasalwa"
"1869371329067274341","Wed Dec 18 13:17:10 +0000 2024","0","cape bgt tuh gaji ngepas masih harus nyisihin buat biaya sekolah adek gen z sandwich idup di negara bobrok pemerintah bobrok anjing anjing","1869371329067274341","","","in","","0","0","0","https://x.com/matchaoreong/status/1869371329067274341","1020511544151379974","matchaoreong"
"1869285798509715778","Wed Dec 18 07:37:18 +0000 2024","0","ini gen Z yg mau nikah + beranak juga mikir ribuan kali kalo yg kerja cm silaki dengan gaji umr.","1869285798509715778","","","in","MY","0","0","0","https://x.com/veephoriaaaaa/status/1869285798509715778","957253798073851904","veephoriaaaaa"
"1869263195594260743","Wed Dec 18 06:07:32 +0000 2024","0","Kapan Career Hopping Tepat untuk Gen Z? Strategi yang Tepat: Saat pekerjaan tidak sesuai career goals. Ketika tidak ada ruang untuk belajar &amp; berkembang. Jika tawaran baru lebih menjanjikan (gaji + pengembangan diri). Jangan pindah hanya karena bosan! #CareerPlanning","1869263208923685196","","happyselfbysmi","in","Millennium Centennial Center","0","1","0","https://x.com/happyselfbysmi/status/1869263208923685196","1432369710427897858","happyselfbysmi"
"1869263195594260743","Wed Dec 18 06:07:32 +0000 2024","0","Kapan Career Hopping Tepat untuk Gen Z? Strategi yang Tepat: Saat pekerjaan tidak sesuai career goals. Ketika tidak ada ruang untuk belajar &amp; berkembang. Jika tawaran baru lebih menjanjikan (gaji + pengembangan diri). Jangan pindah hanya karena bosan! #CareerPlanning","1869263206751047770","","happyselfbysmi","in","Millennium Centennial Center","0","1","0","https://x.com/happyselfbysmi/status/1869263206751047770","1432369710427897858","happyselfbysmi"
"1869056590307020924","Tue Dec 17 16:26:31 +0000 2024","0","ppn 12% dan banyak ditemukan anak gen z kemaren milih nomor 2... trus umur kita udah mulai masuk dunia kerja.... trus kebutuhan semua naik... trus lu sandwich gen.... trs.... gaji lo dipake negara buat program yg FAAAKKk.....","1869056590307020924","","","in","","0","1","0","https://x.com/sirophangat/status/1869056590307020924","1775599231736393728","sirophangat"
"1868769345846779962","Tue Dec 17 13:53:18 +0000 2024","4","@tanyarlfes Padahal udah banyak pengamat ekonomi klo gen milenial or gen z itu buat punya properti sangat berat. Apalagi gaji cuman UMR aja itungannya tetep berat walaupun itu mau ngambil KPR pun.","1869018032561176786","","tanyarlfes","in","","0","0","0","https://x.com/jeje_std/status/1869018032561176786","367262601","jeje_std"
"1869005725793763657","Tue Dec 17 13:04:24 +0000 2024","0","selain karna kalo dapet kerja ga yakin dapet yang up to 5jt ya karna keluarga yg mikir anak gen z berarti pinter cari duit abis itu dipalakin deh imagine gaji lu 5jt sebulan dipalak ortu sejuta sebulan tinggal 4jt. nabung sampe 10 tahun ya masih sekitar 40jt","1869005725793763657","","","in","","0","1","0","https://x.com/scaramewt/status/1869005725793763657","1748278193457672192","scaramewt"
"1868860535112188149","Tue Dec 17 03:27:27 +0000 2024","0","Gaji itu rahasia perusahaan atau nggak sih? Jawabannya bisa bikin kamu mikir ulang sebelum share ke kolega. Yuk baca artikel menarik lainnya di link di bio sekarang! https://t.co/8c9YwI2SNO","1868860535112188149","","","in","Yogyakarta City","0","0","0","https://x.com/hrd_genz/status/1868860535112188149","1866338666010075136","hrd_genz"
"1868585522899382546","Tue Dec 17 00:01:44 +0000 2024","0","@romeogadungan bang klo boss antara gen z gen milineal gak bisa kerja sama kah kaya Boomer di pemerintahan?masa iya setiap ngerjain limpahan boss mulai dari 0 lagi ngerjainnya mereka gaji 2 digit setara vesmet primavera tp kerjaan gak ada yg bener ","1868808763400241226","","romeogadungan","in","","0","0","0","https://x.com/charinisan03/status/1868808763400241226","2943048691","charinisan03"
"1868556667782074737","Mon Dec 16 11:35:21 +0000 2024","3","@detikcom Ada video itu udah jelas kekerasan penganiayaan dia juga bisa di gugat depnaker tidak bayar gaji pegawai.. Orang begini besar kepala kalo di lindungi semena mena Mereka tidak belajar kah dari kasus 1998 Ada istilah pribumi nusantara dan pendatang","1868620927682171339","","detikcom","in","","0","0","1","https://x.com/alexand66298416/status/1868620927682171339","1636511635904012289","alexand66298416"
"1805433758474190972","Mon Dec 16 08:43:12 +0000 2024","0","@GabRey99 Gen Z mana mau angkat karung sales sopir truk atau kerja serabutan lain? Mau gaji gede jam kerja santai lingkungan kerja gak toxic skill gak ada hadeh","1868577608339951735","","GabRey99","in","","0","0","0","https://x.com/fufufafagnarly/status/1868577608339951735","1720354447971491840","fufufafagnarly"
"1868560884915970376","Mon Dec 16 07:36:45 +0000 2024","0"," tolonglah kasiani gen z dgn gaji umk ini","1868560884915970376","","","in","Indonesia","0","0","0","https://x.com/ryucchann/status/1868560884915970376","943456270173925376","ryucchann"
"1868535500430283082","Mon Dec 16 06:03:17 +0000 2024","0","Gen Z juga memiliki orientasi karir dan gaya kerja yang berbeda. Mereka cenderung mencari pekerjaan yang memiliki makna dan fleksibilitas bukan sekedar gaji besar. Mereka menghargai keseimbangan antara kehidupan pribadi dan profesional serta menginginkan lingkungan kerja yang https://t.co/GZORUuF6rk","1868537360721572098","https://pbs.twimg.com/media/Ge5g0m6bIAAcQx2.jpg","yeerimc","in","","0","1","0","https://x.com/yeerimc/status/1868537360721572098","964909715665780736","yeerimc"
"1868191904057417895","Sun Dec 15 21:59:19 +0000 2024","0","@dirtytextt Dia gaji 50 juta seleranya bukan kau juga ibu..","1868415568543728044","","dirtytextt","in","","0","0","0","https://x.com/alexand66298416/status/1868415568543728044","1636511635904012289","alexand66298416"
"1868267915122004235","Sun Dec 15 12:12:37 +0000 2024","0","seneng jga sih bisa ngasih gaji gue ke ortu walaupun ga seberapa. mungkin pencapaian ini ga bisa dibandingin. tapi tiap hari gue selalu seneng karena bisa beli apa2 pke duit tabungan sendiri ga pernah minta lebih dri yg dijatahin. semangat para gen z pencari nafkah semuaa ","1868267917911191823","","kiyuuwo","in","free 🇵🇸","0","2","0","https://x.com/kiyuuwo/status/1868267917911191823","1612640707","kiyuuwo"
"1867810900373385724","Sun Dec 15 06:13:10 +0000 2024","0","@txtdoy Bisanya Gen Z orientasinya Result Kerjaan Apalagi dijaman Gen Z perusahaan rata udah nerapin KPI jadi buat apa masalahin pasal cuti dan telat bawahanya toh pasal tersebut adlh HAK karyawan dateng telat juga dipotong gaji. Dari pengalaman gua sbgai Gen z &amp; Lead Tim hahaha","1868177460120232380","","txtdoy","in","Jakarta Pusat, DKI Jakarta","0","0","0","https://x.com/unluckyboy888/status/1868177460120232380","1765054411813117952","unluckyboy888"
"1868173659875283137","Sun Dec 15 05:58:04 +0000 2024","0","Zaizai Gen Z dari China bekerja di 4 tempat sehari demi mencapai target gaji Rp 20-25 juta. Dari pagi hingga malam semangatnya menginspirasi banyak orang.","1868173659875283137","","","in","Moscow - Hawaii","0","0","0","https://x.com/Falahns75/status/1868173659875283137","775993370074238976","Falahns75"
"1868067111534551087","Sat Dec 14 22:54:41 +0000 2024","17","AKUUU dr. Ikhsan gambaran gen z kalo jadi dokter. Dengerin dia cerita berasa masuk ke close friendnya. Moodbooster banget wkwkwkwk Mari kita doakan agar gaji blio yg katanya di bawah UMR itu naik biar bisa beli mesin cuci maksud gue kayak astaghfirullahaladzim ‍️","1868067111534551087","","","in","","0","0","1","https://x.com/sliceofword/status/1868067111534551087","1177401562898919424","sliceofword"
"1867848390274617826","Sat Dec 14 08:42:34 +0000 2024","0","@nizxmshxms Nak complain abt gen z silakan je. Tapi nak compare dgn pekerja bangla mmg x kena. Kita dpt gaji setakat hidup biasa² je. Pekerja bangla boleh hntr duit ke kg buat sara anak bini siap makcik pakcik semua dia boleh sara dgn duit tu. Buat rumah sewakan pula. Dpt lagi duit.","1867852670368985181","","nizxmshxms","in","","0","1","0","https://x.com/chujakucen/status/1867852670368985181","1587039362814201857","chujakucen"
"1867502529506091401","Sat Dec 14 01:10:06 +0000 2024","35","@MALAYSIAVIRALLL @KKMPutrajaya Amik Bangla foreign worker ni lg reliable drpd orang lokal. Percaya lah walaupun layan elok mcm mana pun kerja fnb ni org lokal takkan stay lama sbb byk lg kerja gaji lingkungan sama. Lps tu diorg cpt bosan. Attitude gen z pun byk problem dtg kerja lambat 1 jam tu normal","1867738802984563078","","MALAYSIAVIRALLL","in","","0","0","0","https://x.com/capekylez/status/1867738802984563078","1722265397158895616","capekylez"
"1867543499085951134","Fri Dec 13 12:14:02 +0000 2024","0","Ngatain gen Z gabisa apa2. Eh justru gen Z banyak bisa nya ya. Malah pinter2. Lu tuh gen boomer yg pemalas. Maunya Terima gaji gede tapi kerja gamau","1867543499085951134","","","in","PA","0","0","0","https://x.com/sxtrauberry/status/1867543499085951134","1092313083085635584","sxtrauberry"
"1867449877958893873","Fri Dec 13 06:02:01 +0000 2024","0","Bagi Gen Z kesuksesan tidak lagi hanya diukur dari posisi atau gaji yang tinggi tetapi juga dari kualitas hidup yang seimbang. https://t.co/TdcSt53oRB","1867449877958893873","","","in","Madiun","0","0","0","https://x.com/radarmadiunweb/status/1867449877958893873","1404018642","radarmadiunweb"
"1867186336953958443","Thu Dec 12 12:34:48 +0000 2024","0","Ya gaji secukupnya buat bertahan makan. Trus masih nanya knapa gen z susah beli rumah WOILAH mana harga rumah makin hari makin ngadi ngadi","1867186336953958443","","","in","Indonesia","0","0","0","https://x.com/anti_mannia/status/1867186336953958443","1455562345749508105","anti_mannia"
"1867143388539338775","Thu Dec 12 09:44:08 +0000 2024","0","gen z anak laki laki gaji UMR buat diri sendiri gen z anak laki laki gaji UMR buat diri sendiri keluarga dan bayar ini itu (wkwk)","1867143388539338775","","","in","unknown place","0","0","0","https://x.com/addictedical/status/1867143388539338775","1233364327484121090","addictedical"
"1867039496040222966","Thu Dec 12 02:51:18 +0000 2024","2","gaji gadis gen z cantik (aku) habis buat beli buku dyson dan kelas yoga ","1867039496040222966","","","in","","0","0","0","https://x.com/filleubelle/status/1867039496040222966","771273253","filleubelle"
"1866869815786475681","Wed Dec 11 15:37:03 +0000 2024","0","emang bener gen z abis duit di jajan also gue menjelang 12.12 udah abis setengah gaji gua bray lagi nyari tutorial bertahan hidup 2 minggu kedepan ","1866869815786475681","","","in","","0","0","0","https://x.com/ian_kmg/status/1866869815786475681","1124998864363147264","ian_kmg"
"1866774300595982565","Wed Dec 11 09:17:32 +0000 2024","0","Tapi balik lagi ya ini semua tergantung individunya! Jadi mau generasi apapun pasti punya plus dan minusnya masing-masing Kalo menurut kamu gimana nih coba share dong pengalaman kamu kerja sama Gen Z atau bahkan kamu yang termasuk Gen Z ⬇️","1866774306853884356","","bosshire_id","in","Jakarta Barat, DKI Jakarta","0","0","0","https://x.com/bosshire_id/status/1866774306853884356","1420997327787937792","bosshire_id"
"1866774300595982565","Wed Dec 11 09:17:31 +0000 2024","0","Ada statement menarik nih dari Lisa Widodo - COO &amp; Co-Founder BliBli Indonesia. Kak Lisa bilang Gen Z tuh bukan generasi yang lembek loh malah menurut kak Lisa Gen Z adalah generasi yang conscious yaitu banyak mengakses keterbukaan informasi! ‍️‍️ ⬇️⬇️⬇️","1866774303829790910","","bosshire_id","in","Jakarta Barat, DKI Jakarta","0","1","0","https://x.com/bosshire_id/status/1866774303829790910","1420997327787937792","bosshire_id"
"1866774300595982565","Wed Dec 11 09:17:30 +0000 2024","0","‼️ GEN Z TUH GAK LEMBEK KAYAK KATA SOSMED ‼️ Emang ga ada abisnya ya kalau mau debatin perbedaan generasi di dunia kerja. Terutama Gen Z yang lumayan banyak jadi bahan perdebatan nih ‍. ⬇️⬇️⬇️","1866774300595982565","","","in","Jakarta Barat, DKI Jakarta","0","1","0","https://x.com/bosshire_id/status/1866774300595982565","1420997327787937792","bosshire_id"
"1866506911639810119","Tue Dec 10 15:35:00 +0000 2024","0","bagi gen z menikah itu ga wajib. yang wajib itu shalat dan gaji 2 digit.","1866506911639810119","","","in","ENFP","0","1","0","https://x.com/orlldinary/status/1866506911639810119","1324997750119788545","orlldinary"
"1865866625154748902","Mon Dec 09 02:17:35 +0000 2024","63","@apralzolam Bapak ga tahu? Seragam Gaji dan tunjangan bapak saya yg bayar ","1865943846594711896","","apralzolam","in","Engelberg, Switzerland","0","0","0","https://x.com/GenZ3T/status/1865943846594711896","1257249470623801345","GenZ3T"
"1865801120951812275","Sun Dec 08 16:55:08 +0000 2024","0","depan guys Anak muda : atur saja bang maunya kayak bagaimana hadeh Saya : mau karir seperti apa dia guys Anak muda : mau minta gaji tinggi tapi kalo gak ada pengalaman buat apa bang mending Abang di marketing bisa punya relasi banyak nah gen z iniloh mumet aku ","1865802304324251771","","anggerstars","in","Surabaya, East Java 🇮🇩","0","1","0","https://x.com/anggerstars/status/1865802304324251771","1072460044745076736","anggerstars"
"1865580866895811028","Sun Dec 08 03:34:11 +0000 2024","0","@worksfess Lu nanya gaji 6.8jt yg gen z terutama di jakarta jelas pasti bkl bilang kurang. Lha wong gaji 20jt aja bnyk yg masih punya utang pinjeman sana sini. Apalagi cuma duit segitu. Mungkin bisa beda ceritanya kalo anak dr daerah","1865600738774372512","","QeishaSerenity","in","","0","0","0","https://x.com/QeishaSerenity/status/1865600738774372512","1283264400145580034","QeishaSerenity"
"1865268350131351652","Sat Dec 07 06:24:39 +0000 2024","0","@red_tobacc WKWKWKW RILLL aku udh feeling kalau aku resign/dipecat mereka ga bakal nerima lagi gen z WKWKWK OH ATAU kemungkinan kedua: tetep ambil genz yg fresh grad biar gajinya bisa umr terusssss (krn di aku kemarin ga dikasi peluang sdikit pun buat nego gaji))","1865281247146336526","","red_tobacc","in","","0","1","0","https://x.com/yhngyyl/status/1865281247146336526","1214155987931676672","yhngyyl"
"1864975081891631116","Fri Dec 06 10:08:03 +0000 2024","0","As Gen Z with 2.5 years experience RM3k pun recruiter rasa tinggi gaji tu Nak tak nak kena job hopping.","1864975081891631116","","","in","Apartment no. 699","0","0","0","https://x.com/7reasu12e/status/1864975081891631116","978482319592845315","7reasu12e"
"1864956187957198890","Fri Dec 06 08:52:59 +0000 2024","0","kemarin juga liat di tiktok banyak gen Z yang ternyata punya pinjaman spinjam/paylater puluhan juta bahkan ratusan juta dengan gaji UMR. kok ga takut gitu ya","1864956187957198890","","","in","","0","0","0","https://x.com/bikinmatchalah/status/1864956187957198890","1621822833180696577","bikinmatchalah"
"1864865950325182911","Fri Dec 06 02:54:25 +0000 2024","0","Gen Z bukan sekadar mencari gaji besar. Mereka ingin work-life balance dan fleksibilitas kerja. Kenapa sih fleksibilitas jadi prioritas utama? Yuk bahas lebih lanjut! #GenZWorkLife #FlexibilityMatters https://t.co/mhbpRDORdV","1864865953433162192","https://pbs.twimg.com/media/GeFRrX_bQAAKDoc.jpg","happyselfbysmi","in","Millennium Centennial Center","0","1","0","https://x.com/happyselfbysmi/status/1864865953433162192","1432369710427897858","happyselfbysmi"
"1864220934959452616","Wed Dec 04 08:11:21 +0000 2024","852","hobby gen z : - denial kalo di kasih closure - excited sendirian - membadut - boros berkedok self reward - nego gaji gak ngotak - wajib ngopi padahal aslam - tambahin sendiri.....","1864220934959452616","","","in","","11","217","94","https://x.com/Sisilkrispi_/status/1864220934959452616","1813445511636291584","Sisilkrispi_"
"1864172183997809066","Wed Dec 04 04:57:37 +0000 2024","0","Berani gk bang gaji yang bukan gen z tapi umr kalo nyari orang min umur masih 27 mending diem ","1864172183997809066","","","in","","0","1","0","https://x.com/RanahJuda/status/1864172183997809066","788373079835631616","RanahJuda"
"1864154051178365378","Wed Dec 04 03:45:34 +0000 2024","0","Tim gua 70% Gen Z tapi semua bisa dikontrol dan diarahkan. Lu sebagai owner gabisa nyalahin semua staff lu apa kontroling lu dah jalan? Monthly Training dah berjalan? Yang lebih penting apa gaji mereka sudah sesuai atau belum.","1864154051178365378","","","in","","0","0","0","https://x.com/puadawal/status/1864154051178365378","1184331024139898880","puadawal"
"1864142881537315211","Wed Dec 04 03:01:11 +0000 2024","0","Nyalahin gen z tp bikin persyaratan kerja maksimal umur 25 yg lu harap daftar siapa ya kocak? Bapak lu? Biasa pengusaha pengusaha miskin yg gabisa gaji karyawan bagus nih kerjanya cm ngeluhin beginian doang sakit otak lu","1864142881537315211","","","in","she/her","0","0","0","https://x.com/saotpol/status/1864142881537315211","1203131281","saotpol"
"1863983861052662031","Tue Dec 03 16:48:13 +0000 2024","1","@starsofseungmin Org tua tu suruh buat pdf. Mmg tak lah sia midnight kot. Bukan dapat gaji lebih pon. Bak kata staf gen z ahahaha","1863988623332520437","","starsofseungmin","in","TWICE OT9 & IZ*ONE OT12","0","0","1","https://x.com/mina_miguin/status/1863988623332520437","1066779044207722496","mina_miguin"
"1863827967572631662","Tue Dec 03 14:12:07 +0000 2024","4","@GEMPAK_KGS So perkara ni bukan gen z gen millennials la benda berzaman part gaji tu betul yaa. Hidup YOLO.","1863949339284095273","","GEMPAK_KGS","in","","0","0","1","https://x.com/justmemyself__/status/1863949339284095273","1001003562485276673","justmemyself__"
"1863920749976973475","Tue Dec 03 12:18:31 +0000 2024","0","gapapa dibilang gen z kutu loncat karena pindah tempat kerja mulu yang penting gaji sama jabatan naik teruss","1863920749976973475","","","in","","0","0","0","https://x.com/bunapiss/status/1863920749976973475","871468213887840256","bunapiss"
"1863743120292323345","Tue Dec 03 12:17:13 +0000 2024","0","@pppkguru Ini oot sih tpi kepo opini mimind buat guru yang dah dpt full fasilitas tapi gaji haram adm dibuatin junior ngajar gak pernah atau diinval junior ngata-ngatain guru baru g respek ama budaya sekolah dan keluhan lainnya terhadap guru gen z.","1863920422846443955","","pppkguru","in","UPI Bandung","1","0","1","https://x.com/anchlobri/status/1863920422846443955","738279925","anchlobri"
"1863828008211190022","Tue Dec 03 06:10:00 +0000 2024","0","M: Gen z tuh pilih-pilih banget sih gamau ngerjain kerjaan diluar jobdesk-nya padahal bisa buat belajar Gw: Ya emang ngapain belajar gw dah pinter gamau aja gw cuma mau kerja sesuai gaji yg lu kasih","1863828008211190022","","","in","","0","0","0","https://x.com/anakbungsu_life/status/1863828008211190022","1548558237141987329","anakbungsu_life"
"1863485269800042968","Mon Dec 02 07:28:04 +0000 2024","0","Rumah adl kebutuhan pokok tapi kok jadi investasi ? penimbun beras dan kain bisa dipidana tapi penimbun kepemilikan tanah kok enggak ? Punya dua Mobil / motor kena pajak progressive kok tanah enggak ?harga udah gak ngotak dibanding gaji. Yang Salah gen z kebanyakan ngopi","1863485269800042968","","","in","","0","0","0","https://x.com/riz_aviory/status/1863485269800042968","1526224348645732352","riz_aviory"
"1863388895674761613","Mon Dec 02 03:08:52 +0000 2024","4","@meinmokhtar Gen z la ni. Sanggup menggangur dari keje gaji rm2.5k","1863420038247813355","","meinmokhtar","in","","0","0","0","https://x.com/PuanCorona/status/1863420038247813355","2529513686","PuanCorona"
"1863207302263885898","Sun Dec 01 13:38:00 +0000 2024","0","@ephranda Gen Z tuh kenapa banyak maunya banget ya? Oke minta gaji di atas 30 juta. Tapi pas saya minta buat follow up email sambil mandi aja susah. Emang sesusah itu keramasan sambil buka laptop?","1863215978383024417","","ephranda","in","He wants to be the guardian
of   the  skyline   who   crafts
the journeys of those whose 
hearts    sought    the    skies.","0","0","0","https://x.com/malikhians/status/1863215978383024417","2438147347","malikhians"
"1862805854455763322","Sun Dec 01 12:33:16 +0000 2024","1","@memobalabala @rezarezarezare @PAClearning yaampun ngerasa tersindir wktu itu interview hrdnya nulis aku pemalu. krn pas ditanya gaji akunya malu2 isi cvku punya skill sama pengalaman wkwkwkkw ","1863199685202379183","","memobalabala","in","Ⓐ🏴","0","0","0","https://x.com/sugses/status/1863199685202379183","1165112558","sugses"
"1862872096248058109","Sun Dec 01 06:55:58 +0000 2024","5","@pejabrut Di tiktok malah rame guru gen z minim literasi bikin konten hore2 naik gaji dan isi komentarnya malah dulu coblos prabowo ngga? . Mulai lah guru2 bakal kewalahan melawan masyarakat yg awam soal pemberitaan yg masif ini","1863114800701878731","","pejabrut","in","🏧","0","2","0","https://x.com/junkcok/status/1863114800701878731","190051299","junkcok"
"1863114547328086331","Sun Dec 01 06:54:57 +0000 2024","1","akulah si gen z yang gaji pertama nya dipake buat bayar spotify premium sama icloud ","1863114547328086331","","","in","","0","0","0","https://x.com/eajyani/status/1863114547328086331","1422501707548819457","eajyani"
"1862980134397260053","Sat Nov 30 22:00:51 +0000 2024","0","Bener jadi kasir di sebuah toko gaji nya 1 8jt tapi nggak cuman jadi kasir aja ada tugas lainnya juga udah gitu jam kerjanya 12 jam. Sehat-sehat deh Lo semua gen z. Manusia paling kuat.","1862980134397260053","","","in","","0","2","0","https://x.com/voussoleil/status/1862980134397260053","1349571336973127680","voussoleil"
"1862876079662514367","Sat Nov 30 15:09:54 +0000 2024","0","Terkadang orang malas bekerja apalagi Gaji yang kecil terutama utk Gen Z itu akan sangat memuakkan. Saya mau tidak mau harus menerima nya sejak 2019. Saya menyadari Keluarga tidak bisa mendukung karir saya hanya sebatas memberikan pendidikan saja. Sisanya cari sendiri","1862876717658091926","","jack_quasar","in","Kyoto City","0","1","0","https://x.com/jack_quasar/status/1862876717658091926","1305727881461465089","jack_quasar"
"1862665348140474703","Sat Nov 30 12:18:55 +0000 2024","0","@rafimdfh13 @txtdrimedia Disana banyak Gen Z yg resign dari pekerjaan kantor. Karena gaji jadi tukang kuli dan kerja part time lainnya lebih gede penghasilannya. Kayak pasang AC Jadi Cleaning Service di Apartemen dll gitu. Jadi kalau dah selesai bisa kerja yg lain.","1862833686049341677","","rafimdfh13","in","","0","0","0","https://x.com/kinotosi11/status/1862833686049341677","965612713","kinotosi11"
"1862825151458386361","Sat Nov 30 11:45:00 +0000 2024","5","Pemerintah resmi mengumumkan kenaikan gaji guru ASN dan non-ASN dimulai pada 2025. Sebelumnya Kemendikbud telah mengungkapkan bahwa Indonesia mengalami darurat kekurangan guru pada 2024. Profesi ini pun kurang digemari gen Z. Apakah kebijakan ini akan merubah hal tersebut? https://t.co/Sm8AbR3rcJ","1862825151458386361","https://pbs.twimg.com/amplify_video_thumb/1862475292800921600/img/kqWoZNPO_gR8rzyv.jpg","","in","Bonn, Jerman","0","0","0","https://x.com/dw_indonesia/status/1862825151458386361","150581612","dw_indonesia"
"1862765534905081894","Sat Nov 30 07:48:06 +0000 2024","1","Kerja sm dosen ga enak Pernah kerja jd desainer di clothing brand punya dosen si dosen seleranya boomers bgt pdhl pasarnya gen z Setiap terjadi perdebatan yg terancam nilai sm gaji ","1862765534905081894","","","in","","0","0","0","https://x.com/salmaapau/status/1862765534905081894","1690405258160451584","salmaapau"
"1862421142210060576","Sat Nov 30 05:07:27 +0000 2024","0","@andinao @pppkguru @PNS_Ababil Langsung judul nang media gaji guru tumpah ruah jadi profesi favorit gen Z ","1862725103588708508","","andinao","in","Colomadu, Indonesia","0","0","1","https://x.com/aprizalicious/status/1862725103588708508","82357271","aprizalicious"
"1862714492116930678","Sat Nov 30 04:25:17 +0000 2024","0","gen z susah punya rumah wong gaji umr dipake joki airplane chef","1862714492116930678","","","in","","0","0","0","https://x.com/aelahcok/status/1862714492116930678","1667852374663393280","aelahcok"
"1862706891543257372","Sat Nov 30 03:55:05 +0000 2024","2","aku termasuk gen z yg ga meromantisasi gaji kecil dg yg penting ada kerja ada pemasukan daripada nganggur and I'm proud to be one of it. ya lu pikir aja kerja 12 jam++ tokonya rame dan cuma digaji 1 5 jt selama 6 bulan? sebagai owner jgn memperkaya diri sendiri doang kek️","1862706891543257372","","","in","","0","1","1","https://x.com/browniebitessss/status/1862706891543257372","1294332849303166976","browniebitessss"
"1862505619569484271","Sat Nov 30 03:28:15 +0000 2024","0","@lisaapvnta_ Makan gaji buta anjir anak gen Z sekarang jago2 ngedesign dan kreatifitasnnya diluar nalar. Malu2in klo kataku mah.","1862700140647342344","","jwooamb","in","Indonesia","0","0","0","https://x.com/jwooamb/status/1862700140647342344","3194804960","jwooamb"
"1861737363015414222","Fri Nov 29 04:21:38 +0000 2024","2","@ridzuan_bonzer aku gen z jugak benda ni betul sbb aku tgk gen z apply kerja mcm apply dkt member je formality mmg kelaut lepastu type mcm kurang ajar. betul la diorg lack of common sense. chat kt ws terus tanya gaji bila bayar pdhal baru apply. and malas membaca !","1862351188378927353","","ridzuan_bonzer","in","","0","2","1","https://x.com/natashaspade_/status/1862351188378927353","1607924009873858562","natashaspade_"
"1861952928644510118","Thu Nov 28 01:59:06 +0000 2024","1","kalau org cakap gen z ni very money driven then i would say tf ure on? mmg lah money je sial reason aku kerja. bukan aku ada anak pon nak kena jaga sampai terima gaji takde maruah","1861952928644510118","","","in","Malaysia","0","0","0","https://x.com/ikh0lic/status/1861952928644510118","811203068557553665","ikh0lic"
"1861597156261667088","Wed Nov 27 17:18:02 +0000 2024","14","@meinmokhtar What can we learn from this confession? : Tak payah tunggu Gen Z laa mellanials laa baby boomers ke jadah. Work is work do it with integrity gaji mengelupur nak ambik buat kerja cincai. Please think of the money you take berkat tak kalau buat kerja tak bersungguh?","1861821800197619757","","meinmokhtar","in","Tokyo-to, Japan","0","0","1","https://x.com/eltheroo/status/1861821800197619757","1724120974969491456","eltheroo"
"1861784952356098554","Wed Nov 27 14:51:37 +0000 2024","0","terus nyokap protes lah dek kenapa ga secepatnya aja gen z bgt masalahnya ya ni hr tuh belom nego gaji dan kontrak tapi minta gue kapan bisa masuk langsung bjir udah gitu it's a big consultant company yang gue yakin tidak seperti kakak dan nyokap gue yang kerja untuk negara","1861784953937432752","","mikopinya","in","","0","1","0","https://x.com/mikopinya/status/1861784953937432752","1798938081065938944","mikopinya"
"1861662171220058482","Wed Nov 27 14:51:06 +0000 2024","4","@Myownworld_91 @jjnrsd X pasal2 Gen aku kena. Gen Z kami dah keje gaji RM4-5k der","1861784823502881127","","Myownworld_91","in","","0","0","0","https://x.com/adiruzaini05/status/1861784823502881127","199698998","adiruzaini05"
"1861772143077491094","Wed Nov 27 14:00:43 +0000 2024","0","Passion atau Gaji Tinggi? Begini Cara Gen Z Menentukan Karier https://t.co/Iaf2PSPrzb","1861772143077491094","","","in","Surabaya","0","0","0","https://x.com/misbahmz/status/1861772143077491094","1574743423","misbahmz"
"1861455445707366470","Tue Nov 26 17:02:17 +0000 2024","0","Bukan Cuma Gaji Ternyata Ini 6 Alasan Gen Z Gampang Resign dari Tempat Kerja Link Artikel : https://t.co/j5TfTlPZGE","1861455445707366470","","","in","","0","0","0","https://x.com/VIVAcoid/status/1861455445707366470","41730943","VIVAcoid"
"1861337471872835948","Tue Nov 26 09:13:29 +0000 2024","1","aku early gen z kerja dgn yg 03..ok je.. ko bg environment ok kerja teratur workload yg sesuai/setimpal dgn kudrat kerja 8 jam/gaji x marah membabi buta respect boundaries... onz.","1861337471872835948","","","in","","0","0","0","https://x.com/pinkboo2021/status/1861337471872835948","1408314147456962563","pinkboo2021"
"1861282996487364904","Tue Nov 26 05:37:01 +0000 2024","0","Takut nak beli rumah awal sebab gaji cukup-cukup makan je? ini anatara perkara yang Gen Z boleh aplikasikan dalam kehidupan untuk memeiliki rumah pertama.","1861282996487364904","","","in","Puchong","0","1","0","https://x.com/Hartanahidan/status/1861282996487364904","1861267613181190144","Hartanahidan"
"1861008649952628776","Mon Nov 25 11:26:52 +0000 2024","1","Gaji 6.5k tapi credit limit setiap kad dah kenapa tinggi semacam? Tak leh brain aku camne lepas spend sampai berpuluh ribu each kad haha gilo gilo gen z skrg ni","1861008649952628776","","","in","","0","3","0","https://x.com/facktura/status/1861008649952628776","38468597","facktura"
"1861007074379092085","Mon Nov 25 11:22:06 +0000 2024","2","aduh tkut bgt fak dpt kerja baru gaji naik 30-50% di role yg dipengen &amp; minimum office politics and banyak gen z nya takut banget","1861007448624234973","","9OSREMIX","in","mingyusexual","0","1","1","https://x.com/9OSREMIX/status/1861007448624234973","1249006047773122560","9OSREMIX"
"1860971182880928126","Mon Nov 25 08:57:59 +0000 2024","0"," Gaji Kena Seiring Dengan Kos Hidup Zaman sekarang segalanya mahal. Jadi Gen Z lebih terbuka minta gaji tinggi sesuai dengan kerja yang diorang buat. Diorang bukan nak demand lebih cuma realistik takkan nak makan maggi tiap bulan? ","1860971182880928126","","","in","Kedah ","0","0","0","https://x.com/Mohamad09766981/status/1860971182880928126","1593266212259401729","Mohamad09766981"
"1860957059669545029","Mon Nov 25 08:01:52 +0000 2024","0","Passion atau Gaji Tinggi? Begini Cara Gen Z Menentukan Karier https://t.co/Iaf2PSPrzb","1860957059669545029","","","in","Surabaya","0","0","0","https://x.com/misbahmz/status/1860957059669545029","1574743423","misbahmz"
"1860844160649236675","Mon Nov 25 00:33:18 +0000 2024","0","6. Pekerjaan yang Gak Tentu: Banyak dari Gen Z yang kerjanya freelance atau start-up gaji kadang naik-turun belum lagi sering ganti-ganti kerjaan buat cari yang lebih sesuai passion yang bisa bikin duit cepet abis.","1860844174997942579","","Zaxveline","in","","0","1","0","https://x.com/Zaxveline/status/1860844174997942579","1837689969000972288","Zaxveline"
"1860779677037863127","Sun Nov 24 20:17:01 +0000 2024","0","Gen z asu bantah mulu sekali kerja diterima ngeluh pengen mati padahal gaji udah cocok kadang dapet bonus gede dibilang gajinya kurang","1860779677037863127","","","in","","1","0","0","https://x.com/mishimakazuyaaa/status/1860779677037863127","1381716250691178496","mishimakazuyaaa"
"1860658704284270824","Sun Nov 24 12:16:30 +0000 2024","2","Gen Z itu paham kalau menikah sebaiknya ga satu rumah sama mertua sayangnya harga rumah juga tidak affordable Rumah 170jt itu kalau nyicil 20 tahun itu angsuran fixednya 1.5jt/bln. Begitu udah floating nyampe 1.8jt/bln Gaji 3juta jelas kesulitan ambil. Gaji 5juta pun mikir 2x. https://t.co/8QVHaPhcBr","1860658750480322990","https://pbs.twimg.com/media/GdJjRQCbgAAHhxs.jpg","football_garin","in","Gresik, Jawa Timur","0","1","1","https://x.com/football_garin/status/1860658750480322990","371098995","football_garin"
"1860643473218785781","Sun Nov 24 11:15:47 +0000 2024","4","Sadar ga sih makin banyak orang2 protes makin kita tau kalau emang kita ini kebanyakan pasrah jadi sekalinya protes tu keliatan bacot dan ngeluh bgt contoh deh kaya gen z kerja mulai protes soal gaji karna emang ternyata selama ini ga digaji dengan layak atau yg baru2 ini +","1860643473218785781","","","in","24 | acc nsfw | pfp esu_kota_","0","1","0","https://x.com/txtdaritadee/status/1860643473218785781","1476061134776008705","txtdaritadee"
"1860177054861504908","Sat Nov 23 16:24:28 +0000 2024","0","@squidiww Biasanya kan gen z kritis2 gt jd suka ada aja gebrakannya. Cuma emg bener kata lu..krn ibarat populasi mereka sedikit disitu dan itu instansi negara jd gabisa gegabah juga. Gw doain selalu daaa semoga lu dapet pekerjaan yg baik dan di gaji layak yg bikin lu bahagia aamiinn","1860358767126413350","","squidiww","in","ring of fire","0","1","0","https://x.com/kurakuraninjas/status/1860358767126413350","1252202158876835840","kurakuraninjas"
"1859938680065978374","Sat Nov 23 09:43:12 +0000 2024","0","@tanyarlfes Gw aja yg kaga sekolah bisa gaji anak gw 800k per https://t.co/WmuI5EaN5e gaji bukan termasuk uang jajan. anak gw taunya gajian aja klo udah tglnya. maaf kata soal minset anak 90 an lebih maju.ktimbang budaya kerja yg dipakai gen Z.","1860257787013660910","","tanyarlfes","in","","0","0","0","https://x.com/park_ahn93397/status/1860257787013660910","1836974230858264576","park_ahn93397"
"1860178210681684241","Sat Nov 23 04:27:00 +0000 2024","0","1️⃣ Nak Kerja Yang Diorang Suka Gen Z bukan kerja untuk gaji je tapi nak rasa apa yang diorang buat ada impak. Kalau kerja tu tak kena dengan minat atau nilai diorang tak kisah cari peluang lain.","1860178210681684241","","","in","Kedah ","0","0","0","https://x.com/Mohamad09766981/status/1860178210681684241","1593266212259401729","Mohamad09766981"
"1859955086413472033","Fri Nov 22 13:40:25 +0000 2024","0","Anak skrng (anggaplah gen z) well terlalu terpaku sama jobdesk jujur. Dikasih kerjaan yg gitu2 aja ngeluh ga berkembang. Giliran dikasih tugas agak banyak dibilang bukan jobdesknya. Lantas gua tanya lu pada maunya apa? Toh yg nge gaji lu bukan bapak emak lu sendiri.","1859955095900942596","","QeishaSerenity","in","","0","1","0","https://x.com/QeishaSerenity/status/1859955095900942596","1283264400145580034","QeishaSerenity"
"1859869831107051880","Fri Nov 22 11:17:36 +0000 2024","2","@radjathaher Kerja di LN lah hasil ga pulang dapet gaji &gt;50jt","1859919152674427063","","radjathaher","in","Engelberg, Switzerland","0","0","0","https://x.com/GenZ3T/status/1859919152674427063","1257249470623801345","GenZ3T"
"1859909201205838186","Fri Nov 22 10:45:59 +0000 2024","0"," Diskusi &amp; evaluasi HR &amp; perusahaan sering lupa kalo engagement itu dua arah. Kalo Gen Z cepet resign (alias gak loyal) coba evaluasi: ️ Apakah budaya kerjanya sehat? ️ Apakah sudah kasih pelatihan &amp; mentoring? ️ Apakah gaji sesuai beban kerja? Evaluasi ini bisa","1859911197749051688","","myskill_id","in","","0","1","0","https://x.com/myskill_id/status/1859911197749051688","1299606533764837383","myskill_id"
"1859530198439559274","Fri Nov 22 07:46:22 +0000 2024","1","@msianaffairs Ni bkn sebab gen Z. Kalau gen millenials gaji tak masuk pun boleh naik angin. Aneh eh kalau dokumen tak lengkap bagitahu la dokumen tak lengkap. Boleh resend balik.","1859865996275933184","","msianaffairs","in","Kuala Lumpur","0","0","0","https://x.com/nshnsh__/status/1859865996275933184","793379152120262656","nshnsh__"
"1859834499133210900","Fri Nov 22 05:41:13 +0000 2024","1","Despite acaranya yg bermanfaat aku pen ikutan komen ttg isu gen z di dunia kerja enih. Perusahaan tu banyak nuntut anj. Loker max umurnya muda² artinya target pasar kan gen z yak? Supaya apa? Supaya bs gaji kicik krn blm bnyk pengalaman.","1859834499133210900","","","in","","0","1","0","https://x.com/omcharloss/status/1859834499133210900","1596066242573455360","omcharloss"
"1859812639918158263","Fri Nov 22 04:14:21 +0000 2024","0","Dilema Gen Z: Gaji dan Passion Mana yang Harus Dipilih? https://t.co/hMLj8tF0W4","1859812639918158263","","","in","Kota Bengkulu, Bengkulu","0","0","0","https://x.com/klikwarta_com/status/1859812639918158263","823779030767833088","klikwarta_com"
"1859788148127170624","Fri Nov 22 02:37:02 +0000 2024","4","mmg gen Z punya kena suap mmg another level ke? tak pandai nak jadi resourceful ke dik? kau dah masuk bidang pekerjaan kut gaji dapat kan then expect semua nak disuruh nak dapat jawapan directly . BE RESOURCEFUL SIKIT BOLEH ??? tepon je canggih pkai chatgpt bagai tapi BONGAP","1859788148127170624","","","in","","0","0","0","https://x.com/sacggggg/status/1859788148127170624","1279533811","sacggggg"
"1859726374031983060","Thu Nov 21 22:31:34 +0000 2024","0","Dilema Gen Z: Gaji dan Passion Mana yang Harus Dipilih? https://t.co/gNKZ6FhNLp","1859726374031983060","","","in","Banda Aceh, Aceh, Indonesia","0","0","0","https://x.com/distori_id/status/1859726374031983060","1623966684754374662","distori_id"
"1859649709830451600","Thu Nov 21 17:47:54 +0000 2024","0","@txtdrbekasi Bang apa bener gen Z sekarang ga bisa beli rumah sendiri? Penghasilan cm jadi buruh pabrik. Harga rumah udh ratusan juta gaji cuma habis buat sehari-hari alias ga bisa nabung","1859654989351879109","","txtdrbekasi","in","","0","0","0","https://x.com/permanaalan644/status/1859654989351879109","1615224929519308805","permanaalan644"
"1859556184526639421","Thu Nov 21 11:50:13 +0000 2024","1","@worksfess cross check dulu sih nder kualifikasi dan pengalaman yang kamu punya sama yang dia punya sama apa ngga. karna gaji itu yang membedakan ada pengalaman pendidikan sertifikasi dll. jadi jangan nething dulu","1859564973107863701","","worksfess","in","freiburg","0","1","0","https://x.com/hrdgenz/status/1859564973107863701","1614987151246229504","hrdgenz"
"1859555335696011610","Thu Nov 21 11:11:55 +0000 2024","0","Dilema Gen Z: Gaji dan Passion Mana yang Harus Dipilih? https://t.co/FF9wjPtO2A lewat @suarabuana.com","1859555335696011610","","","in","","0","0","0","https://x.com/suara_buana/status/1859555335696011610","1421838930085777422","suara_buana"
"1859531001078132936","Thu Nov 21 10:08:42 +0000 2024","2","@tanyakanrl lebih baik gaji dua digit tapi bersyukur daripada gaji dibawah UMK tapi ga bersyukur","1859539427137040678","","tanyakanrl","in","freiburg","0","0","0","https://x.com/hrdgenz/status/1859539427137040678","1614987151246229504","hrdgenz"
"1859435880265679019","Thu Nov 21 08:22:53 +0000 2024","1","@meinmokhtar bila gen z buat kerja mcm la nk kerja gaji bermula 3.5k bermodal sijil kene skit da mengada mcm ni...","1859512796981149873","","meinmokhtar","in","Melaka","0","0","0","https://x.com/NorshafiqM/status/1859512796981149873","1071952663007252485","NorshafiqM"
"1859123568350756905","Wed Nov 20 06:37:21 +0000 2024","0","akulah gen z underpaid dan ditunggak gaji itu","1859123852317741155","","cerisehowoo","in","carat walwal","0","0","0","https://x.com/cerisehowoo/status/1859123852317741155","1039344185441021954","cerisehowoo"
"1859067554175877606","Wed Nov 20 02:53:39 +0000 2024","0","teman teman ku sangat gen z sekali. kerja ingin mudah cepat selesai memburu segala hal gaji ingin tepat waktu batas tugas harusjelas... yaa bare minimum yang seharusnya dipenuhi yang salah adalah mereka bekerja di lingkungan yang sekitarnya masih dipimpin milenial :(","1859067554175877606","","","in","","0","1","0","https://x.com/sayasayayasayas/status/1859067554175877606","1159098631288287233","sayasayayasayas"
"1858917054444957802","Tue Nov 19 16:55:37 +0000 2024","0","Gue kira drama masalah gaji gen Z ini cuma rame di twitter doang ternyata drama nya beneran kejadian di kantor w ","1858917054444957802","","","in","Jakarta","0","0","0","https://x.com/puripurisu/status/1858917054444957802","84604579","puripurisu"
"1858816328511172813","Tue Nov 19 15:49:08 +0000 2024","0","@3s_tgrngvn Gen Z lulusan S1 masuk kerja dapet atasan lulusan STM. pilih resign krna gaji nya kalah ma yg cuma STM. pdhl yg cuma STM udah 25 tahun di bidang itu.","1858900325157269860","","3s_tgrngVn","in","","0","1","0","https://x.com/rudisanj99/status/1858900325157269860","1823191074908536832","rudisanj99"
"1858854605259763960","Tue Nov 19 12:47:28 +0000 2024","0","Maaf bgt skrg knp ya org dikit dikit bawa gen gen gen z gen alpha lah apalah beda beda oi tergantung orangggg :))) katanya sm gen z gabisa kerja? Tp gwww megang 6 jobdesc sendirian anjir gaji ga umr gw jg nerima aja","1858854605259763960","","","in","Bekasi Timur, Indonesia","0","0","0","https://x.com/dwhndynii/status/1858854605259763960","884040345968717825","dwhndynii"
"1858802590320140789","Tue Nov 19 09:20:47 +0000 2024","0","yg gue benci dari ASN or pns apa coba? makan gaji buta..ngurangin jam kerja.. malah bisa banget dapet bonus..padahal kerja lu se enaknya.. korup plus jadi mafia proyek.. gimana mo maju nih negara.. boomernya brengsek..gen z nya suram nugas tapi bikin konten.. najis..","1858802590320140789","","","in","2521","0","0","0","https://x.com/p_vanillasky/status/1858802590320140789","1487326537766477824","p_vanillasky"
"1858684727831785920","Tue Nov 19 01:41:21 +0000 2024","0","Halo mereka itu Gen z yg masih lucu2.Sebenernya Dunia Usaha&amp; Industri butuhny Soft Skill &amp; Experience yg Logis sesuai kapasitas Kl Jadi Employee ya Ajarin lah gmn trick mudah ketrima kerja bikin CV yg Memikat Trik interview ap yg harus dikerjakan biar cepet naik gaji &amp; karir","1858686973487259757","","fariz_chamim","in","Malang, Jawa Timur","0","1","0","https://x.com/fariz_chamim/status/1858686973487259757","156323783","fariz_chamim"
"1858679911755760125","Tue Nov 19 01:13:18 +0000 2024","5","Gen millenial dan gen Z juga fomo krn ngerasa Gaji gue udh ga cukup beli rumah mending gue beli skincare makeup dan sepatu/baju lucu ga sih? Salahin siapa lagi? Pemerintah dong (Di luar alasan exposure sosmed ya)","1858679911755760125","","","in","Sheffield, England","0","1","0","https://x.com/kentomiyauraaa/status/1858679911755760125","1429361011178369029","kentomiyauraaa"
"1858572189349630032","Mon Nov 18 18:05:15 +0000 2024","2","gen z lemah gen z lemah heleh kontol gw hampir tiap hari pp 90 km demi pekerjaan gaji hampir umr jam kerja ngotak + dapat uang makan transport ama tunjangan lainnya LAGIAN CARI KERJA SUSAH BGT ANJIR DI DEKAT RUMAH? FAK BGT GW BELUM KEPALA DUA AJA UDAH MO NANGIS https://t.co/R1JE5uGEra","1858572189349630032","https://pbs.twimg.com/media/Gcr5jRcbcAMYkGh.jpg","","in","Jakarta Timur, DKI Jakarta","0","4","0","https://x.com/kyykooenak/status/1858572189349630032","1796061498063941632","kyykooenak"
"1857867018583888315","Mon Nov 18 14:09:53 +0000 2024","0","@wahyunulis @jorgianaaa Good for you tpi saya sebagai gen z dlu udh sering liat jokes ok boomer dan sejenisnya yg ngebahas soal kesenjangan diantara generasi baby boomer sm millenials. Pernah juga ada bahasan yg kek boomer gaji gede posisi tinggi tpi bikin pdf aja gabisa Yg menunjukkan clash disana.","1858512958151880998","","wahyunulis","in","unlabeled","0","0","0","https://x.com/bby_Mat/status/1858512958151880998","1305897506753011713","bby_Mat"
"1858369057994784853","Mon Nov 18 04:49:13 +0000 2024","0","@Araghutama Gen Z ini ndak butuh gaji mung njaluk mood","1858371863812214857","","Araghutama","in","Jakarta Capital Region","0","0","0","https://x.com/muldirun/status/1858371863812214857","1252247274006044674","muldirun"
"1857922689392054500","Mon Nov 18 03:09:40 +0000 2024","0","@zakyarin97 Pertanyaan berikutnya kalau ada lapangan kerja apakah gen X dan Z mau bekerja keras terlepas apapun jenis pekerjaan nya? Jangan maunya lsg kerja enak gaji tinggi ya","1858346810856935498","","zakyarin97","in","","0","0","0","https://x.com/tsetiawan_2016/status/1858346810856935498","773361102369329152","tsetiawan_2016"
"1857645837415051772","Sun Nov 17 22:25:04 +0000 2024","0","@tapicakepkan @cania_citta apakah kantor anda jenis kantor yang kalo open loker mencari pekerja gen z top tier dengan gaji umr??","1858275187856454120","","tapicakepkan","in","Indonesia","0","1","0","https://x.com/malguemz/status/1858275187856454120","817889399195123712","malguemz"
"1858145574928662924","Sun Nov 17 13:50:03 +0000 2024","0","Contohnya gw gw itu gen z dan jujur butuh 3 tahun untuk beradaptasi dg lingkungan kerja yg skrg. Butuh banyak kesalahan butuh gaji dipotong butuh banyak ngobrol sama orang yg satu divisi.","1858145579769200936","","firatrash","in","In an Alleyway","0","1","0","https://x.com/firatrash/status/1858145579769200936","889110815021740033","firatrash"
"1858126823143665828","Sun Nov 17 13:33:23 +0000 2024","0","@Rabbiyaya Gen z gaji umr siap cicil 20 tahun wkwk","1858141384815100078","","Rabbiyaya","in","Bekasi","0","0","0","https://x.com/rezaimamri/status/1858141384815100078","2829874339","rezaimamri"
"1858140062653026583","Sun Nov 17 13:28:08 +0000 2024","0","akun utama cuma rt doang akun ini pake caption... udh kaya gen z lebih seneng di sec acc the best admin waiji naikin gaji admin ini ji","1858140062653026583","","","in","","0","0","0","https://x.com/hollapaji/status/1858140062653026583","1524018562599325696","hollapaji"
"1858098570379104575","Sun Nov 17 10:43:15 +0000 2024","0","Gen milenial cari kerja kepentok usia minimal Gen Z kepentok dg mindset yg kerja santai tp gaji gede Nanti bnyak prusahaan mulai melonggarkan usia minimal krn milenial lbh profesonal dan kerjaan ga overload krn Gen Z","1858098570379104575","","","in","","0","0","0","https://x.com/nulluna_id/status/1858098570379104575","1229720899168817152","nulluna_id"
"1858010429420917040","Sun Nov 17 04:53:01 +0000 2024","0","Mana nih yg bilang gen z kerjanya jelek boomer tuhh kerja seadanya makan gaji buta doang tapi bacotnya udah kayak apa aja","1858010429420917040","","","in","ig: faizaukhti","0","0","0","https://x.com/faizaukhtii/status/1858010429420917040","756320850341617665","faizaukhtii"
"1857959423181992352","Sun Nov 17 01:30:20 +0000 2024","6","Ngeluh2 gen z kerja gue kerja admin di pabrik dituntut tuh kerja admin + produksi secara bersamaan sama bos mana gaji underpaid kerja admin angkat2 kayu admin mana angkat2 kayu cewek lagi masih dikatain gak kerja sama bos bpjs gak ada. NOH TUH BOS ERA MILLENIAL!!!","1857959423181992352","","","in","Pledis artist stan || she/her ","0","0","1","https://x.com/abangkyebumzu/status/1857959423181992352","1215197965494542339","abangkyebumzu"
"1857938693425869014","Sun Nov 17 00:08:41 +0000 2024","0","Pantes gen milenial + gen z sulit punya rumah Mau berhemat ga beli kopi dgn gaji UMR sulit sih buat bangun rumah","1857938875047620648","","notedpak_","in","Indonesia","0","1","0","https://x.com/notedpak_/status/1857938875047620648","145963044","notedpak_"
"1857882474904433014","Sat Nov 16 20:24:34 +0000 2024","1","Lagi Gen Z kemarin gue sempet interview di perusahaan. Saat diskusi terkait job des kagak ngotak tuu. Gaji bercanda suruh kerja rodi sok sokan kasih doktrin loyalitas kerja buat perusahaan lagi. As a partner matamu ","1857882474904433014","","","in","Yogyakarta, Indonesia","0","0","0","https://x.com/Frikialvian/status/1857882474904433014","1158274906926137344","Frikialvian"
"1857837311737692494","Sat Nov 16 17:25:06 +0000 2024","7","Jog jujur sbnernya kalian yg milenials atau gen z skrg di era kek gini dgn keadaan ekonomi politik dan sosial yg mempengaruhi gaji kita apakah di masa depan kalian masih optimis utk bisa pny rumah sndri? Atau dah hopeless? (Ga pny warisan jg ya kasusnya)","1857837311737692494","","","in","SEND MENFESS LEWAT XFESS","4","13","0","https://x.com/jogjamfs/status/1857837311737692494","1106468786016649217","jogjamfs"
"1857360942197260761","Sat Nov 16 15:28:32 +0000 2024","0","@buffescanor @mcitraningrum Ini dek gen Z Dikira gua komen belum kerja sama anak Gen Z yang gaji blm tentu UMR ","1857807977799102903","","buffescanor","in","","1","1","0","https://x.com/thePRnote/status/1857807977799102903","72171712","thePRnote"
"1857785211926491274","Sat Nov 16 13:58:05 +0000 2024","0","taun ini beli hp konser+festival 5x. Gaji bawah umr tuh gws banget sih. GUELAH GEN Z YG GAPUNYA TABUNGAN DAN KONSER MULU ITUH","1857785211926491274","","","in","","0","1","0","https://x.com/jeewonacc/status/1857785211926491274","1811402036862468096","jeewonacc"
"1857766422564450531","Sat Nov 16 12:43:25 +0000 2024","0","Aku gen Z lulus s1 2021 trs balik ke jkt lumayan ada culture shock kerja bareng sesama gen Z yg lulusan di jkt. Selain pilih2 jobdesk mereka jg sulit mau merintis maunya baru lulus ya gaji gede di compare dgn lifestyle di jkt ya susah cari yg sesuai kecuali km anak mulyono","1857766422564450531","","","in","","0","1","0","https://x.com/av0cadiess/status/1857766422564450531","1465717109065801734","av0cadiess"
"1857434249063751692","Sat Nov 16 12:26:37 +0000 2024","3","@sarangeurou Nah ini wkwk. Di project dulu hampir bagian manajemen semua diisi gen z kecuali managerku yang milenial. Kerjanya satset dan ga mandang jabatan kalo salah ya tetep salah dan hrs sesuai prosedur. Krn itu kita akhirnya dipercaya owner pt langsung diangkat kartap dan nambah gaji-","1857762195003650072","","sarangeurou","in","","0","1","0","https://x.com/iwantu2bminepls/status/1857762195003650072","1566639951663755264","iwantu2bminepls"
"1857761248995340441","Sat Nov 16 12:22:51 +0000 2024","0","ADA! Tapi klo lo merasa 1 generasi ga ada yang bener lo kerja aja sama AI. Gaji buat tuh gen Z bisa lo alihkan buat bayar AI premium Ribet bgt apa pa gen za gen zi . Millenial -nya aja KALI yang ga bisa cari orang yang bener -_-","1857761248995340441","","","in","indonesia","0","0","0","https://x.com/dewinilaa/status/1857761248995340441","149011438","dewinilaa"
"1857025693898485786","Sat Nov 16 11:25:39 +0000 2024","0","@XaosInsyde @tanyakanrl iya bgt lagi ex rekan kerja gue gen millenial selalu bikin story whatsapp nyindir gen z mulu klo kerja banyak ngeluh dan minta gaji gede kek.. plis ngapain sih nyindir gen z mulu. pake segala bangga2in kita gen millenial klo kerja selalu bener blablabla tai","1857746851010904543","","XaosInsyde","in","Kota Surabaya, Jawa Timur","0","0","0","https://x.com/luckyy_str1ke/status/1857746851010904543","1200449892159635456","luckyy_str1ke"
"1857026923332776332","Sat Nov 16 11:11:05 +0000 2024","0","@fuckingdustbag ingin menertawakan diri sendiri soalnya title specialist kerjaan palugada tp gaji ya UMR aku gen z juga dan bisa kerja kok makanya responsibilities nambah terus dan dptnya atasan yg super micromanage beranggapan timnya (90% gen z) ga kerja kl ga digebrak","1857743188271968368","","fuckingdustbag","in","","0","0","0","https://x.com/chnsjewel/status/1857743188271968368","1101088704309878785","chnsjewel"
"1857026923332776332","Sat Nov 16 11:02:00 +0000 2024","0","@fuckingdustbag Gue gen Z kelahiran 97 kerja di indo mentok gaji 8-10jt dengan skill yg gue punya. Kerja di LN dapet gaji €2100 dengan skill yg gue punya. Kan jomplang yee wkwkw","1857740898559254722","","fuckingdustbag","in","Singapura - Indonesia","0","0","0","https://x.com/PetinggiDPR2/status/1857740898559254722","1534031591521275904","PetinggiDPR2"
"1857724964809400560","Sat Nov 16 09:58:41 +0000 2024","0","Ini yg komplen masalah gen z aneh bener. Yang lo komplenin itu bukan Gen Z tapi KARYAWAN BARU dengan gaji MENTOK UMR. Ya wajar lah masih ada salahnya masih butuh bimbingan Klo mau yg gaada salahnya ya hire aja org yang experienced dengan bayaran lebih tinggi ga mw kan?","1857724964809400560","","","in","cloud 9","0","0","0","https://x.com/vahriezall/status/1857724964809400560","1338027760837513216","vahriezall"
"1857719975299133871","Sat Nov 16 09:38:51 +0000 2024","1","Alhamdulillah senior dan atasan pada mengayomi kami para gen z. Saling tuker rekomen drakor gosip makan jgn ditanya udh klop banget. Dan kgk pernah di marahin tau minus nya dmn? Iyaa gaji. Gaji doang yg jauh dari umr tapi hubungan sesama rekam kerja mah deket bangettt","1857719975299133871","","","in","","0","1","0","https://x.com/anak_bucin_/status/1857719975299133871","1314087531571372033","anak_bucin_"
"1857708139614974386","Sat Nov 16 08:51:49 +0000 2024","0","wkwkw gen z ya bisa kerja bener tapi dibanding kerja bener gw sih lebih milih kerja sesuai nilai yang dikasih perusahaan kalo perusahaan gw cuma mampu gaji gw umr jogja ya gw balaslah dengan usaha selayaknya umr jogja","1857708139614974386","","","in","","0","0","0","https://x.com/gyubsull/status/1857708139614974386","1366288398550360064","gyubsull"
"1857703756047200718","Sat Nov 16 08:34:24 +0000 2024","0","Mungkin bukan ke generasinya ya lebih ke senioritasnya. Soalnya tiap generasi pasti ada aja yg nyeleneh temen gue (I'm not a gen Z) dulu fresh grad kerja di perusahaan yg B aja yg penting kerja bilang Masa lifestyle gue harus menyesuaikan gaji gue?! ","1857703756047200718","","","in","","0","0","0","https://x.com/Ignariosaquin/status/1857703756047200718","1484318835964788738","Ignariosaquin"
"1857695838983827865","Sat Nov 16 08:02:56 +0000 2024","3","Emang dongo. Nuntut serba bisa ini itu ke gen Z giliran masalah gaji aje underpaid lu generasi pencet tv dongoooo. https://t.co/UXIcPr65ky","1857695838983827865","https://pbs.twimg.com/media/GcfchUzaMAMAEQz.jpg","","in","","0","1","0","https://x.com/bencmld/status/1857695838983827865","1272843486941728771","bencmld"
"1857686813340741716","Sat Nov 16 07:27:05 +0000 2024","1","MY BIGGEST FLEX: gue satu-satunya GEN Z di rumah yang punya 3 orang laki-laki yang sudah bekerja termasuk gue. Tapi ALHAMDULILLAH gue bisa punya gaji paling besar dan bisa support kebutuhan rumah paling banyak. semua karena gue kerja dengan bener lah!","1857686813340741716","","","in","depok-jaksel","0","0","0","https://x.com/langkah_indahmu/status/1857686813340741716","1039385562623270912","langkah_indahmu"
"1857026923332776332","Sat Nov 16 06:46:40 +0000 2024","0","@fuckingdustbag Gw yg umur nya sdikit di atas umur Gen Z jga kalo dikasih kerjaan dan diharap kerja bener + skillfull ya jelas gw expect gaji yg bener dan sesuai ama skill gw di bidang ybs lah Yakali dbayar seadanya minta hasil diluar nalar","1857676644590432520","","fuckingdustbag","in","","0","0","0","https://x.com/bayiTrex/status/1857676644590432520","1422227808","bayiTrex"
"1857676318772703385","Sat Nov 16 06:45:23 +0000 2024","0","Capable apa engga ya dari orangnya bukan generasi bjir Gen z yg mampu? Ada. Gen z yg malesan? Ada. Milenial yg makan gaji buta? Ada. Milenial yg kompeten? Ada. Sama aja elah","1857676318772703385","","","in","","0","0","0","https://x.com/ryomenggg/status/1857676318772703385","1372804083971551235","ryomenggg"
"1857672376982655186","Sat Nov 16 06:29:43 +0000 2024","1","Emang ye milenial ini sukanya protes cara kerja gen z daripada protes mbok ya diajarin cara kerja yang bener gimana terutama kalo baru bisa gaji di bawah umr... Paling tidak gen z dapet ilmu. Jadi ada nilai tambahnya selain gaji darimu yang sekacang itu.","1857672376982655186","","","in","","0","0","0","https://x.com/sitobikoo/status/1857672376982655186","1663889682252587010","sitobikoo"
"1857672087869018369","Sat Nov 16 06:28:34 +0000 2024","1","Wkwkwk poinnya dapat banget btw kalau mau lihat gen z yang beneran kerja cari aja virtual assistant atau mentor bahasa yang digaji dollar oh kalau gak kawan jastip Thailand korea tuh banyak soalnya ya disitu mereka kerja dengan gaji yang sesuai","1857672087869018369","","","in","-rlthingy• dnf.dns-","0","0","0","https://x.com/tropbic/status/1857672087869018369","2757223863","tropbic"
"1857664476004381085","Sat Nov 16 05:58:19 +0000 2024","0","Sorry gw gen z gw butuh income lain. Kalo cuma ngandelin gaji mana bisa gw hidup!","1857664476004381085","","","in"," ShawolSonElfCarat","0","0","0","https://x.com/Ny_leedonghae_/status/1857664476004381085","410691232","Ny_leedonghae_"
"1857661046951129533","Sat Nov 16 05:44:41 +0000 2024","0","Temen mamiku (jelas bukan gen z wkwk) ada yg punya kebiasaan gitu (izin jam berapa baliknya jam sekian). Terus dibilang kalo kyk gitu caranya namanya makan gaji buta. Nah pas kemaren aq msib temenku agak2nya kelakuannya gitu mana ketawa2 conggg pas cerita ‍️","1857661046951129533","","","in","fa/pa | x02it | anikpop","0","1","0","https://x.com/y_haandsome/status/1857661046951129533","1164782054220845058","y_haandsome"
"1857026923332776332","Sat Nov 16 05:25:37 +0000 2024","0","@fuckingdustbag Selamat kamu jadi minoritas gen Z! Keep up the good work. Ini bare minimum sih. Soal gaji ya tergantung kontrak di awal. Kerjaan bener itu bukan sesuatu yg wah. Itu hal yg normal wkwkwk kenapa berasa lo ug paling kerja ya?","1857656245286478208","","fuckingdustbag","in","","0","0","0","https://x.com/rofl4real/status/1857656245286478208","1703703486146502656","rofl4real"
"1857651598065107325","Sat Nov 16 05:07:09 +0000 2024","0","Lo pada kalo gamau kerja sama gen z bikin loker minimal umur 26 deh. Gak sanggup kan lo pada gaji karyawan umur 26 ke atas yang pasti minta diatas UMR?","1857651598065107325","","","in","ꜱʟʏᴛʜᴇʀɪɴ","0","1","0","https://x.com/seraclr/status/1857651598065107325","1195994301253087233","seraclr"
"1857649831168397389","Sat Nov 16 05:00:07 +0000 2024","0","KNP SIH SELALU NYALAHIN GEN Z?!?! sblm nyalahin kita coba cek dulu rekrutmen kantornya udah bener blm? jgn2 pas rekrutmen minta skill ini itu dgn pengalaman sekian dan batas umur maks 25th tapi gaji mepet umr??? GWS dahh.","1857649831168397389","","","in","","0","1","0","https://x.com/rheeiinn/status/1857649831168397389","1235644726264487936","rheeiinn"
"1857637538007232857","Sat Nov 16 04:11:16 +0000 2024","0","gaji underpaid berharap mantep lagian yg butuh gen z kan perusahaanmu kalo mau yg ga kyk gen z ya hire aja boomer","1857637538007232857","","","in","","0","0","0","https://x.com/dwarkblue/status/1857637538007232857","1704134474538360832","dwarkblue"
"1857360942197260761","Sat Nov 16 04:03:48 +0000 2024","0","@Bittersw06 @dewihimura @mcitraningrum Bedanya cuman di gaji aja. Misal gen z punya sumber daya lebih buat pindah ke LN mereka bakal pindah. Atau bisa buat perusahaannya sendiri sengan lebih menghargai pekerja2 nya","1857635655372910929","","mmkcucu","in","Kota Surabaya, Jawa Timur","0","0","0","https://x.com/mmkcucu/status/1857635655372910929","1958679530","mmkcucu"
"1857634368170373590","Sat Nov 16 03:58:41 +0000 2024","0","gen z kerjanya bener kalo: 1. brief dari atas BENER gak ngawang dan berharap kita ngerti 2. nge-gaji yang bener! itu gaji apa soal ujian mtk anak sd? 3. kerjaan sesuai posisi!!! posisi apa tugas rangkap 3 divisi sekaligus. gila kali ya. 4. GAJI YANG BENER AH ELAH","1857634368170373590","","","in","","0","0","0","https://x.com/rizkabukanriska/status/1857634368170373590","149777149","rizkabukanriska"
"1857632085542056249","Sat Nov 16 03:49:36 +0000 2024","0","Makanya kasih kerja sama gaji yang waras tolol generasi lo noh maunya dikerjain semua tapi gajinya main main. ngatain gen z tapi maksimal loker umur 25 tahun udah gitu maunya dapet spek dewa lagi ","1857632085542056249","","","in","","0","0","0","https://x.com/philautiaf/status/1857632085542056249","1671528992606699530","philautiaf"
"1857629484134051978","Sat Nov 16 03:39:16 +0000 2024","0","aku gen z. pengalaman kerja disebuah perusaan retail yg lumayan gede. mulai jadi admin kasir service crew(pekerjaan utama) customer service bikin konten sampe promosi dan ditekan harus bisa. tapi buat gaji malah dibawah umr meski gaji nya harian. agak agak emang","1857629484134051978","","","in","L-1485","0","0","0","https://x.com/croisantang/status/1857629484134051978","1582316122782957568","croisantang"
"1857626812941218142","Sat Nov 16 03:28:39 +0000 2024","3","Problems yang disebut sebut krn gen Z gini menurut gua struktural sih. Harus diliat juga apakah environment nya ok? Gaji dan loadnya oke? Gen millennial selaku atasan dan orang tua juga berperan besar sih. Apalagi pemerintah","1857626812941218142","","","in","","0","0","0","https://x.com/AldyGreget/status/1857626812941218142","538867008","AldyGreget"
"1857608567647584536","Sat Nov 16 02:16:09 +0000 2024","0","Kalau berdasarkan ini berarti ada dari habis pandemi sy mmg sengaja hire even yg gak pengalaman sekalipun. Krn mau didik aja dibanding yg pengalaman tp seenaknya gaji nuntut tapi gak kompetens. Per hari ini sudah ada 2 gen Z dlm staff. https://t.co/G1S0k8DNyB","1857608567647584536","https://pbs.twimg.com/media/GceNJIGaMAEdDu_.jpg","","in","ÜT: -6.226039,106.615558","0","1","0","https://x.com/JeannieTita/status/1857608567647584536","74328391","JeannieTita"
"1857607687078555697","Sat Nov 16 02:16:09 +0000 2024","0","@mindfucl Pemikiran gen z banget ini ibarat ngapain effort tapi gaji kecil buang-buang tenaga doang.","1857608563981693217","","mindfucl","in","She, Miky Zephyra.","0","1","0","https://x.com/Sainflady/status/1857608563981693217","723894893177933826","Sainflady"
"1857598519559004335","Sat Nov 16 01:36:14 +0000 2024","1","aku gen z masuk di tim sales dimana tim ini tim yg paling dibenci dan banyak musuh nya dikantor. gaji alhamdulillah gede bahkan jadi omongan kok bisa gen z gajinya gede wkwk walaupun gen z tapi udah banyak bantu orang2 bikin dan punya brand skincare kosmetik sendiri bahkan....","1857598519559004335","","","in","","0","1","0","https://x.com/onyouralll/status/1857598519559004335","1125282945499983873","onyouralll"
"1857583667893383269","Sat Nov 16 00:37:13 +0000 2024","0","Hahah kawan w gen z dpt tawaran kerja di jkt dgn gaji cuma 4jt pdhl itu perusahaan gede. pengalaman dia 6tahun","1857583667893383269","","","in","95's Love","0","2","0","https://x.com/valminggo/status/1857583667893383269","1056412653046747137","valminggo"
"1857557459705172404","Fri Nov 15 22:53:05 +0000 2024","0","ya kalo ga mau sama gen z tuh ya kualifikasi umur nya dibanyakin lagi kocak maksimal 25 mah udah masuk ke era gen z mana gaji nya dikit tapi minta skill dewa dasar perbudakan ","1857557461659693418","","regratxr","in","DNFWC.","0","0","0","https://x.com/regratxr/status/1857557461659693418","1381977162304004100","regratxr"
"1857341158437105890","Fri Nov 15 22:37:31 +0000 2024","3","@BudiBukanIntel Poin 1 si paling bikin mlz bet. Sampe bener2 ngubah sikap. Soalnya aku yg gen Z udh pernah ngerasain gimana gk enaknya kerja susah payah lemburan gk dibayar 1 projekan dan 6 bulan gaji tanpa ada kabar. Mana nyambung pula ke poin 3","1857553546717311375","","BudiBukanIntel","in","404 Not Found","0","0","1","https://x.com/irf_ex/status/1857553546717311375","750637116","irf_ex"
"1857026923332776332","Fri Nov 15 22:08:35 +0000 2024","1","@fuckingdustbag Gua gen Z dan fresh graduate. Lagi ngalamin kerjaan setumpuk dengan gaji mungil. Mana selalu di pressure kerjaan kudu perfect Plis inpo lokerrr gua udh burnout bgtt","1857546262326947868","","fuckingdustbag","in","","0","0","0","https://x.com/nebulaeclips3/status/1857546262326947868","1213270532629549056","nebulaeclips3"
"1857542092563820789","Fri Nov 15 21:52:00 +0000 2024","0","gen z kerja sesuai gaji pak","1857542092563820789","","","in","Jaywon area ♡ RPS❗","0","0","0","https://x.com/arunayaid/status/1857542092563820789","1732659326756806656","arunayaid"
"1857068784755917243","Fri Nov 15 21:51:01 +0000 2024","1","@just_me1810 @Piece_of_cakex @meinmokhtar Nurse gen sblm ni bkn nya kuat sgt pon. Sme je ngan gen z... Tp sbb dlu mne ade twitter nk tnya anon2 ni bro.. &amp; tknk la sruh awk rasa jd nurse tp cubala faham nurse gaji kecik beban kerja byk shift ank husb nk layan prangai patient lg.. Blk nk hadap plk gurauan org ","1857541842285506902","","just_me1810","in","","0","0","0","https://x.com/fiey02MG/status/1857541842285506902","1228589646059196417","fiey02MG"
"1857541529285570732","Fri Nov 15 21:49:46 +0000 2024","0","Di gaji mahal hanya untuk burn out dan julid tentang kinerja orang laen di sosmed. Sama aja dong kyk gen Z yang kalian suka sindir tukang ngeluh wkwkwk. Kalo kinerja bawahan jelek ya tinggal didik lagi aje kalo masih gitu terus ya pecat generasi tuwir memang.","1857541529285570732","","","in","","0","0","0","https://x.com/AngeloCalissto/status/1857541529285570732","1762292786529779712","AngeloCalissto"
"1857445132754424063","Fri Nov 15 21:26:16 +0000 2024","6","@hrdbacot Rill ini min. Aku gen Z cuma ada aku sendiri di divisi aku gantiin spv yang 10 thn resign (baru tau ketika masuk dan gongnya waktu itu aku enggak bisa nego gaji dianggap FG karena baru 2 thn prngalaman). Pertama kali masuk learning by doing serah terima enggak jelas. +","1857535614197080572","","hrdbacot","in","Al-Hajj : 78","0","1","0","https://x.com/seutasjiwa/status/1857535614197080572","1141694509882810368","seutasjiwa"
"1857505586755285341","Fri Nov 15 19:26:57 +0000 2024","0","Yg bisa kerja bnyk mbak apalagi yg jd anak trainee di beberapa hotel. workload nya gila kerja kyk staff tp gaji cmn 500 rb staff dikit doang utk cut down budget. Sisanya hampir semua anak trainee yg notabene kebanyakan ya gen z gw yakin kl g ada trainee hotel itu g bakal jln","1857505586755285341","","","in","","0","0","0","https://x.com/Soleilders/status/1857505586755285341","1611784846996803585","Soleilders"
"1857474077973426618","Fri Nov 15 17:21:45 +0000 2024","0","Masalahnya pas lagi on boarding pertama dikasih arahan juga atau langsung lepas tangan? Kita yg gen Z rajin kadang bisa capek kalo dikasih kerjaan overload pas udah kita kasih saran cuma ditampung tanpa kejelasan. Belum ngomongin hal lain gaji gitu.","1857474077973426618","","","in","","0","0","0","https://x.com/mlna_arifff/status/1857474077973426618","769470637","mlna_arifff"
"1857473843721547909","Fri Nov 15 17:20:49 +0000 2024","3","lucu ya dunia kerja indo gen z yg notabene mayoritas freshgrad dituntut profesional kek yg expert sedangkan yg umurnya 30+ mereka gamau terima karena takut keluarin gaji mahal bcs sudah berpengalaman ","1857473843721547909","","","in","Kingdom of heaven","0","0","0","https://x.com/sainthomzzz/status/1857473843721547909","1565706439","sainthomzzz"
"1857467327123697717","Fri Nov 15 16:54:55 +0000 2024","1","WKWKWK TUBI OPININYA JLEK. Ya lo pikir aja sp sih yang mau jadi kartap gaji intern????? Kalo emg bisa keluar dan cari kesempatan baru ya mending cabut. Gen Z yg udh pada kartap di kantor gue asik2 bray soalnya boomer-milenial di kantor gw juga asik ","1857467327123697717","","","in","","0","1","0","https://x.com/veesara__/status/1857467327123697717","1573517492815007744","veesara__"
"1857449892740059301","Fri Nov 15 16:52:55 +0000 2024","123","jadi kalo liat ada yg mengatakan gen z di tempat gw ngga begini ah meanwhile gw tahu tempat kerja gw cuman mau reputable university graduate IPK 3.5 keatas tempat kerjanya mampu sewa kursi ergonomic ber ac gaji diatas UMR atau bisa 30% dari UMR minimal user dan gen z","1857466824352477383","","Ichavarma_","in","","4","1","19","https://x.com/Ichavarma_/status/1857466824352477383","1545271727521169411","Ichavarma_"
"1857462579922350409","Fri Nov 15 16:36:03 +0000 2024","0","benci gen z karena gak bener tapi lowongan kerja maksimal 25. Diatas 25? mereka gak mampu gaji","1857462579922350409","","","in","","0","0","0","https://x.com/rifatmars/status/1857462579922350409","2579150058","rifatmars"
"1857454395262443940","Fri Nov 15 16:03:32 +0000 2024","9","aku gen z kerja fulltime di perusahaan pulang masih lanjut ngajar les punya usaha bimbel kalo akhir bulan bikin invoice sama report + slip gaji dan transferin fee ke temen2 guru kdg kalo off msh dimintain bapak ngurus berkas bisnisnya bapak dan kdg kalo free ambil job model","1857454395262443940","","","in","","0","2","0","https://x.com/nabiyeee/status/1857454395262443940","1106163487850455043","nabiyeee"
"1857445955047772624","Fri Nov 15 15:34:29 +0000 2024","0","Note: gue sering nemuin HRD yang interview gue dan dia generasi ky si abang ini. Gue ga paham kenapa cara kerja gen z dan millenial selalu dan seolah gen z harus ngalah dan atau ngikutin millenial? Kami nih udah tahan banting loh sama kalian apalagi perihal gaji.","1857447085001548136","","sunshinediarie","in","mochi cimol bubu lala popo","0","1","0","https://x.com/sunshinediarie/status/1857447085001548136","1400353690406453248","sunshinediarie"
"1857441480513847384","Fri Nov 15 15:12:13 +0000 2024","0","aku gen z bs smua bs apa aj kerja kasar bs kerja alusan yo iso!!!!! sing penting ak wani jaluk gaji munggah yen gawean ku tambahhhh bro sorry batttt #proud BYE BYE UMR SOLO ‍","1857441480513847384","","","in","","0","0","0","https://x.com/imbbylion/status/1857441480513847384","1328920464207474689","imbbylion"
"1857440382151537144","Fri Nov 15 15:07:51 +0000 2024","0","gen z ini gen z itu anjing gaji yang generasi elu kasih tuh kurang buat hidup sebulan. minta kerja sat set on point bisa diandelin tapi ngasih gaji layak aja sulit . boomer milenial ngentot ","1857440382151537144","","","in","","0","1","0","https://x.com/gaurengan/status/1857440382151537144","1239641091235655681","gaurengan"
"1857439471232594203","Fri Nov 15 15:04:14 +0000 2024","0","sebenarnya ga usah marah marah soal Gen Z. ga meng generalisir tapi emang hampir semuanya.. cuman ya kembali lagi perusahaan kan mau nya fresh grad.. bisa di gaji dikit tapi kerjaan dikasih banyak karena minim pengalaman kerja tinggal usernya aja sih. kasih probation.","1857439471232594203","","","in","in your ""nasty daughter"" bed","0","0","0","https://x.com/si_wah/status/1857439471232594203","72196820","si_wah"
"1857437385900130409","Fri Nov 15 14:55:56 +0000 2024","0","Woylah gen z bisa kerja Gaji gak seberapa tapi kerjaannya gak kira2","1857437385900130409","","","in","","0","0","0","https://x.com/easywinya/status/1857437385900130409","1752996817644716032","easywinya"
"1857429369737924774","Fri Nov 15 14:24:05 +0000 2024","0","Si kontol bilang aja klw lu ga layak ngasih gaji dan workload ke gen z millennial kyk kota cmn iya2 aja soalnya ga ada duit kaget ketemu yg bisa berontak ya? Cuih","1857429369737924774","","","in","Wanasari, Indonesia","0","0","0","https://x.com/hayazakitwt/status/1857429369737924774","128776276","hayazakitwt"
"1857421937921691680","Fri Nov 15 14:19:30 +0000 2024","0","@hepiimeal Adaloh milenial yang kerjanya makan gaji buta doang ada juga gen z yang planga plongo. Stop normalisir lah semua balik lagi ke etika kerja &amp; adab kerja kita masing masing","1857428216983777353","","hepiimeal","in","","0","1","0","https://x.com/pindoot/status/1857428216983777353","1110583232414703616","pindoot"
"1857427032659067031","Fri Nov 15 14:14:48 +0000 2024","6","YA KARENA GEN SETAN KAYAK LO INI NGEGAJI GEN Z SEBATAS UMR DOANG BAHKAN ADA YG UNDERPAID!!! LO MINTA GEN Z KERJA YG BENER TAPI GAJI CUMA UMR MENTOK. K O N T O L. https://t.co/HNbybNRusy","1857427032659067031","https://pbs.twimg.com/media/GcboCRubYAAaH_F.jpg","","in","♑she/her🏳️‍🌈","0","0","0","https://x.com/puddingtaby/status/1857427032659067031","596140089","puddingtaby"
"1857424394571891161","Fri Nov 15 14:04:19 +0000 2024","0","Aku gen z pas interview kerja dijabarkan kerja nya pake web method realita nya apapun atasan minta aku kerjain. sql? gas. java? gas. springboot? gas. Makin lama kerja yg nambah bukan gaji tp jobdesk &amp; ekspetasi atasan : )","1857424394571891161","","","in","Jakarta Pusat, DKI Jakarta","0","0","0","https://x.com/atmaaaaaaj/status/1857424394571891161","1278215671130714112","atmaaaaaaj"
"1857413971722252533","Fri Nov 15 13:22:54 +0000 2024","0","gue bukan gen z tp mostly gen z di kantor gue yg skillful bakal dibebani banyak jobdesc dengan gaji yg sama atas nama belajar","1857413971722252533","","","in","","0","0","0","https://x.com/sugagliders1857/status/1857413971722252533","1305429070620942336","sugagliders1857"
"1857026923332776332","Fri Nov 15 12:47:19 +0000 2024","0","@fuckingdustbag ini lah kelebihan gen Z prnh ngobrol sm gen millenials. ktnya kl dikerjaan mskpn g sebanding dgn gaji ya kerjain aja yg nurut (konteks yg gw tangkep dr cerita dia dr awl si emg kaya buat carmuk sm atasan biar dpt rekomendasi naik jabatan wkwk) but sorry gen Z kita ni g bs bgni","1857405015524307090","","fuckingdustbag","in","","0","0","0","https://x.com/aelpineee/status/1857405015524307090","1831729456815468547","aelpineee"
"1857402367517602048","Fri Nov 15 12:36:47 +0000 2024","1","Gaji yg bener makanya also kalo gamau kerja sama gen z makanya jangan buka loker maksimal 25 tahun ye puqi","1857402367517602048","","","in","SHINee World💎","0","0","0","https://x.com/Jjakgoongie/status/1857402367517602048","591663811","Jjakgoongie"
"1857398316784623739","Fri Nov 15 12:20:42 +0000 2024","0","Maaf yg millenials juga banyak yg kaya gini. Setiap generasi itu pasti ada yg begitu ngga cuma gen z doang. Gen z yg perform dan gaji puluhan juta juga nyatanya banyak ","1857398316784623739","","","in","West Jkt","0","0","0","https://x.com/zamamirooo/status/1857398316784623739","1269401337160060929","zamamirooo"
"1857380037869359358","Fri Nov 15 11:08:04 +0000 2024","2198","KENAPA SIH GEN MILENIAL TUH DIKIT2 NGATAIN GEN Z DIKIT2 NGEJUDGE GEN Z DIKIT2 NYURUH KERJA DAN NYURUH LEMBUR GEN Z. KASIH GAJI YANG BENER WOY KASIH GAJI YANG BENER LEMBUR BAYAR GAJI MINIMAL UMR. ASLINYA GEN MILENIAL YANG MENTAL ILLNESS SELALU NGEJADIIN GEN Z SEBAGAI SAMSAK.","1857380037869359358","","","in","","24","29","324","https://x.com/skmxawng/status/1857380037869359358","1614823387771334657","skmxawng"
"1857378891016605977","Fri Nov 15 11:03:30 +0000 2024","0","Ya jangan hire gen z lah kocak loker lo aja max 25 taun wkwk dan kalo ga ngasih gaji proper gausah nuntut sempurna","1857378891016605977","","","in","pluto ","0","0","0","https://x.com/jaesixs2/status/1857378891016605977","1082455001757171713","jaesixs2"
"1857374324195516433","Fri Nov 15 10:45:21 +0000 2024","0","teruntuk adik2 gen Z kalo pendapatanmu masih UMR gak usah lah gegayaan buat hidup bingung banget sama hitung2an gen Z. gaji UMR tapi belum seminggu udah habis. dan habisnya buat beli skincare sama baju. emang otak kalian gak fungsi atau gimana kalo kalian musti hidup ???","1857374324195516433","","","in","East Borneo, Indonesia","0","2","0","https://x.com/robynalfa/status/1857374324195516433","477679422","robynalfa"
"1857372262640550316","Fri Nov 15 10:37:10 +0000 2024","0","gen z kerja sesuai gaji (sy)","1857372262640550316","","","in","","0","0","0","https://x.com/killahour/status/1857372262640550316","1090272979328495621","killahour"
"1857366999413993899","Fri Nov 15 10:16:15 +0000 2024","0","1. Generalisir satu generasi alias ga semua gen z kaya yg diomongin beliau ini 2. Kalo emang mau nyari yg bener sesuai maunya si kakak ini ya umur pelamar kerja jangan mentok di 25 thn lah 3. Nyari spek dewa gaji pas-pasan","1857366999413993899","","","in","They/she","0","0","0","https://x.com/lunaretsolis/status/1857366999413993899","1788637653002567680","lunaretsolis"
"1857354695544635510","Fri Nov 15 09:27:22 +0000 2024","0","Workload gen z di kantor kamu apa? Gaji mereka berapa? Ekspektasi kamu apa? Proses rekrutmen bagaimana? Atasan gen z bagaimana kerjanya? Jawab dulu sampe jawabannya sesuai semua baru kamu boleh generalisir.","1857354695544635510","","","in","Space","0","0","0","https://x.com/pieshie/status/1857354695544635510","1528930194","pieshie"
"1857349968304189612","Fri Nov 15 09:08:34 +0000 2024","0","u pade gabisa gaji org mala nyalain gen z","1857349968304189612","","","in","","0","0","0","https://x.com/pipqqooo/status/1857349968304189612","2905753116","pipqqooo"
"1857345321904611477","Fri Nov 15 08:50:07 +0000 2024","0","Gen X sm Millennials yang gabisa kerja yang disalahin Gen Z. Minimal naikin dulu itu gaji jangan cari cheap labour berkedok intern hahaha.","1857345321904611477","","","in","1312","0","0","0","https://x.com/sactuscattus/status/1857345321904611477","2311749618","sactuscattus"
"1857026923332776332","Fri Nov 15 08:49:24 +0000 2024","0","@fuckingdustbag NAH INI mintanya gen z yang serba bisa tapi dengan gaji seadanya. BAPAK HIRE ULAR AJA MENDING YANG BANYAK BISANYA","1857345141914403198","","fuckingdustbag","in","","0","0","0","https://x.com/ridertongsetan/status/1857345141914403198","1119631935255355392","ridertongsetan"
"1857026923332776332","Fri Nov 15 08:44:58 +0000 2024","0","@fuckingdustbag Gen milenial nih tapi diperlakuin kayak gen z. Kerjaan bos tapi gaji babu 1jt","1857344028829987219","","fuckingdustbag","in","","0","0","0","https://x.com/SuperOPBeliau/status/1857344028829987219","879631304697954304","SuperOPBeliau"
"1857026923332776332","Fri Nov 15 08:38:18 +0000 2024","13","@fuckingdustbag jadi mikir lagi apa jgn2 selama ini gen Z bukan gabisa kerja tp lebih berprinsip soal gaji jobdesk dan kerjaan? belom lagi permasalahan underpaid etc.","1857342349438857286","","fuckingdustbag","in","","0","1","0","https://x.com/qubisqubisku/status/1857342349438857286","314572151","qubisqubisku"
"1857335249111576619","Fri Nov 15 08:10:05 +0000 2024","0","Padahal gen z kerja sesuai gaji","1857335249111576619","","","in","Ravenclaw","0","0","0","https://x.com/kyunoona99/status/1857335249111576619","1410877404168425475","kyunoona99"
"1857026923332776332","Fri Nov 15 07:32:05 +0000 2024","0","@fuckingdustbag Modelan lo tuh gen z.. uda tau kan kenapa memuakkan?.. lo gak perlu ngomongin gaji sebelom lo kasih liat skill lo..","1857325686140420587","","fuckingdustbag","in","","0","0","0","https://x.com/awarman06/status/1857325686140420587","204814981","awarman06"
"1857319544303628768","Fri Nov 15 07:07:41 +0000 2024","1","Sebaliknya dibalas mau gaji gede kerjaan gak bener Br aja nonton podcast prof. Renald Kasali dgn Pandji. Sebenarnya gen Z itu pintar2 tp attitudenya kureng. Gen sebelumnya (khususnya X) klo ingin reward/pendapatan naik kt berusaha tunjukkan dedikasi kita dl trhdp kerjaan.","1857319544303628768","","","in","Indonesia","0","1","0","https://x.com/Nuriza_Mivlana/status/1857319544303628768","1906279890","Nuriza_Mivlana"
"1857311224142168087","Fri Nov 15 06:34:37 +0000 2024","0","ok boomer skrg gaji gen z naikin jadi minimal 8 juta.","1857311224142168087","","","in","Meropide Fortress","0","0","0","https://x.com/momoirokeisu/status/1857311224142168087","946426867208273921","momoirokeisu"
"1857306642414744040","Fri Nov 15 06:16:25 +0000 2024","2","Gua gen z during working days gue kerja 9-12 jam cm kalo gue minta gaji 40jt sanggup bayar ga?","1857306642414744040","","","in","","0","0","0","https://x.com/takutrame/status/1857306642414744040","893765120760860672","takutrame"
"1857298890292343108","Fri Nov 15 05:45:37 +0000 2024","2","Soalnya gen z yg beneran bisa kerja lebih milih kerja diperusahaan asing gaji sangat sangat manusiawi dan less drama dari manusia manusia deskriminatif kaya gini wkwkkw","1857298890292343108","","","in","","0","0","0","https://x.com/thelifeofchaaa/status/1857298890292343108","1041879940998651905","thelifeofchaaa"
"1857294160832983307","Fri Nov 15 05:26:49 +0000 2024","0","padahal gen z terbiasa kerjain banyak hal ya sesuai benefit aj si yakali gaji murah ","1857294160832983307","","","in","","0","0","0","https://x.com/radinisme/status/1857294160832983307","1595321219565244417","radinisme"
"1857294134081704264","Fri Nov 15 05:26:43 +0000 2024","302","Hah bukannya kalian pada nyari Gen Z dan alpha supaya bisa gaji murah tenaga muda intern dan freshgradua--- *sinyal hilang*","1857294134081704264","","","in","Danmei, TVXQ, Anime, WYB. ","2","2","96","https://x.com/Dyanasthasia/status/1857294134081704264","939735264859062273","Dyanasthasia"
"1857287823919079680","Fri Nov 15 05:03:47 +0000 2024","1","Jd dikasih jobdec seabreg pun mau² aja krn ya itu yg mrk tahu. Gen Z mutus siklus ini dgn minta gaji sesuai kerjaan yg HARUSNYA udah jd praktik standard tp krn dinormalisasi dibayar brp kerjanya gmn jd jalan trs aja lingkaran setan bayar pekerja dibawah upah minimum.","1857288364615176220","","farfifah09","in","Indonesia","0","0","0","https://x.com/farfifah09/status/1857288364615176220","546762786","farfifah09"
"1857286889394651609","Fri Nov 15 04:57:55 +0000 2024","4","as gen z yang punya pengalaman dan lagi jobseeker ngerasain bgt gimana generasi milenial justru mencari fg untuk dibayar rendah kadang aku nego gaji mepet UMR aja malah merasa keberatan tpi yg di hire sengaja gen z fg supaya bisa kasih salary rendah cih licik","1857286889394651609","","","in","","0","0","0","https://x.com/bacaanvi/status/1857286889394651609","1320630242369654784","bacaanvi"
"1857279785694839282","Fri Nov 15 04:29:42 +0000 2024","3","gen z ada yang bisa kerja bener elu bisa gak bayar gaji layak tuntutan gak segunung?","1857279785694839282","","","in","","0","1","1","https://x.com/riztronaut/status/1857279785694839282","1103579419870814208","riztronaut"
"1857254582101168604","Fri Nov 15 02:56:14 +0000 2024","3","ga laporan kalo ga ditanya? berarti ada yg salah sm sistem lo. briefing lah. nanti kalo udh selesai kerjaan lo lapor gue ya . we do as what we have told. lu kata semua orang paham mau lu apa. aneh komen gen z genz terus. tp di kritik balik bisa2 dipotong gaji atau dikeluarin","1857256264142843965","","rsbpry","in","","0","1","0","https://x.com/rsbpry/status/1857256264142843965","1717212403","rsbpry"
"1857209862490636690","Thu Nov 14 23:51:51 +0000 2024","0","efek dari minimal batas usia kerja yaa gini gen z mostly kerja buat menuhin standar sosmed yaa makanya kerja yg penting dapet gaji! yg niat kerja malah kehalang umur ","1857209862490636690","","","in","Kota Tangerang, Banten","0","0","0","https://x.com/gueesme_/status/1857209862490636690","1360182944078327811","gueesme_"
"1857209555337503194","Thu Nov 14 23:50:37 +0000 2024","0","ngeluhin gen z tapi maksa bgt maksimal 25 thn kriteria seabrek gawean seabrek gaji seuprit","1857209555337503194","","","in","paw-world","0","0","0","https://x.com/cornart_/status/1857209555337503194","1324426454919127041","cornart_"
"1857156728049299481","Thu Nov 14 20:20:42 +0000 2024","0","Anw di kantor gw justru yg boomer gen x banyak dipecat mulu gara kerjany lambat gak tanggap lmao yg gen y dianggap jd budak krn yes man parahhh gen y yg bertahan ya yg relate ama gen z. So gen z what? Kantor lu aja yg gk bener gaji minim budget entry level minta specialist","1857156728049299481","","","in","🇲🇾🇮🇩🇹🇭","0","0","0","https://x.com/aloveseeker/status/1857156728049299481","1510560947731005440","aloveseeker"
"1857100865217106171","Thu Nov 14 16:38:44 +0000 2024","0","lah yang disalahin satu generasi kocak rekruternya gimana dulu jelek. giliran udah kerja kinerjanya jelek kok nyalahin orang banyak. kantor gw banyak gen z gaada masalah ga banyak yang resign target aman maunya kerja yang bener gimana sih yang kerja 12 jam gaji umr jateng?","1857100865217106171","","","in","","0","1","0","https://x.com/vousmemoriez/status/1857100865217106171","1241686638654140419","vousmemoriez"
"1857092754603442453","Thu Nov 14 16:07:48 +0000 2024","0","lagian perusahaan2 tuh ngeluhin gen z tapi tiap buka loker maksimal 25 tahun jobdesk seabrek bikin stress tanggung jawab gede kualifikasi ini itu tapi gaji mepet umr","1857093080869957924","","seblaknyaATEEZ","in","West Java, ID🇮🇩 | ENG OK","0","0","0","https://x.com/seblaknyaATEEZ/status/1857093080869957924","1360240813117083657","seblaknyaATEEZ"
"1857064738095526127","Thu Nov 14 14:15:10 +0000 2024","1","Lah kalo dah tau gen z pada begini ngapa kantor lu masih pada rekrut gen z kocak? Oh karena gaji masih murah ya?","1857064738095526127","","","in","","0","1","0","https://x.com/freeze_gooday/status/1857064738095526127","1535614861895696385","freeze_gooday"
"1857043255080153489","Thu Nov 14 13:06:22 +0000 2024","0","@mokubo1822 padahal mereka juga yang bentuk syarat kerja ada batasan umur paling tua 25thn karena biar bisa gaji minim lol dapet gen z yg kurang eh ngamuk sendiri akhirnya dan nyalahin satu generasi untung perusahaan tempat gue kerja gak rese dan dapet atasan org luar yg gak ageism wkwk","1857047423190765612","","mokubo1822","in","","0","2","0","https://x.com/folkorev/status/1857047423190765612","4925804340","folkorev"
"1857026433115205972","Thu Nov 14 11:42:58 +0000 2024","0","Apa² gen z mulu yg disalahin lah kalo gamau dapet gen z rekrut aja tuh yg udah tuwir². Jangan mau dapet gaji murah aja","1857026433115205972","","","in","","0","0","0","https://x.com/elonmushku/status/1857026433115205972","1788221721696493568","elonmushku"
"1856995770857394650","Thu Nov 14 09:41:07 +0000 2024","7","gen z kerja setengah mati ngabisin gaji setengah sadar","1856995770857394650","","","in","","0","0","0","https://x.com/komotra/status/1856995770857394650","1286323222191812608","komotra"
"1856991587735064952","Thu Nov 14 09:24:30 +0000 2024","1","Gue gen Z kerjaan hampir semua gue yg pegang sedangkan partner gue yg Milenial enak ngegosip jualan tidur dll.. Gaji sama? Oh tentu tidak ","1856991587735064952","","","in","Indonesia","0","0","0","https://x.com/kyukama_/status/1856991587735064952","587139121","kyukama_"
"1856984889532514473","Thu Nov 14 08:57:54 +0000 2024","0","Kalau Gen Z taunya makan tidur doang mah banyak perusahaan yang gak akan survive. Sekarang banyak Gen Z punya latar belakang pendidikan dan skills yang bagus aja gaji di bawah UMR. Terus lu pada menanyakan kontribusi Gen Z atau kinerja Gen Z? Wkwkwk ngaca weh .","1856984892791558520","","rabtbis","in","","0","1","0","https://x.com/rabtbis/status/1856984892791558520","858477549722247168","rabtbis"
"1856962825916236278","Thu Nov 14 07:59:51 +0000 2024","0","@exprascal @worksfess Gen Z wkwkwk gue aja yang Gen Z kemarin resign tetap ngasih one month notice ke perusahaan dan akhirnya tetap dikasih gaji terakhir","1856970284613734854","","exprascal","in","","0","1","0","https://x.com/rip_aiden/status/1856970284613734854","1052111278917869569","rip_aiden"
"1856959822757052566","Thu Nov 14 07:18:17 +0000 2024","128","These ppl keep calling gen z ini gen z itu but can't even employ ppl 30+ y.o dgn alasan ga seger lagi ga cekatan lagi ga bisa dinego soal gaji jdi lo maunya anak baru lahir yg kerja sm lo gitu?","1856959822757052566","","","in","Kamar Sylus. ","0","0","21","https://x.com/yuwzuwie/status/1856959822757052566","1100056009194713088","yuwzuwie"
"1856948991860380085","Thu Nov 14 06:35:14 +0000 2024","2","Lah??? Gue gen z kerja kurang bener apa lagi sampe semua unit manfaatin gue nyuruh kerjain ini itu? Gaji telat mulu tolol","1856948991860380085","","","in","Kota Tangerang, Banten","0","0","0","https://x.com/sapiraurus/status/1856948991860380085","1100666769730035712","sapiraurus"
"1856929503878287779","Thu Nov 14 05:17:48 +0000 2024","4","syarat di loker perusahaan lu harusnya usia minimal 27. baru tuh gaada gen Z. tapi PERUSAHAAN LU MAMPU GAK BUAT GAJI MEREKAAA??","1856929503878287779","","","in","","0","0","0","https://x.com/prabunuswantoro/status/1856929503878287779","1798791490879229954","prabunuswantoro"
"1856894381749670039","Thu Nov 14 02:58:14 +0000 2024","0","gen z boleh daftar gasi? mnarik bgt gaji 10jt untuk biaya hidup desa https://t.co/YLgztLaDwz","1856894381749670039","https://pbs.twimg.com/media/GcUDmELa0AAqgO2.jpg","","in","","0","1","0","https://x.com/dragonwariorrr/status/1856894381749670039","1154236663389802496","dragonwariorrr"
"1856598993058275497","Wed Nov 13 14:02:06 +0000 2024","0","@Risayang__ gen z mikirin gimana cara kebeli rumah pake gaji umr itu","1856699062059479287","","Risayang__","in","Indonesia","0","0","0","https://x.com/DigitalVibesID/status/1856699062059479287","775363332551249920","DigitalVibesID"
"1856660345773080938","Wed Nov 13 11:28:17 +0000 2024","0"," Dapat Tawaran yang Lebih Baik Tawaran baru yang lebih menarik dari segi gaji reputasi perusahaan atau tunjangan bikin Gen Z nggak pikir panjang buat resign. Lagian siapa yang nggak mau dapet hal yang lebih baik kan?","1856660352530088365","","girlsbeyond_id","in","","0","1","0","https://x.com/girlsbeyond_id/status/1856660352530088365","1542347235836727296","girlsbeyond_id"
"1856660345773080938","Wed Nov 13 11:28:17 +0000 2024","0"," Gaji yang Kurang Memuaskan Banyak Gen Z yang udah kerja keras tapi ngerasa gajinya nggak sepadan. Jadi nggak heran kalau demotivasi dan mutusin buat cari kerjaan yang lebih worth it!","1856660349363388707","","girlsbeyond_id","in","","0","1","0","https://x.com/girlsbeyond_id/status/1856660349363388707","1542347235836727296","girlsbeyond_id"
"1856613211199680645","Wed Nov 13 08:20:58 +0000 2024","0","Tips Gen Z Bisa Beli Rumah Meski Gaji UMR https://t.co/zDUfBvhLRY","1856613211199680645","","","in","","0","0","0","https://x.com/detik_properti/status/1856613211199680645","1669625434471038976","detik_properti"
"1856598993058275497","Wed Nov 13 07:24:28 +0000 2024","199","Gen Z dg gaji UMR ditambah sandwich gen apa ga menyala https://t.co/uzluA9If7R","1856598993058275497","https://pbs.twimg.com/amplify_video_thumb/1856598920593551360/img/ghIbI4vDQCXXtifG.jpg","","in","Bali, Indonesia","0","192","0","https://x.com/Risayang__/status/1856598993058275497","3184673953","Risayang__"
"1856121771633848684","Wed Nov 13 04:12:54 +0000 2024","0","@itsquaileggs Gen z aja begonya udah kebangetan sama excel aja banyak yang ga bisa ini lagi sok sok an coding. Benerin dulu noh sekolah kualitas guru gaji guru yang layak karena dia pilar utama negara benerin juga ahlak pada kepsek ga usah pada main anggaran belanja sama vendor","1856550781492834737","","itsquaileggs","in","","0","0","0","https://x.com/sdmgvn/status/1856550781492834737","1290280158432096268","sdmgvn"
"1855790559497257176","Tue Nov 12 09:13:02 +0000 2024","3","@lgabyt mari tunjukkan pada generasi boomer yang kebanyakan ngeremehin gen z kalo kita bisa dapet kerjaan yang layak dengan gaji yang pantas. amin.","1856263928512426134","","naebluespring","in","","0","0","0","https://x.com/naebluespring/status/1856263928512426134","1691780515081428992","naebluespring"
"1855265399669137828","Mon Nov 11 06:53:11 +0000 2024","7","@Balericx Kan harusnya memang kaya gitu. anak2 freshgraduate itu jgn mikirin gaji terima aja udh pait2 dulu kumpulin surat keterangan kerja sebanyak2nya nanti seiring pengalaman kalian juga lama2 gaji kalian naik. tp jaman skrg gen z selalu liatnya dari gaji blm apa2 udh mikirin nominal","1855866345285714389","","Balericx","in","","0","0","0","https://x.com/cylma/status/1855866345285714389","61759390","cylma"
"1855818528663941232","Mon Nov 11 03:43:11 +0000 2024","0","smk tehnik sipil kuliah s1 psikologi islam mau ngelamar kerja di pertokoan gaji di bawah umr. kalo ga gen z kagak ada wkwk eh kuliah belom lulus baru skripsi. apa ga mumet tuh skripsian sama kerja ","1855818528663941232","","","in","","0","0","0","https://x.com/MySonofthesun/status/1855818528663941232","1518540258446430210","MySonofthesun"
"1855683724480000387","Sun Nov 10 18:47:31 +0000 2024","0","gen z gaji turun mulai pembayaran apk prem ","1855683724480000387","","","in","cw // harshword","0","0","0","https://x.com/mybbullshittt/status/1855683724480000387","1293584985568370688","mybbullshittt"
"1855677345237184984","Sun Nov 10 18:22:10 +0000 2024","0","terlalu berat buat gen z ( angkatan kerja muda) buat survive ditengah minimnya lapangan kerja. di amplifikasi dgn kebutuhan menafkahi keluarga inti (ayah ibu saudara) maka cuman gaji dibawah umr yg bs diandalkan. alhasil masalah keluarganya tidak menemui titik terang","1855677345237184984","","","in","","0","0","0","https://x.com/ekeckeck/status/1855677345237184984","494037302","ekeckeck"
"1855624255519805764","Sun Nov 10 14:52:39 +0000 2024","0","Kaluna gaji umr bs nabung 300 jt soalnya nga konseran trs bu nga kayak gen z lainnya (aku) u__u","1855624616573845600","","singyular","in","yes","0","0","0","https://x.com/singyular/status/1855624616573845600","816610258118320129","singyular"
"1855375307009855508","Sun Nov 10 13:33:34 +0000 2024","1","@AaronDVankov Tapi kalo ayam uemkaem udah ga nerima gen z mana gaji ga umr wkwkwk","1855604714576212219","","AaronDVankov","in","","0","0","1","https://x.com/elsinnmbre/status/1855604714576212219","1082360658","elsinnmbre"
"1855188975348285648","Sun Nov 10 09:55:35 +0000 2024","0","@skipberat Nte plis lu jadi menteri aja. Biar gen z pnya gaji layak","1855549858381492512","","skipberat","in","caratland","0","0","0","https://x.com/marcelasidoo/status/1855549858381492512","1607596767956324352","marcelasidoo"
"1855196278449414341","Sat Nov 09 15:30:01 +0000 2024","0","@apanakdikato Jgnlah marah depa Bang Aji...kalau gaji rendah lagu mana depa nak pakai Honda makan kat kedai hipster/viral pi melencong luaq negara stail influencer depa..Bang Aji kena paham kemajuan gen Z..","1855271633881378831","","apanakdikato","in","Rawang, Selangor","0","0","0","https://x.com/SHAHARUDDINHAS1/status/1855271633881378831","963755762924187649","SHAHARUDDINHAS1"
"1855119165004378208","Sat Nov 09 15:05:40 +0000 2024","0","@tanyarlfes 15jt thr 2x gaji saya jg mau nder dm lokasi dan kapan interview","1855265505139204272","","tanyarlfes","in","Engelberg, Switzerland","0","0","0","https://x.com/GenZ3T/status/1855265505139204272","1257249470623801345","GenZ3T"
"1855209619318038614","Sat Nov 09 11:23:41 +0000 2024","0","Gw tau gw cuma gen z yg emang lg cari kerja dan jujur gw gak peduli lah soal gaji.. soalnya di jaman ini juga kalo gw nyari kerja yg sesuai dengan bidang gw persaingannya ketat udah gitu list kualifikasi nya udah kaya nyari super hero lagi. Mana gajinya kecil..","1855209640767992164","","FR_Bagas25","in","Isekai","0","1","0","https://x.com/FR_Bagas25/status/1855209640767992164","1692237948388098048","FR_Bagas25"
"1855196278449414341","Sat Nov 09 10:30:35 +0000 2024","14","Yg pelik pelik je marketing budak2 gen Z ni... nak kena menggeletis dkt meja orang utk dpt sales.. Lps sembang psl gaji tknk kalah.. fresh grad- keje 3 tahun dpt gaji 6k tp bila bt keje lbh sikit komplen","1855196278449414341","","","in","Inner Mongolia, People's Repub","0","8","2","https://x.com/apanakdikato/status/1855196278449414341","276003527","apanakdikato"
"1854783023516188792","Fri Nov 08 07:09:51 +0000 2024","0","Tapi menariknya nih banyak juga Gen Z yang udah coba jadi freelancer malah jadi penasaran sama kerja fulltime. Katanya mereka pengen jenjang karier yang jelas dan gaji yang lebih stabil. Hayo kamu tim yang mana nih? ","1854783377200889941","","digital_skola","in","","0","1","0","https://x.com/digital_skola/status/1854783377200889941","1505811317827182596","digital_skola"
"1854544604873294324","Fri Nov 08 02:25:11 +0000 2024","2","@worksfess Sebenarnya bukan masalah mental Gen Z tapi memang semua orang punya batas toleransi yang berbeda-beda. Bekerja di agency emang kadang jam kerjanya panjang &amp; tekanan tinggi. Tapi gaji di bawah UMR &amp; kerja sampai 12 jam ini gak sehat banget. Coba omongin lagi dengan","1854711734449455523","","worksfess","in","Indonesia","0","0","0","https://x.com/DeallsJobs/status/1854711734449455523","1596075737488162816","DeallsJobs"
"1854423607235297453","Thu Nov 07 07:20:16 +0000 2024","0","Gaji dan jabatan bukan lagi jadi prioritas utama Gen Z! Jadi apa dong yang mereka cari dari pekerjaan? #experd","1854423607235297453","","","in","Jakarta Selatan ","0","1","0","https://x.com/experd/status/1854423607235297453","330096661","experd"
"1854351221508935948","Thu Nov 07 06:48:50 +0000 2024","0","@Boediantar4 Gaji pns Cuma naik 8 persen","1854415698573013396","","Boediantar4","in","","0","0","0","https://x.com/alexand66298416/status/1854415698573013396","1636511635904012289","alexand66298416"
"1854408058761597298","Thu Nov 07 06:18:29 +0000 2024","3","pilih mana gaji 2 digit tapi hidup senang atau gaji 1 digit tapi hidup susah?","1854408058761597298","","","in","","1","0","0","https://x.com/TweetGenZ/status/1854408058761597298","1537795038432079873","TweetGenZ"
"1854385881509191863","Thu Nov 07 04:52:09 +0000 2024","0","salut sama guru guru yang ngurus gen z skarang mentalnya harus kuat. padahal gaji juga ga seberapa. guru honorer aja sebulan cuma dapet 200 ribu ga sebanding sama tuntutan sekolah + ngurus anak yang susah banget diatur sekarang","1854386332396822853","","miroriarty","in","kinda ia","0","0","0","https://x.com/miroriarty/status/1854386332396822853","1619967105734168576","miroriarty"
"1854371327584719093","Thu Nov 07 03:52:31 +0000 2024","1","Baca qrt/reply di twt dira soal polemik cari pasangan pake standar gaji bikin gue makin yakin twtr isinya mirip2 aplikasi kandang xxx sebelah sedih sih kirain gen Z/alpha makin ke sini makin progresif-kontekstual ternyata makin mirip gen X progresif enggak wisdom ga punya","1854371327584719093","","","in","Kpopsosbudhankampol","0","0","0","https://x.com/patternxde/status/1854371327584719093","40838249","patternxde"
"1854093929362207091","Thu Nov 07 01:33:14 +0000 2024","0","@worksfess Gaji kecil kerjaan segunung belum lagi kalo disuruh2 sama senior yang gaptek lu sebagai gen z yang ngerti teknologi pasti selalu dimanfaatkan dan ditumbalkan","1854336276763406743","","worksfess","in","","0","0","0","https://x.com/hnfrfdz/status/1854336276763406743","3193025703","hnfrfdz"
"1854240340406059376","Wed Nov 06 19:12:01 +0000 2024","0","iya kmrn ada lewat gw jg baca ini case org yg gw kenal sendiri ud umur 30 gaji dibawah 10 jt tumbuh dilingkungan ortu yg ga suprot anak2nya soft skill kurang ga Pede an gmn mau perform kalah lah ama anak gen Z yg fresh grad","1854240340406059376","","","in","ÜT: -6.12378,106.822426","0","1","0","https://x.com/Janusts/status/1854240340406059376","88161396","Janusts"
"1854144846145175844","Wed Nov 06 12:52:34 +0000 2024","0","Last statement is the point!!!! Gen z juga kalo dengan tekanan kerja yang besar asal gajinya juga oke kayaknya bakal bertahan Masalahnya nih kita udah kena pressure lingkungan toxic gaji mepet umr pula? Ya siapa yang bakal betah?","1854144846145175844","","","in","스마랑","0","0","0","https://x.com/HSHapsari/status/1854144846145175844","906732842662510592","HSHapsari"
"1854082627063750841","Wed Nov 06 08:45:20 +0000 2024","0","Stay angry gen z. Demand gaji banyak lagi baru la kena dengan zaman. Kalau tak maintain jelah hidup untuk survive not for success","1854082627063750841","","","in","Kuala Lumpur City","0","0","0","https://x.com/zazzyazzy/status/1854082627063750841","306681484","zazzyazzy"
"1854026889775726621","Wed Nov 06 05:03:51 +0000 2024","0","Mending hire admin gen z apa s1 apa ngajarim boomer gaji sama","1854026889775726621","","","in","","0","0","0","https://x.com/ddownmilk/status/1854026889775726621","1320029320417406976","ddownmilk"
"1853758021341712593","Wed Nov 06 02:07:17 +0000 2024","3","@CNNIndonesia punya gaji 2 digit aja udh seneng palagi 3 digit ","1853982456673931365","","CNNIndonesia","in","","0","0","0","https://x.com/TweetGenZ/status/1853982456673931365","1537795038432079873","TweetGenZ"
"1853978305818759322","Wed Nov 06 01:50:48 +0000 2024","3","My current company nyari SDM Gen Z maunya yang bersemangat. Saya pikir keren juga mindsetnya. Tapi pas saya udah kerja ternyata expense gak cair gaji dipotong tapi BPJS non aktif iuran JHT udah 2 bulan gak dibayar claim pulsa gak dibayarkan.","1853978305818759322","","","in","","0","1","1","https://x.com/aubunr/status/1853978305818759322","1841150605173407744","aubunr"
"1853617645456867734","Wed Nov 06 01:12:24 +0000 2024","0","@mrviery @WidasSatyo Yg di hire palugada gaji kecil bukan cuma gen z deh.... dari gen gen sebelumnya pun sama imho tp kenapa cuma gen z yg di stigma begitu hayo...","1853968643408953418","","mrviery","in","Bandung city","0","3","0","https://x.com/queenara_aisya/status/1853968643408953418","107979568","queenara_aisya"
"1853961691211698396","Wed Nov 06 00:44:46 +0000 2024","1","Suka julid sama anak gen z yang apa² resign tapi ngasih gaji ga kira². Giliran ada yang pengalaman ga mau dihire takut minta gaji tinggi ️.","1853961691211698396","","","in","","0","1","0","https://x.com/elonmushku/status/1853961691211698396","1788221721696493568","elonmushku"
"1853789911503237464","Tue Nov 05 13:22:11 +0000 2024","89","Marah bila Millennials Gen Z lambat kahwin/taknak kahwin/belum ada anak/taknak anak sebab faktor kewangan tetapi pada waktu yang sama perlekehkan mereka bila sembang pasal kenaikan gaji dan sewaktu dengannya. #viensart https://t.co/rk9QVCzR75","1853789911503237464","https://pbs.twimg.com/media/Gbn8Fm5akAAU1Em.jpg","","in","Malaysia","0","2","39","https://x.com/ComicsByVieN/status/1853789911503237464","1121121724714536960","ComicsByVieN"
"1853774222444945434","Tue Nov 05 12:19:50 +0000 2024","12","mana mau perusahaan perusahaan itu tetep menghujat gen z at the same time meres tenaganya dengan gaji rendah ","1853774222444945434","","","in","Buitenzorg","0","0","2","https://x.com/khaleesist/status/1853774222444945434","350214096","khaleesist"
"1853649045186871718","Tue Nov 05 04:02:26 +0000 2024","1","Gen x dan boomer kalau pasai gaji zaman sekarang tolong lah keluar dari circle/takuk masing2. Tanya2 kat gen y dan gen z sama baru paham gaji zaman sekarang lain mcm punya gap","1853649045186871718","","","in","","0","0","0","https://x.com/JatPengaturcara/status/1853649045186871718","1349369519525883905","JatPengaturcara"
"1853638186469376458","Tue Nov 05 03:19:17 +0000 2024","1","Bener kata orang mayoritas gen Z lebih senang gaji kecil tp bahagia dari pada gaji besar tp banyak tekanan. Pantas turnover perusahaan tinggi dan banyak tumbuh outsourcing sekarang","1853638186469376458","","","in","Bogor, Jawa Barat","0","1","1","https://x.com/dityaans/status/1853638186469376458","1167615438265602049","dityaans"
"1853617645456867734","Tue Nov 05 01:57:39 +0000 2024","14845","Sering baca komplain kalo kerja anak gen Z itu gak beres lah mental lemah lah atau tiba2 resign lah. Yaudah coba syarat umurnya dihapus. Orang2 usia &gt; 30 tahun biasanya pengen cari karir yg lebih stabil. Soal gaji masih bisa nego. Kecuali emg cuma pengen nyari cheap labour.","1853617645456867734","","","in","","135","71","3052","https://x.com/WidasSatyo/status/1853617645456867734","472857347","WidasSatyo"
"1849712154544664915","Mon Nov 04 23:57:42 +0000 2024","0","@tanyarlfes nder mau gen apa juga kalo di gaji underpaid pasti ngeluh bedanya kalo gen z ngeluhnya di sosmed sedangkan gen sebelumnya ngeluh nya ke orang terdekat","1853587457847292266","","tanyarlfes","in","","0","0","0","https://x.com/Azwrrr_/status/1853587457847292266","1603027239247171584","Azwrrr_"
"1853437184684302741","Mon Nov 04 23:51:16 +0000 2024","0","@chocominttlover Gen z mau nya kerja enak gaji gede Meanwhile pemberi gawe :","1853585837528862905","","chocominttlover","in","","0","0","0","https://x.com/riz_aviory/status/1853585837528862905","1526224348645732352","riz_aviory"
"1853456420932640915","Mon Nov 04 15:17:00 +0000 2024","0","aq dah jadi Gen Z yg fomo tgk office mate pakai smart watch aku pon nak pakai smart watch. Tapi x sedar diri diorg tu gaji dah lama kerja kita ni baru dua bln .","1853456420932640915","","","in","","0","1","0","https://x.com/11Ajeep/status/1853456420932640915","1104784353672847360","11Ajeep"
"1849704003615195354","Mon Nov 04 14:04:46 +0000 2024","0","@Rosalia_Ind @prasetia495 @Widino Begini nih isi perusahaan kalo semuanya Boomer dan yang gen Z &amp; Millenial cuman kebahian admin gaji rendah. Please hire a young professional public relation yall stoooopiiddd.","1853438241111937157","","Rosalia_Ind","in","","0","0","0","https://x.com/newwwton15/status/1853438241111937157","626335920","newwwton15"
"1852951651017171077","Mon Nov 04 12:29:56 +0000 2024","2","@rikimartin24 @shuggie_nihboss @KeritingMie @PoedanBang @AGNEZMODAY @agnezmo Dasar banci tua bodoh. Artis lu gak laku trus lu salahkan orang2 texas. Gaji mereka sehari aja gaji lu 1 - 2 bulan. Noh Taylor swift dan niki orang bela belain dateng dan bayar ke konser nya. Bukan tante ydah uzur no talent. Iya kali gen z liat nenek 40 tahunlogika pake","1853414375765471404","","rikimartin24","in","","0","1","0","https://x.com/Justfieee/status/1853414375765471404","1792160714616086528","Justfieee"
"1853397118427201579","Mon Nov 04 11:21:22 +0000 2024","0","Gaji kecil itu ada bentuk kerja keras Nya membahagiakan keluarga nya. Maka dengan menghargai itu rasa nya sudah cukup","1853397121078378700","","iwuiwuwiw","in","","0","0","0","https://x.com/iwuiwuwiw/status/1853397121078378700","1248774573023064065","iwuiwuwiw"
"1853394463110139985","Mon Nov 04 11:10:49 +0000 2024","0","Nak tergelak dan baran pun ada tengok gen Z skang rata² gaji tak sampai rm2k tapi banyak songeh. Nak apply loan 9 tahun kete honda bmw mers Bila salesman rekemen kete local cakap malu la pakai kete local kwn² nya semua naik kete import Keje khadam tapi selera firaun #GenZ","1853394463110139985","","","in","Kuala lumpur","0","1","0","https://x.com/GhostKozak786/status/1853394463110139985","182769911","GhostKozak786"
"1853358867000041650","Mon Nov 04 08:49:22 +0000 2024","2","Ngomongin soal gaji Gen Z eh nggak semua dua digit loh! Banyak yang masih berjuang di angka yang bikin kita mikir dua kali sebelum beli kopi. Ditambah potongan yang bikin gaji makin tipis ","1853358867000041650","","","in","+62","0","0","0","https://x.com/perangkatnuklir/status/1853358867000041650","1425327762370306054","perangkatnuklir"
"1853315148985041034","Mon Nov 04 05:55:39 +0000 2024","0","mau jadi gen z yang produktif gaji dapet dikit nambah sertifikasi https://t.co/1TCRqAdd45","1853315148985041034","https://pbs.twimg.com/media/GbhMTVnb0AASP2G.jpg","","in","Kebayoran Lama, DKI Jakarta","0","0","0","https://x.com/coconutellaId/status/1853315148985041034","3160595754","coconutellaId"
"1852985243990454438","Mon Nov 04 05:39:43 +0000 2024","0","@YurisAbrori Akhirnya kita tiba di jaman ini. Jaman dimana bapak/ibu guru kita dengan gaji minimal dimaki secara leluasa oleh semua orang. Bener2 pahlawan tanpa tanda jasa.","1853311142632022438","","HaubAkalam","in","","0","0","0","https://x.com/txtdarigenzee/status/1853311142632022438","1692710410733113344","txtdarigenzee"
"1853271468848857586","Mon Nov 04 03:02:04 +0000 2024","0","gaji cman 200k perbulan minta kayak les privat gen Z dongo","1853271468848857586","","","in","Kota Yogyakarta","0","0","0","https://x.com/1312_x_/status/1853271468848857586","1138655265920733184","1312_x_"
"1853253747327250918","Mon Nov 04 01:51:41 +0000 2024","16","Aku malas nak komen lebih tapi apa yang aku yakin pengalaman kerja Gen Z atau fresh grad ni rata-rata tak adalah banyak sangat. Jadi janganlah kerek. Awak nak demand gaji 4K 5K 10K tu terpulanglah tapi ADAB kena ada. Perangai tu penting dik. Biar bodoh jangan kerek.","1853253753459413489","","faridaffy","in","Kuala Lumpur","0","1","0","https://x.com/faridaffy/status/1853253753459413489","41559594","faridaffy"
"1853033659961409767","Sun Nov 03 11:17:06 +0000 2024","2","Gaji gua sebagai Gen Z di umur 22 sebulan bisa 4-8jt emang tapi tabungan gua belum nyampai 2 digit faktor penyebab nya karena boros :) dapat gaji 4jt excited nya minta ampun udah mau beli ini dan itu. https://t.co/BNjpvIQ5yl","1853033659961409767","https://pbs.twimg.com/media/GbdMSl6aEAAKMTs.jpg","","in","Makasar, Indonesia","0","0","0","https://x.com/matttt26/status/1853033659961409767","1523547370675314688","matttt26"
"1852485415863025748","Sun Nov 03 10:51:42 +0000 2024","0","@daakooe Kenapa gak gaji 150rb Perbulan ngeluh dibanding gaji 10jt perhari bersyukur ","1853027267372544399","","daakooe","in","bangka Belitung","0","0","0","https://x.com/RahulGenZ/status/1853027267372544399","1504355535545839616","RahulGenZ"
"1852899601596227645","Sun Nov 03 03:49:53 +0000 2024","0","@mxxrajuns lagi mau bilang gen z banyak demand la apa la. padahal penakut nak melawan kebenaran. harga barang makin naik tapi gaji kat takuk sama. kita terkilan ok bila tahu gaji orang dulu dah RM1.2k misal kata pada 1997 dan masih RM1.2k+ di 2025? dimanakah keekonomian disini!","1852921113162269111","","mxxrajuns","in","","0","0","0","https://x.com/ibrvht/status/1852921113162269111","1752989460680364032","ibrvht"
"1852582620573630621","Sat Nov 02 05:24:50 +0000 2024","1","bantu perjuangin dong bang guru dapet gaji GEDEE biar guru gen z ini behave kaya pejabat sana yg bakal dinaikin gaji dan tunjangannya biar mereka kaga korupsi.","1852582620573630621","","","in","his lap","0","0","0","https://x.com/heerami_truffle/status/1852582620573630621","1277803470527979520","heerami_truffle"
"1852511079861240077","Sat Nov 02 00:40:34 +0000 2024","1","Gen Z suruh itung2an. Kelar kau Senin-minggu kerja di lapangan gaji sama kesempatan dinas gk punya lagi proyek bermasalah gym tiket nonton dan fasilitas lainnya yg udh di subscribe hangus. Emng dari awal tuh gk disini harusnya ","1852511079861240077","","","in","BE","0","0","0","https://x.com/Zect00/status/1852511079861240077","1185830831723433984","Zect00"
"1851968750385308131","Fri Nov 01 16:53:30 +0000 2024","0","@meinmokhtar gen z ke. gaji fresh grad mau 3 4k kena marah sikit nangis. cemana","1852393538732077281","","meinmokhtar","in","","0","0","0","https://x.com/admiralkunkka/status/1852393538732077281","236138876","admiralkunkka"
"1852387567372738640","Fri Nov 01 16:41:48 +0000 2024","0","padahal saat itu juga bisa pinjem mobil bokap buat bawa ke kantor. tapi zeyeng bgt duidnya. ni bocah2 gen z gaji masi dibawah 10 jt gaya lo kebanyakan. terus petantang tenteng kaya orang paling byk duid sedunia. gaji gw 2 digit bukan 10jt doang ya saat itu close to fifteen.","1852390596255912078","","aldatunggadewi","in","","0","1","0","https://x.com/aldatunggadewi/status/1852390596255912078","1696379862402166785","aldatunggadewi"
"1852339802068394078","Fri Nov 01 13:19:58 +0000 2024","0","mungkin nggasih gen z anak pertama sandwich gen dengan gaji umr tuh bisa punya rumah sendiri","1852339802068394078","","","in","I&B100","0","0","0","https://x.com/baekupedia/status/1852339802068394078","1252079919036633088","baekupedia"
"1851921741142200651","Fri Nov 01 13:19:43 +0000 2024","0","@La_FarEast Awat macam ni eh Gen Z loni? i dulu gaji 2.8k angkat axia basic. Sekarang gaji 6k pun still guna axia. Fikir long term dik long term.","1852339741804703819","","La_FarEast","in","","0","0","0","https://x.com/analoveeecine/status/1852339741804703819","1755012777872375808","analoveeecine"
"1852324103354823023","Fri Nov 01 12:17:35 +0000 2024","0","Gaji 1.7k tapi nafsu besar gajah. Gila ke apa tapi taktahu la gen z skrg fikiran cmne. Aku dulu baru kerja mmg fikir nak downgrade kereta. Fuhh jenuh membela H weh.","1852324103354823023","","","in","RLeft","0","0","0","https://x.com/nieylsajiehaa/status/1852324103354823023","494679857","nieylsajiehaa"
"1851921741142200651","Fri Nov 01 10:49:26 +0000 2024","0","@La_FarEast Pernah tgok dpn mate.. gen z punye pangai gaji 1.8k.. dpt beli myvi.. trus rase org kelling die miskin.. aku syak dieorg ni gen yg xleh dpat duit laa trus jdi beruk lupe daratan..","1852301920578224350","","La_FarEast","in","","0","0","0","https://x.com/NAMDADL/status/1852301920578224350","1022485410327347200","NAMDADL"
"1852288703785550058","Fri Nov 01 09:56:55 +0000 2024","1","Anjai nak beli kete 160k depo 6k je. Kau tarik 9 tahun pun tetap monthly lagi tinggi daripada gaji bersih. Ni bukan gen Z ni ba","1852288703785550058","","","in","","0","0","0","https://x.com/AlepHakeem/status/1852288703785550058","1652215488","AlepHakeem"
"1852242187205120437","Fri Nov 01 06:52:05 +0000 2024","1","INFO CUAN nih ccocok banget buat gen z yang mau kerja santai gaji tiap hari #infocuan #cuan #Dhanteras #bosmuda info in hare https://t.co/Qi8oxSU5wQ https://t.co/VRgV3tb9OS","1852242187205120437","https://pbs.twimg.com/ext_tw_video_thumb/1852242165369573376/pu/img/irfhf_w_MDDh2pcY.jpg","","in","","0","0","0","https://x.com/hicha0405/status/1852242187205120437","1713226941816532992","hicha0405"
"1852199286035091474","Fri Nov 01 04:01:36 +0000 2024","0","gila. yaris pun semput aku nk bayar membe terus nak angkat civic dgn gaji 1.7k?? pstu nk ckp mcmtu mmg tk sedar diri ye dasar gen z","1852199286035091474","","","in","","0","0","0","https://x.com/shiradeen/status/1852199286035091474","1169611915657482243","shiradeen"
"1852169840766915026","Fri Nov 01 02:04:36 +0000 2024","0","Gaji baru RM1700 berangan pakai honda civic FL7 Gen Z memang aneh-aneh https://t.co/0ltu7MMq0V","1852169840766915026","","","in","","0","0","0","https://x.com/InforakyatNet/status/1852169840766915026","1330301397435346946","InforakyatNet"
"1852168915557978427","Fri Nov 01 02:00:55 +0000 2024","0","Gaji RM1 700 tapi nak beli kereta RM150 000++ Honda FL1 ‼️ Letih layan adik-adik gen Z ni Foto: FB Wan M Faris https://t.co/aJnQEcoA1T","1852168915557978427","https://pbs.twimg.com/media/GbQ5z_GakAUUD68.jpg","","in","","0","0","0","https://x.com/ohmymediacc/status/1852168915557978427","1734789401589493760","ohmymediacc"
"1851921741142200651","Fri Nov 01 01:50:04 +0000 2024","2","@La_FarEast Gaji sis 10x gaji bersih dia baru sis berani buat loan kereta rege rm100k++ Benda mcm ni bkn gen Z je yg dh tua bangka pun ada jugak mcm ni.","1852166182151032934","","La_FarEast","in","Putrajaya Federal Territory","0","0","0","https://x.com/nimaadia/status/1852166182151032934","4648197943","nimaadia"
"1852157842691858577","Fri Nov 01 01:16:55 +0000 2024","0","Gen Z gen isap gam Kawan aku gaji berbelas ribu sebulan relax je pakai Saga FLX. JANGAN JADI HAMBA NAFSU HAMBA BANK. KELAK MERANA. BERSEDERHANALAH.","1852157842691858577","","","in","Malaysia","0","1","0","https://x.com/muhammadshahir_/status/1852157842691858577","2328913838","muhammadshahir_"
"1852014771379585523","Thu Oct 31 15:48:24 +0000 2024","3","From a gen Z to another gen Z berpijaklah di bumi yg nyata. Gila ke apa gaji bersih 1.7k nk pakai kereta harga 165k? Aku yg pakai saga pun mencungap nak bayau. Jangan fikir bayaran kereta je. Minyak maintenance wear and tear roadtax insurance lagi?","1852014771379585523","","","in","","0","1","3","https://x.com/amnzraa/status/1852014771379585523","1384095198821556227","amnzraa"
"1851878443664970212","Thu Oct 31 09:51:26 +0000 2024","1","@AbelNvrd11 Duit gaji habis buat vote SSK indomie solusi nya bertahan hidup ","1851924934781542666","","AbelNvrd11","in","bangka Belitung","0","0","0","https://x.com/RahulGenZ/status/1851924934781542666","1504355535545839616","RahulGenZ"
"1851923385309086131","Thu Oct 31 09:45:16 +0000 2024","0","Perangai Gen Z. Gaji RM1700 bersih nak pakai Honda Civic FL1 . Nak buat bayaran Honda City pun senak bang oi ni kan pulak Civic FL1. Apa la budak ni fikir. Adoiiii. Credit fb : Wan F Faris https://t.co/UKbCc7ST5S","1851923385309086131","https://pbs.twimg.com/media/GbNaf0iaQAAq2fL.jpg","","in","","0","0","0","https://x.com/m_zzza/status/1851923385309086131","1481616665259683846","m_zzza"
"1851921741142200651","Thu Oct 31 09:38:44 +0000 2024","7235","Korang gen Z jgn buat la perangai mcm ni. Ada ke nak nego rega kereta dari 163k ke 100k. Agak2 la. Gaji bersih 1.7k tapi nak pakai kereta rega 160k. Nafsu lobai sungguh. https://t.co/hgoCWHVuug","1851921741142200651","https://pbs.twimg.com/media/GbNZAV7akAQUjhk.jpg","","in","Kita hamba Allah","603","266","3535","https://x.com/La_FarEast/status/1851921741142200651","457600462","La_FarEast"
"1851871080094535829","Thu Oct 31 06:17:26 +0000 2024","0","Tak pelik tgok gen z skrg nk kereta mewah. Member aku sendiri pun gaji 1.8k tapi tgh usha vios ","1851871080094535829","","","in","Muar, Johor","0","2","0","https://x.com/ainearianii/status/1851871080094535829","247653803","ainearianii"
"1851790182451941789","Thu Oct 31 00:55:58 +0000 2024","0","satgi cakap cenni mesti ada gen terpaling dok rasa bagus dok kata gen z mengada2 nak basic gaji 3k hint: bukan boomers","1851790182451941789","","","in","","0","0","0","https://x.com/saranghaey_/status/1851790182451941789","1190269902898135040","saranghaey_"
"1851790045256266173","Thu Oct 31 00:55:26 +0000 2024","0","Aku cerita ke temen sama juga gen z udah training 2 minggu cape2 dilatih kerja sebulan dapet gaji eh berenti .. lebih nyesek sih ini .. kayanya ngegamoangin banget yah mereka tuh. Engga tau apa jaman lagi susah banget ini cari duit .","1851790045256266173","","","in","","0","0","0","https://x.com/Reniang94136672/status/1851790045256266173","1451624274922377220","Reniang94136672"
"1851315106120130947","Wed Oct 30 14:42:56 +0000 2024","0","@_Satsuki98 Dan bisanya cuma nyari scapegoat atas problem dia. The f will gen Z do? Minta gaji mereka diturunin atas Respect ke karyawan yg kerja 8 tahun di sana?","1851635906027139250","","_Satsuki98","in","","0","0","0","https://x.com/shokkiarai_ki/status/1851635906027139250","1207201387","shokkiarai_ki"
"1851540257071833499","Wed Oct 30 08:22:51 +0000 2024","0","Gen Z adalah kalo di undang interview via WA langsung tanya gaji","1851540257071833499","","","in","","0","1","0","https://x.com/kelilingjawa/status/1851540257071833499","1742524798381797376","kelilingjawa"
"1851458880339132903","Wed Oct 30 02:59:30 +0000 2024","3","Gen z expect gaji 3k pun jadi bahan lawak. Bodoh punya orang tua.","1851458880339132903","","","in","","0","0","0","https://x.com/Hahahahahaikal/status/1851458880339132903","1024940299636752384","Hahahahahaikal"
"1851435227580952870","Wed Oct 30 01:25:30 +0000 2024","2","Ternyata Ini 3 Penyebab Gen Z Boros dan Gaji Cepat Ludes https://t.co/dUD6g9TSvd","1851435227580952870","","","in","Jakarta Capital Region","0","0","0","https://x.com/cnbcindonesia/status/1851435227580952870","847372542830444544","cnbcindonesia"
"1851414786187411787","Wed Oct 30 00:05:15 +0000 2024","1","Pernah temen sy DI PECAT krn ketahuan SOLAT di jam kerja. Temen sy lapor dinas tenaga kerja guess what? Spv nya yg mecat tsb di SKORSING tanpa gaji selama 6 bulan. Keberanian PROTES para GEN Z ga sll negatif meaning mereka BRAVE &amp; JIWANYA MERDEKA","1851415030522396911","","HaryaPanepi","in","50°50′20″N 4°21′50″E.","0","1","0","https://x.com/HaryaPanepi/status/1851415030522396911","1645794768331608074","HaryaPanepi"
"1851275343652442545","Tue Oct 29 14:50:11 +0000 2024","87","work! MANA YG BILANG GEN Z LEMAH? nih gw kerja tiap malem lembuh tanpa upah lembur dibentak atasan tiap hari gaji di bawah umr ngekos gen sandwich. ttp bertahan karena BU &amp; bagusin CV! doain biar kuat &amp; lancar :') sukur2 dapet tempat yg lebih ok huhu","1851275343652442545","","","in","","0","17","2","https://x.com/worksfess/status/1851275343652442545","1244597361826885636","worksfess"
"1851185675313561855","Tue Oct 29 08:53:54 +0000 2024","0","Stress kecemasan makin sulit beli barang gaji yang ga sebanding jadi beberapa alasan Gen Z pergi healing untuk hilang. Tapi emang bisa bener-bener ngehilangin itu semua? https://t.co/eUYGD3Y2fN","1851185682116722907","https://pbs.twimg.com/media/GbC6firbQAEE6NU.jpg","invlinic","in","","0","1","0","https://x.com/invlinic/status/1851185682116722907","1775428358874255360","invlinic"
"1851165485246935248","Tue Oct 29 07:33:39 +0000 2024","0","Kerja minimal tapi minta gaji maksimal menurut aing gak cuman buat gen z sihh. Boomer juga gitu kok https://t.co/San0mITJDJ","1851165485246935248","https://pbs.twimg.com/media/GbCpLsUbAAATvyo.jpg","","in","","0","0","0","https://x.com/cipipiiin/status/1851165485246935248","701329687532826624","cipipiiin"
"1851136974599471242","Tue Oct 29 05:50:28 +0000 2024","1","@evimsofian Lapangan kerja sempit gaji kecil dinormalisasi pendidikan mahal dpt stigma gen z pemalas blablabla ‍","1851139517173924089","","evimsofian","in","Ferrari's Paddock","0","0","0","https://x.com/fawdiefy/status/1851139517173924089","1086047659054399488","fawdiefy"
"1851121337697444180","Tue Oct 29 04:46:21 +0000 2024","0","Gen Z punya motivasi kerja yang beda dari generasi sebelumnya. Mereka gak cuma cari gaji besar tapi jg ingin kerjaan yang bermakna lingkungan kerja yang suportif dan kesempatan buat mengembangkan diri. Mereka jg ingin dihargai dan didengerin pendapatnya. #GenZ #kerja","1851123383913890038","","iMultimedia","in","Kota Tangerang, Banten","0","0","0","https://x.com/iMultimedia/status/1851123383913890038","34812472","iMultimedia"
"1851062264478253121","Tue Oct 29 04:16:27 +0000 2024","1","@unmagnetism yg belum punya gaji tidak good morning","1851115860070375558","","unmagnetism","in","","0","0","0","https://x.com/TweetGenZ/status/1851115860070375558","1537795038432079873","TweetGenZ"
"1850799567555445116","Tue Oct 29 01:48:51 +0000 2024","17","@kumparan Mantap pak Prabowo semoga Indonesia lebih baik. inget pak yg gaji guru ditambah 2jt/bulan. masih ditungguin ","1851078712248431060","","kumparan","in","","0","0","0","https://x.com/TweetGenZ/status/1851078712248431060","1537795038432079873","TweetGenZ"
"1850790894775189981","Mon Oct 28 06:45:10 +0000 2024","0","gen z lulusan sma dikasih gaji 3 5jt gamau anjg lu minta gaji berapa? ngoperasikan excel sama power point aja kagak bisa","1850790894775189981","","","in","","0","0","0","https://x.com/M0re_Better/status/1850790894775189981","777820670193311745","M0re_Better"
"1850761856891433001","Mon Oct 28 04:49:46 +0000 2024","0","mau gaji brp pun ga akan pernah cukup kalo lu generasi sendwich (harusnya generasi gen z)","1850761856891433001","","","in","","0","0","0","https://x.com/xieeraa__/status/1850761856891433001","1446528782228017152","xieeraa__"
"1850751078696169496","Mon Oct 28 04:06:57 +0000 2024","3","noyink la yang ungkit susah payah dia kerja masa dulu. salah aku ke lahir2 dah gen z masuk kerja gaji basic dah sekian2? as if kita tak appreciate susah payah orang dulu takkan semua benda nak kena tunjuk? noyink","1850751078696169496","","","in","","0","1","0","https://x.com/wenjichu24/status/1850751078696169496","1385792515752660997","wenjichu24"
"1850731343933833573","Mon Oct 28 02:50:05 +0000 2024","0","Sebaliknya gw skrg hidup dgn gaji 2 digit banyak tp tep aja ngrasa kurang. Its my fault anw wkwk","1850731735472038136","","iyalagiyalagi","in","","0","1","0","https://x.com/iyalagiyalagi/status/1850731735472038136","1589209944511123456","iyalagiyalagi"
"1850048047935369335","Sat Oct 26 05:33:21 +0000 2024","1","Soalnya gen z udah ngerti work-life balance Nder. Enak aja mau suruh org kerja mati2an sering di luar jobdesk tapi gaji g sampe UMR maap aja ni bukan gen z yg gatau gmn kerja sama org tapi kadang kalian yg g tau cara memperkerjakan org.","1850048047935369335","","","in","NEOcity🍀","0","1","0","https://x.com/markie_bom/status/1850048047935369335","1303277034227953666","markie_bom"
"1850044378645213687","Sat Oct 26 05:18:46 +0000 2024","0","gak gen z tok cok boomer millenials lek di gaji underpaid yo bengok2. gen za gen z ae tak torkop cangkemu dadi gen z. astaghfirullah ke bait kan jadinya.","1850044378645213687","","","in","","0","0","0","https://x.com/bimagoezman/status/1850044378645213687","331470618","bimagoezman"
"1849712154544664915","Sat Oct 26 05:03:07 +0000 2024","0","@tanyarlfes Twittanmu agak aneh yaaa ini bukan masalah gen gen sih tapi sekarang ini apa-apa mahal beras mahal BMM Naik Gaji/ UMR ngk naik-naik yang ada kebutuhan bulanan masih sulit dipenuhi. Bukan gen z aja aku yakin yg udh tua pun pasti capek dan ngeluh cuma mereka ngk ngerti sosmed aj","1850040440424214810","","tanyarlfes","in","Indonesia","0","0","0","https://x.com/OXhoon14/status/1850040440424214810","1722244889562468352","OXhoon14"
"1849712154544664915","Sat Oct 26 05:02:21 +0000 2024","0","@tanyarlfes Bisa diem ga generasi boomer modal buku nikah ga magang ga proyek bisa beli rumah gen z gaji 4jt disuruh syukur sama boomer yang kesulitan buat masukin wifi password pas kerja","1850040244852150630","","tanyarlfes","in","","0","0","0","https://x.com/Bruskami/status/1850040244852150630","1641703807251025921","Bruskami"
"1849712154544664915","Sat Oct 26 04:56:48 +0000 2024","0","@tanyarlfes Beberapa gen z ada yg gajinya cukup tp ngeluh seakan f! underpaid nih tapi Banyak lagi hg genz (entry level) yg gajinya ga sesuai sama pekerjaannya atau bahkan under umr (underpaid) dannn buat dpt gaji yg cukup itu perjalannnya panjang :) naik gaji setaun paling &lt;10%","1850038849092846070","","startinglyne","in","i- | sorry if i'm ia","0","0","0","https://x.com/startinglyne/status/1850038849092846070","86255625","startinglyne"
"1850038729517432991","Sat Oct 26 04:56:19 +0000 2024","0","aduh maaf ya Allah banyak mau tpi klo bisa dapet kerja yg gen Z friendly + gaji 2 digit aamiin","1850038729517432991","","","in","","0","0","0","https://x.com/nangisinhuruf/status/1850038729517432991","1458650200067608577","nangisinhuruf"
"1849712154544664915","Sat Oct 26 04:52:42 +0000 2024","0","@tanyarlfes Gue bkn gen z tapi 1. Gue tau banyak perusahaan hire fg biar low cost gajinya umr lebih dikit/under umr. Pdhl kerjaannya buat experienced level 2. Gue tau rasanya kerja dimulai dr gaji kecil tp kerjaan banyak sedangkan ada orang lama gaji gede kerjaan sama/lebih dikit","1850037816094490788","","tanyarlfes","in","i- | sorry if i'm ia","0","1","0","https://x.com/startinglyne/status/1850037816094490788","86255625","startinglyne"
"1849712154544664915","Sat Oct 26 04:49:53 +0000 2024","0","@tanyarlfes Entah memang pemikiranmu terlalu rendah atau memang punya sensi ke Gen Z. Serendah apa pemikiranmu buat gagal memahami ingin digaji sesuai? Underpaid itu gaji yang rendah tidak sesuai dengan living cost dan jobdesk yang dikerjakan. Bukannya pengen leha-leha dapet miliyaran.","1850037109438152748","","tanyarlfes","in","Indonesia","0","0","0","https://x.com/starlightsea_/status/1850037109438152748","1089862099767939073","starlightsea_"
"1849712154544664915","Sat Oct 26 03:59:54 +0000 2024","0","@iriwt @tanyarlfes Gen sebelumnya meski gaji kecil dijalani sampai dapat pekerjaan yang lebih baik. Sedangkan gen z pilih nganggur dari pada kerja dengan gaji kecil alias pilih jadi beban ortu 100%. Jelas perilaku buruk kalau terbiasa menganggur.","1850024530070339812","","iriwt","in","","0","0","0","https://x.com/Fikriya54043806/status/1850024530070339812","862547543330181120","Fikriya54043806"
"1850015242463609250","Sat Oct 26 03:23:00 +0000 2024","1","There's a thing called UMP UMR KHL workload dll. kalau gangerti ttg isu underpaid diem aja Nder dikit2 nyalahin gen z mulu. Also itu juga diatur di undang2 jadi wajar aja kalau pada ngeluh kerja capek tapi gaji masih gk layak https://t.co/msZiTbBvzp","1850015242463609250","https://pbs.twimg.com/media/GayTDw8aAAM8RWH.jpg","","in","unknown","0","0","0","https://x.com/aChrisBang/status/1850015242463609250","1274902444573483010","aChrisBang"
"1850015115598495774","Sat Oct 26 03:22:29 +0000 2024","5","Bukan gen z aja kocaakkk lu bayangin sekarang idup serba mahal tapi gaji lu ga ada setengahnya biaya idup. Mikirrr donggg aduuhhh","1850015115598495774","","","in","South Korea ","0","0","0","https://x.com/tiwayitrackeu/status/1850015115598495774","1966892174","tiwayitrackeu"
"1849686190255112287","Sat Oct 26 03:19:02 +0000 2024","1","@hrdbacot gaji 8 juta tapi gabisa pake excel","1850014246668730718","","hrdbacot","in","freiburg","0","1","0","https://x.com/hrdgenz/status/1850014246668730718","1614987151246229504","hrdgenz"
"1850011946717978916","Sat Oct 26 03:12:11 +0000 2024","0","lu ke inggris kek amerika jepang korea sekali pun pasti ada aja gen z dan generasi manusia lainnya yang menolak gaji underpaid. alasannya? coba cari arti underpaid dan niscaya terjawab sudah semuanya.","1850012521924821275","","libellulexx","in","","0","0","0","https://x.com/libellulexx/status/1850012521924821275","1665798314334494720","libellulexx"
"1850009599690358982","Sat Oct 26 03:00:36 +0000 2024","0","Apalagi liat konten bertebaran dimana-mana banyak orang terlalu mengglorifikasi pencapain Forbes under 30. Nih pada gak nyadar apa ya mostly yg dapet itu pada punya privilege dari lahir. Akhirnya klo liat gen z yg merjuangin gaji rendah terutama guru honorer langsung judgemental","1850009606074044592","","jovalenxx","in","","0","1","0","https://x.com/jovalenxx/status/1850009606074044592","967376796566999040","jovalenxx"
"1849994807592222922","Sat Oct 26 02:01:48 +0000 2024","23","Interview paling bodoh I pernah pergi. Gen Z bosses mmg bangang ke apa aku tak tau la. Nak added value pelancau kata je la kau nak admin cum sales. Pastu gaji 7-8hb tu dia boleh kata oh lambat eh time tu? Ah boleh pergi mampus. Dah la tak mandi pagi! Masuk bilik intv bau kohong","1849994807592222922","","","in","Selangor","0","3","4","https://x.com/SenahDebab/status/1849994807592222922","896315341118111744","SenahDebab"
"1849712154544664915","Sat Oct 26 01:29:39 +0000 2024","1","@tanyarlfes Gen z mulu yg disalahin namanya gaji underpaid ya emng perlu dikeluhin nder","1849986720621904364","","tanyarlfes","in","","0","0","0","https://x.com/urestillmyfav/status/1849986720621904364","1697578881346424832","urestillmyfav"
"1849712154544664915","Sat Oct 26 01:07:19 +0000 2024","0","@tanyarlfes Lo yg masih nyalahin gen z melek ga sih. Noh pemerintah ngasi gaji umr rendah banget kontol","1849981100250235053","","tanyarlfes","in","","0","0","0","https://x.com/datsozoku/status/1849981100250235053","785194888992174081","datsozoku"
"1849712154544664915","Sat Oct 26 01:03:10 +0000 2024","0","@tanyarlfes Nasehati ya sopan dong min jangan bikin gen z emosi misal: adik2 dijalani dulu gaji segitu nanti akan naik bertahap kalau g naik2 baru keluar","1849980055528800496","","tanyarlfes","in","Madiun - Surabaya","0","0","0","https://x.com/brianprayoga/status/1849980055528800496","63728988","brianprayoga"
"1849712154544664915","Sat Oct 26 01:00:02 +0000 2024","1","@tanyarlfes gen z trus yg disalahin salahin yg ngasih gaji kecil dong bjir. apalagi yg ga sesuai dengan kerja nya","1849979266982920615","","tanyarlfes","in","Bumi","0","0","0","https://x.com/dyooochan/status/1849979266982920615","1047680668186988544","dyooochan"
"1849712154544664915","Sat Oct 26 00:37:57 +0000 2024","0","@tanyarlfes Jangankan gen z anjing di jakarta aja yg katanya umr 5 juta tapi masih banyak yg gaji dibawah itu","1849973708640883072","","tanyarlfes","in","","0","0","0","https://x.com/gyazuka/status/1849973708640883072","633563705","gyazuka"
"1849712154544664915","Fri Oct 25 14:34:20 +0000 2024","0","@tanyarlfes pahami dulu kata underpaid elahhh gen brppun kl bayarannya ga sesuai ya ngeluh cuma pd diem. dr gen z jadi pd melek soal kerjaan ga sesuai overtime gaji ga sebanding mrk menyuarakan itu","1849821804174647528","","tanyarlfes","in","unknown","0","0","0","https://x.com/Haiipitriaa/status/1849821804174647528","1285716088290897920","Haiipitriaa"
"1849817257381433678","Fri Oct 25 14:16:16 +0000 2024","0","Salah. Mfs-nya harusnya gini: Gen z yang ngeluh gaji fresh graduate UMR pada ngarep dibayar Rp 1 Milyar per bulan kali ya?","1849817257381433678","","","in","TAKUT SAMA ORANG DI INTERNET.","0","0","0","https://x.com/abikaara/status/1849817257381433678","1748695610096750592","abikaara"
"1849814604152700959","Fri Oct 25 14:05:44 +0000 2024","0","kak gen z gen z gni ak jg tulang punggung keluarga kerja nyari gaji yg gede krna ada kontrakan yg hrs dibayar bayar listrik makan sebulan uang transport ad nyokap yg hrs ak biayain blm lagi kepikiran mau ngelanjutin pendidikan.","1849814604152700959","","","in","","0","0","0","https://x.com/wfgyeongsu/status/1849814604152700959","1300987394456391681","wfgyeongsu"
"1849712154544664915","Fri Oct 25 14:05:09 +0000 2024","0","@tanyarlfes Dikit2 gen z dikit2 gen z Emang lu mau kerja 8 jam sehari 6 hari kerja gaji 1 juta tapi kerjaannya dari a-z? Kalo lu mau ya perusahaan yg seneng dapet orang kek lu","1849814458581037432","","tanyarlfes","in","Kota Semarang, Jawa Tengah","0","0","0","https://x.com/gummybear16_/status/1849814458581037432","1115856921951657986","gummybear16_"
"1849803559522664956","Fri Oct 25 13:21:50 +0000 2024","0","agak merasa tersindir sih pas dibilang gen z itu manja gapunya ide maunya yg enak2 nya dalam kerja mau gaji besar ga mau capek Kalimat yg gapunya ide kok kayak merujuk ke aku ya. Soalnya tiap meeting aku keep silent aja. Kayaknya emang aku gen z itu yg ga punya ide","1849803559522664956","","","in","Indonesia","0","0","0","https://x.com/sizukaarigato/status/1849803559522664956","1154778691148242944","sizukaarigato"
"1849712154544664915","Fri Oct 25 12:15:34 +0000 2024","0","@tanyarlfes Apa apa gen z sok tau gw juga gen z gaji dibawah 1juta kira kira mau gak lu?","1849786883095789645","","tanyarlfes","in","","0","0","0","https://x.com/lilyvalleyaa/status/1849786883095789645","1755400260074278912","lilyvalleyaa"
"1849712154544664915","Fri Oct 25 12:09:42 +0000 2024","0","@tanyarlfes Semua org juga pasti ngeluh lah nder jan terlalu mojokin gen z pdhl lu cuma ngeliat bagian ngeluh mengenai gaji bukan mengenai berat nya pekerjaan","1849785402883965384","","tanyarlfes","in","","0","0","0","https://x.com/nickrfl/status/1849785402883965384","1283347812286001158","nickrfl"
"1849779560201715970","Fri Oct 25 11:50:19 +0000 2024","0","masalahnya berarti perusahaan lo yang gapunya duit buat ngegaji di angka yang seharusnya gen z juga pda riset kali buat range gaji dll","1849780526561046617","","chocdoue","in","Adelaide, South Australia","0","0","0","https://x.com/chocdoue/status/1849780526561046617","1009467503821504512","chocdoue"
"1849346768099750287","Fri Oct 25 11:33:01 +0000 2024","124","@emaiera Menurutku Gen Z tuh reasonable minta gaji tinggi karena mereka ini yang sadar bahwa mereka berhak mendapat upah layak dan banyak yang nolak dieksploitasi dengan ga ngambil kerjaan dibawah ekspektasi mereka. Menurutku itu malah bagus timbang kita2 yg asal gasak kerjaan.","1849776172370117104","","emaiera","in","","3","2","14","https://x.com/inism4llkitten/status/1849776172370117104","1794258964533878784","inism4llkitten"
"1849773345123754265","Fri Oct 25 11:24:08 +0000 2024","1","makanya gue gedeg bgt sama org2: 1. yg malah ribut sesama rakyat jelata. nyalahin standar gaji gen z 2. yg muja muji artis/pejabat jelek 3. yg menormalkan gaji underpaid","1849773935459475467","","idoymaridoy","in","","0","0","0","https://x.com/idoymaridoy/status/1849773935459475467","1311990907353219072","idoymaridoy"
"1849712154544664915","Fri Oct 25 11:18:41 +0000 2024","1","@tanyarlfes gue aamiin in deh ya gue dibayar 1 milyar soalnya gaji underpaid ga bakal cukup buat gen z yang udah apa apa bayar sendiri kaya gue.","1849772564551434696","","tanyarlfes","in","","0","0","0","https://x.com/kenapaharusJake/status/1849772564551434696","1739202076314673152","kenapaharusJake"
"1849712154544664915","Fri Oct 25 11:06:08 +0000 2024","0","@tanyarlfes Gen z mulu yg kena. Kalau gaji sesuai sama kerja ya oke gk ngeluh ni udh kerja rodi gaji gk sesuai ya wajar belum lagi kalau palugada btw lu ngerti maksud underpaid gak??","1849769408727744980","","tanyarlfes","in","","0","0","0","https://x.com/arenwithmilk/status/1849769408727744980","1344104347500642304","arenwithmilk"
"1849712154544664915","Fri Oct 25 11:01:12 +0000 2024","1","@tanyarlfes bacot. bawa bawa gen z mulu taiiikk. yg underpaid bkn gen z doang btw yg ngeluh jg bkn gen z doang ya anjing. stop bawa2 gen. lo pikir gaji underpaid tp kerja double/triple job itu normal? tolol.","1849768164206506460","","tanyarlfes","in","🔞","0","0","0","https://x.com/wuuul_/status/1849768164206506460","1433690975537352722","wuuul_"
"1849751373442941415","Fri Oct 25 10:34:25 +0000 2024","7","@bangherikoswara apa iya ini yang dibutuhkan rakyat Bekasi? justru yang harus diurus adalah penyebab mental yang tidak sehat: 1. sulitnya lapangan pekerjaan bagi korban PHK 2. sulitnya lapangan pekerjaan bagi gen z 3. rendahnya gaji berbanding dengan pengeluaran","1849761426413400090","","bangherikoswara","in","","1","1","0","https://x.com/BatasAir/status/1849761426413400090","1784172438701678592","BatasAir"
"1849712154544664915","Fri Oct 25 10:29:28 +0000 2024","0","@tanyarlfes nih ya tempat gua kerja ada bapak bapak sama orang tua gen boomer. gaji 1300 mereka jg ngeluh kok 8 jam kerja. lo kira yg ngeluh cuma gen z? terus lu tau mksd underpaid ga? kerja 8 jam gani 1300 buat makan sama transport aja kurang paham ga konto?","1849760180952760358","","tanyarlfes","in","","0","0","0","https://x.com/beonlybread/status/1849760180952760358","1722806843179950080","beonlybread"
"1849712154544664915","Fri Oct 25 10:25:13 +0000 2024","0","@tanyarlfes nder kamu hati hati ya dengan ketikan sendiri semoga kamu gak pernah rasain berjuang nya kerja dengan gaji underpaid. god bless you sender.. semoga tidak merasakan apa yang gen z rasakan ","1849759108918018284","","tanyarlfes","in","@RENGOEKU - AKUN ES CAMPUR","0","0","0","https://x.com/pieckefinger/status/1849759108918018284","1440486275543298056","pieckefinger"
"1849712154544664915","Fri Oct 25 09:41:35 +0000 2024","0","@tanyarlfes Ya gimana gak ngeluh jir? Lu pikir aja udah mah kerja ampe tipes gajinya bercanda. Belom lagi dipotong-potong gaji cuma lewat doang. Bukan salah gen z gen apapun kalo digajinya underpaid juga pasti ngeluh","1849748132004769943","","tanyarlfes","in","","0","0","0","https://x.com/myvoeuxx/status/1849748132004769943","1534118290662248448","myvoeuxx"
"1849712154544664915","Fri Oct 25 09:41:21 +0000 2024","95","@setiaonebudhi @MariaFrans7481 @tanyarlfes Iyaa kak tapi kenyataannya gaji umr itu udah + sama lemburannya makanya bilang underpaid kan karena tau hak&amp;kewajiban jadi even ga dibayar lembur gaji naik lah. tapi budaya company yg atasannya milenial&amp;boomer mah pada bilangnya gen z malas dan ga loyal yah kalo nuntut gt ","1849748072345329755","","setiaonebudhi","in","Betelgeuse☄","0","1","0","https://x.com/no__direction_/status/1849748072345329755","1283806699497766912","no__direction_"
"1849712154544664915","Fri Oct 25 09:39:47 +0000 2024","0","@tanyarlfes Kebayang sih gaya hidup gen Z dari mulai kuota kulineran fashion make up/skin care traveling dan ngitung biaya sekolah dan kuliah mahal. Tiba2 pas melamar kerja gaji UMR ga sebanding dengan uang bulanan yang dikasih ortunya.","1849747675106902481","","tanyarlfes","in","Bandung ","0","0","0","https://x.com/SundaGenXY/status/1849747675106902481","1474612212954120193","SundaGenXY"
"1849712154544664915","Fri Oct 25 09:35:20 +0000 2024","0","@tanyarlfes Ya elah jangan kan gen Z yg milenial juga kdng males kali kalo di gaji sebulan 1 juta doang wkwk","1849746556288946418","","tanyarlfes","in","","0","0","0","https://x.com/Pisangg12/status/1849746556288946418","1429985503206547486","Pisangg12"
"1849712154544664915","Fri Oct 25 09:23:05 +0000 2024","5","@tanyarlfes Nder kamu kira gen z yang ngeluh itu gajinya diatas UMR semua!? Kamu kira gen z gak ada yang gaji under umr bahkan 1jt aja gak nyampe? Diluar sana banyak gen z ngeluh karena emang beban kerja gak ngotak + gaji under UMR. Gen purba ini kocak sekali ","1849743472884056205","","tanyarlfes","in","Earth ","0","0","0","https://x.com/royalsneptune/status/1849743472884056205","1325025985478057984","royalsneptune"
"1849743418538459277","Fri Oct 25 09:22:52 +0000 2024","1","Iya dahhhhhh Gen Z emg gak pernah pahammmmmm huffffftttttt gimana sichhhhh klen smuwa gen zetttttt yang becus donk kalau hidup!!!!!!!!!!! Jangan lemaaaahhhh!!!!!!!!! Gaji underpaid aja ngeluh!!!!!!!!!!!!!!!!!! SUNGKEM DULU CEPEEEETTTT!!!!!!!!","1849743418538459277","","","in","Bandung, Jawa Barat","0","0","0","https://x.com/bibiophile9/status/1849743418538459277","1168754459767230465","bibiophile9"
"1849712154544664915","Fri Oct 25 09:21:45 +0000 2024","0","@tanyarlfes Underpaid itu bukan minta gaji semilyar tapi menuntut gaji yg setara sm hak dan umr. Gen Z paling tua usianya 27 tahun sekarang. Just tp clarify Gen Z itu generasi ya ada rentang usianya. Bukan mindset atau sifat.","1849743140061671646","","tanyarlfes","in","","0","0","0","https://x.com/emelanakbaik/status/1849743140061671646","1749884102625697792","emelanakbaik"
"1849738057211339216","Fri Oct 25 09:01:33 +0000 2024","0","Salesman pening layan gen Z Gaji 3000 tapi berangan nak pakai Mercedes A45 https://t.co/HNS9IIUDLw","1849738057211339216","","","in","","0","0","0","https://x.com/InforakyatNet/status/1849738057211339216","1330301397435346946","InforakyatNet"
"1849712154544664915","Fri Oct 25 08:58:06 +0000 2024","15","@tanyarlfes lu juga gen z kan anjir emang mau lu di gaji dikit?","1849737185865683044","","tanyarlfes","in","","0","0","0","https://x.com/neksopoi/status/1849737185865683044","1707325167796715520","neksopoi"
"1849712154544664915","Fri Oct 25 08:53:50 +0000 2024","39","@echachaa__ @tanyarlfes Wkwk heran ya mba dikit2 gen Z.. Semua generasi dikasih gaji ga sesuai jg ngomel. Mungkin bedanya ga sefrontal gen Z....","1849736113860247809","","echachaa__","in","","0","1","0","https://x.com/gumytwitt/status/1849736113860247809","1767095292284039169","gumytwitt"
"1849712154544664915","Fri Oct 25 08:20:42 +0000 2024","6","@tanyarlfes kntl bacot bngt laga lo? gen z gen z lo ngrti underpaid gk? lo di sruh bawa onta hidup dri arab ke indo jln kaki. di byr 50rb mau gk? gk ush bwa gen mna pun ke butuhan sandang pangan lebih mahal dri psa gaji. gmn gk ngeluh ngotak dong","1849727775101313438","","tanyarlfes","in","","0","0","0","https://x.com/swyziee/status/1849727775101313438","1563701960775151616","swyziee"
"1849712154544664915","Fri Oct 25 08:14:35 +0000 2024","1940","@tanyarlfes mau gen z mau gen lain juga kalo gaji kita sesuai sama kerjaan ya oke oke aja kadang suka ga masuk akal aja benefit nya kagak ada kerja nya kayak kerja rodi","1849726236274327673","","tanyarlfes","in","Kota Bogor, Jawa Barat","1","2","58","https://x.com/echachaa__/status/1849726236274327673","1124537245061369857","echachaa__"
"1849712154544664915","Fri Oct 25 08:02:45 +0000 2024","0","@tanyarlfes buset gen mana lu apa apa gen z apa apa gen z. Yang bikin ulah gaji underpaid gen lu ye bangke","1849723257550930270","","tanyarlfes","in","Neptunus","0","0","0","https://x.com/alllyoucaneaat/status/1849723257550930270","1289917611354906624","alllyoucaneaat"
"1849712154544664915","Fri Oct 25 08:01:56 +0000 2024","0","@tanyarlfes gaji underpaid generasi sandwich klo gen z bilang underpaid wajar lah kebutuhan mreka ga cmn buat mreka doang kdg buat menuhin sekeluarga jga","1849723051921052089","","tanyarlfes","in","in kevin lius bong era ","0","0","0","https://x.com/finncoleee/status/1849723051921052089","1282168880371126273","finncoleee"
"1849712154544664915","Fri Oct 25 07:57:46 +0000 2024","25","@MariaFrans7481 @tanyarlfes Masalahnya beberapa gen z yg gue kenal juga menganggap kalo UMR itu itungannya masih underpaid. Makanya banyak yg milih nganggur daripada kerja dgn gaji UMR ","1849722003097518528","","MariaFrans7481","in","Bandung, Indonesia","4","19","0","https://x.com/setiaonebudhi/status/1849722003097518528","46059893","setiaonebudhi"
"1849712154544664915","Fri Oct 25 07:52:00 +0000 2024","0","@tanyarlfes Gw bukan gen z tp emang elu mau d gaji underpaid nder? Dgn kerjaan macem jd avatar? ","1849720551327305746","","tanyarlfes","in","Indonesia","0","0","0","https://x.com/eireine9/status/1849720551327305746","1648166655732887552","eireine9"
"1849712154544664915","Fri Oct 25 07:41:29 +0000 2024","153","@tanyarlfes Ini sender nya pasti HRD yg cari karyawan seumuran gen z tapi punya pengalaman 10 tahun dan harus punya skill setara Avatar dengan jobdesk yg multitasking tapi harus mau gaji underpaid","1849717906726076818","","tanyarlfes","in","","0","0","0","https://x.com/luvinthesize/status/1849717906726076818","1576050761288404992","luvinthesize"
"1849712154544664915","Fri Oct 25 07:39:23 +0000 2024","0","@tanyarlfes gen apapun kalo gaji underpaid ya proteslah kocak pake segala nyebut² gen z kocak amat km ini ","1849717375538692390","","tanyarlfes","in","jeijung♡","0","0","0","https://x.com/woniemoms/status/1849717375538692390","1481107522639757314","woniemoms"
"1849712154544664915","Fri Oct 25 07:33:19 +0000 2024","0","@tanyarlfes Km ni ga ngerti arti underpaid kh????? Ya klo jobdesk selaras dgn gaji ga bakal ngeluh. Ini mah gaji under beban kerja over. Kamu pun pasti bakal ngeluh kan kalo gaji kamu under? Gausah bawa2 gen Z","1849715852196839505","","tanyarlfes","in","","0","0","0","https://x.com/saagittaries/status/1849715852196839505","1384002233293934593","saagittaries"
"1849712154544664915","Fri Oct 25 07:31:02 +0000 2024","0","@tanyarlfes org tone-deaf dilarang main twitter nder. ga ada yg bikin statement gen z harus gaji 1M. nyentuh UMR aja udh syukur Alhamdulillah. di lapangan emg banyak bgt yg underpaid touch some grass please.","1849715275731698105","","tanyarlfes","in","","0","0","0","https://x.com/strngsinner/status/1849715275731698105","1844977980659073028","strngsinner"
"1849712154544664915","Fri Oct 25 07:29:34 +0000 2024","5","@tanyarlfes Minimal paham dulu arti kata underpaid. Buset apa apa gen z apa apa gen z. Ini gen dibawah gen z udah kebiasaan di gaji DIBAWAH UMR ya? Alias terima aja dikerjain sama perusahaan di Indonesia wkwkw.","1849714907689910533","","tanyarlfes","in","•◍˙❥ AKMU ✨ FA ✨ MULTIFANDOM.","0","0","0","https://x.com/overloxrd/status/1849714907689910533","1040198367534559233","overloxrd"
"1849712154544664915","Fri Oct 25 07:28:25 +0000 2024","891","@tanyarlfes gen z itu umur ya nder bukan sifat kalo lo masih blm paham dan wajar buat ngeluh kalo gaji underpaid di kebutuhan yang serba mahal kenapa gak boleh ngeluh kalo digaji ga layak","1849714617276301779","","tanyarlfes","in","Gresik, Indonesia","0","1","27","https://x.com/atikamld/status/1849714617276301779","1830932620525608965","atikamld"
"1849712154544664915","Fri Oct 25 07:18:38 +0000 2024","12464"," Gen z yang ngeluh gaji fresh graduate underpaid pada ngarep dibayar Rp 1 Milyar per bulan kali ya","1849712154544664915","","","in","Indonesia","2120","2557","440","https://x.com/tanyarlfes/status/1849712154544664915","1371650588","tanyarlfes"
"1848807903421198783","Thu Oct 24 16:12:02 +0000 2024","0","@ronaldy596 Tapi gimana lagi perusahaan tentu ingin punya karyawan yg bisa banyak hal dan gen z sekarang cari kerja terlalu memilih masalah gaji masalah lokasi jarak terlalu banyak pertimbangan mereka dalam melamar pekerjaan jadi solusinya bisnis aja biar buka lapangan kerja buat org","1849484001276477505","","ronaldy596","in","Atlantis","0","0","0","https://x.com/kosmoswadesta4/status/1849484001276477505","1374381608275304468","kosmoswadesta4"
"1849346768099750287","Thu Oct 24 16:03:29 +0000 2024","2","@emaiera Sebenarnya bagus bgt gen z aware thp gaji. Tp reality check juga untuk minta double digit skill apa yg di bawa? Kalo mau nuntut sebenarnya yg perlu dituntut adalah pemerintah untuk naikin UMR dan bikin harga rumah masuk akal.","1849481849686679798","","Heeyyyjudeeee","in","","0","0","0","https://x.com/Heeyyyjudeeee/status/1849481849686679798","1512136250290958339","Heeyyyjudeeee"
"1849475445764546697","Thu Oct 24 15:39:40 +0000 2024","0","Iya some of us (gen Z) emang perlu reality check perlu kena tempa dulu. I don't mind kalo skrg intern dibayar ratusan ribu udah bagus. Slowly step up the game. Tapi kalo based on the OP kerja di bank asing YoE above 5yrs gaji 8jt kek HAH","1849475854818263458","","ciqalbakal","in","overseas","0","0","0","https://x.com/ciqalbakal/status/1849475854818263458","865225436879388672","ciqalbakal"
"1849456346531561823","Thu Oct 24 14:22:08 +0000 2024","0","Gak setuju lah anjir utang pinjol gen z karena gak semua buat kebutuhan primer banyak gen z yang pinjol buat gaya hidup (kebutuhan tersier). Gua yang gaji kecil dan gak pernah mikir buat ngutang apalagi pinjol merasa terhianati anjir.","1849456346531561823","","","in","","0","0","0","https://x.com/Purplewithyell1/status/1849456346531561823","1409379578833825794","Purplewithyell1"
"1848903324621562126","Thu Oct 24 14:00:46 +0000 2024","0","@Ichavarma_ 8 tahun bank asing gaji segitu ya ampas sih. Malah bawa bawa gen z.","1849450968628473919","","Ichavarma_","in","","0","0","0","https://x.com/lorenzovonmthn/status/1849450968628473919","1044594581105307648","lorenzovonmthn"
"1848955243612209557","Thu Oct 24 13:12:53 +0000 2024","9","@AlamIsTortured gaji kecil tp kudu palugada tu jgn di normalisasi ajg. wkwkw kesel bgt gue kalo ada millenials dumping ke gen z pepek.","1849438917537497546","","AlamIsTortured","in","","0","0","0","https://x.com/admelior_a/status/1849438917537497546","995922752098877441","admelior_a"
"1849434872319979946","Thu Oct 24 12:56:49 +0000 2024","1","Cuma gara2 satu orang kyk gitu digeneralisir semua padahal banyak loh gen z yg bela2in capek kerja dgn gaji mepet/dibawah umr. Di tiap generasi ada kok yg kyk gitu gak cuma gen z.","1849434872319979946","","","in","Gambir, Indonesia","0","0","0","https://x.com/rrosieisorr/status/1849434872319979946","1068061548772438016","rrosieisorr"
"1848955243612209557","Thu Oct 24 12:50:33 +0000 2024","9","@AlamIsTortured berasa gen z si paling ngeluh padahal milenial ini kebanyak ngeluh juga. yaelah berapa banyak si gen z yang kaya gitu dibanding dengan yang masih kerja jalanin hidup dengan gaji di bawah umr/pas umr.","1849433296457113966","","AlamIsTortured","in","","0","1","0","https://x.com/Rizeriz20/status/1849433296457113966","1046234955263561728","Rizeriz20"
"1849329903466090742","Thu Oct 24 12:42:58 +0000 2024","4","@dnayr_ Malah bagus gen z disekitar w pada sudah atau sedang mempersiapkan kerja di ausie korea jepang untuk mendapatkan gaji dobel digit itu. Mari kosongkan indon~","1849431388904427608","","dnayr_","in","Universitas Jembud Gosonk","0","2","0","https://x.com/LosArgulosu/status/1849431388904427608","1215319886","LosArgulosu"
"1849329903466090742","Thu Oct 24 12:26:21 +0000 2024","0","@dnayr_ Apa kabar saya yg kerja h-brp bulan sebelum covid di pabrik gede gaji di bawah UMR.. Kaget juga skrg temen2 harus nyari penghasilan tambahan. Pantes gen Z males kerja di pabrik..","1849427207937986833","","dnayr_","in","Tangerang, Indonesia","0","0","0","https://x.com/BegadangPagi/status/1849427207937986833","1719157729","BegadangPagi"
"1849411075806249444","Thu Oct 24 11:22:15 +0000 2024","0","Glorifikasi pekerja milenial yg udh lama kerja tp gaji msh stuck lalu judgemental kepada gen Z fresh graduate yg offer salary segitu jg WKWKKW situ yg development karirnya stuck kok generasi bawah yg disalahin kocak","1849411075806249444","","","in","Voyager1","0","1","0","https://x.com/weyesbleed/status/1849411075806249444","1034678355864371201","weyesbleed"
"1849386982381867354","Thu Oct 24 11:06:13 +0000 2024","367","@Ichavarma_ Gue 10 Tahun lalu baru lulus kerja di Kementerian gaji cuma 2 5 juta aja bisa nyicil Vario. Pas baru kerja itu cari pengalaman kerja dan perbanyak relasi duit mah nanti ada masanya sendiri. Ini yang Gen Z gak paham maunya beberapa tahun kerja udah bisa healing keliling Eropa.","1849407039870816484","","Ichavarma_","in","Jakarta Capital Region, Indone","75","21","23","https://x.com/Rizkihadi/status/1849407039870816484","139315638","Rizkihadi"
"1849362810419155112","Thu Oct 24 08:10:28 +0000 2024","2","Dia gak normalisasi dia bilang mesti cek privilege krn gaji kecil yg dibilang kenalan gen z dia itu itungannya udah besar kalo liat orang2 pada umumnya Gua ngerti lu g suka icha tp tolong lah belajar baca yg bener. Reading comprehension-mu itu loh... ","1849362810419155112","","","in","","0","1","0","https://x.com/tokoyamied/status/1849362810419155112","1447909376052789249","tokoyamied"
"1849293864684909036","Thu Oct 24 06:59:14 +0000 2024","0","@711nam buat seseorang menolak gaji 8jt means that she's not desperate enough buat dapet kerja yg ditawarkan. bisa jadi the said gen z udah ada kerjaan yg bikin dia ga tergiur sama kerjaan yg ditawarkan. then again kalo menolak kerjaan yg ada karena ga sesuai sama ekspektasi https://t.co/ansc19TgM5","1849344885121519823","https://pbs.twimg.com/media/GaoxXhfbkAAD5HA.png","rawonedst","in","","0","1","0","https://x.com/rawonedst/status/1849344885121519823","1682241403445989376","rawonedst"
"1849301427052793987","Thu Oct 24 04:06:33 +0000 2024","0","gaslight mulu jink gaji segitu kecil tolol yg salah perusahaannya knp malah bawa2 gen z males au ah bangsat org2 indo susah maju","1849301427052793987","","","in","","0","0","0","https://x.com/gumiesn/status/1849301427052793987","1071660552236089344","gumiesn"
"1849299579323494910","Thu Oct 24 03:59:12 +0000 2024","2","Yg complain gen z gaji 8 juta dikit paling dikit bgt berapa persen dan orng priviledge yg uang jajannya dengan nominal sama. Kebanyakan gen z masih underpaid malah unpaid intern saking susah dpt kerja ya icha babi","1849299579323494910","","","in","she/her - BTS | JKT48","0","0","0","https://x.com/miniesdior/status/1849299579323494910","1508030712749838340","miniesdior"
"1849292318764908937","Thu Oct 24 03:30:21 +0000 2024","0","Ngeliat salah satu perdebatan oomf di tl terkait gaji jaman sekarang dan ngerasa segitu adalah penindasan jadi sadar alasan jelas yang ngebuat gen z sekarang lebih banyak nganggur","1849292318764908937","","","in","Indonesia","0","0","0","https://x.com/inizhann/status/1849292318764908937","1816452832327069697","inizhann"
"1848903324621562126","Thu Oct 24 03:23:53 +0000 2024","0","@Ichavarma_ Yap bener kak kerja di bank swasta gaji masih sekitar 8up itu aja udah pengalaman kurleb 8 th (pengalaman pribadi) ini gen z kadang kadang rada kurang bersyukur bentar mental health gaje.","1849290691886862792","","Ichavarma_","in","Jakarta","0","1","0","https://x.com/dondroid7/status/1849290691886862792","565273519","dondroid7"
"1849287414873022696","Thu Oct 24 03:10:52 +0000 2024","3","nyalahin gen z and normalize underpaid is crazy but the crazier part is 8tahun kerja gaji 8 6 jt.... dangg","1849287414873022696","","","in","nsfw","0","0","0","https://x.com/gkbprincess/status/1849287414873022696","1812423133330350080","gkbprincess"
"1849286632207425749","Thu Oct 24 03:07:45 +0000 2024","5","kerja 8 tahun gaji segitu kok gen z yang disuruh nerimo gen z yang disalahin lu aneh bgt deh icaaaaa","1849286632207425749","","","in","","0","0","1","https://x.com/laseinea/status/1849286632207425749","1247905958744846336","laseinea"
"1848903206929371543","Thu Oct 24 03:05:40 +0000 2024","1","@JhonSitorus_18 jabatan dobel gaji dobel.. temen² gen z susah bgt dapat kerja layak️","1849286105960726991","","JhonSitorus_18","in","","0","0","0","https://x.com/ayu__mantari/status/1849286105960726991","1014834403766239232","ayu__mantari"
"1849264096967061541","Thu Oct 24 01:38:13 +0000 2024","1","damn... tapi emang bener sih gara gara sosmed bikin ekspektasi gen z ttg gaji tuh jadi tinggi..","1849264096967061541","","","in","","0","0","0","https://x.com/39ricc/status/1849264096967061541","436789714","39ricc"
"1849256009438810604","Thu Oct 24 01:20:52 +0000 2024","0","@ireffly gen z punya opportunity lebih banyak kehidupan lebih layak dan gaji lebih baik karena millenial yg mimpin udah pada sadar. sementara ngelawan boomer tuh kepala batu semua. kamu harusnya lebih bersyukur ga sih dibanding ngetweet hal yg insensitive kayak gini?","1849259733267652779","","ireffly","in","28+","0","1","0","https://x.com/ranzxe/status/1849259733267652779","1768614431569879040","ranzxe"
"1848955885948965142","Thu Oct 24 00:57:52 +0000 2024","0","@papahgaling Emang tai gen z ini. W udah umur segini belom pernah terima gaji segitu","1849253944352293006","","papahgaling","in","Indonesia","0","0","0","https://x.com/Reaumurr/status/1849253944352293006","1600152174754873345","Reaumurr"
"1849243218338251017","Thu Oct 24 00:15:15 +0000 2024","1","You're trully fucked kalo umur lo udah 30an tp gaji blm stabil dan masih di bawah 2 digit. Gaji lo akan segitu-gitu aja. Perusahaan jg bakal ga napsu lagi sama lo since banyak anak Gen Z yang energi dan otaknya masih full charged dan mau digaji setara bahkan di bawah umur 30an","1849243218338251017","","","in","物の哀れ","0","1","0","https://x.com/stylinshock/status/1849243218338251017","1250874967291502595","stylinshock"
"1849226317251887394","Wed Oct 23 23:08:05 +0000 2024","1","Terpopuler Bisnis: Gaji dan Fasilitas Ajudan Prabowo Alasan Gen Z Rentan Terjerat Pinjol https://t.co/B3tsrlySRy #TempoBisnis","1849226317251887394","","","in","Indonesia","0","0","1","https://x.com/tempodotco/status/1849226317251887394","18129942","tempodotco"
"1849144473860940015","Wed Oct 23 17:42:52 +0000 2024","1"," GEN Z BEBAN NEGARA yeee kocakk kalo pemerintah mau gaji pengangguran kayak Finlandia Irlandia juga berkurang tuh beban;","1849144473860940015","","","in","Tegal, Jawa Tengah","0","0","0","https://x.com/rApiiiii_ckscrm/status/1849144473860940015","1544703597874917376","rApiiiii_ckscrm"
"1849136491735462296","Wed Oct 23 17:11:09 +0000 2024","0","Betul aku gen z dan temen2ku gen z mostly dari kami seringnya kerja palugada karena kami mikir masih awal karir gapapa lumayan pengalaman udah gitu masih nyari project di luar kerjaan lagi demi dapet gaji tambahan. Yahhhh namanya juga cari uang ya.","1849136491735462296","","","in","(she/her)","0","0","0","https://x.com/minyoorin_pit/status/1849136491735462296","1575374438090276864","minyoorin_pit"
"1849128500143575163","Wed Oct 23 16:39:24 +0000 2024","0","Barusan nongol di TL perkara gen z yg nolak (/ mikir-mikir ) pas ditawari kerjaan di bank asing dgn gaji 7-8jt/bln posisi fresh grad. Yg nawari sudah pengalaman di banking 8 tahunan yg baru nyentuh 8 jutaan jg. Ada yg komentar gen z minta segede apa kl fresh grad...","1849128500143575163","","","in","Indonesia","0","1","0","https://x.com/nanda_sa_ma/status/1849128500143575163","549415280","nanda_sa_ma"
"1848945222715351403","Wed Oct 23 14:55:08 +0000 2024","1","@richgoddessdin @hrdbacot Gen z gaji umr here kerja siang masuk jam 13.00 pulang jam 20.00. Dihari tertentu mengharuskan aku dari jam 20.00 lanjut kerja lagi sampai jam 07.30 dibayar 150k setelah pulang jam 07.30 (seringnya jam 8 baru boleh pulang) jam 13.00 udah harus di tempat kerja lagi","1849102261991207263","","richgoddessdin","in","kayangan","0","0","0","https://x.com/cheeseluv_/status/1849102261991207263","732113699645751296","cheeseluv_"
"1848936472294134021","Wed Oct 23 14:27:25 +0000 2024","13","@JVLEHA @anginlewat Nah itu yang perlu di jelasin ke gen z Jngn ga jejak tanah dngn realita Gaji FG 2 digit itu ada Tapi ga semua bisa kasih + Harus punya skill tertentu Mau jd konten creator aja! Ya silahkan Tapi harus jalani proses nya Krn ga semua konten creator jg lgs sukses","1849095284879720645","","JVLEHA","in","","0","0","5","https://x.com/davidbimantoro/status/1849095284879720645","67521676","davidbimantoro"
"1849053631729005015","Wed Oct 23 11:41:54 +0000 2024","2","temen-temen gen saya (z) apalagi fresh graduate ada baiknya memang tetap balance ketika melihat informasi orang pamer gaji di sosmed. diimbangi juga dengan berteman atau reality check ke orang yang gajinya ga seindah itu. jadi benchmark ga ke atas doang tapi ke bawah juga","1849053631729005015","","","in","","0","0","0","https://x.com/kimsabuj2/status/1849053631729005015","1429028043465527297","kimsabuj2"
"1849017166772699634","Wed Oct 23 09:17:00 +0000 2024","0","Kulwap Wolipop #VersiTerbaikmu Dear Gen Z Ini Cara Menabung Saat Gaji Terbatas Bersama Dety Nurfadilah MBA. CFP. IFP. Yuk daftar! https://t.co/UB4ABbhcF5","1849017166772699634","","","in","","0","0","0","https://x.com/detikcom/status/1849017166772699634","69183155","detikcom"
"1848903324621562126","Wed Oct 23 09:06:23 +0000 2024","11","@mynameismals_ @AdeptusAstartia @Ichavarma_ WAKAKKA WORST gen z ngeluh resign tp buktiin di tmpt kerja selanjutnya dpt gajiny sesuai sm dia milenial punya nyali kek gitu ga gausah cuap2 komenin gen z blg aja iri umur 34 gaji gajauh beda sm gua yg 24","1849014497698271305","","mynameismals_","in","Jakarta Capital Region","0","0","0","https://x.com/boyblueww/status/1849014497698271305","1815235677874946048","boyblueww"
"1849010557174895057","Wed Oct 23 08:50:44 +0000 2024","1","Gue pikir gaji gue yg kekecilan dengan udah 10 tahun kerja. Kalo opini ini bener terus kenapa gen z skrg konsumtif amat daaaah. Dikit-dikit datengin tempat fomo dikit-dikit konser Gue mau belanja 100rb aja mikirnya bisa seminggu ","1849010557174895057","","","in","Jakarta Capital Region","0","0","0","https://x.com/rakapramudito/status/1849010557174895057","77421628","rakapramudito"
"1848990843408986464","Wed Oct 23 07:32:24 +0000 2024","0","Kulwap Wolipop #VersiTerbaikmu Dear Gen Z Ini Cara Menabung Saat Gaji Terbatas Bersama Dety Nurfadilah MBA. CFP. IFP. Yuk daftar! https://t.co/HpgmTK7rl9","1848990843408986464","","","in","ÜT: -6.2746861,106.8304126","0","0","0","https://x.com/wolipop/status/1848990843408986464","95579729","wolipop"
"1848973568182522221","Wed Oct 23 06:23:45 +0000 2024","0","Blaming on gen z is like total shit mouth full of trash. Yang salah adalah pihak yang memberi gaji gaji 8 juta diera sekarang itu memang kecil apa lagi tinggal di Jakarta. Udah tidak zaman gaji mulai satu digit diera sekarang cuma mau exploit pekerja aja sebenarnya.","1848973568182522221","","","in","Indonesia","0","0","0","https://x.com/theunknownm4n/status/1848973568182522221","729424668","theunknownm4n"
"1848966667336093848","Wed Oct 23 05:56:20 +0000 2024","0","Gen Z sudah punya banyak pembanding &amp; kritis waktu beban kerja &amp; biaya hidup apa sepadan dgn gaji 7-8 juta. Ada pergeseran nilai skrg dulunya perusahaan mengira karyawan butuh uang jd digaji berapapun pasti mau skrg karyawan yg milih tempat kerjanya","1848966667336093848","","","in","Palembang, Indonesia ","0","1","0","https://x.com/anandanawi/status/1848966667336093848","266352395","anandanawi"
"1848873464951934998","Wed Oct 23 05:26:36 +0000 2024","0","@yhaterus menurut gw bisa dua-duanya sih. gen Z emg lebih picky karena pengen kerja yang sesuai passion bukan cuma sekadar gaji. tp di sisi lain kondisi ekonomi dan penyerapan kerja yang melambat jg bikin kita harus lebih selektif. jd sulit nyalahin salah satu pihak","1848959187453174150","","yhaterus","in","disini ada 2 orang🗿","0","0","0","https://x.com/sxtmaa/status/1848959187453174150","1403296153588748292","sxtmaa"
"1848954689787929072","Wed Oct 23 05:08:44 +0000 2024","4","John #Elkann musim ini cukup rajin hadir di #JStadium. Management pilihannya sdh berhasil melakukan penghematan bongkar #JSquad average Gen.Z total gaji tidak tertinggi di #SerieA dll. Disisi lain yang dikorbankan cukup banyak: Quality &amp; Quantity #JSquad yang available.","1848954689787929072","","","in","","0","3","3","https://x.com/andarsofian/status/1848954689787929072","2684407939","andarsofian"
"1848945222715351403","Wed Oct 23 04:52:11 +0000 2024","141","@hrdbacot Gen Z manja gabisa di deny kalo emang ada yang kerja cuma admin gaada skill tapi halu mau gaji 2 dijit. Tapi miris juga padahal diluar sana juga buanyakkk gen Z yang kerja jadi palugada lembur mulu tapi THPnya umr","1848950525724922073","","hrdbacot","in","Petaling Jaya","11","6","21","https://x.com/richgoddessdin/status/1848950525724922073","1202245074899238912","richgoddessdin"
"1848947433235222872","Wed Oct 23 04:41:41 +0000 2024","0","Btw kalau gen z udh bisa keterima kerja dengan gaji awal segitu sih udh lumayan dah ya ","1848947883338539380","","ariniartanti05","in","","0","0","0","https://x.com/ariniartanti05/status/1848947883338539380","1118589725000888320","ariniartanti05"
"1848903324621562126","Wed Oct 23 04:29:17 +0000 2024","0","@Ichavarma_ Genjet hidupnya byk mengkonsumsi konten. Ekspetasi mrk banyak yang tinggi karena konten2 yang dia liat. Konten kan bisa dibuat2 ga sesuai realita. Makanya bener kudu cek reality. Gw juga Gen Z Sandwich generation lagi. Gaji UMR ya gw sikat. Drpd orang tua ama ade ga makan","1848944760788222394","","Ichavarma_","in","Indonesia","0","1","0","https://x.com/Agungdwps/status/1848944760788222394","248255348","Agungdwps"
"1848942379660939618","Wed Oct 23 04:19:49 +0000 2024","0","gen z kebanyakan nelen konten tiktok mentah2. jd kaya ekspektasi mereka ya kl kerja gaji 2digit tp jobdesc santai","1848942379660939618","","","in","","0","0","0","https://x.com/ccaramelmaciato/status/1848942379660939618","1131274529727057921","ccaramelmaciato"
"1848671944800903502","Tue Oct 22 14:05:37 +0000 2024","5","@worksfess Kadang miris ada yang beruntung dikasih lebih dari satu offering job dengan gaji sedikit diatas rata tapi malah pada kena penyakit gen z (ngeluh : gaji kurang lokasi kerjanya jauh sering lembur dll) giliran yang bener bener butuh kerja malah strugle","1848727411149705717","","worksfess","in","","0","1","0","https://x.com/twiteropsi33305/status/1848727411149705717","1778104473010970626","twiteropsi33305"
"1848680653040283942","Tue Oct 22 10:59:49 +0000 2024","0","Ni la gen Z nak kerja tapi nak enjoy sehari gaji 80 pun tak cukup tinggal duduk jaga kedai! Memang babi","1848680653040283942","","","in","","0","0","0","https://x.com/walladebellasz/status/1848680653040283942","891127063737847808","walladebellasz"
"1848663199232758009","Tue Oct 22 09:50:27 +0000 2024","0","pantes gak maju maju mindset masyarakatnya masih stuck di ageism. belom lagi gen boomers/baby boomers yang sibuk nyalahin gen z gaji ga seberapa memanusiakan manusia juga nggak. cuti buat keluarga meninggal pindahan lahiran juga susahnya minta ampun. sehat sehat wni","1848663199232758009","","","in","DO NOT FOLLOW PLEASE‼️🚫","0","0","0","https://x.com/hrvblue/status/1848663199232758009","2334008102","hrvblue"
"1848662832189214828","Tue Oct 22 09:49:00 +0000 2024","0","Benerr. Menurutku ini juga sih yang bikin gen z ga betah kerja ikut orang. Udah gaji kecil gen atas suka jilat si bos sambil jorokin kita belum fitnah yang setiap minggu pasti adaaaa ajaaaa.","1848662832189214828","","","in","","0","0","0","https://x.com/angelewah/status/1848662832189214828","1416052328986152960","angelewah"
"1848599045897646436","Tue Oct 22 05:35:32 +0000 2024","0","Realita seorang Gen Z kelas menengah minim privilege (F 25): Kerja 44h/week gaji under UMR (karena masih probation) nabung tipis-tipis kembang kempis wishlist nambah sekalinya CO buat impulsive buying.","1848599045897646436","","","in","Kota Surabaya, Jawa Timur","0","1","0","https://x.com/miramelati29/status/1848599045897646436","2720896044","miramelati29"
"1848593474876280985","Tue Oct 22 05:26:25 +0000 2024","1","@oh_cimeng Memecat gen z yg sudah punya pengalaman dan gaji tinggi dan diganti baru dengan gen z baru yg minim pengalaman yg gajinya lebih rendah wkwk","1848596750543819070","","oh_cimeng","in","Timika, Papua Tengah Indonesia","0","1","0","https://x.com/velixtzy/status/1848596750543819070","1237917895646044161","velixtzy"
"1848593474876280985","Tue Oct 22 05:24:57 +0000 2024","1","Intinya dari awal kalian sudah tau kalau sifat gen z ini seperti itu tapi kan memang itu yg kalian harapkan? Merekrut pekerja yg minim pengalaman supaya bisa memberikan gaji sedang bahkan rendah untuk memangkas biaya perushaan karena minimnya pengalaman gen z bukan begitu?","1848596380404900283","","velixtzy","in","Timika, Papua Tengah Indonesia","0","0","0","https://x.com/velixtzy/status/1848596380404900283","1237917895646044161","velixtzy"
"1848235372637299144","Tue Oct 22 01:20:18 +0000 2024","0","@natebarey @agstevest @ysexy @ARSIPAJA kenyataannya banyak gen z yg gaji 2 bahkan 3 digit jadi konten creator atau bahkan sukses dagang di tiktok jd miliyarder muda mereka usaha gak banyak ngeluh kaya elu gak banyak nyalahin pemerintah atau orang lain nyari alasan dibalik kegagalan diri lu sendiri wkwkwkwkwkwk","1848534814204563582","","natebarey","in","","0","1","0","https://x.com/yeeol12/status/1848534814204563582","3472419919","yeeol12"
"1848273014338535774","Mon Oct 21 08:23:20 +0000 2024","0","@dw_indonesia Pekerjaan dan gaji seperti apa yg diharapkan Gen Z ","1848278885697466441","","dw_indonesia","in","Jawa Timur, Indonesia","0","0","0","https://x.com/gerilyawan86/status/1848278885697466441","183567049","gerilyawan86"
"1848268960724336923","Mon Oct 21 07:43:54 +0000 2024","1","Pernah nggak sih lo merasa gaji lo selalu habis buat lifestyle tapi nggak ada sisa buat nabung atau investasi? Gimana caranya tetap enjoy hidup dengan gaya tanpa harus merusak keuangan lo tanpa harus ada pemborosan? Gen Z dikenal suka mengejar lifestyle yang kekinian nongkrong https://t.co/5fvqTHyq9B","1848268960724336923","https://pbs.twimg.com/media/GaZe0uFaUAAJ0SP.jpg","","in","Jakarta Barat, DKI Jakarta","0","0","0","https://x.com/yohanesind/status/1848268960724336923","105151541","yohanesind"
"1848206714736357466","Mon Oct 21 07:00:08 +0000 2024","0","@earthrealmer_ Iyaa anjirrr gen z tiap yg masuk kantor gue sini duhh ampun dahh ribet bgt. Baru kerja mingguan aja udh mikirin gaji segala macem kerjaan merasa paling berat. Kenapa disini yg komen visualnya wkwk gay lah biseks lahh. Gaada yg komen apa yg dia smpaikan kah?","1848257947941707984","","earthrealmer_","in","대한민국","0","0","0","https://x.com/grayfea/status/1848257947941707984","1281811658222956545","grayfea"
"1848242759452487751","Mon Oct 21 05:59:47 +0000 2024","1","Mentri = jobdesk tiap kementrian tambah dikit karena mentrinya tambah banyak gaji tambah besar Gen Z= jobdesk sak taek ndayak gaji kecil Pantes Gen Z pada punya suicidal thoughts","1848242759452487751","","","in","Surabaya","0","0","0","https://x.com/Jarlik98/status/1848242759452487751","2877427249","Jarlik98"
"1848234001489899967","Mon Oct 21 05:33:21 +0000 2024","0","9. Ekspektasi vs Realita Ekonomi: Ada perbedaan antara apa yang diharapkan oleh Gen Z dari dunia kerja dengan realitas ekonomi dan ketersediaan pekerjaan termasuk ekspektasi gaji dan kondisi kerja.","1848236109962350648","","killuagemini","in","Hillsborough, CA","0","1","0","https://x.com/killuagemini/status/1848236109962350648","1747772005657829376","killuagemini"
"1848062889443368989","Mon Oct 21 03:16:17 +0000 2024","0","@dukdull Knp gue blg bagus gajinya mrk jauh lbh tinggi dari gue pdhl ada adik gue yg cuma tamat SMA. Insecure sama gaji gen Z di keluarga gue","1848201614240399442","","number_dita","in","","0","0","0","https://x.com/number_dita/status/1848201614240399442","1321864830882521088","number_dita"
"1848197785075794214","Mon Oct 21 03:01:04 +0000 2024","0","GEN Z KALO GAK ADA KERJAAN BENER2 GAK MINTA GITU YA? KEK MBA ADA YG BISA KU BANTU GAK ATAU MINIMAL LO PELAJARIN GAMBAR LAH DARI PADA LO KETIK2 LIRIK LAGU TRUS DI TRANSLATE. NJIRRR GAJI UNR GABUT AMAT","1848197785075794214","","","in","","0","0","0","https://x.com/edelnotwise/status/1848197785075794214","73433698","edelnotwise"
"1847961276850557355","Sun Oct 20 11:21:16 +0000 2024","1","Ortu boomer : pokokny harus pns Me milenial : swasta yg penting gaji oke. Gini2 juga keluarga2 yg pns sering pada ngutang My gen z brother : manut ortu. Masih nganggur.","1847961276850557355","","","in","Indonesia","0","0","0","https://x.com/lilaazka/status/1847961276850557355","1028234092037337088","lilaazka"
"1847944343535133052","Sun Oct 20 10:13:59 +0000 2024","0","Bukan gen Z tapi relate bgt. Contoh kecilnya ortu gw. Bapak gw sendiri yg bilang kalo gw mau enaknya aja kerja terlalu milih2 toh gaji juga gak seberapa. Tapi minjem duit mulu dan gak ngehargain gw yg kerja kiri kanan kek gini. Rasanya pengen nangis aja sih.","1847944343535133052","","","in","Denpasar, Bali","0","0","0","https://x.com/aimagreta/status/1847944343535133052","3235585621","aimagreta"
"1847724786153377940","Sun Oct 20 07:58:12 +0000 2024","2","@Bemyserotonin @jnftrwfy 6. Gen Z bnyak milih pekerjaan tp non skill 7. Nuntut gaji gede tp gak kompeten 8. Mau nya bnyak tapi d tuntut gk mau","1847910171986841665","","Bemyserotonin","in","","0","0","0","https://x.com/expressiveform/status/1847910171986841665","1102216972366864384","expressiveform"
"1847892835779170435","Sun Oct 20 06:49:18 +0000 2024","0","Hari hari kegiatan ibu guru gen z Gaji kecil tapii ga bisa diem dirumah dan bepergian terozz Menyala dompet bapakkuuu https://t.co/5d2qaM4IWc","1847892835779170435","https://pbs.twimg.com/media/GaUIvbzbUAA8EUD.jpg","","in","","0","0","0","https://x.com/annisafitriaini/status/1847892835779170435","1214022418756358144","annisafitriaini"
"1847882367387754510","Sun Oct 20 06:07:43 +0000 2024","0","stop overproud kinerja jokowow geli tau 10 tahun ini gk ada hasil and come on lah gen z melek politik.. lo semua bkl cari uang sndri dgn umr indo yg serendah itu n tingkat kemiskinan di indo tinggi itu gaji lo bkl di ptg dgn pajak yg bsr n tapera yg gjls itu lo harap apa?","1847882367387754510","","","in","","0","1","0","https://x.com/kikakiko0o/status/1847882367387754510","744753039672651777","kikakiko0o"
"1847545982164349390","Sun Oct 20 05:10:57 +0000 2024","0","@rubi1945 @TelUniversity Bukannya para boomers yg ngasih beban kerja terlalu berat lembur gak dikasih gaji tambahan toxic harus bisa ngerjain a-z sehingga para gen z gak betah?","1847868085447139795","","rubi1945","in","","0","0","0","https://x.com/Kawaii_Racuni/status/1847868085447139795","1690626167471284225","Kawaii_Racuni"
"1847844239163740634","Sun Oct 20 03:36:12 +0000 2024","0","SERBA SALAH ANYINK YG MIMPIN GEN BAPAK2 SEMUA BJIR YG DISALAHIN GEN Z angka pengangguran tuh nambah karna PERATURAN cipta kerja yg ga masuk akallll syarat masuk kerja gaji dibawah umr bjir lah","1847844239163740634","","","in","","0","0","0","https://x.com/kacangbolong/status/1847844239163740634","1023166569155710976","kacangbolong"
"1847831562613821468","Sun Oct 20 02:45:50 +0000 2024","0","Aku bukan gen z si Sejak lulus kuliah 2016 langsung kerja di perusahaan Dan merasa sistem kerja di perusahaan makin menekan Beberapa kali pindah perusahaan juga untuk dapatin gaji yang bagus dan jam kerja yang sesuai SOP","1847831562613821468","","","in","Jakarta Pusat, DKI Jakarta","0","0","0","https://x.com/pinotampan/status/1847831562613821468","1732689243099774976","pinotampan"
"1847825818661376127","Sun Oct 20 02:23:00 +0000 2024","0","5 Penyebab Gen Z Menganggur: - Sadar kalau jobdesk 3 orang dikerjain 1 orang dengan gaji 1 5 orang itu gak manusiawi","1847825818661376127","","","in","","0","0","0","https://x.com/adjanmaghrib/status/1847825818661376127","1679025394513743872","adjanmaghrib"
"1847815902731129340","Sun Oct 20 01:43:36 +0000 2024","10","gen z nganggur negara gapernah hadir buat mereka. ngasi pelatihan skill gratis kek atau bantu cariin kerjaan gen z kerja negara hadir paling pertama buat motong gaji dg embel2 pajak bpjs jamsostek blm lagi ntar ada tapera 3% dan ppn 12%","1847815902731129340","","","in","bintaro","0","1","0","https://x.com/diytypeshit_/status/1847815902731129340","3118025055","diytypeshit_"
"1847607980579315832","Sun Oct 20 01:06:04 +0000 2024","0","@CakKhum @nadiemmakarim Gambaran Gen z berimpian gaji 2 dijit","1847806454901985586","","CakKhum","in","","0","0","0","https://x.com/missQue05904600/status/1847806454901985586","1500315338608898049","missQue05904600"
"1847800137776763025","Sun Oct 20 00:40:57 +0000 2024","0","penyebab gen z menganggur tuh karena regulasi masalah pekerja di negara ini sampis! udahlah ga pro-pekerja yg ordal-ordal aja tapi mayoritas ga punya skill &amp; ga mau kerja bener 1 posisi job desk bejibun tapi gaji ga sepadan ...s","1847800137776763025","","","in","","0","1","0","https://x.com/hwarahkono/status/1847800137776763025","127423108","hwarahkono"
"1847797035845767263","Sun Oct 20 00:28:38 +0000 2024","0","Penyebab gen z menganggur kok gaada Lapangan pekerjaan sempit Persyaratan kerja gak ngotak. Gaji gak sesuai jobdesk ?","1847797035845767263","","","in","wherever you are","0","0","0","https://x.com/tsmryansky/status/1847797035845767263","245650177","tsmryansky"
"1847545982164349390","Sat Oct 19 23:24:14 +0000 2024","4","@easter_eggg @wahyourself7 @rubi1945 @TelUniversity Sama aja mau milenial mau gen z mau gen perang sipil Amerika. Semua itu supply dan demand. Kalo offering gaji rendah ya pasti dapat SDM yang rendah. Kalo offering tinggi ya pasti dapet SDM tinggi. Mknnnya perusahaan top GK pernah ngeluh soal gen z yang ngeluh perusahaan medioker","1847780831265509604","","easter_eggg","in","","0","3","0","https://x.com/andi_pahlevi666/status/1847780831265509604","1794386197713997825","andi_pahlevi666"
"1847741432070877664","Sat Oct 19 20:47:41 +0000 2024","1","&gt; lowongan kerja menurun &gt; ekonomi menurun &gt; harga pangan dan papan mahal &gt; dead end job dengan gaji gak layak &gt; Gen Z= Beban Negara? On serious note gue rasa ini penyakit orang yg ngakunya bijaksana. Melihat sumber masalah dari luar ketimbang bercermin.","1847741432070877664","","","in","Beyond","0","0","1","https://x.com/giomilahy97/status/1847741432070877664","1560230009469411330","giomilahy97"
"1847547595767632024","Sat Oct 19 17:24:36 +0000 2024","0","@PetrolWeeb eh mgentot kl gaada gen z feed ig cafe lo jelek noh sekarang mikir aja lah mau kerja gaji sejuta aja harus ngalahin zeus mikir anjing","1847690324770254993","","PetrolWeeb","in","they/them.","0","0","0","https://x.com/uralphacentauri/status/1847690324770254993","1247119955088171008","uralphacentauri"
"1847547595767632024","Sat Oct 19 15:23:33 +0000 2024","3","@PetrolWeeb Dr ppt dia aja ttp ada pengangguran dr yg sarjana. Ini mah masalahnya bukan di gen z nya tp dr lapangan kerja dan persyaratan kerjanya x yg minta banyak skill tp gaji UMR","1847659861552865530","","PetrolWeeb","in","","0","1","1","https://x.com/rizqi_wild10648/status/1847659861552865530","1671834517261410304","rizqi_wild10648"
"1847636481105629638","Sat Oct 19 13:50:39 +0000 2024","4","Mudah menyerah ini maksudnya karna gen z gak mau disuruh kerja 12 jam di resto dengan gaji bawah UMR ya??? ","1847636481105629638","","","in","not irl","0","0","0","https://x.com/hutjawa/status/1847636481105629638","55173265","hutjawa"
"1847547595767632024","Sat Oct 19 13:36:03 +0000 2024","1","@PetrolWeeb Sebenernya gen z tuh kerja apa aja dijabanin asal wajar dan umr lu kalo bukan perusahaan yang bener udah kerjaan overload gaji aut2an terus lu bilang bersyukur? Lu sama aja menyuburkan perbudakan koncol!","1847632809332265374","","PetrolWeeb","in","","0","0","0","https://x.com/Picoropiko/status/1847632809332265374","1217919178826403840","Picoropiko"
"1846158243779023132","Wed Oct 16 03:29:26 +0000 2024","2","@Mdy_Asmara1701 jk 49 + 57 = 106 org ini semuanya dilantik jd kabinet @prabowo brp anggaran (gaji tukim honor spj ops) bgm nasib milenial gen.Z &amp; Alfa yg akn dhadapkn dgn over demografis? coba anggaran itu dialhkan utk program pemb.SDM (subsidi/beasiswa) demi Indonesia agar tdk CEMAS.!","1846392984268689628","","Mdy_Asmara1701","in","","0","0","0","https://x.com/roedh251179/status/1846392984268689628","1758140030567251968","roedh251179"
"1846375080638795867","Wed Oct 16 02:18:17 +0000 2024","0","pengen liat gaji anak anak gen z? cba scroll threads aja mumpung lg tren ","1846375080638795867","","","in","Jakarta Capital Region","0","4","0","https://x.com/AgamBewe/status/1846375080638795867","1026632910","AgamBewe"
"1846224185489871030","Tue Oct 15 16:18:41 +0000 2024","0","baru menjabat tapi semua masalah disalahin ke dia padahal yg problematic siapa dah wkwk w jadi ceonya mah udh minta gaji 4x di posisi ini gen z dah resign kayaknya ","1846224185489871030","","","in","Le sserafim • JMM21 • JB17","0","0","0","https://x.com/bananajuzz/status/1846224185489871030","1690584534461591553","bananajuzz"
"1846161726024130594","Tue Oct 15 12:10:30 +0000 2024","0","Kulwap Wolipop #VersiTerbaikmu Dear Gen Z Ini Cara Menabung Saat Gaji Terbatas Bersama Dety Nurfadilah MBA. CFP. IFP. Yuk daftar! https://t.co/d2j6zrB9tX","1846161726024130594","","","in","ÜT: -6.2746861,106.8304126","0","0","0","https://x.com/wolipop/status/1846161726024130594","95579729","wolipop"
"1846155213335679411","Tue Oct 15 11:44:37 +0000 2024","1","HR kat office pernah cakap gen z suka balik on time. Aku rasa HR bitter dengan aku mesti sebab aku bidas balik balik lambat pun bukannya bos naikkan gaji. ","1846155213335679411","","","in","penang","0","0","0","https://x.com/aqilahfauzii/status/1846155213335679411","1038050798721089536","aqilahfauzii"
"1845855880887062757","Tue Oct 15 10:48:25 +0000 2024","0","@tanyakanrl kalo gen z pilih a aja wkwkwk work-life balancenya enak tapi ya gaji ngepress. kalo mau yg berasa langsung jadi orkay pilih b sih","1846141069815341394","","tanyakanrl","in","rant. ","0","1","0","https://x.com/nightingers/status/1846141069815341394","1349390583647797249","nightingers"
"1846130478920712304","Tue Oct 15 10:06:20 +0000 2024","1","Kulwap Wolipop #VersiTerbaikmu Dear Gen Z Ini Cara Menabung Saat Gaji Terbatas Bersama Dety Nurfadilah MBA. CFP. IFP. Yuk daftar! https://t.co/41plU0WtgA","1846130478920712304","","","in","","0","0","0","https://x.com/detikcom/status/1846130478920712304","69183155","detikcom"
"1846084545613123616","Tue Oct 15 07:03:48 +0000 2024","1","gaji umr berkelahi dengan gaya idup gen z","1846084545613123616","","","in","Indonesia","0","3","0","https://x.com/potatoponee/status/1846084545613123616","1075944194663804928","potatoponee"
"1845855880887062757","Mon Oct 14 17:42:30 +0000 2024","0","@tanyakanrl Gaji 20jt 5 hari kerja 8 jam sehari","1845882888518357394","","tanyakanrl","in","Fairytale","0","1","0","https://x.com/SayaGenZ/status/1845882888518357394","1528389839191953408","SayaGenZ"
"1845346459090288742","Mon Oct 14 16:00:08 +0000 2024","0","@tanyarlfes Wkwkwk pukimak harusnya mah lo flexing aja sama temen yang sama2 kaya. Gak semua Gen Z tuh punya tabungan kaya lo. Pertama visa lo hitam. Kedua ponsel yang lu pake kemungkinan iPhone 15 ke atas. Ketiga uang jajan bulanan lo melebihi gaji bulanan kami di sini. Ngenthought lo!","1845857127396716577","","tanyarlfes","in","Jakarta Selatan, DKI Jakarta","0","0","0","https://x.com/cat5ims/status/1845857127396716577","1248449018629255169","cat5ims"
"1845826945025733072","Mon Oct 14 14:00:12 +0000 2024","0","kesel amat dikira aku gak ngerasa gk enak apa. manggil org jadwal berubah mulu. professional lah aku ttp ngikutin perusahaanku blg apa. elu y masih kandidat jg gak ngaruhi karir gua. elu gak kasih gaji gua. beneran gen z ini krisis etika","1845826945025733072","","","in"," ⠀⠀⡞⠳⢦⡀⠀⠀  ⠀⡔⢶
       ⢸⠀⠀⠈⠢⡀⣰⠇⠘⠇ .ೀ
⊹˚   ⠈⣇⠀⠀⠀⢹⡇⠀⢰⠇
 ⠀⢀⠴⠾⠧⣀⠀⠈⣇⠀⡼⢀⣀  𓆩  ◟♡︭  𝟕𝟕𝟕  𓆪
⠀⣾⠀⠀⠀⠈⠁⢦⣾⣸⢷⠻⠉𝓐ngel's 𝘸𝘩𝘪𝘮𝘴𝘺
⡀⢿⣄⣀⠠⢴⠶⠶⠏⠁ ⊹⠀⠀⠀   ︶֪︶ིྀ︶֪︶","1","1","0","https://x.com/angelyairin/status/1845826945025733072","1835577172570124288","angelyairin"
"1845792472146063723","Mon Oct 14 13:06:29 +0000 2024","459","@memefess Average Gen Z SD sampe early SMP KTSP Late SMP mau ke SMA K-13 Hasil : - cinta alam lingkungan kebersihan - rajin olahraga (gym lari minsoc) - sadar mental health - outfit ok - selera musik diverse - nganggur / gaji UMR","1845813429707358694","","memefess","in","PIK 2","12","4","74","https://x.com/striker_tunggal/status/1845813429707358694","310029816","striker_tunggal"
"1791423426080702821","Mon Oct 14 03:43:50 +0000 2024","0","@GabRey99 gaji gen z aja rata rata umr/umk terus bantu biayain keluarga juga jadi gimana mau beli rumah ","1845671831631749222","","GabRey99","in","","0","0","0","https://x.com/krs_kokkoro/status/1845671831631749222","1107474479381307392","krs_kokkoro"
"1845395590924144699","Mon Oct 14 01:21:20 +0000 2024","0","@minggudesu @Disforus tapi beneran bisa kok kak w gen z juga kirim orang rumah tapi tetep beneran bisa kak itu juga semua tergantung gaji kak bahkan 17jt itu ga ada 6bulan aku bisa kak : )","1845635970353500229","","minggudesu","in","","0","1","0","https://x.com/queensehun_/status/1845635970353500229","1603522770452652032","queensehun_"
"1845470297417527333","Sun Oct 13 14:23:00 +0000 2024","0","pov : wujud nyata gaji gen z yang sesungguhnya","1845470297417527333","","","in","Tebet, Indonesia","0","0","0","https://x.com/lukaspaww/status/1845470297417527333","1411169143286497282","lukaspaww"
"1845346459090288742","Sun Oct 13 14:19:33 +0000 2024","0","@tanyarlfes Gue ngurangin fomo dalam 6bln jg kalo gaji cuma 2 5jt mah abis buat kebutuhan sehari2 nder wkwkwkwk selamat ya nder lo unemployed tp dah punya tabungan segini. Semangat gen Z ","1845469429926158457","","tanyarlfes","in","","0","0","0","https://x.com/matahari1805/status/1845469429926158457","1830606387958923264","matahari1805"
"1845462450008883616","Sun Oct 13 13:51:52 +0000 2024","3","Jadi Gen Z lebih milih ngabisin sisa gaji buat beli yang dimau and live in the moment daripada nabung buat masa depan.","1845462461476110525","","girlsbeyond_id","in","","0","1","1","https://x.com/girlsbeyond_id/status/1845462461476110525","1542347235836727296","girlsbeyond_id"
"1845462450008883616","Sun Oct 13 13:51:51 +0000 2024","4","Tapi udah jadi rahasia umum kalo yg bikin Gen Z suka doom spending adalah stress. Ada analisanya kalo Gen Z ngerasa putus asa karena beban cicilan elektronik kendaraan dan kebutuhan primer lainnya karena biaya hidup terus naik padahal gaji gak naik2.","1845462458942750929","","girlsbeyond_id","in","","0","1","0","https://x.com/girlsbeyond_id/status/1845462458942750929","1542347235836727296","girlsbeyond_id"
"1845462450008883616","Sun Oct 13 13:51:49 +0000 2024","70","Tau gak apa yang sebenernya bikin Gen Z gak bisa punya tabungan 300 juta dengan gaji 6 juta per bulan kayak Kaluna? Bukan kopi overpriced bukan konseran sebulan sekali tapi doom spending. https://t.co/iiJ5tyIih4","1845462450008883616","https://pbs.twimg.com/media/GZxluz0aAAA88lX.jpg","","in","","1","1","10","https://x.com/girlsbeyond_id/status/1845462450008883616","1542347235836727296","girlsbeyond_id"
"1845432592339959936","Sun Oct 13 11:53:12 +0000 2024","0","Ada yang bilang Tapera ini solusi buat Gen Z yang susah punya rumah Namun banyak pihak yg merasa kebijakan ini malah membebani pekerja karena gaji bulanan yg diterima saat ini udah banyak potongannya malah ditambah lagi dgn potongan Tapera.","1845432599453499826","","myskill_id","in","","0","1","0","https://x.com/myskill_id/status/1845432599453499826","1299606533764837383","myskill_id"
"1845423446869803450","Sun Oct 13 11:30:22 +0000 2024","1","@TanyaMobilBase gaji 4 jt tp mau punya mobil ? nekat nekat ya gen Z sekarang ya gapapa si kalo tabungannya udah 2x harga mobil ","1845426852375973921","","TanyaMobilBase","in","Bandung, Indonesia","0","1","0","https://x.com/lamalammmm/status/1845426852375973921","1026036180914032640","lamalammmm"
"1844942374960828709","Sat Oct 12 03:25:14 +0000 2024","0","Gen Z harusnya dpt uang saku/gaji tambahan khusus beli app prem konser dan kopi masa iya duit abis mikir subs spotify netflix/viu belum konser sama budgeting kopi","1844942374960828709","","","in","","0","0","0","https://x.com/cacingkremyyy/status/1844942374960828709","1014802279898087424","cacingkremyyy"
"1844924518256738384","Sat Oct 12 02:14:17 +0000 2024","0","HIRO ngerti meski Gen Z punya pendidikan &amp; skill oke mereka masih sering mentok sama tuntutan pengalaman tinggi dan gaji yang ga sepadan. Mereka ga cuma dengerin tapi juga siap bergerak buat bawa solusi nyata. Respect!","1844924521804870099","","pilih_hiro","in","Medan","0","1","0","https://x.com/pilih_hiro/status/1844924521804870099","38815455","pilih_hiro"
"1791423426080702821","Fri Oct 11 16:23:22 +0000 2024","0","@GabRey99 Kalo saya sih ko kepikiran ada juga gen Z yg ekpektasi akan hunian itu tidak sesuai dengan pendapatan. Jadi ada opini susah beli rumah. Gaji umr tapi pengen rumah klaster dekat dengan kantor n fasilitas umum dll. Dket kantor tapi rumah kampung ga mau juga. Susaahh.","1844775810793717791","","GabRey99","in","yogyakarta","0","0","0","https://x.com/rochmadceper/status/1844775810793717791","382147279","rochmadceper"
"1844747328772800522","Fri Oct 11 14:30:11 +0000 2024","0","[VIDEO] Dream Job Gen Z : Gaji Tinggi Tapi Gak Sesuai Passion atau yang Penting Kebahagiaan? #genz https://t.co/UvtsJiLGyD #youtube","1844747328772800522","","","in","","0","0","0","https://x.com/VIVAcoid/status/1844747328772800522","41730943","VIVAcoid"
"1844734711870222425","Fri Oct 11 13:40:03 +0000 2024","0","[VIDEO] Dream Job Gen Z : Gaji Tinggi atau Kebahagiaan? Eps. 03 https://t.co/z3DtfKeuCy #youtube","1844734711870222425","","","in","","0","0","0","https://x.com/VIVAcoid/status/1844734711870222425","41730943","VIVAcoid"
"1805433758474190972","Fri Oct 11 02:36:56 +0000 2024","0","@GabRey99 Gw gen Z lulusan Sastra Jepang jd telesales KTA di bank gaji jauh dibawah UMR tapi mending gini drpd nganggur. Barangkali ada HRD yang mau nerima yang masih N4 gw mau Gw lg proses ke N3 kok Gw pengen bahasa Jepang gw dipake biar berkembang.","1844567835001094497","","GabRey99","in","Jakarta","0","2","0","https://x.com/tasharizkyz/status/1844567835001094497","3280274089","tasharizkyz"
"1844401134930407446","Thu Oct 10 15:34:32 +0000 2024","0","bjirlah aku juga mau punya rumah sendiri beli pake duit sendiri tapi di ekonomi yang resesi begini gen z kayak aku bisa bertahan hidup pakai gaji sendiri aja udah cakep banget meskipun gaji ku 2 digit juga kayaknya ga bakal langsung kebeli rumah kecuali kalau 3 digit.","1844401134930407446","","","in","nomaden","1","0","0","https://x.com/alreadyskip/status/1844401134930407446","1711229797387640832","alreadyskip"
"1844348002007486655","Thu Oct 10 12:03:24 +0000 2024","0","bro ini belum pernah merasakan kerja bagai kuda tapi gaji gak cair berbulan-bulan wkwk. kalo gaji masih kurang ya gaya hidup jangan tinggi belajar dari gen z pak gaji kurang tuh cari kerja lain atau buka usaha bukan ngeluh biar gaji naik","1844348002007486655","","","in","","0","0","0","https://x.com/xavieray_/status/1844348002007486655","1347889725751787522","xavieray_"
"1844341655199191091","Thu Oct 10 11:38:11 +0000 2024","28","Gen Z ngambil job gaji di bawah UMR gara-gara susah nyari kerja lebih banyak bang one ungrateful brat and you are puting the blame on the whole generation","1844341655199191091","","","in","0/30📚","0","1","4","https://x.com/bebekcoquette/status/1844341655199191091","1824784299838853120","bebekcoquette"
"1844333398363644147","Thu Oct 10 11:05:22 +0000 2024","2","Kena lagi deh gen z padahal gen z yang bersyukur dapet gaji dibawah umr asal kerja aja juga banyak ","1844333398363644147","","","in","‼️ curses & harsh words ‼️","0","0","0","https://x.com/hansatile/status/1844333398363644147","633677136","hansatile"
"1844328418445537568","Thu Oct 10 10:45:35 +0000 2024","0","gimana bisa beli rumah kalo gen z harus nanggung beban finansial karena gen atasnya nikah tanpa persiapan finansial belum lagi gaji kecil pajak gede belum lagi harga tanah dan bangunan makin mahal wkwk dahlah gen z masih idup aja udah syukur","1844328418445537568","","","in","🍀🫙💎🌹","0","0","0","https://x.com/eajbrian/status/1844328418445537568","1111785033314926592","eajbrian"
"1842896411727400977","Thu Oct 10 10:15:17 +0000 2024","0","@KemenperinRI Kalo gaji guru semakin kecil nanti gen z dan gen alpha ga ada yang mau jadi guru kan bahaya","1844320794194870290","","KemenperinRI","in","","0","1","0","https://x.com/anisstyan/status/1844320794194870290","1106096236958896128","anisstyan"
"1843884155807109135","Thu Oct 10 08:15:27 +0000 2024","0","@fickseeling Kemarin sempet debat hal ini sama rekan kerja dan anehnya beliau ni bilang gaji segitu engga seberapa untuk politikus. Lalu bawa bawa beda generasi beda pemikiran anak gen z pikirannya belum luas. Mendidih bgt darahku dengernya.","1844290634942906581","","fickseeling","in","Pacitan, Indonesia","0","0","0","https://x.com/gopororo/status/1844290634942906581","1293548398495186945","gopororo"
"1843871302396076313","Thu Oct 10 03:18:34 +0000 2024","2","@ahyangmasa @0xalidabdul @AldhitamaR tapi aku gen z kalo dapet duit jajan lebih banyak dari gaji tetep kerja. berarti bukan salah di gen nya.","1844215922996936772","","ahyangmasa","in","北 信介","0","1","0","https://x.com/kitasvne/status/1844215922996936772","1647850828647272450","kitasvne"
"1843871302396076313","Thu Oct 10 03:13:46 +0000 2024","0","@AldhitamaR Manja bgt adek nya. Gen Z lain tu tetep ambil kerjaan dgn gaji berapa pun asal cocok dgn kerjaan nya. Toh nanti ortu ato kakak tetep kasih tambahan ","1844214712931938618","","AldhitamaR","in","","0","0","0","https://x.com/arorossy/status/1844214712931938618","70327217","arorossy"
"1844184070441349452","Thu Oct 10 02:59:32 +0000 2024","5","@bukunesiastore @txtdrimedia Ya semuanya harus dapat gaji yg layak sesuai tanggung jawabnya. Tapi gw paham kelakuan warga indog nuntut pejabat kerja kayak malaikat tapi rumah pejabat harus kek gubug ","1844211131856060525","","bukunesiastore","in","","0","1","0","https://x.com/txtdarigenzee/status/1844211131856060525","1692710410733113344","txtdarigenzee"
"1843871302396076313","Wed Oct 09 23:55:54 +0000 2024","0","@AldhitamaR Brengsek itumah gen z anak orkay sattt Gw gaji awal kerja 600rb aja udah syukur² banget dah Gasemua gen z kek begitu cokkk","1844164920247828891","","AldhitamaR","in","Indonesia","0","0","0","https://x.com/2gd2btrve/status/1844164920247828891","1505980740768477185","2gd2btrve"
"1844147332692181329","Wed Oct 09 22:53:19 +0000 2024","0","Saya : gen z itu tidak suka di kekang atau intinya guys Millenial : kalo tidak mau di kekang ya jalani tugas di kantor ini dengan amanah yang baik dia juga di gaji dapat bonus sama uang lemburan juga Saya : ajarin gen z untuk membaur sama kalian biar dia tidak minder guys","1844149169101156382","","anggerstars","in","Surabaya, East Java 🇮🇩","0","1","0","https://x.com/anggerstars/status/1844149169101156382","1072460044745076736","anggerstars"
"1844054581371981899","Wed Oct 09 16:37:27 +0000 2024","0","Sehat-sehat gen z ada pemerintah yang harus kita gaji ","1844054581371981899","","","in","","0","0","0","https://x.com/dkholic_89/status/1844054581371981899","1301923071314419712","dkholic_89"
"1844048226036711444","Wed Oct 09 16:12:12 +0000 2024","1","Plis Gen Z atau late millenials kalo masuk pemerintahan bikin kebijakan gaji take home pay pejabat itu harus sama dengan UMR. Gak usah ada tunjangan-tunjangan. Harus sama persis benefit dan semuanya kayak karyawan biasa. Tapi kasih bonus gede banget untuk yang perform.","1844048226036711444","","","in","Jakarta","0","0","0","https://x.com/romiyooo/status/1844048226036711444","258786559","romiyooo"
"1844046130793029790","Wed Oct 09 16:03:52 +0000 2024","0","GAK IKHLAS WOII KITA GEN Z AJA UDH SUSAH BUAT BELI TANAH SAKING MAHALNYA COK GAJI GAK SEBERAPA JG.. ayo ngamuk @apocuuuu","1844046130793029790","","","in","Jogja Level Up","0","0","0","https://x.com/DAYLIITAA/status/1844046130793029790","1637653551882338305","DAYLIITAA"
"1843995925993455834","Wed Oct 09 15:21:50 +0000 2024","2","@meinmokhtar pemerhatian aku gen y gen z diorang punya knowledge tetang kewangan memang rendah. gaji 2 500 pergi balun zus starbucks setiap minggu. gila apa. jangan follow kalau kewangan kau lagi better dari mereka","1844035550480851148","","meinmokhtar","in","Bukit Aman","1","0","0","https://x.com/zukerbot/status/1844035550480851148","777473627226726401","zukerbot"
"1844015180876861611","Wed Oct 09 14:55:05 +0000 2024","0","@tanyakanrl Hallo kak Akun gen Z kerjaan ku ya biasa aja kantoran gitu Gaji juga masih di bawah UMR tabungan masih 1 digit karena ya kadang ada aja keadaan yg bikin duit tabungan kepake Aku ada kerjaan tambahan juga buat ngisi kegabutan kalau balik kerja Kak tetep smgt yah peluk jauh ️","1844028817062658421","","tanyakanrl","in","Jawa Tengah, Indonesia","0","0","0","https://x.com/mwmarieta/status/1844028817062658421","1016943617837916160","mwmarieta"
"1843544134734496004","Tue Oct 08 12:09:59 +0000 2024","0","@Dahnilanzar @prabowo Padahal HAKIM YG cuti minta naik gaji... Biarkan aja sampe gak masuk selamanya kan lumayan bisa bikin lowongan pekerjaan buat Gen Z dan milenial .... Ganti aja semuanya masih banyak lulusan hukum yg mumpuni dan Berintegritas.","1843624883403751903","","Dahnilanzar","in","","0","0","0","https://x.com/YuddyMelly/status/1843624883403751903","1752878735001616384","YuddyMelly"
"1843514661733576900","Tue Oct 08 10:52:52 +0000 2024","10","@iamadeadstar Giliran resign krn gak mau jadi budak yg jobdesknya palugada gaji umr ga kenal jam malah dikatain gen z pilih2 kerja pemalas gamau effort.","1843605473284821287","","iamadeadstar","in","","1","0","7","https://x.com/koyengggg99/status/1843605473284821287","1752611814024916992","koyengggg99"
"1843578481097285781","Tue Oct 08 09:05:38 +0000 2024","0","Ternyata bener nih ada 22 juta Gen Z ga punya tabungan alias hidup dari gaji ke gaji. Coba deh baca juga kenapa alasannya Gen Z sulit nabung: https://t.co/LpXNpthMdK","1843578488051380318","https://pbs.twimg.com/media/GZW0Fz2asAEfnEr.jpg","invlinic","in","","0","1","0","https://x.com/invlinic/status/1843578488051380318","1775428358874255360","invlinic"
"1791423426080702821","Mon Oct 07 20:13:08 +0000 2024","0","@GabRey99 kenapa gen z susah beli rumah? ya gaji 3jt belum buat kost byr kuliah makan kuota dan biaya hidup lainnya. KAU KIRA CUKUP????","1843384083193442389","","GabRey99","in","","0","0","0","https://x.com/tomatto1711/status/1843384083193442389","1602984968795590657","tomatto1711"
"1842765933250756964","Mon Oct 07 15:44:18 +0000 2024","0","@zulfadli_83921 @DeutDea @mittenkitten__ Kalau gaji guru naik 2 kali lipat. Gw yakin Gen z Gen z yang pintar-pintar itu pada mau jadi guru gak pada lari ke luar negeri.","1843316430479229306","","zulfadli_83921","in","","0","0","0","https://x.com/PrawiroSultan/status/1843316430479229306","1091629290939047937","PrawiroSultan"
"1843258724628168859","Mon Oct 07 11:55:00 +0000 2024","0","briefing kantor hari ini isinya apa kepanjangan APBN? apa kepanjangan BPUPKI? apa kepanjangan MPR DPR? apa kepanjangan PKI? and turns out banyak yg gatau emosilah pak bos dan nyeletuk dasar gen z ilmu dikit minta gaji gede . Maaf ya pak","1843258724628168859","","","in","Jakarta Capital Region","0","0","0","https://x.com/injeollmii/status/1843258724628168859","1099226364857573376","injeollmii"
"1842705515044126885","Mon Oct 07 10:05:59 +0000 2024","0","@kekocakandunia 1. Ekonomi kita sudah berubah 2. Ga ada yg curhat seberapa toxic rumah tangga mereka karna dulu ga ada sosmed 3. Ini generasi gen z pada ga nikah karna mereka jg generasi sandwitch gaji dikit pengeluaran dibagi berapa kepala susah nabung","1843231289715159279","","kekocakandunia","in","","0","0","0","https://x.com/j__honaa/status/1843231289715159279","1559347539370905601","j__honaa"
"1842705515044126885","Mon Oct 07 03:21:53 +0000 2024","2","@kekocakandunia karena banyak kaula muda yang mulai sadar bahwa harga properti biaya hidup biaya pendidikan dan biaya kesehatan terutama untuk anak-anak itu mahal terlebih untuk pekerja dengan gaji UMR dan di bawahnya. belum lagi ditambahkan dengan fakta bahwa sebagian besar gen z banyak yang","1843129595530514746","","kekocakandunia","in","","0","1","0","https://x.com/aiueyi/status/1843129595530514746","1634463205111242753","aiueyi"
"1843100859846230484","Mon Oct 07 01:27:42 +0000 2024","0","gua sebagai pengamat gen z dan juga seorang gen z (walaupun physically gakeliatan) harus mengerti akan kebutuhan mereka. mereka rela mengeluarkan 20-30% gaji untuk membayar kost (itu juga kalo bukan sandwich gen hehe).","1843100859846230484","","","in","","0","1","0","https://x.com/erlanggacor/status/1843100859846230484","3191976169","erlanggacor"
"1843087102579532041","Mon Oct 07 01:14:29 +0000 2024","0","@denliciousz Terus kalo UMKM gak berkembang yang disalahin karyawan yang minta gaji UMK dan Gen Z yang gak belanja di UMKM. Lah orang jg mau belanja di UMKM nungguin di atas motor aja dimintain duit parkir.","1843097531418599918","","denliciousz","in","deep space nine","0","0","0","https://x.com/parkerplak/status/1843097531418599918","1758399739245326336","parkerplak"
"1842705515044126885","Sun Oct 06 23:48:46 +0000 2024","167","@solusiskripsi @kekocakandunia aku gen z dan sandwich gen aku pgn menikah tp aku mempertimbangkan bnyk hal aplg utk jaman skrg gen z susah sekali utk dpt gaji yg cukup bahkan utk umr aja susah sdngkn standart pesta bagi ortu hrs gni gtu minta yg istimewa belom lg kehidupan stlh menikah","1843075959651717529","","solusiskripsi","in","","0","3","12","https://x.com/picollo_coffee/status/1843075959651717529","1564496237659041792","picollo_coffee"
"1843007262648103192","Sun Oct 06 19:15:47 +0000 2024","0","Some corporate gen z are weird. Tahniah dpt gaji tinggi tp bila terus lupa daratan tak pernah kenal nasi bujang tu apa macam... weird","1843007262648103192","","","in","ig : lolgoawaysmh","0","0","0","https://x.com/Guesswholikes1D/status/1843007262648103192","2475168036","Guesswholikes1D"
"1842943351487930457","Sun Oct 06 15:01:49 +0000 2024","2","Gen Z gak butuh bansos gen z butuhnya lapangan kerja peraturan yang pro buruh enggak dicekik potong pajak padahal gaji gak seberapa itu enggak harus nunggu 20 tahun demi memenuhi kebutuhan pokok (papan) dan pemerintah enggak bikin konflik horizontal antar warga ---","1842943351487930457","","","in","","0","1","0","https://x.com/FadilahRika2/status/1842943351487930457","1220916083588091904","FadilahRika2"
"1842574212042736099","Sat Oct 05 14:35:00 +0000 2024","0","ga kurg fleksibel apeeee bujet dah tapi memang loker nih ngadi ngadi bgt cok kadang ga manusiawi bet dahh JANNGAN LU BAWA BAWA GEN Z GEN Z ya. wajar kalo gw ngira ga masuk akal job title nya bgtu job desk nya melenceng bgt dan SANGAT BANYAK gaji under 5jt wkwkw","1842574212042736099","","","in","","0","0","0","https://x.com/4THsunoo/status/1842574212042736099","1732569472362582016","4THsunoo"
"1842566942684856544","Sat Oct 05 14:06:07 +0000 2024","0","gen z: kerjo gaji ra sepiro self reward e ra kiro2 ‍","1842566942684856544","","","in","","0","0","0","https://x.com/lasechzehn/status/1842566942684856544","1150638491711102976","lasechzehn"
"1842563347612651538","Sat Oct 05 13:51:51 +0000 2024","0","Skrng gw mikir apa gen Z di luar kota besar sebobrok ini adabnya bicara ke org yg lbh tua? Gk punya sopan santun bicara lisan dan tulisan short-tempered yg penting beraksi dulu drpd mikir duluan semua org dianggap rata krn dia yg gaji dll.","1842563352809329123","","twitsipekerja","in","Indonesia","0","1","0","https://x.com/twitsipekerja/status/1842563352809329123","1660620703895527426","twitsipekerja"
"1842459366768955693","Sat Oct 05 06:58:38 +0000 2024","10","nice try gs klub umkm gaji umr pemain gen z and the weakest team https://t.co/kkrMpSv15T","1842459366768955693","https://pbs.twimg.com/media/GZG7BpUasAAqUHU.jpg","","in","","3","3","2","https://x.com/geegoin/status/1842459366768955693","2193850094","geegoin"
"1842401961746039273","Sat Oct 05 03:10:32 +0000 2024","3","Pusing ya jd gen z gmn cara mengelola gaji biar bisa jajan hedon nonton konser beli skinker perawatan di klinik dan staycation sm teman ","1842401961746039273","","","in","","0","0","0","https://x.com/cetearethsa/status/1842401961746039273","1267374905625993216","cetearethsa"
"1842068375612358923","Fri Oct 04 05:04:59 +0000 2024","0","Gaji ga seberapa mental udah terombang ambing kaya gini. Gausah ngatain gen z mentalnya kaya yupi tapi emang lo lo pada aja yang ga manusiawi. Play victim all the time. Again yang berak siapa yang harus nyiram siapa","1842068375612358923","","","in","","0","0","0","https://x.com/fadlinrhls/status/1842068375612358923","1453729393038163976","fadlinrhls"
"1842064434941890844","Fri Oct 04 04:49:19 +0000 2024","6","Boomer2 ini pasti gatau kalo gen Z no longer google things. Mereka search semua dari sosmed terutama tiktok. Googling is no longer a verb. Silahkan dicari beritanya kalo mau nego gaji: https://t.co/N6j1Bh4uLa","1842064434941890844","","","in","","0","0","1","https://x.com/swowwy/status/1842064434941890844","120687848","swowwy"
"1842044147324355040","Fri Oct 04 03:28:42 +0000 2024","0","Kalo gaji 3.600.000 di umur 25 bisa bebas puas belanja ga? Doom spending kayanya udah jadi penyakit genzie. Harusnya udah bisa beli rumah eh malah beli barang branded mulu :) #EKONOMİ #GenZ Tips Hindari Doom Spending untuk Gen Z agar Tak Bangkrut https://t.co/sj8q7uCESe","1842044147324355040","","","in","","0","0","0","https://x.com/tahanansuami/status/1842044147324355040","1708816475858104320","tahanansuami"
"1841705560930242593","Thu Oct 03 09:40:57 +0000 2024","0","@kumparan Taekkkkk gaji pertama dikasih cuma buat nyenengin konstituen. Casing gen z mental boomer koruptor wewenang dan waktu","1841775438487765317","","kumparan","in","","0","0","0","https://x.com/NasiAking234/status/1841775438487765317","1631607061053333505","NasiAking234"
"1841736457263972386","Thu Oct 03 07:06:03 +0000 2024","0","gen z nego gaji pas interview: hr: udh siap gw lowball blm? z: lu mw kasi brp emg? hr: buat posisi sales gw bs kasi 4jt z: wah gabisa 6jt? hr: g bs stock sales kita udh nunpuk bgt bro z: coin flip deh 4.5/5.5 hr: deal","1841736457263972386","","","in","","0","2","0","https://x.com/fvckril/status/1841736457263972386","1139208498648997888","fvckril"
"1841413686986248539","Thu Oct 03 04:46:00 +0000 2024","0","@solusitrnsport Hi kalian para Gen Z! aku lagi open loker nih as a host live streaming khusus perempuan yaa! kita lebih ke entertainment ya ga berjualan produk gaji pokok di 4 6-12 + bonus + makan. Contact me at email hr@megabyte.id ya ! thank youu","1841701211512438789","","solusitrnsport","in","","0","0","0","https://x.com/sabillahazz/status/1841701211512438789","711065495152119808","sabillahazz"
"1841476319932215300","Thu Oct 03 02:41:56 +0000 2024","0","@tanyarlfes jgn tunjukkin ges sendernya pasti lagi nyari tau uang gen z makanya gaji kita susah naik + pajak dan ptongan yg makin mantap terus disuruh belnja banyak2 buat mutarin ekonomi indonesia. Kurng lebih kek gitu yg BI sering kumandangkan akhir2 ni :)","1841669989964906861","","tanyarlfes","in","𝙬𝙝𝙧𝙚𝙫𝙚𝙧 𝙮𝙤𝙪 𝙬𝙖𝙣𝙩","0","0","0","https://x.com/KidRi0t/status/1841669989964906861","132177649","KidRi0t"
"1841487038140625314","Wed Oct 02 14:34:57 +0000 2024","0","siklus gaji gen z: gajian ↗ ↘ habis byr tagihan ↖ ↙ - skincare - make up - outfit - ngopi - fomo - ojol","1841487038140625314","","","in","unlabeled ","0","0","0","https://x.com/mo_on_maapp/status/1841487038140625314","1445235701029629961","mo_on_maapp"
"1841378533819728035","Wed Oct 02 07:23:48 +0000 2024","1638","siklus gaji gen z: gajian ↗ ↘ habis byr tagihan ↖ ↙ - app premium - ngopi - tiket konser - self reward","1841378533819728035","","","in","GMT +7","23","239","384","https://x.com/Azijik/status/1841378533819728035","875792932963364864","Azijik"
"1841110466543960191","Tue Oct 01 13:38:36 +0000 2024","0","Gen z disuruh mantau keuangan acara ratusan juta padahal gaji sendiri aja yg mantau si Mama biar ga abis buat mam sushi Tuku sama tiket ngonser mulu https://t.co/Pj2l9pFuzT","1841110466543960191","https://pbs.twimg.com/media/GYzwNGibQAEbSQJ.jpg","","in","Depan Air Biru","0","0","0","https://x.com/bayiterbalik/status/1841110466543960191","178663405","bayiterbalik"
"1841108220385116578","Tue Oct 01 13:32:29 +0000 2024","2","Harga-harga yang makin naik tapi gaji yang segitu-gitu aja membuat Gen Z beradaptasi dengan loud budgeting alias terang-terangan menolak ajakan nongkrong dan liburan demi menghemat pengeluaran. https://t.co/pMaHt0TTAv","1841108930493329617","https://pbs.twimg.com/media/GYzuqgibQAMgdgq.jpg","GreenpeaceID","in","Indonesia","0","2","1","https://x.com/GreenpeaceID/status/1841108930493329617","43074696","GreenpeaceID"
"1840927956295704962","Tue Oct 01 09:35:17 +0000 2024","0","@JhonSitorus_18 Guru itu harus lebih besar gaji nya ketimbang anggota yg tiduran di gedung mana itu saya lupa ","1841049234914885847","","JhonSitorus_18","in","bangka Belitung","0","0","0","https://x.com/RahulGenZ/status/1841049234914885847","1504355535545839616","RahulGenZ"
"1840606233184911518","Mon Sep 30 04:14:57 +0000 2024","53","isi divisi gue 90% gen Z tp perusahaan ni makin gajelas aja. udh gaji UMR jkt doang kerja 3 shift 6 hari kerja makan g dapet. larangannya hp dikumpulin selama kerja gaboleh ngobrol dan bercanda harus disiplin gaboleh isi tumblr di kantor. hasilnya apa? banyak yg mau lari","1840606233184911518","","","in","jaksel","2","19","0","https://x.com/panchromatik/status/1840606233184911518","1472025738819694597","panchromatik"
"1840420512541151338","Sun Sep 29 15:56:58 +0000 2024","0","KNP YA LOKER SEKARANG KEK ANJING YA BGST GAJI GAK SEBERAPA TPI KERJAAN GAK HABIS FIKRI SEEEETTTAAAAANN. BUKAN MASALAH GEN Z LEMAH YA BAHLUL EMG SISTEM DI KONOHA INI AJA YG KEK TAI","1840420512541151338","","","in","","0","0","0","https://x.com/bujuraseupan/status/1840420512541151338","1305793132525576192","bujuraseupan"
"1840405184683639190","Sun Sep 29 14:56:03 +0000 2024","0","sekedar opini dari pengalaman gen z klo kerja intinya tuh mereka tiap bulan dapet gaji klo mindset gue mah kerja sebagai media pembelajaran ngasah skill ningkatin jam terbang sekaligus perbanyak pengalaman &amp; relasi masalah gaji itu bonus ( pasti )","1840405184683639190","","","in","Jakarta Capital Region, Indone","0","0","0","https://x.com/MreziKur_/status/1840405184683639190","1278899320629030913","MreziKur_"
"1840398739091116518","Sun Sep 29 14:30:27 +0000 2024","0","Tren Gen Z Banyak Memilih Resign Dari Pekerjaan Mulai Gaji Hingga Budaya Toxic https://t.co/f7csCizro5","1840398739091116518","","","in","Indonesia","0","0","0","https://x.com/Kalimantanupda1/status/1840398739091116518","1560432814381641729","Kalimantanupda1"
"1840319068035031438","Sun Sep 29 09:13:51 +0000 2024","0"," ngadepin gen z yee bukan gitu Pak tp kita emng ga mau ribet apalagi dibikin ribet. Salah sendiri ngeribetin orang padahal jelas regulasinya. Makan tuh gaji buta","1840319068035031438","","","in","","0","0","0","https://x.com/eciueocy/status/1840319068035031438","1412301463","eciueocy"
"1839960382179262572","Sun Sep 29 07:33:14 +0000 2024","1","@ayam_nobodies @nxthidan Sbb mostly yg muda mmg cmtu. Gen z org Pnggil. Tgk jela nak iv kerja cam xde adab dan nnak demand lebih gaji. Org 30 an elok je start gaji sikit tp sbb matang kami tetap boleh hidup jgk waima Tuka kerja ke. So samalah dgn relationship. Mostly yg tua dh bnyk exp n matang","1840293743724994600","","ayam_nobodies","in","Kajang, Selangor","1","1","0","https://x.com/AdibNorudin/status/1840293743724994600","357413901","AdibNorudin"
"1840270144729420018","Sun Sep 29 05:59:27 +0000 2024","0","ada perusahaan jenis PT gaji karyawan di bawah UMR udah gitu tahan ijazah","1840270144729420018","","","in","Ⓐ🏴","0","0","0","https://x.com/sugses/status/1840270144729420018","1165112558","sugses"
"1840059787075301526","Sat Sep 28 16:03:34 +0000 2024","0","Gen z lemah katanya udah mah gaji ga seberapa tanggung jawabnya ga kira kira masih harus dituntut sempurna eh kalau ada salah dikit aja ditegurnya berasa harus tau nih seluruh dunia kalau ga kuat juga resign kali dari lama emang kocak","1840059787075301526","","","in","","0","0","0","https://x.com/rainfallinlovee/status/1840059787075301526","1740943715261411328","rainfallinlovee"
"1839902724374311120","Sat Sep 28 16:03:24 +0000 2024","0","@meinmokhtar Budak gen z mcm ni la perangainya sikit ii cerai sikit ii cerai mcm tu la juga budak kat office i kena marah sikit nak berhenti!!. Lelaki kalau gaji rendah dr bini mcm ni la hidup kau x berubah kau diceraikan nasib talak bukan dekat perempuan kalau x ramai menduda.","1840059744633139400","","meinmokhtar","in","","0","0","0","https://x.com/kakakezza/status/1840059744633139400","184444389","kakakezza"
"1839899375365173644","Sat Sep 28 13:27:05 +0000 2024","0","@DS_yantie Ini gara gen millenial nyuruh gen z kerja dengan syarat max 24 taun berpengalaman tapi ngasih gaji di bawah 3jt.","1840020407308693785","","DS_yantie","in","Indonesia","0","0","0","https://x.com/yuutzaza/status/1840020407308693785","918843860637204480","yuutzaza"
"1839920189707825428","Sat Sep 28 06:48:51 +0000 2024","0","Watch Dewa19 will get their Karma for their fans mocking Slankers for complaining about ticket prices. Sekarang sasarannya Gen Z yang ngeluh soal gaji di twitter. Gue liat beberapa ada yg sambat. Pasti mikir2 dulu.","1839920189707825428","","","in","Air Cawan Spa | GIGI is my religion 😇 في الدنيا و الاخرة 🤍 | Peace & Good Kharma 🧘🏽‍♀️☮️🙏🏽🤍","0","1","0","https://x.com/aircawanboys/status/1839920189707825428","1371107828929159174","aircawanboys"
"1839912816150753747","Sat Sep 28 06:19:33 +0000 2024","0","Gaji gen Z abis buat langganan premium gofood sama shopping online ","1839912816150753747","","","in","Kota Surabaya, Jawa Timur","0","1","0","https://x.com/Fitriaksn/status/1839912816150753747","1245632276349607936","Fitriaksn"
"1839800248530809251","Fri Sep 27 22:52:15 +0000 2024","5","Skrg tuh emng apa2 susah. Mau kerja buka usaha takut dagangannya gk abis mau jd pekerja kantoran tp kualifikasi gk ngotak trs gaji kecil bgt mau jd asn jg gk semua org bisa karena ada tes2 yg bikin males. Kasian gen z ini ortu kena dampak next mereka jg kena dampak","1839800248530809251","","","in","","0","0","0","https://x.com/pink_to4/status/1839800248530809251","1413284969581973509","pink_to4"
"1839515688484122649","Fri Sep 27 07:47:32 +0000 2024","1","@vitaminesterc Iya memang SCBD mahal tapi bukan berarti gw menormalisasi Gaji 5juta makanan 150k PERHARI terus lu berharap gen Z bisa beli rumah? bisa nabung? Kenapa kita yang ditengah-tengah harus memaklumi terus sih? Kapan kaya kalau gitu","1839572569361674693","","sungrinaa","in","","0","0","0","https://x.com/cagneymarch/status/1839572569361674693","3286300567","cagneymarch"
"1839516661982072966","Fri Sep 27 07:08:46 +0000 2024","0","@nakaharadz Gw yg tingga di luar jawa dengan gaji segitu dengan melihat jajanan yg YTTA hanya bisa ngakak melihat twt TYA DASAR GEN Z","1839562813561565345","","nakaharadz","in","Pekanbaru, Riau","0","1","0","https://x.com/Tyasp8/status/1839562813561565345","77135060","Tyasp8"
"1839261296459657422","Thu Sep 26 11:10:39 +0000 2024","0","Gen z. G nya apa? gaji abis buat cicilan sm beli es krim","1839261296459657422","","","in","Indonesia","0","0","0","https://x.com/daisyeve11_/status/1839261296459657422","1128713320133844992","daisyeve11_"
"1839196904732938261","Thu Sep 26 06:54:47 +0000 2024","1","Wkkw gen z 2000an ni bener bener yakk nitip nitip lamaran kerja giliran dipanggil interview ada aja alesan ga datengnya. Udah kerja baru 1 atau 2 hari keluar karna gaji ga sesuai kerjaan berat dll kan jd ga enak ke hrd nya gt lo","1839196904732938261","","","in","","0","1","0","https://x.com/dienwid/status/1839196904732938261","2284852758","dienwid"
"1838815595791552917","Wed Sep 25 15:53:01 +0000 2024","0","@barrysianturi Ngedobelin gaji lewat sertifikasi jg ga cuma2 itu ada kewajiban yg harus dipenuhi serta tdk murah jg prosesnya klo mau ya gapoknya bukan dengan sertifikasi ini itu","1838969970161746133","","barrysianturi","in","Engelberg, Switzerland","0","0","0","https://x.com/GenZ3T/status/1838969970161746133","1257249470623801345","GenZ3T"
"1838919701847777703","Wed Sep 25 12:33:17 +0000 2024","0","sebagai gen z gaji ku habis buat:bayar netflix spotify premium icloud sama isi kuota telkom yg nauzubilah","1838919701847777703","","","in","","0","1","0","https://x.com/devirizqii/status/1838919701847777703","1448583871323275266","devirizqii"
"1838876832026046939","Wed Sep 25 09:42:56 +0000 2024","0","Studi HP: 87% Pekerja Indonesia Gunakan AI hingga Gen Z Rela Potong Gaji Demi Pekerjaan Idaman https://t.co/xbBBNXdbLy","1838876832026046939","","","in","Jakarta","0","0","0","https://x.com/indozonemedia/status/1838876832026046939","350668803","indozonemedia"
"1838559448987496880","Tue Sep 24 12:41:46 +0000 2024","2","Cita-cita gen z Work-life balance : - Atasan yg ga rese - Support system dari temen dan keluarga - Gaji 1 bulan yg cukup sampe 3 bulan kedepan - Ngaji tiap hari - sport sama romance seimbang Itu doang kan gaisss?","1838559448987496880","","","in","","0","0","0","https://x.com/gomakeiteasyy/status/1838559448987496880","1500647497118908416","gomakeiteasyy"
"1838499865505968525","Tue Sep 24 08:45:00 +0000 2024","0","Para gen Z di China meninggalkan merek fesyen Louis Vuitton Chanel atau Prada. Mereka kini lebih menggandrungi produk replika alias tiruan. Fenomena itu imbas perlambatan ekonomi yang melanda China. Imbas perlambatan gen Z di China mengalami pemotongan gaji. #SmartNews https://t.co/6UVX7SoqMs","1838499865505968525","https://pbs.twimg.com/media/GYOpvXiakAI2t1R.jpg","","in","Jl. Kebahagiaan No.4-14Jakarta","0","0","0","https://x.com/RadioSmartFM/status/1838499865505968525","177084452","RadioSmartFM"
"1838470897931555197","Tue Sep 24 07:30:31 +0000 2024","0","@bundJakeSim mana segala ngatain gen z ga punya tabungan gmn mau nabung gaji ama biaya hidup jomplang","1838481122201866243","","bundJakeSim","in","04z || mt after dm","0","0","0","https://x.com/sunkyyi/status/1838481122201866243","981096518953439232","sunkyyi"
"1838342821310607515","Mon Sep 23 22:20:58 +0000 2024","0","Saatnya BI oprec gen Y dan millennial. Karena kami sabodo teuing dengan lembur dan kaku itu asalkan gaji uang lembur dan tunjangan oke mah. Gen z mah udah lah taro di kolam startup aja mereka butuhnya tembok yang memotivasi dan beanbag warna nyolok mata.","1838342821310607515","","","in","","0","0","0","https://x.com/opacarophille_/status/1838342821310607515","331442919","opacarophille_"
"1838323668117799034","Mon Sep 23 21:09:12 +0000 2024","0","jadi gen z harus kece brow cita-cita tinggi in ngapain puas dengan gaji umr. lu bakalan kerja seumur hidup gaji 3jt/bulan buat apa buat gaya idup aja ga cukup ","1838324764307300371","","abcdefghiloveuz","in","Jember, Jawa Timur","0","1","0","https://x.com/abcdefghiloveuz/status/1838324764307300371","1146785510171369472","abcdefghiloveuz"
"1838094977269940462","Mon Sep 23 20:25:41 +0000 2024","4","@FomoIndonesia Aku gen z tpi klo liat gaji dan fasilitasnya manteb mah gas aja udh pernah tuh ngerasain kerja yg lingkungannya kaku tpi underpaid prinsipku msih sama kerja ya cari duit yg penting regulasi perusahaan pasti/bagus sih lingkungan enak tuh cuma bonus","1838313811096539509","","FomoIndonesia","in","","0","0","0","https://x.com/moonlighd2/status/1838313811096539509","701216325863997440","moonlighd2"
"1838094977269940462","Mon Sep 23 13:47:18 +0000 2024","5","@vlntcrms @OmInur @FomoIndonesia curhatan millenial 1. Saling jodohin buat jdiin slingkuh 2. Saling jilat menjilat naik jabatan sampe naik ranjang 3. Dinding wc adalah saksi kluh kesah Dsb dsb Gen z psti ngeh sih tp antara tutup mata atau yg penting dpet gaji yg sesuai aja","1838213555314995658","","vlntcrms","in","","0","0","0","https://x.com/RakaSwara25/status/1838213555314995658","1818516138256740352","RakaSwara25"
"1837793999353962897","Mon Sep 23 12:52:56 +0000 2024","0","@problemetik Ga semua gen z ya bgstt uang gaji gua abis buat biaya sklh Ade2 gua","1838199874241843240","","problemetik","in","","0","0","0","https://x.com/Ericksy14/status/1838199874241843240","1636276005437337600","Ericksy14"
"1838193839481438552","Mon Sep 23 12:28:57 +0000 2024","0","tapi gen z duit nya ada mulu pdhl gaji cuma umr tp kek ada mulu gitu buat jajan kesana kesini.","1838193839481438552","","","in","Indonesia 🇲🇨","1","0","0","https://x.com/tsvrpng/status/1838193839481438552","1503005309672992771","tsvrpng"
"1838125430328725907","Mon Sep 23 08:56:24 +0000 2024","0","@stelalavenderrr oh ini toh gaji gen z + kpopers tuh larinya ke wb ya","1838140347542610278","","stelalavenderrr","in","","0","0","0","https://x.com/enhypenyeoja_/status/1838140347542610278","1637878437527584769","enhypenyeoja_"
"1838091068589392249","Mon Sep 23 05:40:35 +0000 2024","0","kemungkinan Generasi X atau baby boomer di mana mereka seringkali mendedikasikan diri pada satu company saja Gen Z cenderung suka ganti tempat kerja dgn opini untuk naikin value ilmu dan tentu saja gaji","1838091068589392249","","","in","","0","0","0","https://x.com/rheadigital/status/1838091068589392249","227153334","rheadigital"
"1838063422203908467","Mon Sep 23 04:05:58 +0000 2024","24","@memefess Gen Z malesan susah diatur sementara gaji dibawah standar lembur gak dibayar wajib punya kendaraan sendiri banyak tomboke disuruh admin rangkap programer teknisi dll","1838067258855436375","","memefess","in","solo,indonesia","0","0","0","https://x.com/wijaymaru/status/1838067258855436375","241762407","wijaymaru"
"1838055069180395919","Mon Sep 23 03:17:32 +0000 2024","0","Aku gen z tapi aku ga suka kopi bahkan jarang banget beli kopi aku juga jarang buangetttt beli app premium tapi gaji ku habis ga tau ke mana anjir perasaan juga beli itu itu aja ((misalnya: sabun shampoo dll)) kayak gue ini jajan paling tahu bulat 5 rebu tapi duit abis kocakkk","1838055069180395919","","","in","","0","0","0","https://x.com/SaptaIzd25/status/1838055069180395919","1244518380331134976","SaptaIzd25"
"1837873542693834982","Sun Sep 22 15:16:13 +0000 2024","0","considering buat subs dm hiks tp lucu juga nanti gaji ku habis buat bayar applikasi2 doang (gen z moment)","1837873542693834982","","","in","21+ rps","0","0","0","https://x.com/prodbomgu/status/1837873542693834982","1639929480990052352","prodbomgu"
"1837870792438071485","Sun Sep 22 15:05:17 +0000 2024","39","work! cw // gaji mohon bantu gen z yang sepertinya mulai tertampar quarter life crisis ini kakak kakak https://t.co/kLN1itkvGu","1837870792438071485","https://pbs.twimg.com/media/GYFtvp8WgAEy20K.jpg","","in","","1","4","4","https://x.com/worksfess/status/1837870792438071485","1244597361826885636","worksfess"
"1837821259524329737","Sun Sep 22 11:48:27 +0000 2024","307","Makin kesini konon daya beli berdasarkan gaji makin turun: Boomer: Bisa beli rumah Gen X: Bisa beli tanah Milenial: Bisa beli apartemen Gen Z: Bisa sewa kos-kosan Gen Alpha: Baru bisa skibidi rizz fanum tax.","1837821259524329737","","","in","heyhandokotjung@gmail.com","3","9","71","https://x.com/handokotjung/status/1837821259524329737","148332642","handokotjung"
"1837746276152312044","Sun Sep 22 07:48:06 +0000 2024","0","@hilicurly tweet yg bilang kalo gaji gen z habis buat bayar app premium itu bener adanya gusy ","1837760770568020190","","hilicurly","in","e1 ⚔️ ","0","1","0","https://x.com/guancchan/status/1837760770568020190","1028180972804558848","guancchan"
"1837760752050229678","Sun Sep 22 07:48:01 +0000 2024","0","Iya bang gw miskin gaji indo kagak bisa beli rumah Gen Z adalah Gen Homeless","1837760752050229678","","","in","Together in the military❤️‍🩹","0","0","0","https://x.com/VampireJeonkook/status/1837760752050229678","1288526022871101440","VampireJeonkook"
"1837515646579736644","Sat Sep 21 15:34:04 +0000 2024","0","yt prem habis mau beli loklok prem jg buat nntn di tv bsok ️ literally gen z satu ini gaji di habiskan untuk langganan prem","1837515646579736644","","","in","제이 성훈 희승","0","0","0","https://x.com/hoonsjay/status/1837515646579736644","1289974136756813824","hoonsjay"
"1837508592427323688","Sat Sep 21 15:06:02 +0000 2024","0","Survey generasi Gen -Z Jika lu kerja 4jt sebulan yang sudah berumah tangga diambil lu ngirit banget sisa 2 juta butuh berapa tahun kah uang terkumpul jika membuat sebuah rumah belum cicilan motor belum hiling pertanyaan nya bisakah konsisten menyimpan uang 2jt dari gaji 4jt","1837508592427323688","","","in","","0","0","0","https://x.com/SugaraDermawan/status/1837508592427323688","1446299751889063939","SugaraDermawan"
"1837454448584806420","Sat Sep 21 13:28:35 +0000 2024","0","@minemyhan gapapa deh biarin nikmatin gaji nya bnr bnr gen z yg hrs self reward","1837484067874324489","","minemyhan","in","txt⭐️bnd🏠","0","0","0","https://x.com/Y2JWORLDZ/status/1837484067874324489","1204019737333682176","Y2JWORLDZ"
"1837437873580396922","Sat Sep 21 10:25:01 +0000 2024","309","Pertanyaan menarik dari peserta diskusi Saya pekerja Gen Z saya peduli dengan politik karena ini berpengaruh kepada hidup saya. Tapi gimana cara saya menyalurkan keresahan ini? Dapat kerja dg gaji seadanya saja bersyukur. Apa ada wadah yang dapat menampung keresahaan ini? ","1837437873580396922","","","in","belakang meja","3","8","88","https://x.com/anak_legal/status/1837437873580396922","1367747750687694848","anak_legal"
"1837296498566119590","Sat Sep 21 01:03:15 +0000 2024","0","Habis pulang jaga 24 jam. 1 minggu ini shift udah 72 jadi 82 jam pulang pulang lihat rekening gaji 3 bulan belom bayaran. CUMA BISA NANGIS PLIS GEN Z ALPHA JANGAN JADI DOKTER DI INDO https://t.co/r6NHPwQGuU","1837296498566119590","https://pbs.twimg.com/media/GX9jbXHa8AADCdj.jpg","","in","","0","0","0","https://x.com/naneun_qii/status/1837296498566119590","1508411394634366980","naneun_qii"
"1837130804004278394","Fri Sep 20 14:04:50 +0000 2024","0","Me when pgn ngantor lg tp beberapa teman or sodara kutanya pd jwb km mau mulai dari kol lg? Mau gaji UMR dan saingan ama Gen Z.. Disitu agak sedih pdhl pgnnya gaji 2 digit ","1837130804004278394","","","in","Surabaya - Jakarta","0","1","0","https://x.com/tayothelilbus/status/1837130804004278394","76903464","tayothelilbus"
"1836313035113132390","Thu Sep 19 01:41:33 +0000 2024","0","@sbyfess Tapi dipikir emg bener kalau dirata2 gaji gen z diangka 2 jt perbulan belum pajak yang makin kesini makin kesana gws untuk indonesia emas 2045 ‍️","1836581361664299323","","sbyfess","in","trost","0","0","0","https://x.com/ari_rezaa/status/1836581361664299323","1083567599458299904","ari_rezaa"
"1836578751641256375","Thu Sep 19 01:31:11 +0000 2024","0","Gaji Pertama Jangan Langsung Habis Begini Trik Jitu Atur Keuangan Buat Gen Z https://t.co/ibFR8YlToE","1836578751641256375","","","in","","0","0","0","https://x.com/VIVAcoid/status/1836578751641256375","41730943","VIVAcoid"
"1835744291328770439","Mon Sep 16 18:15:20 +0000 2024","0","Mcm kedai tu punya bapak kau seenak nye berenti lgsung mnta gaji emang sial gen z skr nih pengen ku pijakkan batang leher nye","1835744291328770439","","","in","","0","0","0","https://x.com/wiindylukita/status/1835744291328770439","247742661","wiindylukita"
"1835687647521689711","Mon Sep 16 14:30:15 +0000 2024","0","Gua cuman mau ngasih pendapat aja kenapa lu pada gen Z nganggur ya karena lu semua males sekarang faktanya ketika lu pada kerja semua hal yang paling di dicari yaitu gaji yang gede padahal skil lu semua gak ada gimana perusahaan mau nggaji lu gede kalau lu semua gak guna https://t.co/UJmSMVLAV1","1835687647521689711","https://pbs.twimg.com/media/GXmrwHGaYAAaqjw.jpg","","in","","0","1","0","https://x.com/arkannaufalll/status/1835687647521689711","1735700861878439936","arkannaufalll"
"1835542242834145605","Mon Sep 16 04:52:28 +0000 2024","0","mama : kamu besok kalo udah punya kerjaan beli rumah ya me : *aamiin. gen z kok disuruh beli rumah T_T gaji aja susah naik*","1835542242834145605","","","in","","0","0","0","https://x.com/kinci_/status/1835542242834145605","723985721665589249","kinci_"
"1835371764110778404","Sun Sep 15 17:35:02 +0000 2024","1","is not about solidarity jir ngapain temenan sm org kantor yg temenan bgt. Kalo dibilang solidaritas mah selagi di gaji jg kita solid2 aja. Gini nih ga suka gue sm kaum2 generasi yg suka kotakin gen z crab mentality. Lu yg mau dikesetin sm pendahulu lu trs knp klo kita vokal?","1835371764110778404","","","in","","0","0","0","https://x.com/avcdlv/status/1835371764110778404","1093069349781307392","avcdlv"
"1835320715677225025","Sun Sep 15 15:29:08 +0000 2024","0","@small_mofo_MK3 Gaji guru indo outputnya gen z dan alpha yang bahkan ga bisa bedain di dipisah sm di disambung","1835340079830806854","","small_mofo_MK3","in","","0","0","0","https://x.com/mint_0_7/status/1835340079830806854","1795491535645233152","mint_0_7"
"1835137707271766264","Sun Sep 15 04:45:32 +0000 2024","0","@yunuskedua gen z emng masih suka main-main tapi malah gaji ikutan main-main jg","1835178111723594164","","yunuskedua","in","","0","0","0","https://x.com/abcdefghaloo/status/1835178111723594164","1515938320936624133","abcdefghaloo"
"1833832189727007185","Sat Sep 14 08:09:39 +0000 2024","0","@imlookingfor32 @sevendouble2s Ya klo di up semuanya ya pasti grup lain ga ada enaknya kali Standar kenyaman kyk apa ini? Dimana mana kerja ga ada standard2 kenyamanan ya Cil NJ dari awal difasilitasi/gaji. Baru kyk gini aja udh speak up kenyamananlah inilah. That why gen z dicap lembek. Ya krna elo ini","1834867092035977535","","imlookingfor32","in","","0","0","0","https://x.com/striddd2928/status/1834867092035977535","1457682895573716999","striddd2928"
"1834818622767931633","Sat Sep 14 04:57:03 +0000 2024","0","Aku lagi ikut pembekalan jadi enum suatu survei bjirrttt honor gak sesuai sama beban kerja. Langsung mengeluh kepada ibundaa surprisingly ibuku malah mendukung mundur aja drpd capek tapi gaji nggak sesuai HUWAAAA makasih ibu sudah mendukung anak bontotmu yang gen Z enih","1834818622767931633","","","in","","1","0","0","https://x.com/scherrysmiles/status/1834818622767931633","1002929547086479361","scherrysmiles"
"1834577238467166647","Fri Sep 13 17:06:41 +0000 2024","0","@AdamSyahaha @tanyakanrl gen z gen z mulu anying kantor gue yg dulu pernah ada yg lamar modelan gini ke wa cm P sy mau lamar gaji brp dan dia milenial. sdm rendah ga mandang generasi","1834639851251286415","","AdamSyahaha","in","","0","0","0","https://x.com/fallinautumnnn/status/1834639851251286415","1532023878092201985","fallinautumnnn"
"1834481886149890403","Fri Sep 13 07:27:12 +0000 2024","0","@lidyaaull Gen Z dikasih jobdesc kek gini langsung minta gaji gede wkwkwk","1834494020913168768","","lidyaaull","in","Oklahoma, USA","0","2","0","https://x.com/fuvkinomar/status/1834494020913168768","1626563836814794754","fuvkinomar"
"1834439554973278499","Fri Sep 13 03:50:46 +0000 2024","0","Gaji gen z habis buat beli aplikasi premium adalah benar adanya tapi aplikasi produktif semua jadi ga papa lah yaa.","1834439554973278499","","","in","","0","0","0","https://x.com/nvrmndnvrmne/status/1834439554973278499","1153860837724966912","nvrmndnvrmne"
"1834336978739118290","Thu Sep 12 21:03:10 +0000 2024","0","Duh anjing gmn sih ngatasin pengeluaran supaya ga 1 5jt perweek ksl bgt jd gen z ni trnyta high maintananceny g nanggung2 ya ksl bgt smpe buka keran dmn2 nyesel pen umur 17tahun biar bs kerja trnyta gaji umr g ad apa2nya bersyukur koq tp cpek dikit","1834336978739118290","","","in","","0","0","0","https://x.com/velagaakansalah/status/1834336978739118290","1127621168926584832","velagaakansalah"
"1834277706554630274","Thu Sep 12 17:07:39 +0000 2024","0",": coba lu kasih gue pertanyaan interview : okeng. apa kontribusi ygg dapat kamu berikan jika diterima di perusahaan ini? : gak ada saya gamau berkontribusi apa2 saya cuma mau gaji : kalo gue jadi hrd nya sih gue tampol ya anjrit gen z interview kerja musingin hr","1834277706554630274","","","in","","0","0","0","https://x.com/popcorncar4mel/status/1834277706554630274","1682763122887790593","popcorncar4mel"
"1834240678081298905","Thu Sep 12 14:40:30 +0000 2024","0","Laki gw ketika disuruh update cara digital marketing sama bos jawabannya Tenang pak istri saya gen z pasti dia ngerti . Untung aja bos nya baik kan yg kerja elu kenapa yg disuruh ngertiin malah guweehh Meskipun gaji nya buat gw","1834240678081298905","","","in","","0","0","0","https://x.com/ykiNacay/status/1834240678081298905","373837717","ykiNacay"
"1834207391573049583","Thu Sep 12 12:28:14 +0000 2024","0","Nemu video di tiktok dengan judul POV GEN Z JADI SIPIR captionnya - marah2 (marahin napi bersih) - mancing ikan - bawa peliharaan biawak ke kantor - gapake baju dinas waktu apel - ngerokok pas kerja Alumni polt*k*p Pajak kita @reyneriqbal buat gaji bocah baru gede arogan","1834207391573049583","","","in","","0","1","0","https://x.com/Jalukk/status/1834207391573049583","489111710","Jalukk"
"1834140536925777989","Thu Sep 12 08:02:35 +0000 2024","0","pov gen z jd manager : staff kita mau resign dan cuti ya harus didukung sekian dan terima gaji","1834140536925777989","","","in","Surabaya","0","0","0","https://x.com/ameliank_/status/1834140536925777989","368184451","ameliank_"
"1833684673945608702","Thu Sep 12 03:06:40 +0000 2024","0","@albertsamuel28 gen z menjerit dengan gaji dibawah umr nya ","1834066065737052453","","albertsamuel28","in","Kota Bandung, Jawa Barat","0","0","0","https://x.com/ghozialgifari_/status/1834066065737052453","1515842763899637762","ghozialgifari_"
"1833714778520293820","Wed Sep 11 03:50:46 +0000 2024","0","Gaji PNS Lulusan SMA 2024 yang Wajib Gen Z Ketahui https://t.co/sJiuRkXWjb","1833714778520293820","","","in","Bogor, Indonesia","0","0","0","https://x.com/MediaVoi/status/1833714778520293820","1578222594","MediaVoi"
"1833431223861186859","Tue Sep 10 09:04:01 +0000 2024","16","gen z gaji umr under umr disuruh melawan harga tiket konser harga md harga album harga pc yaa ditrobos makan garem belakangan","1833431223861186859","","","in","#지천 #젠런","0","4","5","https://x.com/orenjjiee/status/1833431223861186859","1709066142038523904","orenjjiee"
"1833162268126924939","Mon Sep 09 15:15:17 +0000 2024","0","Buka loker sek tekon cah cah gen z; ra permisi ra jelaske awak e iki sopo teko2 langsung tekon sistem gaji ono mess ono uang makan opo ono opolah jan tobat","1833162268126924939","","","in","","0","0","0","https://x.com/asnawigajelas/status/1833162268126924939","1687070605475254272","asnawigajelas"
"1833143524365406573","Mon Sep 09 14:00:49 +0000 2024","0","Film yang akan relate banget untuk Gen Z maupun Millennials dan pastinya relatable untuk para pekerja yg gaji numpang lewat kaya kita-kita ini. Wajib nonton sih kata aku terutama yang sedang berjuang beli rumah. Siapin tisu banyak-banyak deh. ","1833143524365406573","","","in","+62. Ternate","0","0","0","https://x.com/mhlskhar/status/1833143524365406573","1175122596","mhlskhar"
"1833116606240870779","Mon Sep 09 12:13:51 +0000 2024","1","gen z gaji 2 digit! kok bisaaa!?","1833116606240870779","","","in","Palembang, South Sumatra","0","0","0","https://x.com/Andik26_/status/1833116606240870779","1246076803795435527","Andik26_"
"1833103365573840925","Mon Sep 09 11:21:14 +0000 2024","0","Kok liat postingan orang-orang tentang gen z udah kerja relate banget sama aku dah wkwk Kalo telat dateng kerja lgsg mikir apa mau SP? SP aja dah ga takut aku. Apa? Potong gaji? Potong dah gaji bulanan ku yaallah tiap aku telat pikiranku selalu gt gada takut2nya wkwkw","1833103365573840925","","","in","Malang, Jawa Timur","0","0","0","https://x.com/98_daymoonlight/status/1833103365573840925","2514878526","98_daymoonlight"
"1832337479195828418","Mon Sep 09 07:58:56 +0000 2024","0","@HumorJonTampan Suara pecundang2 kurang kerjaan. Ga tau kalau gen z omzetnya banyak tembus puluhan milyar dan gaji ratusan juta. Kalau tolol males siapa mau pake.","1833052454696739004","","HumorJonTampan","in","","0","0","0","https://x.com/AubreyA09848898/status/1833052454696739004","1630718521104822272","AubreyA09848898"
"1832969726915690548","Mon Sep 09 03:39:00 +0000 2024","0","@tertawalunas Pembaruan gaji. Dapet freshgrad ngegaji kecil tunjangan ntar dulu. Malah biasanya kl dapet anak gen Z belom beres masa probation mereka udh undur diri ","1832987039958175966","","tertawalunas","in","West Java, Indonesia","0","1","0","https://x.com/miayamjakarta7/status/1832987039958175966","1624605091","miayamjakarta7"
"1832942826893758835","Mon Sep 09 00:43:19 +0000 2024","1","Dari miliaran dream job ala2 gen z skrng ini guru deserve those gaji dua bahkan tiga digit karena memang pendidikan yang baik adalah salah satu pemberantas kemiskinan.","1832942826893758835","","","in","","0","0","1","https://x.com/laviestpourmoi/status/1832942826893758835","1676503980715958272","laviestpourmoi"
"1832822659643781142","Sun Sep 08 16:45:48 +0000 2024","2","gen z gen z begini dgn gaji umr bisakah untuk punya rumah???? tapi gamau ngutanggg","1832822659643781142","","","in","East Java, Indonesia","0","0","0","https://x.com/abcdefannyyy/status/1832822659643781142","1210197850459537409","abcdefannyyy"
"1832759566242812332","Sun Sep 08 12:35:06 +0000 2024","0","Kenapa gen Z ini banyak banget yg suka ngeluh jobdesk nya banyak banget tp gaji nya kecil. Sdgkn mereka aja kerjaannya gak bener banyak ngeluh susah diatur.","1832759566242812332","","","in","Cimahi, Jawa Barat","0","0","0","https://x.com/mbaksarri/status/1832759566242812332","238577853","mbaksarri"
"1832323545403420892","Sun Sep 08 01:32:56 +0000 2024","0","@jellyjilliii__ Kalau realistic itu bukan nya dia juga harus punya gaji segitu gak sih ? Jelas dong nyokap dulu minta bokap gua buar gaji 12 ya emang gaji bokap gua besar range 12 sampai 20jt tapi nyokap juga begitu bahkan lebih besar Jdii wahai gen z gen z ajg yamg bilang realistic","1832592927488667763","","jellyjilliii__","in","","0","1","0","https://x.com/abal_barista/status/1832592927488667763","1506068959098929160","abal_barista"
"1832446071949410525","Sat Sep 07 15:49:23 +0000 2024","0","Kerja lembur bagai kuda - - Jam sgini baru sampe rumh kerja 14 jam gaji dibwah umr masih mau bilng gen z lemah? Bukan ga bersyukur dapet kerja iyah paham banget nyari kerja sekrng susah tapi kenpa sih msih ada aja orang² yg seenaknya ke karyawn f&amp;b gini semua ga sih? ","1832446071949410525","","","in","","0","0","0","https://x.com/Hi_Kufi/status/1832446071949410525","1673895806250917894","Hi_Kufi"
"1832315999820914966","Sat Sep 07 07:12:31 +0000 2024","0","Gen z baru kerja 2 hari : (Udh mikirin abis Nerima gaji pertama mau resign) wkwkwkwkkwkwkwkwkwkkk https://t.co/kXlBjD23fn","1832315999820914966","https://pbs.twimg.com/media/GW2xsO-bYAAaHwJ.jpg","","in","","0","1","0","https://x.com/keichiii_/status/1832315999820914966","1074709418736898048","keichiii_"
"1831679735111544964","Fri Sep 06 15:17:05 +0000 2024","0","@tanyarlfes Gue bkn gen z tp paling lama emg kerja cm 3 thn yg bikin betah karna karyawannya dikit kali ya jd ya udh kek keluarga gt. Suka gathering makan2 fancy yg sbelumnya kerja pas gue kerja bentar2 itu cm bs liatin org ko bs ya mkan2 mahal se kantor. Dan gaji jg lumyan meski ttp cape","1832075554612511175","","tanyarlfes","in","Bogor, Indonesia","0","1","0","https://x.com/DesiBieby/status/1832075554612511175","2273016766","DesiBieby"
"1832064031890485622","Fri Sep 06 14:45:59 +0000 2024","0","@Ddudduuw GA MIKIR MAKANYA WKWK boro2 gue mau naik gaji nyari yang experienced aja kayak sayangg bgtt ngeluarin duitnya‍ tp ujungnya hire gen z lagi akwwokwow","1832067729194717559","","Ddudduuw","in","","0","0","0","https://x.com/shopiaIatjuba/status/1832067729194717559","1459918553365172224","shopiaIatjuba"
"1832001456985227380","Fri Sep 06 14:19:35 +0000 2024","3","@PallakaGO @JhonSitorus_18 13 (1 SK+ 1 Wakil + 5 ASK + 10 PASK) = 13 (1(51) + 1(36 5) + 5(32 5) + 10(19 5)) = 445 juta/bulan Gaji Jan - Nov + Gaji 13 + Gaji 14 = 14 kali gaji 14 x 445 juta = 80 99 milyar/tahun Gitu bukan cara itungnya? ","1832061084188148037","","PallakaGO","in","Jakarta Capital Region, Indone","0","0","4","https://x.com/GenZCoy/status/1832061084188148037","1344764728619409408","GenZCoy"
"1832029573657333907","Fri Sep 06 12:14:22 +0000 2024","0","bisa gasi negara stop ngasi gaji gede ke dpr stafsus dan org pemerintahan??? biasa aja gitu kek gaji rakyat susah pd umumnya. ini gaji brutal dr pajak magabut korup. sementara kmrn rame ada gen z setelah 6 bln nganggur doi syok gapercaya kalo dia DITERIMA KERJA??!","1832029573657333907","","","in","","0","0","0","https://x.com/_lycagon/status/1832029573657333907","1819231303436533760","_lycagon"
"1831999022305050636","Fri Sep 06 10:12:58 +0000 2024","0","normalize gaji umr pun ga cukup buat gen z hidup sendiri","1831999022305050636","","","in","","0","0","0","https://x.com/etherealtuesday/status/1831999022305050636","1205998459351756800","etherealtuesday"
"1831931625866981667","Fri Sep 06 05:45:09 +0000 2024","0","gen z nyari kerja: - gamau ah tulisan nya kerja dibawah tekanan - kalo kontrak gue gamau - gapapa gaji kecil yang penting ga gabut nanti bisa cari kerja lagi - pokoknya kerja harus senin - jumat sabtu gamau kerja ","1831931625866981667","","","in","","0","2","0","https://x.com/desserts0ulll/status/1831931625866981667","1155344607124656129","desserts0ulll"
"1831679735111544964","Thu Sep 05 13:39:19 +0000 2024","75","@tanyarlfes Mau gen Z mau gen alpa mau milenial semua sama. Mininal kalau lingkungan toxic kerjaan enak sesuai job desk atau sebaliknya. Kalau lingkungan toxic kerjaan banyak semua disuruh kerjain ya gpp asal gajinya gede. Ini gaji kecil lingkungan toxic kerjaan seabrek","1831688566327726275","","tanyarlfes","in","Irene ","0","0","7","https://x.com/feelmyaespa/status/1831688566327726275","1404963161669660673","feelmyaespa"
"1829118099238310000","Thu Aug 29 14:21:57 +0000 2024","0","@sexy_killer404 Emang begitu... pernah nanya sama staff gen z mending mana jadi tukang bakso penghasilan 10jt sama pegawai gaji 5jt... Mereka semua milih jadi pegawai gaji 5jt kenapa krn penampilan dan punya tempat kerja yg mentereng....","1829162578268041697","","sexy_killer404","in","","0","0","0","https://x.com/KoplakOtak56466/status/1829162578268041697","1825423631763288064","KoplakOtak56466"
"1828795760332456102","Wed Aug 28 14:04:21 +0000 2024","0","Ini biasanya gen Z yg ga bersyukur dan pengennya kerja santai + gaji gede Woi kerja itu CAPEK COK kalo kerja ga capek noh jadi kang parkir sana bisa naik haji 2 kali","1828795760332456102","","","in","Sego Pecel","0","1","0","https://x.com/veetacam/status/1828795760332456102","2512003152","veetacam"
"1828715517340717340","Wed Aug 28 08:45:29 +0000 2024","0","Gen Z demand gaji tinggi tapi kerja acuh tak acuh. Apa patut majikan ni buat? Ingin membuat luahan? Klik link kat bawah &gt;&gt; https://t.co/lbSEhleyB3 https://t.co/91wZ24tIQG","1828715517340717340","https://pbs.twimg.com/media/GWDm-DLbEAAg5Iy.jpg","","in","Kuala Lumpur, Malaysia","0","0","0","https://x.com/MauKerjaMY/status/1828715517340717340","2164453958","MauKerjaMY"
"1828647067134140596","Wed Aug 28 04:13:30 +0000 2024","0","Branding sih perusahaan gen z tapi ga mampu bayar gaji","1828647067134140596","","","in","cek highlight","0","0","0","https://x.com/chilluvs/status/1828647067134140596","1501890443357077505","chilluvs"
"1828602460761682395","Wed Aug 28 01:16:15 +0000 2024","1","Gen Z @dindaaaAD pernah ga ngerasain gaji dirapel 3 bulan. Wkwkwk","1828602460761682395","","","in","Jakarta","0","1","0","https://x.com/mulyyyyy/status/1828602460761682395","222968340","mulyyyyy"
"1828466078147817585","Tue Aug 27 16:14:18 +0000 2024","0","Gen Z dapet gaji langsung pengen cuti liburan.","1828466078147817585","","","in","️️ ️️ 
📍 Jakarta ⸻ Surabaya.
     Penggurat tiap bait milik 𝐄𝐐𝐔𝐈𝐍𝐎𝐗.
     𝐓𝐑𝐀𝐍𝐐𝐔𝐈𝐋 ; Bougenville, 322.
     SVAlumna ; Malyy I-2.
️️ ","0","0","0","https://x.com/niskalila/status/1828466078147817585","1667754099218194432","niskalila"
"1828412019902738822","Tue Aug 27 12:39:30 +0000 2024","0","bukan obsesi cm di usia skrg mulai realistis &amp; menurunkan rasa idealis benar kata kakek buyut jaman dulu kalo nyuruh pns. why? menurutku gen z susah punya rumah kalo ga kpr. dan penghasilan yg stabil ya dr pns. gabakal kena lay off ga ada masa kontrak. meskipun gaji kecil","1828412019902738822","","","in","Malang","0","1","0","https://x.com/imarcyve/status/1828412019902738822","1823463455913074689","imarcyve"
"1827967432692216206","Mon Aug 26 22:38:51 +0000 2024","0","@beyya1202 Gen z tidak mungkin jadi PNS krna gaji kecil.","1828200464015610199","","beyya1202","in","","0","0","0","https://x.com/tepikirikanan/status/1828200464015610199","918449358109999104","tepikirikanan"
"1827967378401247725","Mon Aug 26 07:12:39 +0000 2024","0","Gen Z rata-rata pengen gaji gede tapi pengalaman ga ada awikwok emang ","1827967378401247725","","","in","bdg","0","0","0","https://x.com/boxerpakrt/status/1827967378401247725","1341372433530462209","boxerpakrt"
"1827893300680094007","Mon Aug 26 02:18:18 +0000 2024","0","Untung bukan gen Z dan emang ga pernah dibeliin yg di luar kemampuan gaji ","1827893300680094007","","","in","","0","0","0","https://x.com/dwinapriyanti/status/1827893300680094007","52306646","dwinapriyanti"
"1824423362418053187","Sun Aug 25 08:17:55 +0000 2024","0","@Gunwookq Kocak. Boleh banget beneran agency sendiri dong. Bangga gak? Tapi kita gak nerima gen z yang pedenya berlebihan kayak Gunwookq. ️ BERCANDA YA. Lu langsung gue terima dengan gaji di atas UMR.","1827621416227012691","","Gunwookq","in","Cluedies.","0","1","0","https://x.com/Lisad/status/1827621416227012691","2437101486","Lisad"
"1827595364670828778","Sun Aug 25 06:34:24 +0000 2024","0","Gen z krja di konsultan: ajg ajg lu liat gaji bosnya bbrpa kali gaji kita INI ADALAH GW DAN TEMEN GW KWKAKAKA","1827595364670828778","","","in","","0","0","0","https://x.com/pilddenly/status/1827595364670828778","1413829389645541376","pilddenly"
"1827577844983328903","Sun Aug 25 05:24:47 +0000 2024","2","nih salah satu alasan knp gen z banyak gak mau jd guru meremehkan guru lalu proceed to make fool of themselves karena gak mau belajar ya karena pemerintah gak biza kasih gaji yang sepadan buat guru dan pendidik‼️ #KawalPutusanMK #TolakPolitikDinasti #TolakPilkadaAkal2an","1827577844983328903","","","in","au masterlist:","0","0","0","https://x.com/hyacinthflorist/status/1827577844983328903","1266018568455389191","hyacinthflorist"
"1827306850183991758","Sat Aug 24 11:31:02 +0000 2024","120","Nggak bisa dipungkiri salah satu daya tarik terbesar dari PNS adalah stabilitasnya. Gaji tetap tunjangan dan jaminan pensiun bikin banyak orang tua kita dulu menyarankan jalur ini. Namun buat kita Milenial dan Gen Z stabilitas itu nggak selalu jadi nomor satu. Banyak dari https://t.co/gedcTgvqAf","1827307625245241647","https://pbs.twimg.com/media/GVvmVzwWkAAm5cG.jpg","delfiayolanda","in","","0","95","0","https://x.com/delfiayolanda/status/1827307625245241647","1298209864720637952","delfiayolanda"
"1827262737816441314","Sat Aug 24 08:32:40 +0000 2024","0","iya bgt gen Z lemah si ada tuh hari sabtu disamperin finance sepusat ngerjain lapkeu dan payroll gaji bangkeee","1827262737816441314","","","in","","0","1","0","https://x.com/araskuyy/status/1827262737816441314","1132939632360820737","araskuyy"
"1827190740281389296","Sat Aug 24 04:09:13 +0000 2024","0","#SobatNakertrans Pengalaman Krisis Ekonomi: Mengalami ketidakpastian ekonomi sejak muda membuat Gen Z lebih menghargai stabilitas pekerjaan dan keamanan finansial. Mereka cenderung mencari posisi yang menawarkan gaji kompetitif tunjangan yang baik dan stabilitas jangka panjang.","1827196437513621787","","disnakertransss","in","Makassar, Sulawesi Selatan","0","1","0","https://x.com/disnakertransss/status/1827196437513621787","1698987675901153280","disnakertransss"
"1827190740281389296","Sat Aug 24 04:08:38 +0000 2024","0","#SobatNakertrans Pengalaman Krisis Ekonomi: Mengalami ketidakpastian ekonomi sejak muda membuat Gen Z lebih menghargai stabilitas pekerjaan dan keamanan finansial. Mereka cenderung mencari posisi yang menawarkan gaji kompetitif tunjangan yang baik dan stabilitas jangka panjang.","1827196292814016909","","disnakertransss","in","Makassar, Sulawesi Selatan","0","1","0","https://x.com/disnakertransss/status/1827196292814016909","1698987675901153280","disnakertransss"
"1826989478701089228","Fri Aug 23 14:26:50 +0000 2024","0"," berapa gaji gen z CORE","1826989478701089228","","","in","","0","0","0","https://x.com/heeappa/status/1826989478701089228","1039042280","heeappa"
"1820015467500822869","Fri Aug 23 11:35:11 +0000 2024","1","@Shnim Bener juga ya gen Z emang kadang nuntutnya banyak. Tapi kan siapa tau juga mereka disuruh goreng ayam cochin sekalian sembelih ayamnya jadi worth it ga sih gaji 2 digit karena sebelum ayam d words harus siap dikejar dulu. Kalo pake duit ku kapan-kapan ya nunggu aku kaya dulu","1826946282629562469","","Shnim","in","","0","0","0","https://x.com/Gaeulb/status/1826946282629562469","1416081833196810240","Gaeulb"
"1826935038832951440","Fri Aug 23 10:50:30 +0000 2024","0","Once upon time Ngobrol sama gen z umur 20th yg kerja dipabrik Le kenapa kok milih kerja dipabrik? Gak milih kerja kyk temen-temen jadi kuli bangunan Jawabnya kerja dipabrik enak mas gaji cukup pasti hari kerja sama kayak PNS weekend libur Kok ada gen z seperti ini?","1826935038832951440","","","in","SURAKARTA","0","0","0","https://x.com/DikyAnam/status/1826935038832951440","214919928","DikyAnam"
"1826922138957197492","Fri Aug 23 09:59:15 +0000 2024","0","+ ketemu orang banyak banyak kasus seru jadi kerja ga bosen + dapet makan + gaji lumayan - lingkungan agak kureng - gen z sendirian lonely - klo jaga jam kerja ga bisa diprediksi - belom dapet cuti min kerja 2 thn baru dapet cuti itu pun cuma 6 hari ","1826922138957197492","","","in","","0","0","0","https://x.com/anocym/status/1826922138957197492","4360011679","anocym"
"1826908115981472210","Fri Aug 23 09:03:31 +0000 2024","0","Gen Z yg baru freshgraduate dan punya gaji pertama jangan lupa disisihin yaa. Ntah buat investasi atau buat nabunggg! Nih ada cara mengelolanyaaa ^^ @kadinindonesia #gajian #gajipertama #genz #kerja #fyp #fypviral #xyzbca #viral #explore https://t.co/vkn8aWavh1","1826908115981472210","https://pbs.twimg.com/media/GVp6BvNb0AAIpRG.jpg","","in","Cikarang, Bekasi","0","0","0","https://x.com/azaleacinta07/status/1826908115981472210","1760588918834278400","azaleacinta07"
"1826901206914269463","Fri Aug 23 08:36:04 +0000 2024","0","saya memang dapat gaji dan benefit dari suatu perusahaan. namun ketika atasan saya salah saya tidak akan berkata bahwa atasan saya benar karena saya bukan penjilat. tapi ini bukan lagi ngomongin perusahaan.","1826901206914269463","","","in","Ⓐ🏴","0","0","0","https://x.com/sugses/status/1826901206914269463","1165112558","sugses"
"1826882110671462670","Fri Aug 23 08:01:55 +0000 2024","0","@tanyarlfes Sukanya temen2 dikantor gen Z smua dan asik2 smua managernya enak ownernya enak ga ribet walaupun gaji dibawah umr tp lemburan suka dibayar lebih cemilan di pantry selalu di restock bos. Selama setahun kerja alhamdulillah ga tau dukanya apa.","1826892612990894550","","tanyarlfes","in","DKI Jakarta, Indonesia","0","0","0","https://x.com/RDriarti/status/1826892612990894550","1076333756464521216","RDriarti"
"1826847458422653265","Fri Aug 23 05:02:29 +0000 2024","0","Hal yang sedikit aku sesali saat ini adalah tidak melanjutkan S1 setelah lulus dari D3 karena kerja di Indonesia status pendidikan sangat berpengaruh untuk gaji","1826847458422653265","","","in","","0","1","0","https://x.com/BambangGenZ/status/1826847458422653265","1730937540201545728","BambangGenZ"
"1826798736812728616","Fri Aug 23 01:48:53 +0000 2024","0","pagi gais! semangat kerja keras demi gaji yang tak terbatas #zonauang #zonajajan #genzfinance #indonesia","1826798736812728616","","","in","","0","0","0","https://x.com/GenzFinancial_/status/1826798736812728616","1820435183822352384","GenzFinancial_"
"1826713402221494452","Thu Aug 22 20:11:46 +0000 2024","0","Sekarang ngerti kan bagaimana negara ini dijalankan sejak reformasi? Sumber masalah negara ini bukan karena bnyk rakyat miskin bukan karna anak2 yang putus sekolah bukan karna anak muda dg gaji UMR apalagi gen z. Masalah negeri ini adalah Partai Politik","1826713895752663221","","arpmbd_","in","","0","0","0","https://x.com/arpmbd_/status/1826713895752663221","904555444588363776","arpmbd_"
"1826597406190043434","Thu Aug 22 13:48:24 +0000 2024","246","@dewisutrisno_ Naikan gaji whoever Gen Z intern yang produce artikel2 ini!","1826617420267835629","","dewisutrisno_","in","","0","0","9","https://x.com/northernblufox/status/1826617420267835629","1110579846835400704","northernblufox"
"1826587793629610473","Thu Aug 22 11:50:41 +0000 2024","0","polisi gen z borronya minta ampun gaji lu dari uang rakyat yee @DivHumas_Polri","1826587793629610473","","","in","","0","0","0","https://x.com/TheBatmams/status/1826587793629610473","1282998485109727233","TheBatmams"
"1826576678585598280","Thu Aug 22 11:06:30 +0000 2024","0","Polisi gen Z ini jd polisi tuh gegayaan doang apa gmna ga inget 3 semboyan polisi apa? Klian tuh d bayar sm rakyat yah buat melindungi rakyat ga usah sok iyeh inget gaji gede dr siapa dr duit pajak rakyat!! Seenak jidat doxxing org ngancem ampe mukulin d kata keren kali begitu","1826576678585598280","","","in","","0","0","0","https://x.com/Bhyunee614/status/1826576678585598280","1397189376795369482","Bhyunee614"
"1826499168980140389","Thu Aug 22 05:58:31 +0000 2024","3","negara mau hancur gini gaji malah dipotong 300rb. wkwkwkwk","1826499168980140389","","","in","freiburg","0","0","0","https://x.com/hrdgenz/status/1826499168980140389","1614987151246229504","hrdgenz"
"1826204792282284315","Wed Aug 21 10:28:46 +0000 2024","0","Negara yg rebahan aja dapet gaji. Klo bisa yang presiden nya Gen Z jadi bisa lebih sehati sama rakyat","1826204792282284315","","","in","","0","0","0","https://x.com/cloudsbluev/status/1826204792282284315","1414614249922461698","cloudsbluev"
"1826137519903141952","Wed Aug 21 08:13:26 +0000 2024","0","@BapakSuha Soalnya milenial dan gen z emang orangnya pada mager dan pengecut kayak saya ini Skrng paham kita dibikin miskin biar tersandera dan ga sempat mikirin demo. Bisa bertahan hidup dengan gaji pas2an ini aja udah syukur ","1826170736907821098","","BapakSuha","in","Indonesia","0","0","0","https://x.com/Echie1993/status/1826170736907821098","130426130","Echie1993"
"1826160818511294976","Wed Aug 21 07:34:02 +0000 2024","0","minfi nanya! gaji 3 juta beneran ga ckup kah dalam satu bulan? ️ #GenZ #genzfi #zonauang","1826160818511294976","","","in","","0","0","0","https://x.com/GenzFinancial_/status/1826160818511294976","1820435183822352384","GenzFinancial_"
"1826144686207316448","Wed Aug 21 06:29:55 +0000 2024","0","Update gaji tapi tidak menjamin kenyamanan keseringan ketemu gen z ( meskipun aku ya gen z ) Yang songong abizzzzzzzzz berasa yg punya kantor anjink . Meskipun kudu resign setidaknya aku tenang .","1826144686207316448","","","in","","0","0","0","https://x.com/fauziyadexa/status/1826144686207316448","165045021","fauziyadexa"
"1826144553784778910","Wed Aug 21 06:29:24 +0000 2024","0","Standard happiness gen x mau diwariskan ke millenial n gen z pdhl dah bnyk yg mengalami kegagalan. Sandra Dewi itu kurang apa scr materi gaji perbulan pasti lbh dr 2 digit tabungan jgnkan utk 6 bulan event 6-60 thn menikah jg sm org kaya. Krg apa coba? Tnp sadar standardnya","1826144553784778910","","","in","Andromeda","0","1","0","https://x.com/novykayra/status/1826144553784778910","396606643","novykayra"
"1826106587100098562","Wed Aug 21 03:58:32 +0000 2024","0","Menurut @86_longo Milan dan Saint Etienne telah menemukan kesepakatan untuk transfer #BalloToure. Namun menurut Toure gaji yang ditawarkan Etienne masih jauh dari harapan si pemain saat ini Toure digaji 1.2 Juta di Milan","1826106587100098562","","","in","","0","0","0","https://x.com/milanistigenz/status/1826106587100098562","1820337532024074240","milanistigenz"
"1826054580813312397","Wed Aug 21 00:45:10 +0000 2024","106","@ardisatriawan Memang aneh banget gen Z dg suara terbanyak dlm pemilu kali inj kalau gak ngomong gaji ya selangkangan","1826057923665199283","","ardisatriawan","in","","1","4","12","https://x.com/harrysofian/status/1826057923665199283","197428680","harrysofian"
"1825895301229719811","Tue Aug 20 13:58:57 +0000 2024","0","di daerahku dapet umr aja syukur gaji 7 berat kalo di daerahku umr aja cuman 2 1. apalagi skrg era nya bonus demografi tapi di lapangan supply banyak demand nya yg kurang makin susah nasib gen z saat ini","1825895301229719811","","","in","","0","0","0","https://x.com/favstudiess/status/1825895301229719811","2582502833","favstudiess"
"1825871844743983157","Tue Aug 20 12:25:45 +0000 2024","0","Gua bodo amat gen z dibilang kerja mandang gaji soalnya gua kerja cari duit bukan cari pahala doang bodo amat orang mau bilang apa yang jelas gua gamau kerja kalo bayaran nya ga sesuai sama tenaga yg gua keluarin","1825871844743983157","","","in","","0","0","0","https://x.com/theblueayaya/status/1825871844743983157","1581965167536898048","theblueayaya"
"1825836818044014639","Tue Aug 20 10:13:43 +0000 2024","0","diluar sana banyak yang bu loh padahal dikasih gaji segitu aja udah bersyukur bisa bisanya gamau dan masih nyari opportunity lain disaat ekonomi lagi begini emang gen z banyak yang idealis gua liat liat.","1825838615735521356","","farhanyudanta","in","Frankfurt on the Main, Germany","0","1","0","https://x.com/farhanyudanta/status/1825838615735521356","1266341161","farhanyudanta"
"1825827680400326707","Tue Aug 20 09:49:56 +0000 2024","5","@worksfess antara mau gak mau sih nder. maunya krn pensiun msh dpt gaji 1. terlalu monoton aku anaknya suka yg selalu ada gebrakannya tiap hari. suka hal2 menantang 2. gitu2 aja kerjanya day to day. kalau diliat dari kedua ortuku yg kebetulan pns asli boring bgt (typical gen z)","1825832633156382853","","worksfess","in","","0","1","2","https://x.com/gg0one/status/1825832633156382853","1547201791","gg0one"
"1825162051569713220","Mon Aug 19 15:02:48 +0000 2024","0","@tanyakanrl Kerja gaji 2-3 digit dapet warisan banyak","1825548979876384836","","tanyakanrl","in","neptunus","0","0","0","https://x.com/qeuopdfghklzxcv/status/1825548979876384836","859643862180122626","qeuopdfghklzxcv"
"1825533699045351601","Mon Aug 19 14:05:42 +0000 2024","2","Dan banyak orang yang nyalahin gen Z katanya 'generasi stroberi' 'gak mau susah'. Coba itung aja gaji UMR berkelahi dengan harga KPR rumah subsidi aja... berapa itu....","1825534609104499198","","safaracathasa","in","Indonesia","0","1","0","https://x.com/safaracathasa/status/1825534609104499198","814295423514910720","safaracathasa"
"1825470006249058734","Mon Aug 19 09:50:28 +0000 2024","0","terus gen z baru lulus memimpikan kerja disana ane kasih saran mending cari kerja daerah ruko aje dulu bray terus yang paling enak mah perusahaan yang dah punya gedung sendiri pasti makanan kantin dan jajanan nya terjangkau bagi gaji yang ga seberapa itu","1825470377801449656","","Cartasius","in","Indonesia","0","0","0","https://x.com/Cartasius/status/1825470377801449656","224192987","Cartasius"
"1825458534030676298","Mon Aug 19 09:03:24 +0000 2024","0","Jangan dikit-dikit self reward kaliiik :p Mending kelola keuangan kitaa terutama gen z yg baru pada punya gaji pertama nih! @kadinindonesia @arsjadrasjid #gajian #gajipertama #selfreward #kelolauangcerdas #arsjadrasjid #kadinindonesia https://t.co/6hsJ8od4ou","1825458534030676298","https://pbs.twimg.com/ext_tw_video_thumb/1825458161895305216/pu/img/5UUnY1HNSkmH3xGw.jpg","","in","Jakarta","0","0","0","https://x.com/Riananasutionnn/status/1825458534030676298","1729685288224694272","Riananasutionnn"
"1825426204884668489","Mon Aug 19 06:54:56 +0000 2024","8","Masalah gaji ini masalah kompleks ada standar masing2 tiap manusia. Saya sering berbicara soal gaji dg teman2 Eropa ada yg tdk puas dan ada yg comme ci comme ça sabodo amat yg penting gw kerja nikmati hidup pas libur. Gw suka liat video berikut untuk gaji dlm pandangan Gen Z","1825426204884668489","","","in","","0","1","2","https://x.com/harrysofian/status/1825426204884668489","197428680","harrysofian"
"1824803134306431249","Mon Aug 19 04:08:45 +0000 2024","2","@BudiBukanIntel Giliran ada data generasi millenial dan gen Z susah beli rumah dia malah nyalahin generasi. Dengan gaji UMR dan nabung ala tagihan Tapera pun rumah baru bisa kebeli setelah 200 tahun lebih. Lo pikir aja! Emang kita penyu? ","1825384382070390882","","BudiBukanIntel","in","Jakarta Capital Region","0","1","0","https://x.com/shuntarou_7/status/1825384382070390882","1084861271810367493","shuntarou_7"
"1824134238712836413","Sun Aug 18 16:39:50 +0000 2024","0","@hadilocoboy @sosmedkeras Saya bukan Gen Z tp saya Kerja jg mandang Gaji. Saya punya value yg bisa saya berikan ke perusahaan. Jadi perusahaan juga harus bisa berikan upah sesuai value yg saya berikan. Kerja kalo gak mandang gaji namanya volunteer","1825211012431438136","","hadilocoboy","in","","0","0","0","https://x.com/riskodp_/status/1825211012431438136","1071811509863374849","riskodp_"
"1825030898783600804","Sun Aug 18 04:44:08 +0000 2024","0","Gen z gen z lu kata. Gw milenial aja mana mau kerja cuma peras tenaga n pikiran tapi gaji eweuhan. Mending gw keluar. Dikira budak jajahan compeni apa yak.","1825030898783600804","","","in","INTP-A","0","0","0","https://x.com/Luna_Dream33/status/1825030898783600804","1591436749917786114","Luna_Dream33"
"1824134238712836413","Sat Aug 17 05:11:01 +0000 2024","0","@NESVERLAND @sosmedkeras Gaji ga nyentuh UMR kerjaan se abrek tetep yang disalahin gen z ","1824675275105505575","","NESVERLAND","in","","0","0","0","https://x.com/CFCForeverblue/status/1824675275105505575","1769767286079127552","CFCForeverblue"
"1824134238712836413","Fri Aug 16 23:04:49 +0000 2024","1","@hadilocoboy @sosmedkeras gen z gen lu kerja 1 bulan dari pagi pulang jam 9 dan cuman dapet gaji 2jt yahh untuk bukan di jakarta ya","1824583120248787305","","hadilocoboy","in","","0","0","0","https://x.com/SeiraL890/status/1824583120248787305","1677705398097416192","SeiraL890"
"1824440683073319069","Fri Aug 16 16:14:57 +0000 2024","0","@t000ledo Akhh!!! Banyak mau nih boomer. Hargai dong ide-ide gen z nyari ide tuh susah tau!!! Udah gaji ga seberapa tapi kerjaan ga ngotak Mikir!!! ","1824479974797218288","","t000ledo","in","","0","0","0","https://x.com/d333von/status/1824479974797218288","1622306991266992128","d333von"
"1820812812203302961","Tue Aug 06 13:47:34 +0000 2024","9","@worksfess Gaji UMP BPJS kesehatan BPJS TK itu bukan benefit. Tapi komponen dasar yang harus disediakan perusahaan buat karyawannya. Ya sayangnya kementrian @kemgelapan lebih sibuk bikin konten gen z musti gimana ketimbang memastikan penerapannya di lapangan berjalan","1820819006066168122","","worksfess","in","Surabaya, east java, Indonesia","1","0","2","https://x.com/fat_bry/status/1820819006066168122","133069071","fat_bry"
"1820674604853326031","Tue Aug 06 04:13:46 +0000 2024","0","ngapa dah setiap gua kerja ketemu gen z 2000an yang kaya anjing sihh taik gaji ajh pengen gede kerja ke kontoll","1820674604853326031","","","in","Bandung, Jawa Barat","0","0","0","https://x.com/sanbear26/status/1820674604853326031","1414067866618384384","sanbear26"
"1820645933786558949","Tue Aug 06 02:19:54 +0000 2024","0","Posisi Gen Z dalam dunia kerja itu seperti gado-gado yang sayurannya sudah nggak fresh. Gaji pas-pasan masa depan nggak pasti selalu was-was kena PHK ya gimana gak bikin depresi?","1820645946390434291","","jurno_id","in","ikutan giveaway 👉","0","0","0","https://x.com/jurno_id/status/1820645946390434291","1278195993796698112","jurno_id"
"1820369463352635410","Mon Aug 05 23:57:01 +0000 2024","0","@confessyu Maaf ini kurang realistis. Lingkungan kerja yang bayar kamu 50 juta per bulan sudah PASTI toxic (kata gen z) atau super kompetitif (kata gen x / boomer). Kalau dah gaji segitu ga ada yang baik2 aja antar personil. Udah keras dan terang2an sikut2an nya walaupun tetap profesional.","1820609988609646854","","confessyu","in","Indonesia","0","0","0","https://x.com/AlexandraNg1991/status/1820609988609646854","842768227201499136","AlexandraNg1991"
"1820387730184163427","Mon Aug 05 09:13:53 +0000 2024","0","21) We are a branch office of an international company = nyari karyawan murah di Indonesia 22) Memiliki inisiatif = atasan gak bisa kerja gak tahu mau dikasih kerjaan apa 23) Gaji tidak ditampilkan = underpaid 24) Loyal pada perusahaan = overwork ","1820387741642768700","","hrdgenz","in","freiburg","0","1","0","https://x.com/hrdgenz/status/1820387741642768700","1614987151246229504","hrdgenz"
"1820387730184163427","Mon Aug 05 09:13:52 +0000 2024","0","12) Usia di bawah 25 tahun = nyari anak polos yang belum tahu hak ketenagakerjaan 13) Gaji negotiable = pas offer ditawarin underpaid 14) Urgently required = karyawan lama resign tapi belum disiapin gantinya gak ada handover. 15) Full stack developer = programmer ngerjain semua","1820387737155023296","","hrdgenz","in","freiburg","0","1","1","https://x.com/hrdgenz/status/1820387737155023296","1614987151246229504","hrdgenz"
"1820387730184163427","Mon Aug 05 09:13:51 +0000 2024","0","4) Gaji kompetitif = kompetisinya sama UMR 5) Bersedia ditempatkan di seluruh Indonesia = di pelosok ujung dunia 6) Able to work in dynamic team environments = anggota timnya ganti terus karena gelut 7) Able to work in tight deadline = kantor gak bisa manage waktu ","1820387732453007629","","hrdgenz","in","freiburg","0","1","1","https://x.com/hrdgenz/status/1820387732453007629","1614987151246229504","hrdgenz"
"1820384515162030490","Mon Aug 05 09:01:04 +0000 2024","0","Kerja di indon mesti bisa segalanya tapi gaji underpaid. Entar kl ngeluh dibilang nya gen z banyak nuntut dan lemah mental lah elo elo pemilik perusahaan juga kaga ngotak kl nyari karyawan","1820384515162030490","","","in","","0","0","0","https://x.com/lazulimedea/status/1820384515162030490","1249303830379950080","lazulimedea"
"1820354098593759368","Mon Aug 05 07:00:12 +0000 2024","0","Jadi dejavuu di suatu seminar ada yg nyuruh guru buat gausah mikirin gaji yg penting pengabdian dan akhirat. Meanwhile buat sekolah aja pake duit ukt makin mahal.. Buat gen Z please jgn dengerin ceramah para boomer/milenial model begini.","1820354098593759368","","","in","","0","0","0","https://x.com/galdipzz/status/1820354098593759368","1563774114824736768","galdipzz"
"1805433758474190972","Sun Aug 04 12:09:12 +0000 2024","118","@GabRey99 Wah..wah..wah..kok berani2nya nyenggol gen z? Gen Z itu generasi terpintar mereka itu jg bukan sensitif tapi lebih bisa menyuarakan isi hati. Gen Z itu ga pilih2 kerjaan tapi kalo gaji ga dobel digit n disuruh lembur ya mana bisa work life balance. Gen Z jaya..jaya..jaya","1820069472209862911","","GabRey99","in","","4","3","9","https://x.com/bobomboi/status/1820069472209862911","758867695622238209","bobomboi"
"1819754059303453092","Sat Aug 03 15:18:04 +0000 2024","0","Netijen twitter kalo gen z emang ga bisa diajak kerja. Ribet. Ga mau cari peluang maunya kerja santai gaji gedhe. DU digaji 1000 per pasien aja masih ada. Bener2","1819754615329755275","","nananarini","in","USE YOUR GPS","0","0","0","https://x.com/nananarini/status/1819754615329755275","408392806","nananarini"
"1819701048002465882","Sat Aug 03 12:23:08 +0000 2024","9","@worksfess Pasti Gen Z nih. Paling kagak coba 1 tahun dulu cok itu kalau perusahaan berkembang udah pasti lu jadi senior auto gaji naik + benefit lain. Blm ada bps ya lu bikin sendiri juga.","1819710590782165171","","worksfess","in","あなたの心に","0","0","0","https://x.com/Exa5Ds/status/1819710590782165171","80987094","Exa5Ds"
"1819575707145851064","Sat Aug 03 05:01:56 +0000 2024","0","@aim_iki Iya makin cemas lagi ini dengan gen z + alfa nih dikasih tugas sekolah agak banyak udah bilang stress bla bla apalagi tar masuk kuliah dan dunia kerja. Beda topik: Sekarang cita cita kayaknya harus kerja di LN deh ausi misal kayak si BIMA Tiktok dimana lah biar sesuai gaji ","1819599561767506188","","aim_iki","in","","0","1","0","https://x.com/bluesky101115/status/1819599561767506188","1139412261095628801","bluesky101115"
"1818880995892117618","Fri Aug 02 18:19:30 +0000 2024","0","@secr3thm4nz56 Yang salah yg mau menerima pegawai atau gen Z yg maunya duduk enak kerja santai gaji minta selangit","1819437889014714647","","secr3thm4nz56","in","Jkt","0","0","0","https://x.com/Ione_Brother/status/1819437889014714647","960223797356802049","Ione_Brother"
"1819380793892131004","Fri Aug 02 14:32:44 +0000 2024","0","**ASN: Karir Keren Dampak Besar ** Jadi ASN bukan cuma soal gaji tapi juga soal kontribusi nyata buat masyarakat. Dengan kemampuan dan semangat Gen Z kita bisa bikin perubahan besar! #KarirBermakna #JadiASN","1819380818734637266","","KontributOnline","in","Indonesia","0","1","0","https://x.com/KontributOnline/status/1819380818734637266","1817206759842533376","KontributOnline"
"1819050070433788227","Fri Aug 02 07:38:10 +0000 2024","0","@hai_niinnnss hah seriusan ada orang yg kasih surat pengalaman kerja palsu? jadi keinget ada yg kirim CV ke tmpt ku kerja pernah kerja di PT tapi ngechat di nomor WA CP nanya gaji per bulan padahal sudah intrvw. kenapa gak pas interview nanya gajinya dia blg lupa ","1819276490984640710","","hai_niinnnss","in","Ⓐ🏴","0","1","0","https://x.com/sugses/status/1819276490984640710","1165112558","sugses"
"1818993107850961157","Thu Aug 01 13:05:56 +0000 2024","0","Dari awal gue bilang ke dia ini kedai gue buka dari 0 lagi sementara lu gue gaji 1juta nah gue tau nih isu Gen Z &amp; Alpha itu OGAH LEMBUR tapi gue tau alasan mereka gamau lembur ya karena kadang ga dikasih duit staff gw mau gw lemburin dg upah /jam dg sangat MURAH 10K/hr-","1818996587638796725","","unsaintedperson","in","Valheim","0","1","0","https://x.com/unsaintedperson/status/1818996587638796725","90870447","unsaintedperson"
"1793829136517279823","Thu Aug 01 09:12:48 +0000 2024","0","Saying gen z pemales banyak yang nganggur banyak mau gaji nawar gapunya pengalaman meanwhile beberapa anak payroll dan gue adalah gen z adalah bjir bgt lu","1818937919727677626","","Akujoann","in","ak sampah","0","2","0","https://x.com/Akujoann/status/1818937919727677626","1257661739597836290","Akujoann"
"1818926683308925000","Thu Aug 01 08:28:09 +0000 2024","0","YG BERTAHAN PUN GAJI SUDAH MULAI TELAT! EMG AJG NIH GEN Z GAK ADA PERGERAKANNYA LO PADA SUDAH PADA TANEM GANJA YA NJING PADA ANTENG2 AJA!?","1818926683308925000","","","in","United States","0","0","0","https://x.com/Jakerday/status/1818926683308925000","2686157473","Jakerday"
"1818854799347216794","Thu Aug 01 03:42:31 +0000 2024","0","Gue rasa lama2 udah ga ada lagi yg mau jadi guru klo gaji gajelas gini apalagi kena ke anak gen z yg dimana sangat wajar mrk bakalan ga mau.","1818854799347216794","","","in","","0","0","0","https://x.com/inpraaw/status/1818854799347216794","77458782","inpraaw"
"1817155077553160530","Sun Jul 28 05:18:16 +0000 2024","0","@inisayaraka Iya masalahnya tuh dia jd bitter gtuloh kalo ada org yg minta gaji sekian yg menurut dia kemahalan. Smp sm junior gue diginiin ya namanya rejeki org mba. Kalo udah rejeki mah dpt2 aja gaji yg dia pengen. Terima kasih adik gen z ku.","1817429344358482063","","inisayaraka","in","All around you dolby stereo","0","1","0","https://x.com/pradaivon/status/1817429344358482063","38839883","pradaivon"
"1817207218120585467","Sun Jul 28 02:11:01 +0000 2024","0","@cathatseo @5teV3n_Pe9eL gen z butuh gaji yg gede dan mengutamakan worklife balance. while generasi sebelumnya apalagi baby boomers mereka lebih butuh pekerjaan yg settle (pns) even gajinya dikit. jd karakter tiap gen itu ada baby booms cenderung nyari yang aman while gen z tantangan gt","1817382219834650649","","loudlyvoice","in","Jakarta Capital Region","0","0","0","https://x.com/loudlyvoice/status/1817382219834650649","1767403421307658240","loudlyvoice"
"1817207218120585467","Sun Jul 28 00:33:28 +0000 2024","5","@5teV3n_Pe9eL Gen Z terlalu berekspektasi dengan gaji tinggi. Pak/bu dapet kerjaan yang gajinya UMR aja uda seneng. Jangan ambil sampel di luar sana yang pengen gaji 2 digit padahal freshgrad + ga punya pengalaman terus digeneralisir. ","1817357673756844059","","V3g3L","in","Katzenburg","0","5","0","https://x.com/cathatseo/status/1817357673756844059","93570590","cathatseo"
"1817166986738291028","Sat Jul 27 15:32:17 +0000 2024","1","@lynxluna @tyohan Ini case gw handle gen z freshgrad. Doi curhat soal gaji. Ndilalah compare ke gw. Ya lu kerja dulu 15 tahun baru ngomong lagi ke gw ya ","1817221479991484722","","lynxluna","in","United Kingdom of Banten","0","1","0","https://x.com/adhams/status/1817221479991484722","14284867","adhams"
"1817204452887335184","Sat Jul 27 14:24:38 +0000 2024","0","Kenapa dosen yang (maaf) keliatannya udah capek dengan hiruk pikuk perkuliahan gen z ini ga mau pensiun aja? Perasaan gaji dosen juga ga gede gede amat?","1817204452887335184","","","in","antah berantah","0","0","0","https://x.com/mrkepoid/status/1817204452887335184","799968014573502465","mrkepoid"
"1817164015568834826","Sat Jul 27 11:43:57 +0000 2024","0","-Balik on time n wont work on weekend cos I tak buat kerja amal oso idc about ot. -Tak kejar sale (company dsnt rlly hv KPI) cos idc about the 'duti tepi'. N now they 'hate' me n want to pull out the gen z card(?) Hello aku tak buat semua tu pun ada kacau gaji korang ke? - -","1817164015568834826","","","in","원호's hearteu","0","0","1","https://x.com/flwreono0301/status/1817164015568834826","1199585442665943040","flwreono0301"
"1817125388533035018","Sat Jul 27 09:10:27 +0000 2024","2","Baru rabu lalu cerita sama dedek dedek gemes gen z para mentee ku soal dulu gaji gue awal awal di 2014 itu barely 4 Mio (4 1 krn diitung uang makan yang 20k per days dikasi Cash) Masa 10 tahun kemudian naiknya cuma sejuta sih? In this economy? Gila banget sih","1817125388533035018","","","in","unfinishedscript.tumblr.com","0","0","0","https://x.com/ribkadel/status/1817125388533035018","83760592","ribkadel"
"1817079898093301966","Sat Jul 27 06:09:42 +0000 2024","1","Smlm aku tertgok ada video makcik tua tu kata nk buli budak gen z fresh grad yg masuk kerja siap kata baya2 anak buah lah apalah. Hei makcik hengko tu kejap lagi pencen dan nk mampos. Entah2 gaji makcik takat 1.2k ja budak fresh grad tu dah 2k++. Lol. Dah tua pun bodoh","1817079898093301966","","","in","","0","0","0","https://x.com/nurrraaaa_/status/1817079898093301966","1146304721092665344","nurrraaaa_"
"1816337704793297313","Fri Jul 26 10:23:09 +0000 2024","0","@txtdrimedia Woi kimbek. Gen Z susah punya rumah. Generasi lu tu gk bisa sesuain harga. Semua naik gaji kaga naik. Goblok.","1816781294015250567","","txtdrimedia","in","","0","0","0","https://x.com/annes_monang/status/1816781294015250567","1091303513294958592","annes_monang"
"1816748149840744823","Fri Jul 26 08:11:27 +0000 2024","0","Kasian gen z... Udah gapunya rumah duit pas pasan disuruh lembur tp gak ada gaji lembur jelek lagi ","1816748149840744823","","","in","","0","0","0","https://x.com/biggestdino/status/1816748149840744823","1792162911865163776","biggestdino"
"1816709747049128129","Fri Jul 26 05:38:51 +0000 2024","13","Dear fresh grad Gen Z kalau korang apply kerja kat small company. Jangan expect gaji tinggi sangat. If nak starting gaji tinggi go aim for big companies. Public listed company boleh bayar mahal.","1816709747049128129","","","in","Kuala Lumpur Federal Territory, Malaysia","0","1","0","https://x.com/izzat_juden/status/1816709747049128129","1462697944793026570","izzat_juden"
"1816652617499705733","Fri Jul 26 01:51:50 +0000 2024","0"," gen z lemah lemah pernah ga dijalan sambil berderai air mata gara gara mau bayar ukt yang ga ngotak biayanya padahal gaji ayah pas pasan tapi tetep bisa bawa motor dalam keadaan lancar jaya aman sentosa","1816652617499705733","","","in","𝑒𝓃𝑔𝒾𝓃𝑒𝑒𝓇𝒾𝓃𝑔 𝑒𝓃𝓉","0","0","0","https://x.com/dadiesterne/status/1816652617499705733","1419299708292370435","dadiesterne"
"1815901429493817854","Thu Jul 25 23:53:00 +0000 2024","6","@awaysideofme Setujuu. Liat aja milenial pertengahan-akhir sampe Gen Z awal pada kena getahnya mas. Pokoknya yang pada lulus kuliah sama SMA medio 2016 sampe sekarang hectic soal kerjaan karna rerata mereka itu cuma kontrak n then gampang pindah2 tanpa kompensasi. Gaji juga ga seberapa pula","1816622713626325202","","awaysideofme","in","Jakarta","0","2","0","https://x.com/FelixSGL1/status/1816622713626325202","2862109627","FelixSGL1"
"1816110253785899013","Thu Jul 25 11:43:25 +0000 2024","1","@worksfess Gua gen Z mau lembur mau engga GAS KEUUN yg penting gaji sesuai &amp; gua masih bisa kerja di perusahaan itu","1816439107259658394","","worksfess","in","","0","0","0","https://x.com/wiratsc/status/1816439107259658394","3306594926","wiratsc"
"1816032354575737314","Thu Jul 25 11:10:37 +0000 2024","1","@AirinDatangLagi AH KEBANYAKAN ANAK MUDA YG BARU GABUNG DI KTR GW CENGENG2. MAU NYA KERJA ENAK GAJI TINGGI TP KERJAAN BANYAK DIKIT UDAH NGELUH NGANCEM RESIGN . FAKTA ANAK GEN Z ZAMAN NOW","1816430852626321843","","AirinDatangLagi","in","","0","0","0","https://x.com/Allfamousname1/status/1816430852626321843","1548478513065635840","Allfamousname1"
"1816110253785899013","Thu Jul 25 09:34:29 +0000 2024","0","@worksfess Temen gua gen z (anak '98) tapi posisinya senior di kantor sering giniin anak baru yg gen z juga. Jabatan tanggung jawab gaji pun beda tapi ga suka kalo ada bawahannya tenggo wkwk. Bukan masalah gen tapi lebih ke pola pikir orangnya","1816406659255959846","","worksfess","in","","0","0","0","https://x.com/kyutoya/status/1816406659255959846","1563016270143860736","kyutoya"
"1816402459927187830","Thu Jul 25 09:17:48 +0000 2024","0","Gen Z lemah ? Nyatanya sekarang dihadapkan dengan hal seperti ini gaji yang seminimun itu harus berkelahi dengan beban kerja yang ekstra dan pengeluaran yang seperti ini. Beras aja sekarang gak dapat 12 K wehhh. Belum lagi dituntut bayar ini itu https://t.co/ZJRX5pYd8G","1816402459927187830","https://pbs.twimg.com/media/GTUoaQLbMAAGkpP.jpg","","in","EXO.NCT.WAYV.","0","0","0","https://x.com/Kyunieee3/status/1816402459927187830","946223559713505282","Kyunieee3"
"1816057661621952848","Wed Jul 24 10:27:41 +0000 2024","0","Mau ini punya ide itu pengen kaya gini. Kemudian baru inget kalo lo cuma digaji sepantasnya aja dan kayanya ga worth buat go extra miles. Monmaap sekarang saya mending kaya Gen Z aja prinsipnya. Bekerja sesuai gaji &amp; kewajiban.","1816057661621952848","","","in","Seoul, Republic of Korea","0","0","0","https://x.com/nissamaulina/status/1816057661621952848","64164526","nissamaulina"
"1816022026999734593","Wed Jul 24 08:06:05 +0000 2024","0","Penyelidikan KADI untuk Gen Z yang baru memulai bekerja dengan gaji sekitar UMR membutuhkan waktu untuk membeli rumah mewah di atas Rp 2 M itu terlalu mahal. https://t.co/6sov62Sx0l","1816022026999734593","https://pbs.twimg.com/media/GTPOZyqaUAA47G3.jpg","","in","Indonesia","0","0","0","https://x.com/CrownCecil14473/status/1816022026999734593","1779530643518439424","CrownCecil14473"
"1815533478081130923","Mon Jul 22 23:44:46 +0000 2024","14","Menyaksikan sulitnya Gen Z dapat kerjaan yang bagus dan gaji layak di negeri sendiri para Gen Z di sekitar saya mulai mikir untuk cari kerjaan di luar negeri. Ada infokah kira-kira SDM bidang apa yang dibutuhkan supaya prepare jauh-jauh hari.","1815533478081130923","","","in","Surakarta","0","7","6","https://x.com/afifahafra79/status/1815533478081130923","158660810","afifahafra79"
"1815391206295392286","Mon Jul 22 14:19:26 +0000 2024","2","What's wrong with gen z mau gaji tinggi like lol siapa sih yg gamau gaji tinggi wake up our wildest dream memang gaji tinggi gen z just being honest gen ga ngaku aja hih https://t.co/AYH2IYCtYK","1815391206295392286","","","in","최 종호 마음속❣️","1","0","0","https://x.com/JonghoJoestarr/status/1815391206295392286","1433722375481085954","JonghoJoestarr"
"1815270377360351509","Mon Jul 22 06:22:11 +0000 2024","0","tanpa potong gaji. Padahal tgh tempoh probation. Belum lagi tang makan2 office boss bagi tanggungjawab and duit cukup2 untuk beli makanan tapi masing2 beli extra untuk bawak balik sorok2 tanpa pengetahuan anyone. Halal ke tak dengan cara macamtu. Kita ni Gen Z perhati je","1815271100869226559","","Nfwhbz","in","","0","1","0","https://x.com/Nfwhbz/status/1815271100869226559","1009642229432909824","Nfwhbz"
"1814854105694937300","Mon Jul 22 01:40:22 +0000 2024","0","@Mdy_Asmara1701 Gaa setuju...faktor pertama ga ada ordal kyk pman di mk faktor kedua krna gen z pilih2 kerja yg gaji tinggi..","1815200179047518474","","Mdy_Asmara1701","in","Surakarta","0","0","0","https://x.com/DQPras/status/1815200179047518474","75200543","DQPras"
"1814867911712121112","Sun Jul 21 13:50:33 +0000 2024","1","@tigerwood158 Sy punya 2 anak satu milenial satu gen Z. Dua2nya kerja di perusahaan asing. Syarat ga ribet. Sesuai kriteria test wawancara di terima. Gaji asuransi kesehatan bonus insentif. Boleh nanya digaji brp punya pengalaman bisa ajukan kisaran gaji.","1815021549499682839","","tigerwood158","in","","0","0","0","https://x.com/BeebeMiu/status/1815021549499682839","2911507393","BeebeMiu"
"1792758113244008527","Sun Jul 21 07:33:40 +0000 2024","0","@sultohn @chef_dokyungsoo @rillakumakawaii @worksfess ngomong lu enak banget bang praktekin di lapangan dengan kebutuhan ekonomi yang menumpuk gen z nganggur sambil nyari kerjaan yang layak dan balance untuk keuangan sebulan ga ada yang mau nganggur bertahun-tahun karna gaji kecil stereotip banget otak lu","1814926702579229010","","sultohn","in","","0","0","0","https://x.com/Blackbirddd__/status/1814926702579229010","1465313391233277958","Blackbirddd__"
"1814854105694937300","Sun Jul 21 05:35:54 +0000 2024","0","@Mdy_Asmara1701 Kombinasi. pemerintah gagal ortu jg mgkn gagal si gen z sendiri pun bs jadi gagal. Yg nganggur itu pdhl bs bisnis kecil2an konsinyasi (tanpa modal) atau kerja apa pun yg penting halal meski gaji kecil pasti ada aja.. Pasti ada faktor gengsi jg ini klo smpe 10juta yg nganggur","1814897066490884222","","Mdy_Asmara1701","in","","0","0","0","https://x.com/chatrine_2003/status/1814897066490884222","1681912586542157825","chatrine_2003"
"1814877108922937365","Sun Jul 21 04:24:19 +0000 2024","0","Solusi dari gw sebagai Gen Z untuk para Gen Z tentu kalau kalian punya talenta dan skill kalian bisa jadi freelancer dan ambil job longterm dari banyak orang Alhamdulillah aku sendiri kerja freelance di banyak tempat dengan gaji yang fair sama apa yang kukerjakan ️","1814879051787743706","","iamzaganosh","in","Bandung","0","0","0","https://x.com/iamzaganosh/status/1814879051787743706","1246263992370118658","iamzaganosh"
"1814877108922937365","Sun Jul 21 04:18:18 +0000 2024","1","Maka jangan heran kalo ada Gen Z yang gonta ganti kerjaan karna mungkin selain melihat gaji mereka juga ngeliat kalo dizaman sekarang berbagai kebutuhan harganya pada naik","1814877537849204925","","iamzaganosh","in","Bandung","0","1","0","https://x.com/iamzaganosh/status/1814877537849204925","1246263992370118658","iamzaganosh"
"1814253673330942205","Sat Jul 20 15:37:40 +0000 2024","0","@Yulia_jie Pengangguran tinggi itu di era gen z Klo kerja 1-3 bulan risaign hahah Mau gaji gede kyk di luar negeri tpi skill nol hajja Klo mw gaji 10 juta pertama kerja para gen Z mending ke luar negeri aja","1814686118727852136","","Yulia_jie","in","","0","0","0","https://x.com/AlexXan50419962/status/1814686118727852136","1612412712818200577","AlexXan50419962"
"1814619837089653076","Sat Jul 20 11:14:17 +0000 2024","0","terserah deh mau dibilang gen z lemah mental emang cape anjir kerja di bawah tekanan bgsttt mana ga di gaji lagi ini pliss ini baru pkl gimana entar kalo udh kerja beneran??!?","1814619837089653076","","","in","","0","0","0","https://x.com/RyanMalik62269/status/1814619837089653076","1721859817088905216","RyanMalik62269"
"1814582685538656557","Sat Jul 20 08:46:40 +0000 2024","1","ngapain kerja keras tekanan &amp; target sana-sini kalau cuma gaji segitu? mending joget-joget gak jelas bikin konten dapat duit. Sebut Saja Bunga - Gen Z","1814582685538656557","","","in","ꦯꦸꦫꦧꦪ","0","0","0","https://x.com/ChandraSapoetRa/status/1814582685538656557","76281055","ChandraSapoetRa"
"1814180328334086422","Sat Jul 20 00:59:35 +0000 2024","7","@convomf Tapi kebanyakan sales/marketing tuh kenapa pada dihindari karena anak anak muda terutama gen z banyak yang merasa ga dihargai karena target yang tinggi tapi gaji ga sesuai kalo di perusahaan kecil/baru. Tapi mungkin kalau perusahaan besar masih banyak yang minat.","1814465139363721596","","convomf","in","北 信介","0","1","0","https://x.com/kitasvne/status/1814465139363721596","1647850828647272450","kitasvne"
"1814444288786542639","Sat Jul 20 00:40:37 +0000 2024","0","@AetherSullyoon Gen Z tuh kerja nanya gaji duluya bukan loyalitas","1814460368053514730","","RiderGaon","in","GlanceOfMoon, 2002.","0","1","0","https://x.com/EscaperSUNGHOON/status/1814460368053514730","3266922193","EscaperSUNGHOON"
"1814253883193012261","Fri Jul 19 14:29:17 +0000 2024","0","@worksfess Aku otw 7 thn kerja dari fg 6 hari kerja 8 to 16 sabtu setengah hari ini masih baik2 aja loh. Yg penting gaji sesuai. Work life balance. Waktu kerja ya kerja waktu balik ya balik. Waktu libur ya libur. Pantes banyak yg nyepelein gen Z gak bisa kerja. Blm apa2 udah ngeluh ","1814306519632207961","","mintchocoyeay","in","Bandung","0","0","0","https://x.com/mintchocoyeay/status/1814306519632207961","177107512","mintchocoyeay"
"1813586559721250850","Fri Jul 19 14:03:11 +0000 2024","0","@worksfess Kalo lembur bisa bikin naik pangkat sm gaji jg rela bukan masalah gen z gen z tay ayam dsr","1814299950894784693","","worksfess","in","","0","0","0","https://x.com/avocadoofee/status/1814299950894784693","1105866660538343424","avocadoofee"
"1814148309369675810","Fri Jul 19 04:00:36 +0000 2024","0","tiba tiba lewat tl dan langsung keinget bapak kalo ada yang bilang gen z gak mau lembur dll hey bapak saya yang angkatan baby boomers aja bilang lembur itu buang buang waktu gak usah lembur kalo gaji gak sepadan ","1814148309369675810","","","in","nomin, acc homo","0","0","0","https://x.com/kamaalfie/status/1814148309369675810","1500119229747838977","kamaalfie"
"1813577737334092112","Wed Jul 17 14:13:21 +0000 2024","0","Last job hunting umur 26. Ada recruiter approach tapi nak offer lower than gaji sekarang position sama level. Patut la gen z sekarang struggle cari kerja.","1813577737334092112","","","in","","0","1","0","https://x.com/_xsndyx_/status/1813577737334092112","862898142210965504","_xsndyx_"
"1813543325439520880","Wed Jul 17 11:56:37 +0000 2024","0","Di fase dilema gen z. Ngerasa gaji kurang krn haknya ga sepadan kerjaan tp klo resign kena judge ngga bersyukur &amp; mental tempe","1813543325439520880","","","in","","0","5","0","https://x.com/rieevrse/status/1813543325439520880","1355738302800752644","rieevrse"
"1813241729040146447","Wed Jul 17 11:49:25 +0000 2024","2","@worksfess Aku bukan gen z tapi pengalamanku hampir smua sama perusahaan memberikan ruang belajar dgn baik dan menguasai sistem lalu setelah sudah pintar dlm berbagai sistem lalu jobdesk ditambah gaji tetap sama intinya mau protes kita hanya seorang pegawai bukan bos","1813541514049646870","","worksfess","in","","0","0","0","https://x.com/kaderkyai/status/1813541514049646870","1666622828001771520","kaderkyai"
"1813435309415444653","Wed Jul 17 04:47:24 +0000 2024","0","Setelah merasakan interview kandidat aku jd paham sih sm anak anak gen z ini emg bener deh inisiatif rendah kerja kaya gabakal dibayar tp mau gaji gede tanggung jawab kurang kerja blm bener tp dikasih tau ogah ogahan emg ga semua tp lebih banyaknya begitu","1813435309415444653","","","in","","0","1","0","https://x.com/akindacoolz/status/1813435309415444653","1579841178941280264","akindacoolz"
"1813241729040146447","Wed Jul 17 04:37:36 +0000 2024","0","@worksfess As Gen Z pas ditanya masalah gaji sama hr gua jawab selama ini saya memberi range $8-$10 per hour untuk skill dan tenaga saya gua jawab pelan dan santai sambil perhatiin body language hr nya bawah matanya berkedut senyumnya kendor sedikit matanya berubah seketika wkwk ","1813432844762669469","","worksfess","in","","0","0","0","https://x.com/lightzvl/status/1813432844762669469","1758834165213192192","lightzvl"
"1813241729040146447","Wed Jul 17 03:59:34 +0000 2024","1","@worksfess Dear Hard... Aku adlg anak gen z yg sdg mencari pekerjaan. Pengalaman aku administrasi pddkn akhir D3. Kerja dibawah tekanan satset cepet belajar hal yg baru. Aku resign di tmpt kerjaku Karna di sekolah dan itu yayasan. Gaji kecil kerja dibawah tekanan:). Ga cukup buat nutupin","1813423273180557444","","worksfess","in","","0","1","0","https://x.com/skybluee_55/status/1813423273180557444","1539137375452147712","skybluee_55"
"1813342254523904011","Tue Jul 16 22:37:38 +0000 2024","0","Emang masalah struktural aja ini mah. Gen z yang males-malesan emang banyak tapi yang skillnya oke juga banyak. Kadang yg rekruter minta juga nggak ngotak. Skill minta setara avatar gaji mentok umr. Akhirnya dari pada jadi korban kapitalisme beberapa gen z mending nganggur.","1813342254523904011","","","in","Ujung Sumatera, Indonesia","0","0","0","https://x.com/iniaesha/status/1813342254523904011","1282577444663222274","iniaesha"
"1813241729040146447","Tue Jul 16 17:12:35 +0000 2024","4","@worksfess Dari sudut pandang ku yang ngeinterview anak gen z minggu kemarin itu nder attitude saat interview kurang baik pengalaman 0 minta gaji gede ga mau cape kerja tapi minta gaji gede ga research dulu range gaji dengan wilayah perusahaan","1813260453960949813","","worksfess","in","","1","1","1","https://x.com/deny_rosyid/status/1813260453960949813","948132638719598592","deny_rosyid"
"1813227852755837375","Tue Jul 16 15:03:02 +0000 2024","0","Keinget apa yg dibilang sama hrd kemarin Disini tertulis gaji yg kamu harapkan 3jt sedangkan kamu fresh graduate belum ada pengalaman sama sekali. Hehe maaf bapak gen z ini memang banyak mau nya","1813227852755837375","","","in","","0","0","0","https://x.com/nisholiip/status/1813227852755837375","1505913450144305155","nisholiip"
"1813117954135105829","Tue Jul 16 07:46:21 +0000 2024","2","Sometimes yang aku kurang sreg soal diskusi Gen Z khususnya tentang kultur kerja bahwa Gen Z dipersepsikan mementingkan gaji. Sure i mean like do we even have proper choice kita jadi picky ya karena kebanyakan kerjaan disini ga layak. Ga layak dalam ukuran objektif aja","1813117954135105829","","","in","","0","1","0","https://x.com/BambangSupratn1/status/1813117954135105829","1467896796672262146","BambangSupratn1"
"1813030308566167995","Tue Jul 16 05:20:26 +0000 2024","0","@timikiciw @hrdbacot Dlu 4 bulan jd intern dgn gaji di bawah umr kerja lembur2 setiap hr krn peak season di salah satu kap 3 huruf gk pernah ngeluh spt gen Z zaman skrg skrg. And the result sampai hari ini achievement2 dateng sendiri. Soal gaji urusan nanti yg ptg usaha dulu.","1813081232995209478","","timikiciw","in","","6","2","0","https://x.com/SaulGoodManIndo/status/1813081232995209478","114401910","SaulGoodManIndo"
"1813073991273443714","Tue Jul 16 04:51:39 +0000 2024","5"," Gak enakan + loyalitas Liat sendiri (beberapa)millenials ini stuck dikarir+gaji segitu paling lama 13 tahun stuck(yg ku kenal). Padahal punya bargain skills. Loyalitas okelah cuman jgn mau diperbudak juga lh. Tapi klu dari POV mereka saya ini Gen Z kurang ajar kali ya","1813073991273443714","","","in","DKI Jakarta, Indonesia","0","1","0","https://x.com/azwar4fahmi/status/1813073991273443714","248038136","azwar4fahmi"
"1813070099911483429","Tue Jul 16 04:36:11 +0000 2024","0","Talkshow career coaching Kyke disini blm butuh segitu krn gen Z suka resign krywn lama jg nyaman betah di posisinya. Ditawari naik jabatan jg blm tentu mau Naik jabatan naik gaji cm dikit tugasnya byk bgt &amp; lembur trs tp ga dibayar (cm lvl staff kebawah yg dibayar lemburnya)","1813070099911483429","","","in","Kota Surabaya, Jawa Timur","0","0","0","https://x.com/roy1alien/status/1813070099911483429","173407719","roy1alien"
"1813055707396383056","Tue Jul 16 03:39:00 +0000 2024","42"," demi hemat operasional berarti udh terbukti kan ya kasarnya HR dan pendiri start up ini nyari babu kerja full time gaji seadanya dah terus terang gitu aja tp knp tiap hari guilt trip-nya gen z mental tempe mulu? pdhl orang-orang ini yg emang kapitalis.","1813055707396383056","","","in","","0","1","24","https://x.com/telordiceplok/status/1813055707396383056","1282531844768952320","telordiceplok"
"1812826257295589422","Mon Jul 15 12:27:15 +0000 2024","2","Karena perusahaan sekarang banyak yg minta spek palugada tapi gaji seadanya makanya gen z yg rata2 baru lulus dan minim pengalaman pada susah dapet kerja. Bayangin td liat loker tapi jobdescnya tax+bookkeeping+financial payment+AR+AP+doc management","1812826257295589422","","","in","","0","1","0","https://x.com/woochu24/status/1812826257295589422","1151861497561116672","woochu24"
"1812743022993695220","Mon Jul 15 11:34:12 +0000 2024","0","@worksfess Gen Z tu nyari kerja yang kayak gimana sih yang di cari? Gw dulu lulusan SMK gak punya relasi ngawali kerja jadi sales dor to dor jualan kompor..setahun mental dah kebentuk pengalaman dah lumayan baru ngelamar perusahaan..intinya di awal jangan nyari gaji besar dulu..Semangat","1812812909837439128","","worksfess","in","","0","0","0","https://x.com/KomporRinnai1/status/1812812909837439128","1781930121521500161","KomporRinnai1"
"1812643861304693021","Mon Jul 15 00:22:28 +0000 2024","0","in this economy? ga ngurusin gaji? yg bener aja kampang malah bagus gen z skrng melek ga di perbudak. tai bgt org tua kaya gini sumpah","1812643861304693021","","","in","","0","0","0","https://x.com/eudaemconia/status/1812643861304693021","1488535147523813386","eudaemconia"
"1812623569433797096","Sun Jul 14 23:01:50 +0000 2024","3"," anak2 sekarang klo ngelamar kok yg dipandang gaji tipe rekrutmen yg nyalahin gen z mulu ini mah wkwk","1812623569433797096","","","in","","0","0","0","https://x.com/pirahyuck/status/1812623569433797096","800324979363454976","pirahyuck"
"1812553777133797758","Sun Jul 14 18:24:30 +0000 2024","122","Ini pak salah satu jawaban kenapa gen Z di Indonesia masih kadang bergantung sama orang tua. Cari kerja susah persyaratan kerja ribet gaji gak sesuai sama beban kerjabelum lagi dapet atasan agak kureng kek begini nih masa mempertimbangkan gaji salah https://t.co/EhyrnaNWG0","1812553777133797758","https://pbs.twimg.com/media/GSd8DC3WkAA_ot2.jpg","","in","langit","0","0","10","https://x.com/hobimakanyupi/status/1812553777133797758","1083896412914372608","hobimakanyupi"
"1812496422476128444","Sun Jul 14 14:36:36 +0000 2024","0","Gapapa gaji kecil yang penting kerjaan dikerjain di cafe sambil bawa laptop. Begitu kah gen Z? ","1812496422476128444","","","in","belahan pantat","0","0","0","https://x.com/Zadakidi/status/1812496422476128444","1644756691","Zadakidi"
"1791423426080702821","Sun Jul 14 09:29:07 +0000 2024","0","@GabRey99 Gak juga sih. Gen z bisa beli hape cash yg gk sampai sekian gaji mereka. Beli motor yg cm 4 ~ 5 gaji mereka. Rasio beli rumah juga gk spt senior mereka yg kejebak KPR. Lbh baik mereka sewa sih drpd punya rumah cm jadi budak KPR","1812419044525621732","","GabRey99","in","","0","0","0","https://x.com/sujiwo_tego/status/1812419044525621732","1210780507727745025","sujiwo_tego"
"1812377974274150733","Sun Jul 14 06:45:56 +0000 2024","1","Okay tak gaji yang kita offer ni? Gen Z: https://t.co/wHKd5LMCSh","1812377974274150733","https://pbs.twimg.com/ext_tw_video_thumb/1812357716095971328/pu/img/u23fczn1loK2UOn4.jpg","","in","Malaysia","0","1","1","https://x.com/Bang_kai_/status/1812377974274150733","1317500605158412293","Bang_kai_"
"1812358174642696556","Sun Jul 14 05:27:15 +0000 2024","17","HR: Okay tak gaji yang kita offer ni? Gen Z: https://t.co/8KpA1vMbwY","1812358174642696556","https://pbs.twimg.com/ext_tw_video_thumb/1812357716095971328/pu/img/u23fczn1loK2UOn4.jpg","","in","Malaysia","1","2","5","https://x.com/mstaronline/status/1812358174642696556","28749269","mstaronline"
"1811717138673205466","Sun Jul 14 02:45:06 +0000 2024","0","@txtdrimedia Hidup mandiri itu menyesuaikan gaji ga sih karena kalau gaji di bawa umr juga mana cukup buat hidup mandiri sedangkan kemungkinan mayoritas gen z masih banyak yang di gaji dibawah UMR","1812317368632414313","","txtdrimedia","in","Kota Surabaya, Jawa Timur","0","0","0","https://x.com/BianchoJ/status/1812317368632414313","1155731699709272064","BianchoJ"
"1812308352430751845","Sun Jul 14 02:09:16 +0000 2024","1","Ya gimana ya pak gaji gen z yg udh kerja pun gak nutupin buat sehari2 wkwkwk banyak yg penghasilannya di bawah UMR. Yg udh nikah dan mau beli rumah pun gak kebeli ujung2nya ya tinggal di rumah ortu meskipun resiko konfliknya gede. Intinya mah ekonomi sulit pak.","1812308352430751845","","","in","Indonesia","0","1","0","https://x.com/chordream/status/1812308352430751845","1306637875136442369","chordream"
"1811981733224677811","Sat Jul 13 17:46:22 +0000 2024","5","@worksfess ngga redflag itu jangan dikit diredflag redflagin nder hehe. kalau kamu ga cocok tinggal ga usah TTD aja. simpel banget justru menurutku greenflag ya karna gaji pokoknya UMR","1812181791593386077","","worksfess","in","freiburg","0","0","0","https://x.com/hrdgenz/status/1812181791593386077","1614987151246229504","hrdgenz"
"1812051324005163141","Sat Jul 13 17:26:42 +0000 2024","0","@worksfess ga papa deh ga ada libur semesternya nanti kalau libur semester terus ga terima gaji nanti aku makan apa?","1812176843484836346","","worksfess","in","freiburg","0","0","0","https://x.com/hrdgenz/status/1812176843484836346","1614987151246229504","hrdgenz"
"1812174218542624790","Sat Jul 13 17:19:18 +0000 2024","0","@worksfess gaji hari kerja jam kerja jobdes (di OL biasanya ada) tunjangan hari libur lembur dll","1812174979959804173","","worksfess","in","freiburg","0","0","0","https://x.com/hrdgenz/status/1812174979959804173","1614987151246229504","hrdgenz"
"1811987110444122142","Sat Jul 13 12:40:49 +0000 2024","0","@pawoie mereka sok sokan bilang mengabdi terus bilang gen z manja banyak nuntut gaji.. halah bilang aja mau eksploitasi","1812104898500014417","","pawoie","in","18, © hailailai2","0","0","0","https://x.com/xileonen/status/1812104898500014417","3257675340","xileonen"
"1811717138673205466","Sat Jul 13 12:39:10 +0000 2024","0","@txtdrimedia Lo ngomongin adek gw? pikir dulu sebelum ngomong bos.. Gen z tak berdaya krn kalian bego ngelola negara. Lapangan kerja sempit kalopun dpt ada. gaji di bawah umr yg ga relevan ama beratnya kerjaan dan kebutuhan idup. bisa kalian cuman ngomel doang action mana ada","1812104483440410683","","txtdrimedia","in","","0","0","0","https://x.com/ell6_e/status/1812104483440410683","1730428262420279296","ell6_e"
"1811717138673205466","Sat Jul 13 12:24:54 +0000 2024","0","@txtdrimedia Kata siapa? Justru orang tua jg ngandelin gaji anaknya yg gen z","1812100891023204532","","txtdrimedia","in","","0","0","0","https://x.com/Eun1485/status/1812100891023204532","1321322875685539840","Eun1485"
"1812053377595166834","Sat Jul 13 09:16:06 +0000 2024","0","minimal maksimal lapangan pekerjaannya turah turah dong bos gen z banyak banget kok yang pengen banget mandiri ada kerjaan tapi cari kerja aja sulit gaji ga sesuai job desk hufftttttttttttttt","1812053377595166834","","","in","","0","0","0","https://x.com/sweetyfavv7/status/1812053377595166834","1211247781005803520","sweetyfavv7"
"1811984044630163804","Sat Jul 13 04:40:35 +0000 2024","0","anakanak gen Z ini tau attitude ga sih? nanyain jam kerja hari kerja bahkan gaji di chat. ada gilanya. perasaan dulu gue kalau ngelamar pekerjaan ga segitunya. nanya ini itu ya ketika interview langsung deh. biasanya di chat hanya konfirmasi panggilan interview.","1811984044630163804","","","in","UNISBANK '12","0","0","0","https://x.com/angeelichaa/status/1811984044630163804","435618095","angeelichaa"
"1811717138673205466","Sat Jul 13 01:52:30 +0000 2024","0","@txtdrimedia Gimana nggak tergantung gaji mereka aja pas-pasan( pas buat bayar kontrakan doang) coba bumn buka loker sebanyak-banyaknya dengan gaji gede pastinya gen z semua bisa mandiri berani ngak??? basic salary di luar negeri brapa!","1811941741630795851","","txtdrimedia","in","","0","0","0","https://x.com/mangnik/status/1811941741630795851","45018841","mangnik"
"1811717138673205466","Sat Jul 13 01:52:05 +0000 2024","0","@txtdrimedia Gen z yg masih bergantung sama ortu juga biasanya gaji yg di dpt di setor ke ortu utk bantu pengeluaran rumah tangga jadi take and give lah. Sejatinya gak ada anak yg mau nyusahin ortunya tapi housing di kota2 besar itu mahal gaji kecil. Kek manaaa!??","1811941639696662781","","simply_valll","in","Venus","0","0","0","https://x.com/simply_valll/status/1811941639696662781","172392989","simply_valll"
"1811873006886748294","Fri Jul 12 21:19:22 +0000 2024","0","Yg disalahin gen z mulu dah harga tanah malah gaji rendah nyari kerja susah salah siapa ini bro ","1811873006886748294","","","in","","0","0","0","https://x.com/esthaphora/status/1811873006886748294","1109848278571474944","esthaphora"
"1811318527665778707","Fri Jul 12 15:03:52 +0000 2024","0","@ardisatriawan Napak tanah dulu pak baru bandingin gen z sini sm gen z luar. Udah jelas dari gaji dll ga sebanding.","1811778507883839771","","ardisatriawan","in","","0","0","0","https://x.com/asemanggasem/status/1811778507883839771","1407350525352366082","asemanggasem"
"1811744842416083031","Fri Jul 12 12:50:05 +0000 2024","0","Di Italia ada generasi bamboccioni Di Jepang ada generasi parasite singles Generasi ini lahir karena harga property nggak kejangkau gaji. It's not a rocket science untuk melihat gen z bakalan bergantung sama ortu","1811744842416083031","","","in","","0","0","0","https://x.com/LivingInNirwana/status/1811744842416083031","1776964511456776192","LivingInNirwana"
"1811718222296600723","Fri Jul 12 11:04:18 +0000 2024","0","Banyak mana sama yg nanggung orang tua gegara program pensiun ga jelas harga tanah mahal sehingga gaji habis buat KPR gadai SK dan biaya pendidikan mahal sehingga tabungan ortu habis terus masa tua yg nanggung si gen z ini Salah siapa coba?","1811718222296600723","","","in","","0","0","0","https://x.com/augenuous/status/1811718222296600723","1417472353013882888","augenuous"
"1811318527665778707","Fri Jul 12 05:50:39 +0000 2024","4","@ardisatriawan Saya gen z tapi orang tua dan adek bergantung sm saya . Cuman lulusan Smk gaji ga umr. Sekarang malah kontrak ga diperpanjang. Lucu banget hidup","1811639286195986733","","ardisatriawan","in","home sweet home","0","0","0","https://x.com/bekbonable/status/1811639286195986733","1401876594","bekbonable"
"1811566458100679109","Fri Jul 12 01:01:15 +0000 2024","0","Memang Gen Z ini manja pak harusnya lulus kuliah langsung cari kerja gaji 20 juta ke atas ya pak ","1811566458100679109","","","in","","0","0","0","https://x.com/mrpr07/status/1811566458100679109","123157638","mrpr07"
"1811535640556962125","Thu Jul 11 22:58:48 +0000 2024","0","sbg gen z angkatan paling tua nyari kerja as fresh graduate tuh susah bgt. ya syaratnya ya gaada relasi. Alhamdulillah dapet tapi gaji pun ngga stabil gimana projek. kebutuhan selama sebulan hampir gak ketutup. untungnya kalo makan masih aman ya itu karena tinggal sama ortu","1811535640556962125","","","in","Earth","0","1","0","https://x.com/marchmommy404/status/1811535640556962125","1730622882160738304","marchmommy404"
"1811318527665778707","Thu Jul 11 17:21:40 +0000 2024","13","@ardisatriawan Et emg lucu wkwkwkw. Dia pikir gaji gen Z seperti dirinya yg bisa beli rumah msh bisa jalan msh bisa rawat diri msh bisa foya . Malah adu nasib sm gen z yg asam lambung kumat dibawa tidur","1811450801648493011","","ardisatriawan","in","EXO Planet","0","1","1","https://x.com/chionyctophilee/status/1811450801648493011","1646548008","chionyctophilee"
"1811222165737685275","Thu Jul 11 02:18:08 +0000 2024","0","@tanyarlfes Gaji 600k/hari?","1811223416672018936","","tanyarlfes","in","Fairytale","0","0","0","https://x.com/SayaGenZ/status/1811223416672018936","1528389839191953408","SayaGenZ"
"1811210858875572535","Thu Jul 11 01:57:13 +0000 2024","16","@worksfess memang keterima kerja itu bukan soal kandidatnya bagus atau ga bagus tapi cocok ga cocok cocok sama budaya perusahaan cocok sama gaji cocok sama user cocok sama kompetensi yang dibutuhkan. jadi aku saranin buat yang ga lolos lolos interview jangan anggap kalau kalian tu ga","1811218154577916230","","worksfess","in","freiburg","0","0","1","https://x.com/hrdgenz/status/1811218154577916230","1614987151246229504","hrdgenz"
"1811070007297855604","Wed Jul 10 16:08:32 +0000 2024","1","mending kerja digaji 20 juta tapi bersyukur daripada kerja gaji 3 juta tapi foya foya","1811070007297855604","","","in","freiburg","0","0","0","https://x.com/hrdgenz/status/1811070007297855604","1614987151246229504","hrdgenz"
"1811066922135605715","Wed Jul 10 15:56:16 +0000 2024","1","agree sm pernyataan kak albertus axel kl menahan lifestyle dgn cara disiplin secara finansial belajar budgeting dan konsisten investasi hrs mulai diterapin buat gen z krn inflasi di indonesia bahkan dunia lg gila-gilanya. kenaikan gaji ga seimbang sm angka inflasi pertahunnya","1811066922135605715","","","in","","0","2","0","https://x.com/kiraayss/status/1811066922135605715","1075709297760395264","kiraayss"
"1791423426080702821","Wed Jul 10 08:27:04 +0000 2024","1041","@GabRey99 Karena generasi diatas gen z banyak yang memaksa gen z untuk jadi tulang punggung keluarga. Gaji ga seberapa tapi dipalakin mulu. Kalo ga setor nanti bilangnya anak durhaka. Terus rajin banget bahas dulu ibu biayain km sampe gede padahal itu emg kewajiban ortu wkwk","1810953873546432863","","GabRey99","in","PPH21 Genk","6","17","134","https://x.com/gresdisiniya/status/1810953873546432863","1672548320554938368","gresdisiniya"
"1810551796936683655","Wed Jul 10 07:40:24 +0000 2024","0","@andikamalreza HRD nya gimana sih jejak digital kaya gitu bisa jadi mentri giliran gen Z mau nyari kerja gaji umr aja jejak digitalnya di korek abis abisan","1810942131231433075","","andikamalreza","in","","0","0","0","https://x.com/illussatire/status/1810942131231433075","1232240006137204739","illussatire"
"1810851348247920876","Wed Jul 10 04:00:59 +0000 2024","13","@DS_yantie anak konglomerat dikasih fasilitas mewah beasiswa gaji gede. Herannya dipuji milenial dan gen Z miskin. Itulah sebabnya kualitas pendidikan di konoha sengaja dibikin hancur dengan menteri abal2 giveaway. Rakyat tolol adalah koentji.","1810886913039159603","","DS_yantie","in","Occupied Indonesia","0","1","2","https://x.com/Arth168/status/1810886913039159603","2226372536","Arth168"
"1810534734218563700","Wed Jul 10 03:48:44 +0000 2024","1","@worksfess Ga cuma boomer gaes yg diatas gen z ini juga otaknya banyak yg kolot. Kasian anak2 yang mau kerja jadi tulang punggung ga bisa dikasih kesempatan mau gaji at least umr (minimal bgttt). Moga hrd yg merasa pahlawan ngurangin cost gaji/ownernya yg kek gini Hidupnya bakal sial","1810883832742306191","","gamonbeing","in","Jakardah","0","1","0","https://x.com/gamonbeing/status/1810883832742306191","882182419","gamonbeing"
"1810821250547401079","Wed Jul 10 00:26:22 +0000 2024","68","@DokterTifa Gen z terlalu asyik dgn hpnya Bu apatis thd lingkungan apalagi politik.pejabat terlalu nyaman dgn gaji dan fasilitasnya.golongan bwh terlalu pusing dgn cara bertahan hidupnya.","1810832901640249529","","DokterTifa","in","Indonesia","0","3","2","https://x.com/wynn_517/status/1810832901640249529","4683061034","wynn_517"
"1810466253288706091","Tue Jul 09 02:54:54 +0000 2024","53","@5teV3n_Pe9eL Gen Z sangat ga dianjurkn ngambil jurusan guru cari yg lain klo memang suka dunia pendidikan jgn ambil guru serius bgt ini asli sengenes itu gaji guru honor cuma 300an itupun dibyr per 3bulan bayangin gajimu cuma 100rb/bulan bayangin aja dlu","1810507894108102788","","V3g3L","in","","3","22","7","https://x.com/Sorayaame/status/1810507894108102788","1567733923479982081","Sorayaame"
"1810463397366075411","Tue Jul 09 02:06:29 +0000 2024","0","@cithetic oalah gen z gen z pas kuliah males2an tpi nyari kerja yg bisa tiduran dan gaji melimpah. serah lu dah gen z. wkwkwk","1810495711668220085","","cithetic","in","","0","0","0","https://x.com/faktur_ackerman/status/1810495711668220085","1479654975319908362","faktur_ackerman"
"1810317177494573512","Mon Jul 08 14:17:03 +0000 2024","0","Storage Box Stop Kontak https://t.co/56p5pqGMc9 cable manager stop kontak kotak listrik pengatur kabel kotak charger kado nikahan kado ultah colokan aman rumah ramah anak toddler pengaman anak pengaman listrik gajian belanja 7.7 bonus cair gaji gen z dekorasi https://t.co/ygzLK6thSE","1810317177494573512","https://pbs.twimg.com/media/GR-J3xga0AAQ0yc.jpg","","in","","0","0","0","https://x.com/livynlune/status/1810317177494573512","1555558313688895489","livynlune"
"1810224033440698795","Mon Jul 08 08:06:56 +0000 2024","0","Sorry to say but aku cukup tak suka bila orang pukul rata pasal gen z ni tak competent la bila bekerja. Cepat koyak la bagai. Tapi bila bab nak exploit org no 1. Kerja banyak gaji ciput. Benefits takde.","1810224033440698795","","","in","","0","0","0","https://x.com/audinbil/status/1810224033440698795","1661716930649280515","audinbil"
"1809883651704037786","Sun Jul 07 09:34:23 +0000 2024","0","bener gen z banyak yg redflag di dunia kerja gamau susah tapi mau gaji banyak itu bukan smart work tapi males aja.","1809883651704037786","","","in","","0","2","0","https://x.com/ke2andhermind/status/1809883651704037786","1432251485266407427","ke2andhermind"
"1809833732838416426","Sun Jul 07 06:16:01 +0000 2024","11","Terlalu boomer untuk bersembang dengan gen Z Gaji besaq dia tu berapa?","1809833732838416426","","","in","","0","1","2","https://x.com/markonahajis/status/1809833732838416426","228180161","markonahajis"
"1809544381244010753","Sat Jul 06 11:06:14 +0000 2024","0","Berdasarkan hasil survei Jakpat dan Jangkara 2024 sebanyak 40 persen Gen Z menilai besaran gaji yang ideal Rp 5 juta-Rp 10 juta. https://t.co/IWbriaQXuZ","1809544381244010753","","","in","Jakarta","0","1","0","https://x.com/kompascom/status/1809544381244010753","23343960","kompascom"
"1809475755451248972","Sat Jul 06 06:33:33 +0000 2024","1","Berdasarkan hasil survei Jakpat dan Jangkara pada 2024 yang melibatkan 1.377 responden gaji menjadi faktor utama Gen Z saat memilih pekerjaan. https://t.co/KNwx2wVf0l","1809475755451248972","","","in","Jakarta","0","0","0","https://x.com/kompascom/status/1809475755451248972","23343960","kompascom"
"1809338425151246575","Fri Jul 05 21:27:51 +0000 2024","0","jadi admin atau resepsionis? kalau jadi admin enak bgt siii gaji 4.5jt. yg ga enak resepsionisnya mesti ketemu orang. wkwkwk not my league.","1809338425151246575","","","in","Ⓐ🏴","0","0","0","https://x.com/sugses/status/1809338425151246575","1165112558","sugses"
"1809186481250218202","Fri Jul 05 11:24:04 +0000 2024","0","Mengenali Kecenderungan Naker Gen Z: Mau WFA Gaji Moderat. Lembaga survei Jakpat berkolaborasi engan Jangkara merilis hasil survei tentang kecenderungan Generasi Z (Gen Z) terkait karir. -- Ikuti https://t.co/rSUxTcBexy #Ekbis #genz #karir #Surabaya via @beritajatimcom","1809186481250218202","","","in","Surabaya","0","0","0","https://x.com/beritajatimcom/status/1809186481250218202","21287066","beritajatimcom"
"1809022693083394190","Fri Jul 05 00:33:14 +0000 2024","0","Guyonan bulan ini: di kantor ada anak baru Gen Z ngeluh mulu gajinya dikit padahal dia juga udah tahu kalau gaji di sini performance based tak ada perbedaan orang baru/lama","1809022693083394190","","","in","Semarang, Jawa Tengah","0","0","0","https://x.com/ranger_maroon/status/1809022693083394190","1386966554428862466","ranger_maroon"
"1808508073662877725","Thu Jul 04 21:01:06 +0000 2024","0","@kegblgnunfaedh Anak sekarang pengen gaji gede kerja gampang Pengalaman NOL Hidup di dunia nyata ga sama kek angan Lapangan kerja banyak cuma ga mau ambil Itulah gen Z","1808969307973693515","","kegblgnunfaedh","in","","0","0","0","https://x.com/benksatan_kills/status/1808969307973693515","447030168","benksatan_kills"
"1808720374747836887","Thu Jul 04 07:25:19 +0000 2024","15","@fedtriyahya Tak ramai gen z n gen alpha nak study tgk abang kakak millenials buat loan study gaji 1.5k ja","1808764008520151078","","fedtriyahya","in","Paraparaumu, Kapiti Coast Dist","0","0","1","https://x.com/heinze940401/status/1808764008520151078","2536378785","heinze940401"
"1808349153162047790","Wed Jul 03 22:28:13 +0000 2024","0","@tanyarlfes ya logika aja anjir gaji rata² di indo dibawah 3jt(yg 5jt cuma jkt itupun ga semua perusahaan ngasi) belom harga bahan pangan dan papan yg semakin hari makin mahal. gen x aja yg punya rumah cuma dikit apa lgi gen z yg hidup diserba mahal yakali nikah masi ngontrak kasian anaknya","1808628840929112548","","tanyarlfes","in","","0","0","0","https://x.com/Austin588164642/status/1808628840929112548","1570315027256844289","Austin588164642"
"1808534171062829288","Wed Jul 03 16:12:01 +0000 2024","0","ya sis perlu diketuk dah ni gaji sa pun 1.8k tempat tinggal ehailing ulang alik makan minum smua tanggung sendiri tapi each month sa masi ada saving gurl be a smart Gen Z","1808534171062829288","","","in","Sabah, Malaysia","0","0","0","https://x.com/lipmattessss/status/1808534171062829288","1671067225883840514","lipmattessss"
"1808381271749583177","Wed Jul 03 14:41:55 +0000 2024","1","@MasMasBiassaa HR itu kayanya satu circle sama yg kemaren ngejek gen Z karena nanya ada mess atau ngga. Padahal emang berhak nanya gaji dan fasilitas. Kan biasanya HR juga abis interview suka nanya ada yg mau di tanyain ga terkait pekerjaan atau hal lain? ","1808511492595081462","","MasMasBiassaa","in","Heaven is a place on earth w u","0","0","0","https://x.com/aloraeislyn/status/1808511492595081462","1456838028421328896","aloraeislyn"
"1808100899190956258","Wed Jul 03 12:46:00 +0000 2024","0","@Dee_Rose82 Mana yg nyalahin gen z mulu? Nih liat kerjaan boomer2 makan gaji buta","1808482323765330124","","Dee_Rose82","in","","0","0","0","https://x.com/gstayuananda/status/1808482323765330124","904333008","gstayuananda"
"1808458909968961996","Wed Jul 03 11:16:28 +0000 2024","0","nah itu yang tak rt harus ditiru hr indo nih drpda menghina hinu jobseeker gen Z pemalas belum apa-apa uda nanyain gaji lah kocak kerja aja buat nyari gaji.. jelas tanya","1808459792375251269","","ohyesohnoooo","in","hayodimana","0","0","0","https://x.com/ohyesohnoooo/status/1808459792375251269","1254668825544372224","ohyesohnoooo"
"1808357884570542544","Wed Jul 03 11:08:49 +0000 2024","0","@18fesss gaji 1M","1808457867143594071","","18fesss","in","freiburg","0","0","0","https://x.com/hrdgenz/status/1808457867143594071","1614987151246229504","hrdgenz"
"1808343561903263899","Wed Jul 03 10:23:59 +0000 2024","0","@ardisatriawan Cih dasar gen z cengeng itung2an. Gak punya jiwa pekerja keras attitude nol besar. Kalian itu harusnya bilang berapa gaji yg kalian mau biar kita bisa guilt trip kalian kalau kalian ngajuin gaji di atas UMR kalian bisa apa? Baru aja kerja udah minta gaji layak.","1808446581743763675","","ardisatriawan","in","","0","1","0","https://x.com/zuidprinsen/status/1808446581743763675","1591969631832797184","zuidprinsen"
"1808427867627491404","Wed Jul 03 09:09:37 +0000 2024","0","Di luar info gaji (range) yang seharusnya ada dari awal ini salah satu culture shock komunikasi Gen Z: ke-terus terang-an/bluntness yang gak perlu &amp; malah jadi ga sopan . Mohon info (range) gajinya udah cukup gak perlu apabila cocok maka saya akan mengirimkan CV ","1808427867627491404","","","in","Ibu kota yg semakin ringkih","0","0","0","https://x.com/riarno/status/1808427867627491404","77712437","riarno"
"1808389385886347291","Wed Jul 03 07:16:26 +0000 2024","0","@lily_prettyyy ya masa ga boleh nanya gaji aneh banget ini mirip2 sama yg viral kemaren yg masalah sama gen z nanya mes doang","1808399386805973401","","lily_prettyyy","in","","0","0","0","https://x.com/rasavocado/status/1808399386805973401","1097672575948271616","rasavocado"
"1808384524071649673","Wed Jul 03 06:17:23 +0000 2024","0","nah sebelumnya ada yg nanya gini tp dicounter belom kerja tp uda nanya gaji dasar Gen Z ","1808384524071649673","","","in","","0","0","1","https://x.com/KenapaGaDiaAja/status/1808384524071649673","272453787","KenapaGaDiaAja"
"1808369101125083509","Wed Jul 03 05:31:07 +0000 2024","1","@musyafasholi Oh salah banget justru yg tua2 yg gak nanyain gaji. Yg belom apa2 udah nanyain gaji lemburan mess jumlah cuti benefit di luar standar itu milenial &amp; gen z ","1808372881925234987","","musyafasholi","in","komplek yang banyak kucingnya","9","7","0","https://x.com/AdeptusAstartia/status/1808372881925234987","1449725228846764035","AdeptusAstartia"
"1807439750904910063","Tue Jul 02 10:59:22 +0000 2024","0","@__emeno @ricorinaldi Geram kan.. i pernah kena dgn Gen Z tk dtg iv but dia ws utk kali ke-2 nak attend iv. So kami bg position dkt dia bila dpt gaji dia blah 24jam. No manners hmm","1808093098876285052","","__emeno","in","Pahang, Malaysia","0","1","0","https://x.com/fazrinnatasha1/status/1808093098876285052","1240652746572754945","fazrinnatasha1"
"1808032003926941972","Tue Jul 02 08:51:25 +0000 2024","0","@nh_nh_ Cobain deh gaji 50 rb perhari. Apa gak ketar-ketir tuh Gibran Kaesang dan Gen Z pada umumnya. https://t.co/ZcnO4mNItd","1808060901968564576","","nh_nh_","in","Republik Rasa Kerajaan (RRK)","0","0","0","https://x.com/TwoKidsNoJob40/status/1808060901968564576","1409393623","TwoKidsNoJob40"
"1808023910459625504","Tue Jul 02 06:24:26 +0000 2024","0","gaji gen z abis buat beli aplikasi premium","1808023910459625504","","","in","","0","0","0","https://x.com/therealdusastr/status/1808023910459625504","1104623319968473088","therealdusastr"
"1807439750904910063","Tue Jul 02 03:00:34 +0000 2024","1","@ricorinaldi Gen Z in my circle la mohon gaji nak tinggi bila kerja no experience suka main game suka selfie suka post masalah disosial. Tidak focus. Tidak tau communicate dan sahsiah semua bawah expectation. Kalau yg bagus tu please la jaga. Sbb susah jmp.","1807972607175917954","","ricorinaldi","in","Malaysia","0","0","0","https://x.com/quezack2/status/1807972607175917954","1048908464229994498","quezack2"
"1807439750904910063","Mon Jul 01 12:02:50 +0000 2024","0","@ricorinaldi Aku pernah amik gen Z jadi kerani. Dah la mulut busuk macam longkang. Keje 1 bulan bg notis 24jam nk quit lepas dpt gaji. Aku tak sempat lg tegur mulut busuk dia. Last2 Malas ambil tindakan biar je la.","1807746685361381393","","ricorinaldi","in","Malaysia","0","0","0","https://x.com/johndoe8338/status/1807746685361381393","982135658952065024","johndoe8338"
"1807726935159758969","Mon Jul 01 10:44:21 +0000 2024","0","Gen z biasanya nk gaji 5k sbb tu kita replace mereka ngn AI","1807726935159758969","","","in","","0","0","0","https://x.com/AmniAzharan/status/1807726935159758969","1008533740123873280","AmniAzharan"
"1807723199477788836","Mon Jul 01 10:29:31 +0000 2024","5","Kalau dah kali ke-3 tu maybe bukan masalah Gen Z. Cer ejas gaji","1807723199477788836","","","in","Malaysia","0","0","0","https://x.com/fikerirazlan/status/1807723199477788836","1225718858742296577","fikerirazlan"
"1807676343066493331","Mon Jul 01 07:23:19 +0000 2024","1","Kalaulah nak stay ke tak tu diukur melalui gaji berapa ramailah agaknya housewife yang takde gaji dah kena tinggal tepi jalan.Tinggi mana pon gaji isteri level suami tetap lagi tinggi. Kuasa cerai pon kat tangan bapak nak takkanlah mak boleh pergi gitu je. Gen Z ni pelik","1807676343066493331","","","in","","0","0","0","https://x.com/MekSangBuaya/status/1807676343066493331","1729401330463297536","MekSangBuaya"
"1807439750904910063","Sun Jun 30 15:43:11 +0000 2024","6288","Ni dah masuk kali ke-3 candidate s Gen Z yang dah kita interview gaji dah setuju offer letter dah sign tapi esok patut masuk keje tiba2 hantar WhatsApp cakap xleh nak keje. Mmg culture ke canner? Maybe now senang dapat keje kot ","1807439750904910063","","","in","Kuala Lumpur","469","211","1955","https://x.com/ricorinaldi/status/1807439750904910063","153624228","ricorinaldi"
"1807429682004152559","Sun Jun 30 15:03:11 +0000 2024","1","lebih pilih kerja santai tapi gaji 10 juta atau kerja nyiksa batin gaji 2 juta?","1807429682004152559","","","in","freiburg","0","0","0","https://x.com/hrdgenz/status/1807429682004152559","1614987151246229504","hrdgenz"
"1807428916589867368","Sun Jun 30 15:00:08 +0000 2024","0","Gen z mh normalny dh mninggal gk si ditengah kehidufan yg kelam ini dgn gaji yg tdk sberapa","1807428916589867368","","","in","Indonesia","0","1","0","https://x.com/weirdlilyaya/status/1807428916589867368","1966621470","weirdlilyaya"
"1807115845468147941","Sun Jun 30 12:24:33 +0000 2024","2","@vwexcellent Gen Z &gt; Nikah muda &gt; kerja belum balance &gt; gaji kecil &gt; kredit motor &gt; ngontrak &gt; punya anak &gt; istri impulsif &gt; suami sakit &gt; kredit macet &gt; struggle literally slow living to the hell ","1807389762292207753","","vwexcellent","in","","0","0","1","https://x.com/LyixSuegar/status/1807389762292207753","1603958121676046337","LyixSuegar"
"1806631307046203458","Sun Jun 30 05:57:26 +0000 2024","3","@kegblgnunfaedh Hebat mbaknya disaat bnyk anak muda lulus kuliah pengennya kerja di kantoran dg gaji gede tp mbaknya justru bekerja yg dianggap hina gen Z. Justru dg kerja spt itu akan jd pondasi kehidupan dimasa depan yg kuat dan tangguh. Moga jd batu loncatan meraih cita2 yg membanggakan.","1807292342321483952","","kegblgnunfaedh","in","","0","0","0","https://x.com/ArsitaAkbar/status/1807292342321483952","1614218014806925313","ArsitaAkbar"
"1806565090784944579","Sat Jun 29 13:45:43 +0000 2024","0","@Shendy_M18 @kegblgnunfaedh Maklum gen z ogah capek mau nya gaji gede Di kira pabrik moyang lu x yak","1807047800011755628","","Shendy_M18","in","","0","0","0","https://x.com/kodok_anti/status/1807047800011755628","1603528748761878530","kodok_anti"
"1807013892431774046","Sat Jun 29 11:30:59 +0000 2024","3","alasan knp seru banget lahir jadi gen z di Indonesia dan keluarga yg ga punya previlage. 1. diunderestimate boomer sama milenial 2. potensi resesi 3. pemerintah tolol 4. gaji kecil 5. harga properti selangit 6. nyari kerjaan susah 7. mayoritas jadi sandwitch 8. prabowo menang","1807013892431774046","","","in","","1","0","1","https://x.com/bukanyourtype/status/1807013892431774046","1201414040896987138","bukanyourtype"
"1806783329200751073","Fri Jun 28 20:14:48 +0000 2024","3","instansi pemerintahan harusnya di isi dgn org sesuai bidangnya anjg bukan di isi sm boomers yg gk melek teknologi. gaji doang tinggi tapi kerja gk becus heran sm negara ini. ganti tuh boomers ke gen z gw yakin klo instansi pemerintah di isi sm gen z bakal GGWP ","1806783329200751073","","","in","","0","2","0","https://x.com/KangPipen/status/1806783329200751073","1616341629295808512","KangPipen"
"1806303160077853141","Thu Jun 27 17:13:09 +0000 2024","0","@kegblgnunfaedh Gen z gak bakal percaya gaji 2juta udah bisa nabung ngasih orang tua hura hura liburan &amp; nongki sana sini.","1806375226193932702","","kegblgnunfaedh","in","","0","0","0","https://x.com/ibnuuhasann/status/1806375226193932702","292733615","ibnuuhasann"
"1806290196545298932","Thu Jun 27 12:31:10 +0000 2024","113","@xiayuejiu selamanya mau kerja dimanapun akan terus-menerus merasakan sakit hati I knowwww it for sure tapi kalau gak sesuai jobdesk dan gaji kecil bener2 buat stress yaudah mau gmn lagi. skrg fokus upgrade skill diri dan berdoa semoga dpt kerjaan yg layak bisa dpt bpjs dll.","1806304261476917552","","xiayuejiu","in","Ⓐ🏴","0","1","9","https://x.com/sugses/status/1806304261476917552","1165112558","sugses"
"1806243338892476929","Thu Jun 27 08:29:05 +0000 2024","0","1. biaya produksi mahal 2. gaji aktor/aktris mulai naik 3. skrg zaman gen z kebanyakan nonton di ott bukan di tv lagi selain itu mungkin jg biar alur cerita dramanya lebih padat dan gk bertele-tele ‍️","1806243338892476929","","","in","in kdrama world ✿","0","0","0","https://x.com/se0woojin/status/1806243338892476929","1735419953132756992","se0woojin"
"1804332700549120285","Sat Jun 22 07:21:13 +0000 2024","0","@tanyakanrl bukan cuman gen z aja nder semua generasi pasti ada kok yg ngalamin kyk gini gaji gak seberapa tpi harus nghidupin 1 keluarga walau belum nikah tapi dulu banyak yg mau diajak susah bareng nanggung bareng kalau skrg banyak wanita yg udh melek soal ini","1804414323122688244","","tanyakanrl","in","","0","1","0","https://x.com/NathanAliChamp/status/1804414323122688244","1655233038463410178","NathanAliChamp"
"1804347371230498826","Sat Jun 22 02:55:11 +0000 2024","0","gen z digoreng mulu tapi giliran ada gen z yg pinter di tempat kerja juga pada seneng karena bisa ngerjain banyak hal dengan gaji kecil","1804347371230498826","","","in","Indonesia","0","0","0","https://x.com/ikaowyeah/status/1804347371230498826","1709953655154397184","ikaowyeah"
"1804193277387903373","Sat Jun 22 01:59:49 +0000 2024","4","@hrdbacot Terus kalau tertekan dibilang mental yupi gen Z lemah kalau ngundurin diri makin dihujat wkwkwk kocak geming mau yg profesional dgn gaji yg sangat amat minimal blm lagi di indo tu kebanyakan sok merasa superior","1804333438528557094","","hrdbacot","in","Indonesia","0","0","0","https://x.com/Jiliaryuu/status/1804333438528557094","1546077013097648130","Jiliaryuu"
"1804264366562542032","Fri Jun 21 21:25:21 +0000 2024","2","gen z gen z mulu kontol padahal yg bikin kita susah idup adalah GENERASI LO MONYET. Memperkerjakan orang kasih gaji kecil tp mau untung banyak mimpin negara tp mikir uang doang kerjaanya budakin anak muda trs koar2 doang. konten lo jg sampah btw ","1804264366562542032","","","in","","0","1","0","https://x.com/mmfkshi/status/1804264366562542032","1743914028429381632","mmfkshi"
"1803634197367603272","Fri Jun 21 12:38:48 +0000 2024","0","@hrdbacot aku masuk ke gen z ga? kelahiran 05L kerja 17 jam setiap hari libur seminggu sekali libur dipake kuliah dari jam 7 sampe jam 5 sore besoknya kerja lagi gaji jauh dari umr padahal tinggal dan kerja di jakarta","1804131856511893991","","hrdbacot","in","","0","0","0","https://x.com/akupunyamacan/status/1804131856511893991","1472216436428787717","akupunyamacan"
"1804128533989724645","Fri Jun 21 12:25:36 +0000 2024","1","Gw tadi dengerin zoom soal profesi hakim buat genzi pembicara fokus pda flexing gaji dll. Gw expect pertanyaan gen z bakalan kek gimana cara jadi hakim eh mostly pertanyaan kritikan smua wkwk soal putusan kpu soal kompetensi hakim soal ultra petita wkwk.","1804128533989724645","","","in","","0","0","0","https://x.com/jisoofficiall/status/1804128533989724645","1077041117420445696","jisoofficiall"
"1804059507204723065","Fri Jun 21 07:51:18 +0000 2024","0","Pernah kerja sama gen z bikin elus dada tiap hari Diajarin ngeyel dinasehatin ngegas dikasih kerjaan manyun-manyun kerja maunya pas ada atasan katanya biar kelihatan kalo dia kerja datang telat istirahat mau cepat-cepat iri sama gaji orang yg lebih tinggi *c","1804059507204723065","","","in","","0","1","0","https://x.com/comelsamawa/status/1804059507204723065","1436182437088751618","comelsamawa"
"1804058058299183585","Fri Jun 21 07:45:33 +0000 2024","0","&lt;p&gt;Faktor gaji masih menjadi penentu terbesar preferensi memilih pekerjaan oleh Gen Z. Sementara 95% responden Gen Z sepakat &amp;nbsp;&lt;em id= isPasted &gt;work life balance&lt;/em&gt; penting bagi kehidupan mereka&lt;/p&gt; https://t.co/McvKURpjwj","1804058058299183585","","","in","Jakarta Capital Region, Indone","0","0","0","https://x.com/validnewsid/status/1804058058299183585","874558344593195008","validnewsid"
"1804054113010733379","Fri Jun 21 07:29:52 +0000 2024","0","mas ku bikin sw gen z manja weeww helloww yg udh di sekolahin s2 tp ga cari kerja yg bagus dan ngandelin gaji dr ortuku sape yee","1804054113010733379","","","in","she/her","0","0","0","https://x.com/linonenkiyowo/status/1804054113010733379","1112921578877014016","linonenkiyowo"
"1804030112519827835","Fri Jun 21 05:54:30 +0000 2024","0","wkwk gen Z buka usaha aja ga si biar ga bergantung sm jam kerja yg ditentuin org lain. sedih amat diginiin mulu sm orang2 tua pemikiran cetek kaya gini. mau 8jam 20jam kalo ga sesuai sm gaji dan kerjaannya jg gen a-y jg bakal pilih2 deh. iya iya si paling kuat tahan lama ","1804030112519827835","","","in","using wifi & data","0","0","0","https://x.com/orisatoori/status/1804030112519827835","1141784462608363520","orisatoori"
"1804014200152551637","Fri Jun 21 04:51:16 +0000 2024","1","Temen temen gue gen z banyak ko yg kerja d jepang katanya kerja manusiawi cuma rulesnya aja yg lebih ketat. Kalau lembur ada gaji lembur. Kalau d sini kan lembur ga d gaji katanya loyalitas Ya kalau kerja 20 jam tanpa ada uang lembur gen apapun juga ga mau bjirr. Lu aja","1804014200152551637","","","in","스쿠나 마음 ❤","0","0","1","https://x.com/muichi_ryoumen/status/1804014200152551637","1528638228323962880","muichi_ryoumen"
"1803992331642917085","Fri Jun 21 03:24:23 +0000 2024","0","I don t care mau gen z dikatain kek ape. Yang paling penting w bisa dapet gaji sama bonus buat beli ketoprak sama makan di warmindo","1803992331642917085","","","in","Jakarta Capital Region","0","0","0","https://x.com/bagindamaulanaa/status/1803992331642917085","354736167","bagindamaulanaa"
"1803982344967373279","Fri Jun 21 02:44:42 +0000 2024","0","Yeuu anjink gue disuruh kerja diatas 12 jam tapi gaji dibawah umr juga ogah apalagi gaji dibawah 2jt. Dibanding mikirin gen Z yang terlalu pemilih soal kerjaan kenapa lo gak kepikiran kalo para recruitment cuma mau tenaganya doang tapi pelit soal upah?","1803982344967373279","","","in","beomgyu - jennie solos","0","0","0","https://x.com/beomgyuluvies/status/1803982344967373279","987844111427235840","beomgyuluvies"
"1803823337107558525","Fri Jun 21 02:31:41 +0000 2024","1","@sugarchc12 iya kesel bgt sama hr yg punya pemikiran gini wkwk dikira mereka yg nyantumin loker max umur 25 itu dari generasi mana kalo bukan gen z mana persyaratannya gak ngotak harus bisa ini itu tapi gaji seenaknya padahal banyak gen z yg pada ambis daripada generasi sebelumnya","1803979070444835117","","sugarchc12","in","Adn'","0","0","0","https://x.com/evestar_/status/1803979070444835117","1706594761","evestar_"
"1803440124618834335","Fri Jun 21 02:07:12 +0000 2024","1","@gastronusa @mrs_khannn Apasi anyg. Replymu sinting banget. Overwork dibilang lemah. Standart gaji di Indo udh memenuhi belum? Kadang sok iye banget si paling anti gen z","1803972910320882009","","gastronusa","in","Lyon, France","0","0","0","https://x.com/alalaabraham/status/1803972910320882009","1343063997671567361","alalaabraham"
"1803337162278183411","Thu Jun 20 17:54:47 +0000 2024","0","@tanyarlfes Gw Gen Z kerja di angkringan gajinya cuma 1jt juga gw lakuin no resign2. Karena gw mencoba bersyukur lebih baik kerja gaji kecil daripada nganggur cari kerja juga susah wkwkwk kerja 13 jam padahal ","1803848989579842015","","tanyarlfes","in","","0","0","0","https://x.com/Ofik_bimas69/status/1803848989579842015","1784074317455917056","Ofik_bimas69"
"1803842694567072052","Thu Jun 20 17:29:46 +0000 2024","0","Ya namanya juga udh punya tanggungan sih wajar kalau harus beneran usaha sepenuh hati gw gen Z tahun 98 tp tujuan gw sekarang nyari kerja cuman satu ya cuman kenyamanan kerja ama jam kerja serta jobdesk yg bener aja soal gaji ya asal UMK gw dh syukur banget.","1803842694567072052","","","in","","0","0","0","https://x.com/f4d_1L/status/1803842694567072052","1284380306816954368","f4d_1L"
"1803811544272359702","Thu Jun 20 15:26:00 +0000 2024","0","Terlalu ngepush anak Gen Z mental lemah padahal loker di negara ini aja yang banyak mau dan maunya ngasih gaji kecil. Di LN kalau bidang A ya jobdescnya A aja gak palugada cuannya juga lebih banyak","1803811544272359702","","","in","","0","0","0","https://x.com/sungaci/status/1803811544272359702","784645764232257539","sungaci"
"1803810290599137473","Thu Jun 20 15:21:01 +0000 2024","0","ga di tiktok ga di twt sampe ke linkedln gen z di bawa2 mulu dah dari yg ga mau cape kerja dari yg gengsi dari ini itu ga semua gen z dari orang kaya bjir gen z yg kerja 12 jam dengan gaji cuma under 2 jt tuh masih banyakkkk woy","1803810290599137473","","","in","","0","0","0","https://x.com/rynabluu/status/1803810290599137473","1337597837937262592","rynabluu"
"1803797685532778919","Thu Jun 20 14:30:55 +0000 2024","0","di instagram pernah ada HRD ngejelekin Gen Z terus komentarnya pada Gen Z yang fresh graduate pada minta gaji UMR LAH!? BUKANNYA UMR TUH KAYAK BATAS BAWAH YA???? kata gue banyak perusahaan ngejatuhin gen-z karena kita well-informed dh biar kira cuman mantum lan nrimo.","1803797685532778919","","","in","mars.","0","0","0","https://x.com/whosthatcoolkid/status/1803797685532778919","978818877080485888","whosthatcoolkid"
"1803789142792544266","Thu Jun 20 13:56:59 +0000 2024","1","As a Gen Z gw pernah kerja from 9 to 11 yup selalu lebih dari 12 jam waktu gw di TV.. gaji kecil atasan toxic lingkungan banyak gosip intinya gak asik","1803789142792544266","","","in","Jakarta Capital Region","0","1","0","https://x.com/fomalhaut_dust/status/1803789142792544266","1141737110690394113","fomalhaut_dust"
"1803786438921887908","Thu Jun 20 13:46:14 +0000 2024","0","Wkwk indo nih lucu ya? Bikin persyaratan kerja se strict ini giliran gen z pada milih kerja dan sukses dan menetap di LN dikatain gak cinta tanah air. Ya sekarang mikir aja jingan dengan persyaratan yg gak ngotak gini jam kerja yg overwork tapi gaji mepet umr.","1803786438921887908","","","in","she/her🔞","0","0","0","https://x.com/yoyowhasup_/status/1803786438921887908","987982642967527425","yoyowhasup_"
"1803746389094170653","Thu Jun 20 11:07:05 +0000 2024","0","gue bukan gen Z juga ogah kerja 20 jam. ujungnya duit gaji buat beli obat itu mah","1803746389094170653","","","in","","0","0","0","https://x.com/Kenawhysii/status/1803746389094170653","1111830077375811584","Kenawhysii"
"1803735118131216457","Thu Jun 20 10:22:18 +0000 2024","0","[Pekerjaan yang Cocok untuk Gen Z di Filipina. Gajinya Bisa Sampai 2 Digit Lho!] Hello Cationers!! Siapa yang punya impian untuk kerja di luar negeri terus dengan gaji 2 digit nihh Filipina menawarkan peluang karier untuk Cationers apalagi kamu yang anak Gen Z nih. https://t.co/kc5SEP7G7d","1803735118131216457","https://pbs.twimg.com/media/GQgnht6asAAPSot.jpg","","in","","0","0","0","https://x.com/hellocationofc/status/1803735118131216457","1462357150433382411","hellocationofc"
"1803726102117969986","Thu Jun 20 09:46:29 +0000 2024","1","Emang mereka-mereka si paling bukan gen z ini sebetulnya ngerasa iri aja karena gen z mulai bisa bersuara tentang hak-hak. Kayak ini nih lo mau disuruh kerja 20 jam tapi biasanya dgn gaji gak sepadan?? Wajar dong kalau gen z mengeluhkan itu","1803726102117969986","","","in","20+","0","0","0","https://x.com/kxmsato/status/1803726102117969986","1334371381006409730","kxmsato"
"1803689438477738043","Thu Jun 20 08:15:53 +0000 2024","28","@BudiBukanIntel cuan sepadan ilmu juga dapet. yg kocak nerapin standar jpg disini tp gaji dan ilmunya kaga ngikut trs ngatain gen Z lemah","1803703304117178783","","arkassssabbiqe","in","","0","1","3","https://x.com/arkassssabbiqe/status/1803703304117178783","1744056207084777472","arkassssabbiqe"
"1803337162278183411","Thu Jun 20 07:55:27 +0000 2024","0","@tanyarlfes Badjindol. Gue kerja sekarang di di lembaga LAZNAS Indonesia gue perempuan line 99 posisi kerja gue lapangan nyari donaturrr. Gajiii??? Gaji sebulan cuma 1 jt. Padahal gue S1. Gue jabanin. Ngeluh??? Gen z mana yg mau S1 kerja nyari donaturrr door to door gaji cuma 1jt","1803698162324087191","","tanyarlfes","in","Semarang Timur, Indonesia","0","1","0","https://x.com/Caramelyz_/status/1803698162324087191","1234001668410245120","Caramelyz_"
"1803634197367603272","Thu Jun 20 07:51:17 +0000 2024","0","@hrdbacot seolah2 salah generasi yg baru dewasa aja kyk gen z ini padahal generasi sebelumnya yg ngasih loker harus bisa segala hal dan handel banyak kerjaan diposisi lain dengan gaji naudzubillah","1803697111760031975","","hrdbacot","in","Jawa Barat, Indonesia","0","0","0","https://x.com/alfadanikasep/status/1803697111760031975","1561672580322701312","alfadanikasep"
"1803683331885900294","Thu Jun 20 06:56:31 +0000 2024","2","skrg gue tanya generasi mana yg mau kerja 20 jam dengan gaji segitu2 aja? gausahlah fomo bawa2 gen z bacot bgt mentang2 sembunyi dibalik akun ini","1803683331885900294","","","in","","0","2","0","https://x.com/poseidonchilds/status/1803683331885900294","1088080418040033281","poseidonchilds"
"1803337162278183411","Thu Jun 20 05:18:18 +0000 2024","160","@arifnurulhuda @cvbycaca @tanyarlfes Aku gen milenial liat gen z gimana ga ngeluh ngab. Cari kerjaan skrg susah gaji kecil tapi apa2 serba mahal. Itu ulah siapa juga bang? Ya gen sebelumnya","1803658612969292130","","arifnurulhuda","in","2014 BTS Army","0","4","10","https://x.com/gryffitdor/status/1803658612969292130","162582314","gryffitdor"
"1803440124618834335","Thu Jun 20 05:15:13 +0000 2024","0","@gastronusa kerja 20 jam gaji ga seberapa buat apa??? mending gen z kerja ogah2an gaji 2 digit","1803657836641264082","","gastronusa","in","","0","0","0","https://x.com/creamycreamsoup/status/1803657836641264082","1289462619011571713","creamycreamsoup"
"1803337162278183411","Thu Jun 20 03:46:38 +0000 2024","0","@tanyarlfes Aku bukan gen z tp teman kerja ku beberapa ada yg gen z dan etos kerja nya okay banget. Tapi tergantung orangnya juga ngga sih soalnya banyak gen z yg nglamar kerja disini minta gaji yang jauh diatas umr disaat mrka freshgrad dan ga ada additional skills selain gelar mereka ","1803635542984368495","","tanyarlfes","in","Indonesia","0","1","0","https://x.com/winthep00h23/status/1803635542984368495","1320261655553470465","winthep00h23"
"1803634230012027184","Thu Jun 20 03:41:24 +0000 2024","0","Emg sih sekarang uang berasa ga ada harganya. Kebutuhan pokok naik semua. Beras setaun terakhir uda naik brp % tapi gaji ga pernah naik Sbg millenial atau gen Z bingung bgt dg kalkulasi gaji dan biaya hidup gimana caranya biar bisa kebeli rumah","1803634230012027184","","","in","Tuban, Indonesia","0","0","0","https://x.com/Restiellp/status/1803634230012027184","1163797596579622912","Restiellp"
"1803337162278183411","Wed Jun 19 23:33:13 +0000 2024","10","@Petrichorn__ @cvbycaca @tanyarlfes Jangan lupa kita abis ngeluh mindsetnya pun gk dikerjain bakal blunder di cut off dan gk dapet gaji wkwkwk dipikir gen Z gk pusing nyari uang di tengah ekonomi wakanda yg bikin geleng-geleng kepala :'))","1803571769569419424","","Petrichorn__","in","Jakarta Utara, DKI Jakarta","0","1","1","https://x.com/naufal__155/status/1803571769569419424","1672835596765782017","naufal__155"
"1803337162278183411","Wed Jun 19 17:53:23 +0000 2024","0","@tanyarlfes lemah karna apa pengen praktis? iya gasalah si gue gen z gaji udh 2digit kerjaan udh enak tetep resign karna pengen kerja yang lebih praktis jaman sekarang banyak bgt opportunity kerja santai tp gaji gede gen z malah pinter kalo ada kerja praktis knp harus pilih kerja rodi","1803486247677219108","","tanyarlfes","in","Jakarta Capital Region","0","1","0","https://x.com/ur_sanctuary/status/1803486247677219108","1141372421959643136","ur_sanctuary"
"1803435704611213706","Wed Jun 19 14:32:32 +0000 2024","2","DEMI ALLAH LO BACOT BANGET ANGEL WIJAYA. SI PALING TAU ANAK GEN Z. LAGIAN MILIH MILIH KERJA GA MASALAH KALI KALO LINGKUNGAN TOXIC GAJI GA SESUAI GIMANA COBA? MAKANYA KERJA EMANG HARUS MILIH MILIH BIAR GA KETIPU APALAGI KETIPU SAMA PERUSAHAAN PIALANG","1803435704611213706","","","in","","0","0","0","https://x.com/hellodepaa/status/1803435704611213706","1667603419442589698","hellodepaa"
"1803419161386950973","Wed Jun 19 13:26:48 +0000 2024","0","gen z drpda nyari gaji gede mending cari leader yang bener heran bgt gue lagi krisis leader yg bener dah. AAAAA STRESS. hopefully kedepan baik2 aja.","1803419161386950973","","","in","","0","0","0","https://x.com/pinternongkrong/status/1803419161386950973","1006183581851381760","pinternongkrong"
"1803372056756756506","Wed Jun 19 10:19:38 +0000 2024","0","menurut kalian mending mana? gaji biasa aja tapi jaminan pngaaman dan ilmunya banyak atau gaji tinggi tapi yang dilakukan itu itu aja?","1803372056756756506","","","in","freiburg","0","0","0","https://x.com/hrdgenz/status/1803372056756756506","1614987151246229504","hrdgenz"
"1803254185821085790","Wed Jun 19 02:44:46 +0000 2024","0","Sedangkan middle class ke bawah bener2 mek dibatasi UMK dan gaji dua digit sbg standar. Kalo gmau kantoran y berwirausaha sendiri. Ga segampang iku juga. Saingan makin uakeh modal makin muahal. Dan knp iku kabeh terjadi beberapa tahun belakangan saat gen Z masuk dunia kerja-","1803257587124805684","","setidakx","in","East Java, Indonesia","0","1","0","https://x.com/setidakx/status/1803257587124805684","1231158425356103681","setidakx"
"1803254257254342820","Wed Jun 19 02:31:32 +0000 2024","0","gen z emg gini kah modelannya? suka bolos kerja males2 tapi minta di gaji. cape bgt liatnya menyulitkan org.","1803254257254342820","","","in","","0","0","0","https://x.com/kitty_8o2/status/1803254257254342820","1585874195128676352","kitty_8o2"
"1803098921499336879","Tue Jun 18 16:14:17 +0000 2024","0","ngeliat dari bbrp case menarik juga kalo dipikir. pihak swasta buka lapangan lebar2 buat gen z/millenials dgn gaji yg dinamis rawan layoff pihak negeri dgn gaji tetap malah kekeh mempertahankan boomer dan gen x.. emg dah yg muda2 ini dpt asemnya doang wkwk","1803098921499336879","","","in","Massachusetts, USA","0","1","0","https://x.com/kenfordallz/status/1803098921499336879","1436274472831516679","kenfordallz"
"1803072061738463655","Tue Jun 18 14:27:33 +0000 2024","0","Risau tak mampu survive sampai ke tua sebab gaji nowadays rendah &amp; generasi atas atas kata 'gen z manjah untuk tindas kita","1803072061738463655","","","in","","0","0","0","https://x.com/mazxing/status/1803072061738463655","417660057","mazxing"
"1803039578095599663","Tue Jun 18 12:18:28 +0000 2024","6","Gen Z Please lah kalian ni g mau di underistimate tapi kelakuan kalian emang seajaib itu. Ekspektasi fresh graduate minta w digit lha kita 1 gen d atas kalian butuh waktu beberapa tahun buat bisa daoat gaji 2 digit.","1803039578095599663","","","in","Jakarta pusat","0","1","0","https://x.com/izy_bensa/status/1803039578095599663","392570731","izy_bensa"
"1803009043990249601","Tue Jun 18 10:17:09 +0000 2024","0","Oalah pantes boomers pada suka ngomel ya ke gen z. Pola pikirnya aja pada gini Anak zaman sekarang tuh gini gitu. Kalau udah tau buruk masa mau dibiasakan? Upah itu hak pekerja kalau buat kamu gaji terlambat itu gak masalah bukan berarti orang lain sama.","1803009043990249601","","","in","Aomori-shi, Aomori","0","1","0","https://x.com/anekchandesu/status/1803009043990249601","1059009758634471424","anekchandesu"
"1802987565143724277","Tue Jun 18 08:51:48 +0000 2024","0","Gatau kenapa my parents suka suruh suruh beli rumah iya tah itu rumah kalian juga which they will sell it underpice tapi still aku takut banget :( emg gaji aku bakal cukup? in sha Allah cukup TAPI AKU NI GEN Z AKU TAKUT","1802987565143724277","","","in","20+ ","0","0","0","https://x.com/verilytaekook/status/1802987565143724277","1684857746007695360","verilytaekook"
"1802791887591673967","Mon Jun 17 19:54:14 +0000 2024","2","ethan udah kayak gen z yang ngerangkep banyak pekerjaan. bedanya gen z kerjaan 5 gaji satu kalo ethan jobdesk 50 dapatnya aku https://t.co/So3cD1oVU1","1802791887591673967","https://pbs.twimg.com/ext_tw_video_thumb/1802791855282892800/pu/img/QMCL3pJDJOAddlON.jpg","","in","zan’s","1","1","0","https://x.com/xfastm/status/1802791887591673967","1435266308241694730","xfastm"
"1802717277533737109","Mon Jun 17 14:57:46 +0000 2024","0","Susah nyari kerja gen z dituntun bnyk hal bisa macem2 tp lapangan kerja hanya untuk 1/100000000 orang bahan pangan makin mahal tp gaji gen z dianggap junior terus lantas kita makan apa? Boro2 beli rumah makan aja susah ya gmna bisa menuhin kebutuhan sandang papan?","1802717277533737109","","","in","bangtan world","0","0","0","https://x.com/lalalarasa06/status/1802717277533737109","418517151","lalalarasa06"
"1802609595116036141","Mon Jun 17 07:49:52 +0000 2024","0","gen Z gk sopan blass ngono wi kowe gae airpods ora ketok edge cok malah koyok wong ra berpendidikan. gayanya jg tangannya petantang petenteng.iku onok wong ngomong rungokno baek2. ita itu gaji ne pak mu ko rakyat ae lo.","1802609595116036141","","","in","Semangat terlupakan","0","0","0","https://x.com/DebySudar/status/1802609595116036141","1660219520","DebySudar"
"1802313028538679330","Sun Jun 16 18:05:12 +0000 2024","8","@monokorobogawl From this to this. Gw gen Z (lahir 98). Bener kata bapak nya jangan pernah milih2 kerjaan. contoh nyata nya gue yg awalnya gue FG dan digaji 2.5 lalu di hijack oleh perusahaan lain sampai bisa ngomong perusahaan bapak sanggup gaji saya berpa? . Intinya adalah tingkatkan skill https://t.co/I8fYX8Jmrg","1802402058227900480","https://pbs.twimg.com/media/GQNrHk3bAAAS19o.jpg","monokorobogawl","in","Jakarta Capital Region","0","1","1","https://x.com/donquixoteliszt/status/1802402058227900480","1156502322974879744","donquixoteliszt"
"1802313028538679330","Sun Jun 16 15:17:12 +0000 2024","0","@monokorobogawl Picky biasanya anak2 gen z FG. No skill mo gaji gede ","1802359780381753414","","monokorobogawl","in","","0","0","0","https://x.com/kasanudin2006/status/1802359780381753414","1262774088507899904","kasanudin2006"
"1801966742971072677","Sat Jun 15 13:15:25 +0000 2024","25","Gen Z mari merapat! Kamu ngerasa gaji kamu kurang bukan karena nilainya yang kecil mungkin karena kamu belum melek finansial. Jadi yuk belajar dan terapkan dalam kehidupanmu! https://t.co/IRBXCNHXJf","1801966742971072677","https://pbs.twimg.com/ext_tw_video_thumb/1801966706539286528/pu/img/Gwl1BrK2OnXdHLAw.jpg","","in","Indonesia","0","1","6","https://x.com/PermataBank/status/1801966742971072677","293414812","PermataBank"
"1801815688748929236","Sat Jun 15 09:07:40 +0000 2024","0","@ferizandra @ARSIPAJA Tapi kak anak muda sekarang gk mau kerja dari 0 maunya kerja instan gaji 2 digit salah di tehur gk mau pula kebanyakan gen z kelahiran 2000an gini","1801904394822398399","","ferizandra","in","","0","0","0","https://x.com/echantukubakso/status/1801904394822398399","1075989101310967810","echantukubakso"
"1801792502514782550","Sat Jun 15 01:43:02 +0000 2024","0","Nah gini baru hebat hidupnya napak bumi ga ngawang2 Gaji guru SDN tuh ga dobel dijit kek harapan gen z","1801792502514782550","","","in","","0","1","0","https://x.com/dyActorDoh/status/1801792502514782550","1123252722478698497","dyActorDoh"
"1801732840205521141","Fri Jun 14 21:45:58 +0000 2024","0","wwww Gen z aja kritis ga mau di setir soal kerja keras gaji becanda banyak yg marah marah kan Bayangin kalau generasi kedepannya pada pinter semua aduh ga enak ga bisa dibodohi ","1801732840205521141","","","in","Indonesia","0","0","0","https://x.com/Lit00qia/status/1801732840205521141","1702309507731488768","Lit00qia"
"1801704734178558161","Fri Jun 14 19:54:17 +0000 2024","0","Kata kak Ami: Ngapain lu galau kalau lu gak pacaran? Aneh nih gen z satu NJIRTTT KIT JUGA KAWAN2!!! Ngebelah pun gua tetap kena semprot anjrit dari anak binus gaji 2 digit umur 30 tahun inii :(( Tiba2 aja di hotel nginap ber 3 dan ditanya2 kenapa gak minat pacaran...","1801704734178558161","","","in","","0","1","0","https://x.com/skyvilatte_/status/1801704734178558161","1303357566471168000","skyvilatte_"
"1801681518563311636","Fri Jun 14 18:22:02 +0000 2024","0","justru gen z berani tanya kaya gini tuh bagus. dia bisa mempertimbagkan gaji yg ditawarkan terus ada mess dia bisa ngatur dan memperkirakan pengeluarannya dgn gaji segitu gmn.","1801681518563311636","","","in","","0","1","0","https://x.com/kokowinne/status/1801681518563311636","1439620340448038914","kokowinne"
"1801476154706248076","Fri Jun 14 07:15:59 +0000 2024","1","@suns3t_70 Fenomena Gen Z kerja pgn santai scroll HP twitteran tapi gaji minta milyaran ... ","1801513900329844835","","_luv_0499","in","Worldwide","0","1","0","https://x.com/MindaXtv/status/1801513900329844835","178600446","MindaXtv"
"1801484737871233228","Fri Jun 14 05:20:06 +0000 2024","0","ramee banget pada bahas mbak2 yg bahas gen z gegara tanya mess dan katanya perusahaan pialang. ngga semua perusahaan pialang begitu gaiss jadinyaa sama semua orang disamakan. memang yaa kalo misal untuk marketing harus capai target dulu baru turun gaji dan itu disampaikan di awal","1801484737871233228","","","in","","0","1","0","https://x.com/syaaakieba/status/1801484737871233228","1453244929627598850","syaaakieba"
"1801067131729248536","Fri Jun 14 04:37:55 +0000 2024","4","@firlysavitri jangankan melayakkan gaji guru gen z aja diramal ga bakal bisa beli rumah dibilang pendidikan itu kebutuhan tersier mencerminkan kalo mereka nih takut kita punya penerus yg proper secara materiil dan intelektual kan ya? drpd memberi makan otak mereka lebih baik menimbun harta","1801474122226221148","","firlysavitri","in","somewhere only we know","0","0","1","https://x.com/oktapiak__/status/1801474122226221148","541776666","oktapiak__"
"1801457034338177214","Fri Jun 14 03:30:01 +0000 2024","0","kesel bgt sama angel wijaya gen z dibilang pemales woy kalo gue males gue gabakal kerja tiap hari tapi gaji sangat pas pasan ya anjir ","1801457034338177214","","","in","","0","0","0","https://x.com/dumpiesdumpp/status/1801457034338177214","1662795607965327360","dumpiesdumpp"
"1801248433015226608","Fri Jun 14 03:19:07 +0000 2024","0","@linabossanova Gen Z lagi dihajar habis2an dlm 2 minggu terakhir ini akibat sebelumnya banyak pegawai kritisi perusahaan2 besar yg pelit menekan pegawainya dengan bayar gaji kecil tapi tenaganya diperas habis2an.","1801454293662249015","","","in","Petamburan","0","0","0","https://x.com/Rockgar12/status/1801454293662249015","168101897","Rockgar12"
"1801453747673174363","Fri Jun 14 03:16:57 +0000 2024","5","Sampe kapan sih boomers n millennials mau ngetai2in orang orang yang simply merjuangin haknya sebagai karyawan. Kl lo kerja 24 jam gaji kecil gw gapeduli I don't wanna be in your shoes gausah paksa gen z buat mau disiksa kyk lo dong","1801453747673174363","","","in","Riau, Indonesia","0","0","0","https://x.com/fahansa/status/1801453747673174363","100474269","fahansa"
"1801248433015226608","Fri Jun 14 03:15:40 +0000 2024","0","@linabossanova gw bukan gen Z tapi pernah interview di Ciputr* nanya range gaji dijawab selama ini gada kandidat yang tanya gaji kalo interview gini baru kamu doang LAHHHH??? LAAAHHH??? gw di sinisin ","1801453422753026396","","","in","Jakarta Barat, DKI Jakarta","0","0","0","https://x.com/skuukzky111/status/1801453422753026396","329822436","skuukzky111"
"1801130673769415118","Thu Jun 13 06:41:27 +0000 2024","0","@txtdrdigital Udah gitu nawarin gaji UMR yang mana cuma gen Z yang mau gen lain kebutuhannya dah lebih banyak","1801142824211300542","","txtdrdigital","in","","0","0","0","https://x.com/_proficiat/status/1801142824211300542","1633758097717235712","_proficiat"
"1800854208897483119","Thu Jun 13 06:34:02 +0000 2024","0","@DoankWarto kalo penilaian objektif saya SDM pekerja disini terutama gen Z mental dan etos kerjanya lemah terus belum serikat buruhnya tiap tahun demo terus minta upah naik dan dimana-mana investor pengennya untung banyak jadi jika kerja tidak optimal dan bayar gaji tinggi mana mau","1801140958123466957","","DoankWarto","in","indonesia/malang/jawatimur","0","0","0","https://x.com/mahfudanwar/status/1801140958123466957","224549945","mahfudanwar"
"1801082513231847680","Thu Jun 13 02:41:48 +0000 2024","1","Gimana ya Gen Z aja yg pengangguran + sandwich gen + gaji dibawah umr aja buanyaaakkkkk","1801082513231847680","","","in","","0","2","0","https://x.com/Pickacuuuu/status/1801082513231847680","1585861297127579648","Pickacuuuu"
"1800904036247630178","Wed Jun 12 14:52:36 +0000 2024","0","ya mikir aja deh gen z hidup di jaman nyari kerja susah gaji pas2an bgt sedangkan harga apa2 makin mahal apalagi rumah??? gue udh di titik beli rumah sendiri kyknya impossible deh sampe itu tuh kaga ada di list impian/target gue lagi. terserah mau bilang terlalu pesimis jg idc.","1800904036247630178","","","in","","0","1","0","https://x.com/skyonsummer/status/1800904036247630178","1363377701197766657","skyonsummer"
"1800876921166962913","Wed Jun 12 13:04:51 +0000 2024","0","GEN Z PEMALAS KATA SIAPA GUE KERJA DI LAUNDRY DENGAN GAJI 1JT AJA DITRABAS ANJ","1800876921166962913","","","in","gem4h","0","2","0","https://x.com/puyiyou/status/1800876921166962913","1503733368630161408","puyiyou"
"1800845961096495174","Wed Jun 12 11:01:49 +0000 2024","2"," gen z kan lemah Orang gila mana yang tahan diera apa apa pake orang dalem udah gitu apa apa mahal negara amburadul cari kerja pake minimal umur dan IPK sedangkan ipk wapres nya aja segitu belom lagi potongan gaji yang ga seberapa buat biaya biaya lain kaya Tapera sama BPJS ","1800845961096495174","","","in","She/her - 1821 area 🇮🇩","0","0","0","https://x.com/luneomaa/status/1800845961096495174","1361549568131829763","luneomaa"
"1800805753768575403","Wed Jun 12 08:22:03 +0000 2024","0","jdi ga heran gen z susah beli rumah yy karna gaji yg umr jogja itu abis buat servis motor n tambal ban","1800805753768575403","","","in","","0","0","0","https://x.com/hy_chanie/status/1800805753768575403","1211584530533871616","hy_chanie"
"1800421454695260387","Wed Jun 12 07:07:33 +0000 2024","0","@BosPurwa gaji gen z abis buat milenial yg ngangep anak investasi","1800787006039175423","","BosPurwa","in","","0","0","0","https://x.com/moonavile/status/1800787006039175423","1096814377","moonavile"
"1800753505101295807","Wed Jun 12 04:54:26 +0000 2024","1","Gen Z ini udah jadi kerakusan rezim. Sulit mendapatkan pekerjaan kompentensi rendah krn ga mampu utk afford pendidikan sekalinya punya kerja gaji pas2an dipotong sana sini pula. Masih disuruh jg beli surat utang negara ckckckck","1800753505101295807","","","in","","0","1","0","https://x.com/dreamfordreamis/status/1800753505101295807","1026156634173657088","dreamfordreamis"
"1800721914140528831","Wed Jun 12 02:48:54 +0000 2024","0","Belakangan ini isu iuran Tapera lagi jadi pembicaraan hangat. Banyak yang berpendapat kalau ini bisa jadi solusi buat Millennial dan Gen Z yang kesulitan punya rumah sendiri Namun menurut survei Populix alasan utama mereka susah memiliki rumah adalah gaji yang belum https://t.co/vrGNdjPBuq","1800721914140528831","https://pbs.twimg.com/media/GP1w9M8awAABTum.jpg","","in","Jakarta Capital Region","0","0","1","https://x.com/populixco/status/1800721914140528831","1250405042101747712","populixco"
"1800694023558140398","Wed Jun 12 00:58:05 +0000 2024","0","Dan ibu2 di kantor gue juga mengeluh sekarang apa2 mahal begimana bisa kalo masih ada yang gaji underpaid gmn gen z ga ngeluh","1800694023558140398","","","in","21","0","0","0","https://x.com/ddyo0_/status/1800694023558140398","1261295925374279684","ddyo0_"
"1800679709879292227","Wed Jun 12 00:05:15 +0000 2024","0","@helloforyou @worksfess gk bisa menuduh semua gen z kyk gitu sih ini lebih ke orangnya aja yg gak pertimbangkan diawal perihal gaji","1800680730563158426","","helloforyou","in","Jawa Barat, Indonesia","0","0","0","https://x.com/alfadanikasep/status/1800680730563158426","1561672580322701312","alfadanikasep"
"1800665237928210588","Tue Jun 11 23:03:42 +0000 2024","2","Ya tiap generasi ya pasti ngalamin tekanan ini. Bedanya tuh anak² Gen Z hidup di zaman sudah sangat enak banyak yg dpt uang saku dr ortunya lebih gede dari gaji bulanan yg mrk dpt pas kerja.. jd ya gt deh pas kerja","1800665237928210588","","","in","","5","0","2","https://x.com/vincanindya/status/1800665237928210588","3257047272","vincanindya"
"1800421454695260387","Tue Jun 11 22:20:45 +0000 2024","204","@BosPurwa Kalopun punya pekerjaan gen Z yg punya gaji berlebih masih sibuk bayar cicilan KPR dan kredit mobil boro2 mikirin surat utang negara.","1800654431517909339","","BosPurwa","in","","0","0","4","https://x.com/Lesnaya01/status/1800654431517909339","1511004506183536645","Lesnaya01"
"1800440783864275442","Tue Jun 11 16:57:49 +0000 2024","1","@dittameliaa Kalo gen z gaji brapa aja Terima drpd nganggur... Aku si gen z gitu bos bos ku dulu gitu... Nyari yg mau kerja bukan bisa kerja","1800573160670269450","","dittameliaa","in","","0","0","0","https://x.com/EvitaCahyaDewi1/status/1800573160670269450","1560613436622778369","EvitaCahyaDewi1"
"1800385340601176141","Tue Jun 11 15:10:23 +0000 2024","1","@CNNIndonesia Abis anggarannya salah 1 nya buat 1000 (rencana) anakPalestina. R.I gak bisa bukan sulit untuk rayu Gen Z beli Surat Utang Benarkah itu nanti @KhofifahIP @prabowo @gibran_tweet @jokowi Kasus makan gaji buta berat pd kasus Janda bh@yangkari tjdi ke lurah #cempakaputihtimur https://t.co/792bYpM0Iu","1800546124446736873","https://pbs.twimg.com/media/GPzTKE4a0AA2bo8.jpg","CNNIndonesia","in","Kayuputih","0","0","0","https://x.com/ieyasu_kirin/status/1800546124446736873","1553401445050769408","ieyasu_kirin"
"1800446650852471171","Tue Jun 11 08:35:06 +0000 2024","0","Mba2 pialang emosi di tiktok bawa2 gen z males huhu siap mba paling rajin cari nasabah soalnya kalo ga dpt nasabah ga dpt gaji","1800446650852471171","","","in","","0","0","0","https://x.com/____mbakyaaaah/status/1800446650852471171","1253828768172367872","____mbakyaaaah"
"1800378626984272373","Tue Jun 11 04:04:48 +0000 2024","0","HRD tiktok kesel ditanya gen Z ada Mess apa nda kalo masih gaji orang UMR mah gausah sok2an kesel anj ","1800378626984272373","","","in","Jakarta Capital Region","0","1","0","https://x.com/xxmediocre/status/1800378626984272373","1020880698","xxmediocre"
"1799884334125711770","Mon Jun 10 19:26:25 +0000 2024","0","@_93niusLab dan lo tau ga bangsat HYBE CORPORATION itu 100% mendukung Israel tidak ada sejarah Korea Selatan mendukung palestine. APA ITU HYBE CORPORATION? YA ITU YANG GAJI BTS dan artis lain nya. TOLOL LO GEN Z","1800248170854965326","","Sarochatp","in","California ","0","0","0","https://x.com/Sarochatp/status/1800248170854965326","1890979969","Sarochatp"
"1800062026682978599","Mon Jun 10 07:06:45 +0000 2024","2","Tapera rencananya akan menghimpun dana pembiayaan rumah murah. Kebijakan ini langsung menuai kontroversi dari berbagai kalangan. Lantas menurut Gen Z Tapera yang memotong gaji bisa jadi solusi atau beban baru? [THREAD] #IDNTimes #IDNTimesHyperLocal #IDNTimesJateng","1800062026682978599","","","in","Jawa Tengah, Indonesia","0","1","2","https://x.com/IDNTimesJateng/status/1800062026682978599","1318855369641263105","IDNTimesJateng"
"1800037835212493187","Mon Jun 10 05:30:37 +0000 2024","0","Aku gen Z dpt fasilitas kerja : - rusun seukuran rumah tipe 36 - kl udh nikah dpt rusun sendiri untuk sekeluarga - rusun satu komplek sm tmpt kerja - makan siang dpt - gaji diatas umr Memang ada tmpt kerja yg ngasih fasilitas lengkap. Mungkin yg sewot karna blm tau aja https://t.co/wT2gxf13XC","1800037835212493187","https://pbs.twimg.com/media/GPsE3aFbIAAB4OR.jpg","","in","Sumatera Selatan, Indonesia","0","0","0","https://x.com/kocceng_/status/1800037835212493187","3020719771","kocceng_"
"1800029179200913499","Mon Jun 10 04:56:13 +0000 2024","0","katanya gen z ribet gamau inilah itulah pdhl gen z asal dpt kerjaan pasti bakal dilakonin dng baik kok gaji d bawah UMR terima2 aja skrng coba tanya milenial sm boomers mau gak dpt upah dibawah UMR?️","1800029179200913499","","","in","","0","0","0","https://x.com/Rzky_bgas/status/1800029179200913499","1058343424833675265","Rzky_bgas"
"1800007695476592906","Mon Jun 10 03:30:51 +0000 2024","0","Kemarin ada hrd yang ngomongin calon employee gen z di t1ktok. Katanya gen z kalau kerja milih2 dan maunya enaknya doang kerja ga ribet tp gaji gede. Itu sih emang ego masing-masing ya tapi sebagai as hrd u should know better instead of julid di socmed gws mbak","1800007695476592906","","","in","","0","0","0","https://x.com/alphiohomora/status/1800007695476592906","1277230332878573569","alphiohomora"
"1800001381002318099","Mon Jun 10 03:05:46 +0000 2024","0","Pro Kontra Tapera Potong Gaji Jadi Solusi Atau Beban Baru Gen Z? https://t.co/SnR2v0KH61","1800001381002318099","","","in","Jawa Tengah, Indonesia","0","0","0","https://x.com/IDNTimesJateng/status/1800001381002318099","1318855369641263105","IDNTimesJateng"
"1799991949828702389","Mon Jun 10 03:00:02 +0000 2024","0","Kalo stereotype gen Z (dan generasi berikutnya) itu benar akan ada waktunya dmana Nakes mayoritas diisi ama generasi yang 'Persetan dengan profesi ini!' Banyak yg ga tahan dng gaji:beban kerja. Konsekuensinya ya tiap tahun 'anak baru' ada aja yg keluar.","1799999938073600329","","plasmasitrat","in","Laboratorium Hematologi","0","1","0","https://x.com/plasmasitrat/status/1799999938073600329","1146258155506229249","plasmasitrat"
"1799987874592588189","Mon Jun 10 02:12:06 +0000 2024","0","Pro Kontra Tapera Potong Gaji Jadi Solusi Atau Beban Baru Gen Z? https://t.co/o7eYBZgQgD","1799987874592588189","","","in","Jawa Tengah, Indonesia","0","0","1","https://x.com/IDNTimesJateng/status/1799987874592588189","1318855369641263105","IDNTimesJateng"
"1799791247072325877","Mon Jun 10 00:32:53 +0000 2024","0","intinya mah ya gen z tau kalo akan ada kantor atau tempat kerja yang akan memperlakukan karyawannya dengan baik dapet apresiasi gaji yg layak dan hal baik lain makanya ketika ada kerjaan yg gak sesuai ya gak mau dianya","1799962905628291089","","sambatologyy","in","","0","0","0","https://x.com/sambatologyy/status/1799962905628291089","1314017077326303234","sambatologyy"
"1799859198249116011","Sun Jun 09 17:40:47 +0000 2024","0","yg blg gen z males tuhh sp siee tuh gw msih gaji intern dh msih duduk depan laptop 8 jam","1799859198249116011","","","in","","0","1","0","https://x.com/magajinen/status/1799859198249116011","1371338944642572291","magajinen"
"1799849065464865207","Sun Jun 09 17:00:31 +0000 2024","2","ada yang ngikuti permasalah ini gasi? dia permasalahin anak gen z yang ngelamar di perusahaan dia anak gen z tersebut menanyakan perihal gaji dan fasilitas apa aja yang dia dapet di perusahaan mereka mungkin si mbaknya ga terima karena baru ngelamar uda nanya begitu jadi https://t.co/bouHSnCp5r","1799849065464865207","https://pbs.twimg.com/media/GPpZJs3b0AAeKQ5.jpg","","in","","0","2","0","https://x.com/suciauliap89633/status/1799849065464865207","1646405276428554240","suciauliap89633"
"1799842751732961570","Sun Jun 09 16:35:26 +0000 2024","1","coyy? di waiji kerja jarang tpi duit ngalir lancar (this is gen z) i mean daripada esem kerja kea robot bangsatttt tpi kaga di gaji wkwkwkwk sehat2 anak agensi","1799842751732961570","","","in","","0","0","0","https://x.com/sassygurlya/status/1799842751732961570","1462042631421108231","sassygurlya"
"1799643357922427173","Sun Jun 09 12:28:03 +0000 2024","0","@mardigu024 Klo alasannya mau nolong Gen Z pny rumah beri gen Z pekerjaan yg tetap dg gaji cukup utk mencicil rumah.trs ikut iuran @BPJSTKinfo profit keuntungan kelola dana JHT bs disalurkan utk pinjaman beli/kredit rumah. Gak perlu lembaga baru BP #TAPERA &amp; gk perlu ada potongan baru lg","1799780498786619697","","mardigu024","in","Indonesia Jl. Pancasila ","1","0","1","https://x.com/JubirHansip/status/1799780498786619697","536833984","JubirHansip"
"1799776296987467883","Sun Jun 09 12:11:22 +0000 2024","27","Data Finder: 31% Gen Z gak punya tabungan buat masa depan! Buat kamu yang kesulitan buat nabung cobain metode nabung yg efektif ala orang Jepang nih biar gaji gak cuma lewat aja~ Save dulu thread ini buat dicoba nanti ygy https://t.co/6YBNmYNFt6","1799776296987467883","https://pbs.twimg.com/media/GPoXAA3bUAAwpyf.jpg","","in","","1","1","2","https://x.com/myskill_id/status/1799776296987467883","1299606533764837383","myskill_id"
"1799769335285883027","Sun Jun 09 11:43:42 +0000 2024","0","Gen z tuh cuma gamau kerja dibawah tekanan tp digaji kecil krn udh tau value mereka seberapa contohnya jd kang mochi yg tiap bulan dpt 1 5-2jt (bersih) tp menyenangkan dan menenangkan lebih menggiurkan ketimbang kerja under pressure walaupun di gaji lebih dari itu","1799769335285883027","","","in","","0","0","0","https://x.com/bukan_mecin/status/1799769335285883027","1545385534142697473","bukan_mecin"
"1799704301662847253","Sun Jun 09 07:25:17 +0000 2024","1","Gen Z selalu disudutkan ketika mau bekerja seperti milih2 lah mau dapat gaji besar lah dsb. Tp sebenernya itu terserah Gen Z nya lah cuma penting bagi Gen Z mengukur dan menyiapkan dulu mau karir gmn. (Cont)","1799704301662847253","","","in","","0","1","0","https://x.com/olokolok_lah/status/1799704301662847253","1315497904899907584","olokolok_lah"
"1799394374398419331","Sun Jun 09 05:01:25 +0000 2024","0","@eunseaok Mouretta from Machinery Aku gak akan melanjutkan bekerja di sana dalam waktu lama jika lingkungan kerjanya benar-benar toxic. Sebagai Gen Z kesehatan mental dan kebahagiaan adalah prioritas utama yang tidak dapat dikorbankan hanya demi gaji dan nama besar perusahaan.","1799668097214976342","","eunseaok","in","Odensé.","0","1","0","https://x.com/Rojseanne/status/1799668097214976342","1865789984","Rojseanne"
"1799599772489376088","Sun Jun 09 00:29:55 +0000 2024","10701"," UKT dibikin mahal Gaji bapak ibunya dipangkas Tapera Hobi kerjasama dengan &amp; naikin tukang cuci artis bego &amp; orkay bego Gagal bikin policy yg mendorong industrialisasi Keliatan banget nge-push gen Z &amp; gen-α biar ga kuliah","1799599772489376088","","","in","Catooine","106","16","4083","https://x.com/ObiWan_Catnobi/status/1799599772489376088","371261655","ObiWan_Catnobi"
"1799057493089505592","Sat Jun 08 17:10:57 +0000 2024","0","@Andy_setiawan93 @Ricz_sky @ScariestProject Santai? 10juta gen z berpotensi jd pengangguran gegara pilihan lu. Mahasiswa baru nanggung UKT mahal gaji pekerja makin menipis karena Tapera. Dll. Dll. Santai lu mirip Esemka. Cuma halusinasi hahahaha. Ngaku aja deh. Gak usah munafik.","1799489304831619112","","Andy_setiawan93","in","","0","1","0","https://x.com/DzakwanFirst/status/1799489304831619112","1310584490","DzakwanFirst"
"1799449105174802787","Sat Jun 08 14:31:13 +0000 2024","3","Trus Luhut mau undang Elon investasi ke Indonesia? Ke depan ormas peliharaan seperti ini ngajak makin merajalela. Siap² aja biasakan diri kalian! Gen Z kalian jogetin aja kalo kantor kalian didatangi preman yg minta jatah. Siap² gaji kalian dipotong kantor buat bayar preman ","1799449105174802787","","","in","Indonesia","0","0","1","https://x.com/rizieqdivist/status/1799449105174802787","453931027","rizieqdivist"
"1799390933240401960","Sat Jun 08 10:40:04 +0000 2024","0","Menambah Beban Pekerja Gen Z di NTB Tolak Potong Gaji untuk Tapera https://t.co/4dr6n15kkU","1799390933240401960","","","in","Nusa Tenggara Barat, Indonesia","1","0","2","https://x.com/IDNTimesNTB/status/1799390933240401960","1318858445940875264","IDNTimesNTB"
"1799289280994685366","Sat Jun 08 03:56:08 +0000 2024","16","Gen Z dan milenial diperkirakan tdk akan memiliki rumah karena gaya hidup mereka yg konsumtif. Kemudian muncul program Tapera utk memudahkannya. Namun justru menolak karena merasa gajinya dipotong. Lantas maunya punya rumah tanpa mengeluarkan gaji? Hadeuhh! https://t.co/F6ijV0OuXO","1799289280994685366","https://pbs.twimg.com/ext_tw_video_thumb/1799289151030005760/pu/img/As4an8svvYwS5gjO.jpg","","in","DKI Jakarta, Indonesia","1","12","11","https://x.com/Franken_blues/status/1799289280994685366","1301242545888849921","Franken_blues"
"1799253770502852971","Sat Jun 08 01:37:31 +0000 2024","0","Udah mah harga bahan pokok kian melambung tiket konser as entertainment juga ga ngotak tapi gaji masih segini2 aja. Ntar yg disalahin Gen Z lagi. Kenapa pada gamau beli rumah? Kenapa pada gamau nikah? Lah gimana... berasa dicekik negara sendiri :)","1799254396913537360","","shortcakiey","in","Personal Account.","0","0","0","https://x.com/shortcakiey/status/1799254396913537360","1617927786","shortcakiey"
"1799251734524833803","Sat Jun 08 01:26:56 +0000 2024","0","Mak gua tiba-tiba ngomong Ada pengusaha di Tiktok bilang males ngehire Gen Z ngeluh mulu soalnya *laughs* Anjing kita gen Z mati aja kali ya semua mahal gaji dipotong terus kerjaan nyari susah ngapain hidup kan tai","1799251734524833803","","","in","","0","0","0","https://x.com/jonstruggletwts/status/1799251734524833803","1202060095946817536","jonstruggletwts"
"1799237397802361278","Sat Jun 08 00:29:58 +0000 2024","3","Tahan banting = mampu mengerjakan pekerjaaan 5 orang sendiri dengan gaji umr lemburan ga dapet tapi tetep harus kerja kl sakit gaji potong Biasanya yg diincer belum ada pengalaman (kebanyakan gen z) manajemen ga dpt orang nyalahin gen z. Padahal orng lama juga banyak yg cabut","1799237397802361278","","","in","disini ","0","2","1","https://x.com/bebashambatann/status/1799237397802361278","1110115825338339328","bebashambatann"
"1799035058118070331","Fri Jun 07 15:33:29 +0000 2024","0","@KediriFess what's wrong yh bundz? skrg cari kerjaan itu susah apalagi yg sesuai sm kemauan kita. dapetlah kerjaan yg bagus gaji lumayan ya kenapa disia-siain. ayolah gen z yg mana? kamu survei dari berapa populasi?","1799102386763641227","","KediriFess","in","","0","0","0","https://x.com/pwittydepressed/status/1799102386763641227","1133602430711607301","pwittydepressed"
"1799035058118070331","Fri Jun 07 14:23:37 +0000 2024","2","@centanghitam @KediriFess Okey. One thing should people know is gak semua gen Z itu kayak yang disebut. Mulai dari gamau susah cari kerja enak dan gaji gede. Tolong diklasifikasikan dulu gen Z tahun berapakah itu?. Jadi biar gak generalisasi all gen Z have same type. Sama kayak gen milienal boomer dll.","1799084803217825866","","centanghitam","in","","0","1","0","https://x.com/Azulaaaaaaaz/status/1799084803217825866","1489652149034176514","Azulaaaaaaaz"
"1799040953493389472","Fri Jun 07 11:29:22 +0000 2024","0","Tapi memang bener sih kemarin sempat wawancara gen Z. padahal belum diterima kerja &amp; pengalaman kerja hanya intern sudah tanya terkait benefit dan nego gaji. gen Z lebih banyak mengeluh istilahnya gak tahan banting https://t.co/IeZp8B252s","1799040953493389472","https://pbs.twimg.com/ext_tw_video_thumb/1799040890864029697/pu/img/pMWtH3R9Iqpt6Ss2.jpg","","in","Jakarta Selatan, DKI Jakarta","0","0","0","https://x.com/dewi_samsuri/status/1799040953493389472","445312187","dewi_samsuri"
"1798425721871929679","Fri Jun 07 06:22:40 +0000 2024","0","@opposite6892 Temen saya aja gen Z susah dibilangin sering lupa curhat temennya kesaya cape ngedidik ngasih tau gini gt.. Eehh msh aja mau patungan ktnya uangnya di mamah nya Yang masukin juga kynya nyesel ampe bilang Km kok msh blo'on Gaji pingin sama diantepin gk ngerti ","1798963769655390600","","Kucyber69","in","Karawang, Jawa Barat","0","0","0","https://x.com/Bawanx84/status/1798963769655390600","936432070233960449","Bawanx84"
"1798951936038973893","Fri Jun 07 05:35:39 +0000 2024","2","Tapi memang bener sih kemarin sempat wawancara gen Z. padahal belum diterima kerja &amp; pengalaman kerja hanya intern sudah tanya terkait benefit dan nego gaji. gen Z lebih banyak mengeluh istilahnya gak tahan banting https://t.co/X83N5l6ka7","1798951936038973893","https://pbs.twimg.com/ext_tw_video_thumb/1798951887762522113/pu/img/yHmeRKQw-lPN1bp3.jpg","","in","Jakarta Selatan, DKI Jakarta","2","1","1","https://x.com/dewi_samsuri/status/1798951936038973893","445312187","dewi_samsuri"
"1798933993506967569","Fri Jun 07 04:24:21 +0000 2024","0","Inilah kenapa GEN Z tidak kuat dalam bekerja 1. Manja &gt; Dikit² healing dikit² mental down 2. Dimarahi &amp; dikritik dikit langsung ngeluh 3. Merasa dirinya special kayak nasi goreng mau gaji 2 digit tapi gak punya skill + kerja perhitungan 4. Ide banyak ngmg gede eseksi tdk ada.","1798933993506967569","","","in","","0","0","0","https://x.com/Mariopurwanto92/status/1798933993506967569","1744229853162098688","Mariopurwanto92"
"1798229679633260592","Fri Jun 07 02:43:47 +0000 2024","0","@epiVany7Soul @roan_gylberth Sering jg dirapel karena uangnya di depositokan dlu bunga depositonya dibayar buat gaji","1798908685282148638","","ephiVany7Soul","in","Engelberg, Switzerland","0","0","0","https://x.com/GenZ3T/status/1798908685282148638","1257249470623801345","GenZ3T"
"1798904768695517558","Fri Jun 07 02:28:13 +0000 2024","25","Inilah alasan knp banyak gen Z pengangguran 1.Manja dikit² hiling dikit² mental break down 2.Di marahin di kritik dikit lsg ngeluh 3.Merasa dirinya spesial kek nasi goreng mau gaji 2 digit tapi ga punya skil 4. Ide byk ngomong gede eksekusi lmh Ada lagi..+ di kolom reply","1798904768695517558","","","in","","1","7","2","https://x.com/Safa_Andriana/status/1798904768695517558","1432328670648037378","Safa_Andriana"
"1798425721871929679","Thu Jun 06 16:21:41 +0000 2024","0","@opposite6892 GEN Z baru pertama x kerja belom ada pengalaman minta gaji diatas UMR ","1798752130423312390","","Kucyber69","in","","0","0","0","https://x.com/punyaamg/status/1798752130423312390","1559904928164098048","punyaamg"
"1798612117937086786","Thu Jun 06 13:19:26 +0000 2024","5","@asumsico 10jt gen z nangis liat berita ini...mau kerja enak gaji gede butuh orang dalem blm lg backgroundnya ga sesuai dgn jabatan yg diemban","1798706264702369866","","asumsico","in","","0","0","0","https://x.com/penggemarmu85/status/1798706264702369866","1353199206","penggemarmu85"
"1798425721871929679","Thu Jun 06 12:49:23 +0000 2024","0","@opposite6892 Sbg pengusaha saya pun merasakan Gen Z.. banyakan nih pd suka bolos kerja alasan bejibun. Sering pindah kerja bahkan lbh suka nganggur. Skill dan attitude rendah. Yg melamar kerja banyak saat disuruh dtg interview hidungnya pun ga nongol. Blm apa2 sdh tanya jam kerja gaji dll","1798698703009828881","","opposite6892","in","","0","0","0","https://x.com/BAR69999/status/1798698703009828881","1477275752525561859","BAR69999"
"1798425721871929679","Thu Jun 06 10:14:45 +0000 2024","0","@opposite6892 Sangat setuju sih dengan bapak ini permasalahan gen z ini terlalu lebay ngelamar kerja tapi tanya gaji dulu brapa dan di masyarakat gak ada etitud sama sekali merasa paling waw sendiri makanya di jaman sekarang banyak pengangguran padahal lapangan kerja banyak","1798659788672471417","","Kucyber69","in","","0","0","0","https://x.com/TokPadang/status/1798659788672471417","1504778995862151170","TokPadang"
"1798649183005802534","Thu Jun 06 09:32:37 +0000 2024","36","Bos @sandiuno gen Z gimana punya rumah klo nganggur⁉️ Emang anda pikir pekerja yg dipotong gajinya ga sedang nyicil rumah gw aja masih nyicil sd 2 tahun malah dipotong lg.. Mending menteri dan eselon aja yg dipotong gaji dan tunjangannya toh itu dari pajak rakyat khan⁉️ https://t.co/MmShopCco4","1798649183005802534","https://pbs.twimg.com/media/GPYV5TtagAAqS8I.jpg","","in","Wakanda Wetan","4","7","17","https://x.com/toe_giman/status/1798649183005802534","1336576386987790336","toe_giman"
"1798425721871929679","Thu Jun 06 07:13:08 +0000 2024","1","@opposite6892 Bener anak Gen Z hobby nya ngeluh tapi pengen gaji gede ","1798614082024767986","","Kucyber69","in","","0","0","0","https://x.com/maya_vdk/status/1798614082024767986","1793557379981758464","maya_vdk"
"1798598902586949654","Thu Jun 06 06:12:49 +0000 2024","0","inget nih si bapak 2020 pernah bilang di salah satu podcast yg bilang karyawan sakit harus tetep kerja tapi duit gaji di potong Kek anjim sih tapi gen z adalah korban dari pemerintah skrg menurut gw karena generasi sebelumnya yg buat kebijakan dan buat statement aneh ke gwn z.","1798598902586949654","","","in","","0","0","0","https://x.com/alphabeta_h/status/1798598902586949654","1383184172093558785","alphabeta_h"
"1797520011575402611","Tue Jun 04 20:21:00 +0000 2024","0","@tanyakanrl Padahal ada cara dengan ngasih magang bumi dengan gaji setengah gaji pokok penerimaan kemitraan lulusan smk/kampus dan tabungan kredit pendidikan dimana bisa bantu pemasukan gen z dari awal atau enggak upah lembur jangan pakai ucapan terima kasih doang","1798087577628737974","","tanyakanrl","in","","0","0","0","https://x.com/NinaKar12/status/1798087577628737974","1211252266402861061","NinaKar12"
"1797999161956352484","Tue Jun 04 17:06:39 +0000 2024","0","@kegblgnunfaedh Halah halah ntar juga rumahnya gak ke Gen Z tapi ke anak2 penjabat yang udah jelas2 hidup mampu Gen Z kebagian gaji UMR dengan KPR yang gak sebanding","1798038669766607027","","kegblgnunfaedh","in","Indonesia","0","0","0","https://x.com/SelokanKingdom/status/1798038669766607027","485408886","SelokanKingdom"
"1798004624018088297","Tue Jun 04 14:51:22 +0000 2024","0","kek sebel bgt bukan urusan lu bjir w punya rumah apa enggak keknya yg harusnya lu pikirin adalah kapan gen z gaji nya UMR semua???hhhh","1798004624018088297","","","in","","0","0","0","https://x.com/salsabilaulian/status/1798004624018088297","415618310","salsabilaulian"
"1797973628505706512","Tue Jun 04 12:48:12 +0000 2024","1","Tak Cuma Gaji Ada Benefit Lain yang Diincar Gen Z saat Cari Kerja https://t.co/7DoMI0v1cA #TempoBisnis","1797973628505706512","","","in","Indonesia","0","0","0","https://x.com/tempodotco/status/1797973628505706512","18129942","tempodotco"
"1797968552122798107","Tue Jun 04 12:28:02 +0000 2024","0","Mending potong gaji dan tunjangan pejabat banyakan juga kagak bener kerjanya. Lagi pula dibantu siapa? Yang ikut tapera juga gen z gen z juga","1797968552122798107","","","in","","0","0","0","https://x.com/yogialfin23/status/1797968552122798107","1076103001230589952","yogialfin23"
"1797871224242237523","Tue Jun 04 12:25:55 +0000 2024","0","@tanyarlfes ni program urgensinya gaada tapi getol banget direalisasikan. prioritas gen z juga bukan beli rumah aja sekarang karena sekarang tempat tinggal banyak opsinya kecuali Tapera. lo bayangin aja sekarang gen z udah beli apart bayar maintenance trs gaji dipotong tapera. gila aja","1797968021878927554","","tanyarlfes","in","Everywhere","0","0","0","https://x.com/abcdeajae/status/1797968021878927554","858098904180465664","abcdeajae"
"1797953039703351296","Tue Jun 04 11:26:23 +0000 2024","2","Om @sandiuno gaji kalian saja para pejabat yang dipotong buat bikin rumah tuh Gen Z... Sampean ini cuma bisa Nggedabrus ja !!!","1797953039703351296","","","in","Kalimantan Barat, Indonesia","0","0","0","https://x.com/ws_parsito/status/1797953039703351296","4711924284","ws_parsito"
"1797871224242237523","Tue Jun 04 11:24:21 +0000 2024","1","@tanyarlfes Gua gen z udah ada rumah terus gaji gua lu potong mau lu bangunin rumah baru model gimana lagi","1797952527130046531","","tanyarlfes","in","","0","0","0","https://x.com/bbybluesky_/status/1797952527130046531","1112239955386880000","bbybluesky_"
"1797896654319915017","Tue Jun 04 11:23:19 +0000 2024","0","@prastow Gk mau pokoknya gk mau Ngapain mikirin gen Z Gen kapan Ngapain mikirin orang miskin Hidup sendiri2 aja susah Gw jg gk punya rumah Lagi investasi sendiri Ngapain nabung sm pemerintah yg endingnya sekian persen buat gaji mereka Mending gw nyari laba buat diri sendiri Gk rela gw","1797952266173067637","","prastow","in","","0","0","0","https://x.com/kangchunoona/status/1797952266173067637","2970955914","kangchunoona"
"1797780456290869523","Tue Jun 04 11:07:50 +0000 2024","0","@CNNIndonesia Kalian kalo tdk di gaji dari uang rakyat mana bisa beli mobil dn ini itu .. G usah bantu gen Z gen Z anak org kaya semua kalian aja yg susah.","1797948372474831032","","CNNIndonesia","in","Jakarta Capital Region","0","0","0","https://x.com/Akdjohar/status/1797948372474831032","1123282525437042689","Akdjohar"
"1797135413494325543","Tue Jun 04 10:53:56 +0000 2024","0","@sandiuno GW BISA NABUNG SENDIRI YA ANJIR!!! GAUSAH OTAK ATIK GAJI GW. BAWA BAWA GEN Z LAGI LAU","1797944871980093478","","sandiuno","in","Indonesia","0","0","0","https://x.com/jyoung9991/status/1797944871980093478","524114920","jyoung9991"
"1797520011575402611","Tue Jun 04 10:45:35 +0000 2024","0","@tanyakanrl Gen z boro2 mikir beli rumah gaji buat hidup aja alhamdulillah","1797942772613402998","","tanyakanrl","in","Semarang","0","0","0","https://x.com/notluckypersonn/status/1797942772613402998","1132225713879232512","notluckypersonn"
"1797930719559512414","Tue Jun 04 09:57:42 +0000 2024","0","Dana pensiun TASPEN aja ketauan dikorupsi kemaren apalagi TAPERA . Bukan kolaborasi membangun negeri ini mah kolaborasi membangun dompet oknum pejabat. Gen Z aja tross dibikin alibi nabung kerja gaji umr sampe pensiun aja cuma dapet 60 juta dapet nya rumah triplek? ","1797930719559512414","","","in","","0","0","0","https://x.com/Burhaniff/status/1797930719559512414","1120373737159675905","Burhaniff"
"1797520011575402611","Tue Jun 04 09:28:19 +0000 2024","0","@tanyakanrl Rasanya gaji Lo di tahan gara-gara aturan negara kabupaten kota yang kyk taik lu coba hidup susah deh mending dari pada gitu gajinya sama ratakan aja bisa gak ? Kagak bisa berarti lu kagak liat berapa banyak gen z nganggur gara-gara gak ada lapangan pekerjaan yang memadai ??","1797923325991366686","","birthdaybooyyy","in","","0","1","0","https://x.com/birthdaybooyyy/status/1797923325991366686","1622767670604230656","birthdaybooyyy"
"1797520011575402611","Tue Jun 04 05:52:38 +0000 2024","0","@tanyakanrl Gen z maunya dapet kerjaan dengan gaji layak pak","1797869046773563405","","tanyakanrl","in","unknown","0","0","0","https://x.com/capriwinscene/status/1797869046773563405","1433382427729096707","capriwinscene"
"1797868648335618192","Tue Jun 04 05:51:03 +0000 2024","0","Perusahaan emang gamau terima gen z? Terus gimana cara gen z bertahan hidup? Gaji kecil bilangnya gen z ga bersyukur cuma mau enak gamau susah","1797868648335618192","","","in","Jawa Barat, Indonesia","0","0","0","https://x.com/DyahAyuMKh/status/1797868648335618192","1296680139732836355","DyahAyuMKh"
"1797780456290869523","Tue Jun 04 04:37:53 +0000 2024","0","@CNNIndonesia GEN Z MASIH KONSUMTIF APA AJA DIBELI PERTENGAHAN BULAN GAJI UDAH HABIS..","1797850234598707548","","CNNIndonesia","in","Jatiasih, Indonesia","0","0","0","https://x.com/borja_juanborja/status/1797850234598707548","369311266","borja_juanborja"
"1797520011575402611","Tue Jun 04 04:31:00 +0000 2024","0","@tanyakanrl lah kok mikirin rumah Gen Z lah kami millenials yang bertahun tahun banting tulang dengan gaji seadanya ini jauh dari kepemilikan rumah malah tetep harus mikirin rumah Gen Z. Makin sini makin bjgn.","1797848503181574203","","tanyakanrl","in","Ig: fatharanihaifas","0","0","0","https://x.com/fhaifas_/status/1797848503181574203","177039023","fhaifas_"
"1797780456290869523","Tue Jun 04 02:59:27 +0000 2024","0","@CNNIndonesia Setelah dipanglas gaji oleh tapera selama 285 tahun baru deh dapat rumah buat gen z","1797825464964354222","","CNNIndonesia","in","","0","0","0","https://x.com/imiss_your_gaze/status/1797825464964354222","1456970869805228033","imiss_your_gaze"
"1797824903112163685","Tue Jun 04 02:57:13 +0000 2024","4","gen z gabutuh rumah pak butuhnya gaji gede buat jalan-jalan keluar negeri dan nonton konser","1797824903112163685","","","in","personal space area.","0","1","1","https://x.com/adoredle/status/1797824903112163685","1534086524668891136","adoredle"
"1797780456290869523","Tue Jun 04 02:45:07 +0000 2024","0","@CNNIndonesia @sandiuno Bila mau bantu Gen Z dan mereka yg gajinya dibawah 8 juta/bln; yg dipotong Pejabat2 Tinggi Anggota MPR/DPR. Tega sekali pemerintah gaji seuprit masih dipotong tiap bulan bagamana mau bayar anak2 sekolah dll.. https://t.co/t3EDih4xEj","1797821856881443003","","CNNIndonesia","in","Jakarta Capital Region, Indone","0","0","0","https://x.com/CeciliaSuwanda1/status/1797821856881443003","899597703058817024","CeciliaSuwanda1"
"1797520011575402611","Tue Jun 04 02:38:07 +0000 2024","1","@tanyakanrl Maaf pak saya Gen Z udh ambil rumah subsidi gak butuh potong gaji lagi ","1797820098088247406","","tanyakanrl","in","Indonesia","0","0","0","https://x.com/BrennnUwu/status/1797820098088247406","957289716860076033","BrennnUwu"
"1797595913877393806","Tue Jun 04 02:18:58 +0000 2024","0","@yudhistiramissu @asumsico Coba deh lu hitung. Misal gaji nya kita ambil rata UMR Cikarang 5 2 jt 3% nya 156 rb. Perumahan subsidi tahun ini rata2 100 jt an anggap lah 100 jt. Butuh waktu 641 bulan untuk kekumpul atau 53 tahun. Gen Z pun pun belum bisa beli itu kecuali untuk cucu nua Gen Z","1797815276870009343","","yudhistiramissu","in","Bekasi","0","1","0","https://x.com/RioAndira20/status/1797815276870009343","839453066","RioAndira20"
"1797813247451791642","Tue Jun 04 02:10:54 +0000 2024","1","Pak @sandiuno Tapera tidak khusus gen Z tapi untuk semua dan menurut UU sifatnya wajib (fardhu). Nah sebagai orang PPP mungkin bisa dijelaskan apakah ini fardhu ain atau fardhu kifayah. Karena tidak semua orang bergaji seperti gaji menteri pak","1797813247451791642","","","in","Jakarta, Indonesia","0","0","1","https://x.com/imandnugroho/status/1797813247451791642","106312179","imandnugroho"
"1797520011575402611","Tue Jun 04 01:54:28 +0000 2024","0","@tanyakanrl gen z masih mau nyenengin diri sendiri dulu pak soal nya gaji nya di bagi dua buat keluarga pak","1797809112501338229","","tanyakanrl","in","ind","0","0","0","https://x.com/alchemygyj/status/1797809112501338229","1256421549315223552","alchemygyj"
"1797520011575402611","Tue Jun 04 01:10:48 +0000 2024","1","@tanyakanrl Loh gen Z yg ini lg nabung buat cicilan rumah loh pak. Cara ngebantu itu ya naikin gaji bukan motong gaji ","1797798121378074951","","tanyakanrl","in","","0","0","0","https://x.com/saagittaries/status/1797798121378074951","1384002233293934593","saagittaries"
"1797780456290869523","Tue Jun 04 00:39:06 +0000 2024","2","@CNNIndonesia Kenapa bukan gaji / tunjangan anda-anda sekalian yg kelewat besar itu aja yg dipotong utk bantu Gen Z beli rumah pak? https://t.co/c44zbAQXcF","1797790143581237496","https://pbs.twimg.com/media/GPMIm5Sa0AEBBAn.jpg","CNNIndonesia","in","","0","0","1","https://x.com/d_ndraaaa/status/1797790143581237496","1538497126052732928","d_ndraaaa"
"1797786730323386875","Tue Jun 04 00:25:32 +0000 2024","0","Halaahh alibi bennn jgn kambing hitamkan gen z. Bilang aja cari cuan. Gaji umr ga seberapa dipotong sana sini abiss yg ada. Boro² rumah. Buat sehari-hari aja alhamdulillah. Lagi aliran tapera bakal kemana. Ujung²nya korupsi sana sini","1797786730323386875","","","in","💙Super Junior","0","0","0","https://x.com/CKyu32/status/1797786730323386875","1929460142","CKyu32"
"1797783043144339616","Tue Jun 04 00:10:53 +0000 2024","5","Jadi Jelas ya kenapa Pemerintah memaksa potong gaji buat Tapera.. Kita mau Demo mau Teriak Fixed jika jokowi sdh ketok palu dia ga bakal peduli.. Gen Z https://t.co/7PEzYEoafV","1797783043144339616","https://pbs.twimg.com/media/GPMCIrObkAAILLj.jpg","","in","","0","0","3","https://x.com/Neiska21/status/1797783043144339616","1758741088091947008","Neiska21"
"1797520011575402611","Mon Jun 03 22:45:08 +0000 2024","0","@tanyakanrl Padahal gen z ga perlu rumah gen z mah lagi sibuk buat bertahan hidup dengan gaji kurang dari 4 juta dipotong ini itu dan tiap belanja apa2 mahal dan masih kena tax 12% tiap barangnya","1797761462817173998","","tanyakanrl","in","","0","0","0","https://x.com/just2yeon/status/1797761462817173998","1181455747340619777","just2yeon"
"1797520011575402611","Mon Jun 03 20:25:53 +0000 2024","0","@tanyakanrl Gen z itu butuh lapangan kerja dan gaji yg layak. Gua kerja di Indonesia gaji UMR abis ajh buat kost makan transportasi belum lagi harian yg kapanpun bisa di depak.","1797726421198213136","","tanyakanrl","in","lampung","0","0","0","https://x.com/jepank_1994/status/1797726421198213136","3274987652","jepank_1994"
"1797725898852184242","Mon Jun 03 20:23:49 +0000 2024","0","Gen Z mana yg kau maksud sih? Apakah ada gen Z yg aktif mengajukan hal ginian? Pak sbg genZ nih jjur aja saya pen gaji cukup utk kebutuhan keinginan dn impian saya aja ini mah gaji uda sgtu² doang naik kaga di potong pula ","1797725898852184242","","","in","pixie hollow ","0","0","0","https://x.com/ceriprunus/status/1797725898852184242","1670921855488888837","ceriprunus"
"1797520011575402611","Mon Jun 03 18:35:49 +0000 2024","0","@tanyakanrl buka lapangan kerja sebanyak-banyaknya standar cari kerja dipermudah Naikan gaji pekerja bukan gaji pejabat Turunin harga bahan pokok Bbm listrik dgn begitu gen z bsa punya rumah bukan ngebajak gaji mreka...","1797698721435795719","","tanyakanrl","in","astrophile","0","0","0","https://x.com/my_new_world25/status/1797698721435795719","1712126646093053952","my_new_world25"
"1797520011575402611","Mon Jun 03 16:59:06 +0000 2024","1","@tanyakanrl Gen z banyak ga punya rumah karena biaya hidup makin mahal sedangkan gaji pas-pasan. Selain itu gen sebelumnya ngegoreng harga tanah. Harga properti makin mahal. Kalaupun ada yang murah jaraknya jauh dari kota dan justru nambah beban biaya transportasi.","1797674381008937357","","tanyakanrl","in","South Borneo,Indonesia","0","0","0","https://x.com/naufalatha14/status/1797674381008937357","413776459","naufalatha14"
"1797672348264616155","Mon Jun 03 16:51:01 +0000 2024","0","apes banget gue lahir jd kaum gen z. pdhl solusinya cm permudah lowongan kerja-dapet gaji-nabung sendiri-bisa beli rumah. nunggu tabungan itu keluar kayaknya nanti gue udh punya cucu","1797672348264616155","","","in","","0","0","0","https://x.com/imacafelatte/status/1797672348264616155","1060835118716084224","imacafelatte"
"1797520011575402611","Mon Jun 03 16:48:08 +0000 2024","0","@tanyakanrl capeklah bwbw gen z buat rencana2 itu. udh cari kerja jaman skrg susah gajinya pas pasan masih dipotong sm tabungan yg lg di isukan itu cekek ajalah kaum kita ini. gaperlu lah tabungan2 itu uang kita gaji kita kita handle lah sendiri apalah tabungan yg diatur pemerintah itu","1797671622637465722","","imacafelatte","in","","0","0","0","https://x.com/imacafelatte/status/1797671622637465722","1060835118716084224","imacafelatte"
"1797668017809334429","Mon Jun 03 16:33:49 +0000 2024","0","emank brp besar sih gaji gen z","1797668017809334429","","","in","½crazy ½lost","0","0","0","https://x.com/mingyuggwp/status/1797668017809334429","1311204460912238592","mingyuggwp"
"1797665190428938489","Mon Jun 03 16:22:35 +0000 2024","0","Dipikir pikir perusahaan tuh gamau nerima yang umurnya udah tua karna kemampuan fisik trus susah diajarin gaptek gaji tinggi dll. Trus gamau juga dapet gen z karna stereotypenya padahal tahun 2024 ini yang muda di dunia kerja ya pasti gen Z (dan millenial) gak sih","1797665190428938489","","","in","","0","2","1","https://x.com/Muthinaf/status/1797665190428938489","253459845","Muthinaf"
"1797656980745850972","Mon Jun 03 15:50:42 +0000 2024","0","gausa lah blg gen z gabisa nabung ajg mau nabung sampe kapan jg susah kl lapangan pekerjaan kecil gaji jg kecil tp harga barang naik semua","1797657167564263472","","tempekpenyet","in","","0","1","0","https://x.com/tempekpenyet/status/1797657167564263472","1446311874748825606","tempekpenyet"
"1797657067077173737","Mon Jun 03 15:50:18 +0000 2024","0","gen z maunya kerja santai tp gaji 2 digit pak (guweh)","1797657067077173737","","","in","","0","0","0","https://x.com/feittuccine/status/1797657067077173737","1030060740","feittuccine"
"1797656980745850972","Mon Jun 03 15:49:57 +0000 2024","1","gen z tidak akan bisa punya rumah soalnya harga-harga naik semua (bahkan properti yg gila2an bgt kl naik) tapi gaji tetep segitu segitu aja","1797656980745850972","","","in","","0","1","0","https://x.com/tempekpenyet/status/1797656980745850972","1446311874748825606","tempekpenyet"
"1797135413494325543","Mon Jun 03 15:47:10 +0000 2024","0","@sandiuno BANGKE. GEN Z kagak bisa beli rumah karena kelakuannya sendiri. Haji mereka abis buat foya foya. Kita yang kerja nabung buat hidup layak keluarga sendiri kena getahnya juga. Kebijakan BANGKE emang. Gue nanya ama lu No gaji lu di potong gak buat Tapera? Saaattt","1797656277507781045","","sandiuno","in","","0","0","0","https://x.com/OtakUdangku/status/1797656277507781045","1261469436847861761","OtakUdangku"
"1797655155804168604","Mon Jun 03 15:42:42 +0000 2024","0","Gen z ga bsa punya rumah soalnya gaji kecil biaya hidup besar pak","1797655155804168604","","","in","","0","0","0","https://x.com/surimicheryl/status/1797655155804168604","1118826060584349696","surimicheryl"
"1797520011575402611","Mon Jun 03 15:10:00 +0000 2024","0","@tanyakanrl gen z siapa sih anjing? gaji aja mereka underpaid tai dipaksa gitu yg ada baru terealisasi punya rumah pas udah punya cicit untung2 masih pada hidup","1797646926885822741","","tanyakanrl","in","","0","0","0","https://x.com/94pocalypse/status/1797646926885822741","980119720744517632","94pocalypse"
"1797135413494325543","Mon Jun 03 13:54:53 +0000 2024","0","@sandiuno Aku ga paham tp kok aku pusing ya pak. Emang urgent banget ya buatin rumah2 gen Z ini? Kenapa ga mensejahterakan guru nakes Brantas korupsi. Itu2 dulu aja dehhh. Apa ga kasian mereka yg udah gaji dikit masih dipotong sana sini. Iya kalo terjamin bakalan dapet rumah kalo nggak?","1797628022369230917","","sandiuno","in","lagi disini","0","0","0","https://x.com/pakeksR/status/1797628022369230917","1415298698616078340","pakeksR"
"1797627968195571903","Mon Jun 03 13:54:40 +0000 2024","1","Gen Z susah punya rumah solusinya Tapera.. Gak yah. Susah punya rumah ya karena... gajinya gak manusiawi. Gawe sampe lembur2 gaji ga sampe UMR. Ya yang bisa kebeli cuman rumah keong ama cilok dikit.","1797627968195571903","","","in","Rahasia","0","0","0","https://x.com/Mochimoru91/status/1797627968195571903","1689831900339417088","Mochimoru91"
"1797227205057286482","Mon Jun 03 13:50:29 +0000 2024","0","@FOODFESS2 Self reward? Saya gak kenal itu.. Saya punya duit tabungin buat bangun rumah.. Eh skarang gaji mau dipotong buat gen z biar bs bangun rumah.. Pengorbanan saya selama saya masih muda sia2 donks.. Yg bantu saya bangun rumah siapa?","1797626913282015449","","FOODFESS2","in","Blitar-Jember","0","0","0","https://x.com/farobay/status/1797626913282015449","58454277","farobay"
"1797481234626736351","Mon Jun 03 12:41:11 +0000 2024","1","@shyscia @tanyarlfes Bahkan keknya Gen Z yang sekarang udah MUAK banget tinggal di NEGARA yang KEPUTUSANNYA makin ga jelas jujur ya gue kalo udah lulus dari dunia per-kuliah-an dan dapet gaji puluhan juta... Ga pake mikir langsung mau pindah ke NEGARA TETANGGA yang jelas-jelas lebih MAJU","1797609473235980643","","Liz_Eliza27","in","","0","1","0","https://x.com/Liz_Eliza27/status/1797609473235980643","1723945854866972673","Liz_Eliza27"
"1797609055814607331","Mon Jun 03 12:39:31 +0000 2024","0","Gen z mah maunya tiket konser murahhh. Woi liat noh tiket konser harga 1-2x gaji. Gila apa ya","1797609055814607331","","","in","","0","0","0","https://x.com/namnamukoya/status/1797609055814607331","1391774404107935744","namnamukoya"
"1797520011575402611","Mon Jun 03 12:37:13 +0000 2024","0","@tanyakanrl ah pake gen z buat alesan pak tp gen yg lain jg kena lgian msh bnyk org yg memprioritaskan gaji buat biaya hidup dll drpd rumah","1797608476614758531","","tanyakanrl","in","JIKJIN","0","0","0","https://x.com/wilsof_/status/1797608476614758531","1332717033125888001","wilsof_"
"1797481234626736351","Mon Jun 03 12:21:43 +0000 2024","0","@shyscia @tanyarlfes tapi gen z jg yang bayar wkwkw gen z yang baru punya gaji kena juga gatau tuh kapan punya rumahnya","1797604575127785933","","shyscia","in","Yogyakarta, Indonesia","0","0","0","https://x.com/dabinsvenus00/status/1797604575127785933","1615157174","dabinsvenus00"
"1797520011575402611","Mon Jun 03 11:59:56 +0000 2024","0","@tanyakanrl knp selalu disalahkan gen z jangan repot2 pak @sandiuno warisan bpk ku ada sawah sama tanah gaperlu lah ada tapera kita berjuang d kehidupan masing2 aja.. Kalau mau kredit subsidi boleh di fasilitasi jgn pejabat ngemis macam ini ke karyawan gaji pejabat aja potong ","1797599092606226800","","tanyakanrl","in","aRMy","0","0","0","https://x.com/sierkive/status/1797599092606226800","1569574214927261697","sierkive"
"1797166075395940469","Mon Jun 03 11:59:52 +0000 2024","0","@5teV3n_Pe9eL kenapa gen Z ga dibuatin rumah dulu nanti baru dipotong gaji/dicicil sesuai kemampuan","1797599077825437976","","V3g3L","in","SAN SIRO","0","0","0","https://x.com/willyagiel/status/1797599077825437976","92267275","willyagiel"
"1797520011575402611","Mon Jun 03 11:57:37 +0000 2024","0","@tanyakanrl Pak ya gimana kebanyakan Gen Z ini generasi sandwich. Mana gaji ya segini tapi kebutuhan naik terus. Minta tolong bantu naikin gaji masyarakat Pak..... aaaksosjsj inflasi naik tapi gaji segini-gini aja pak. Jangan kan mikir rumah mikir nikah juga belum kepikiran pak ","1797598511745437958","","tanyakanrl","in","","0","0","0","https://x.com/Helianthus_Al/status/1797598511745437958","1641996343832096769","Helianthus_Al"
"1797598084995887512","Mon Jun 03 11:55:55 +0000 2024","1","Sebagai gen z gaji udah habis buat ngopi syantik biaya terapi psikiatri dan beli barang lushyu tidak berguna. Lagian tanda tanda kiamat uda banyak muncul. Who need a house?","1797598084995887512","","","in","Kota Surabaya, Jawa Timur","0","0","0","https://x.com/lunastrd27/status/1797598084995887512","1515480431390441474","lunastrd27"
"1797596895193530384","Mon Jun 03 11:51:12 +0000 2024","0","oi tapera... emang gen z ada rencana buat punya rumah? ini aja pada minta mati muda gamau hidup lama2 sampe tua2 amat jadi biarin kita hidup di masa muda pake duit GAJI KITA SENDIRI ITU kagak usah elu recokin jingggg","1797596895193530384","","","in","Pink Ocean","0","0","0","https://x.com/chesuy0n/status/1797596895193530384","2322375925","chesuy0n"
"1797595466538086700","Mon Jun 03 11:45:31 +0000 2024","0","gen z gen z mau generasi apapun kalo gaji ga naik tp harga rumah/tanah naik terus ya ga akan bisa mas","1797595466538086700","","","in","istj","0","0","0","https://x.com/azzahrasybl_/status/1797595466538086700","1539363759268933632","azzahrasybl_"
"1797587684141203631","Mon Jun 03 11:14:36 +0000 2024","1"," ga bisa semuanya dibebankan ke pemerintah LHAAA TERUS MASA DIBEBANIN KE GEN Z YANG SANDWICH GENERATION DAN GAJI UMRNYA ITU DIPAKAI UNTUK BIAYAIN KELUARGANYA SIH PAKKKKKK?","1797587684141203631","","","in","","0","1","0","https://x.com/y0urteaaa/status/1797587684141203631","1208379376930131969","y0urteaaa"
"1797481234626736351","Mon Jun 03 11:01:10 +0000 2024","1","@shyscia @tanyarlfes Anjir gen z kena mulu sialan dah pemerintah ini sumpah. Dahal yg lebih kita butuhin itu kerja anjir kerja yg dpt gaji layak karna disini masih banyak perusahaan yg gaji ga sampe umr. Masih dibawah banget dan ditambah loker nentuin kualifikasi kudu begini begitu","1797584303691632900","","shyscia","in","East Java, Indonesia","0","0","0","https://x.com/minahhjh/status/1797584303691632900","1242004286302646276","minahhjh"
"1797578391115513921","Mon Jun 03 10:37:40 +0000 2024","2","Kalo emang targetnya buat menunjang ekonomi gen z biar punya rumah di masa depan ya sediain dong program rumah siap huni yang murah dan layak. Kasih subsidi dari pemerintah tanpa harus motong gaji atau naikin umr + luasin lapangan kerja tanpa persyaratan yg strict banget","1797578391115513921","","","in","AKGAE SHIP BXB DNF | Selective","0","0","0","https://x.com/luna_w053/status/1797578391115513921","1487220594051452933","luna_w053"
"1797578349021438425","Mon Jun 03 10:37:30 +0000 2024","0","pak yaAllah pak mau nabung jg gen z gaji gak seberapa tp harga jual buat keperluan hidup setinggi langit","1797578349021438425","","","in","dnf ","0","0","0","https://x.com/june6hae/status/1797578349021438425","1408472410878218247","june6hae"
"1797520011575402611","Mon Jun 03 10:34:03 +0000 2024","0","@tanyakanrl Gen z diem diem aja padahal ga punya rumah gapapa yang penting hidup tenang udh sadar diri aja lah pokoknya gaji umr buat hidup aja sesek napas apalagi beli rumah","1797577481488413126","","tanyakanrl","in","somewhere on earth","0","0","0","https://x.com/xyz_apf/status/1797577481488413126","3480600792","xyz_apf"
"1797481234626736351","Mon Jun 03 10:21:16 +0000 2024","0","@shyscia @tanyarlfes pdhl gen z ga punya rmh krna kebutuhan naik tp umr segitu2 aja udh umr segitu2 aja gaji yg di bwh umr lebih banyak ","1797574263383429569","","shyscia","in","Depok,Indonesia","0","0","0","https://x.com/YASMINERSwriter/status/1797574263383429569","530825987","YASMINERSwriter"
"1797574184765424033","Mon Jun 03 10:20:57 +0000 2024","0","Ya mau bantuin biar gen z punya rumah tp gaji kecil trs dipotong segala tetek bengeknya ya bukannya punya rumah duluan yg ada meninggal duluan","1797574184765424033","","","in","","0","0","0","https://x.com/diarididi/status/1797574184765424033","1376732558600200196","diarididi"
"1797520011575402611","Mon Jun 03 10:18:12 +0000 2024","0","@tanyakanrl Gen z gmna mau punya rumah pak? Nyari kerjaan aja ada batas usia banyak calo syarat ketentuan masuk nya banyak yang ngga masuk akal. Sekali ada kerja yang gampang masuk gaji di bawah 2jt. Mau beli rumah juga mikir lagi pak mending buat makan","1797573491702780212","","tanyakanrl","in","","0","0","0","https://x.com/_xya__/status/1797573491702780212","1752758093161889792","_xya__"
"1797481234626736351","Mon Jun 03 10:04:34 +0000 2024","7","@shyscia @tanyarlfes padahal mimpi gw ga punya rumah dan fokus sama hal lain eh ada tepera seoalah menganggap rumah sebagai impian gen z. pak impian gen z tuh kerja enak gaji gede","1797570061747794290","","shyscia","in","","0","1","0","https://x.com/ArinaFadya/status/1797570061747794290","1572482089685258242","ArinaFadya"
"1797520011575402611","Mon Jun 03 10:03:03 +0000 2024","0","@tanyakanrl Pil pahit kepala lu peyaang.. Lo kira pemotongan gaji ni kena nya di gen z doang. Mikirrr doong.. Pake apa beli rumah duit nya g bakal cukup ituu.. Aahh elaah...","1797569680263286994","","tanyakanrl","in","Indonesia","0","0","0","https://x.com/tklvcm12/status/1797569680263286994","495452111","tklvcm12"
"1797520011575402611","Mon Jun 03 10:01:43 +0000 2024","0","@tanyakanrl gen z butuh kerjaan pak gaji cukup boro mikirin rumah buat makan jajan aja muter otak dulu cukup ga sebulan","1797569344723136750","","tanyakanrl","in","","0","0","0","https://x.com/fabianolin_/status/1797569344723136750","1430364729868881922","fabianolin_"
"1797564490424488260","Mon Jun 03 09:42:26 +0000 2024","0","gausah jauh2 mikirin rumah buat gen z. banyakin aja dulu itu lowongan pekerjaan. sejahterain dulu masyarakatnya baru bikin peratura potong2 gaji. ngadi2 emang","1797564490424488260","","","in","","0","0","0","https://x.com/archiveal_/status/1797564490424488260","1752627319196520448","archiveal_"
"1797564477946355927","Mon Jun 03 09:42:23 +0000 2024","0","Gaji seberapa + harga rumah/tanah selalu naik nyalahin gen z :) (eventhough i am gen z)","1797564477946355927","","","in","IDN/ENG","0","0","0","https://x.com/Capucin1902/status/1797564477946355927","1410894255644569601","Capucin1902"
"1797563239984984470","Mon Jun 03 09:37:28 +0000 2024","0","PEDULI AMAT???? Lagian katakanlah gaji rata2 gen z 5 jt. 3% nya berarti 150k. Misal 20 tahum kerja itu juga cuma dapet 36 juta sekian. RUMAH MANA YG HARGANYA SEGITUUU??? Kecuali gaji kita nih 20 jt perbulan","1797563239984984470","","","in","","0","0","0","https://x.com/foryuuji/status/1797563239984984470","1450018198397415427","foryuuji"
"1797520011575402611","Mon Jun 03 09:16:48 +0000 2024","0","@tanyakanrl Aneh banget. Kalo emang ga mau gen z ga punya rumah ya pemerintah bikin kebijakan biar harga rumah murahlah! Bukan malah ngambil dari yang rakyat mulu. Udahmah gaji segitu doang. Masih aja dipotong","1797558038662185106","","tanyakanrl","in","Nomaden","0","0","0","https://x.com/GsooGmin/status/1797558038662185106","1646423104040865793","GsooGmin"
"1797555770495734170","Mon Jun 03 09:07:47 +0000 2024","1","makasih ya pak sandiaga (dan pejabat lain) karena udh mikirin rumah buat gen z. biar baiknya ga nanggung knp ga bapak beserta para menteri/pejabat yang lain aja sisihin uang dari gaji atau tunjangan kalian yang BANYAKK itu","1797555770495734170","","","in","","0","0","0","https://x.com/beauvune/status/1797555770495734170","1535960562504376320","beauvune"
"1797555585090756980","Mon Jun 03 09:07:03 +0000 2024","0","Pak gamau pak mau pale cara sendiri gak usah atur² gen z pake segala potong gaji sana sini","1797555585090756980","","","in","","0","0","0","https://x.com/yoojae_leejen23/status/1797555585090756980","1517181450071973888","yoojae_leejen23"
"1797555268009820634","Mon Jun 03 09:05:47 +0000 2024","1","boro² mikirin rumah pak gen z banyak yg nganggur cari kerja susah lapangan pekerjaan pun sedikit sekalipun udh kerja dapet gaji potongannya banyak blm lg klo sandwich generation. minimal kebijakan batas usia perkerja dihapus dulu lah baru mikirin rumah","1797555268009820634","","","in","","0","0","0","https://x.com/induklouis/status/1797555268009820634","3010427520","induklouis"
"1797152507791311277","Mon Jun 03 08:59:42 +0000 2024","0","@rtobg71 @Jojobetako2 @xquitavee @BpTapera @tsetiady @TaperaEmmanuel Buzzer tapera mau nipu masyarakat Gen Z gak bisa beli rumah karena harga rumah naik gila gilaan gara gara inflasi. Gaji lu dipotong 3% kasih bunga 5% mau sampai mampus juga nggak akan kebeli rumah. yang ada daya beli Tapera menurun drastis pas diambil pensiun","1797553737306976313","","rtobg71","in","Jakarta","0","0","0","https://x.com/indonode/status/1797553737306976313","1451859919536197633","indonode"
"1797520011575402611","Mon Jun 03 08:54:00 +0000 2024","0","@tanyakanrl Gen z gen z generasi bapak noh yg harusnya banyak turun ke lapangan biar ga banyak mau. jangan kan mikir rumah mikir buat makan tiap hari udh ada aja pada alhamdullilah. Gaji di Indo engga segede itu buat di potong potong jadi sedekah rumah . Plis lah mikir","1797552303651860860","","tanyakanrl","in","Pluto","0","0","0","https://x.com/inthesho0p/status/1797552303651860860","2585082662","inthesho0p"
"1797550203635163624","Mon Jun 03 08:45:40 +0000 2024","0","aneh. yg jadi permasalahan tu kok bisa sampai gen z ga sanggup beli rumah? kenapa harga rumah &amp; tanah mahal? kenapa pemasukan/gaji gen z ga bisa ditabung utk beli rumah? bukannya terus bikin kebijakan ga jelas jir ini mah akar permasalahannya juga ga bakal selesai","1797550203635163624","","","in","","0","0","0","https://x.com/trecestrella/status/1797550203635163624","1487103268064878594","trecestrella"
"1797542614763499565","Mon Jun 03 08:15:30 +0000 2024","1","Ya karena gen z diem aja mana masih m8kirin mental health minta kerjaan enak gaji gede tp cm lulusan sma sederajat kagak mikir anak cucu lu mau di kasih makan apa ? sebenernya bukan cari kerja itu susah tp emng orng ny aja yg pilih² kerja.","1797542614763499565","","","in","Yogyakarta, Indonesia","0","1","0","https://x.com/Khairuzzadittqw/status/1797542614763499565","1581275668457091072","Khairuzzadittqw"
"1797520011575402611","Mon Jun 03 08:11:25 +0000 2024","1","@tanyakanrl Boro boro mikirin rumah gen z aja masih bertarung dengan gaji rendah dan beban kerja yg tidak sesuai ini lagi mikirin duit gaji dipotong hedeh!","1797541587511394518","","tanyakanrl","in","Earth 616","0","0","0","https://x.com/urfav_kkk/status/1797541587511394518","1008319806309744645","urfav_kkk"
"1797520011575402611","Mon Jun 03 08:10:01 +0000 2024","0","@tanyakanrl Gak tau aja gen z itu tulang punggung pak gaji kita 50% untuk org tua 20% untuk keperluan rumah sisa nya baru bisa di nikmatin ","1797541233537269774","","tanyakanrl","in","Jawa Tengah, Indonesia","0","0","0","https://x.com/Luckyou875/status/1797541233537269774","2375257686","Luckyou875"
"1797520011575402611","Mon Jun 03 08:07:59 +0000 2024","0","@tanyakanrl kenaikan gaji skrg ga ngikutin inflasi duit kelihatan banyak tapi tetep ga cukup buat beli rumah akhirnya duit dipake buat beli barang mau dipake apa lagi? trs disorot katanya gaya hidup gen Z boros karena ngopi tiap hari jadi gbs beli rumah lah dr awal emg ga cukup duitnya","1797540720557142224","","tanyakanrl","in","","0","0","0","https://x.com/grumpyygirl/status/1797540720557142224","1539888936566132736","grumpyygirl"
"1797538499119452449","Mon Jun 03 07:59:09 +0000 2024","0","Bukannya ini malah ngeberatin gen z? Gaji umr dikurang lagi buat tapera","1797538499119452449","","","in","","0","0","0","https://x.com/phuuuuue/status/1797538499119452449","1109326857051111424","phuuuuue"
"1797520011575402611","Mon Jun 03 07:43:20 +0000 2024","0","@tanyakanrl Tinggal buka lapangan pekerjaan yg banyak gaji layak terus syarat yg gapenting dihapus gaperlu lu mikirin rumah gen z","1797534517328290217","","tanyakanrl","in","","0","0","0","https://x.com/Galih_RN29/status/1797534517328290217","1386316718","Galih_RN29"
"1797481234626736351","Mon Jun 03 07:37:43 +0000 2024","2","@shyscia @tanyarlfes Bantuin gen Z tu dari gaji aja si pak lagian kenapa kek hina bgt org2 yg ga kebeli rumah tu","1797533104388870163","","shyscia","in","Bandung, Indonesia","0","1","0","https://x.com/astrophilleeii/status/1797533104388870163","1115590111905730560","astrophilleeii"
"1797531077332123713","Mon Jun 03 07:29:40 +0000 2024","0","Gimna gen Z susah punya rumah properti makin mahal lahan makin sempit dan sekrang gaji yg begitu kecil ini dipotong buat tapera","1797531077332123713","","","in","도경수의 마음속에 ","0","1","0","https://x.com/ksoolup12/status/1797531077332123713","1445796320166301704","ksoolup12"
"1797520011575402611","Mon Jun 03 07:18:17 +0000 2024","0","@tanyakanrl gen z maunya gaji naik pak bukan nabung tapera","1797528213541044407","","tanyakanrl","in","","0","0","0","https://x.com/todayislunnar/status/1797528213541044407","1543927928584835073","todayislunnar"
"1797520011575402611","Mon Jun 03 07:14:46 +0000 2024","0","@tanyakanrl Pak gen z lagi mikirin gmna caranya biar dapet kerjaan dan gaji naik soalny kebutuhan hidup makin mahal ditambah lagi kebijakan baru yg gk ngotak trs emng pemerintah bisa jamin kalo Tapera bakal bersih dan bisa diambil? ntar kayak yg udh² mls dikibulin mulu kayak orng tolol","1797527331776675996","","tanyakanrl","in","","0","0","0","https://x.com/pochamintchoco/status/1797527331776675996","1619560326634283009","pochamintchoco"
"1797520011575402611","Mon Jun 03 07:02:26 +0000 2024","1","@tanyakanrl Mending gen Z dikasih lapangan kerja yang banyak kak dan syarat serta gaji yg masuk akal","1797524224216862992","","tanyakanrl","in","condongkekirii","0","1","0","https://x.com/gimmecchocolate/status/1797524224216862992","1603724253014024192","gimmecchocolate"
"1797523827674767549","Mon Jun 03 07:00:51 +0000 2024","0","guru gen z ni makan gaji buta doang mending gausa jadi guru dah tai kalo masuk kelas tergantung mood mah","1797523827674767549","","","in","she","0","0","0","https://x.com/mpiiskibidi/status/1797523827674767549","1502012784007016450","mpiiskibidi"
"1797513733033570782","Mon Jun 03 07:00:00 +0000 2024","0","@e100ss Gen Z yg baru mau menata hidup dihadapkan dengan kegagalan pemerintah dengan tidak terkendalinya kenaikan harga komoditi di pasaran udah gitu subsidi dikurangin dan dipersulit ditambah lagi agenda pemotongan gaji ini itu berdalih tabungan... mau bahagia gimana?","1797523613375180978","","e100ss","in","","0","0","0","https://x.com/gb_sleepy/status/1797523613375180978","60553785","gb_sleepy"
"1797481234626736351","Mon Jun 03 06:55:26 +0000 2024","0","@tanyarlfes Gila.. alasan gen z Mulu. I mean gpp deh pemerintah mau Tapera atau apalah tp ya gaji UMR naikin juga mau g ? Ini udh gaji pas Pasan. Mau dipotong bayar ini itu tanggungan banyak. Dah lah. G tau apa rakyat ny bnyk yg Sandwich gen.","1797522463892598795","","tanyarlfes","in","Mataram, Indonesia","0","0","0","https://x.com/lliayum24/status/1797522463892598795","1497446234864242688","lliayum24"
"1797520845159715081","Mon Jun 03 06:49:00 +0000 2024","0","gen z ga akan bisa punya rumah kalau generasi kalian ga berenti jadiin rumah investasi kalau kalian ga berenti korupsi uang rakyat kalau gaji ga dinaikkin sesuai dengan naiknya segala biaya di berbagai bidang","1797520845159715081","","","in","","0","0","0","https://x.com/heloyiyi/status/1797520845159715081","1364970940946386948","heloyiyi"
"1797512529947803718","Mon Jun 03 06:15:57 +0000 2024","1","gen Z mo nonton konser dipajakin mahal gen Z mo beli printilan kepop dpajakin becuk mahal gen Z mo beli makanan enak PPn mau naik lg gen Z mo nabung potogan gaji aja gede menurut ngana aja gen Z kepikiran mau beli rumah? pilihan mereka tu kalo ga psikolog ya psikiater ","1797512529947803718","","","in","Belahan Ketek Seungcheol","0","0","0","https://x.com/nunanya_wonu/status/1797512529947803718","874185474532716544","nunanya_wonu"
"1797228591379513853","Mon Jun 03 05:29:19 +0000 2024","0","@fellexandro Waduh @prastow harta rumah Bu Sri kok banyak banget. Masih nggak puas Milenial dan Gen Z mau diperas dipotong gaji 3% dengan dalih tabungan yang kalau diambil pas pensiun nggak akan bisa beli rumah juga?","1797500794306208025","","fellexandro","in","","0","0","0","https://x.com/meinaret/status/1797500794306208025","466627404","meinaret"
"1797491600026927568","Mon Jun 03 04:52:47 +0000 2024","0","Gen Z ya nabung lah pak biar dapet rumah jangan maunya gaji tinggi mulu","1797491600026927568","","","in","Nusa Barong","0","0","0","https://x.com/sultohn/status/1797491600026927568","852617601570164736","sultohn"
"1797485898583695739","Mon Jun 03 04:30:08 +0000 2024","0","iyadeh iyaaaaa gen z emg gabakal bisaa punya rumaaahhh yaa gimana mau bisa punya rumah orang cari kerja aja susahnya 1/2 mati gaji banyak dipotong batasan usia banyak bgt nyet","1797485898583695739","","","in","","0","0","0","https://x.com/sssecretwt/status/1797485898583695739","1205676964494708736","sssecretwt"
"1797472934812131396","Mon Jun 03 03:38:37 +0000 2024","0","Umur 35 gaji 30 juta nanya ginian biasanya di ChatGPT dan itu pun just for fun bukan di menfess. Ini mah Gen Z ngenes pengangguran udah kebaca.","1797472934812131396","","","in","","0","0","0","https://x.com/elonmustofa/status/1797472934812131396","1154814853694885889","elonmustofa"
"1797455515985056069","Mon Jun 03 02:29:24 +0000 2024","0","Dimana esensi nya kalau tapera itu buat bantu masyarakat punya rumah? 1. Syarat KPR aja minimal cicilan 30% dari income (Jabotabek dengan harga properti sekarang yang paling murah 400jt aja minimal gaji kudu diatas 8jt) 2. 9.9jt gen z nganggur (di approve kah kalo ajuin?)","1797455515985056069","","","in","","0","0","0","https://x.com/An4teha/status/1797455515985056069","230890920","An4teha"
"1797427704578638093","Mon Jun 03 01:20:26 +0000 2024","0","@Puthutea Rakyat yg Gotong royong ? Gimana kalau gaji presiden menteri pejabat-pejabat semuanya yg gotong royong menanggung IURAN TAPERA seluruh rakyat+Gen Z??? yg gajinya gede &amp; rangkap sana sini aja keberatan dipotong ini rakyat jelata yg tiap bulan msh kekurangan mau dipotong lg?","1797438160684945806","","Puthutea","in","","0","0","0","https://x.com/hyde_take_farza/status/1797438160684945806","2314838342","hyde_take_farza"
"1797430958423265656","Mon Jun 03 00:51:49 +0000 2024","17","Gen Z tu belum apa apa udah nanyain gaji cari kerja apa cari gaji. Percaya deh kalo kerja km bagus gaji pasti menyesuaikan.Yang penting isi dulu peluang. Kalo ga sesuai kan nanti bisa mundur. Jangan mundur sebelum berjuang.Semangat buat pencari rupiah. Apa pun lakuin dulu itu.","1797430958423265656","","","in","","0","3","1","https://x.com/irenarani86/status/1797430958423265656","1206522432552493056","irenarani86"
"1797166075395940469","Mon Jun 03 00:27:21 +0000 2024","0","@5teV3n_Pe9eL Gen Z jadi kambing hitam padahal akui aja ini kegagalan pemerintah menyediakan lapangan kerja dan memberikan kesejahteraan buat rakyat ngaku hayoh?! Gaji gua di potong pajak buat makan pejabat pemerintah g ikhlas gua klo kelen kerja ngang ngong.","1797424800878789118","","V3g3L","in","","0","0","0","https://x.com/ValheinAov/status/1797424800878789118","1522727405730897920","ValheinAov"
"1797135413494325543","Mon Jun 03 00:18:08 +0000 2024","0","@sandiuno Gen z gabisa punya rumah kalo masih kerja di indonesia dengan gaji UMR","1797422480761798948","","sandiuno","in","Bali, Indonesia","0","0","0","https://x.com/suryadiki/status/1797422480761798948","478385878","suryadiki"
"1797166075395940469","Sun Jun 02 23:32:41 +0000 2024","0","@5teV3n_Pe9eL OOHHH JADI NGAKU SENDIRI YA KALO SKRG TUH MUSTAHIL BUAT GEN Z BELI RUMAH KARENA HARGA PADA GA NGOTAK S1 TAPI GAJI TIDAK MENSEJAHTERAKAN!! TRUS SOLUSINYA SEMUA RAKYAT DIPAKSA IKUTAN TAPERA. ","1797411042957602974","","V3g3L","in","Indonesia","0","0","0","https://x.com/sarister12/status/1797411042957602974","37112248","sarister12"
"1797135413494325543","Sun Jun 02 22:54:32 +0000 2024","0","@sandiuno ga ush gitu bgt bro elo tahu koq klo TAPERA itu akal2an... elo pikir brp gaji gen z yang dipotong buat TAPERA dan brp hasilnya nanti ? Tahun 2021 aj dana TAPERA dari ratusan ribu pegawai tidak bisa keluar. Itu keringat orang dosa lu seberapa gede itu ? sadar bro sadar...","1797401443676418264","","sandiuno","in","","0","0","0","https://x.com/un_dreilukas/status/1797401443676418264","2459086860","un_dreilukas"
"1797385977931173909","Sun Jun 02 21:53:05 +0000 2024","0","Gajiku untuk buatin rumah kaum gen Z Gimana kalo gaji anggota dewan aja yang puluhan juta itu dipotong gaji umr aja banyak sekali printilannya","1797385977931173909","","","in","Denpasar Timur, Indonesia","0","0","0","https://x.com/FTR_HDRIANTI/status/1797385977931173909","1410943821236473857","FTR_HDRIANTI"
"1797224759639572556","Sun Jun 02 17:23:46 +0000 2024","0","@awitsagi @WhySooSeriously @fellexandro Mereka menjadikan tanah &amp; properti sbg investasi ditimbun bisa harga melambung tinggi. Tamak &amp; rakus. Tdk perduli org lain. Skrg gen millenial &amp; gen Z merasakan dampak semua kerakusan itu: susah beli rumah sebab harga naik tinggi tiap tahun tdk sebanding kenaikan gaji ","1797318202562916859","","awitsagi","in","","0","0","1","https://x.com/auoquamel/status/1797318202562916859","1563334024516382721","auoquamel"
"1797317303635411008","Sun Jun 02 17:20:12 +0000 2024","0","Gpp deh pak.. Gen Z pake rumah peninggalan ortu ajalah drpd dicekik model begini.. klo emg mau potong gaji lagi ya harga bahan pokok kebutuhan sehari2 bensin listrik pajak dll turunin dong.. ini malah 2025 mau dinaikin berjamaah..","1797317303635411008","","","in","east java","0","0","0","https://x.com/alexmusician/status/1797317303635411008","83797482","alexmusician"
"1797135413494325543","Sun Jun 02 17:02:24 +0000 2024","0","@sandiuno Gen z lagi aja pdhl gen z lagi pusing cari kerja dari pd cari rumah. Yg konkrit aja deh pak lalu klo gaji umr beli rmh dp aja blm dapet trs gen z hrs nunggu tapera berapa tahun? 50? Punya cucu duluan saya pak dr pd rumahnya. Kecuali dapet jaminan punya rumah dr awal byr pajak","1797312826278854862","","Haechnanaa","in","","0","0","0","https://x.com/Haechnanaa/status/1797312826278854862","1530222806830845952","Haechnanaa"
"1797228591379513853","Sun Jun 02 16:32:35 +0000 2024","0","@fellexandro Nah lhoooooo... Ini pejabat tinggi memberi contoh utk penimbunan properti Org biasa disuruh patungan gaji buat nyicil properti yg harganya semakin melonjak setiap tahun tak terkendali gara² ditimbun horang kaya Makanya generasi muda apalagi gen Z semakin sulit punya rumah","1797305319154192407","","fellexandro","in","","0","1","0","https://x.com/BhatnagarEuler/status/1797305319154192407","1563456727705563136","BhatnagarEuler"
"1797166075395940469","Sun Jun 02 16:26:56 +0000 2024","0","@5teV3n_Pe9eL Kaya yakin gen z bakal bisa hidup smp usia pensiun aja?? Liat peraturan gonta ganti udh pengen cepet2 mati aja soalnya udh gakuat hidup lapker yg susah hrus dituntut ini itu sandwichgen pajak ini itu gaji yg dikit masyaallah pemerintah dzolim kali ya allah","1797303901089411341","","V3g3L","in","","0","0","0","https://x.com/nowplay_august/status/1797303901089411341","1459808684129746947","nowplay_august"
"1797166075395940469","Sun Jun 02 16:07:42 +0000 2024","1","@5teV3n_Pe9eL Maksud lu gen z ga akan bisa punya rumah walau kerja sampe nyentuh usia pensiun? Salah siapa harga kebutuhan naik drastis tapi gaji umr naik aja susah? Udah gitu malah mau dipotong lagi buat program tabungan ke pemerintah yang rentan jadi duit ghaib alias dikorupsi.","1797299059637784900","","V3g3L","in","","0","0","0","https://x.com/Kindrag_/status/1797299059637784900","1149805337882419200","Kindrag_"
"1797135413494325543","Sun Jun 02 15:21:02 +0000 2024","0","@sandiuno Biar gen Z kerja keras buat sukses.. Ngapain dimanjaaiin.... Udh bnyak nganggur krna aturan pekerja yg ribet skrg di manjain iming2 mudah punya rumah dengan iuran dari rakyat sndiri ga habis pikir... Kenapa ga gaji pejabat aja tuh ilangin","1797287313091018881","","sandiuno","in","","0","0","0","https://x.com/lempengaaja/status/1797287313091018881","547558892","lempengaaja"
"1797284663305863272","Sun Jun 02 15:10:30 +0000 2024","1","sempet baca perhitungan tapera untuk gaji 5jtbisa kekumpul 90jt selama 50 tahun. sedangkan gaji sekarang untuk menyentuh angka 5jt aja sulit karena perhitungan umr yang tiap daerah beda. terus itu gen z harus kerja 50 tahun bahkan lebih? tempat kerjanya apa siap menampung?","1797284663305863272","","","in","Tangerang, Indonesia","0","0","0","https://x.com/stroberibel/status/1797284663305863272","1090574064643534849","stroberibel"
"1797141723707211815","Sun Jun 02 14:51:06 +0000 2024","0","@tanyakanrl Harga hp 6 kali gaji. Melongoh bets. Ga pernah kebayang krn selalu beli hp dibawah gaji. Pake iphone juga ga krn gengsi. Gapaham lah sama gen z jaman sekarang","1797279783203848649","","tanyakanrl","in","Jogja","0","0","0","https://x.com/dyaanera/status/1797279783203848649","93818266","dyaanera"
"1797166075395940469","Sun Jun 02 14:38:28 +0000 2024","0","@5teV3n_Pe9eL Bilangin ke gen z belajar management keuangan dan buka lowongan kerja yang banyak bukan malah mental pengemis dan bilangin yah kontol kalau gaji kecil ga usah beli barang Mahal anjing","1797276603808100419","","V3g3L","in","","0","0","0","https://x.com/arifin0004/status/1797276603808100419","1664622598678822913","arifin0004"
"1797229249214239119","Sun Jun 02 14:18:14 +0000 2024","0","@tanyakanrl Sekarang apa yang bisa lo lakuin gak guna nyesal doang. Ayo Gen Z dan milenial bersatu!.Suarakan terus. Kasihan emak kita pusing harga beras naik minyak goreng nak tarif dasar listrik naik. Yang ortunya kerja gaji bulanan pajak jadi 12% Tapera. Udah korupsi semua negara ini","1797271509159010509","","tanyakanrl","in","","0","0","0","https://x.com/BruleLecitin/status/1797271509159010509","1446710059015147521","BruleLecitin"
"1797166075395940469","Sun Jun 02 13:48:47 +0000 2024","0","@5teV3n_Pe9eL halah gaji pejabat aja mending sumbangin buat gen z biar bisa kebeli rmh","1797264099568734628","","V3g3L","in","Slavesss","0","0","0","https://x.com/Rezaprsty_/status/1797264099568734628","700975236","Rezaprsty_"
"1797178616780140590","Sun Jun 02 13:05:19 +0000 2024","2","@VIVAcoid Itu omong kosong bung sandi @sandiuno yg penting bukan tapera buat gen z tapi pekerjaan dng gaji layak bukan umr ala2 omnibus law. Tapera kamuflase rakyat diperah utk nambahin APBN yg kurang dr penambahan hutang. Tapera bukan menyediakan rumah tp menyediakan uang kas buat APBN","1797253162686136560","","VIVAcoid","in","","0","0","0","https://x.com/CentralFrom/status/1797253162686136560","1395898405965111297","CentralFrom"
"1797135413494325543","Sun Jun 02 12:47:36 +0000 2024","0","@sandiuno Udah baca ini belum @sandiuno ???? Sok2 bawa GEN Z segala yang lalu aja ngga becus ngurusnya. Ngga usah lu merasa paling berhak atas GAJI/DUIT Rakyat!!!!!! https://t.co/oQ6Jtpcq5J","1797248703851561254","","sandiuno","in","","0","0","0","https://x.com/Gambit_XX__280/status/1797248703851561254","1775751097120137217","Gambit_XX__280"
"1797135413494325543","Sun Jun 02 11:44:40 +0000 2024","0","@sandiuno klo niat nya bantu gen z punya rumah dibaliknaja pak siapain dlu rumahnya gen z tempatin baru dia nyicil tu lewat potongan gaji.. gmn? klo mau bantu punya rumah lo ya niat nya ","1797232865446592988","","sandiuno","in","cimahi, Indonesia","0","0","0","https://x.com/RamanaBudak3/status/1797232865446592988","109835934","RamanaBudak3"
"1797178616780140590","Sun Jun 02 11:13:08 +0000 2024","3","@VIVAcoid Karena gen z paling enak dibodohin oleh mereka yg ga pernah ngerasain gaji umr seperti yg buat kebijakan ","1797224930050023625","","VIVAcoid","in","Indonesia","0","0","0","https://x.com/FoundationCcm/status/1797224930050023625","1639434473614999552","FoundationCcm"
"1797135413494325543","Sun Jun 02 10:46:21 +0000 2024","0","@sandiuno Jangan nyatut Gen Z deh lu pakai otak di dengkul juga ngga bakalan hasil Tapera 3% dr gaji bisa beli rumah memangnya beli rumah cuma pakai DP doang ngga bayar Cicilan?","1797218188209590638","","sandiuno","in","","0","0","0","https://x.com/AriskaPutraS/status/1797218188209590638","1603536827725811712","AriskaPutraS"
"1797216638586249297","Sun Jun 02 10:40:11 +0000 2024","0","@sandiuno lu mau membodohi rakyat? berapa yg dihasilkan dari Tapera yg jangka waktu maksimalnya 15 thn dgn tabungan 3% dr gaji dan berapa pula harga rumah? Gen Z yg mana sementara Gen Z banyak yg nganggur?","1797216638586249297","","sandiuno","in","","0","0","0","https://x.com/AriskaPutraS/status/1797216638586249297","1603536827725811712","AriskaPutraS"
"1797212409914138698","Sun Jun 02 10:23:23 +0000 2024","2","Sepatutnya esok ada staff bru nk masuk. Dah deal gaji and everything. Td kita msg utk confirmkan tak jadi pula. Nsb baik kita msg kalau tak mst dia ghosting je. Kenapa gen Z ni suka sgt ghosting eh kalau bab2 mcm ni? Boleh je bgtau awl so kitorang boleh cr staff lain","1797212409914138698","","","in","Chukai, Trengganu","0","2","0","https://x.com/xeraheadstrong/status/1797212409914138698","152566138","xeraheadstrong"
"1797208660235686394","Sun Jun 02 10:08:29 +0000 2024","11"," POV: Pemikiran 1 Milyar Gen Z sedunia yang belum dapat kerja Semangat apply loker guys semoga dapat kerja gaji minimal UMR Bekasi https://t.co/kcMLlzCJaw","1797208660235686394","https://pbs.twimg.com/media/GPD3v_iacAAZuFH.jpg","","in","","0","0","0","https://x.com/convomf/status/1797208660235686394","1314975287294083073","convomf"
"1797166075395940469","Sun Jun 02 09:44:24 +0000 2024","0","@5teV3n_Pe9eL Bagaimna klo gaji para menteri aja yg dipotong 25 % utk bantu gen z itu.","1797202599667777766","","V3g3L","in","Pulau Sebatik, Indonesia","0","0","0","https://x.com/_ikhwanyan/status/1797202599667777766","1471082246232686592","_ikhwanyan"
"1796895515650752886","Sun Jun 02 08:52:27 +0000 2024","2","@Dandhy_Laksono kesekian kalinya pemerintah mencari jalan instan utk menyelesaikan masalah yg phl samsek ga nyentuh titik permasalahan itu sndiri. Gen Z biar punya rumah ya stabilkan ekonomi kurangi inflasi dll kok malah potong gaji hadehhh ","1797189523996393976","","Dandhy_Laksono","in","","0","0","0","https://x.com/mahmuh_/status/1797189523996393976","1521740161859854336","mahmuh_"
"1795744937092534743","Wed May 29 09:12:10 +0000 2024","0","Lagi baca corusel tentang Tapera ada yg komen begini dan mikir mungkin ini alasan kenapa Gen Millennial dan Gen Z suka pindah-pidah tempat kerja supaya seenggaknya bisa naik gaji 25%. Ya Dude potongan 22% naik pertahun 3%. Si Pph 21 aja gak ketolong sama naiknya gaji pertahun. https://t.co/qVfe8TPDqj","1795744937092534743","https://pbs.twimg.com/media/GOvEgDJbwAAU3wN.jpg","","in","Jakarta, Indonesia","0","0","0","https://x.com/prtmlintang/status/1795744937092534743","1182342189398933504","prtmlintang"
"1795742111444455590","Wed May 29 09:00:57 +0000 2024","0"," gw gen z not rich gaji gw 700k di tempat kopi tapi gw ketagihan beli tanah dan properti ORTU LU TAJIR YA BGST.","1795742111444455590","","","in","Nara-ken, Japan","0","0","0","https://x.com/aguto_kun/status/1795742111444455590","560184086","aguto_kun"
"1795066156052525160","Wed May 29 06:58:03 +0000 2024","0","@convomf kualifikasi banyak mau tapi gaji ga sesuai... lembur harus di gas ga terima di kritik ngatain pilih pilih kerjaan belum lagi adu nasib nya selalu menyudutkan gen z hadeuhhhh","1795711182747406794","","convomf","in","061313","0","0","0","https://x.com/mxyggi/status/1795711182747406794","1149995319121203203","mxyggi"
"1795698482453582295","Wed May 29 06:07:35 +0000 2024","0","Iuran Tapera Potong Gaji 3% Yakin Gen Z Bisa Beli Rumah saat Pensiun? https://t.co/V4NzLKPYAe","1795698482453582295","","","in","","0","0","0","https://x.com/VIVAcoid/status/1795698482453582295","41730943","VIVAcoid"
"1795693677333119379","Wed May 29 05:48:29 +0000 2024","0","Harga talinya aja udah setara dengan potongan Tapera gaji pertama Gen Z.","1795693677333119379","","","in","Jakarta Pusat, DKI Jakarta","0","0","0","https://x.com/uswahabibah/status/1795693677333119379","108227302","uswahabibah"
"1795413426413711454","Wed May 29 05:25:29 +0000 2024","1","@abigailimuriaa Terus Gen Z dibilang byk mau &amp; pemilih pas lagi kerja. Badjingan pemerintah aja gk support kita sbgai rakyat dgn ksih fasilitas kemakmuran malah menambah mslh dgn membuat iuran baru yg diptong dr gaji kryawan. Kesekian kaliny rezim ini membuktikan bhwa mrka gk mikir alias tolol","1795687886714777934","","abigailimuriaa","in","","0","0","0","https://x.com/febrigoh/status/1795687886714777934","1729882538624368640","febrigoh"
"1795670061635731863","Wed May 29 04:14:39 +0000 2024","0","Gen Z disalahin karena dianggap pemalas dan tidak kompeten membuang-buang waktu dengan aktivitas pengangguran kemudian resurjensi ( bangkit kembali ) mencari pekerjaan dengan susah payah habis-habisan dan mati-matian sehabis dapat kerjaan remunerasi ( gaji ) di potong. Sedih!","1795670061635731863","","","in","Indonesia","1","0","0","https://x.com/alamteGarr/status/1795670061635731863","931942638","alamteGarr"
"1795657791253999802","Wed May 29 03:53:34 +0000 2024","5","@Dennysiregar7 Logikanya dimana ya? Yg umum berlaku di kredit rumah aja 30% dari gaji itu pun paling lama 20 tahun (kecuali gen Z). Kalo 3% artinya butuh 200 tahun dengan harga rumah yg stagnan selama 200 tahun. Tolongnya kami yg 16% ini gak gampang loh dibodohi.","1795664756390674439","","Dennysiregar7","in","Laugh Tale, Grand Line","0","0","0","https://x.com/bigjayen2/status/1795664756390674439","1604125501588504576","bigjayen2"
"1795662159172755603","Wed May 29 03:43:15 +0000 2024","0","Miris banget nglihatnya... tahun demi tahun pengganguran makin bertambah di Indonesia Anak2 Gen Z aku saranin dari pada nganggur yuk coba kerja luar negeri Selain Gaji juga lebih Kesempatan dapet kerja juga masih terbuka lebar buat kamu. sumber: @insidefolkative https://t.co/faFDTuXjo2","1795662159172755603","https://pbs.twimg.com/media/GOt32CGa4AAGAo7.jpg","","in","Malang","0","0","0","https://x.com/ptbinamandiri/status/1795662159172755603","1353306432","ptbinamandiri"
"1795652735012061438","Wed May 29 03:05:48 +0000 2024","0","Setelah gaji dipotong Tapera ( Tabungan Perumahan Rakyat ) tahun depan akan ada potongan gaji lagi oleh pemerintah yang namanya Tamani ( Tabungan Mahar Nikah ) . Tujuan program ini ngebantu Gen Z bayar mahar nikah yang mulai yak terkendali","1795652735012061438","","","in","Selatan pengen ke Utara","0","0","0","https://x.com/beaglejumper/status/1795652735012061438","47858942","beaglejumper"
"1795651800873435151","Wed May 29 03:02:05 +0000 2024","0","Gaji makin kicik pajak makin naik sehat sehat gen z semoga rumah impian kita yg kita bangun di the sims itu bisa jadi kenyataan yah ","1795651800873435151","","","in","","0","0","0","https://x.com/johnjensuh/status/1795651800873435151","1331140767868350467","johnjensuh"
"1795645577226748231","Wed May 29 02:37:21 +0000 2024","0","Kalau gaji di potong untuk tapera buat bangun rumah yaelah gen Z aja gk mau bangun rumah malah kita yg bangunin kita y bantu gen z yg di bantu gak tau diri","1795645577226748231","","","in","","0","0","0","https://x.com/Bastianalvin22/status/1795645577226748231","1528262664559861760","Bastianalvin22"
"1795632322446074194","Wed May 29 02:14:24 +0000 2024","0","KPR DP 1% bunga murah &amp; angsurqn 30 tahun yg ada di BTN misalnya jadi make sense buat Gen Y &amp; Gen Z. Punya gaji 9t/bulan misalnya bisa beli apartemen 2 bed room tinggal masuk koper harga 400jtan dg cicilan perbulan 3jt an. Masih ngantongin duit 5jtan buat transport &amp; makan.","1795639802517430571","","vaiyo","in","Firenze, Toscana","0","1","0","https://x.com/vaiyo/status/1795639802517430571","49529550","vaiyo"
"1795628764543725948","Wed May 29 01:30:33 +0000 2024","1","kasian banget Gen Z. Nyari kerja nggk dibantu negara dapet kerja gaji dipotong mulu sm negara.","1795628764543725948","","","in","","0","1","0","https://x.com/txtbrandlokal/status/1795628764543725948","1164396687864893440","txtbrandlokal"
"1795002002482856395","Wed May 29 00:13:19 +0000 2024","0","@detikcom Gen Z itu mmg secara mental tdk mudah menyerah mau cepet semua tdk sabar untuk meniti karir rata2 mau instan dgn gaji besar..ini yg gak klop dgn dunia usaha..pekerjaan bnyk iya. Tp dari sisi perusahaan juga akan berpikir ulang untuk terima gen Z dgn karakter ini","1795609328487145808","","detikcom","in","everywhere,. anywhere","0","0","0","https://x.com/lovenoww/status/1795609328487145808","178938870","lovenoww"
"1795594677221237175","Tue May 28 23:15:06 +0000 2024","0","Gen Z yang kemarin koar-koar gak mau punya rumah ngapain punya rumah punya rumah itu gak penting terus sekarang sebagian gaji mereka dipotong buat tabungan perumahan rakyat (Tapera) :)","1795594677221237175","","","in","Jakarta","0","0","0","https://x.com/MHilmi_Setiawan/status/1795594677221237175","232546110","MHilmi_Setiawan"
"1795484339205247459","Tue May 28 15:56:39 +0000 2024","1","ku mau nanya sabagai gen z ini kok pemerintah semakin lama semakin banyak aja ya kebijakannya ?. Nggak kebayang pas gw kerja besok pas dapat gaji pertama eh malah kena potongan pajak lah tapera lah bpjs lah dan masih banyak lagi","1795484339205247459","","","in","","0","1","0","https://x.com/detdisk/status/1795484339205247459","1785312730150535168","detdisk"
"1795301478581817593","Tue May 28 15:02:02 +0000 2024","2","@FiersaBesari aku gen z tapi malah pen beli rumah atas nama sendiri motor mobil atas nama sendiri jg. tapi apa daya gaji ga pernah naek potongan makin banyak","1795470593024020693","","FiersaBesari","in","Tarumajaya, Indonesia","0","0","0","https://x.com/icemirener/status/1795470593024020693","1179194706468601856","icemirener"
"1795447585291010505","Tue May 28 14:37:16 +0000 2024","1","@ARSIPAJA Biar gen z merasakan Zaman orba dmn untuk mengisi jabatan eksekutif lembaga publik sampai BUMN bersaing sama orang militer dan pensiunan militer dan orang dalam juga . Mereka sekolah dibiayai dan di gaji negara sampai jadi perwira . Kalian kuliah biaya sendiri mahal juga","1795464359633936639","","ARSIPAJA","in","","0","1","0","https://x.com/pongo1411/status/1795464359633936639","1595851081908559874","pongo1411"
"1795458345014591738","Tue May 28 14:13:22 +0000 2024","488","Be Gen Z : &gt; Diceng-cengin generasi atas &gt; Susah dapat kerja &gt; Sekalinya ada kerjaan dibego-begoin supaya bisa dibayar murah lalu dijual mimpi-mimpi dan gaslight seperti gapapa kerja keras tapi gaji bercanda &gt; Pendidikan Mahal &gt; Terancam oleh AI &gt; Susah Punya Rumah Sendiri ","1795458345014591738","","","in","her/miladyyyyyy","13","46","134","https://x.com/GuarEmperor/status/1795458345014591738","1388477070523572227","GuarEmperor"
"1795455681962627214","Tue May 28 14:02:47 +0000 2024","0","Gaji dipotong buat tabungan beli rumah padahal Gen z cuma butuh Someone to talk","1795455681962627214","","","in","","0","1","0","https://x.com/BimaaryaArya/status/1795455681962627214","1128175795","BimaaryaArya"
"1795441421031452824","Tue May 28 13:06:07 +0000 2024","263","kemarin liat mirisnya berita 9 9jt gen z nganggur UKT mahal gaji mengsedih rata-rata 4.6 jt. di pikir-pikir kasian juga ya gen z tapi masa siiiih gen z sesedih itu? malah banyak gen z yang menurut mincot very inspiring. contohnya ini walau ga gampang dia tetep punya mimpi","1795441421031452824","","","in","Indonesia","6","6","61","https://x.com/hrdbacot/status/1795441421031452824","501800437","hrdbacot"
"1795437984155873496","Tue May 28 12:52:27 +0000 2024","0","Unpopular opinion: Latest Gen Y (Born 1990-96) &amp; Gen Z idealnya skrg childfree/1 child (Opsi gw kelak yg ke2). Kalo mw 2-3 child (Mostly anak di keluarga 🇮🇩 slama 3 dekade akhir) silakan asal harus punya gaji =&gt;8 jt &amp; bisa jamin kelayakan family. =&gt;4 https://t.co/a4syLyUuZ9","1795437984155873496","","","in","Bekasi, Jawa Barat","0","0","0","https://x.com/MenProgres/status/1795437984155873496","1746354595583193088","MenProgres"
"1795306189859049823","Tue May 28 12:37:31 +0000 2024","1","@srhgrcia @dadimdum Kemarin banyak yg ngatain Millenial jilat pantat atasan gak kayak Gen Z berjuang. Sebenernya dulu millenial juga sama kok cuma sekarang lebih milih diem ajalah. Keadaan serba susah; nyari kerja susah gaji gak naik barang naik ya udah kerja aman aja ","1795434226868953412","","CosplayerCat","in","","0","0","0","https://x.com/CosplayerCat/status/1795434226868953412","1634566340018339841","CosplayerCat"
"1795413217533124691","Tue May 28 11:14:02 +0000 2024","0","Pemerintah tau aja banyak gen z milih bundir trus dibikinlah tapera tapera ini mayankan yg nantinya gaji udah dipotong trus duitnya ngendap ","1795413217533124691","","","in","","0","2","0","https://x.com/GhaliGalih_26/status/1795413217533124691","784793727944364032","GhaliGalih_26"
"1795385049359282389","Tue May 28 09:22:07 +0000 2024","0","Potong gaji agar millenial dan gen Z punya rumah. Hey NJOP tiap tahun naik terus. NPOPTKP pertahun ini utk perolehan jual beli hanya berlaku sekali seumur hidup ","1795385049359282389","","","in","Indonesia","0","0","0","https://x.com/daffodil2727/status/1795385049359282389","151753566","daffodil2727"
"1795362775122002411","Tue May 28 08:08:55 +0000 2024","7","@Naz_lira Sdh gagal ente jok membuka lap.kerja..10 juta gen z milenial menganggur..skrng sdh brhasil warga dpt kerja dgn usaha sndiri pontang panting dipotong pula gaji mrk...bajingan tengik jg..kl mmang pem. mau mmbantu sediakan aja perumahannya...nnti suruh warga yg cicil..","1795366628965880231","","Naz_lira","in","","0","0","2","https://x.com/Legislator75/status/1795366628965880231","1563956377478778880","Legislator75"
"1795350427879510447","Tue May 28 07:04:32 +0000 2024","1","Soal Potongan Gaji untuk Tapera Aleg PKS Minta Pemerintah Perhatikan Kelas Menengah Gen Z dan Pekerja Mandiri https://t.co/KgWqeQLG2t","1795350427879510447","","","in","Kuala Lumpur","0","0","0","https://x.com/pksmalaysia1/status/1795350427879510447","1373657900","pksmalaysia1"
"1795336840372994432","Tue May 28 06:10:33 +0000 2024","2","Nah ini jangan salahin milenial ama gen z yang belum punya rumah karena sering jajan kopi atau ngonser. Mau nabung DP berapa taun klo gaji UMR dan harga rumah yang jaraknya wajar buat pp ke kantor ugal2an","1795336840372994432","","","in","","0","0","0","https://x.com/iceshakeavocado/status/1795336840372994432","1572846427201769473","iceshakeavocado"
"1795328794003411320","Tue May 28 05:38:34 +0000 2024","0","Gaji Pekerja Bakal Dipotong Untuk Tapera Anggota DPR Minta Gen Z Lebih Diperhatikan https://t.co/3nYyTqmp26 #TempoBisnis","1795328794003411320","","","in","Indonesia","0","1","0","https://x.com/tempodotco/status/1795328794003411320","18129942","tempodotco"
"1795318932808810738","Tue May 28 04:59:23 +0000 2024","426","Gaji dipotong buat tabungan beli rumah padahal gen z butuhnya someone to talk","1795318932808810738","","","in","","5","12","112","https://x.com/andihiyat/status/1795318932808810738","886934161","andihiyat"
"1795269856222380496","Tue May 28 04:31:35 +0000 2024","1","@YudhiTelsa @nabanmudrik Tapi ini lucu tau menurut aku sebagai gen Z yang pengen beli rumah asumsi gaji umr jkt aja deh 5jt. Kena tapera 3% save 150.000/bulan. Dikalikan 10 tahun aja baru 18juta belum inflasinya. Dapet rumah apa ya btw? ","1795311934985981959","","YudhiTelsa","in","Yogyakarta, Indonesia","0","3","0","https://x.com/anggityanrs/status/1795311934985981959","305531749","anggityanrs"
"1795253068986221033","Tue May 28 02:50:44 +0000 2024","0","@kozirama Gaji dipotong ujung2nya buat tabungan masa tua juga kok ribut ","1795286558301696135","","kozirama","in","","0","0","0","https://x.com/txtdarigenzee/status/1795286558301696135","1692710410733113344","txtdarigenzee"
"1795281350523846952","Tue May 28 02:30:03 +0000 2024","20","Aku rasa nggak cuma Gen Z. Tapi semua angkatan kerja saat ini susah cari kerja. Lah kok ada yg nanya (retoris) Mending subscribe AI sekian USD sebulan atau gaji Graphic Designer? https://t.co/qaLnbKvgJC","1795281350523846952","","","in","Narnia","0","3","4","https://x.com/hzboy/status/1795281350523846952","79142741","hzboy"
"1795279496305836490","Tue May 28 02:22:41 +0000 2024","4","Jadi gaji kita dipotong 3% setiap bulan. Terus hasil gaji kita ada 2 kemungkinan: 1. Pertama dibuatin rumah yang udah pasti bukan di deket kontrakan/kosan/rumah keluarga lu sekarang pokoknya jauh dari kehidupan warga gen z yg cinta tanah kelahiran 2. Tabungan lu diambil umur 58.","1795279496305836490","","","in","","0","0","1","https://x.com/harii_apriawan/status/1795279496305836490","1608910445766905860","harii_apriawan"
"1795275422181347683","Tue May 28 02:06:29 +0000 2024","1","Kalo masih terus2an diperes sama pemerintah dengan gaji yg cuma umr doang gen z dgn title sandwich generation ini sih ga sanggup y. Bener2 pen keluar dari Indo karna pajak sama peraturannya makin gajelas. Santet kalo halal dah w lakuin kali y","1795275422181347683","","","in","","0","1","0","https://x.com/akuniapee/status/1795275422181347683","1238533393878409217","akuniapee"
"1795270990119014769","Tue May 28 01:59:34 +0000 2024","0","@habibthink Gen Z nganggur krn mereka pengennya wisuda hari ini lusanya pengen dapat kerja dg gaji 2 digit dr perusahaan yg memperhatikan mental health","1795273678869131768","","habibthink","in","Indonesia","0","0","0","https://x.com/_beck_keith/status/1795273678869131768","1329237904778883076","_beck_keith"
"1795260798593556889","Tue May 28 01:13:12 +0000 2024","0","edan ya negara ini gw kapan kayanya ini bgstttt!! udh gaji umr dipotong pajak dipotong tapera gaya hidup udh pas2an tetep susah nabung harga rumah jg makin ga ngotak mau ngekos yg ADA JENDELANYA AJA susah n mahal giliran jajan dikit dicengin pAntEs gEn Z gbiSa beLi ruMah","1795262009233347070","","BLEUM0NDAY","in","","0","1","0","https://x.com/BLEUM0NDAY/status/1795262009233347070","836074426424700928","BLEUM0NDAY"
"1795240552893383060","Mon May 27 23:47:56 +0000 2024","0","ribut ribut masalah UKT ternyata mau ngambil gaji karyawan yang ga seberapa itu harusnya udah dapet clue waktu ada statement 10 juta gen Z menganggur pemerintah khawatir penerimaan pajak berkurang naikin UKT ternyata hanya pengalih perhatian","1795240552893383060","","","in","","0","0","0","https://x.com/sierralphaa/status/1795240552893383060","972645420315787265","sierralphaa"
"1795078302207816049","Mon May 27 17:36:06 +0000 2024","0","@TirtoID Pemilih anaknya didominasi Gen Z eh kebanyakan nganggur. Gimana bisa gaji dipotong utk Tapera? https://t.co/6IrBw5snFV","1795146979258851583","https://pbs.twimg.com/media/GOmkqRMaAAE-ZZX.jpg","TirtoID","in","","0","0","0","https://x.com/musuhbuzzerp/status/1795146979258851583","1185460243565699072","musuhbuzzerp"
"1795120168219427175","Mon May 27 17:34:35 +0000 2024","0","@tempodotco Pemilih anaknya didominasi Gen Z eh kebanyakan nganggur. Gimana bisa gaji dipotong utk Tapera? https://t.co/UIcni3iSRg","1795146594934829423","https://pbs.twimg.com/media/GOmkT2lbwAAq_DC.jpg","tempodotco","in","","0","0","0","https://x.com/musuhbuzzerp/status/1795146594934829423","1185460243565699072","musuhbuzzerp"
"1795132125345141077","Mon May 27 16:37:05 +0000 2024","0","Gini ya adik-adik Gen Z kalau kalian nekat punya anak di masa depan anak kalian bakal susah kuliah karena mahal kalaupun kuliah sampai lulus susah cari kerja. Kalaupun dapat kerja banyak potongan gaji termasuk buat Tapera yang gak jelas ini.","1795132125345141077","","","in","","1","0","0","https://x.com/BellTossici/status/1795132125345141077","1635114931392778241","BellTossici"
"1795044818868945005","Mon May 27 15:19:00 +0000 2024","0","@worksfess Pantes gen z susah punya rumah. Wong banyak potongan gaji","1795112476817699301","","worksfess","in","Unknown","0","0","0","https://x.com/ebykstsuuu/status/1795112476817699301","374516236","ebykstsuuu"
"1795109479412805923","Mon May 27 15:07:06 +0000 2024","1","-Naik gaji dikit -potongan pajak TER gede -potongan BPJS -skrg potongan 3% Tapera -Tahun depan UKT isu naik dengan skema Student Loan buat anak gw -beli rumah udh tinggi bgt harganya Ooh... rezim kelas menengah ini bener2 dibuat tercekak. Gen z nganggur bisa apa? Cm bisa pinjol","1795109479412805923","","","in","","0","1","0","https://x.com/slaytherinese/status/1795109479412805923","1781019118738771969","slaytherinese"
"1795086236941422668","Mon May 27 13:34:44 +0000 2024","7","LIVE NOW BAHAS SOAL GAJI DIPOTONG KONDISI KERJA GEN Z PRABOWO PIVOT MAKAN SIANG GRATIS DAN MASIH BANYAK LAGI! : https://t.co/7bQm46Fexn","1795086236941422668","","","in","In your phone","0","0","2","https://x.com/tilehopper/status/1795086236941422668","1249662133916192768","tilehopper"
"1795082933717373019","Mon May 27 13:21:37 +0000 2024","0","Gen Z ga bisa beli rumah bukannya bikin regulasi kepemilikan properti atau mecahin bubble harga jual malah motong gaji rata smua yg di atas upah minimum","1795082933717373019","","","in","hogsmeade","0","0","0","https://x.com/honeydukespop/status/1795082933717373019","108512106","honeydukespop"
"1795068108094263518","Mon May 27 12:22:42 +0000 2024","0","gen z gabutuh rumah. butuh jaminan pensiun yang jelas bpjs dan asuransi lainnya untuk tindakan tidak tercover bpjs karena jujur bos-bosnya lebih gila dari romusha. telek amat ni negara gaji gak seberapa di potongnya seharga seporsi kimukatsu","1795068108094263518","","","in","☭ | they/them","0","1","0","https://x.com/lipstickcreek/status/1795068108094263518","3291749478","lipstickcreek"
"1795066666868478327","Mon May 27 12:18:33 +0000 2024","0","Sering bgt nemuin stigma gen Z trlalu bawa bawa sakit mental terlalu lemah soal pekerjaan gak bisa dideket sedikit minta gaji selalu yang gede kerja ga mau susah susah. Pdhl g semua gen z begitu alhasil yang gak begitu kena imbas :(","1795067065327333848","","sanianian","in","instagram: @snrptw","0","2","0","https://x.com/sanianian/status/1795067065327333848","749847539571044352","sanianian"
"1795052688159219802","Mon May 27 11:21:25 +0000 2024","0","Gimana gen z mau kerja. Udah kerja tapi gaji dipotong-potong berasa kayak hah.. ngapain capek-capek kerja kalau ujung-ujungnya duitnya cuma lewat.","1795052688159219802","","","in","Yogyakarta, Indonesia","0","0","0","https://x.com/khoirrr_/status/1795052688159219802","528071357","khoirrr_"
"1794784300203999344","Sun May 26 17:53:27 +0000 2024","0","6. Trading tempat tujuan gen z dan gen alpha 7. Kaum milenial kesulitan untuk menikah 8. Gaji UMR/UMP tidak akan ada perubahan","1794788955017367964","","anggerstars","in","Surabaya, East Java 🇮🇩","0","1","0","https://x.com/anggerstars/status/1794788955017367964","1072460044745076736","anggerstars"
"1794635365405667394","Sun May 26 07:43:08 +0000 2024","0","kalau gaji 6k setakat nak reply email 1-2jam GEN Z okay je bang. tapi tulah rata rata sekarang start gaji pun 2500 buat apa GEN Z nak buat kerja sama parah mcm GEN MILLENIAL GEN X and BOOMER?","1794635365405667394","","","in","","0","0","0","https://x.com/hazirah15/status/1794635365405667394","735402603870191616","hazirah15"
"1794590900531962245","Sun May 26 04:46:27 +0000 2024","0","kalo ada yg bilang gen z males tabok aja kepalanya adek-adek kelas gue cerita dia kerja di cafe ngumpulin botol bekas ada juga yg kerja di warkop supaya bisa punya jajan sendiri. perkara protes knp gaji dan tenaganya ga berimbang dibilang mental tahu? dasar lo jiwa penjajah","1794590900531962245","","","in","moved; ","0","1","0","https://x.com/gniklatanes/status/1794590900531962245","1623328187282509824","gniklatanes"
"1794467509242077331","Sat May 25 20:36:08 +0000 2024","0","sebab satu je bang malas nak serabut time hujung minggu. ko pun bayar ciput je gaji ye ye je gen z manja aku time cuti memang tak tengok mana pun ws ","1794467509242077331","","","in","","0","0","0","https://x.com/wanisneakers/status/1794467509242077331","867629890429788160","wanisneakers"
"1794372958087254110","Sat May 25 14:20:25 +0000 2024","0","Pengen dapet gelar sarjana kerja dan dapet gaji (seperti isi otak gen z pada umumnya) Tapi aslinya masih ada tujuan lain yang hanya Tuhan yang tahu.","1794372958087254110","","","in","java","0","0","0","https://x.com/diebarneule/status/1794372958087254110","1454770477012905986","diebarneule"
"1792936018423022047","Sat May 25 11:59:45 +0000 2024","0","@salab_thefob @Ernst7___ @Pizzamoozarella Asli bang dari semua musuh tweet war gua lu doang yang paling lolot. Opini lu full lelucon bang - gen z gajinya dua dijit - kerja cuma 8 jam (inimah pegawai pabrik) - gaji dua dijit kerja cuma nentuin konsumen layak atau tidak layak (ini APAAN OY KELIATAN ASAL BUNYI)","1794337557003837878","","kntlbakarcreamy","in","Kepler-186F","0","1","0","https://x.com/kntlbakarcreamy/status/1794337557003837878","1724571780537540608","kntlbakarcreamy"
"1794265155775443380","Sat May 25 07:12:03 +0000 2024","0","Dapet gaji yang UMR syukur sih bisa cek berarti aman buat gen z gaji segitu https://t.co/4ea2hAH69x","1794265155775443380","","","in","","0","0","0","https://x.com/NSarpih/status/1794265155775443380","1738872402145419264","NSarpih"
"1793918626590056921","Sat May 25 04:52:45 +0000 2024","2","@saifulhisyam Bukan gen z manja gen dulu bodoh tolol ikut je apa bos kata. Sudahnya gaji kau 3k je masa pencen yg bos dah kawen dua kali keta mercedes tukar 5 tahun sekali.","1794230099816169742","","saifulhisyam","in","Malaysia","0","0","0","https://x.com/Qaifrue/status/1794230099816169742","2711489870","Qaifrue"
"1794212071346971068","Sat May 25 03:41:07 +0000 2024","0","Ahhh aku tak kira kau nak cakap gen z manja sikit ke banyak ke kalau dah cuti tu cuti jelah kenapa nak tanya pasal kerja bagai ? Bukan berkira tapi sometimes ada yang jenis ambil kesempatan aku dah bayar gaji kau so buat je EH HELLO ! Ingat kita orang takda family ke ?","1794212071346971068","","","in","","0","1","0","https://x.com/yourlifesosad/status/1794212071346971068","1401861338784100357","yourlifesosad"
"1794166712067363267","Sat May 25 00:40:52 +0000 2024","0","Ini bukan gen z je bang marah. Aku pun mungkin dah off hp. Aku kerja ya bukan buat amal jariah. Kalau majikan kata kita kira ot or i bayar you boleh lah aku ikhlaskan. Ini nak naik gaji pun berkira kira bonus apa tah lagi. Bengap bukan main ","1794166712067363267","","","in","","0","0","0","https://x.com/UmirahNurul/status/1794166712067363267","730589474","UmirahNurul"
"1793828883311341827","Fri May 24 23:12:08 +0000 2024","0","@korantempo Salah satu penyebabnya adalah rasa gengsi yg cukup tinggi dari gen z jika tidak mendapatkan kerjaan dengan gaji yang sepadan dengan kebutuhannya..terlalu pilih pilih kerjaan akhirnya justru susah sendiri","1794144380854686053","","korantempo","in","","0","0","0","https://x.com/bedasablon/status/1794144380854686053","1732243827489218560","bedasablon"
"1794133619646317027","Fri May 24 22:32:42 +0000 2024","0","Padahal dari awal nyari karyawan juga nyarinya yang muda2 alias gen z semua nenggg kalian juga nyari yang muda dg pengalaman layakmya karyawan senior biar bisa di gaji kecil kann","1794134455529157008","","agtrmdhnt","in","","0","0","0","https://x.com/agtrmdhnt/status/1794134455529157008","1142934453230034944","agtrmdhnt"
"1794115264315019287","Fri May 24 21:16:26 +0000 2024","0","Punya temen kerja gen z. Anak bekas camat. Baru gaji di atas umr dikit Tp pengeluarannya kosan hampir 2 jt. Cicilan motor 500rb (msh dibantu ortu buat tambahan cicilan) Bisa jadi sisanya mentok 2 jt buat kebutuhan hidup Tina2 pgn tuker tambah motor beat kreditan ke adv","1794115264315019287","","","in","Indonesia","0","1","0","https://x.com/qinkqonk/status/1794115264315019287","170971387","qinkqonk"
"1792936018423022047","Fri May 24 20:21:48 +0000 2024","0","@salab_thefob @Pizzamoozarella Gua jawab pake ini aja ya tolol asli ngakak gua lu ngomongin gaji gen z dua dijit. Yg dua dijit cuma berapa persen kecil doang tod? Napak tanah bego gua curiga keknya lu deh yang g bener2 paham kondisi lapangan. Gua milenial tapi malu liat opini lu https://t.co/kP5D0HKEDw","1794101515705094382","https://pbs.twimg.com/media/GOXt0YhWkAA-5GY.jpg","kntlbakarcreamy","in","Kepler-186F","0","1","0","https://x.com/kntlbakarcreamy/status/1794101515705094382","1724571780537540608","kntlbakarcreamy"
"1792936018423022047","Fri May 24 20:11:25 +0000 2024","0","@salab_thefob @Ernst7___ @Pizzamoozarella Sok ngomongin tekstual sendirinya ngomongin gen z gajinya dua digit? Asli ngakak gua itu berapa persen bro gen z yang punya dua dijit gaji dari populasi gen z keseluruhan????","1794098903110799606","","kntlbakarcreamy","in","Kepler-186F","0","1","0","https://x.com/kntlbakarcreamy/status/1794098903110799606","1724571780537540608","kntlbakarcreamy"
"1792936018423022047","Fri May 24 20:08:56 +0000 2024","0","@salab_thefob @Ernst7___ @Pizzamoozarella (((itumah sedikit orang dari kebanyakan orang))) Meanwhile berapa banyak gen z yang udah punya gaji 2 digit? Standard ganda lu bego","1794098276683092439","","salab_thefob","in","Kepler-186F","0","2","0","https://x.com/kntlbakarcreamy/status/1794098276683092439","1724571780537540608","kntlbakarcreamy"
"1794074306999382324","Fri May 24 18:33:41 +0000 2024","0","Gen Z itu kasihan banget ya udah cari kerja susah nya setengah mati eh masih aja dicari kesalahan nya. Apa generasi sebelum nya ga sadar ya? Zaman udah berubah cari kerja tuh ga segampang jaman lu. Kalo ada orang yg resign karena gaji ga sesuai sama effort emang salah ya?","1794074306999382324","","","in","","0","2","0","https://x.com/_KembaranTzuyu_/status/1794074306999382324","1219618941204488194","_KembaranTzuyu_"
"1794025161546719691","Fri May 24 15:23:54 +0000 2024","5","Mendengarkan cerita boss2 tempatan perangai sial dari kawan2 aku yg kena kacau on weekend tahan kerja stay late night OT tak bayar gaji lambat kena maki lagi dgn boss itu bukan soal manja tak manja. Yg bukan Gen Z pun boleh mental. Kau nak hadap kau hadap sorang","1794026544211603594","","keemmazni","in","Kuala Lumpur | Ipoh","0","0","1","https://x.com/keemmazni/status/1794026544211603594","333590423","keemmazni"
"1794025161546719691","Fri May 24 15:18:24 +0000 2024","34","Aku yang bukan Gen Z pun rasa nak hempuk bila dia guna term kena tolak ansur dengan company like kau dibayar gaji untuk waktu bekerja tau thats law 1-2 jam on weekend/ph kau bayar lah. Sebab tu org tak heran against law sebab tolak ansur Alahai buto.","1794025161546719691","","","in","Kuala Lumpur | Ipoh","0","1","19","https://x.com/keemmazni/status/1794025161546719691","333590423","keemmazni"
"1793996168760107516","Fri May 24 13:26:10 +0000 2024","0","Gaji 50rb/hari dan sempet mau keluar dan kerja ditempat yang lain tapi saya ga dibolehin sama bos saya mungkin kenapa gen Z yang kerja ditempat mba itu pada males atau ga betah mungkin yang salah tempat dia bekerja kalo gabisa merayu gimana caranya karyawan agar loyal kepada","1793996916650553828","","faturrizqyam","in","Uranus","0","1","0","https://x.com/faturrizqyam/status/1793996916650553828","1196237812703481856","faturrizqyam"
"1793421566262624387","Fri May 24 12:25:29 +0000 2024","3","@malique_10 @ikhwanuddin angka partisipasi kuliah nggak turun? btw udah liat berita ttg 9 jt gen Z yg nggak kerja juga nggak sekolah or kuliah? meaning biaya kuliah udah jauh diatas kemampuan rata rata while gaji terlalu kecil klo mo lanjutin kuliah or tidak lagi sepadan dgn kuliah yg mahal","1793981647333024219","","malique_10","in","Central Java, Indonesia","0","2","0","https://x.com/Ronym96650835/status/1793981647333024219","1356392362654662656","Ronym96650835"
"1793977761427759536","Fri May 24 12:10:03 +0000 2024","0","Tengok muka macam gen Z tapi acah terlebih matang nak berfikiran macam boomer. Gaji dibayar based on working hours je yang gedik nak justify kena kacau time weekend dah kenapa? Pergi mampus dengan opinion kau lah lahanat","1793977761427759536","","","in","Allianz Arena","0","0","0","https://x.com/Fitri_Izani/status/1793977761427759536","1864111801","Fitri_Izani"
"1793971765682794965","Fri May 24 11:46:14 +0000 2024","0","Gw pernah punya staff gen z Dateng selalu telat sebelum jam balik udah siap2 biar begitu jam balik langsung mencet absen. Diomongin baik2 nggak bisa diomongin agak tegas juga nggak bisa potong gaji juga nggak mempan nggak ada inisiatif sibuk main hp. akhirnya gw pecat.","1793971767226376403","","tripancabotol","in","","0","1","0","https://x.com/tripancabotol/status/1793971767226376403","804009987752067072","tripancabotol"
"1793848700638544134","Fri May 24 11:44:03 +0000 2024","1","@afrieirham_ Saya bukan Gen Z tapi tak setuju la pasal weekend nak kena kerja sejam dua? Bos bayar tak gaji yg kerja sejam dua tu? Kalau tidak lupakan. Kalau bayar juga lupakan. Orang nak berehat di rumah ehh malah suruh buat kerja pulak","1793971219756384530","","afrieirham_","in","Selangor, Malaysia","0","0","0","https://x.com/sebulatbulan/status/1793971219756384530","312712845","sebulatbulan"
"1793967984345780542","Fri May 24 11:32:33 +0000 2024","0","balik balik gen z gen z kepala buto dengan gaji cam sial","1793968324076069270","","iennnmoony00_xo","in","","0","0","0","https://x.com/iennnmoony00_xo/status/1793968324076069270","1625142591460380672","iennnmoony00_xo"
"1793968167439708466","Fri May 24 11:31:56 +0000 2024","1","sukati gen z la keje banyak2 pun gaji takat tu je","1793968167439708466","","","in","Malaysia","0","0","0","https://x.com/fikrirahim_/status/1793968167439708466","936619255","fikrirahim_"
"1793963617542672408","Fri May 24 11:13:51 +0000 2024","0","gen z tak gen z la boss gaji besar sedap la cakap cuba belajar respect masa orang lain","1793963617542672408","","","in","","0","0","0","https://x.com/__khairulanwarr/status/1793963617542672408","956545273697726465","__khairulanwarr"
"1793848700638544134","Fri May 24 11:09:52 +0000 2024","1","@afrieirham_ FO. Benefit company pun ciput gaji below average waktu kerja pun kena balik lambat ada hati cakap gen Z ni manja?! Gaya sembang ibarat tiada hari esok","1793962615540166859","","afrieirham_","in","Selangor, Malaysia","0","0","0","https://x.com/ftnsaaaa/status/1793962615540166859","1081146212424724480","ftnsaaaa"
"1793934207187845174","Fri May 24 09:16:59 +0000 2024","0","Ibu sibuk bgt ngata²in gen z ginilah gen z gitulah. Sampe nuduh aku gapernah nabung krn katanya aku nntn terus. Pdhl aku nntn sebulan sekali. Itu pun hasil nabung. Segala gaji aku anggarin buat apa aja. Udh aku jelasin tp belio ttp gapercaya. Capek dituduh gbs atur duit. ","1793934207187845174","","","in","","0","0","0","https://x.com/omcharloss/status/1793934207187845174","1596066242573455360","omcharloss"
"1793932626421809633","Fri May 24 09:10:42 +0000 2024","26","Aku bukan gen Z tapi aku tengok kita ni dah terbiasa sangat dengan culture kerja sampai mampos untuk menandakan kau seorang yang hebat &amp; bagus walhal kau kerja berhempas pulas gaji tetap bawah 3k. Tak ke kesian kau rasa hidup macam gitu? Kerja pulak tak rehat.","1793932626421809633","","","in","","0","1","9","https://x.com/sarramonez/status/1793932626421809633","882078059771248640","sarramonez"
"1793875388894155157","Fri May 24 05:26:09 +0000 2024","0","Ooooh jangan salah gw udah berkali-kali minta sesuain gaji tapi dianggapnya gw akan mampu ngerjain semuanya~ ditawarin jadi karyawan tetap ga dengan kerjaan gw yang memuaskan ini? TENTU TIDAK. Tapi tentu saja sekalinya mengeluh bakal keliatan Gen Z pemalas Gen Z tukang ngeluh~","1793876118455599264","","wanmoongie","in","","0","0","0","https://x.com/wanmoongie/status/1793876118455599264","949999842444566528","wanmoongie"
"1793875388894155157","Fri May 24 05:23:15 +0000 2024","0","Gw 'bocah' workload lebih gede dari senior jam kerja dari pagi sampe maghrib gaji UNDERPAID kerjaan tepat waktu tapi atasan gw yang milenial dan boomers ga menghargai itu. Gw yakin sih ni kalo gw minta keringanan pasti dikatain Gen Z tukang ngeluh.","1793875388894155157","","","in","","0","1","0","https://x.com/wanmoongie/status/1793875388894155157","949999842444566528","wanmoongie"
"1793859738066915481","Fri May 24 04:21:04 +0000 2024","0","Not until a year ago kakak gue resign karena apa...... karyawan yang minta naik gaji mulu tapi suka salah-salahin orang dikasih tau malah ngeyel giliran disentil atasan lgsng diem. Cuma pelakunya dari gen X sih gen Z nya malah masih bertahan disaat millenials2 dah pada kabor","1793859738066915481","","","in","","0","1","0","https://x.com/waybeyondkpop/status/1793859738066915481","1210074904516710401","waybeyondkpop"
"1793830281486667931","Fri May 24 02:24:01 +0000 2024","2","wtf with society huh. ga masalah sih dgn standard tiktok but how bout standard hrd linkedin? &gt;gen z harus personal branding &gt;gen z harus ada pengalaman magang &gt;gen z harus mau kerja dalam tekanan &gt;gen z harus top 3 university u gaji kita aja setengah umr wtf???????","1793830281486667931","","","in","Indonesia","0","0","2","https://x.com/masabersiapp/status/1793830281486667931","1188648460666322945","masabersiapp"
"1793828931549925416","Fri May 24 02:18:39 +0000 2024","1","gen z bertarung terus loh padahal mau kuliah ukt tinggi mau organisasi danusan gede mau magang walaupun unpaid mau kerja walaupun gaji under umr masuk kerja ketemu bapak2 yg suka verbal sexual abuse WKWKWKWKWKWK dan semua itu warisan dari generasi atas","1793828931549925416","","","in","","0","0","0","https://x.com/yiuna1992/status/1793828931549925416","1482327232664449029","yiuna1992"
"1793792704893296982","Thu May 23 23:54:42 +0000 2024","0","Kapan lalu sharing sama rekan kerja yg dah senior-senior. Seperti layaknya gen z hamba sahaya ini lagi mikir gimana caranya bisa beli rumah dengan gaji yang cuma segitu aja terus nasehat mereka semua sama harus yakin pasti bisa jalannya bakal diluar nalar.","1793792704893296982","","","in","","0","1","0","https://x.com/abcd_emmy/status/1793792704893296982","150184087","abcd_emmy"
"1793421893200216408","Thu May 23 23:18:46 +0000 2024","0","@jastairvine Sama jaga toko cuma suruh ngepel dikit sm lap² kaca aja kagak mau. Pernah libur 2 minggu gaji telat ngamuk². Gen z pula males an bgt","1793783663802651033","","jastairvine","in","Kota Surabaya, Jawa Timur","0","0","0","https://x.com/novellanedy/status/1793783663802651033","3244006166","novellanedy"
"1793782122500755662","Thu May 23 23:12:39 +0000 2024","0","ngadepin karyawan Gen Z emang bikin naik darah kasus terbaru sebulan kerja minta resign krn ngga cocok sm gaji dan mau jadi tukang cukur aja. ternyata doi ngambil kursus jd stiap siang-magrib ngga ditempat. aku dan suami? ndaakan naikin dia jadi kangcukur laaah sapalo? hebat wkk","1793782122500755662","","","in","Borneo","0","1","0","https://x.com/dewisarini/status/1793782122500755662","59349034","dewisarini"
"1793663482967236791","Thu May 23 15:21:13 +0000 2024","0","engga bisa soalnya yang mudah diakal-akalin buat digaji rendah atau bahkan ga digaji sama sekali ya cuma gen z doang. minta spek malaikat tapi ogah gaji sesuai dengan beban kerjanya semoga cepat bangkrut","1793663482967236791","","","in","(32/25)","0","0","0","https://x.com/hilangwaras/status/1793663482967236791","1579438467079368705","hilangwaras"
"1793484989243551988","Thu May 23 14:44:06 +0000 2024","0","@geloraco 10 juta Gen z nganggur di Negeri nya sendiri sedangkan Warga China Berdatangan tiap hari dapat Kerjaan dan gaji yg besar ada apa nih Negeri ku.......Indonesia dalam Ke adaan Darurat. Pribumi nganggur China Pendatang Dapat Kerjaan dng Mudah.","1793654141597925757","","geloraco","in","","0","0","0","https://x.com/DonyIra45939737/status/1793654141597925757","1614068500603207680","DonyIra45939737"
"1793652990647394529","Thu May 23 14:39:32 +0000 2024","1","Temen gua Gen Z gaji gak jauh dari ini kerja dari jam 8 pagi-8malem. Sebulan libur 2 kali. Dia tetep rajin kerja dan keselnya masih ada yang nyinyirin gen Z malas pilah pilih dll. Gua sebagai temennya yg juga millenial kesel banget pada generalisir gen Z ","1793652990647394529","","","in","Malaysia","0","0","0","https://x.com/ladanghasegawa/status/1793652990647394529","1719781202322964481","ladanghasegawa"
"1793608936115114211","Thu May 23 11:44:28 +0000 2024","3","Yang punya gaji tetap mengeluh gak cukup. Yang punya gaji plus tunjangan kinerja mengeluh karena tukin sering telat. Yang udh usia pensiun msh bercokol gak mau diganti. Sementara itu... 10 juta Gen Z msh menganggur - Perong Freya 2024 M https://t.co/hxJPgo9HfL","1793608936115114211","https://pbs.twimg.com/media/GOQt0LyakAExDv1.jpg","","in","","0","0","0","https://x.com/sutana_be/status/1793608936115114211","727518547","sutana_be"
"1793607505299579004","Thu May 23 11:38:47 +0000 2024","0","Gen z nggak mau kerja. Loh orang yang buka loker kayak kerja rodi buka dari jam 5 - jam 7 malam . Mana gaji cuma 1 5 juta . Itu Jabodetabek ️","1793607505299579004","","","in","","0","0","0","https://x.com/thewithme1/status/1793607505299579004","1542068281326022657","thewithme1"
"1793605779238600721","Thu May 23 11:31:56 +0000 2024","0","Orang-orang begini nemu gen znya di mana sih? Udak kerja di 2 perusahaan yang mayoritas isinya gen Z dan mayoritas tau diri belum punya pengalaman jadi mau kerja maksimal buat gaji UMR karna butuh pengalaman. Perusahaan pertama ada peraturan taruh HP di loker juga fine2 aja.","1793605779238600721","","","in","","0","1","0","https://x.com/mochacchiatou/status/1793605779238600721","1253280487948210176","mochacchiatou"
"1793597718889378002","Thu May 23 10:59:54 +0000 2024","0","lo salah hire orang mbak wkwkw temen gue banyak gen z tapi doi nikmatin aja kerjaan yang dikerjain skrng pdhl gaji under 5jt wkwkw mending hire temen-temen gue aja sini mbakk ","1793597718889378002","","","in","","0","0","0","https://x.com/bukannichol/status/1793597718889378002","865864699","bukannichol"
"1792870610378596418","Thu May 23 10:26:53 +0000 2024","0","@Frownman96 @jiacoustic @IchaVarma Gen z ga akan tahan of course gaji saya 70% dikasih ke ortu yg udah pensiun punya adek yg mau masuk kuliah sampe sampe nikah aja ga ada kepikiran.","1793589412720452025","","Frownman96","in","","0","1","0","https://x.com/TingusPorzingus/status/1793589412720452025","1300477665778966528","TingusPorzingus"
"1793577156909703577","Thu May 23 09:38:11 +0000 2024","0","wah wah wah.. kau punya perangai lepas abis solat terus melulu mcm tu je ya. bukannya nak ambik lipat balik sejadah yg kau guna tu. ada org gaji kau ke kat ofis ni nak kena tolong lipatkan? kakak cleaner tu la tolong lipatkan lepas kau blar ya. budak gen z yg terpaling bangang.","1793577156909703577","","","in","","0","0","0","https://x.com/FyfyAbdGhani/status/1793577156909703577","528312192","FyfyAbdGhani"
"1793576653534458037","Thu May 23 09:36:11 +0000 2024","0","terus masih gen z juga yang disalahin kontol lah gaji minimal minta tenaga maksimal","1793576653534458037","","","in","","0","0","0","https://x.com/wearrethepeople/status/1793576653534458037","1248712858646368256","wearrethepeople"
"1793574315931439163","Thu May 23 09:31:42 +0000 2024","0","Lalu jangan tutup mata juga betapa masih susahnya BURUH KERAH PUTIH di Indonesia mau berserikat buat protes kelayakan gaji dan lingkungan kerja. Merasa kata buruh dan serikat cuma buat orang-orang yg kerja di pabrik. Hari-hari debatin gen Z mulu pula","1793575523022733819","","oriorioshio","in","🇮🇩","0","0","0","https://x.com/oriorioshio/status/1793575523022733819","1210121703449190401","oriorioshio"
"1793571529986646115","Thu May 23 09:15:50 +0000 2024","0","Rakyat lebih membutuhkan kesempatan kerja bagi puluhan juta gen Z yg masih mengaggur dan gaji buruh yang layak dari pada pemberian makan siang dan susu gratis. https://t.co/WLiOcrY6xU","1793571529986646115","","","in","","0","0","0","https://x.com/DirmanNuari/status/1793571529986646115","1503583481053401097","DirmanNuari"
"1793561748202836133","Thu May 23 08:36:58 +0000 2024","1","bingung mau gimana soalnya di kantor gw gen z awal justru yg kayak gini gen z middle (99-00ish) loadnya lebih banyak dan lebih rajin.. herannya gaji yg load lebih dikit lebih gede dr yg load yg banyak ","1793561748202836133","","","in","","0","1","0","https://x.com/amorewon/status/1793561748202836133","2173405117","amorewon"
"1793414388470465020","Thu May 23 07:57:15 +0000 2024","8","@IchaVarma Diluar konteks ini lagian siapa lagi yang berani minta gaji tinggi selain gen z ya betah banget sama umr yang berapa lama ga naik naik itu padahal semuanya udah inflasi","1793551753180545164","","IchaVarma","in","🔥","0","0","0","https://x.com/oldnewbuddy/status/1793551753180545164","3160994970","oldnewbuddy"
"1792870610378596418","Thu May 23 07:49:17 +0000 2024","0","@IchaVarma Gen Z yg pernah masuk kantor kita : dikasih 4 5 juta ngambek maunya gede. Pengalaman belum ada. Kerja 3 minggu ngajuin naik gaji. Ada juga yg cuma suka nongki2 sambil bengong alesan bukan passion tapi gaji diterima aja. Bikin surat 1 aja yg mikir ber 3 lama dan salah pula.","1793549748139606426","","IchaVarma","in","","0","0","0","https://x.com/tamtamsamsam/status/1793549748139606426","40355531","tamtamsamsam"
"1793547755035762913","Thu May 23 07:41:21 +0000 2024","0","gaji 2 juta jam kerja 12 jam plss jangan pukul rata gen z ya sumpah soalnya ada yg bukan gen z kerja bareng sama sama kyk gua tapi bikin darting kyk yg ada di tulisan ini jadi setiap gen pasti punya ko org yg kayak begini balik lagi ga si sama pribadi org masing ","1793547755035762913","","","in","","0","1","0","https://x.com/breadnmilkchoco/status/1793547755035762913","1014842462253166593","breadnmilkchoco"
"1793414388470465020","Thu May 23 07:32:26 +0000 2024","0","@sysysodagembira @IchaVarma rill. cowo gue gen z kelahiran 2000 malah semangat kerjanya tinggi bgt njer. gaji 9jt jam kerja 11jam jg dijabanin ktanya asal fasilitas lengkap jd gaji bsa dikeep mah 9jt 11jam udh oke wkwk","1793545508398809188","","sysysodagembira","in","","0","0","0","https://x.com/cxcxksh/status/1793545508398809188","1575167169973092355","cxcxksh"
"1793414388470465020","Thu May 23 07:27:41 +0000 2024","0","@IchaVarma Kak aku gen z dulu wkt gaji awal awal aku segitu aku kerja 10 jam ka ","1793544312036470989","","IchaVarma","in","Location unknown","0","0","0","https://x.com/maurinayunda/status/1793544312036470989","1246213581181292544","maurinayunda"
"1793535264482267332","Thu May 23 06:51:43 +0000 2024","1","mana spill dong gen z yang bilang gaji 5juta jam kerja 8 jam itu workload???","1793535264482267332","","","in","🍉-useblockchain","0","0","0","https://x.com/bluevnla/status/1793535264482267332","1552623332662554624","bluevnla"
"1793528623942815831","Thu May 23 06:43:13 +0000 2024","0","@xuncleminho Yaudah jangan nangis kalau masa depan gak bisa beli rumah atau rental price jadi makan gaji lu sebulan Gpp kan maunya gen Z kalau rumah 2M harus jadi 300jt kek gak punya otak aja pemikirannya ","1793533123814425060","","unclesminho","in","Nusa Barong","0","0","0","https://x.com/sultohn/status/1793533123814425060","852617601570164736","sultohn"
"1793528623942815831","Thu May 23 06:40:50 +0000 2024","0","@xuncleminho Kalau itu itu mulu argumennya goodluck sampe pensiun pun jangan harap punya rumah logika geser Gen Z emang ajaib Mana bisa blok tau diri kalau gaji UMR cuma bisa nyicil rumah subsidi jadi tetep ambil gak kek lu udah banyak minta gak ngotak juga","1793532523399860584","","unclesminho","in","Nusa Barong","0","1","0","https://x.com/sultohn/status/1793532523399860584","852617601570164736","sultohn"
"1793528623942815831","Thu May 23 06:32:59 +0000 2024","0","@xuncleminho Lagian Gen Z kalau kenyataan gak sesuai harapan elu jangan malah nyalahin orang lain Tau diri kalau mau rumah harga 2M yang aksesnya OK ya naikin gaji elu dulu ke minim 30jt bukan berharap gaji UMR bisa punya rumah akses OK itu namanya gak ngotak","1793530549660966998","","sultohn","in","Nusa Barong","0","0","0","https://x.com/sultohn/status/1793530549660966998","852617601570164736","sultohn"
"1792936018423022047","Thu May 23 06:01:51 +0000 2024","0","@Pizzamoozarella tapi yg selama ini bener2 memperjuangkan hak2nya (lewat berbagai aktivitas serikat buruh) itu millenials &amp; gen X bukan gen z. nuntut kenaikan gaji pribadi &amp; merjuangin hak sbg pekerja itu beda deh.","1793522711421170044","","Pizzamoozarella","in","","0","1","0","https://x.com/marisa_waha8/status/1793522711421170044","1638156421639598080","marisa_waha8"
"1793496408806527306","Thu May 23 05:06:31 +0000 2024","0","@tanyakanrl Wajib S1 syarat kgk ngotak gk ada uang lemburan wajib pake bgt kudu cakep gaji cuma 1.300an aja. Ngotak dikit napa. Ini sih bukan cuma gen z yg nolak tp gen lain jg ogah","1793508787518885913","","tanyakanrl","in","","0","0","0","https://x.com/randomgirl9899/status/1793508787518885913","1751995915282612224","randomgirl9899"
"1793504847288996254","Thu May 23 04:50:51 +0000 2024","1","di tl sliweran mengeluh pekerja gen z ruwet. akhire aku kepikiran klo misalkan sistem kerjanya itu km dikasih deadline tgl segini bebas ae mau leyeh leyeh mau nyambi freelance cangkruk yang penting tgl segini dah selesai klo gak selesai potong gaji sesuai kerugian project","1793504847288996254","","","in","Kota Surabaya, Jawa Timur","0","1","0","https://x.com/farihfiddaroin5/status/1793504847288996254","1228131456062382081","farihfiddaroin5"
"1793279083494748616","Wed May 22 13:56:44 +0000 2024","0","karna those boomers melihat celah kalo gen z bisa dipake untuk tugas beberapa orang tp gaji nya 1 orang aja and when gen z refuse that system merekaa langsung deh ngomong bawa bawa mental yg katanya mental stroberi lah tempe lah wthver is thatt","1793279832945774853","","vousmeoseh","in","","0","0","0","https://x.com/vousmeoseh/status/1793279832945774853","535954240","vousmeoseh"
"1793270206556749973","Wed May 22 13:18:29 +0000 2024","4"," 10 Juta Gen Z di RI Nganggur Soalnya Gen Z itu... Maunya gaji besar tapi kerja ringan. Work-life balance nomor 1 tapi tanggung jawab nomor 10. Sedih juga ya jadi Gen Z selalu jadi korban generalisasi https://t.co/jO2SdTgtud","1793270206556749973","https://pbs.twimg.com/media/GOL5vpPaAAAsKLJ.jpg","","in","Jakarta Capital Region","0","0","0","https://x.com/nanadybs/status/1793270206556749973","330922245","nanadybs"
"1792831565070000546","Wed May 22 12:43:58 +0000 2024","0","@worksfess tapi gaji nya jauh dr harapan Gen Z. awikwok ","1793261521700847771","","worksfess","in","Less you know better","0","0","0","https://x.com/urlvlybasstrd/status/1793261521700847771","1178926496422825995","urlvlybasstrd"
"1793248075777212685","Wed May 22 11:50:32 +0000 2024","3","Semua keluhan tentang boomer dan milenials Gaji murah HRD yg hire seenaknya berasa tuhan belum lingkungan kerja yg toxic dan setrus seterusnya itu valid Sama validnya dengan gen z skrg ga bgtu punya attitude yg baik dan memang maunya yg instan instan Dua duanya bisa benar","1793248075777212685","","","in","Indonesia","0","1","0","https://x.com/ImaIsBack/status/1793248075777212685","1713265779234549760","ImaIsBack"
"1793244558568153533","Wed May 22 11:36:34 +0000 2024","0"," Gen Z cm mau kerja gampang gaji tinggi Gen Z mau kerja yg mentingin mental health. mana ada?! . Gen Z ... Gen Z:","1793244558568153533","","","in","Jakarta Capital Region, Indone","0","0","0","https://x.com/smgkyry/status/1793244558568153533","1562885824366387200","smgkyry"
"1793239236340236366","Wed May 22 11:15:25 +0000 2024","0","Ngeluh kerja sama gen z gaji yang dikasih cuman bisa biayain gen z. Pelamarnya milenial ngeluh minta bayaran mahal dah nikah susah karena punya anak ribet rumahnya jauh. kerja sama batang tebu aja lu","1793239236340236366","","","in","","0","0","0","https://x.com/takageoni/status/1793239236340236366","234675374","takageoni"
"1793210386910728538","Wed May 22 10:16:40 +0000 2024","0","gen z gen z yang lain yang emang bgt butuh pekerjaan yang penting ada gaji mah ayo ayo aja dikasih tekanan gimanapun. nah yang punya relasi ini yang patut dipertanyakan. secara relasi tentunya entah ortu kakak atau saudaranya emang punya kemampuan atau kuasa buat nitip.","1793224451846455533","","canquermad","in","my world","0","1","0","https://x.com/canquermad/status/1793224451846455533","2390358506","canquermad"
"1792911677974843665","Wed May 22 10:16:29 +0000 2024","3","@granolish Ya mending resign drpd maksain kerja yg isinya jobdesk 4 org jadi satu gaji dibawah UMR Menurut mu aja gmn dh Klo perusahaan melek akan hak pegawai aku si gpp Ini gaji kecil Kerja jam nine to five Kek apa si bjir Minimal tuh manusiawi Ini yg kudu melek gen z atau perusahaan?","1793224406141141280","","granolish","in","","0","0","0","https://x.com/Taqiamerr/status/1793224406141141280","1462745532854534144","Taqiamerr"
"1793210386910728538","Wed May 22 09:40:45 +0000 2024","0","yang katanya mau enaknya aja dan gamau nerima gaji kecil dan tidak inisiatif padahal gen z cuma pengen kerja sesuai gaji yang didapatkan.","1793215411384922294","","canquermad","in","my world","0","1","0","https://x.com/canquermad/status/1793215411384922294","2390358506","canquermad"
"1792438393475076153","Wed May 22 09:30:17 +0000 2024","2","@el_sulfat bacot. gua angkatan 2000. kerja di perusahaan isinya senior2 umur 30 keatas. pulang paling malem selalu gua dan temen2. yang handle kerjaan mereka soalnya ga becus juga gua dan temen2. gaji mrk berkali lipat gua dan temen2. nyalahin gen z mulu emang perusahaan lo ga beres aja","1793212779362759086","","el_sulfat","in","","0","2","0","https://x.com/haahaa288464/status/1793212779362759086","1665185818372358144","haahaa288464"
"1792875653035143506","Wed May 22 09:04:40 +0000 2024","0","@SoundOfYogi Boomers udh pensiun. Gen X dan Y sih yg mempertanyakan gen Z. Krn suka kabur²an (karena judging tempat kerjanya toxic). Nuntut work-life balance (padahal gak akan balance selama masih menerima gaji ) Yg ndak suka angkat telepon (pdhl si pemberi kerjanya gak terbiasa chatting).","1793206333694787766","","SoundOfYogi","in","Meet Me In Montauk","0","1","0","https://x.com/vic_hasiholan/status/1793206333694787766","193014517","vic_hasiholan"
"1793186811197444259","Wed May 22 07:47:06 +0000 2024","0","Lah di tmpt kerja gw yg lama yg Gen Z ini yg justru toxic baru masuk bbrp bulan udah minta naik gaji abis itu ngejulid sama gengnya trus tiap ada anak2 baru ngerumpi ngehasut seolah olah kantor yg salah dia yg bener....pfffttt","1793186811197444259","","","in","Jakarta Barat, DKI Jakarta","0","0","0","https://x.com/haewinxpipoy/status/1793186811197444259","54054806","haewinxpipoy"
"1793182098599149716","Wed May 22 07:28:22 +0000 2024","0","Siap Gen Z si paling kurang gaji ","1793182098599149716","","","in","Nusa Barong","0","0","0","https://x.com/sultohn/status/1793182098599149716","852617601570164736","sultohn"
"1793169462784651430","Wed May 22 06:38:10 +0000 2024","8","Banyak yg protes kok gen z offer gaji setinggi langit ya harus dilihat juga pengalaman dan skill yg mereka punya. Kalau oke tapi ngerasa gak mampu gaji mereka skip aja gak usah dipermasalahkan gak heran banyak yg milih kerja remote luar negeri or freelance","1793169462784651430","","","in","Kota Surabaya, Jawa Timur","0","1","0","https://x.com/_p1ter_/status/1793169462784651430","851519902888280064","_p1ter_"
"1793165278697926899","Wed May 22 06:21:32 +0000 2024","0","Masalah properti ini beneran ngefek ke generasi skrg. Bahkan bukan cuman gen z. Banyak millenial pun masih pusing cari rumah. Saya saja yg career levelnya di kantor skrg udah lumayan dan gaji juga lumayan dibanding UMR tetep keteteran mau beli properti.","1793165278697926899","","","in","Yogyakarta, Indonesia","1","2","0","https://x.com/debuatomik/status/1793165278697926899","438121932","debuatomik"
"1793076661635944915","Wed May 22 05:59:56 +0000 2024","1","@strike_bravo_b Organisasi sejak 90an Yg lain udah buka berkembang &amp; buka cabang dianya sampe sekarang disitu² doang Tantangan digitalisasi sedemikian advance eh di mrk gen Z nya sekedar jd junior mana gaji pokok gak sampe 1 wkwkwkwk Boomer menolak punah","1793159842745782758","","strike_bravo_b","in","Bumi Allah","0","0","0","https://x.com/atan_here/status/1793159842745782758","1684114251353554944","atan_here"
"1793133027268370726","Wed May 22 04:13:23 +0000 2024","0","Gen z kalo kuperhatikan spending habitnya yg boros. Gaji ga seberapa tp udah punya iphone pro max ","1793133027268370726","","","in","I hate antis","0","0","0","https://x.com/c4cao/status/1793133027268370726","1042686234596859904","c4cao"
"1793130399163675122","Wed May 22 04:02:56 +0000 2024","0","Gw sbg fresh graduate sebenernya udh ga berekspetasi apapun tapi dipikiran gw gapapa deh gaji underpaid tapi ya setidaknya jgn kebangetan . Gw udh bener2 gak berekspetasi apapun tapi blm kepanggil kerja sampe skrng udh gini jg masih aja disalahin gara2 Gen Z wkwk","1793130399163675122","","","in","Caratland","0","1","0","https://x.com/w0nsthetic/status/1793130399163675122","1435776894117367813","w0nsthetic"
"1793128603787616616","Wed May 22 03:55:48 +0000 2024","1","pada nyalahin gen z perkara karir. lo mending diem kalo lo masih nyari intern unpaid staff dikontrak per satu tahun dgn gaji under umr belom thp dan masih bikin kualifikasi fresh graduate welcome and max age 24th tapi jobdesc rangkap divisi","1793128603787616616","","","in","","0","1","0","https://x.com/watchaudoin/status/1793128603787616616","1042039181218799616","watchaudoin"
"1792814802026549551","Wed May 22 03:53:19 +0000 2024","0","@blessedchoke klo gen z yg di jaman kerja bosny generasi ap y? bosny jg bnykn mau pekerjakan kryawan dg upah seminimum mungkin dmna kryawan dipekerjakan spt budak (lembur ga digaji) nyari yg fresh graduate spy bs byar gaji lebih murah tpi kmampuan fresh graduate dibndngkn mulu sm senior.","1793127978991522140","","blessedchoke","in","","0","0","0","https://x.com/celinetae7/status/1793127978991522140","1683996881683349504","celinetae7"
"1792870610378596418","Wed May 22 03:40:59 +0000 2024","0","@IchaVarma @Rizkihadi ka aku gen z tp mending tu loker kasi ke aku aja deh karna yg kaka jelasin bagi aku normal karna punya pengalaman sblmnya dan gaji segitu cukup bngt gilaakkk","1793124873776378078","","IchaVarma","in","","0","0","0","https://x.com/iwantyababe/status/1793124873776378078","1442676821338714116","iwantyababe"
"1792856275828748557","Wed May 22 03:10:09 +0000 2024","0","@shyscia Pernah punya bawahan gen z 4x dan semuanya aleman manja gabisa mandiri &amp; ga mau cari tau sendiri (padahal udh diajarin semuanya). Kerja ga sesuau jobdesk &amp; udah baik dikasih gaji umr masih aja ngeluh ini itu. Tai tai","1793117116377555226","","shyscia","in","Sleman, Indonesia","0","0","0","https://x.com/__8bal/status/1793117116377555226","1216833863579660288","__8bal"
"1792915828024738014","Wed May 22 02:55:55 +0000 2024","53","@mahdeeana_ Nasib gaji seuprit ekspektasi setinggi langit sukur gen z sadar jangan seperti kami milenial ini ga sadar2 kerja keras dan waktunya ga dihargai","1793113535276556395","","mahdeeana_","in","","0","0","1","https://x.com/48squadsama/status/1793113535276556395","1211156372","48squadsama"
"1793111884864073920","Wed May 22 02:49:22 +0000 2024","0","Gen sebelumnya sibuk numpuk properti jadi harga properti harganya ngawur trus gen z disalahin karena gak punya aset. Ya lo mikir gaji umr 3-4 juta disuruh beli rumah sepetak yg harganya udah 1-2 M. Mau disuruh nabung sampe mati?","1793111884864073920","","","in","","0","0","0","https://x.com/Maddiechlerin/status/1793111884864073920","2337707935","Maddiechlerin"
"1792700829016953124","Wed May 22 02:39:18 +0000 2024","0","@xxyulkyuxx @YaBoiF18 @paracecis08 Sudah dong dan hepi Kalau ngikut pola pikir Gen Z ga jadi apa apa gw nih karena mendingan nganggur daripada kerja gaji kecil katanya.","1793109350556581966","","yukyuseokjaejun","in","Nusa Barong","0","0","0","https://x.com/sultohn/status/1793109350556581966","852617601570164736","sultohn"
"1792814802026549551","Wed May 22 02:23:38 +0000 2024","1","@blessedchoke tentu carinya gen Z fresh graduate pengalaman minimal 1-3 tahun maksimal umur 25 di tahun 2024 Gaji di bawah umr kabupaten","1793105407524950256","","blessedchoke","in","","1","1","0","https://x.com/UserDingin/status/1793105407524950256","1113796599342231552","UserDingin"
"1793098953078312977","Wed May 22 01:57:59 +0000 2024","0","pemberi kerja setelah posting loker dengan syarat ajaib tapi gaji underpaid: kok Gen Z malas kerja? ","1793098953078312977","","","in","","0","0","0","https://x.com/lastweetX/status/1793098953078312977","1625792368996937728","lastweetX"
"1793096909609120114","Wed May 22 01:49:52 +0000 2024","0","Yg normal kalo Gen Z dapat posisi Frontliner gaji minimal Rp.20 juta. Kalo gak berarti perusahaannya yg bermasalah ","1793096909609120114","","","in","","0","1","1","https://x.com/el_sulfat/status/1793096909609120114","125235427","el_sulfat"
"1792438393475076153","Wed May 22 01:49:11 +0000 2024","28","@el_sulfat ekonomi Indo jeblok kerjaan yg worth it sekarang udah jarang palingan cuma PNS/BUMN/swasta gede yg tuntutan vs gaji sebanding tapi kerjaan swasta biasa sekarang kebanyakan minta banyak tapi gaji kecil anak2 gen Z wajar ga ngrasa worth it mending ngegojek bkebun dll","1793096737575616609","","el_sulfat","in","","0","3","1","https://x.com/saskeXYZ/status/1793096737575616609","1699669684281565184","saskeXYZ"
"1793096264357429713","Wed May 22 01:48:13 +0000 2024","0","Akhirnya apa? kita ambil kerjaan apa aja walaupun kerja 12 jam gada libur senin-minggu gaji sejutaan. Klo hrd semua nganggep gen z yg buruknya aja kaya gini gimana hidup anak gen z yg rela di pontang panting ini buat kedepannya","1793096495325216985","","losestvr","in","she","0","0","0","https://x.com/losestvr/status/1793096495325216985","1354712745850019843","losestvr"
"1793095156339761426","Wed May 22 01:42:54 +0000 2024","1","Aneh liat orang protes gen z gamau kerja di UMKM padahal wajar aja di umurnya yg sekarang gen z milih kerja di tempat yg bisa gaji layak work!","1793095156339761426","","","in","","0","1","0","https://x.com/worksfess/status/1793095156339761426","1244597361826885636","worksfess"
"1792856275828748557","Wed May 22 01:39:52 +0000 2024","0","@shyscia Ekspektasi gen Z terkait gaji lifestyle work life balance itu tidak salah Salah yg salah emang keadaan Indonesia yg pait banget gaji kecil medsos disuguhin glamornya hidup selebgram/pejabrut kerja berangkat subuh pulang malam Salahkan pembuat kebijakan","1793094394012401681","","shyscia","in","Jakarta, Indonesia","0","0","0","https://x.com/rakachumpz/status/1793094394012401681","274810723","rakachumpz"
"1793088782520275225","Wed May 22 01:17:34 +0000 2024","0","wkwkw percayalah banyak gen z pengangguran tuh krn terlalu mikir gaji expected salary berbanding terbalik sama skill. atau iya lu cumlaude tp lu bisa apa? wkwkwkwk cape","1793088782520275225","","","in","","0","0","0","https://x.com/soshiroohoshina/status/1793088782520275225","1776830906956939264","soshiroohoshina"
"1792856275828748557","Wed May 22 01:17:00 +0000 2024","0","@mandamnd @shyscia Aku gen z work life balance menurutku nggak diganggu kalo udah di luar jam kantor jadi sebisa mungkin kerjaan di hari itu aku selesaiin hari itu juga intinya gamau sampe lembur. Masalah gaji pasti matoknya UMR ga berani sampe yg 2 digit takut ga sebanding sama skill yg dipunya","1793088642061340692","","mandamnd","in","iKONIC","0","0","0","https://x.com/ichaciing/status/1793088642061340692","1442658204","ichaciing"
"1792938186223894723","Tue May 21 15:19:09 +0000 2024","0","Millennials yapping tentang gen z yang pemula tapi mau gaji UMR kayak elu baru lahir langsung bisa semua hal aja‍","1792938186223894723","","","in","rps.","0","0","0","https://x.com/avocach0/status/1792938186223894723","1426185072802029569","avocach0"
"1792758113244008527","Tue May 21 15:15:29 +0000 2024","2","@worksfess Gen Z: -Kerja gamau dibawah tekanan njir. Mau gaji gede kerja santai work life balance. -Kena deadline/omelan langsung stress bahas mental health terus resign. -Giliran nganggur picky work. -Mau langsung dapet gaji gede+perusahaan top. Realistis bukan idealis.","1792937262621295003","","worksfess","in","Jember Utara disingkat JemBut","0","1","1","https://x.com/yudithSatya/status/1792937262621295003","182751073","yudithSatya"
"1792935931659632819","Tue May 21 15:10:11 +0000 2024","0","gen z this gen z that sebagai gen z gw ngerasain impact bobroknya atasan tempat kerja sekarang. gw interview sm hrd ditawarin gaji 3bln pertama 1jt. dan boom bulan pertama dpt 800k. coba konfirmasi katanya karna ada pergantian susunan jabatan(?) -","1792935931659632819","","","in","","0","1","0","https://x.com/aimmoon12/status/1792935931659632819","1149689640200200193","aimmoon12"
"1792856275828748557","Tue May 21 15:09:08 +0000 2024","11","@shyscia Karna gen z lebih cerdas dan pinter. Ga mau underpaid sistem kerja yang modern tekanan berbanding lurus dengan gaji. Kalo mau yang tekanan melebihi gaji silahkan pilih millenials yang BU karna anak bini. Lalu teruslah begitu yang salah itu kantornya.","1792935667254628626","","shyscia","in","Jakarta Capital Region, Indone","0","1","1","https://x.com/badtertruth/status/1792935667254628626","911153765553643520","badtertruth"
"1792870610378596418","Tue May 21 15:04:22 +0000 2024","101","@cokolezatos @IchaVarma sepakat yg dikit2 ngeluh di story. sepupuku satu gen Z satu millenial kerja jadi perawat anestesi yg millenial g pernah story sambat kerjaan secapek apapun pdhl tmpt kerjanya juga toxic abis. sdgkn yg gen z dpt rs enak gaji oke circle bagus tp sambaaaaat mulu krg ini krg itu-","1792934468103057481","","cokolezatos","in","","4","4","2","https://x.com/kucilpung/status/1792934468103057481","1700114956530909184","kucilpung"
"1792933223929888856","Tue May 21 14:59:26 +0000 2024","0","Saya kasihan sama Gen Z ini. Ada kenalan saya yang kerjanya jago minta gaji naik gak digubris begitu kerjaan ngaco mulai nyalahin orang ini. Padahal itu bentuk kekecewaan dia. FYI drafter kalau sudah level advanced gak sepantasnya dibayar hanya UMR. Waktu itu di Palembang.","1792933223929888856","","","in","Indonesia","0","0","0","https://x.com/tikotaker/status/1792933223929888856","63751366","tikotaker"
"1792933049690194373","Tue May 21 14:58:44 +0000 2024","0","jujur iya TAPI biasanya yg kek gini emang takut aja sama fakta gen z udah paham work life balance dan bahwa kerja itu bukan jadi sumpah loyalitas kepada keluarga raja ekspektasinya umkm dan org lama tuh kerja ya lu harus loyal mau kerja DI LUAR job desc dg gaji minim","1792933049690194373","","","in","mdni","0","1","0","https://x.com/palmatcharen/status/1792933049690194373","1612879164851294230","palmatcharen"
"1792856275828748557","Tue May 21 14:58:24 +0000 2024","0","@mandamnd @shyscia Gen z yg mane gue di jkt gaji 3jt aje gue jabanin","1792932966059913616","","mandamnd","in","Republic of Korea","0","0","0","https://x.com/0xInde/status/1792932966059913616","1289120739249942528","0xInde"
"1792856275828748557","Tue May 21 14:54:44 +0000 2024","24","@mandamnd @Redzka @shyscia Sekarang (kata adik aku yg gen Z) kebanyakan terpapar konten gaji 2 digit instant. Jadi terkenal posting posting di Vt pamer 18 tahun sudah punya mobil dan beli rumah sendiri seharga 1 M Konten kayagitu yg ngebuat maunya instant. Bahkan jd males cari tau kalo kerja ini salary brp","1792932042537091086","","mandamnd","in","","1","1","2","https://x.com/pacarkimcotton/status/1792932042537091086","1756994813025771520","pacarkimcotton"
"1792870610378596418","Tue May 21 14:50:21 +0000 2024","1","@RaisFr25 @cokolezatos @IchaVarma Nah ini jga wkwkw. Mereka mengglorifikasi gaji kecil tapi kerjaan banyak harusnya kalau ada yang kaya gini ya jangan dibenarkan lah. Kadang tuh orang cuma gelap mata terus nuduh kwwkkw. Selama dalam batas wajar semua gapapa kok walau ga dipungkiri gen z emang aga problem","1792930936914424211","","RaisFr25","in","恐龙","0","0","0","https://x.com/AxtonYuval/status/1792930936914424211","1266615689202163714","AxtonYuval"
"1792930800901480470","Tue May 21 14:49:48 +0000 2024","0","gak sepenuhnya salahin Gen Z. tp gue pernah interview di kantor mami gue Gen Z kelahiran 99 - 2000 an. 3 org gue terima kerja 1 minggu 2 org hilang gitu aja. padahal gaji hampir mendekati UMR kerja shift boleh main hp. bbrpa pengen gaji super tinggi tp skill masih blm update","1792930800901480470","","","in","Jakarta Selatan","0","0","0","https://x.com/sunflowerss80/status/1792930800901480470","2160262842","sunflowerss80"
"1792856275828748557","Tue May 21 14:39:55 +0000 2024","0","@shyscia Di kantor sy banyak nerima lulusan genZ kok. Dg syarat Sma aja bisa. Gaji di atas umr plus uang makan. Mau opini ttg gen Z kebanyakan tp nanti dibilang gak ngerti kondisi. Gak banyak yg punya pemikiran maju kyk mbak nya. Rata2 mau enaknya doang.. gmn dong?","1792928312890667023","","shyscia","in","","0","0","0","https://x.com/fabianjrit/status/1792928312890667023","77702975","fabianjrit"
"1792870610378596418","Tue May 21 14:28:23 +0000 2024","1","@IchaVarma Aku gen z juga. Tapi di tempat kerja ku ada gen z kelahiran awal dan dia beneran nyebelin banget. Gak ada inisiatif sama lingkungan sekitar seenaknya maunya gaji disamain sama yg udah senior dan kalo di tegur atasan nangisnya kayak dunia mau runtuh","1792925411279507612","","IchaVarma","in","","0","1","0","https://x.com/crueshh/status/1792925411279507612","1132335329162096640","crueshh"
"1792870610378596418","Tue May 21 14:16:42 +0000 2024","8","@ngurah_warman @IchaVarma gue gen z menyaksikan sendiri temen gue gen z menolak perintah atasan terus ada gen z lainnya yg tbtb resign karena kerjaannya terlalu bikin nyaman like waw. Ada jg yg gamau disuruh pdhl masi jobdesknya ada jg yg minta gaji ngalahin gaji atasannya","1792922471605137817","","ngurah_warman","in","","0","0","0","https://x.com/ainifttt/status/1792922471605137817","1194633742616158209","ainifttt"
"1792870610378596418","Tue May 21 14:14:56 +0000 2024","9","@IchaVarma Gen z maaf2 ya mnrt ku kdang terlalu punya ekspektasi tinggi ga sebanding sama realita (pengen gaji gede tapi kerjaan santai) mungkin karena kebanyakan nelen akun flexing tiktok mentah2 (based pengalaman rekruit untuk usaha pribadi)","1792922025859711421","","IchaVarma","in","Somewhere","0","0","3","https://x.com/kopulqr/status/1792922025859711421","583606060","kopulqr"
"1792870610378596418","Tue May 21 13:59:31 +0000 2024","0","@sultanfrozen @IchaVarma Kak fasilitas yg kaka kasi itu jauh lebih baik drpd yg bbrp perusahaan besar tau. Aku gen z juga pas awal lulus aku langsung kerja modal surat keterangan lulus dgn gaji 1 5 di jkt jaga toko 10pagi-10 malem tp ada mess jg. Cuma aku bertahan 3 bulan aja karna nombok trs wkwk","1792918145373515917","","sultanfrozen","in","","0","2","0","https://x.com/cheezecakeyyy/status/1792918145373515917","1599016069871833088","cheezecakeyyy"
"1792914402091360739","Tue May 21 13:54:36 +0000 2024","4","@convomf Omongan mereka itu ada benernya kok nder. Gen z skrng terlalu lemah karena terpengaruh sama yang namanya mental health. Pdhl namanya kerja ikut orang itu ya wajar kalau di tekan atasan + suasana kantor yang gak nyaman . Mood orang skrng gampang berubah + minta gaji gede tpi","1792916907676385703","","convomf","in","Kalimantan Timur, Indonesia","0","2","0","https://x.com/blackyescor/status/1792916907676385703","866173260374827010","blackyescor"
"1792856275828748557","Tue May 21 13:53:27 +0000 2024","1","@mandamnd @shyscia Aku sendiri gen Z patokannya salah satu kak. Kalau gak gaji ya work-life balance. Tapi gaji yg emang lebih aku utamain. Jadi work life balance gak ada pun gpp. Tempat kerja aku dulu MT bayar UMR (katanya). Makanya aku ikhlas waktu itu kerjanya masuk jam 8 ","1792916618034471394","","mandamnd","in","Haha","0","1","0","https://x.com/Ariem_Vee/status/1792916618034471394","1683487940427632648","Ariem_Vee"
"1792850414519628082","Tue May 21 09:30:23 +0000 2024","0","Prabowo mau nambah 300fk terus skrg nambah dokter asing jd mau gmn? Berobatnya butuh duit gen Z 10jt pengangguran buat berobatnya mau gmn? Dokter saat ini gaji seadanya faskes daerah seadanya mau gimana?","1792850414519628082","","","in","","0","0","0","https://x.com/raykschrute/status/1792850414519628082","910923199436566529","raykschrute"
"1792527457117192683","Tue May 21 09:12:55 +0000 2024","0","@ch_chotimah2 @jokowi Lah idaman gen Z bgt ini udah effort nya dikit maunya gaji gede luar biasa","1792846022529741211","","ch_chotimah2","in","Jepang","0","0","0","https://x.com/TheCreatorSF/status/1792846022529741211","1414773561093283844","TheCreatorSF"
"1792836908739178797","Tue May 21 08:36:42 +0000 2024","0","job desc bejibun ga sesuai sama gaji yg kecil di ekonomi sekarang. jam kerja gila tp cuma dapet buat nyambung idup. gen z udh mulai melek perbudakan modern. lebih milih buat buka usaha sendiri yg penting mah dapet duit","1792836908739178797","","","in","DO NOT FOLLOW🔞21+","0","0","0","https://x.com/haoshiwife/status/1792836908739178797","1700077827717292032","haoshiwife"
"1792831565070000546","Tue May 21 08:24:27 +0000 2024","11","@worksfess Kok bisa pas banget yah lagi trending gen z ini kebetulan Kamis besok ngisi webinar topiknya tantangan karir gen z. Bahas lanskap karir di Indonesia tantangan karir gen z beserta solusinya. Bahas skill-gap yang nyambung ke personal branding sampai dengan nego gaji. Yang mau","1792833823409131654","","worksfess","in","South Jakarta, ID","0","1","0","https://x.com/xiayuejiu/status/1792833823409131654","1220321640489222144","xiayuejiu"
"1792831369237897502","Tue May 21 08:14:42 +0000 2024","2","Boomers emang cuma mau untung buat mereka dan ngegoblokin gen z yang kritis ketika kerjaan udah overload padahal gaji tidak sesuai. Pada gak ngaca dan gak tau diri bisanya cuma nyalahin lol.","1792831369237897502","","","in","rps.","0","0","1","https://x.com/avocach0/status/1792831369237897502","1426185072802029569","avocach0"
"1792800514171871669","Tue May 21 07:46:26 +0000 2024","0","@Riskyrange Justru Gen Z yang merasa paling bener seakan semua generasi paling salah Contohnya udah tau gaji kecil pengen beli rumah bukannya spending nya ditekan malah hobi beli kopi","1792824255266316369","","Riskyrange","in","Nusa Barong","11","13","0","https://x.com/sultohn/status/1792824255266316369","852617601570164736","sultohn"
"1792433117221044274","Tue May 21 06:50:47 +0000 2024","0","@JrSinaga3 @akuratco Gw juga sama om Kebetulan gw cari team marketing Gw publish uda beberapa bulan yang dateng cuma 1 Padahal gaji dan tunjangan gede Emang gen z lembek aja itu pengen ga kerja pendapatan gede","1792810253589057672","","JrSinaga3","in","","0","1","0","https://x.com/benksatan_kills/status/1792810253589057672","447030168","benksatan_kills"
"1792804019771236801","Tue May 21 06:26:01 +0000 2024","4","Gen Z nganggur dari sisi eksternal sendiri byk faktor penyebabnya. Pengalaman kami: 1) Perusahaan telat bayar gaji 2) Eksploitasi tenaga kerja 3) Baru sebentar kerja dah kena PHK dengan alasan efisiensi 4) Lingkungan kerja tidak manusiawi secara fisik dan mental Coba deh","1792804019771236801","","","in","Australia","0","0","2","https://x.com/diariumbi/status/1792804019771236801","157989446","diariumbi"
"1792797420549771459","Tue May 21 05:59:48 +0000 2024","5","Ini deskripsi stereotype dari so-called the nuruls Anak Gen Z muslimah yang lagi kuliah/kerja Gaji sekitaran UMR yang jadi pangsanya Gacoan Tapi Memenya agak jadul ini terlalu 2018-2019 https://t.co/aFnpfTsyQe","1792797420549771459","https://pbs.twimg.com/media/GOFLv8uaIAAvDOT.jpg","","in","","0","0","2","https://x.com/ardi_tama1/status/1792797420549771459","382641814","ardi_tama1"
"1792794435081949426","Tue May 21 05:47:56 +0000 2024","7","Sebagai gen z ini betul adanya orgil mana yg rela2 dari daerah ke jkt cuma buat intern dgn gaji gaada setengah dri umr??","1792794435081949426","","","in","","0","1","0","https://x.com/Dhancoooook/status/1792794435081949426","1119592397925564417","Dhancoooook"
"1792785954073346231","Tue May 21 05:14:14 +0000 2024","1","90% crew gen z (kelahiran 97-03) yg gawe bareng ama gue kebanyakan begini sama satu lagi: kalo lagi agak rame dikit besoknya izin sakit diminta surat dokter gak ada pas gaji dipotong karena diitung mangkir gak terima playing victim ","1792785954073346231","","","in","The Fox","0","0","1","https://x.com/joijocokladd/status/1792785954073346231","1182148112963387393","joijocokladd"
"1792758113244008527","Tue May 21 05:03:12 +0000 2024","477","@worksfess Boomer eksploitasi alam Millenial eksploitasi manusia Gen z kerja sampe mati status karyawan kontrak gaji underpaid workload gak ngotak diremehin ditindas senior yg punya kuasa ","1792783176995352576","","worksfess","in","Indonesia","4","4","73","https://x.com/nitabaladewa/status/1792783176995352576","375979442","nitabaladewa"
"1792438393475076153","Tue May 21 04:39:50 +0000 2024","0","@el_sulfat Boleh ga sih gen z gantian yalahin kalian para milenial yang ngebuat sistem perekrutan kerja kejamnya nauzubillah?. Udah persyaratannya tinggi ada batasan minimal usia belum lagi jobdesk sama gaji ga berimbang. Boleh ga?","1792777296442704353","","el_sulfat","in","","0","0","0","https://x.com/SandyBahry/status/1792777296442704353","1509738601101205507","SandyBahry"
"1792700829016953124","Tue May 21 04:32:27 +0000 2024","0","@YaBoiF18 @paracecis08 Gpp. Yang penting Gen Z yang punya gaji 2 digit di umur 30an sangat beda pikirannya dengan elu. Gpp juga kan elu yang memilih nganggur tapi fafifu tiap hari daripada kerja cari pengalaman nanti pindah kerja gaji pantes bahkan melebihi gaji orang yang fafifu ini.","1792775439536259207","","","in","Nusa Barong","0","0","0","https://x.com/sultohn/status/1792775439536259207","852617601570164736","sultohn"
"1792758113244008527","Tue May 21 04:25:16 +0000 2024","0","@chubbyterus @worksfess Iyaa gen z ini masih sadar diri buat nyari pengalaman walau ada yg gatau diri jg buat nembak gaji tinggi walau pengalaman masih gaada. Gen Z ini nano-nano deh bener2 gak merata berkembangnya. Aku gen Z soalnya dan aku merasa bahwa emang beragam bgt modelan genZ ini","1792773631988359593","","chubbyterus","in","","0","1","0","https://x.com/veesara__/status/1792773631988359593","1573517492815007744","veesara__"
"1792772779798081900","Tue May 21 04:25:14 +0000 2024","1","Kalo ngeliat gaji yg gak seimbang dengan tingkat inflasi dan biaya hidup banyak gen z udah termakan nihilism mereka tau seberapa keraspun mereka kerja tetep gabakal bisa afford housing family or even marriage. https://t.co/0noJfcDC8y","1792773622714827080","","anihilistblues","in","","0","0","3","https://x.com/anihilistblues/status/1792773622714827080","2896517845","anihilistblues"
"1792758113244008527","Tue May 21 04:19:42 +0000 2024","0","@veesara__ @worksfess Iya soalnya gaji nya pas umr ditambah potongan gen z kan mau mau aja dibayar gaji dibawah umr pun mau mau aja karna mereka juga butuh buat pengalaman","1792772231699062828","","veesara__","in","","0","1","0","https://x.com/chubbyterus/status/1792772231699062828","702387194","chubbyterus"
"1792758113244008527","Tue May 21 04:17:45 +0000 2024","0","@1novative_id @chef_dokyungsoo @worksfess Ya kan Gen Z sendiri yang maunya gaji tinggi tapi di awal kerja. Gak aneh karena mereka merasa entitled lulus sarjana gaji tinggi tapi nganggur. Yang kompeten sudah kerja sekarang gak mikirin elu pada yang lagi nganggur. Lagian kok kaget pemerintah gak ada otak","1792771738956378197","","1novative_id","in","Nusa Barong","0","0","0","https://x.com/sultohn/status/1792771738956378197","852617601570164736","sultohn"
"1792758113244008527","Tue May 21 04:13:58 +0000 2024","0","@1novative_id @chef_dokyungsoo @worksfess Yaudah nanti buat Gen Z silahkan ubah kondisinya wajibin semua perusahaan ngegaji minimal 5jt se Indonesia. Itu kan yang kalian mau. Kalau yang udah lebih tua sih udah gak mikir gaji kan mereka udah expert. Kalau yang muda maunya begitu nanti nyalon legislatif biar bikin UU","1792770788103458937","","1novative_id","in","Nusa Barong","0","0","0","https://x.com/sultohn/status/1792770788103458937","852617601570164736","sultohn"
"1792438393475076153","Tue May 21 04:12:18 +0000 2024","0","@el_sulfat Gen Z imagenya jelek bgt ye tapi kalo di sekitar gua yg gen Z: 1) yg gua atau temen alamin justru yang gaada kabar dari recruiternya. Bahkan gua pernah udah deal gaji tapi ga dipanggil panggil 2) belom pernah nemu wkwk 3) belum ada tp kenalan gua yg begini justru milenial wkwk","1792770368031371479","","el_sulfat","in","","0","0","0","https://x.com/fidic97/status/1792770368031371479","243988708","fidic97"
"1792758113244008527","Tue May 21 03:58:49 +0000 2024","1","@sultohn @chef_dokyungsoo @worksfess Ya makanya gaji kecil shouldn t be normalized. Krn klo dr SDM gen Z ini bagus2 loh. Ga kerja di bidang formal kan bukan berarti nganggur dan terima pasrah perlakuan keji kapitalis. Mostly gen z kerja di non-formal sector atau LN. Cuma negara jelek ini kan harus diperbaiki.","1792766974344503701","","sultohn","in","","0","2","1","https://x.com/1novative_id/status/1792766974344503701","1572497797882212352","1novative_id"
"1792763102095872106","Tue May 21 03:51:29 +0000 2024","0","@rurunih Gamau gen z tapi apa2 nuntut pengalaman dan entry level job opportunity maks 25 tahun... emg gajelas maunya apa. Mau yg profesional bisa dijinakin dgn gaji rendah tpi gamau nerima gen z dan gamau ngajarin trs jahat ke younger coworker tpi nyalahin 'mental melempem'","1792765128611701163","","rurunih","in","芥敦 | 侑北","0","0","0","https://x.com/ASTRAYA0/status/1792765128611701163","1326058196482445314","ASTRAYA0"
"1792761996284428675","Tue May 21 03:39:02 +0000 2024","1","Gen z terlalu banyak tercemar konten² kerja di luar negeri yang work life balance gaji gede kerja gak banyak.","1792761996284428675","","","in","Jakarta Pusat, DKI Jakarta","0","0","0","https://x.com/mahesiswa/status/1792761996284428675","1227562769815195648","mahesiswa"
"1792758113244008527","Tue May 21 03:38:21 +0000 2024","6","@sultohn @worksfess Nggak bisa disamaratakan juga sih. Yang pasti ada pertimbangan juga kenapa banyak gen Z yang nggak mau dikasih gaji kecil. Aku sendiri kalo posisi masih tinggal bareng ortu masih nggak terlalu masalah. Tapi kalo udah merantau ya kudu mikir lagi soal biaya hidup","1792761822829019334","","sultohn","in","mbuh","0","1","1","https://x.com/getsemanee/status/1792761822829019334","3218766038","getsemanee"
"1792761194081898837","Tue May 21 03:35:51 +0000 2024","3","pengalamn gue sbg gen z: 1. intrview jam 8 gue on time 20mnt kmudian tbtb jadwal interview diganti jam 4. cabut lah gwe 2. keterima kerja eh jd palugada alias kerjaan beda pas interview. gaji dibawah umr. 3. ngeganti jobdesk ke yg bukan keahlian gua krn kekurangan sdm. MOH.","1792761194081898837","","","in","","0","1","0","https://x.com/giistara/status/1792761194081898837","870791827602907136","giistara"
"1792438393475076153","Tue May 21 03:32:55 +0000 2024","1","@el_sulfat Pengalaman hire SDM usia gen Z dgn gaji udah UMR daerah : 1. Lemah secara mental 2. Semangat kerja 1-10 diangka 3 3. Gampang resign 4. Gampang menyerah 5. Banyakan main game sampe lupa tupoksi","1792760457964789860","","el_sulfat","in","Malang, Jawa Timur","0","0","1","https://x.com/PenoOnep/status/1792760457964789860","963819289655492608","PenoOnep"
"1792438393475076153","Tue May 21 03:31:54 +0000 2024","0","@el_sulfat Ga Gen Z aja sih millenial juga ada yg bgitu kok. Gaji ga seberapa kerjaan kek orang gila sampe rekannya juga gila ya ditinggal","1792760199595569407","","el_sulfat","in","Sao Paulo, Brazil","0","0","0","https://x.com/Nzackyo/status/1792760199595569407","108530561","Nzackyo"
"1792472206225949144","Tue May 21 02:53:58 +0000 2024","0","@detikcom Kasian gen z masih muter2 job fair Katanya bru ada 12jt loker di 2030 Kriteria cpns dinaikkan biar kompetitif Eh yg ini dapet gaji perbulan tp ngantor 2x/tahun aja","1792750656362791054","","detikcom","in","","0","0","0","https://x.com/CumaAzam/status/1792750656362791054","783665048","CumaAzam"
"1792438393475076153","Tue May 21 02:21:01 +0000 2024","0","@hiliricaci @el_sulfat Ya kalau gitu gak bisa menihilkan pengalaman beberapa orang yang berinteraksi dengan Gen Z. Sebenernya terserah Gen Z sendiri kalau mau ngikutin generasi sebelumnya ya ga ada itu gaji besar diawal buat lulusan biasa aja harus dapet exp buat sekedar naikin gaji ke nilai layak","1792742364496421332","","hiliricaci","in","Nusa Barong","0","0","0","https://x.com/sultohn/status/1792742364496421332","852617601570164736","sultohn"
"1792738742727573990","Tue May 21 02:06:38 +0000 2024","0","Bpk w kacab perusahaan dr jaman w SMA sering bgt cerita kelakuan pegawai2nya tp bener2 yg parah itu emg gen Z semua yg disebutin dsni disebutin semua sm bapak w. dikasih target/ kerja berat dikit ngeluh maunya kerja santai + langsung gaji gede. Padahal karir kan berproses","1792738742727573990","","","in","Jakarta Timur, DKI Jakarta","0","1","0","https://x.com/DeviiSafitry/status/1792738742727573990","86471120","DeviiSafitry"
"1792728836188377538","Tue May 21 01:27:16 +0000 2024","0","Pengalamanku kerja sama Gen Z -attitude Kurang (mostly tapi ada yang bagus) - berharap kerja langsung dapat gaji gede. - libur seenaknya kadang gak ngabarin. ","1792728836188377538","","","in","Bali","0","0","0","https://x.com/duelistbucin/status/1792728836188377538","2266284823","duelistbucin"
"1792443778101608507","Tue May 21 01:22:30 +0000 2024","0","@Lusbowln @MVRRFX @kompascom trus solusi nya apa ? pendidikan gratis ? kan Gen Z ga suka gratisan . makan tu Kuliah mahal. Gaji semua negara hampir sama klo di bandingkan Cost living. gaji tinggi biaya hidup tinggi.","1792727636789391526","","Lusbowln","in","","0","3","0","https://x.com/Setengahgelas_2/status/1792727636789391526","1543188749810487301","Setengahgelas_2"
"1792714188701532381","Tue May 21 00:29:04 +0000 2024","2","Salah mulu nih ya gen z. Kalian pernah mikir gak kalo sekarang banyak loker dengan persyaratan tingkat dewa tp gaji kecil hr yang moody-an dan mannerless batas maks usia dll. Pdhl banyak gen z yang emang mau nyari pengalaman mau belajar tp kalian semua mana mau ngebahas itu.","1792714188701532381","","","in","(≧▽≦) 🔞🔞🔞","0","0","0","https://x.com/4milkeu/status/1792714188701532381","1308328205606989824","4milkeu"
"1792438393475076153","Mon May 20 23:59:26 +0000 2024","10","@el_sulfat Alasan knpa no 3 itu terjadi karena mereka melihat orang lain memiliki pekerjaan yg lebih ringan dengan gaji yg lebih tinggi sehingga mereka ngejar karir tsb. Gen z gamau diperbudak seperti orang dulu yg mau digaji rendah dengan effort lebih","1792706732558618867","","el_sulfat","in","","0","0","3","https://x.com/MrJhonn007/status/1792706732558618867","1479417625939636224","MrJhonn007"
"1792438393475076153","Mon May 20 23:57:06 +0000 2024","1","@el_sulfat Belakangan ini tim lg aktif cari jg kebanyakan anak gen z ya kurang lebih emg beneran begitu yg tbtb batalin ga ada kabar minta interview weekend minta gaji 2 digit dll lah ada aja gebrakannya buat bikin ketawa sambil heran. Ngga semua sih tp knp rata2 begitu ya","1792706143053287428","","el_sulfat","in","West Java, Indonesia","0","0","0","https://x.com/gitssr/status/1792706143053287428","290371098","gitssr"
"1792433117221044274","Mon May 20 23:52:20 +0000 2024","81","@akuratco Realita jobdesc overload gaji underpaid status kontrak senioritas dan dituntut jadi palugada. Temen millenial gw jg banyak kok yg nganggur yg kerjanya gk jelas gaptek juga ada. Trus yg ngerjain kerjaan dia siapa? Gen z yg msh honorer/magang yg dibilang gak bisa apa-apa itu.","1792704944761627022","","akuratco","in","Indonesia","0","1","16","https://x.com/nitabaladewa/status/1792704944761627022","375979442","nitabaladewa"
"1792438393475076153","Mon May 20 23:15:15 +0000 2024","76","@el_sulfat 4. Palugada without any appreciation 5. Micromanage seakan anak2 Gen Z gabisa apa apa 6. Temen gue anak acc hampir tiap hari pulang tengah malem ke Bogor gaji ya segitu aja oiya kan tetep yg salah Gen Z karna ngeluh mulu","1792695611126681956","","namelessginn","in","Bali, Indonesia","1","1","2","https://x.com/namelessginn/status/1792695611126681956","282860536","namelessginn"
"1792438393475076153","Mon May 20 20:36:07 +0000 2024","69","@el_sulfat gue Gen Z dan lagi bekerja. temen2 tim gue 90% Gen Z dan lucunya 10% yg non Gen Z lah yg kerjaannya gajelas. imbasnya kerjaan mereka menyusahkan kerjaan kami. oh belum lagi kantor ga ngasih value apa-apa. kita kerja palu gada. tapi gaji pas pasan. annual review kenaikan cuma 7%.","1792655565350641747","","el_sulfat","in","","0","2","2","https://x.com/august_usus/status/1792655565350641747","1307081168173625344","august_usus"
"1792606738514063590","Mon May 20 17:22:06 +0000 2024","1","asli baru aja kejadian kemarin perkara gaji maunya flat agak jauh diatas UMR udah deal eh tau2 cancel ngilang mana fresh graduate pdhl daftar posisi sales dia gk tau kalo berhasil jualan bisa dpt komisi yg bisa 3-4 kali UMR gk paham sm gen z mau jengkel tp kok pengen ketawa","1792606738514063590","","","in","Jakarta Capital Region","0","1","0","https://x.com/Lycanthroopee/status/1792606738514063590","1732955517591670784","Lycanthroopee"
"1792544717655458049","Mon May 20 13:15:39 +0000 2024","0","Perempuan gen Z skrang klo liat yg seumurannya)lebih tua yg menurut dia gaya nya fancy identik rambut bewarna pasti dibilang ani² (lont3) brti menurut lu dia cantik kerja dek punya gaji perawatan beli fashion stuff yg bagus jgn tiba² lu yg jd lont3.","1792544717655458049","","","in","Jakarta,Indonesia","0","0","0","https://x.com/dairylonewolf/status/1792544717655458049","231510452","dairylonewolf"
"1791823764625498365","Mon May 20 11:06:35 +0000 2024","0","@worksfess Gen Z khawatir g bisa berpenghasilan karena lowongan pekerjaan sulit dengan syarat yang rumit. Gini ya kalo mau saling untung ya saling bantu. Gmn genz mau bayar kalo g ada duit. Cari duit butuh kerja. Sekarang cari kerja susah. Kebutuhan makin mahal tp gaji msh segitu2 aja.","1792512237556683186","","worksfess","in","","0","0","0","https://x.com/leollena_b/status/1792512237556683186","2295681848","leollena_b"
"1792500245311668406","Mon May 20 10:18:56 +0000 2024","0","Tanggapan mamah dan ayah pas aku bilang gen Z itu gpp gaji kecil yg penting ngga kena mental illness ingin membuatku ngikik ","1792500245311668406","","","in","Malang","0","0","0","https://x.com/yulyethaah/status/1792500245311668406","1612431318","yulyethaah"
"1792497084173894119","Mon May 20 10:06:22 +0000 2024","1","contoh kelakuan Gen Z saat bekerja. Jabatan (+gaji) mau dinaikkan gak mau dgn alasan sudah pewe. Gak habis thinking. Team Gen Z ada pendapat gak nih? Team Milenial dan X ada saran apa? https://t.co/A27re80Y3e","1792497084173894119","https://pbs.twimg.com/ext_tw_video_thumb/1792495172137422848/pu/img/LNn_1bjxUVK06Upy.jpg","","in","","0","0","0","https://x.com/el_sulfat/status/1792497084173894119","125235427","el_sulfat"
"1792438393475076153","Mon May 20 08:58:38 +0000 2024","289","@el_sulfat gw lg hiring untuk karyawan barber ga cuma yg gen z bahkan yg usia 25++ banyak yg bgtu ga sopan pgenya lgsg gaji gede tp skill pengalaman gak mendukung pgen nya banyak libur. menurut gw ini kayanya efek instan dari kebiasaan liat lifestyle orang kaya di sosmed","1792480038564343958","","el_sulfat","in","indonesia","4","10","34","https://x.com/bagspakbagspak/status/1792480038564343958","91568635","bagspakbagspak"
"1792462250294538412","Mon May 20 07:51:51 +0000 2024","1","@memefess Coba ada yang bocorin gaji pegawai Telkomsel auto sumpah serapah yang keluar. ","1792463232676028465","","memefess","in","Jakarta Capital Region, Indone","0","0","1","https://x.com/GenZCoy/status/1792463232676028465","1344764728619409408","GenZCoy"
"1792225668341874698","Mon May 20 07:44:25 +0000 2024","0","@fauzanmuhajir Mungkin ini salah 1 alasan gen Z ga mau gaji kecil","1792461363182506089","","fauzanmuhajir","in","home","0","0","0","https://x.com/nomadcircle/status/1792461363182506089","353531730","nomadcircle"
"1792374413608042866","Mon May 20 01:58:55 +0000 2024","0","Yg di luar ga mau balik karna gaji umr lah anjeng gen z kntl","1792374413608042866","","","in","Bekasi, Jawa Barat","0","0","0","https://x.com/rivanchan/status/1792374413608042866","78507855","rivanchan"
"1791849767896859080","Sun May 19 14:09:26 +0000 2024","0","@waTialiffaTun Aku tau tuh PT ga punya gaji https://t.co/chQFAOasXz gen z emng kurang rasa terima kasihnya","1792195867501527415","","waTialiffaTun","in","Jakarta Barat, DKI Jakarta","0","0","0","https://x.com/PutraSaimi94029/status/1792195867501527415","1696907338668789760","PutraSaimi94029"
"1791761592117530650","Sun May 19 04:43:30 +0000 2024","0","@timpenguinnas 10 jt gen z nganggur Kaget lulusan S2 s3 sedikit Tapi Pendidikan tinggi tersier Tapi Mau daftar jadi PNS minimal s1 Tapi Gaji guru ampas Bacot doang","1792053444800582077","","timpenguinnas","in","","0","0","0","https://x.com/PolCooNaiGulf/status/1792053444800582077","1374384406337482755","PolCooNaiGulf"
"1791820598068551976","Sun May 19 03:16:08 +0000 2024","0","@RagilSemar 1. Pinjol itu ranahnya pribadi emang kebutuhan si peminjam 2. Gen Z banyak yang nganggur karna terlalu banyak persyaratan ga masuk akal dari perusahaan juga ekpektasi gaji yg berlebihan","1792031457747317032","","RagilSemar","in","","0","0","0","https://x.com/itzare27/status/1792031457747317032","1539928431865245696","itzare27"
"1791665621819953158","Sun May 19 02:27:52 +0000 2024","1","@investorgabut Temen gw beberapa gen Z padahal gaji mereka di umur segitu lebih gede dari gw waktu itu. Jadi berbekal masa2 yg udah gw lewati gw banyak share ke mereka soal investment. Dan gak lupa menyentuh soal iman karena keberhasilan juga ada faktor dari Tuhan.","1792019309394563506","","investorgabut","in","ÜT: -7.2661505,112.7666694","0","0","0","https://x.com/akbarananda/status/1792019309394563506","74931792","akbarananda"
"1791479486766293133","Sun May 19 00:23:12 +0000 2024","6","@worksfess Tantangan memang yg kulihat Gen Z pengen kl kerja lsg gaji gede dan work life balance. Salah? Ya ga juga kan boleh2 aja nuntut haknya. Di sisi perusahaan pengen hire profesional dg skill macem2 tp upah rendah. Tp ya mereka berpikirnya profit apalagi era skr kan ekonomi lg","1791987938290794719","","worksfess","in","Sleman, DIY","0","0","3","https://x.com/FandomID_/status/1791987938290794719","1175357460468490251","FandomID_"
"1791898692792078410","Sat May 18 18:28:34 +0000 2024","0","emang bener ini gatau kenapa suka kesel kalo ada gen z yang ngeluh dapet gaji UMR (doang) mrk bilangnya. mksd gue as a fresh grad itu gpp bgt tau. under umr kalo masi make sense dan cukup jg menurut gue gpp bgt. at least we try dan ga diem aja gt loh","1791898692792078410","","","in","Indonesia","0","2","0","https://x.com/yaelahte/status/1791898692792078410","1724809112205266944","yaelahte"
"1791496386497978615","Sat May 18 18:20:51 +0000 2024","0","@kegblgnunfaedh mikir ga si udah lapangan kerja sempit kriterianya tingkat dewa tapi gaji miris. padahal gen z rata² kuliah ya ga sesuai lah dengan ilmu yg di dapet. nyalahin gen z mulu tai wkwk","1791896750162354456","","kegblgnunfaedh","in","","0","0","0","https://x.com/jootsuke/status/1791896750162354456","1641045593664688130","jootsuke"
"1791496386497978615","Sat May 18 15:51:04 +0000 2024","0","@kegblgnunfaedh Lapangan kerja non profesi itu BANYAK Gen Z aja yang pemilih pengen kerja ringan gaji besar ga mau melalui proses maunya instan. sekalinya kerja banyak ngeluh etos kerja buruk di bentak dikit langsung letoy kaya krupuk seblak.","1791859056652755362","","kegblgnunfaedh","in","","0","0","0","https://x.com/kholikekstrada/status/1791859056652755362","262982595","kholikekstrada"
"1791496386497978615","Sat May 18 15:45:39 +0000 2024","2","@koskosangalau @kegblgnunfaedh Gen Z disuruh kerja banyak ngeluh tapi pengen gaji gede ga bisa menikmati proses maunya instan syarat kerja mudah sekarepe dewek syarat kerja berkualitas pada protes","1791857693185204570","","txtcatatanhitam","in","","0","0","0","https://x.com/kholikekstrada/status/1791857693185204570","262982595","kholikekstrada"
"1791644656159306033","Sat May 18 09:21:26 +0000 2024","2","@aik_arif lowongan pekerjaan butuh certain level of education tapi biaya pendidikan mahal kerjaan gk sebanding sama gaji biaya ke psikiater mahal + stigma mental health masih jelek disini fuckass goverment syarat batasan usia (did you know usia tertua gen z itu 27th).","1791761001324675376","","aik_arif","in","not here","0","0","0","https://x.com/DufanNarukami_/status/1791761001324675376","963006884918652928","DufanNarukami_"
"1791689295314538614","Sat May 18 04:36:30 +0000 2024","8","KEBALIK! Gw kenal gen Z. Mereka ngerti jomplangnya harga pendidikan sulitnya dapet kerja dgn gaji yg sepadan dan mereka limbung krn ini shgg pada lari ke game online atau jadi content creator. Kesalahannya struktural dan terletak di pemerintahan. Jgn digaslight!","1791689295314538614","","","in","Palestine will be free","0","0","7","https://x.com/trickymindful/status/1791689295314538614","62229279","trickymindful"
"1791473975643779453","Sat May 18 04:12:30 +0000 2024","2","@LexWu_13 Jauh2 ke Gen z jutaan org kocar kacir kerja jd TKI BMI di luar udah sejak dulu Pemerintah tdk mampu membuka lapangan kerja atau paling tidak memudahkan swasta biar membuka lapangan pekerjaan.... Rata2 dari daerah yg PAD rendah APBD nya malah utk penyusutan gaji + operasional","1791683253298196846","","LexWu_13","in","","0","0","0","https://x.com/vernandozz/status/1791683253298196846","138631288","vernandozz"
"1791642953397797047","Sat May 18 01:32:21 +0000 2024","0","UKT MAHAL gen z salah CARI KERJA SULIT gen z salah GAJI UMR MENTOK gen z salah GEN Z MENGELUH Millenials n babybomers menyalahkan gen z. Tamat","1791642953397797047","","","in","Indonesia","0","0","0","https://x.com/Prassmf_/status/1791642953397797047","1156171431241064450","Prassmf_"
"1791479486766293133","Sat May 18 00:58:47 +0000 2024","1","@yaudahlahyang @worksfess ini bener banget sih sejauh yg aku liat beberapa gen z tuh pada maunya yg work life balance dengan gaji 2 digit semua orang yang kerja tuh ya awalnya dari bawah semua gada yang loncat langsung enak gitu dapat kerjanya ya minimal rasain agak gila pas kerja lah","1791634504731209803","","yaudahlahyang","in","","0","1","0","https://x.com/pinkinseyo/status/1791634504731209803","109839128","pinkinseyo"
"1791496386497978615","Fri May 17 23:12:42 +0000 2024","9","@kegblgnunfaedh Sedikit pengalaman saat memperkerjakan gen Z 1. Takut ngomong sama orang 2. Takut dimarahin orang 3. Sudah dikasih pengarahan dan sop yang jelas tapi tetep aja gk bisa krn alesannya aku inj orangnya introvert 4. Butuh healing 5. Butuh aelf rewars 6. Nuntut gaji gede","1791607806874857650","","kegblgnunfaedh","in","","0","6","1","https://x.com/efun1999/status/1791607806874857650","2399819486","efun1999"
"1791496386497978615","Fri May 17 18:11:34 +0000 2024","0","@kegblgnunfaedh Sekolah dibilang ga passion kerja ngeluh gaji punya temen dibilang toxic punya pacar dibilang love bombing punya keluarga dibilang strict parents dikasih tau bebal ada gesekan dikit bilangnya ada trauma. TAU GAK 1 INDONESIA TRAUMA PUNYA GEN Z MAKANYA PADA SEBEL","1791532025524162768","","kegblgnunfaedh","in","YK","0","0","0","https://x.com/Van73X/status/1791532025524162768","1606234347753046016","Van73X"
"1791518085549297895","Fri May 17 17:16:14 +0000 2024","0","kalau sifat gen z yang maunya gaji diatas umk yang ditetapkan memang banyak dan itu teman saya saya 2024 terjun taxi online liat dilapangan juga yang banyak ngeluh yang tua2 kepala 3 dan 4 saya berangan narik jam 5 pagi pulang jam 8 malem","1791518098027434470","","eighxtyone","in","Kota Surabaya, Jawa Timur","0","1","0","https://x.com/eighxtyone/status/1791518098027434470","1156094291032203264","eighxtyone"
"1791404245469798700","Fri May 17 15:10:41 +0000 2024","0","@itsquaileggs Gen z itu dari sekolah biasa enak.. ga pernah masuk.. ga bisa baca.. nakal.. tetep nilai di atas kkm dan lulus (80-90).. hidup enak ga da beban un/belajar.. kerja favoritenya jadi kang parkir liar ( gaji gede + santai)..sekalinya jadi buruh yang gajinya cuma 8-15jt yah mana mau","1791486502914203835","","itsquaileggs","in","","0","0","0","https://x.com/prasetyasuputra/status/1791486502914203835","1774783596982857728","prasetyasuputra"
"1791475890226119090","Fri May 17 14:40:21 +0000 2024","0","@worksfess tenang pak gak bakal jeblok saya gen z kerja lho gaji umr","1791478870870475014","","worksfess","in","","0","0","0","https://x.com/inianggrai/status/1791478870870475014","747798327048044544","inianggrai"
"1791466976331935771","Fri May 17 13:53:05 +0000 2024","0","saya sudah beberapa kali diskusi bahaya laten dunia konten kreator. bagaimana tidak lulusan kampus teknologi informasi gaji umr. konten kreator yang tak lulus sma bisa dapat ratusan juta per bulan. akibatnya gen Z males sekolah (berpikir). apalagi baca buku.","1791466976331935771","","","in","berhenti di kamu (?)","1","0","0","https://x.com/dwipayuda/status/1791466976331935771","153628179","dwipayuda"
"1791400898939568359","Fri May 17 11:58:37 +0000 2024","0","@ARSIPAJA sya kasih solusi Pak harusnya yg 10 jt itu diserap jadi ASN nya kemenkeu. si Gen Z punya gaji terus pendapatan pajaknya ngga jeblok","1791438170409799912","","ARSIPAJA","in","pesugihan online","0","0","0","https://x.com/dedol_dz/status/1791438170409799912","1472899509206208512","dedol_dz"
"1791407699013611659","Fri May 17 09:57:32 +0000 2024","0","Santo Suruh: Sebenernya pekerjaan banyak asal mau gak gengsi jangan terlalu milih2. Gen Z: sampe skrg belum kerja krn lapangan pekerjaan gak ada. Pnh melamar kerja minta gaji 10 juta gak dikasi.","1791407699013611659","","","in","","0","0","0","https://x.com/el_sulfat/status/1791407699013611659","125235427","el_sulfat"
"1791133222732181993","Fri May 17 07:52:15 +0000 2024","23","@geloraco Mau kerjaa ngapain nyari kerja aja susah banyak prusahaan gulung tikar Bukan gen z nya yg gk mau kerja Lapangan pekerjaannya ada kagak ?? Walaupun dah ada gaji nya sesuai kgak ??","1791376167188259263","","geloraco","in","","0","0","1","https://x.com/oreo_biskuitz/status/1791376167188259263","1652183115752943617","oreo_biskuitz"
"1791351716337897924","Fri May 17 06:15:05 +0000 2024","15","Jadi Gen Z dan Millennial muda tuh serba apes. Udah gaji pas-pasan biaya hidup semakin mahal terus disalahin ga pernah akan bisa punya rumah karena keseringan jajan es kopi susu. Ih padahal bukan itu akar masalahnya!","1791351716337897924","","","in","ikutan giveaway 👉","0","1","3","https://x.com/jurno_id/status/1791351716337897924","1278195993796698112","jurno_id"
"1791055048832942587","Thu May 16 10:36:14 +0000 2024","2","Gue akan setuju students loan kalau setelah lulus dijamin dapet kerjaan gaji min. 10jt. Gausah ribut Gen Z minta gaji gede emang siapa yang mo bayar utangnya kalo gaji mepet UMR?","1791055048832942587","","","in","","0","1","1","https://x.com/antropolohis/status/1791055048832942587","97671645","antropolohis"
"1790919876527464892","Thu May 16 01:39:06 +0000 2024","0","- Sebagian Gen Z di kantor itu problematik / playing victim - WFA lebih baik dari WFO krn untuk efisiensi waktu kerja dan waktu lainnya - Sebagian pekerja ada yg makan gaji buta - Dll","1790919876527464892","","","in","Galaxy Nebula M78 ","0","0","0","https://x.com/axelovers125/status/1790919876527464892","1249232872902291459","axelovers125"
"1790905302403223707","Thu May 16 00:41:12 +0000 2024","1","menunggu teman2ku yg baik dan sukses itu mjd capres/cagub next periode yh agar supaya gaji min 10 mio AAMIIN ((re:inilah waktumu gen z)) https://t.co/SodjvDITzP","1790905302403223707","https://pbs.twimg.com/media/GNqS4cBaEAAM_08.jpg","","in","","0","0","0","https://x.com/_951230k/status/1790905302403223707","230108950","_951230k"
"1790717985398886532","Wed May 15 23:08:38 +0000 2024","5","@Strategi_Bisnis Yang miris itu justru Gen Z yg sudah kuliah mahal-mahal pas nyari kerja pakai Ijazah SMA dg gaji kecil Kok Pakai Ijazah SMA? Mereka jawab ; Bersaing dengan ijazah Sarjana syulit nyari kerja ","1790882010627715286","","Strategi_Bisnis","in","indonesia","0","0","2","https://x.com/harjonoabi/status/1790882010627715286","231327294","harjonoabi"
"1790753797784088832","Wed May 15 14:39:10 +0000 2024","0","Tapi dengan gaji dan fasilitas setinggi itu. Itu kerjaan impian gen Z sekarang. Clingak-clinguk bayaran.","1790753797784088832","","","in","Jawa Tengah, Indonesia","0","0","0","https://x.com/dimassuryo/status/1790753797784088832","48627340","dimassuryo"
"1790568312273076555","Wed May 15 03:19:24 +0000 2024","0","@orenjiket kebiasaan gen z mungkin .gak semua genz tapi hampir semua gen z.kalu bisa lgsg up gaji 2 digit gak mau cape cape dg proses","1790582729211593072","","orenjiket","in","","0","2","0","https://x.com/doncrypt1/status/1790582729211593072","1453930469779595271","doncrypt1"
"1790234290300862717","Tue May 14 04:14:50 +0000 2024","0","kalau ada gen z yang punya mental minimum effort dikantor dan hanya nunggu gaji yang rugi pasti gen Z itu sendiri. Banyak kantor skrg mencoba adaptasi untuk seopen akomodatif dan objektif itu kpd Gen Z dan kalau Gen Z sia2kan pasti ketinggalannn kereta..","1790234290300862717","","","in","indonesia-bintaro","0","0","0","https://x.com/nainggolanjo/status/1790234290300862717","708676484","nainggolanjo"
"1789486312019685854","Mon May 13 14:46:17 +0000 2024","0","@worksfess Info loker yg FG Gen Z bisa dpt gaji segitu https://t.co/PkDCkIoC31","1790030812781387890","","worksfess","in","Seoul, Republic of Korea","0","2","0","https://x.com/picutsss/status/1790030812781387890","1477689979400699904","picutsss"
"1790005589344403867","Mon May 13 13:06:03 +0000 2024","54","Millenials Gen Z Episode perdana podcast Generation Gap ngobrolin offering gaji fresh graduate yang gak masuk akal! Langsung dengerin cerita @roulihutahaean bareng @nadilawantari_ ini yaa: https://t.co/BGQE8ZO5M8 https://t.co/GteRs3oHnA","1790005589344403867","https://pbs.twimg.com/media/GNdglrRawAAk6za.jpg","","in","Indonesia","0","2","13","https://x.com/Box2boxID/status/1790005589344403867","939835083745255425","Box2boxID"
"1789809197800206366","Mon May 13 00:05:40 +0000 2024","1","gue bukan gen z tp kalo udh di luar kantor udh ga bisa dihubungi wkwk. klo mau gue ladenin di luar jam kantor gaji dlu 10 milyar.","1789809197800206366","","","in","","0","0","0","https://x.com/rubyroe_/status/1789809197800206366","1228469795382689793","rubyroe_"
"1789636449845035465","Sun May 12 16:45:06 +0000 2024","0","@topglobaledith @timothyronald22 Ya betul gaji 2 digit baru kebeli klu gen z paling mentok fresh graduated minimal pengalaman salary hanya UMR","1789698327459905664","","ElliotAalderson","in","","0","1","0","https://x.com/itzullll/status/1789698327459905664","1474389921196494848","itzullll"
"1789470602933555664","Sun May 12 01:40:13 +0000 2024","0","ga mau sama ratain kerja bareng gen z itu ga enak. tapi sepengalaman ku kerja bareng gen z emang ga enak sih wkwk. baperan banyak drama maunya kerja yg enak tapi gaji gede dapet hal yang susah dikit langsung ngeluh. hadehhhh mentalnya kurang digembleng.","1789470602933555664","","","in","Yogyakarta, Indonesia","0","1","0","https://x.com/nunahwansst/status/1789470602933555664","451883185","nunahwansst"
"1789442440342212858","Sat May 11 23:48:18 +0000 2024","0","Buat anak Gen Z kumpulkan uang sebanyak2nya hemat apapun yg bisa dihemat dan cari penghasilan tambahan diluar gaji. Jadilah karyawan dgn tampang paling kucel menu makan siang paling pelit dan outfit paling gembel di kantor. Trust me in 10 years you'll be proud of yourself.","1789442440342212858","","","in","","0","0","0","https://x.com/sopijooo/status/1789442440342212858","1784946946836180992","sopijooo"
"1789314202563494105","Sat May 11 15:18:44 +0000 2024","0","Di kantor gua sebelumnya kaya gini bahkan mantan bos pernah bilang yang tua biasanya kolot emang mayang nyaman setim sama yang tua dia anjir malah yg kolot! Bilang aja lu gamau kasih gaji yang tinggi! Maunya anak gen z lu kasih 2jt tapi udah seenak jidat nyuruh sana sini","1789314202563494105","","","in","DKI Jakarta, Indonesia","0","0","0","https://x.com/dlwlrma__Xborg/status/1789314202563494105","1262861847616606208","dlwlrma__Xborg"
"1788134812924166369","Wed May 08 09:12:15 +0000 2024","2","Gen- Z perlu mempersiapkan dengan segala keperluan pasaran kerja. Landskap pekerjaan memberi tekanan terutamanya isu gaji rendah dan keperluan kemahiran insaniah yang menjadi kayu ukur pengambilan pekerjaan. #JournExpose #DigitalJournalism #JRN500 #gajirendah @JRN500 https://t.co/f0WHyedFrZ","1788134812924166369","https://pbs.twimg.com/media/GNC7Hk2a8AA11lw.jpg","","in","","0","0","1","https://x.com/Mardelinaisme/status/1788134812924166369","1240564720651784194","Mardelinaisme"
"1788085619174060086","Wed May 08 05:56:47 +0000 2024","1","Gen Z susah beli rumah dibilang boros. Eh ada yg punya rumah dari uang pajak gaji Gen Z juga ","1788085619174060086","","","in","Tangerang, Banten","0","0","0","https://x.com/ajeng_ol/status/1788085619174060086","407562673","ajeng_ol"
"1787823482161787075","Tue May 07 12:35:08 +0000 2024","1","#ICYMI Milenial Gen Z lebih berani minta gaji tinggi Golongan itu juga tidak mahu kerja terlalu lama tidak takut dengan idea quiet quitting. https://t.co/pmauGEst0o","1787823482161787075","","","in","Malaysia","0","0","0","https://x.com/SinarOnline/status/1787823482161787075","331383958","SinarOnline"
"1787751259031896161","Tue May 07 07:48:09 +0000 2024","5","letak iklan jawatan kosong di facebook patut lah tak ramai yang mohon sebab lupa yang gen Z ramai berkumpul di X. sebenarnya kita ada satu jawatan kosong bahagian sales untuk di isi. gaji yang kita offer monthly RM2500 + commission.","1787751259031896161","","","in","Equine Park, Seri Kembangan.","0","1","0","https://x.com/izztrzl_/status/1787751259031896161","759315636610662400","izztrzl_"
"1787711124940759305","Tue May 07 05:08:40 +0000 2024","1","baru saja mengetahui gaya hidup anak gen Z agak miris sih gaji yang mostly UMR yah bisa sih di 5-6jt tapi buat jajan aja 4 juta sepertinya buat living cost gk di itung krna bareng sm ortu cm yaa sayang aja gilak hampir 80% gaji buat life style Dah parahnya bayar pake paylater","1787711124940759305","","","in","","0","0","0","https://x.com/hayretno/status/1787711124940759305","492933100","hayretno"
"1787651402912903252","Tue May 07 01:11:22 +0000 2024","0","Milenial Gen Z lebih berani minta gaji tinggi Golongan itu juga tidak mahu kerja terlalu lama tidak takut dengan idea quiet quitting. #SinarHarian #Milenial #GenZ #mahugajitinggi https://t.co/VE1dnVNEBt","1787651402912903252","","","in","Malaysia","0","0","0","https://x.com/SinarOnline/status/1787651402912903252","331383958","SinarOnline"
"1787098177755308411","Sun May 05 12:33:02 +0000 2024","258","sebagai gen Z yang barusan ngerantau aku jadi ada impian baru: punya rumah yg nyaman. biar punya space luas buat hobi privasi lebih terjaga &amp; ngerasa lebih aman untuk jangka panjangnya makanya tiap bulan aku usahain buat nabung min 25% dr gaji kadang sampe 60-70% income.","1787098177755308411","","","in","","3","1","33","https://x.com/elisabetguwanto/status/1787098177755308411","1227757053000601601","elisabetguwanto"
"1786964768076771809","Sun May 05 08:49:36 +0000 2024","0","@gastronusa Setuju sekali tidak semua tapi banyak Gen Z yg suka mengeluh dan tidak tahan banting . Dan gak heran utk masalah ini karena moral kerja keras sopan santun dan etika mereka di rusak ama gadget . Merka mau nya kerja nyantai gaji gede dan tidak mau kerja keras .","1787041946596442356","","gastronusa","in","","0","0","0","https://x.com/alice_emvy/status/1787041946596442356","1544945584725176321","alice_emvy"
"1786983378518175765","Sun May 05 04:56:52 +0000 2024","0","Buat anak Gen Z kumpulkan uang sebanyak2nya hemat apapun yg bisa dihemat dan cari penghasilan tambahan diluar gaji. Jadilah karyawan dgn tampang paling kucel menu makan siang paling pelit dan outfit paling gembel di kantor. Trust me in 10 years lo tetep gembel","1786983378518175765","","","in","","0","0","0","https://x.com/sebertarius/status/1786983378518175765","1916624515","sebertarius"
"1786977888308523346","Sun May 05 04:35:03 +0000 2024","1","Kalo mau tau kenapa Industri Aviasi gak maju ya check aja gaji engineernya wkwk lebih mahal tukang roti dengan millenial dan gen z sekarang no wonder kerja paling banter 2 tahun abis itu ya jadi abdi Mister aja ","1786977888308523346","","","in","","0","0","0","https://x.com/uphanjoel/status/1786977888308523346","1362809063650721793","uphanjoel"
"1786962275913605394","Sun May 05 03:33:01 +0000 2024","0","Buat anak Gen Z kumpulkan uang sebanyak2nya hemat apapun yg bisa dihemat dan cari penghasilan tambahan diluar gaji. Jadilah karyawan dgn tampang paling kucel menu makan siang paling pelit dan outfit paling gembel di kantor. Trust me in 10 years you'll be older and..","1786962275913605394","","","in","Kamar","0","0","0","https://x.com/juple_6/status/1786962275913605394","2401170608","juple_6"
"1786943726419632202","Sun May 05 02:19:18 +0000 2024","0","Buat anak Gen Z kumpulkan uang sebanyak2nya hemat apapun yg bisa dihemat dan cari penghasilan tambahan diluar gaji. Jadilah karyawan dgn tampang paling kucel menu makan siang paling pelit dan outfit paling gembel di kantor. Trust me in 10 years you'll die.","1786943726419632202","","","in","Es be ye","0","1","0","https://x.com/andree_enyadua/status/1786943726419632202","1505203487902093313","andree_enyadua"
"1786930854687908181","Sun May 05 01:28:09 +0000 2024","3","Buat anak Gen Z kumpulkan uang sebanyak2nya hemat apapun yg bisa dihemat dan cari penghasilan tambahan diluar gaji. Jadilah karyawan dgn tampang paling kucel menu makan siang paling pelit dan outfit paling gembel di kantor. Trust me in 10 years you'll be proud of yourself.","1786930854687908181","","","in","","0","0","0","https://x.com/iyamrenzia/status/1786930854687908181","48375865","iyamrenzia"
"1786927247632593134","Sun May 05 01:13:49 +0000 2024","0","Buat anak Gen Z kumpulkan uang sebanyak2nya hemat apapun yg bisa dihemat dan cari penghasilan tambahan diluar gaji. Jadilah karyawan dgn tampang paling kucel menu makan siang paling pelit dan outfit paling gembel di kantor. Trust me in 10 years kiamat","1786927247632593134","","","in","location anon","0","0","0","https://x.com/yuliatajagih/status/1786927247632593134","1586675011","yuliatajagih"
"1786833446054297840","Sat May 04 19:01:05 +0000 2024","0","Buat anak Gen Z kumpulkan uang sebanyak2nya hemat apapun yg bisa dihemat dan cari penghasilan tambahan diluar gaji pokok. Jadilah karyawan dgn tampang plg kucel menu makan siang paling pelit dan outfit paling gembel di kantor. Trust me deh in ten years you'll be older and","1786833446054297840","","","in","di bawah telapak kaki ibu","0","0","1","https://x.com/maulekcah/status/1786833446054297840","23188117","maulekcah"
"1785972667058934247","Thu May 02 10:12:18 +0000 2024","2","@ipb_menfess ya monopoli properti udah bikin kita (gen z) susah banget punya rumah. harusnya dengan gaji umr kita udah bisa ngeprovide segala kebutuhan seperti sandang pangan papan tapi ya nyatanya ngga akan gara-gara kelas atas yang monopoli properti dan juga lahan yang udh abis (di jawa)","1785975593814904956","","ipb_menfess","in","","0","0","0","https://x.com/notsosadboi/status/1785975593814904956","1134893253541617664","notsosadboi"
"1785870650793726120","Thu May 02 03:15:19 +0000 2024","1","Nahh berikut faktor faktor yang membuat Gen Z Resign dari tempat kerja nya. 'Of course bukan hanya tentang gaji tapi seperti yang kalian tau Gen Z itu melek dengan yang namanya Mental Health https://t.co/D9BgZ6ZBso","1785870659131974016","https://pbs.twimg.com/media/GMium8ea8AAYLFd.jpg","HrKelas","in","","0","1","0","https://x.com/HrKelas/status/1785870659131974016","1565947782241759232","HrKelas"
"1785614616330182897","Wed May 01 10:17:54 +0000 2024","1","Dunia tak betul purata harga rumah di KL RM 700 000 tapi purata gaji baru RM 3 500/month and RM42 000/year in KL crazy to think Gen Z takkan ada rumah","1785614616330182897","","","in","Malaysia","0","1","0","https://x.com/FrezAjiz/status/1785614616330182897","876091297664126976","FrezAjiz"
"1785502469486952516","Wed May 01 02:52:16 +0000 2024","11","Ini lumayan lho ada pembuka dan apa yang ingin dia lakukan tu jelas cuma ga rapih aja. Banyak yang lebih parah banyak. Tapi jangan sedih bukan cuma gen z kok. 10 taonan lalu ada aja manager BD gaji 30-40 jutaan tapi ga bisa bikin email ","1785502469486952516","","","in","the big durian","1","1","5","https://x.com/sicupuh/status/1785502469486952516","70292309","sicupuh"
"1785296592482034058","Tue Apr 30 13:14:11 +0000 2024","0","Jadi Gen Z tuh repot ya. Kerja totalitas dibayarnya seikhlasnya. Kerja sesuai sama bayaran dikritik katanya nggak punya inisiatif padahal masih muda. Makanya lu lu pada kalo pengen punya karyawan yang totalitas Kerja punya inisiatif bayar gaji yang bener anjerr.","1785296592482034058","","","in","Ujung Sumatera, Indonesia","0","0","0","https://x.com/iniaesha/status/1785296592482034058","1282577444663222274","iniaesha"
"1785252624843116648","Tue Apr 30 10:19:28 +0000 2024","0","To attract overseas workers people. Kek anak2 gen Z ga layak jadi pekerja di negerinya sendiri shg pada kabur ke LN jadi pekerja kasar yg digaji setara dgn gaji supervisor/manager kl di indonesia? Duh kasian ponakan2 gw ","1785252624843116648","","","in","","0","0","0","https://x.com/Bl3ss3dSoul/status/1785252624843116648","113093830","Bl3ss3dSoul"
"1785183344676004038","Tue Apr 30 05:44:11 +0000 2024","0","Kata bu manager hari ini anak gen z skrg kerja cuma buat flexing healing sm glowing gabutuh rumah gabutuh makan Maaf bu ga ada yg bisa di flexingin gaji juga umr","1785183344676004038","","","in","SOC","0","0","0","https://x.com/anggitatj/status/1785183344676004038","1305495148344737792","anggitatj"
"1785174158856618334","Tue Apr 30 05:08:49 +0000 2024","0","Gen z kepo bgt sm gaji &amp; bonus org hidup lu aja ga gue kepoin njir..bs hidup aja udah sukur","1785174447173120272","","darlinggrid","in","Lives in KEPOland country","0","0","0","https://x.com/darlinggrid/status/1785174447173120272","31963991","darlinggrid"
"1785145318616743999","Tue Apr 30 03:13:05 +0000 2024","29","Dari hasil survei The Institute of Chartered Accountants in England and Wales (ICAEW) 54% Gen Z sadar penting banget buat punya sertifikasi profesi buat bidang akuntansi Ini dia 8 jenis sertifikasi profesional bidang Akuntansi &amp; Finance yang bikin karir &amp; gaji kamu melejit https://t.co/1IcSHfZNi6","1785145318616743999","https://pbs.twimg.com/media/GMYcMvbawAAhWnP.jpg","","in","","2","1","7","https://x.com/myskill_id/status/1785145318616743999","1299606533764837383","myskill_id"
"1785005707743650026","Mon Apr 29 17:58:19 +0000 2024","0","Pasti akan ada balesannya. Minimal ilmu gak bermanfaat susah tolol Minus adab . Gini ya klakuan Gen Z. Entar di disiplinin guru eh malah gurunya yang kenak pidana udh gaji cuma 200rb. Gini amat yg katannya negara beradap jauh banget 380° #rusak #minusmoral https://t.co/DO1bPazcKH","1785005707743650026","https://pbs.twimg.com/ext_tw_video_thumb/1785004488224595970/pu/img/dLPV489RM979NXEW.jpg","","in","Jombang, Indonesia","0","0","0","https://x.com/kedairembukan/status/1785005707743650026","237736491","kedairembukan"
"1784873644281286953","Mon Apr 29 09:13:32 +0000 2024","0","salut bgt sm gen z jaman skg gaji dibawh 3 bisa berani ambil cicilan motor 1.5 jt","1784873644281286953","","","in","","0","0","0","https://x.com/wachitoorico_/status/1784873644281286953","1249294086089007104","wachitoorico_"
"1784863128246731015","Mon Apr 29 08:55:17 +0000 2024","0","@kcggendut99 @worksfess trs dikit2 dianggal toxic gtu2 deh makanya mereka males rekrut gen z apalagi fresh grad walaupun masala gaji bisa bgt di nego murah katanya yauda dri situ jg aku ga keterima alasannya karena aku freshgrad dan aku gen z pdhl blom coba kerja tp udh dikatain mental tempe","1784869051879293191","","moonlightmoney_","in","Bekasi, Jawa Barat","0","1","0","https://x.com/moonlightmoney_/status/1784869051879293191","1763991402814504960","moonlightmoney_"
"1784068461322494066","Mon Apr 29 01:48:20 +0000 2024","0","@madHink @beacukaiRI @DitjenPajakRI Spill dong gaji dan tukinnya. ","1784761606045589532","","madHink","in","Jakarta Capital Region, Indone","0","0","0","https://x.com/GenZCoy/status/1784761606045589532","1344764728619409408","GenZCoy"
"1784599534620016728","Sun Apr 28 15:04:19 +0000 2024","0","Untukmu kaum milenial dan gen z memang banyak shortcut untuk bisa dapat pendapatan jauh di atas gaji dan dengan tetap menggunakan cara legal (alias mendapat personal gain dgn instan). So just milk it while it lasts ","1784599534620016728","","","in","Gray Terminal","0","0","0","https://x.com/thernnal/status/1784599534620016728","46353908","thernnal"
"1784013493475455147","Sat Apr 27 06:40:31 +0000 2024","0","@tanyakanrl Oiya sekarang jamannya perusahaan lebih pilih banyakin harian lepas karena apa? Undang2 yang baru. Gimana ya jelasinnya? Di tambah sekarang gen Z yang mulai banyak masuk dunia kerja yang capek dikit ngeluh kerjaan nambah dikit minta naik gaji. Maaf bgt tapi ini realita","1784110359437275416","","kokbisagitwo","in","Jawa Tengah, Indonesia","0","0","0","https://x.com/kokbisagitwo/status/1784110359437275416","1265111032814542853","kokbisagitwo"
"1783715771602129056","Fri Apr 26 04:32:34 +0000 2024","0","Buat kamu Millennials dan Gen Z yang menemukan akun ini Miniv mau ucapin congrats! Karena kamu punya cukup waktu untuk betulin keuangan kamu ke jalan yang benar. Swipe untuk simak tipsnya! #Keuangan #Finansial #Budgeting #Gaji #SehatFinansial #FinansialCheckUp https://t.co/B1bGmqdBOP","1783715771602129056","https://pbs.twimg.com/media/GMEICkda8AAB1Pu.jpg","","in","","0","0","0","https://x.com/invlinic/status/1783715771602129056","1775428358874255360","invlinic"
"1783557853640552790","Thu Apr 25 18:05:03 +0000 2024","0","Cari kerja susah kebutuhan makin mahal banyaknya minim gaji (dibawah UMR) generasi gen 'Z' tantangan hidupnya ko susah beut dah !","1783557853640552790","","","in","","0","0","0","https://x.com/rikiwijaya115/status/1783557853640552790","1781343681825648640","rikiwijaya115"
"1782619274198311161","Tue Apr 23 09:18:22 +0000 2024","17","@fmtoday pastu gaji 2.1k hahahahaha pastu bila employee burnt out kata gen z lemah LAHHH","1782700534107168918","","fmtoday","in","johor bahru","0","0","4","https://x.com/crpsdy/status/1782700534107168918","804115405358776320","crpsdy"
"1782674922780942473","Tue Apr 23 07:36:36 +0000 2024","1","panas nya harini. tau takpe. sebab tu m*za duduk je kat sini. *me in my heart* Ekau tuuu gaji lagi tinggi tau takkk?! patut nya kau yg kena kerja lebih. kena banyak jalan. eeei dasar berat montot! dasar gen z!","1782674922780942473","","","in","","0","0","0","https://x.com/sofiaja26361611/status/1782674922780942473","1010501578648793090","sofiaja26361611"
"1782339989470375995","Mon Apr 22 09:25:42 +0000 2024","0","Ketahanan konten gen z lagi lagi soal rumah. Ngontrak terus sampe pensiun karena biaya lebih murah udah tua bingung mau tinggal dimana mau ngontrak udah ga punya gaji bulanan. i learned a lot from orang2 dulu. Kalo ga punya warisan tempat tinggal dari ortu mending beli dah.","1782339989470375995","","","in","Nomaden","0","1","0","https://x.com/gdrmwn/status/1782339989470375995","76270426","gdrmwn"
"1781676647567204474","Sun Apr 21 09:14:47 +0000 2024","1","@heunoras 1st..kenapa nak suruh gov naikkan gji? IT'S YOU the one yang kena naikkan sendiri gaji tu.. Tambah skills tambah network etc. Gaji takes around 30-40% of company expenses. Raw materials akan naik juga bola gaji naik.. Dasar Gen Z ni lemah..","1781974855283581016","","heunoras","in","","1","0","0","https://x.com/mamathensem7828/status/1781974855283581016","1476947172109467649","mamathensem7828"
"1781712197296787505","Sat Apr 20 15:51:05 +0000 2024","1","//Gara2 percakapan grup mahasiswa adek kelas ku Ginjal kau kl ngomong enak sekali... gw udah merantau di ibukota dari 3th yg lalu. Bela-belain kuliah ambil kelas karyawan. smpe sekarang gaji blm nyenggol 2 digit. gen Z kalo berhayal sangat renyah dan crispy sekaliii.... ","1781712197296787505","","","in","Based now 🇶🇦 ","0","1","0","https://x.com/terpamungkas/status/1781712197296787505","2855599556","terpamungkas"
"1781493241659244588","Sat Apr 20 06:07:15 +0000 2024","0","@ARSIPAJA Wajar banyak Gen Z kerja di luar Negeri daripada dalem Negeri yg gaji pas2an tapi minta spek yg luar biasa . Cuci piring di Australia aja kerja gaji $ 5000 dollar australia.","1781565271351992599","","ARSIPAJA","in","Indonesia","0","0","0","https://x.com/Johan_Vicx/status/1781565271351992599","73858763","Johan_Vicx"
"1781173996563947625","Sat Apr 20 01:09:22 +0000 2024","0","@5upportsystem Aku ex BA HR jaman perekrutan unit baru kami di Medan 2022 akhir rata² 80% Gen Z seperti itu. Apa lg Gen Z Medan. Pengalaman kerja di luar kota medan blm ada baru stuck 1 posisi selama 3 thn tiba² pas apply lgsg nanya gaji dan minta posisi tinggi. Tambah lg ettitude nya kacau.","1781490306971845106","","jompogemes","in","Kelantan, Malaysia","0","1","0","https://x.com/SugarBrown2889/status/1781490306971845106","1696107740001976320","SugarBrown2889"
"1780950820089192477","Thu Apr 18 15:20:34 +0000 2024","4","@glrhn Dear gen z tips sbelum nego gaji: research brp rerata gaji di sana dg posisi tsb. Ambil range ya jgn ksh angka pasti. Misal 8juta | : 7-10jutaan .","1780979741765574937","","glrhn","in","Berau, kaltim","1","0","0","https://x.com/BahruddinMuh/status/1780979741765574937","709933447","BahruddinMuh"
"1780934942622703622","Thu Apr 18 12:22:33 +0000 2024","0","Gaji 100jt ?? engga dong ini alasan Gen Z pada puas dengan pekerjaannya! https://t.co/wHA6ojmSrQ","1780934942622703622","","","in","Indonesia","0","0","0","https://x.com/GoodStatsid/status/1780934942622703622","1455891922300456968","GoodStatsid"
"1780874597556211877","Thu Apr 18 08:22:45 +0000 2024","1","ibu aku usia 20an tapi versi 2024 bakal jd tipe cewek independent kerja corporate gaji 2 digit seneng poundfit pilates jajan tas ngetrend. tp kalo ibu aku yg skrg tp ver. gen z keknya lbh ke mbak content creator ttg parenting religius fastabiqul khairat","1780874597556211877","","","in","","0","0","0","https://x.com/hereisannabae/status/1780874597556211877","1131409926415241217","hereisannabae"
"1780440209924178370","Wed Apr 17 03:36:39 +0000 2024","0","2.7k untuk lesen memandu? Harga lesen dah macam gaji dah. Mengarut betul la diorang ni. Lagi ramai la gen z takda lesen lepasni.","1780440209924178370","","","in","Malaysia","0","0","0","https://x.com/Damirza2/status/1780440209924178370","989494646312132608","Damirza2"
"1779825409766670726","Tue Apr 16 09:39:34 +0000 2024","0","@worksfess Waktu itu sempet offer gen z tapi minta keduanya Minta gaji gede dan WLB jg","1780169151946129514","","worksfess","in","Jakarta, Indonesia","0","0","0","https://x.com/syalalayey01/status/1780169151946129514","1303519646","syalalayey01"
"1779825409766670726","Tue Apr 16 04:46:34 +0000 2024","0","@worksfess wlb khusus buat gen z yg keluarganya old money kalo masih miskin gausah ngurusin mental. fokus kerja aja udh toh gaji gede jg elu2 ini yg seneng.","1780095414521540843","","worksfess","in","nnti aku shareloc","0","0","0","https://x.com/arieftgh/status/1780095414521540843","499779637","arieftgh"
"1779825409766670726","Tue Apr 16 02:00:22 +0000 2024","0","@worksfess Kalo di kantorku sih malah gen Z nya yg perhitungan banget masalah gaji. Gaji segini nggak mau segitu nggak mau. Justru millenials yg lebih berani ambil resiko dan mentingin work life balance. Kerja wes trabas ae lah pokoknya","1780053592227152271","","worksfess","in","","0","0","0","https://x.com/bananasplit789/status/1780053592227152271","576023909","bananasplit789"
"1779825409766670726","Tue Apr 16 01:36:32 +0000 2024","0","@worksfess jgnkan gen z milenial jg. ya gaji emang segitu2 aja soalnya tambah ksini. klo gk work life balance uda mah gaji cuma segitu trus idup sakit2an mati muda? banyak jg sih. dgn work life balance aja idupnya masih kyk zombie rarely enjoy the moment pula.","1780047593122513305","","worksfess","in","","0","0","0","https://x.com/ancientchenle/status/1780047593122513305","733897085406175233","ancientchenle"
"1779825409766670726","Mon Apr 15 23:51:16 +0000 2024","0","@worksfess Gue gen Z tpi mending pilih gaji karena gue paham kalo gue stress harus ngapain.","1780021100723962065","","worksfess","in","","0","0","0","https://x.com/amphirionnn/status/1780021100723962065","355371584","amphirionnn"
"1779825409766670726","Mon Apr 15 21:46:15 +0000 2024","0","@worksfess Yha tentu lah kan jaman sekarang gaji gen z tu setidaknya 20juta sebulan","1779989639174234520","","worksfess","in","","0","0","0","https://x.com/gojangnabeorin/status/1779989639174234520","1877387485","gojangnabeorin"
"1779825409766670726","Mon Apr 15 14:30:19 +0000 2024","0","@worksfess w gen z tapi ttp milih gaji gede","1779879934242259275","","worksfess","in","","0","0","0","https://x.com/strwbrryssundae/status/1779879934242259275","1299721719737769985","strwbrryssundae"
"1779825409766670726","Mon Apr 15 14:24:00 +0000 2024","0","@worksfess Gw gen z tapi gaji ttep no.1 no.2 jarak no.3 baru wlb","1779878343829336157","","worksfess","in","𝑀𝓎 𝐻𝑜𝓂𝑒🥂","0","0","0","https://x.com/Myownhearttt/status/1779878343829336157","1293638158794387456","Myownhearttt"
"1779872390090223621","Mon Apr 15 14:00:20 +0000 2024","0","ga sampe mentingin drpd gaji sih tp kyk work life balance se penting ituu!! jgn maksa gen z buat hidup untuk kerja doang https://t.co/CoefjuIwPm","1779872390090223621","https://pbs.twimg.com/media/GLNgfSQbgAAVXHY.jpg","","in","","0","0","0","https://x.com/pillowluvv/status/1779872390090223621","1486805137","pillowluvv"
"1779825409766670726","Mon Apr 15 13:28:20 +0000 2024","0","@worksfess wajar tapi aku perbatasan gen z milih gaji gede ","1779864336280031435","","worksfess","in","Kota Surabaya, Jawa Timur","0","0","0","https://x.com/eighxtyone/status/1779864336280031435","1156094291032203264","eighxtyone"
"1779825409766670726","Mon Apr 15 13:23:12 +0000 2024","0","@worksfess Gua gen z tapi mentingin gaji ah. Apa itu work life balance","1779863044597989798","","worksfess","in","","0","0","0","https://x.com/ibnucssc19/status/1779863044597989798","736289749","ibnucssc19"
"1779825409766670726","Mon Apr 15 12:53:46 +0000 2024","0","@worksfess Ga berlaku utk smua Gen Z gue Gen Z ttep mentingin gaji lah","1779855637721305474","","worksfess","in","","0","0","0","https://x.com/quezeart/status/1779855637721305474","320201622","quezeart"
"1779853828516630528","Mon Apr 15 12:46:35 +0000 2024","0","tai gaji juga ga gede gede amat kesyan gen z sebenernya woy. gaji kecil tekanan kerja gede stress gede biaya hidup juga gede","1779853828516630528","","","in","🌻","0","1","0","https://x.com/roseuomarie/status/1779853828516630528","2499135342","roseuomarie"
"1779595837976563739","Mon Apr 15 12:24:19 +0000 2024","1","@mkbijaksana Emang se salah itu kah gen z mas? Saya sendiri termasuk gen z desember 22 saya resign karena kerjaan ga manusiawi secara gaji minim tapi jam kerja tinggi. Singkat cerita diajakin temen buat nguli online lagi di crypto startnya januari 23. Disini saya survive dengan temen maen","1779848224666526018","","mkbijaksana","in","","0","0","0","https://x.com/FiloneSol/status/1779848224666526018","867769920054054914","FiloneSol"
"1779842152635474384","Mon Apr 15 12:00:11 +0000 2024","2","temen temenku yg gen Z gaji pas pasan tapi kerja nya santai WLB nya bagus syaratnya 1 aja: Kebutuhan masih ditanggung orang tua.","1779842152635474384","","","in","Nilüfer, +90","0","0","0","https://x.com/anfrsi/status/1779842152635474384","383901449","anfrsi"
"1779825409766670726","Mon Apr 15 11:57:51 +0000 2024","0","@worksfess ngga aku gen z mandang gaji maaf mental health ku terobati klo punya duit","1779841565906882586","","worksfess","in","slow reader ʕ•ᴥ•ʔ — infj-t 🩰","0","0","0","https://x.com/issapages/status/1779841565906882586","1549057890576924672","issapages"
"1779825409766670726","Mon Apr 15 11:45:50 +0000 2024","0","@worksfess gen z yg masih sandwich mah mentingin duit lah anying gaji kecil bisa bisa makin kena mental wkwk","1779838540865733053","","worksfess","in","PLAT B","0","0","0","https://x.com/ayisan_/status/1779838540865733053","1253649561551171584","ayisan_"
"1779825409766670726","Mon Apr 15 11:29:27 +0000 2024","4","@worksfess Gen z awal dulu pas awal masuk dunia kerja sempat lebih milih gaji. Ngejar gaji sampai burnout.. Duit yang dikejar habis buat staycation karena jenuh sama kerjaan. Sekarang kalau disuruh milih lebih milih wlb. Manage gaji sesuai kebutuhan. Dikit gpp pntg cukup tenang bahagia","1779834418968080789","","worksfess","in","","0","0","0","https://x.com/asroofa_a/status/1779834418968080789","2717567555","asroofa_a"
"1779832867583074407","Mon Apr 15 11:23:17 +0000 2024","0","Kok aku masih mentingin gaji ya aku keknya bukan gen z","1779832867583074407","","","in","she/her","0","0","0","https://x.com/snaayya/status/1779832867583074407","927394929554231296","snaayya"
"1779825409766670726","Mon Apr 15 11:15:12 +0000 2024","0","@worksfess ga juga gue gen z tapi gen mentingin gaji wkwk selain itu gue emang gila kerja sih","1779830831768572250","","worksfess","in","","0","0","0","https://x.com/clamaraaa/status/1779830831768572250","1759114448076419072","clamaraaa"
"1779825409766670726","Mon Apr 15 11:10:41 +0000 2024","0","@worksfess Sebagai gen z kalo kerja dimarah2in mulu tapi gaji 100jt sih ayo aja","1779829692826296604","","worksfess","in","","0","0","0","https://x.com/feblistiawan/status/1779829692826296604","1090109720516427776","feblistiawan"
"1779825409766670726","Mon Apr 15 11:04:26 +0000 2024","0","@worksfess Mental health penting sih tapi buat gen Z yang merangkap jadi sandwich kayak gue tentu lebih milih gaji gede","1779828119861698757","","worksfess","in","","0","0","0","https://x.com/rexyaxa/status/1779828119861698757","1617442576386379776","rexyaxa"
"1779825409766670726","Mon Apr 15 11:01:25 +0000 2024","1","@worksfess as gen z jujur iya. kerjaan sebelumnya gaji gede bonus gede tp cm libur sehari. blm ngadepin manusia nyebelin tiap saat coba bertahan tp ujungnya ga kuat &amp; sadar obat gue harganya setengah gaji gue yg gede Itu wkwk disitu udh nyerah cari job baru yg sedikit lebih tenang","1779827363381121435","","worksfess","in","Treasure Wonderland","0","0","0","https://x.com/dongpyourlove/status/1779827363381121435","1215100329085157376","dongpyourlove"
"1779825409766670726","Mon Apr 15 11:00:07 +0000 2024","18","@worksfess Tapi ga semua gen z milih wlb biasanya ada juga yang milih gaji semua tergantung ama tanggung jawab ma kebutuhan aja. Kalok tanggungan banyak butuh uang banyak yaudah mentingin gaji persetan dengan WLB. Kalok lagi ga ada tanggungan apaa2 yaudah mentingin WLB. Pokok kerja","1779827033738191336","","worksfess","in","Karawang, Jawa Barat","0","0","1","https://x.com/baksotelurrrrrr/status/1779827033738191336","1709837805403418624","baksotelurrrrrr"
"1779825409766670726","Mon Apr 15 10:58:09 +0000 2024","0","@worksfess Bagus sebenrnya. Tp tolong gen z sadar njink duit lu juga dikit jadi gausah ngeluh ngeluh keuangan. Kerja sesuai dengan yg lu lakuin. Mau gaji gede dibarengin work life balance tempatnya bukan di indonesia ","1779826541251510401","","worksfess","in","","0","0","0","https://x.com/sulthonmys/status/1779826541251510401","1223983909530038272","sulthonmys"
"1779825409766670726","Mon Apr 15 10:55:27 +0000 2024","0","@worksfess masalahnya gen z tipis2 sadar gaji gede pun sulit untuk beli2 barang wah kaya seniornya dulu","1779825861501579289","","worksfess","in","","0","0","0","https://x.com/miewonton/status/1779825861501579289","1515659066886209536","miewonton"
"1779825409766670726","Mon Apr 15 10:55:10 +0000 2024","20","@worksfess Gue gen z tp menurut gw mental lebih penting dr pada gaji terserah mau disebut lembek atau gmna wkwk","1779825790445932583","","worksfess","in","","0","1","0","https://x.com/genzyai/status/1779825790445932583","1753714023303127040","genzyai"
"1779825409766670726","Mon Apr 15 10:53:39 +0000 2024","3413","wrk! Wajar aja sih gen z milih WLB ketimbang gaji soalnya mereka melek sm kesehatan mental jd gak liat gaji gede doang Beda sm zamannya milenial/boomer yg bahasan soal kesehatan mental dianggap tabu https://t.co/rNUnlPAXt9","1779825409766670726","https://pbs.twimg.com/media/GLM1xkTbwAA6Gck.jpg","","in","","322","378","258","https://x.com/worksfess/status/1779825409766670726","1244597361826885636","worksfess"
"1779520608197644723","Mon Apr 15 08:17:55 +0000 2024","2","@kegblgnunfaedh gen z: di romantisasi pdhl mah ini nunjukin kalo taraf kehidupan perekonomian masy. indo susah naiknya. yg dulu kismin sampe skrng jg msh kismin walopun bekerja yg kdng dgn kerja keras tanpa diberi imbalan dgn gaji yg setimpal... imho","1779786217359638746","","kegblgnunfaedh","in","Yogyakarta, Indonesia","0","1","0","https://x.com/siswatersesat/status/1779786217359638746","771045426","siswatersesat"
"1779505261780385839","Sun Apr 14 13:41:30 +0000 2024","0","Nasib punya ART Gen Z.. Kerja santai gaji standard. Sebelum mudik lebaran ditanya mudik berapa lama ngomong seminggu. Eh hari H seharusnya uda balik mau WA malah diblok! Etikanya di mana? Kalau mmg gak niat balik ya ngomong dari awal lah biar bisa cari yg lain! #dramaART","1779505261780385839","","","in","East Java, Indonesia","0","0","0","https://x.com/lazyfatmommy/status/1779505261780385839","60244087","lazyfatmommy"
"1779156488092840373","Sat Apr 13 14:53:01 +0000 2024","0","@UNSfess_ ginjal kau kl ngomong enak sekali..... gw udah merantau di ibukota dari 14th yg lalu. Bela-belain kuliah ambil kelas karyawan. smpe sekarang gaji blm nyenggol 2 digit. gen Z kalo berhayal sangat renyah dan crispy sekaliii....","1779160869362164198","","UNSfess_","in","indonesia","0","1","0","https://x.com/Ancha7foldism/status/1779160869362164198","461334110","Ancha7foldism"
"1778921618880053591","Sat Apr 13 04:56:20 +0000 2024","2","@tanyakanrl yah tandanya Gen Z udh aware karena nikah itu MAHAL harga tempat tinggal juga MAHAL kebutuhan pokok MAHAL semua serba MAHAL buat apa cepet² nikah kalau serba MAHAL tapi gaji naik tiap taun ga nyampe 20% . Doain aja deh semoga 5 tahun kedepan ada rezekinya buat nikah ","1779010712335233529","","tanyakanrl","in","","0","0","0","https://x.com/wipilarpa/status/1779010712335233529","1024610447847116802","wipilarpa"
"1778610591697174596","Fri Apr 12 10:23:03 +0000 2024","3","@FelixSGL1 @stravenues @theidweltall Kalo aku sebagai gen z dan dapat gaji belasan juta pengennya sih bisa nyicil apartemen di tengah kota yg terkoneksi transum untuk mobilitas tapi setelah melihat cicilan per bulan dan membandingkannya dengan gajiku skrg yah sepertinya hal itu bakal tetap jadi impian aja wkwkwk https://t.co/AdYq58XrbN","1778730543590568282","https://pbs.twimg.com/media/GK9R_7zagAAJyDG.jpg","FelixSGL1","in","","0","2","0","https://x.com/eeenie_meeenie/status/1778730543590568282","1145702931863261184","eeenie_meeenie"
"1778489678498574358","Thu Apr 11 18:25:56 +0000 2024","0","Kita sebenernya ga usah ngerasa terlalu dystopia sama negara krn sesama rakyat (terutama milenial dan gen Z) kita ngerti gaji kita ga sepadan sama harga² properti dan pajak dimintain saat kita pake asuransi kantor. Ngerti ini bareng² aja bagus. Ini baseline dari pemberontakan.","1778489678498574358","","","in","Palestine will be free","0","1","0","https://x.com/trickymindful/status/1778489678498574358","62229279","trickymindful"
"1778411325393383640","Thu Apr 11 13:14:35 +0000 2024","0","Hallo semuanya Saya sedang membuat artikel jurnal yang berjudul Pengaruh Harga Rumah 1.5 Miliar Terhadap Gaji Gen Z Yang Cuma UMR Pengisian kuesioner ini ga lama kok bentar saja https://t.co/daE9dRhlFD","1778411325393383640","","","in","petani","0","0","0","https://x.com/WhySooSeriously/status/1778411325393383640","612311372","WhySooSeriously"
"1778382260145938607","Thu Apr 11 11:19:06 +0000 2024","1","Beberapa Gen Z pas nego gaji pemgennya setara top performer tapi pas di kasih Tanggung Jawab yang sesuai Requirement aja langsung bawa bawa mental health.","1778382260145938607","","","in","彼女の心のエリナ","0","1","0","https://x.com/chaniaago/status/1778382260145938607","57843594","chaniaago"
"1778301788921405482","Thu Apr 11 05:59:20 +0000 2024","0","Mari kita bikin bingung gen z","1778301788921405482","","","in","","0","0","0","https://x.com/sapidometer/status/1778301788921405482","1105961855023898625","sapidometer"
"1777557219317583925","Tue Apr 09 04:40:41 +0000 2024","21","Gw tuh keukeuh bahwa milenial dan gen z yang dicitrakan media cuma segelintir banyak yang underprivileged. Gaji UMR commute berjam-jam. Gw menolak merendahkan mereka dgn bikin konten yg gak ada isinya. Udah underpriviledge masih direndahkan dengan konten recehan.","1777557219317583925","","","in","Jakarta Capital Region","0","0","6","https://x.com/AnggaPutraF/status/1777557219317583925","98275340","AnggaPutraF"
"1777241914573824018","Tue Apr 09 01:05:53 +0000 2024","2","@okcompawter Coba ngobrol sama Gen Z. Mereka ekspektasi gajinya tinggi banget. Krn udh biasa dpt jajan gede &amp; dimanja ortu. Denger orang dpt gaji 6-8juta aja mereka kaget2. Kok kecil bgt Pas kerja mental tempe. Kerjaannya dikoreksi H-2 deadline lgsg shock patah semangat ga mau ngerjain lagi","1777503162716606797","","okcompawter","in","","0","0","0","https://x.com/pemantautemlen1/status/1777503162716606797","1157951469674364930","pemantautemlen1"
"1777345562930708565","Mon Apr 08 23:11:16 +0000 2024","2","@chitattoo_ itu yg terjadi ama ipar gue kekuh ngangur sampe dpt kerjaan dan gaji yg sesuai padahal udh gue kerahin kekuatan koneksi si ku buat bantu malah saya yg jadi malu sendiri karena mereka nolak udh minta tolong temen giliran di kasih nolak udh cukup sampe di sini bantuin gen z","1777474321222348909","","chitattoo_","in","Surakarta, Jawa Tengah","0","0","0","https://x.com/winacandra11/status/1777474321222348909","1475271062426464264","winacandra11"
"1777377916256702745","Mon Apr 08 17:09:21 +0000 2024","4","Gen z juga potret di media kurang lebih sama tech savvy pekerja kreatif kerja di startup gaji besar. Tapi lagi-lagi datanya bilang begini: https://t.co/2oqdDEXazQ","1777383241739293130","https://pbs.twimg.com/media/GKqIo3_aUAEbTfF.jpg","bfndrk","in","jakarta","0","0","10","https://x.com/bfndrk/status/1777383241739293130","78238549","bfndrk"
"1776771129023385609","Sun Apr 07 09:39:19 +0000 2024","0","@octoowell16 @Hanif_AF @worksfess Buset standarisasi hidup dijkt berapa emng kak? Aku Kerja dijkt gaji 6jt msh bsa nabung 2jt/bulan kak. Yang mahal itu Biaya Media sosial Gen Z Sama biaya Kalau kita HEDON.","1776907599197204681","","octoowell16","in","Seoul, Republic of Korea","0","1","0","https://x.com/LEECHIKO2/status/1776907599197204681","1124171261947535361","LEECHIKO2"
"1776819455068455080","Sun Apr 07 04:18:06 +0000 2024","0","@firdaxnita @sunmoyedeul @tanyakanrl gen z banyak plusnya jg gak melulu minus. kreatif tumbuh sama teknologi cepat adaptasi dll. makanya banyak yg merasa dirinya kompeten dan merasa layak untuk dapat gaji yg sesuai kompetensi dia","1776826762653299063","","kiiinaaann","in","she","0","0","0","https://x.com/kiiinaaann/status/1776826762653299063","1258361111612514305","kiiinaaann"
"1776594632924655835","Sat Apr 06 12:55:58 +0000 2024","0","4.5 Think Long Term 6 - Mau kenaikan gaji berapa persen? mau di role apa? Penting tau tujuan karir kedepannya seperti apa untuk plan finansial dan di perusahaan apa","1776594700608111067","","arfianamaulinaa","in","Jakarta","0","1","0","https://x.com/arfianamaulinaa/status/1776594700608111067","1093748394042875904","arfianamaulinaa"
"1776594632924655835","Sat Apr 06 12:55:54 +0000 2024","0","TIPS GAJI MAGANG 4 Think Long Term - Setelah magang goals apa? FTE? S2? Misalnya aku mau FTE &amp; S2 jadi aku set budgeting. Investasi di Skill Development &amp; Learning!","1776594680827744618","","arfianamaulinaa","in","Jakarta","0","1","0","https://x.com/arfianamaulinaa/status/1776594680827744618","1093748394042875904","arfianamaulinaa"
"1776594632924655835","Sat Apr 06 12:55:47 +0000 2024","0","TIPS GAJI MAGANG 3 Risk &amp; Retirement Plan Sebagai anak magang beberapa benefit mungkin beda dengan FTE Misalnya: - Asuransi - Pensiun - dan benefit lainnya Tapi kita bisa curi start untuk diri kita di masa depan","1776594654101725619","","arfianamaulinaa","in","Jakarta","0","1","0","https://x.com/arfianamaulinaa/status/1776594654101725619","1093748394042875904","arfianamaulinaa"
"1776594632924655835","Sat Apr 06 12:55:46 +0000 2024","0","TIPS GAJI MAGANG 2 Smart Budgeting Buat budgeting dengan mempertimbangkan beberapa aspek. Misalnya aku pakai: - Bank yang ada Kantong buat pemisahan - Bank yang bunga tinggi untuk short-term return - Platform Investasi untuk lomg-term return","1776594650591006874","","arfianamaulinaa","in","Jakarta","0","1","0","https://x.com/arfianamaulinaa/status/1776594650591006874","1093748394042875904","arfianamaulinaa"
"1776594632924655835","Sat Apr 06 12:55:46 +0000 2024","0","TIPS GAJI MAGANG 1 Analyze Analisa kebutuhan hidup dan buat kategori Primer Sekunder Tersier. Contoh: Transport Rumah (PDAM PLN Perabot dll) Budget Makan Pajak Asuransi Tabungan Investasi Bayar Hutang Buat kategori prioritas di Sheets!","1776594647361462362","","arfianamaulinaa","in","Jakarta","0","1","1","https://x.com/arfianamaulinaa/status/1776594647361462362","1093748394042875904","arfianamaulinaa"
"1776594632924655835","Sat Apr 06 12:55:42 +0000 2024","9","GAJIAN MAGANG BERKAH DI USIA 20 BISA KURBAN SENDIRI DAN KASIH ORANG TUA ️ Aku mau share beberapa tips jaga gaji magang biar sustain sampai hari tua https://t.co/Df7bLsKUMp","1776594632924655835","https://pbs.twimg.com/media/GKe7ZfBaMAA64_s.jpg","","in","Jakarta","0","1","3","https://x.com/arfianamaulinaa/status/1776594632924655835","1093748394042875904","arfianamaulinaa"
"1776508775601729871","Sat Apr 06 07:14:32 +0000 2024","0","inilah yg aku bilang kasian guru2 dari anaknya anak2 millenial sm gen z soalnya namanya susah2 bgt cok pls naikin gaji guru kasian ngabsen aja harus konsentrasi penuh","1776508775601729871","","","in","West Java, Indonesia","0","1","0","https://x.com/hxaveniall/status/1776508775601729871","311361056","hxaveniall"
"1776330107927630018","Fri Apr 05 19:31:36 +0000 2024","0","Aku gpp banget. Tentu tidak akan menjatuhkan mimpi gen z ini. Mungkin mereka punya koneksi yang satsetwatwet gaji auto 20jt. Privilege anak fh kampus itu ye kaaan. Terlihat jelasss aku bukan circle mereka para gen z fh kampus itu. Awkwkwk","1776331874987917707","","adellptri","in","","0","1","0","https://x.com/adellptri/status/1776331874987917707","1676581045","adellptri"
"1776330107927630018","Fri Apr 05 19:28:05 +0000 2024","0","Anak gen z di kampusnya juga berekspektasi gaji fresh grad minim 20jt (kerja minim gaji maksim) ngekos di benhil gaji pertama buat ortu dan gaji kedua mereka belikan goyard atau barang mahal tanda achievement mereka. Include adek akuuuh wkwkwk","1776330992367944052","","adellptri","in","","0","2","0","https://x.com/adellptri/status/1776330992367944052","1676581045","adellptri"
"1776252325637804232","Fri Apr 05 14:15:30 +0000 2024","0","&gt;Binatang korporat diperkosa bos tiap hari montang manting naik KRL demi gaji seperak: Siap pak bu laksanakan bu &gt;Binatang korporat ketika ngeliat gen Z songong gamau kerja Wah stroberi goblok anak mami papi gua blacklist lo monyet ","1776252325637804232","","","in","","0","0","0","https://x.com/bloody_caltrop/status/1776252325637804232","1630876390362087426","bloody_caltrop"
"1776079987428168059","Fri Apr 05 02:50:42 +0000 2024","2","terkesan nyantai. jadi... gen Z jangan manja! maunya gaji gede kena tekanan dikit langsung resign ‍","1776079989110382862","","worksfess","in","","0","0","0","https://x.com/worksfess/status/1776079989110382862","1244597361826885636","worksfess"
"1775955921975558552","Thu Apr 04 18:37:42 +0000 2024","1","saran buat gen z dn gen seterusnya yg pgn jadi pns: jgn lupa cari sampingan jg ya. lu ga bisa andelin gaji pns lu yg ga seberapa itu kecuali lu klmpk pns kyk rafael alun dn setarany","1775955921975558552","","","in","","0","0","0","https://x.com/palemtiga/status/1775955921975558552","1281591959140757505","palemtiga"
"1775843627702571224","Thu Apr 04 12:07:08 +0000 2024","0","@ardisatriawan Dalam beberapa tahun di beberapa kampus UKT naik XX% sedang gaji orang tua dan lulusan naik X%. Wajar anak sekarang khususnya gen z makin peduli masalah mental health &amp; punya ekspektasi pendapatan lebih tinggi waktu masuk pasar kerja.","1775857635541287329","","ardisatriawan","in","Lor Nagari Segara Kidul ","0","0","0","https://x.com/junoherpito/status/1775857635541287329","1940452248","junoherpito"
"1775834851733799177","Thu Apr 04 10:42:06 +0000 2024","0","Saya juga bayar pajak btw! Gaji lu ada andil pajak gue! Tp bisa kan baik2 sedikit pda orang tua? Bapak saya kena musibah. Kata gen Z mentalnya lagi down. Dulu loh bapak saya gagah. PINTAR! Bisa mencerdaskan anak-anak. Ngajarin anak kelas1 calistung.","1775836235384414551","","yuniss22","in","","0","1","0","https://x.com/yuniss22/status/1775836235384414551","747119448075681792","yuniss22"
"1775690730436280575","Thu Apr 04 09:55:26 +0000 2024","1","@ardisatriawan Knp ya bsa beda ... Dulu waktu slesai SMA ortu ngk mampu biayain kuliah yg terpikir ya harus kerja. Alhamdulillah dari hasil kerjaan hidup ngirit malah bsa skolah sendiri . Apa karena gen z shg kesannya spt gara2 gaji ortu","1775824490724741212","","ardisatriawan","in","DKI Jakarta, Indonesia","0","0","0","https://x.com/muhrosyid01/status/1775824490724741212","511367888","muhrosyid01"
"1775792811700629775","Thu Apr 04 07:49:33 +0000 2024","0","5 Karier yang Diminati Millenial dan Gen Z Gaji Hingga Dua Digit https://t.co/eBh3IKaGA6","1775792811700629775","","","in","","0","0","1","https://x.com/IDNTimesLife/status/1775792811700629775","1616334886759174144","IDNTimesLife"
"1775750379432775701","Thu Apr 04 05:17:45 +0000 2024","0","@dobbyjaehyuk aku ada jumpa gen z yg racist staff withmuu kat myeongdong mmg aku jeling baliklah dia ko tu pekerja gaji pun dapat sbb aku beli album tpi alhamdulillah lps tu dh xde cuma yg blur2 ada lah sbb aku tnya in english","1775754608817959086","","dobbyjaehyuk","in","","0","1","0","https://x.com/quokkari_sells/status/1775754608817959086","1467713117555625985","quokkari_sells"
"1775365799961837725","Thu Apr 04 02:03:56 +0000 2024","23","@oxscarletxo Gen z tuh unik apalagi udh gen z sekaligus Fg hasilnya : 1. Baru dua bulan kerja minta naik gaji 2. Kerja sambil main PUBG 3. Baru 3 hari kerja orderan customer di malingin 4. Sidejob dibawa kekerjaan dengan alesan kalo sampe rumah udah capek 5. Bulan pertama 5 hari Mangkir","1775705834452078687","","oxscarletxo","in","DKI Jakarta, Indonesia","1","1","1","https://x.com/sakukusut/status/1775705834452078687","315700933","sakukusut"
"1775689756980195551","Thu Apr 04 01:00:03 +0000 2024","0","Tapi gen Z ini emang agak lain pernah ada anak baru gen Z belum seminggu masuk udah disuruh mengundurkan diri aja. 1. Boong masalah kesehatan 2. Boong soal alasan gak masuk kerja 3. Belum apa2 udah ngepoin nominal gaji senior2nya","1775689756980195551","","","in","","0","1","0","https://x.com/r_keyl/status/1775689756980195551","959801629238153217","r_keyl"
"1775016901011472442","Tue Apr 02 23:18:37 +0000 2024","0","@najwawok Begitulah ye gen z ni diorg nak gaji lebih tapi kerja xnak buat pastu asyik merungut gaji sikit gaji sikit. Ehhhhh geram!","1775301844266582492","","najwawok","in","Jangan Sibuk","0","0","0","https://x.com/pajelin87/status/1775301844266582492","239770790","pajelin87"
"1775101016234394097","Tue Apr 02 11:23:32 +0000 2024","0","@mr_nobodylove pernah baca juga di cnbc kalau beberapa tahun kedepan Gen Z mulai susah buat dapet rumah karna harga dimukanya ga masuk di kantong gaji mereka :(","1775121886562922754","","mochiessuns","in","homophobic dni ⚠️","0","1","0","https://x.com/mochiessuns/status/1775121886562922754","1531696288068083713","mochiessuns"
"1775094282967462333","Tue Apr 02 09:57:39 +0000 2024","0","@hiroeshy Gen Z emang banyak maunya kerja santai gaji gede ","1775100271770874147","","hiroeshy","in","Deket Landasan Pesawat","0","1","0","https://x.com/nasrullah_near/status/1775100271770874147","50279644","nasrullah_near"
"1775055676575830300","Tue Apr 02 09:23:30 +0000 2024","2","@hanmula mending gen z fresh grad apa mending millenial experienced tapi lewat 35? taro lah keduanya ga keberatan dengan posisi gaji jobdesk dll. anggap aja lagi covid dua duanya nyari kerja.","1775091678048858410","","hanmula","in","","0","2","1","https://x.com/da_bloz/status/1775091678048858410","59497595","da_bloz"
"1775043063083340205","Tue Apr 02 06:10:19 +0000 2024","0","penasaran kalo ngandelin gaji doang gen z bisa beli rumah di jkt gak ya","1775043063083340205","","","in","","0","1","0","https://x.com/hategovernmen/status/1775043063083340205","1228011023501672448","hategovernmen"
"1774821381710193089","Mon Apr 01 23:45:16 +0000 2024","0","@worksfess Nih aku gaji 4juta udah 3 tahun belum sampai 50 :( maklum gen z hwhw","1774946162833060269","","worksfess","in","","0","0","0","https://x.com/xoxoeeya/status/1774946162833060269","1265180666032881664","xoxoeeya"
"1774620813473505523","Mon Apr 01 13:53:27 +0000 2024","0","@worksfess Kalo lu masih muda orientasi lu cuma uang!! Ga udah mikir mental health taik kyk gen Z yg lain!! Nanti lu akan nikmatin hasilnya setelah pindah dan naik ke level managerial gaji gede kerjaan anak buah lo yg ngerjain ","1774797225006354599","","worksfess","in","","0","0","0","https://x.com/ALDBRN78/status/1774797225006354599","1654654677861158915","ALDBRN78"
"1774728889698492427","Mon Apr 01 09:21:54 +0000 2024","4","mari kita bingungkan gen Z -kerja 1 tempat gaji sedikit diatas UMR udah bisa beli rumah","1774728889698492427","","","in","","0","1","0","https://x.com/ardi_tama1/status/1774728889698492427","382641814","ardi_tama1"
"1774436962256167029","Sun Mar 31 14:01:53 +0000 2024","15","10% 2 tahun mantap Buat boomer sukses mantap buat gen Z dan gaji UMR kudu banyak bersyukur ala mid curve https://t.co/8KYwWBsVor","1774436962256167029","https://pbs.twimg.com/media/GKARAnKaUAEXK-9.jpg","","in","Jakarta","1","4","4","https://x.com/lucaxyzz/status/1774436962256167029","255809652","lucaxyzz"
"1774329035813961875","Sun Mar 31 07:48:31 +0000 2024","1","@worksfess Gaji segitu kerja apaan sih? Umur berapa? Atau kerja di luar negeri? Kalo gaji segitu diindo pasti levelnya udah manajer bahkan lebih tp kok nanya ginian di mf? Kek tdk mencerminkan individu yg layak digaji 40 jt. Loh piye nder? Ngarang pamer atau opo?","1774343000845697387","","worksfess","in","","0","1","0","https://x.com/HumanGenZ/status/1774343000845697387","1356123041432932354","HumanGenZ"
"1773971041100194143","Sat Mar 30 08:33:38 +0000 2024","0","@thejurgenholic @bliblidotcom otw dikatain gaji UMR lu gen","1773991964851294550","","thejurgenholic","in","Somewhere in Nowhere","0","0","0","https://x.com/longcatz/status/1773991964851294550","161954812","longcatz"
"1773587166548959335","Fri Mar 29 11:57:57 +0000 2024","0","@hoteliercrypto bli saya lahir '93 termasuk gen Z gak? gaji UMR belum punya rumah sendiri alias ngontrak.","1773680994643521848","","hoteliercrypto","in","di hati yang terdalam","0","0","0","https://x.com/peternakambing9/status/1773680994643521848","1667981456990408704","peternakambing9"
"1773587166548959335","Fri Mar 29 05:45:17 +0000 2024","22","Jadi budak budak corporate. Gaji UMR suruh nyicil rumah 25 tahun. Gen z lihat apa yg ada dipikirannya? Percuma sy kerja keras sekolah tinggi tinggi gaji segini sedang yg mengabdi saja masih UMR daripada syga punya duit mending saya staycation. Jadi jangan salahkan Gen Z","1773587212594041057","","hoteliercrypto","in","Bali, Indonesia","0","3","0","https://x.com/hoteliercrypto/status/1773587212594041057","1527128825901228032","hoteliercrypto"
"1773367814205616486","Thu Mar 28 18:10:21 +0000 2024","0","@rudiansyahf24 @mdaffaalfaathir @Aldhe_Anz Hidup dari penonton secara langsung bukan sebagai gaji expert sebagai pundit. Sekarang coba km tanya org sekitar km yg umuran 20an keatas lah lebih tau koch atau siapapun deh streamer terkenal dikalangan gen z","1773412327737692245","","rudiansyahf24","in","bdg/jkt","0","4","0","https://x.com/kamil5b/status/1773412327737692245","1618004550019067904","kamil5b"
"1773307270027251848","Thu Mar 28 17:03:34 +0000 2024","0","@worksfess aku pernah gaji 2jt kebeli laptop baru nder dan masih bisa nabung 30% juga sm ngurus kucing banyak kuncinya bukan gen z","1773395518707896629","","worksfess","in","","0","0","0","https://x.com/sadtournews/status/1773395518707896629","1240955224480608256","sadtournews"
"1773341826344177899","Thu Mar 28 13:30:13 +0000 2024","0","masih edisi gen z jd ceritanya ni anak masuk kantor gw as a freelance. nasib baik keterima krn doi ga pernah kerja trs doi ngedumel gaji nya lama krn payroll tiap tgl 28 udah mana ga bersyukur padahal ga kerja tapi ttp digaji. ya allah ada apa dengan gen z ","1773341826344177899","","","in","Japan","0","0","0","https://x.com/blamesociethic/status/1773341826344177899","1326716655242637315","blamesociethic"
"1773270983824040005","Thu Mar 28 09:20:02 +0000 2024","0","@andosimarmata Hiih inflasi lawan kenaikan gaji kd ngotak gaji seitu2 z yg beusaha gen pendapatan seitu2 z tp pengeluaran makin gila","1773278865172963450","","andosimarmata","in","Yogyakarta","0","0","0","https://x.com/SiRajaIwak/status/1773278865172963450","151072576","SiRajaIwak"
"1772784001876623598","Thu Mar 28 08:17:22 +0000 2024","28","@1Obefiend kat tempat kerja pun ade orang mcmni sbb budak budak gen z ni cakap gaji sikit weh. terus kena ceramah dgn si terpaling org lama tu aku sentap dan tk pernah ckp langsung pasal ni dah. elect tech 5years experience gaji tk smpai 2k. buat loan kereta pun kena pakai 2 nama bro","1773263094807957912","","1Obefiend","in","shah alam","0","1","4","https://x.com/shuzzzz_/status/1773263094807957912","1101090166083481600","shuzzzz_"
"1773253607535554652","Thu Mar 28 07:39:40 +0000 2024","0","Aku dulu pun gaji 1100 but i dont want the new generation dapat amaun yang sama. Kos sara hidup makin meningkat diknon.. hang ni jenih yang 30 tahun kedepan nanti dok aku dulu gaji 1100 cam bangang. Go Gen Z! Fight for your right!","1773253607535554652","","","in","","0","0","0","https://x.com/nadyerrrr/status/1773253607535554652","1349506630103154688","nadyerrrr"
"1772784001876623598","Wed Mar 27 23:37:54 +0000 2024","0","@hg_cangkul Terpaling aku dulu . Hang nk hidup susah sorg2 p mampoih la kat hang. Realitynya gaji skrg mmg underpaid. Workload mcm lembu. Btw aku bukan gen Z aku dah kerja more than 10 years tp aku phm je apa yg budak tu keluhkan. do not compare 1.1k zaman kau dgn 1.6k zaman skrg. bodo.","1773132368573780316","","hg_cangkul","in","Kuala Lumpur","0","0","0","https://x.com/NoeEisha/status/1773132368573780316","990834795931299840","NoeEisha"
"1772989548517031966","Wed Mar 27 22:44:32 +0000 2024","1","@localrkyt Tabah lah rakan gen z ku Kita kena standby graduate pikul hutang dengan gaji yg tak naik2 tapi harga makanan dan barang2 semua naik mendadak dan mustahil boleh turun","1773118938529804741","","localrkyt","in","","0","0","0","https://x.com/darimi_hasif/status/1773118938529804741","1381958708637278214","darimi_hasif"
"1772927133620289987","Wed Mar 27 10:06:54 +0000 2024","0","Generasi lemah mokluu aku fresh grad diploma CS pun ada few company offer aku jadi developer range gaji dalam 3-4k ni bukan soal gen z lemah tapi majikan kedekut wkwkwk","1772928274215145743","","aimanwuzgut","in","Kuala Lumpur 🇲🇾 ","0","0","0","https://x.com/aimanwuzgut/status/1772928274215145743","807095704296427520","aimanwuzgut"
"1772910496535965799","Wed Mar 27 08:56:16 +0000 2024","1","uncle/pakcik/mid life crisis/bang kau nak cerita zaman tok kaduk kau dulu compare dengan sekarang mmg bangang la. kau dah tua. dah tak relevan tak layak nak bincang gaji fresh grad semasa. gen fossil mostly mmg tak relevan","1772910496535965799","","","in","","0","0","1","https://x.com/izwnnrdn/status/1772910496535965799","438126170","izwnnrdn"
"1772900285737816564","Wed Mar 27 08:15:41 +0000 2024","112","Naikkan lah gaji. Apa function board itu ini kalau tak boleh nak regulate gaji. Melabun gen z tak minat stem itu ini. Siapa minat kerja jadi babu. Nak meluah kat medsos nampak colleague kerja GLC gaji 3-4 kali ganda dari orang yang kerja SME dan MNC. Terus rasa down. Fak.","1772900285737816564","","","in","","1","2","135","https://x.com/padeli_/status/1772900285737816564","761564972400844800","padeli_"
"1772878007599800638","Wed Mar 27 06:47:10 +0000 2024","0","Dulu gaji bonus thr itu rahasia. Kalo nanyain bisa dibilang ga sopan. Sekarang tanpa ditanya orang udah flexing sendiri. Ga heran millenial dan gen z tuntutannya tinggi. Padahal belum tentu yang dipamer-pamerin itu real.","1772878007599800638","","","in","","0","2","0","https://x.com/sampurno999/status/1772878007599800638","281799413","sampurno999"
"1772447342509080580","Tue Mar 26 02:25:51 +0000 2024","0","@ARSIPAJA Pengusaha kayu Aset tak bergerak harga naik Gaji &amp; tunjangan presiden","1772449857980039618","","ARSIPAJA","in","","0","0","0","https://x.com/txtdarigenzee/status/1772449857980039618","1692710410733113344","txtdarigenzee"
"1772250270673838269","Mon Mar 25 19:01:47 +0000 2024","17","@worksfess asah skill wajib tp ayoo kita bersyukur jugaaa dan ga usah banding bandingin weh cape timing lingkungan step semua org beda beda. ayoo terus upgrade tp ayo ttp waras jugaaaa yaa. sbgi anak gen z yg baru mau lulus kadang tergesa gesa klo bacain reply worksfess yg bahas gaji","1772338104617287711","","steffygurls","in","","0","1","2","https://x.com/steffygurls/status/1772338104617287711","1281528258136166405","steffygurls"
"1772305091669770511","Mon Mar 25 16:50:36 +0000 2024","0","ternyata gen Z itu suka sekali sharing semuanya yah bahkan termasuk gaji mereka kepada satu sama lainnya.","1772305091669770511","","","in","","0","0","0","https://x.com/cumidarat1605/status/1772305091669770511","1710261540270874624","cumidarat1605"
"1772251550364168448","Mon Mar 25 13:17:51 +0000 2024","0","menfess isinya flaxing gaji semuaaa wkwkw dasar gen z","1772251550364168448","","","in","Bekashit","0","0","0","https://x.com/sayapaddle/status/1772251550364168448","1131058463847534592","sayapaddle"
"1771940725795758302","Sun Mar 24 16:42:44 +0000 2024","5","emoji menghindari typing om-om -&gt; (emoji gen z gaji umr) (menyala) (lucu gak lucu tambahin emot nangis) (nyindir orang di timlin)","1771940725795758302","","","in","oshi: 🪼🦒 (🐨🐺🌱)","0","0","0","https://x.com/theblueslope/status/1771940725795758302","957950605539950593","theblueslope"
"1770873634225115547","Thu Mar 21 18:02:30 +0000 2024","0","Gaji lambat lagi dah sesak sangat ni. Jadinya masjid hopping paused kejap kita gi masjid nilai impian je hari hari haha. Nak dekat lagi masjid nilai tapinya iftar dia dalam talam pastu rakyat jelata gen z tak mingle pulak haha. Sis pishank haritu habiskan nasi berdua je 1 talam","1770873634225115547","","","in","Multimedia Uni (MMU),Cyberjaya","0","0","0","https://x.com/EyenaMellowD/status/1770873634225115547","1119807644","EyenaMellowD"
"1770800875864199606","Thu Mar 21 14:25:09 +0000 2024","2","@collegemenfess Dr awal munculnya ni kurikulum/program Kampus merdeka gw udh g stuju dlu hmpir ada diskusi ini d tema tugasku syg covid gw menilai ini jd celah perusahaan bisa nge gaji kecil jd akan d buka kbnyakan magang bukan buat loker kerja tp gen z pd ska pncitrannya nadiem si","1770818938420552023","","collegemenfess","in","","0","1","0","https://x.com/cakrawalasenj4/status/1770818938420552023","3370001104","cakrawalasenj4"
"1770657860810113165","Thu Mar 21 03:45:05 +0000 2024","3","Kenapa Gen Z dan Milenial Tak Beli Rumah? Karena Memang Tak Bisa. Gaji Sekecil Itu Berkelahi dengan Bunga KPR ya Rungkad! #TerminalMojok https://t.co/eMa4vYoIpl","1770657860810113165","","","in","redaksi@mojok.co","0","1","2","https://x.com/mojokdotco/status/1770657860810113165","2388795571","mojokdotco"
"1768141883363217425","Thu Mar 14 05:07:30 +0000 2024","1","Gapapa... Untuk gen z dan milenial silahkan nikmatin aja gaji UMR kalian untuk nongki nongki.. untuk rumah dan properti biar gw yg borong ","1768141883363217425","","","in","Narashino-shi, Chiba","0","0","0","https://x.com/MashiroJunalx/status/1768141883363217425","1323781702011899904","MashiroJunalx"
"1768119941507747900","Thu Mar 14 03:40:18 +0000 2024","0","Boomer2 aja ngasih gaji ke Gen Z dengan upah yg ga layak ","1768119941507747900","","","in","Semarang, Jawa Tengah","0","0","0","https://x.com/xurfavclown/status/1768119941507747900","1125024998689632256","xurfavclown"
"1768097442975932778","Thu Mar 14 02:10:54 +0000 2024","0","Goreng terus. Boro-boro Gen Z ini Gen Millennial gaji UMK kerja jam 8 - 5 sore Mau freelance kalau terlalu push biaya kesehatan mahal. Udah di bela-belain nongkrong pakek kopi sachetan tetep aja kagak kebeli. Udah suruh mikir nikah nanggung hidup anak orang lagi.","1768097442975932778","","","in","indonesia","0","0","0","https://x.com/fathulmunir50/status/1768097442975932778","2949956047","fathulmunir50"
"1767802478311928165","Thu Mar 14 02:07:26 +0000 2024","0","@ardisatriawan Cuma gen z yang berani nembus zona nyaman lagian punya rumah tapi rumah langganan banjir buat apa kalo rumah untuk turunan apa iya rumahnya bakal sesuai kedepannya (strategis aman bencana dll) toh sama sama dibebankan gaji satunya dibebankan untuk permanen satunya sementara","1768096570405540317","","ardisatriawan","in","🔥","0","1","0","https://x.com/oldnewbuddy/status/1768096570405540317","3160994970","oldnewbuddy"
"1768050183060029442","Wed Mar 13 23:09:01 +0000 2024","0","Kalo mau single house yg bagus dan strategis ada tapi harga ga ngotak di atas 600 jutaan. Minimal gaji rata-rata gen z dinaikin dulu dah. Ayo jadikan tempat tinggal di apartment itu sebagai sebuah life style baru! Selama ini kita anggep apartment antara buat yang kaya dan +","1768051667856240943","","froxrhapsody","in","He/Him","0","1","0","https://x.com/froxrhapsody/status/1768051667856240943","1058352164605579266","froxrhapsody"
"1767821852305764566","Wed Mar 13 16:10:48 +0000 2024","9","@ardisatriawan Taun 2009 gaji 4jt harga rumah 150jt. Karyawan sekarang dengan posisi yg setara gajinya 10-12jt an harga rumahnya 700-1M. Dulu harga rumahnya 35x gaji sekarang 70-100x gaji. Yg disalahin Gen Z ngopi.","1767946423889432693","","ardisatriawan","in","Indonesia","0","1","0","https://x.com/fwilmar01/status/1767946423889432693","460146079","fwilmar01"
"1767940328194265410","Wed Mar 13 15:46:35 +0000 2024","0","Dulu gw beli rmh seharga 1.05 kali annual gaji gw. Gw aja dah merasa sesak nafas. Itu jg rmhnya di planet org blg tempat jin buang anak. Ya anak gen Z cita2nya tinggi pengin beli rmh di tgh kota or BSD smntr gajinya = gaji yg gw terima 15th lalu pas beli rmh di planet ","1767940328194265410","","","in","","0","1","0","https://x.com/Bl3ss3dSoul/status/1767940328194265410","113093830","Bl3ss3dSoul"
"1767879787211853836","Wed Mar 13 11:57:02 +0000 2024","2","@collegemenfess Emang gitu gen z sih generasi strawberry pengennya kerja santai gaji tinggi beban kerja ringan no lembur bebas ambil cuti bebas hiling kemana aja cicilan ipon lunas 1x gajian sedia mess kopi bantal kolam renang di kantor kantor menghadap jendela","1767882558103330873","","collegemenfess","in","Semarang, Jawa Tengah","1","0","0","https://x.com/makelar_ojek/status/1767882558103330873","1582171586429612032","makelar_ojek"
"1767802478311928165","Wed Mar 13 10:15:26 +0000 2024","12","@ardisatriawan Gaji kecil karena korporat maunya sekecil mungkin security kerja makin menurun harga rumah makin naik hidden fee membengkak inflasi di harga kebutuhan pokok maintenance mahal belum lagi yang nggak punya cheat code warisan ortu. motivasi Gen Z untuk punya rumah: https://t.co/cu9vnocKBT","1767856989907173623","https://pbs.twimg.com/media/GIiwab9a4AAhNm5.jpg","ardisatriawan","in","Indonesia","0","0","0","https://x.com/MakotoIchinose6/status/1767856989907173623","1221017213286539264","MakotoIchinose6"
"1767851951205868023","Wed Mar 13 09:55:24 +0000 2024","0","Jangankam gen z yang gen sebelumnya juga masih empot2an mikir gaji gak keluar","1767851951205868023","","","in","","0","0","0","https://x.com/kaizyblue/status/1767851951205868023","1312623556124045313","kaizyblue"
"1767844943249408256","Wed Mar 13 09:27:34 +0000 2024","0","Pada akhirnya kebanyakan gen z kalau gak dapat privilege dari generasi sebelumnya mungkin aset rumah bisnis pendidikan relasi usaha dll. Bakal berat buat memiliki rumah. Dengan kenaikan harga tanah inflansi dengan gaji yang didapat.","1767844943249408256","","","in","65315","0","0","0","https://x.com/Al_Pratama/status/1767844943249408256","98750149","Al_Pratama"
"1767667156676956495","Wed Mar 13 08:55:26 +0000 2024","3","@Strategi_Bisnis Ga kaget dengan kata2 ni Harganya makin tak terjangkau. Kenaikan harga rumah jauh lbh tinggi dibanding kenaikan gaji. Konsep lifetime renting lama2 akan jadi mainstream di kalangan Gen Z. Konsep wajib punya rumah lama2 akan hilang dari kosa kata Gen Z.","1767836859324096858","","Strategi_Bisnis","in","","0","0","2","https://x.com/offsidegoal8/status/1767836859324096858","1723278680410206208","offsidegoal8"
"1767828275345391734","Wed Mar 13 08:21:20 +0000 2024","0","Sebenernya gen z bisa aja beli rumah. Ane yakin banyak yang punya gaji 2 digit sekarang ini apalagi di jawa. Asal jangan gengsi pengen beli rumah yang 2 lantai atau rumah yang mewah aja sih. Mending beli yg kecil dulu aja baru kalo ada rezeki tambahan cicil bangun yg lain","1767828275345391734","","","in","","0","0","0","https://x.com/syauqifikri/status/1767828275345391734","278935510","syauqifikri"
"1767680947737251844","Tue Mar 12 23:43:19 +0000 2024","2","@erwanda012 @radifalfian_ @idextratime @bliblidotcom Bro berpikir pepe baru main bola 1 tahun dan langsung gede gajinya Tuh liat gen z fresh grad minta gaji 2xUmr kerja 5 hari minta healing 2 minggu. Katanya gak work life balance.","1767697912690254056","","erwanda012","in","Kota Surabaya, Jawa Timur","0","1","1","https://x.com/yaelahsrul/status/1767697912690254056","1433431547512700946","yaelahsrul"
"1767692224459161884","Tue Mar 12 23:20:43 +0000 2024","1","Kalau harga rumah 1M per bulan bayar kredit 10jt itu baru lunas 8 tahun-an. Kalau bayar kredit 3 juta per bulan baru lunas 27 tahun-an. Itu sisa gaji ya bukan gaji. Makanya berat buat Gen Z beli rumah kalau gaji di bawah 2 digit ","1767692224459161884","","","in","","0","0","0","https://x.com/haisalaz/status/1767692224459161884","545836955","haisalaz"
"1767667156676956495","Tue Mar 12 22:13:10 +0000 2024","57","@promisenewera @Strategi_Bisnis Sudah dibilang. Kenaikan harga properti jauh lebih tinggi dibandingkan kenaikan gaji tiap profesi. Udah paham mestinya kenapa sama aja antara nabung dan ga nabung. Gen Z ya mending have fun aja duit sisa buat sewa kontrakan/apartemen yg deket sama kantor.","1767675224890433827","","promisenewera","in","Bogor","0","2","2","https://x.com/ridwanlzd/status/1767675224890433827","1260342062781657089","ridwanlzd"
"1767667156676956495","Tue Mar 12 21:41:06 +0000 2024","2126","Harganya makin tak terjangkau. Kenaikan harga rumah jauh lbh tinggi dibanding kenaikan gaji. Konsep lifetime renting lama2 akan jadi mainstream di kalangan Gen Z. Konsep wajib punya rumah lama2 akan hilang dari kosa kata Gen Z. https://t.co/Odz6JW9jlq","1767667156676956495","https://pbs.twimg.com/media/GIgD5t_a0AAIvyo.jpg","","in","","284","164","473","https://x.com/Strategi_Bisnis/status/1767667156676956495","190535830","Strategi_Bisnis"
"1767549701342306424","Tue Mar 12 17:33:39 +0000 2024","4","@__AnakKolong Biar Gen Z tau yang dilatih pegang senjata untuk perang akan dapet gaji double dan Gen Z cuma disuruh main game di hape terus merongrong ortunya buat belin kuota","1767604884331962854","","__AnakKolong","in","","0","0","0","https://x.com/radja_warkop/status/1767604884331962854","998594790756270080","radja_warkop"
"1767476893866250326","Tue Mar 12 14:02:24 +0000 2024","1","@Strategi_Bisnis Ya gimana boomers udah pada pensiun ngandelin gen Z gen Z gaji cuma UMR biaya hidup tambah mahal mau menyunting wanita belom-belom udah kepikiran sewa gedung kalo udah nikah mau ngasih makan anak orang pake apa?","1767551719607808459","","Strategi_Bisnis","in","Utopia","0","0","0","https://x.com/blvkrubberduck/status/1767551719607808459","173766319","blvkrubberduck"
"1767152864949092362","Mon Mar 11 11:37:29 +0000 2024","0","Sebenarnya buat gen z yang usaha buat nyimpen duit tuh butuh gaji berapa sih buat punya rumah? apalagi setiap tahun aset selalu naik harganya.","1767152864949092362","","","in","","0","0","0","https://x.com/artjaguarrr/status/1767152864949092362","1160476089132576768","artjaguarrr"
"1767111632029970943","Mon Mar 11 08:53:39 +0000 2024","0","lain maciam delulu gen z bila baru dapat pegang gaji sendiri","1767111632029970943","","","in","Saint Petersburg, Russia","0","0","0","https://x.com/niatells/status/1767111632029970943","1103676062209175552","niatells"
"1766487734695473472","Sat Mar 09 15:34:30 +0000 2024","0","Agak kesel sm kebanyakan gen Z nih. Bilangnya hidup susah gaji kecil ga bisa nabung bla bla bla dan minta saran. Udah dikasi saran buat lbh bijak atur keuangan dll eh malah masih aja keliatan beli barang2 kebutuhan tersier dan sering jalan2 ke tempat mahal.","1766487734695473472","","","in","🌏","0","1","0","https://x.com/luminariaco/status/1766487734695473472","1617025898926178304","luminariaco"
"1766034521626235152","Fri Mar 08 16:43:49 +0000 2024","0","@TirtoID JIAKH . Gaji ga seberapa pak pak makin2 dah gen z menuhin lifestyle doang wkwkwkwk","1766142791321858367","","TirtoID","in","indonesia","0","0","0","https://x.com/woodnorge/status/1766142791321858367","3307124095","woodnorge"
"1765568143135744308","Fri Mar 08 07:44:54 +0000 2024","0","@convomf dunia dah gila menurut gua apa apa serba mahal dan banyak sisi negatif de menikah yg ke ekspos ke sosmed shg saya merasa takut. rumah mahal gaji kecil punya anak butuh parenting yg wow kek sy sbg gen z merasa apakah sy bisa?","1766007167558266889","","convomf","in","legal21+","0","0","0","https://x.com/detawanizm/status/1766007167558266889","1264048481749970944","detawanizm"
"1765638916672274520","Fri Mar 08 03:51:13 +0000 2024","1","@meinmokhtar Nak fun gi keje kat funfair....xpun kat sarkas.. Mesti gen z ni..keje jup je da x seronok.. Relaks la..nnti dpt gaji gi la berseronok ronok.. Tggu collect exp skit gi jump company lai.. Jgn la nak lemah sgt..kemon..","1765948360077517271","","meinmokhtar","in","Kuala Lumpur","0","0","0","https://x.com/ymandikadewa/status/1765948360077517271","1251404145648472071","ymandikadewa"
"1765565821680808413","Fri Mar 08 00:52:13 +0000 2024","0","@indrazulfi gausah minta maap gen z emang pada gatau diri (gak semua tapi mayoritas ) gengsinya gede kerja males malesan tapi minta gaji besar. biar mereka ditampar oleh opinimu yang benar ini.","1765903313625919831","","indrazulfi","in","Semarang - jkt","0","0","0","https://x.com/hanintyaputra/status/1765903313625919831","515255658","hanintyaputra"
"1765677534778470684","Thu Mar 07 09:55:03 +0000 2024","0","FG minta gaji layak dinyinyirin entar kalo Gen Z gabisa beli rumah disalahin karena keseringan beli kopi. Gini aja terus siklusnya ","1765677534778470684","","","in","","0","0","0","https://x.com/txtdrwumbo/status/1765677534778470684","1558043392868696064","txtdrwumbo"
"1765646191482519872","Thu Mar 07 07:50:30 +0000 2024","4","Unpopular opinion yang dibenci HR &amp; Business owner. Gaji di Indo itu KECIL dibandingin dengan negara tetangga kita seperti SG dan Vietnam padahal biaya hidup tinggi. WAJAR para Gen Z minta gaji yang layak. Lha wong rata-rata pengeluaran di Jkt itu 14 jt. https://t.co/oVlistrJHZ","1765646191482519872","https://pbs.twimg.com/media/GIDV2Gnb0AAI0Hb.jpg","","in","Bookland","1","0","2","https://x.com/BATnIRON/status/1765646191482519872","3075924408","BATnIRON"
"1765593864159785160","Thu Mar 07 04:22:35 +0000 2024","0","9 dari 10 gen z pengalaman kerja ga sampe setahun udah resign dan pas di interview minta gaji 9 juta minimum. belum setahun udah minta gaji segitu kan kunyuk","1765593864159785160","","","in","","0","0","0","https://x.com/adrpydi/status/1765593864159785160","1709191014395813888","adrpydi"
"1765397633865220500","Wed Mar 06 15:22:50 +0000 2024","1","Dulu pengen bgt kuliah tp org tua udh pensiun akhirnya kerja dulu dan dpt gaji lumayan trs sambil kuliah deh akhirnya lulus. Eh anak gen Z skrg mah enak udh byk bantuan2 pendidikan dr pemerintah mau diterusin malah milihnya yg makan gratis. Aaa kasiaaan aaaaa","1765397633865220500","","","in","Orange Garden","0","0","0","https://x.com/Maulidayellow/status/1765397633865220500","157206100","Maulidayellow"
"1765379075630313651","Wed Mar 06 14:09:05 +0000 2024","0","Coba ngeriset sendiri gen z ini kebanyakan ga terlalu ambisius kayanya gen z lebih mentengin mental health dari pada gaji karir dll. Tapi herannya kebanyakan hp ya iphone. Ya walaupun bli second ","1765379075630313651","","","in","Entah Berantah","0","0","0","https://x.com/Noorpad/status/1765379075630313651","143723073","Noorpad"
"1765311913439969382","Wed Mar 06 09:42:12 +0000 2024","3","Sekarang pelajar gen Z bising elaun untuk internship. Nanti mereka juga akan perjuangkan naikkan gaji basic.","1765311913439969382","","","in","Kampung Pisang","0","0","2","https://x.com/twt_bernutrisi/status/1765311913439969382","1263001510905966593","twt_bernutrisi"
"1765193330219254114","Wed Mar 06 09:17:37 +0000 2024","0","@syera_omar Gen z tapi gaji gen x. Baru syok","1765305723859419324","","syera_omar","in","Selangor, Malaysia","0","1","0","https://x.com/Irfanmajid93/status/1765305723859419324","1312350915597230082","Irfanmajid93"
"1765259116648509529","Wed Mar 06 07:13:30 +0000 2024","1","@OcongBoys @islah_bahrawi Kita dipaksa kembali ke jaman Batu kalo itu terjadi maka jangan harap generasi gen Z punya harapan kerja di pemerintahan. Dwifungsi abri mengerus apbn krn gaji mereka dobel.","1765274490106487180","","ebonXboy","in","","0","0","0","https://x.com/bendot219/status/1765274490106487180","1442719862522986499","bendot219"
"1765259116648509529","Wed Mar 06 07:01:33 +0000 2024","1","@OcongBoys @islah_bahrawi Jangan harap generasi gen Z ngarep lowongan kerja krn dwi fungsi abri aktif akan mendapat gaji dobel.","1765271484761776551","","ebonXboy","in","","0","1","0","https://x.com/bendot219/status/1765271484761776551","1442719862522986499","bendot219"
"1764858068226183205","Tue Mar 05 19:15:11 +0000 2024","0","@ardisatriawan Gaji guru udah gak naek2 kebutuhan pokok malah tambah mahal. Mana siswa Gen Z pada songong2 pula ","1765093721119613074","","ardisatriawan","in","Nevereverland","0","0","0","https://x.com/fishinginit/status/1765093721119613074","1790817962","fishinginit"
"1764498130723295471","Mon Mar 04 03:48:31 +0000 2024","0","Dah intern ada gaji pun esok masuk industri kerja cm gampang jugak. Gen Z semua babi. Belajar straight A ke pointer 4 flat ke Gen Z semua tak reti buat kerja. Dah la tak reti buat kerja. Adab pun tak ada. Siapa nak bekap Gen Z aku kasi wutoh 1 kali ","1764498130723295471","","","in","","0","0","0","https://x.com/oisyedmoehar/status/1764498130723295471","203893867","oisyedmoehar"
"1764265266513686624","Sun Mar 03 12:23:12 +0000 2024","3","Ni aku setuju. Biar je gaji 1.5k takde ot etc etc dptkan pengalaman butoo. Why not dpt gaji setimpal dan pengalaman. Btw aku bukan gen z aku support budak2 berani suara bab ni. Aku 8 thn lepas fresh dpt 2.5k kot xkan budak skrg dpt 1.5k je. Hotak majikan Malaysia","1764265266513686624","","","in","","0","0","0","https://x.com/hanibalqis22/status/1764265266513686624","1607580184395517954","hanibalqis22"
"1764258188428468401","Sun Mar 03 11:55:05 +0000 2024","1","Kehidupan gen Z tu sebatas kerja capek dapet gaji untuk self reward muteerrrrr aja sekitaran situ.","1764258188428468401","","","in","Indonesia","0","0","0","https://x.com/pinyfoxofficial/status/1764258188428468401","1203252691494768641","pinyfoxofficial"
"1764194292317470804","Sun Mar 03 07:41:11 +0000 2024","2","Ada temuan menarik bagiku dari riset IDN Research Institute. Bahwa sebagian besar Gen Z kurang tertarik pada pernikahan. Salah satu alasannya krn masih byk yg menumpang hidup dgn keluarga. Ya gimana properti meroket gaji mepet belum lagi kalo ngerapel jadi generasi sandwich","1764194292317470804","","","in","Yogyakarta","0","0","0","https://x.com/aisya_pr/status/1764194292317470804","2520439971","aisya_pr"
"1764109208197472735","Sun Mar 03 02:03:05 +0000 2024","0","Abang gue hari jumat: hadeh gaji kaya lewat doang Abang gue hari sabtu: de gue nonton netral (band) ya Bener-bener peak gen z","1764109208197472735","","","in","exo planet","0","0","0","https://x.com/bloomsvnf/status/1764109208197472735","3236617094","bloomsvnf"
"1764088957871251546","Sun Mar 03 00:42:37 +0000 2024","25","Elaun =/=gaji Ini bukan soal gen Z lembik sensitif. Mereka perlukan duit untuk makan sewa perjalanan ke tempat kerja. Dorang berhujah buat kerja dengan elaun setimpal Kalau elaun sikit kerja banyak korang taknak komen ke boomers? Ya aku intern tersakiti kena scam lect","1764088957871251546","","","in","London, England","0","0","12","https://x.com/kazamashinju/status/1764088957871251546","1222428229346025477","kazamashinju"
"1763924231824511174","Sat Mar 02 13:48:03 +0000 2024","0","One thing I saw from this gen (Z) ialah diorg dgaf nak submit 24 hour notice kalau benefits diorg tak dijaga tak kisah la gaji bulan tu dibayar ke tak ","1763924231824511174","","","in","Shah Alam | Malaysia","1","1","0","https://x.com/kenykhun/status/1763924231824511174","256422921","kenykhun"
"1763824057685008606","Sat Mar 02 07:52:09 +0000 2024","2","@worksfess meskipun gue gen Z gue realistis aja ofc pilih gaji 2 digit meski lingkungan toxic tahan diri sampe kekumpul dana yg cukup buat pensiun dini + bangun usaha susah2 dahulu wkwkwk","1763834664459116705","","worksfess","in","Universitas Indonesia","0","0","0","https://x.com/piztachious/status/1763834664459116705","1234329647094976512","piztachious"
"1763454718213542150","Fri Mar 01 17:58:13 +0000 2024","1","@realfedinuril Berhenti sama di pecat beda.. pak Prabowo masih terdaftar gaji pensiunan TNI... Itu tanda nya masih di akui sesepuh di TNI.. Kalo ga terima ya itu urusan situ... Terima ga terima toh 4 bintang udah di pundak","1763624800243920998","","realfedinuril","in","","0","0","1","https://x.com/alexand66298416/status/1763624800243920998","1636511635904012289","alexand66298416"
"1763044737769201906","Thu Feb 29 03:33:15 +0000 2024","0","Abis interview anak intern di gaji cuma 1.2 di media online gen z","1763044737769201906","","","in","","0","0","0","https://x.com/raykschrute/status/1763044737769201906","910923199436566529","raykschrute"
"1762817937944219668","Wed Feb 28 12:32:02 +0000 2024","0","Persiapan Wawancara Kerja Ini Tips Negosiasi Gaji untuk Milenial dan Gen Z https://t.co/LOXkMsBVMn","1762817937944219668","","","in","","0","0","0","https://x.com/Cerita_Parapuan/status/1762817937944219668","1349286188402712576","Cerita_Parapuan"
"1762451273595642166","Wed Feb 28 10:22:38 +0000 2024","0","@worksfess + lingkungan kerja enak + ga pernah lembur + pulang tenggo + 90% gen z kaya sekolah jadinya + jobdesk jelas ga ditambah2 - gaji UMR - libur kebanyakan weekday - izin diluar libur kena potong","1762785373854531785","","worksfess","in","","0","0","0","https://x.com/gomezforlyfe/status/1762785373854531785","1166553843842334723","gomezforlyfe"
"1762699841329848447","Wed Feb 28 04:42:46 +0000 2024","0","Gen z dan generasi milenial sudah tahu belum posisi pekerjaan yang punya gaji tinggi?⁣ ⁣ Ini dia beberapa pekerjaan dengan gaji tinggi menurut Michael Page!⁣ &gt;&gt; https://t.co/1EEZx77tEW ⁣ #detikedu #GajiTinggi #Pekerjaan #Gaji https://t.co/TnXZfMLMQg","1762699841329848447","https://pbs.twimg.com/media/GHZd579a4AAbB5t.jpg","","in","","0","0","0","https://x.com/detik_edu/status/1762699841329848447","1668188086067683331","detik_edu"
"1762326795934958026","Tue Feb 27 11:15:32 +0000 2024","0","@faizke2 Gaji sedap takkan dapat selesa tahap mcm tuu fuhh pangai gen z sangatt","1762436298739224996","","faizke2","in","Malaysia","0","0","0","https://x.com/nurzhee/status/1762436298739224996","901768986","nurzhee"
"1762324451201519814","Tue Feb 27 09:51:22 +0000 2024","0","@blac_K_amil Member seronok lompat kerja gaji tinggi2 tp dia kerja ikut vibes. Terpaling gen z","1762415114559656195","","blac_K_amil","in","Kuala Lumpur ","0","1","0","https://x.com/najwawok/status/1762415114559656195","2832467335","najwawok"
"1762047779223073278","Mon Feb 26 09:31:42 +0000 2024","0","Kenapa anak2 skrang Gen Z terlebih ingin semua hasil instan bgt penge gaji 2digit tapi baru pertama kerja ingin karir cemerlang tapi ga mau berproses itu konsep dari mana semua itu harus berproses dari 0 kaya anak tangga satu2 ga ujuk2 teko tekan duwur TOLOL!","1762047779223073278","","","in","Kantong blanjaan ","0","0","0","https://x.com/08Pamin/status/1762047779223073278","1173304936592900097","08Pamin"
"1761357892354224235","Mon Feb 26 01:46:04 +0000 2024","1","@zarryhendrik Bener sih 02 langsung pake gimmick gemoy joget oke gas d tiktok dan itu banyak di ambil oleh kalangan gen z yg easy going aja gak mau pusing dan kritis Yang kedua faktor tidak langsung seperti bantuan kenaikan gaji ASN bantuan desa yg datang disaat bersamaan ","1761930599873544421","","BeliKoinId","in","bandung","0","1","0","https://x.com/SantanaIqbal/status/1761930599873544421","422055722","SantanaIqbal"
"1761654763954086311","Sun Feb 25 07:34:16 +0000 2024","0","@worksfess kalo lu freshgraduate dan mencari pengalaman dan gaji nya skrng gede? paksain buat jadi kartap setahun 2 tahun. tp kalo gaji lu kecil lingkungan toxic atau apalah itu ya mending out. tp gq curiga gen z skrng toxic itu gmn kadang terlalu manja di suruh buat kopi di bilang toxic","1761655838446608583","","worksfess","in","Bandung, Jawa Barat","0","1","0","https://x.com/summerin2002/status/1761655838446608583","164177861","summerin2002"
"1761220615489667273","Sat Feb 24 03:15:41 +0000 2024","0","@ardisatriawan Klo gaji dosen 120jt/bln sudah ranking 1 pasti UI se dunia jurnal2nya jg pasti sudah puluhan ribu terbit dalam setahun eh mungkin negeri wakanda yg dimaksud","1761228376994623791","","ardisatriawan","in","Engelberg, Switzerland","0","1","1","https://x.com/GenZ3T/status/1761228376994623791","1257249470623801345","GenZ3T"
"1760561602359894385","Thu Feb 22 07:06:10 +0000 2024","0","jadi relate sm org yg blg gen z tu mending kerja gaji dikit tapi mental health drpd gaji gede tapi stress trs","1760561602359894385","","","in","","0","0","0","https://x.com/kicikkc/status/1760561602359894385","1268217366946574336","kicikkc"
"1760469134469693731","Thu Feb 22 03:58:13 +0000 2024","5","@fellexandro Gwe adalah gen z yg kebeli rumah aja gak kebayang. Gaji 5juta bokap udah mokat jadi harus berbagi income sama nyokap nyokap gw kasih 2jt perbulan nabung sejuta bwt bayar kuliah bayar wifi nabung keinginan. Skrang lagi fokus gmna caranya naikin income","1760514305248858553","","fellexandro","in","","0","1","0","https://x.com/teainbottle/status/1760514305248858553","1745111279579361280","teainbottle"
"1760438434064437674","Wed Feb 21 23:22:19 +0000 2024","8","@priyantoka @ardisatriawan Hibah riset jg dibatasi utk dosen pemula jika dosen sudah Lektor Kepala baru banyak tapi seleksinya ketat dan tanggung jawabnya jg ribet. Dan itupun dana khusus riset bukan gaji","1760444869708001766","","gapleklegit","in","Engelberg, Switzerland","0","0","0","https://x.com/GenZ3T/status/1760444869708001766","1257249470623801345","GenZ3T"
"1760252515130696123","Wed Feb 21 10:37:58 +0000 2024","0","Tidak bisa dipungkiri bahwa di generasi manapun baik babyboomer milenial &amp; gen Z kita akan menemukan org2 yg lebih memilih menganggur daripada bekerja dibawah gaji UMR","1760252515130696123","","","in","Banjarbaru","0","0","0","https://x.com/adii_wijayaaa/status/1760252515130696123","898749684","adii_wijayaaa"
"1760211922962821615","Wed Feb 21 07:56:40 +0000 2024","0","katanya pendidikan mencerdaskan bangsa. Tapi kok deosen aja di bego begoin pake gaji buat makan aja kurang","1760211922962821615","","","in","","0","0","0","https://x.com/DanangSp17/status/1760211922962821615","1239995135615590400","DanangSp17"
"1759484158643249205","Mon Feb 19 07:44:47 +0000 2024","0","oke gas .gen z dg pendukung all in nikmati aja ya .itu yang nampak pdahal 20000T .kalean lah yg bayar pajak .kami mah di naikkin gaji .jogetin aja https://t.co/z7G5uxBOfA","1759484158643249205","https://pbs.twimg.com/media/GGrxgeLb0AA0Pk-.jpg","","in","Kota Palembang","0","0","0","https://x.com/cryptosumsel/status/1759484158643249205","156200001","cryptosumsel"
"1758694352501768399","Sat Feb 17 03:26:23 +0000 2024","3","Lama2 UNJ ga laku tuh kampus gw kampus pendidikan. Kalo guru ga dihargain gaji kecil gimana gen Z minat jadi guru? Makin bobrok Indonesia dah wallahi heran kok bangsa kita alergi sama orang pinter intelektual sih astaghfirullah","1758694352501768399","","","in","","0","0","0","https://x.com/bngtan_my/status/1758694352501768399","1399200848706637826","bngtan_my"
"1758491339073954203","Fri Feb 16 13:59:41 +0000 2024","0","lagi ketawain pendukungnya di tik tok solusi nya joget .rata rata gen z pemilihnya kalu gak ngganggur numpang hidup di ortu .oke gas beras harga beras 17-20 k bbm sebntar lgi listrik ppn 12 % 2025 pulsa dll.oke gas solusinya joged kasihan gaji umr pendukungnya naik 50k","1758491339073954203","","","in","Kota Palembang","0","0","0","https://x.com/cryptosumsel/status/1758491339073954203","156200001","cryptosumsel"
"1758315302260285573","Fri Feb 16 11:02:03 +0000 2024","0","@tanyakanrl pst anak gen Z semua ni yg reply woi dlu pilpres 2019 gini jg tau malah pulang nya bisa sampe siang bayangin aja dengan gaji cuma 800rb lagi bersyukur ajasi wkwk","1758446636450324640","","tanyakanrl","in","","0","0","0","https://x.com/adlrmdnss/status/1758446636450324640","1068200691733151744","adlrmdnss"
"1758138349649637710","Fri Feb 16 07:16:35 +0000 2024","0","@zaialamm pakdhe nya Lord tau gimana caranya memikat hati si miskin (dimiskinkan tapi kasih bantuan) si menengah ( dijanjikan kenaikan gaji) dan si atas (dilancarkan bisnisnya dengan merubah aturan) gen Z (pakai influencer) ..set up panjang berbulan bulan.","1758389896023298059","","zaialamm","in","Behind my gears","0","0","0","https://x.com/Veroiphoto/status/1758389896023298059","857417041","Veroiphoto"
"1757974220443996172","Thu Feb 15 03:44:50 +0000 2024","0","Pengawas bilang: gampang kan? Kita tinggal buat dan upload. Apalagi guru-guru di sini gen z banyaknya Pret. Gaji aing aja ga seberapa anjir","1757974220443996172","","","in","Jakarta Capital Region","0","1","0","https://x.com/dalkomaneo/status/1757974220443996172","1313630613446909952","dalkomaneo"
"1757796181143638259","Wed Feb 14 15:57:22 +0000 2024","0","Realitas bhw pemilih gen Z milenials dan boomers senang dgn zona nyaman mrk saat ini. Ide makan siang gratis bansos lowongan kerja asn kenaikan gaji/tunjangan asn tmsk pensiunan meskipun naik sedikit tp itu yg disukai ketimbang ide menghadirkan hukum yg lbh adil dsb.","1757796181143638259","","","in","Indonesia","0","0","0","https://x.com/roysalam/status/1757796181143638259","80254922","roysalam"
"1757787200949989813","Wed Feb 14 15:21:41 +0000 2024","0","lu kalo gen z yang ngomong harusnya mikir ya wkwk 5 tahun itu tahun-tahunnya lo semua usia produktif (kerja) lu bayangin aja kerja keras gaji lu banyakan dikantongin pemerintah (karna pajak dinaikin) buat naikin gaji pejabat. Mikir nder","1757787200949989813","","","in","","0","0","0","https://x.com/heyyninama/status/1757787200949989813","1354588539841728515","heyyninama"
"1757736436454064170","Wed Feb 14 13:25:27 +0000 2024","3","@FCB_WCL @faisal_hernawan @AhmadTsgalau Intinya sih dari yang gua denger gen Z ini pengen jadi PNS semua makanya pilih prabowo tapi kalo keterima itu juga Soalnya Pak Prabowo kan ingin menaikan gaji TNI POLRI dan PNS Kalo buruh mah turuuu bae udah gak boleh naik sama Pak WOWO Yang gua bingung duitnya dari mana ?","1757757950255641003","","FcbWclMaru","in","Indonesia","0","0","0","https://x.com/hsilfian/status/1757757950255641003","515453193","hsilfian"
"1757746405861675053","Wed Feb 14 12:39:35 +0000 2024","1","Berdasarkan riset mayoritas Gen Z dan Milenial mempunyai keinginan untuk memiliki rumah impian seharga Rp1 miliar Rp3 miliar. Namun keinginan ini tidak sebanding dengan gaji Genz dan Milenial yang rata-rata setinggi UMP yakni di kisaran Rp5 juta. https://t.co/TqkUZ1zFVG","1757746405861675053","","","in","Jakarta","0","0","0","https://x.com/indozonemedia/status/1757746405861675053","350668803","indozonemedia"
"1757730238942044207","Wed Feb 14 11:35:20 +0000 2024","0","Welcome nepotisme and new orba 2024. Kasian sama pendukungnya nanti pajak di naikin gaji pejabat yg katanya kurang biar tidak korup di naikin hilangnya demokrasi timbulnya nepotisme. Kasian sama pemilih Gen Z dan Melenial sekarang. RIP demokrasi ","1757730238942044207","","","in","","0","0","0","https://x.com/wancik_ali/status/1757730238942044207","1269013271660466176","wancik_ali"
"1757692447113834891","Wed Feb 14 09:05:10 +0000 2024","1","02 menang berdoa yang terbaik buat negeri ini alias 5 tahun ke depan giliran gen z bayarr pajakkk dapet gaji pertama gws","1757692447113834891","","","in","","0","0","0","https://x.com/firdoen/status/1757692447113834891","907519062","firdoen"
"1757236728769958158","Tue Feb 13 13:54:25 +0000 2024","0","@txtdrpengusaha gen z itu asal jamkerja seusai sama gaji mah fine fine aja","1757402852778189145","","txtdrpengusaha","in","Indonesia","0","0","0","https://x.com/susantialf/status/1757402852778189145","1506469094375436291","susantialf"
"1756890874385244236","Mon Feb 12 23:16:30 +0000 2024","0","@worksfess Tempat sebelumnya jg ada sih gen z tp lebih sopan meski masuknya jalur ordal kalo tempat yg ini gaji org ditanya bapak2 udh tua disatir kek udahlah kerja tp masih jd staff..chuakkss gue dong MT ","1757181914946179190","","_clarastorm_","in","","0","1","0","https://x.com/_clarastorm_/status/1757181914946179190","1060883958538240000","_clarastorm_"
"1757052244732846147","Mon Feb 12 14:41:14 +0000 2024","0","Rill njir gen z dikantorku sering blg Mending gua kerja gaji kecil tapj mental health gua terjaga orangnya asik2 Langsung ku timpalin gua mah mending gaji gede urusan mental belakangan wkwkwkwk lucu-lucu ya genz","1757052244732846147","","","in","puncak komedi","0","0","0","https://x.com/briannrii/status/1757052244732846147","226066354","briannrii"
"1757001170604941792","Mon Feb 12 11:18:24 +0000 2024","0","Jangan salah realita ini juga dialami oleh pekerja salah satu startup di kawasan SCBD. Andine bukan nama sebenarnya mengaku biaya hidupnya lebih tinggi dari gaji bulanannya. Sebagai Gen Z ia kesulitan untuk memiliki tempat tinggal.","1757001200401326195","","TrendAsia_Org","in","Indonesia","0","1","0","https://x.com/TrendAsia_Org/status/1757001200401326195","935202295158939648","TrendAsia_Org"
"1756710417358057593","Mon Feb 12 08:58:38 +0000 2024","4","@sczeve hhaha itu gen z di kepalanya adalah gaji gede biar bs flexing traveling di kehidupan jetset. dan pastinya keliatan keren krn gaji gede realitanya lu wktu kuliah juga lebih byk nongkrong dri pada belajar bangga bs dugem dll yg akhirya lulus kya 0. dan lu ngarep gaji gede?","1756966027966153028","","sczeve","in","","0","0","2","https://x.com/terpanggil313/status/1756966027966153028","1544911840592900099","terpanggil313"
"1756657974406226072","Sun Feb 11 15:57:36 +0000 2024","0","@lhyeinn Eh enggak boleh makan gaji buta yah kita harus buktikan bahwa gen Z tidak malas! *rebahan*","1756709077307310333","","lhyeinn","in","𝓟ersonated by a YOU:ME.","0","1","0","https://x.com/qkokona/status/1756709077307310333","807039445601959936","qkokona"
"1756685315505561905","Sun Feb 11 14:23:11 +0000 2024","0","Gen ask apkh average gen z kemungkinan bisa beli rumah khususnya di jkt. Milyar milyar juta juta ratus ratus sekian harga rumah di jakarta tapi gaji segitu~","1756685315505561905","","","in","earth","0","0","0","https://x.com/Starz00na/status/1756685315505561905","1011402212789010432","Starz00na"
"1756491263233392738","Sun Feb 11 08:36:12 +0000 2024","0","@ZaiVoun @meinmokhtar Risau tgk Gen Z gaji RM5k tp simpanan RM2k slps 5 thn bekerja ","1756597994718470489","","ZrVoun","in","Shah Alam","0","0","0","https://x.com/adzakael/status/1756597994718470489","41532160","adzakael"
"1756475445238022191","Sun Feb 11 00:29:14 +0000 2024","0","tarif pajak rakyat di naikan gaji pejabat di naikan pendukungnya all in gen z tolol","1756475445238022191","","","in","perbatasan surga dan neraka","0","0","0","https://x.com/rickyprtmptr/status/1756475445238022191","2259917400","rickyprtmptr"
"1756298289534980380","Sat Feb 10 12:45:17 +0000 2024","0","Mimpi boleh kok tinggi2 tapi tidak buat gen Z soalnya kalo disuruh kerja berat dikit ngeluh tapi gaji pengennya tinggi ","1756298289534980380","","","in","Depok, Indonesia","0","0","0","https://x.com/radenputraa/status/1756298289534980380","175762265","radenputraa"
"1756170433643339961","Sat Feb 10 04:17:14 +0000 2024","0","this is true. gue anak gen z but i dont mind working from bottom to top. lu harus bisa merangkak dulu baru bisa lari. begitu juga dengan gaji. harus pelan instant stuff wont last long. karena itu kalo mau planning harus periodenya tahunan jangan lompat sana lompat sini.","1756170433643339961","","","in","Denpasar, Bali","0","0","0","https://x.com/noransaeee/status/1756170433643339961","1436063625005846545","noransaeee"
"1748563373577650492","Sat Jan 20 04:36:42 +0000 2024","0","Jadi isu Jawa Tengah jd UMR terkecil no 1 di Indonesia itu bisa rusak image kampaye yg di bangun ganjar selama ini wkkww Pro rakyat kecil dgn memberikan UMR terkecil wkwkw dan gen Z itu udah bngt alergi ama gaji kecil milineal jg no 1 UMR Terkecil loh se indonesia https://t.co/ZAMQZQGwOx","1748565187849011331","https://pbs.twimg.com/media/GEQmxXvaYAAX_jw.jpg","tekarok007","in","","0","1","0","https://x.com/tekarok007/status/1748565187849011331","1184695438365974528","tekarok007"
"1748546608403521992","Sat Jan 20 03:22:52 +0000 2024","0","One more Bila Gen Z tnya something tell them teach them bukan ckp Takkan benda ni pun tak tahu kau belajar apa dulu tak masuk kelas ke Ma'am/sir please. Jgnlah macam tu tak perlu nak perli &amp; sarcastic. Tak kacau pun gaji korang utk ajar diorang benda tu.","1748546608403521992","","","in","L-1485 + stay","0","1","0","https://x.com/officiallygee_/status/1748546608403521992","603414062","officiallygee_"
"1748447980393496717","Fri Jan 19 20:54:27 +0000 2024","0","Bagi bos-bos gen x peduli setan dengan orang di bawahnya yang penting profit perusahaan lancar dan makin gede Bagi karyawan gen z peduli setan dengan perusahaan yang penting gaji cair tapi kerjaan seminim mungkin Sah sah aja","1748448858156474567","","husk4r","in","Indonesia","0","0","0","https://x.com/husk4r/status/1748448858156474567","328860307","husk4r"
"1748327922119901269","Fri Jan 19 12:53:53 +0000 2024","0","gen z kesulitan beli rumah karena harganya yg semakin gk masuk akal sedangkan gaji tetep segitu gitu aja solusinya bukannya nurunin harga rumah atau kenaikan gaji yg layak malah perpanjangan tenor kpr bjir lah","1748327922119901269","","","in","Malang, Jawa Timur","0","2","0","https://x.com/prstyodwii/status/1748327922119901269","1127094013406760967","prstyodwii"
"1748219605095780438","Fri Jan 19 12:16:07 +0000 2024","0","@kegblgnunfaedh Di real life ada yg namanya konsekuensi yg mpertaruhkan integritas &amp; gaji anda. Mereka ini Pelajar yg sedang mpelajari norma &amp; aturan di masyarakat termasuk kedisiplinan. Apalagi anak SMA yg segera lulus &amp; masuk ke masyarakat. Bisa ketebak kan bgmn karakter gen Z tbentuk?","1748318417344700466","","Mra_myname","in","Indonesia","0","0","0","https://x.com/Mra_myname/status/1748318417344700466","1399586452502056963","Mra_myname"
"1748292625046847682","Fri Jan 19 10:33:38 +0000 2024","0","Salah ni. Gen z nak gaji masuk tapi kerja goyang kaki sahaja.","1748292625046847682","","","in","","0","0","0","https://x.com/hairecheros/status/1748292625046847682","87670567","hairecheros"
"1747949279787012485","Fri Jan 19 10:18:53 +0000 2024","125","@okmuazh 6.Ramai Gen Z utamakan WLB dari duit/gaji. Perkenalkan jadual kerja fleksibel. WFH/WFA. 7. Rewards tak semestinya duit. Bagi balik awal on Friday etc. 7. Usia tak semestinya menjamin semua lebih mahir. Ada Gen Z lebih berkemampuan. Serah tanggungjawab pada golongan ini.","1748288915331842109","","okmuazh","in","Malaysia","0","2","12","https://x.com/gunNesh33/status/1748288915331842109","251818592","gunNesh33"
"1748235054743175392","Fri Jan 19 06:44:52 +0000 2024","0","Realiti gen z sekarang kerja banyak gaji kurang.","1748235054743175392","","","in","Malaysia 🇲🇾","0","0","0","https://x.com/RafAm1n/status/1748235054743175392","951914522","RafAm1n"
"1748188174588010997","Fri Jan 19 03:38:35 +0000 2024","0","Nak gaji yang setimpal. Ingat tau kalau YOU time muda dulu gaji segitu tak valid tau untuk Gen Z sekarang. Rumah mahal apa semua. Pastu bising kenapa budak sekarang terjerumus dalam DS","1748188174588010997","","","in","Selangor, Malaysia","0","0","2","https://x.com/nadzyyrah/status/1748188174588010997","2944977427","nadzyyrah"
"1747949279787012485","Fri Jan 19 02:53:56 +0000 2024","9","@okmuazh bukan Gen z tapi please la eh para boomers sekalian. Kalau kau nampak ada sorang pekerja kau tu ada experience lebih sikit dari pekerja lain. Kau jangan nak letakkan segala expectations tinggi dekat dia sedangkan gaji yang kau beri sama rata dengan yang lain.","1748176940039888948","","okmuazh","in","","0","1","1","https://x.com/urghwell/status/1748176940039888948","1529451396961308672","urghwell"
"1748152252718891126","Fri Jan 19 01:31:21 +0000 2024","1","I love gen Z kita dtg kerja buat kerja yg dibayar je why would we do more work tapi gaji tak naik? Gen z kita slay ","1748156155149598881","","aliaraub","in","Oyen Update: ","0","0","0","https://x.com/aliaraub/status/1748156155149598881","746619396643135492","aliaraub"
"1747995963355250851","Thu Jan 18 14:54:48 +0000 2024","0","Gen Z surat terbuka buat kalian semua nih #asalbukanprabowo #asalbukan02 Malam Jumat #BanyakYgBalikKe02 Pandji Raffi Ilana Tan Papua Gaji Miftah #GengPastiPasti Abah Gemes Suka PBNU https://t.co/QOzdg81l6F","1747995963355250851","https://pbs.twimg.com/ext_tw_video_thumb/1747995822200139776/pu/img/NqfdH6iiTMAue358.jpg","","in","malang","0","0","0","https://x.com/noverliagstk/status/1747995963355250851","1730480527470432256","noverliagstk"
"1747995948427661526","Thu Jan 18 14:54:44 +0000 2024","1","Gen Z surat terbuka buat kalian semua nih #asalbukanprabowo #asalbukan02 Malam Jumat #BanyakYgBalikKe02 Pandji Raffi Ilana Tan Papua Gaji Miftah #GengPastiPasti Abah Gemes Suka PBNU https://t.co/NwWhAJ0Ka5","1747995948427661526","https://pbs.twimg.com/ext_tw_video_thumb/1747995772099112960/pu/img/yU_xOqxoOLUEIg9Y.jpg","","in","surabaya","0","0","1","https://x.com/noviannashbrn/status/1747995948427661526","1730468622525681664","noviannashbrn"
"1747881515240006140","Thu Jan 18 07:20:01 +0000 2024","41","Work! Gen Z sekarang dikit2 ngeluh mental tempe manja dll Aku gen z kerja overworked gaji jauh under umr apa termasuk kategori diatas? Kadang mau ngeluh tuh mikir dulu apa emg harus se-susah payah ini kerja buat dapetin gaji yg gk seberapa? Pengen resign (cont..)","1747881515240006140","","","in","","0","4","1","https://x.com/worksfess/status/1747881515240006140","1244597361826885636","worksfess"
"1747846586489819599","Thu Jan 18 05:01:14 +0000 2024","1","misalkan aku mau bikin base menfess baru aku yg modalin kira2 ada yg mau ngurus / jadi adminnya ga? ntar sponsor aku yg cariin biar dapet gaji tp awal2 mau bangun dulu..","1747846586489819599","","","in","","0","1","0","https://x.com/Studio_GenZ/status/1747846586489819599","1212475714861035520","Studio_GenZ"
"1747645517574844765","Thu Jan 18 00:17:26 +0000 2024","0","@TirtoID Udah gaji naik dapet proyekan jg #eh udah bener pilih AMIN","1747775168272019823","","TirtoID","in","Engelberg, Switzerland","0","0","0","https://x.com/GenZ3T/status/1747775168272019823","1257249470623801345","GenZ3T"
"1740262561873060125","Thu Dec 28 11:33:40 +0000 2023","0","@worksfess Gen z kalo terus-terusan kena standar imajinatif begini gua liat kasian juga ya kalo kerja ternyata gaji 4jt mentok ga dapet lemburan take it or leave it","1740335203040813466","","worksfess","in","Jakarta","0","0","0","https://x.com/lahdaza/status/1740335203040813466","1426588243735154691","lahdaza"
"1740324271346667743","Thu Dec 28 10:57:22 +0000 2023","58","@tanyarlfes lahhh wajar kok lu aja gen z tolol pengen gaji gede cepet","1740326064067609051","","tanyarlfes","in","","0","0","0","https://x.com/YAANJINHGG/status/1740326064067609051","1711787659822235648","YAANJINHGG"
"1740251978113208354","Thu Dec 28 06:02:58 +0000 2023","1","Gaji kat sini mmg sucks. tp aku suka tngk gen z bijak cari gaji tinggi. mmg susah nk cari tp kena cara mmg boleh dpt gaji masyukkk. follow la yg bnyk share cara nak build career. tp kalo dh brumur mmg susah sket la. tp ramai engineer architect etc trpaksa lompat ke bidang IT","1740251978113208354","","","in","PJ, Klang, Malaysia","0","0","0","https://x.com/PuanARMY/status/1740251978113208354","1063024917237526528","PuanARMY"
"1739989430038073376","Wed Dec 27 12:39:42 +0000 2023","1","people said gen z cenderung punya doomerism mindset ya gimana nggak bjir climate change yang ngerasain dampaknya kita krisis hunian tapi gaji stagnan fucking pandemic krisis kemanusiaan dr awal taun kaga kelar-kelar (despite being livestreamed idk) sehat-sehat aja lah kids","1739989430038073376","","","in","26 | she/her","0","0","0","https://x.com/shoyoujeruk/status/1739989430038073376","1669257518219153409","shoyoujeruk"
"1739879807687807060","Wed Dec 27 11:08:47 +0000 2023","0","@semangatyaran base biru putih mn mau ngetake down sesuatu yg udah viral dan memecahkan rekor. Salah satu alasannya supaya dapet gaji dari elon kakkk wkwkwkw. Dan ya yg pada mau nyoba org' yg sok edgy aja apalagi gen z biasalah biarin aja mereka mau nyoba-","1739966551397368291","","semangatyaran","in","","0","1","0","https://x.com/hiskiyatria/status/1739966551397368291","1590266598316601345","hiskiyatria"
"1739879581405130772","Wed Dec 27 05:23:12 +0000 2023","5","GAJI GAK SESUAI JOBDESK BIKIN GEN Z CEPETAN RESIGN! Lo tahu gak 64 9% Gen Z di Indonesia siap resign kalo gaji gak sesuai jobdesk? Realita kerja zaman now bikin mikir dua kali. Satu Persen ngerti banget masalah ini. Bukan cuma soal duit tapi tentang penghargaan dan keadilan di https://t.co/oRiZnu7opm","1739879581405130772","https://pbs.twimg.com/media/GCVLHQlbgAAdrnx.jpg","","in","","0","0","1","https://x.com/satupersen_id/status/1739879581405130772","1097636424168263680","satupersen_id"
"1739871504672989376","Wed Dec 27 05:19:06 +0000 2023","0","@momirgemoy Gen z butuh lapangan kerja dengan gaji 2 digit ","1739878550097035410","","momirgemoy","in","Yogyakarta, Indonesia","0","0","0","https://x.com/penikmat_micinn/status/1739878550097035410","1505020512686440448","penikmat_micinn"
"1739872156173869307","Wed Dec 27 04:53:41 +0000 2023","4","Bukan takat Gen Z je sis yg millenial 90s ni pun dah applied Quiet Quitting since early this year. Nak nak sejak dapat team leader hauk. Asal cuti as planned dapat gaji jalan and big boss tak complaint. Buat keje asal siap sudah","1739872156173869307","","","in","","0","0","1","https://x.com/moonGrii/status/1739872156173869307","1055406140304044032","moonGrii"
"1739821004451688867","Wed Dec 27 01:30:26 +0000 2023","0","Bukan gen Z je aku yg dah nak cecah 30 ni pun buat benda sama. Buat apa kerja lebih klu gaji tang tuu ja. Buang masa. Buang tenaga. Banyak lagi benda lain boleh buat dari kerja je.","1739821004451688867","","","in","Love Myself ","0","0","0","https://x.com/buttermies/status/1739821004451688867","1317095230798286849","buttermies"
"1739791527688503337","Tue Dec 26 23:33:18 +0000 2023","2","Padahal rerata gaji gen z itu di bawah 2 5. Nek misal nang kene gaji 5 juta gak payu rabi berarti wong kene goleke setara karo Bapake Prabowo atau keponakan Tunggul Ametung. Kaya raya tekan orok.","1739791527688503337","","","in","Churabhaya","0","1","0","https://x.com/dewanggaevan_/status/1739791527688503337","1045552313492893697","dewanggaevan_"
"1739704474212725239","Tue Dec 26 17:47:23 +0000 2023","769","Pandangan aku terma ni boomer yang cipta. Gen Z tau dengan kadar gaji diorang kerja ikut JD je dah cukup. Nak grow organically dalam company yang sama tak berbaloi. Lagi baik lompat company lain. So buat apa nak kerja lebih-lebih sampai separuh mati?","1739704474212725239","","","in","Petaling Jaya","11","2","712","https://x.com/chairmanGLC/status/1739704474212725239","1438164328755068928","chairmanGLC"
"1739499786208985216","Tue Dec 26 11:21:40 +0000 2023","1","@faridaffy Gen Z yg ada mindset begini adalah org yg paling rugi. Tunggu lah anda berumur 40an kalau masa tu masih berharap gaji bulan/suami baru menyesal. Zaman skrg pantas bukan zaman healing.","1739607405867254216","","faridaffy","in","Bukit Jelutong,Shah Alam.","0","1","0","https://x.com/IDMayasari/status/1739607405867254216","146856160","IDMayasari"
"1739578250433798220","Tue Dec 26 09:25:49 +0000 2023","1"," saya kerja jadi guru - gaji kecil - di anggap kerjaan sepele - bukan cita gen Z Saya mencerdaskan kehidupan bangsa - jiwa Pahlawan - menantu idaman - mengamalkan UUD 1945","1739578250433798220","","","in","solo","0","1","0","https://x.com/ukid_adi/status/1739578250433798220","129736164","ukid_adi"
"1739499786208985216","Tue Dec 26 08:43:41 +0000 2023","25","@faridaffy Tak benda ni dekat boomer gen X Dan gen Y pun ada... Benda ni jadi ada banyak sebab kalau boomer dia dah umoq nak bersara jadi dia dah malas nak hadap selain dari tu genX Y dan Z sebab gaji tak naik banyak sebabkan rasa tak berbaloi dan macam-macam lagi sebab","1739567647698931869","","faridaffy","in","Outer haven","0","0","5","https://x.com/ae86pingu/status/1739567647698931869","1325128963","ae86pingu"
"1739427943791874278","Mon Dec 25 23:28:33 +0000 2023","0","Pantesan loker gue gak pernah di acc di tiap perusahaan. Orang usia saya dah lewat maksimal dan udah punya banyak pengalaman kerja. Ya perusahaan mungkin takut buat ngasih gaji gede yang pengalaman. Di dunia ini kan hanya boleh gen Z yang di upah murah. Ya kan?","1739427943791874278","","","in","","0","2","0","https://x.com/pecandubaca/status/1739427943791874278","326610676","pecandubaca"
"1738102269357465815","Sat Dec 23 03:23:14 +0000 2023","0","@asumsico Milennial + gen Z gaji dibawah UMR: ️","1738399839560589774","","asumsico","in","","0","0","0","https://x.com/Es5e9ar/status/1738399839560589774","1328440353574191105","Es5e9ar"
"1738106229166362625","Fri Dec 22 09:07:46 +0000 2023","0","@mrnandaw Gaji km gen kawa ku bayari","1738124156573741070","","mrnandaw","in","Kalimantan Selatan, Indonesia","0","1","0","https://x.com/o______z______y/status/1738124156573741070","238143437","o______z______y"
"1735623190628774297","Fri Dec 15 11:29:49 +0000 2023","0","ketimbang nangisin capres mending nangisin idup u sendiri aja deh mereka gagal nyapres jg masih bisa leha2 nikmatin aset lah kita? gen z gaji umr+generation sandwich beli rumah aja mampu ","1735623190628774297","","","in","Johore, Malaysia","0","0","0","https://x.com/heidikusendang/status/1735623190628774297","984696046063304704","heidikusendang"
"1735510004176994735","Fri Dec 15 10:29:27 +0000 2023","0","@worksfess gw ex di processing agribusinessnya berharap sama gaji yg ada di OL aja karena kenaikan tiap taun ga bisa di harapkan. lalu pekerjanya banyak babyboomer buat yg gen z dan millenial sabar sabar untuk adaptasi apalagi kalo ada transisi system","1735607996783505799","","worksfess","in","Johore, Malaysia","0","0","0","https://x.com/bmegaj/status/1735607996783505799","82265069","bmegaj"
"1735213043565621733","Fri Dec 15 00:49:35 +0000 2023","0","@worksfess Nahan ijazah gaada uang lembur gaji dibawah umr","1735462069062058264","","worksfess","in","","0","0","0","https://x.com/HumanGenZ/status/1735462069062058264","1356123041432932354","HumanGenZ"
"1735294765720346911","Thu Dec 14 13:44:47 +0000 2023","1","alhamdulillah udah setengah tahun semenjak wisuda udah lumayan berprogress salah satunya ngalamin gaji yang tiap bulannya ga pernah sama alias ningkat terus alhamdulillah semangatt merintis karir wahai gen z ingat ada 17 juta teman gen z lainnya yang siap bekerja","1735294765720346911","","","in","tenerife sea","0","1","0","https://x.com/miIdmoon/status/1735294765720346911","437250608","miIdmoon"
"1735150812383600800","Thu Dec 14 05:51:50 +0000 2023","59","@adiiprnmo Mental SDM kita jg pengaruh sih. Kebnykan pengin kerja nyaman aman di balik meja administratif. Coba challenge lain dong ke Divisi marketing &amp; penjualan. Disana gaji tak terbatas karir bisa sampe Puncak perusahaan. Klo gen z &amp; milenial cm ngeluh gaji kecil ke negara? ","1735175747621531692","","adiiprnmo","in","Negeri Adjaib","30","43","8","https://x.com/njar_brahma/status/1735175747621531692","56909278","njar_brahma"
"1734943766488961308","Thu Dec 14 03:10:37 +0000 2023","0","@worksfess Aku gen z alesan paling tinggi w resign adalah ya gaji ga sesuai jobdesc ga sesuai sama skill kek semacam w ngasi 75% ke perusahaan tapi perusahaan ngasihnya cuma 30% ke w jd tidak sebanding","1735135174906859756","","worksfess","in","Indo","0","0","0","https://x.com/remunov/status/1735135174906859756","1307442758114705408","remunov"
"1735129509375119680","Thu Dec 14 02:48:06 +0000 2023","0","gaji dua digit dan punya rumah adalah sesuatu yang terasa amat mustahil untuk gen z","1735129509375119680","","","in","","0","0","0","https://x.com/alkaa103/status/1735129509375119680","1057589934465273856","alkaa103"
"1735109618496622942","Thu Dec 14 01:31:39 +0000 2023","0","Nih kalau dikatain Gen z manja atau apa. Gue nggak peduli. Kalau cuma dianjing anjingin atasan gue oke aja b aja. Kalau masalah gaji mikir puluhan kali buat bertahan. Ngasih gaji jauh di bawah UMR tahan ijazah tapi job desk segambreng mana 12 jam kerja. Fak kata gw teh.","1735110268127170728","","maungnyahosh","in","Wortel","0","1","0","https://x.com/maungnyahosh/status/1735110268127170728","1375986675378135042","maungnyahosh"
"1734893499865342408","Wed Dec 13 15:15:45 +0000 2023","0","@puterians Kureng bisa mencapai target gaji dua digit impian gen Z.","1734955270558941653","","puterians","in","","0","0","0","https://x.com/pottakars27/status/1734955270558941653","813272142","pottakars27"
"1734775152473526678","Wed Dec 13 13:29:43 +0000 2023","0","@worksfess Ambil selama kontrak tsb jelas (ga nahan ijazah atau hal lainnya yg aneh2 dan memberatkan) + gaji at least umr. Itu udah cukup buat fg","1734928586233319438","","worksfess","in","","0","0","0","https://x.com/HumanGenZ/status/1734928586233319438","1356123041432932354","HumanGenZ"
"1732627022940406132","Tue Dec 12 22:08:51 +0000 2023","0","@MARKLIxUP udah kaya gen z aja baru kerja minta gaji 2 digit","1734696844620706204","","JUYEONxWAR","in","Putu Dewangga Datara’s","0","1","0","https://x.com/rucheIia/status/1734696844620706204","864058285783003136","rucheIia"
"1734422827938586666","Tue Dec 12 10:34:24 +0000 2023","0","@worksfess Mau jadi yang jawab tapi gaji belum 2 digit","1734522081357033555","","worksfess","in","","0","0","0","https://x.com/BambangGenZ/status/1734522081357033555","1730937540201545728","BambangGenZ"
"1734497510906016115","Tue Dec 12 08:56:46 +0000 2023","0","yang trending dan tak akan lekang oleh waktu di twitter: 1. gaji 2 digit 2. thread cowo/cewe red flag 3. video artis 4. kontroversi habit gen z 5.","1734497510906016115","","","in","Depok, Jawa Barat","0","1","0","https://x.com/ddiyanlestari/status/1734497510906016115","60536179","ddiyanlestari"
"1734408729335120169","Tue Dec 12 03:10:14 +0000 2023","0","Bahas Rohingyah yang di benci Gen Z karna dateng dateng minta tanah buat tinggal gen z aja masih sibuk nyari kerjaan yang easy working gaji 7juta. Alm yang jual diri aja 30juta harus effort desah ama pura pura enak.","1734410300768796908","","benggss_","in","Diatas neraka,dibawah surga","0","1","0","https://x.com/benggss_/status/1734410300768796908","180206106","benggss_"
"1734408150802207215","Tue Dec 12 03:01:41 +0000 2023","0","Anggaplah gen z yg kirim menfess ini brrti harusnya umur 26 kebawah asumsi masih fg umur 24-20 karena udh mikirin nikah Pertanyaannya perusahaan mana yg ngasi fg gaji 25jeti perbulan? wqwq","1734408150802207215","","","in","unknown","0","0","0","https://x.com/semangatnes/status/1734408150802207215","386551881","semangatnes"
"1734291924826349657","Mon Dec 11 19:19:51 +0000 2023","0","Hal-hal yg dihindarkan oleh Gen Z tentang keuangan : 1. Hidup foya-foya dan sering menghambur-hamburkan uang untuk lifestyle 2. Terlalu boros untuk membeli sesuatu sehingga uang cepat habis 3. Gaji menjadi patokan utama anak muda 4. Tidak mempunyai dana darurat","1734291924826349657","","","in","Surabaya, East Java 🇮🇩","0","1","0","https://x.com/anggerstars/status/1734291924826349657","1072460044745076736","anggerstars"
"1734199173464088892","Mon Dec 11 13:11:17 +0000 2023","0","apalah aku tanpa bapak ku gaji fresh graduate ini sangat tidak menutupi hidupku yg sgt hedon ini️️️️ tiket pp mdc-jkt juga dibayarin sgt gen z code bgt️️️️ pertanyaan w duid gua kemana anjj kok udh abis ajaa https://t.co/PbgY1Qeb59","1734199173464088892","https://pbs.twimg.com/media/GBEc9GobYAA1eiL.jpg","","in","","0","0","0","https://x.com/hchaiicy/status/1734199173464088892","1648335700696403969","hchaiicy"
"1734025757243199747","Mon Dec 11 11:31:36 +0000 2023","0","@tanyarlfes Jd lu marah2 gini ga membuat gen z lain yg bernasib malang dengan gaji UMR bisa dpt rumah -_- udh bener ada meme sindiran itu biar negara melek","1734174088149823924","","CharmingDevilll","in","","0","0","0","https://x.com/CharmingDevilll/status/1734174088149823924","944069153534513152","CharmingDevilll"
"1734045841630122075","Mon Dec 11 03:02:00 +0000 2023","0","Bagi Gen Z kelas UMR apa iya gaji UMR bisa nabung apalagi investasi? Eits jangan salah bareng Financial Planner Mike Rini banyak trik nih yang bisa kamu ambil. Tonton #KODEKompasTV hanya di Channel Youtube KompasTV! : https://t.co/j06LHwMYd6 https://t.co/mY0Ircx2Ys","1734045841630122075","https://pbs.twimg.com/media/GA9ZcupacAAm7GO.jpg","","in","Indonesia","0","0","0","https://x.com/KompasTV/status/1734045841630122075","71436318","KompasTV"
"1734025757243199747","Mon Dec 11 02:43:33 +0000 2023","0","@tanyarlfes yakin gen Z bisa dapet gaji UMR nanti?","1734041197705080833","","tanyarlfes","in","","0","0","0","https://x.com/DiloAtsuk4/status/1734041197705080833","1475596911889379329","DiloAtsuk4"
"1733831428666757397","Sun Dec 10 12:50:00 +0000 2023","1","Bagi Gen Z kelas UMR apa iya gaji UMR bisa nabung apalagi investasi? Eits jangan salah bareng Financial Planner Mike Rini banyak trik nih yang bisa kamu ambil. Tonton #KODEKompasTV sesaat lagi hanya di Channel Youtube KompasTV! : https://t.co/j06LHwMqny https://t.co/BoBOPXB7Z6","1733831428666757397","https://pbs.twimg.com/media/GA9ZcupacAAm7GO.jpg","","in","Indonesia","0","0","0","https://x.com/KompasTV/status/1733831428666757397","71436318","KompasTV"
"1733774050785378531","Sun Dec 10 09:02:00 +0000 2023","4","Bagi Gen Z kelas UMR apa iya gaji UMR bisa nabung apalagi investasi? Eits jangan salah bareng Financial Planner Mike Rini banyak trik nih yang bisa kamu ambil. Tonton #KODEKompasTV malam ini pkl 20.00 WIB hanya di Channel Youtube KompasTV! : https://t.co/j06LHwMYd6 https://t.co/eD0qKiR0WZ","1733774050785378531","https://pbs.twimg.com/media/GA9ZcupacAAm7GO.jpg","","in","Indonesia","0","0","0","https://x.com/KompasTV/status/1733774050785378531","71436318","KompasTV"
"1733713653310845436","Sun Dec 10 05:02:00 +0000 2023","1","Bagi Gen Z kelas UMR apa iya gaji UMR bisa nabung apalagi investasi? Eits jangan salah bareng Financial Planner Mike Rini banyak trik nih yang bisa kamu ambil. Tonton #KODEKompasTV malam ini pkl 20.00 WIB hanya di Channel Youtube KompasTV! : https://t.co/j06LHwMqny https://t.co/iGcYKZb5f5","1733713653310845436","https://pbs.twimg.com/media/GA9ZcupacAAm7GO.jpg","","in","Indonesia","0","0","0","https://x.com/KompasTV/status/1733713653310845436","71436318","KompasTV"
"1733299174328992145","Sun Dec 10 01:00:01 +0000 2023","1","@worksfess Lagian gen z yang diliat cuma youtuber dan anak orkay doang. Masih banyak loh gen z udah kerja pontang panting tapi gaji masih underpaid. Blum lagi harga properti udah naik banget gegara gen sebelumnya.","1733652755632603136","","worksfess","in","","0","0","0","https://x.com/axelpiaoliang/status/1733652755632603136","1364611342116691969","axelpiaoliang"
"1733107079408443601","Sat Dec 09 11:11:09 +0000 2023","0","@sosmedkeras Pantesan gen z banyak yang jadi simpenan om-om ekspektasi gaji nya aja segitu","1733444163906179486","","sosmedkeras","in","","0","0","0","https://x.com/Fufufu92/status/1733444163906179486","1481917453219545093","Fufufu92"
"1733099217642569738","Sat Dec 09 04:54:05 +0000 2023","0","@nightowlharu Gen z disuruh nabung gaji untuk beli rumah lho rumah kita kan desix yak","1733349274694660487","","nightowlharu","in","fourever♡","0","1","0","https://x.com/youngkjigae/status/1733349274694660487","1262050419829694466","youngkjigae"
"1733075196310098114","Sat Dec 09 03:49:20 +0000 2023","0","@worksfess org org kek lu ni nder yg bikin org2 ber stigma negatif sama fg gen z. baru juga lulus dah mau GAJI GEDE. ngimpi","1733332980297535769","","worksfess","in","","0","0","0","https://x.com/oraisooo/status/1733332980297535769","756301503573274624","oraisooo"
"1733261228238393350","Fri Dec 08 23:04:13 +0000 2023","1","Harga properti semakin mahal saja sementara kenaikan gaji tidak seimbang. Bagaimana langkah cerdas Gen Z supaya bisa beli properti ? Simak ulasan saya pada artikel KoCek di Tabloid Kontan edisi 27 November - 3 Desember 2023 #Cerdaskeuangan https://t.co/iJbnvpEvYa","1733261228238393350","https://pbs.twimg.com/media/GA3H4dlaAAAJTP1.jpg","","in","Jakarta","0","0","0","https://x.com/erlrights/status/1733261228238393350","34564542","erlrights"
"1733083100044009713","Fri Dec 08 11:16:24 +0000 2023","0","ekspetasi gen z tinggi2 yaa masalah gaji. Kaya pada kuat mental aj pas udah kerja","1733083100044009713","","","in","Tangerang, Banten","0","0","0","https://x.com/Omxgg_/status/1733083100044009713","706008751233339392","Omxgg_"
"1732994719540806074","Fri Dec 08 11:07:21 +0000 2023","0","@jakartainrain tapii liat testimoni orang masuk agensi tidak seenak itu nin :D keliatannya aja seru (tapi buat yang suka bgt! di bidang creative/pr gtu cocok sih masuk agensi) klo masalah gaji kek nya perlu dipertimbangkan lagi wkwk. malah gen z paling sering ditemuin kerja di agensi ya gasi?","1733080821161242870","","jakartainrain","in","","0","1","0","https://x.com/snaosap/status/1733080821161242870","1210210135743664129","snaosap"
"1733016924706213975","Fri Dec 08 06:53:27 +0000 2023","0","gimana gen z punya rumah ya kalo gaji rata2 gen z masih dibawah 3 jt","1733016924706213975","","","in","Pati, Jawa tengah, Indonesia","0","1","0","https://x.com/_depadepa/status/1733016924706213975","1236356671472975872","_depadepa"
"1732998014355263996","Fri Dec 08 05:38:18 +0000 2023","0","gen z ketika keterima kerja","1732998014355263996","","","in","markas boboiboy","0","0","0","https://x.com/masroy33/status/1732998014355263996","389273223","masroy33"
"1732747231588208726","Thu Dec 07 23:53:46 +0000 2023","1","@recehtapisayng Pantes gaji lu 3 juta nyebut 'kuota' aja jadi 'kouta'. Makanya sekolah goblok. Hedeh.","1732911309946241436","","recehtapisayng","in","Jakarta Capital Region, Indone","0","0","0","https://x.com/GenZCoy/status/1732911309946241436","1344764728619409408","GenZCoy"
"1732731251835158975","Thu Dec 07 11:58:17 +0000 2023","0","Semua benda nak kena suruh selagi tak suruh selagi tu tak buat. Seperti: cuci tandas vacuum bilik. Takde common sense sebab gaji kau dibyr sebagai bibik utk mengemas tapi tak buat. Gen z so faktab","1732731251835158975","","","in","","0","0","0","https://x.com/zatizai/status/1732731251835158975","288659229","zatizai"
"1732373616959127830","Thu Dec 07 00:07:04 +0000 2023","0","@MrOngDedy Inilah yg membuat gen z gak mampu beli rumah meski gaji tinggi. ","1732552269286297762","","MrOngDedy","in","","0","0","0","https://x.com/Jamet1410/status/1732552269286297762","1431531634826747909","Jamet1410"
"1732040519348519330","Wed Dec 06 10:04:43 +0000 2023","1","@Ustad_Pendeta @RienFn1 @imstantnoodle @cinnamongirlc Kebanyakan gen Z jaman sekarang gitu info nya dapet dari obrolan2 doang ga paham kok gaji UMKM remdah tuh knp wkwkwk biasa lah wkwk","1732340284057690376","","Ustad_Pendeta","in","","0","1","0","https://x.com/MajapahitReborn/status/1732340284057690376","3327925645","MajapahitReborn"
"1731905829895544932","Tue Dec 05 07:22:54 +0000 2023","38","@wanzbkr @utdfocusid bukan penyefong ETH tapi mau nnya. jd mksd abang kek manalah sistem melatih yang ok buat pemain ini? abg ini kek gen z bgt dikerasin dikit supaya disiplin &amp; menang malah tantrum. kira2 begitu lah gambaran MU bang. ingat gaji mereka milyaran perminggu. lari udh jd tugas mereka","1731937174738862405","","wanzbkr","in","","0","3","1","https://x.com/txtdrkeylie/status/1731937174738862405","1173519777031045120","txtdrkeylie"
"1731912369972879441","Tue Dec 05 05:44:21 +0000 2023","0","Taik lu tu di bayar mahal gaji tinggi latihan keras dikit ngeluh bangsat blang latihan keras pas di lapangan lembek kayak tapai @MarcusRashford @AnthonyMartial dan Gen Z material lord @Sanchooo10","1731912369972879441","","","in","ÜT: 0.508556,101.418666","0","0","0","https://x.com/wahyudi_tino/status/1731912369972879441","210065083","wahyudi_tino"
"1731841116545163321","Tue Dec 05 01:05:49 +0000 2023","1","@RIIZEfess harus double sih gaji nya ini wkwkwk klo anak riize kagak gen z bgt itu tiktok debuan kali ya","1731842278044434745","","RIIZEfess","in","Indonesia","0","0","0","https://x.com/hongskrrr/status/1731842278044434745","1326093267704819712","hongskrrr"
"1731806767993229452","Mon Dec 04 23:20:00 +0000 2023","0","@utdfocusid Ngeluh mulu lu pemain mu kek gen z gaji gede juga..","1731815646319759825","","utdfocusid","in","","0","0","0","https://x.com/_agakgabut/status/1731815646319759825","1628000832410238976","_agakgabut"
"1731676389697327398","Mon Dec 04 14:06:38 +0000 2023","0","Naikin gaji tim sosmed nya treasure yg sekarang! Wooooi suka bgt gue ama kontennya sungguh gen z sekali wkwkwk kayak udah ga ketinggalan trend","1731676389697327398","","","in","Indonesia","0","0","0","https://x.com/ratnadyaaah/status/1731676389697327398","227649007","ratnadyaaah"
"1731582560680169804","Mon Dec 04 08:10:05 +0000 2023","0","@newsplatter ada artis pelawak sekarang jadi anggota dpr punya mbak banyak yg lebaran mau lembur ga pulang kampung dpt 3 kali gaji itu ga sengaja liat pas gw kecil di infotaiment sekarang gen z ada yg heran beliau kaya raya padahal dah jaman dulu kaya ","1731586657714049098","","newsplatter","in","","0","3","0","https://x.com/pakeMotorTrail/status/1731586657714049098","2188298173","pakeMotorTrail"
"1731481185262731441","Mon Dec 04 01:10:58 +0000 2023","6","knp millenial itu smgt kerjany tinggi skli........ ap si yg klian kejar... trus mrk salty bgt klo liat gen z kerja sesuai porsi dan pgn punya kerjaan santuy tp gaji gede mw ny idup enak aj they said..... y iy lh???????","1731481185262731441","","","in","she/her 21↑","0","1","0","https://x.com/cordonbleuii/status/1731481185262731441","1168907599","cordonbleuii"
"1731307304048562293","Mon Dec 04 00:56:52 +0000 2023","1","@worksfess Masi FG kok berharap gaji 2 digit. Pengalaman kerja aja blm ada kerja baru sebulan dua bulan udh resign dgn alasan gak masuk akal. Sape lo? Nikmati proses aja dulu asah skill udh ada pengalaman baru ngarepin gaji 2 digit. Ada2 aj gen z ini","1731477636235641255","","worksfess","in","","0","0","0","https://x.com/deldheldel/status/1731477636235641255","138320906","deldheldel"
"1731234631259939113","Sun Dec 03 14:45:37 +0000 2023","0","@tanyarlfes kata siapa? temen ak gen z udh bbrp yang beli rumah hasil uang sendiri ya emng sii gaji tmnku udh diatas UMR JKT selain itu jg ada yg udh 2 digit","1731323808592933227","","tanyarlfes","in","","0","0","0","https://x.com/Cheesecake24_/status/1731323808592933227","1613044735916249088","Cheesecake24_"
"1731314360419823727","Sun Dec 03 14:08:04 +0000 2023","5","Jadi bos itu boleh toxic kalo ngegaji 200jt bos yang ngasih gaji masih umr apalagi dibawah umr jangan toxic gitu kali ya maksud dari gen Z?","1731314360419823727","","","in","DKI Jakarta, Indonesia","0","1","0","https://x.com/RahmetAbabil/status/1731314360419823727","894774391","RahmetAbabil"
"1731264334054162538","Sun Dec 03 10:49:17 +0000 2023","2"," menurut kalian diumur berapa gen z bakal punya rumah sendiri? ditengah kota jakarta dan gaji UMR apa terlalu berlebihan kalo kita mengharapkan punya pasangan yang udah punya rumah sendiri? TIA","1731264334054162538","","","in","","2","5","0","https://x.com/convomf/status/1731264334054162538","1314975287294083073","convomf"
"1731188081582391529","Sun Dec 03 05:46:17 +0000 2023","1","being gen z dengan gaji besar","1731188081582391529","","","in","Jakarta Capital Region","0","0","0","https://x.com/itsayssofr/status/1731188081582391529","1719343586796535808","itsayssofr"
"1730612031966027852","Fri Dec 01 15:37:16 +0000 2023","0","Ini yg ngedit cipi anak gen z apa gimana cepet bener karirnya kek anak gen z today yg tiba2 pengen gaji gede posisi bagus tapi masi fresh graduate haufttttt","1730612031966027852","","","in","Purworejo . Jogjakarta","0","1","0","https://x.com/batusaphir/status/1730612031966027852","261565247","batusaphir"
"1730456648056275283","Fri Dec 01 13:36:17 +0000 2023","0","@Adisanjaya971 @CNNIndonesia Karena staf maunya menjawab...hahahha Inilah kita gaji staf aja setara pendapatan 1 kabuaten","1730581585391747091","","Adisanjaya971","in","","0","1","0","https://x.com/gen__zet/status/1730581585391747091","858318977373683714","gen__zet"
"1730564291416490192","Fri Dec 01 12:27:34 +0000 2023","3","Pantang la aku guna ayat gen z lah millenial lah kalau nak kecam. Macam tau sgt sapa yg duduk dlm kelompok tu. Org sekarang demand macam2 sebab zaman sekarang masih ada lagi majikan yg tipu/ aniaya pekerja. OL sebut gaji minimum tapi bila dpt dia bagi gaji minimum zaman mahathir","1730564291416490192","","","in","","0","1","0","https://x.com/taffateyhah1/status/1730564291416490192","1056892219825647616","taffateyhah1"
"1730491462838899179","Fri Dec 01 07:38:10 +0000 2023","0","Semangat buat gen z atau millenials kaya kita yang beli smatpun kaga nyicil tapi langsung beli walopun merk cuman s4msung ga kaya orang pake ipong dan bisa beli ip4d juga beberapa bulan yang lalu tanpa minta ortu pake gaji pertama kerja. Alhamdulilah","1730491462838899179","","","in","","0","1","0","https://x.com/kuromidiaryy/status/1730491462838899179","1659068058403737605","kuromidiaryy"
"1730025097828905259","Fri Dec 01 07:07:35 +0000 2023","0","@worksfess Ga heran gen z susah beli rumah gaji nya aja segini","1730483764835520581","","worksfess","in","","0","0","0","https://x.com/pineee_applee/status/1730483764835520581","1147007588300513280","pineee_applee"
"1730092923252023721","Thu Nov 30 05:14:31 +0000 2023","0","WOW Harga rumah/apartment mencapai 700Jt untuk Gen Z minimalis modern dan 3M untuk 2 lantai Europe architecture. KPR 25 Tahun. Cash discounts 150-300Jt khusus harga di atas 1M. Apa bisa dibeli? Gaji anak muda Indonesia aja 4-8 Juta. Inflasi tanah dalam 3 tahun naik 100% +++ https://t.co/NHICSfBQu0","1730092923252023721","https://pbs.twimg.com/media/GAKGWA_bQAEMMYu.jpg","","in","wise | upscale | snapedit ","0","0","0","https://x.com/kcymaerxthaere/status/1730092923252023721","1584147349261418496","kcymaerxthaere"
"1730079873866293669","Thu Nov 30 04:22:39 +0000 2023","0","gaji 2 digit insecure duileh gen z","1730079873866293669","","","in","East jakarta","0","0","0","https://x.com/arnshrt/status/1730079873866293669","397853598","arnshrt"
"1730010121332465930","Thu Nov 30 03:45:26 +0000 2023","2","@ashyaaaaaa bener butuh rekrut midzy biar apa2 didengerin apalagi anak2 gen z... maklum div2 staff nya pada bangkotan bisanya cuman makan gaji buta kerja nya nihil ","1730070506425229584","","ashyaaaaaa","in","≷ fangirl • itzy • 2hwang","0","0","0","https://x.com/adoringmallows/status/1730070506425229584","1079949885258878977","adoringmallows"
"1730014858299756953","Thu Nov 30 01:30:25 +0000 2023","36","@lukmansaifuddin Saya gen z lahir 1997 gak bener itu pak. Kita ini malah sedang dihadapkan realita besar soal gaji yg pas²an harga rumah yg mahal dan biaya hidup yg meningkat terus. Kita yg hidup tanpa privilege harus kerja keras banget boro2 mau joget2 istirahat aja kurang waktunya","1730036528888586338","","lukmansaifuddin","in","INA","0","3","2","https://x.com/wahyuciptoutomo/status/1730036528888586338","1012686896525279232","wahyuciptoutomo"
"1729996196016799831","Wed Nov 29 22:50:09 +0000 2023","0","tapi ajaib loh dicari nya posisi cs harus bisa corel draw adobe illustrator adobe after effect terus dicari nya gen z yg baru lulus baru keluar fresh from the open biar apa biar apa biar bisa di gaji kecil pake alesan kamu kan belom ada pengalaman EWKEKEKEKEKEKKEKEKEKEKEK ((ril))","1729996196016799831","","","in","cyber","0","0","0","https://x.com/Iastdragon/status/1729996196016799831","927272446322814976","Iastdragon"
"1729712091416670258","Wed Nov 29 13:54:28 +0000 2023","0","@Yurissa_Samosir @AdeDhani9 @aking_adit @chaidar_2000 @Kang_Toniee @NohCeukenohhh @mustafaagus007 @MuhiqR @choymarkochoy @Harywaraz Dengan gaji UMR dan sistem kontrak yg dievaluasi setiap 2 tahun bisa lanjut atau putus Bagaimana bisa memiliki rumah Pertanyaan yg selalu muncul dari gen z saat ini bagi mereka memiliki rumah sendiri seperti hal yg mustahil.","1729861385788781049","","Yurissa_Samosir","in","","0","0","0","https://x.com/SuparjiWid85404/status/1729861385788781049","1636277524467515393","SuparjiWid85404"
"1729798157838725450","Wed Nov 29 09:43:13 +0000 2023","0","Minat Gen Z untuk Naik Haji Tersandung Gaji https://t.co/Wt4idU2SD7","1729798157838725450","","","in","Jakarta","0","0","0","https://x.com/BloombergTZ/status/1729798157838725450","1582972008479920129","BloombergTZ"
"1729357476859122154","Wed Nov 29 01:24:50 +0000 2023","0","@memelord_666666 Gen Z punya gaji pertama 7 jt aja dh pd belagu. Selfreward mulu.","1729672734999760987","","memelord_666666","in","Jakarta","0","0","0","https://x.com/BintangKec1L/status/1729672734999760987","2303388787","BintangKec1L"
"1729357476859122154","Tue Nov 28 15:18:01 +0000 2023","0","@memelord_666666 Gen z yg mana dulu ada gen z umr gen z gaji dua digit gen z penerus perusahaan papih","1729520023675490442","","memelord_666666","in","jakarta","0","1","0","https://x.com/sunnynyyie/status/1729520023675490442","1544551646050795520","sunnynyyie"
"1729153022016827432","Tue Nov 28 05:30:04 +0000 2023","0","@alextham878 Lol dripada buat mkn gratis cuma buat di korupsi ....mending kasih gaji guru pahlawan tanpa jasa anak2 gen Z cerdas dan bermutu dripada mkn gratis hnya modus untuk ajang korupsi .....","1729372064270921929","","SltorkNet","in","","0","0","0","https://x.com/wapemla/status/1729372064270921929","1613097395499458561","wapemla"
"1729357476859122154","Tue Nov 28 04:59:37 +0000 2023","6","@memelord_666666 ada carport 9x15... jalankan gen z umur 30 ae yo podo ga ngarah ndduwe ne cok. opomaneh gaji e mok UMR Jateng palingan yo ngko ngenteni warisan","1729364397930471430","","memelord_666666","in","kota pahlawan","0","0","0","https://x.com/andlovemeee/status/1729364397930471430","1238322268498841600","andlovemeee"
"1729296437132059036","Tue Nov 28 00:29:34 +0000 2023","3","Status permanent employee (karyawan tetap) buat Gen Z itu sepertinya biasa aja ya? Lebih dari itu Gen Z lebih menginginkan komponen seperti gaji yang lebih besar kultur baik fleksibilitas kesempatan belajar yg baik dlsb. Menarik ini.","1729296437132059036","","","in","","0","1","1","https://x.com/setowicaksono/status/1729296437132059036","92164568","setowicaksono"
"1728938364114702665","Mon Nov 27 03:42:29 +0000 2023","0","@tanyakanrl gue gen z kalo kerja gaji gue 85% ke ibu gue sisanya baru buat gue itupun cuma dapet res resannya doang ","1728982598440173860","","tanyakanrl","in","abil","0","0","0","https://x.com/priinssy/status/1728982598440173860","1534910169330593793","priinssy"
"1728971725512344019","Mon Nov 27 03:22:00 +0000 2023","0","@broukolii @PorosHalangID Gen z material tapi engak apalah yang mau main sama MU aja gaji nya juga mahal bisa ngurangi beban gaji tinggi ...","1728977447130103920","","memoribaik_","in","ÜT: 0.508556,101.418666","0","0","0","https://x.com/wahyudi_tino/status/1728977447130103920","210065083","wahyudi_tino"
"1728671329543725547","Sun Nov 26 07:05:36 +0000 2023","0","darisini gua percaya apa kata emak gue buat kasih 100% gaji ke dia KARNA GEN Z GABISA NGELOLA DUIT ANJIR","1728671329543725547","","","in","","0","0","0","https://x.com/thaddeuzs/status/1728671329543725547","1001252762804371456","thaddeuzs"
"1728299647549202852","Sun Nov 26 01:58:46 +0000 2023","0","@txtdrpemerintah hehe bener. dibanding ngajar waktu di kelas habis kepake buat ngajarin mereka cara beretika dan adab karna yang diajar anak gen z. belum lagi gaji kecil tuntutannya segunung ","1728594112432296382","","txtdrpemerintah","in","","0","0","0","https://x.com/strawberrieds/status/1728594112432296382","1021628688796794881","strawberrieds"
"1728359128484241469","Sat Nov 25 13:50:51 +0000 2023","0","@worksfess Bukan masalah gen z ga sih cuma gaji wfh sama wfo tuh gimana yaa banyak yg bisa disimpen daripada abis dijalan. Bukan mslh gen z nya cuma emang sekarang udh bisa akses wfh. Bukan karena males ye ke kantor ","1728410924657295822","","worksfess","in","Yogyakarta, Indonesia","0","0","0","https://x.com/notpertfect/status/1728410924657295822","1432532498","notpertfect"
"1728359128484241469","Sat Nov 25 11:29:50 +0000 2023","10","@worksfess lha aku bukan gen z aja jg seneng wfh. yo nek kantor gur 5 menit tekan gari mlaku rapopo. nek 10 km bensine piro cuk? kene gaji mepet ora gur nggo entek neng dalan soyo umr gur 2 jutanan ra mundak2 dasar jateng!","1728375438756794656","","worksfess","in","Seoul, Republic of Korea","0","1","0","https://x.com/sinanons/status/1728375438756794656","1157049145","sinanons"
"1728247149719380450","Sat Nov 25 03:50:22 +0000 2023","0","@worksfess yaampun gen z gen z mau di kasih gaji dollar malah dah nyerah dulu","1728259807948517433","","worksfess","in","","0","0","0","https://x.com/parjimenasu/status/1728259807948517433","1216796959333203968","parjimenasu"
"1728191986635817370","Sat Nov 25 01:32:58 +0000 2023","1","@Poernomo1307 @saiful_mujani Gen Z jangan pilih presiden yang daya pikirnya.sudah menurun Jaman kolonial dulu .. segala masalah bisa diselesaikan dengan uang Sekarang dengAn makan gratis Penegakan hukum kasih hakim gaji tinggi Regulasi export hasil tani .. makAn gratis MAU PUNYA PRESIDEN BGINI ?","1728225231888867382","","","in","","0","0","0","https://x.com/Oleng_YNWA/status/1728225231888867382","1299176531256721408","Oleng_YNWA"
"1728062596488790364","Fri Nov 24 14:46:43 +0000 2023","1222","-star Naikin gaji editornya zb1! beneran editan anak gen z bgt gakuat ngakak aduh https://t.co/wSgVS4aeSy","1728062596488790364","https://pbs.twimg.com/ext_tw_video_thumb/1728050929000480768/pu/img/Uvh-Zfvg3GQ8LEPW.jpg","","in","RULES DI LINK","33","21","220","https://x.com/starfess/status/1728062596488790364","1210342758029807616","starfess"
"1728045184254939450","Fri Nov 24 13:37:32 +0000 2023","1","Alasan kota bekasi gaji harus tinggi Demi menjalankan program jutaan tempat tinggal baru buat gen z dan milenial Cc @jokowi @KemenPU @txtdrbekasi https://t.co/OVu5Te2f0q","1728045184254939450","https://pbs.twimg.com/ext_tw_video_thumb/1728045135433445376/pu/img/Nvv6nlwI7rcx9swa.jpg","","in","Jakarta Timur, DKI Jakarta","1","0","0","https://x.com/fwbenefit233391/status/1728045184254939450","1706194350257102848","fwbenefit233391"
"1727948148075802669","Fri Nov 24 07:11:56 +0000 2023","0","hanya untuk HR pemula adik-adik gen z yg sudah merasa wow dengan posisinya. gaji lu dikit bgst","1727948148075802669","","","in","","0","0","0","https://x.com/YAANJINHGG/status/1727948148075802669","1711787659822235648","YAANJINHGG"
"1727942224212865511","Fri Nov 24 06:48:24 +0000 2023","0","Gue kerja buat diri sendiri gaji juga buat diri sendiri kdg sisihin buat mama itu wajar yg ga wajar itu duit hasil tenaga keringet sendiri buat orang lain. Yg ngehamilin suaminya nikah muda karna trend gen z yg disuruh beli susu malah gue skrg kelabakan suaminya main judol","1727942224212865511","","","in","ᴠᴍɪɴʏᴏᴏɴ•ू♡.","0","0","0","https://x.com/alabyuoongi/status/1727942224212865511","1075084453267927041","alabyuoongi"
"1727933871113801961","Fri Nov 24 06:15:12 +0000 2023","0","Mayoritas Gaji Gen Z di Bawah Rp2 5 Juta per Bulan https://t.co/piyP3AswKk","1727933871113801961","","","in","","0","0","0","https://x.com/IDNTimes/status/1727933871113801961","388190238","IDNTimes"
"1727915171312709855","Fri Nov 24 05:42:22 +0000 2023","0","@lps_idic secara umum harga properti yang tinggi pekerjaan yang tidak stabil gaji rendah dan beban utang adalah beberapa faktor yang menyebabkan kesulitan bagi Milenial dan Gen Z dalam membeli properti.","1727925606825005173","","lps_idic","in","","0","1","0","https://x.com/gwenchanaya7313/status/1727925606825005173","1606573737914281984","gwenchanaya7313"
"1727317117803139242","Wed Nov 22 16:50:01 +0000 2023","0","@sosmedkeras tapi pengeluaran lebih gede presentasenya dari pada naik nya gaji","1727368849136521224","","sosmedkeras","in","","0","0","0","https://x.com/adamwildanf/status/1727368849136521224","1710460121908908033","adamwildanf"
"1727301461682577793","Wed Nov 22 12:22:14 +0000 2023","0","sumpah ya gue ga sekali dua kali ditanyain orang yg gue tau pasti gen Z yg ditanya kerja tuh BENEFITNYA DOANG harusnya yg lu tanya tuh kerjanya ngapain? pokoknya yg ditanya tuh gaji bisa wfh atau ga sabtu masuk apa enggak kek kalo lu mau wfHOME mah jadi ART ga sih ","1727301461682577793","","","in","","0","0","0","https://x.com/prdsjade/status/1727301461682577793","287646441","prdsjade"
"1727238460472545505","Wed Nov 22 08:27:24 +0000 2023","7","@catuaries Sebenernya sebagai gen z aku juga pingin loyal ke company kaya biar sampe punya anak. Eh baru kerja pertama aja bosku gamau keluar gaji buat aku ya keluar","1727242363620507936","","catuaries","in","","0","0","3","https://x.com/jennieblekping/status/1727242363620507936","1398839592","jennieblekping"
"1727167874517934226","Wed Nov 22 03:37:41 +0000 2023","0","@tanyakanrl Kalo data terakhir di perusahaan yang gue tahu sih Gen Z cenderung lebih memilih tempat kerja yang lebih nyaman sekalipun dengan gaji yang lebih kecil Ada tekanan aja ga lama langsung resign(garis bawahi iya ga semua kek gitu data terakhir yg gue tahu aja) ","1727169455028129849","","tanyakanrl","in","waduh masa dikasih tahu sih","0","0","0","https://x.com/WaduhAku/status/1727169455028129849","1498321793027035139","WaduhAku"
"1727166924902252711","Wed Nov 22 03:27:38 +0000 2023","0","Harga rumah udh sampai milyaran gaji masih dibawah umr. gen z kayak gue sampai mampus jg gak bakal bs beli rumah ","1727166924902252711","","","in","","0","0","0","https://x.com/siskaatck/status/1727166924902252711","541346830","siskaatck"
"1726932963080962440","Tue Nov 21 12:34:47 +0000 2023","0","@hmnzll Enggak kaget soalnya meskipun mereka kerja gaji umr tetep dapet uang saku dr nyokap bokap Jadi kerja ya karena biar keliatan kerja aja Ini based on cerita temen2 gua yg gen z baru kelar kuliah","1726942231511364023","","hmnzll","in","Jawa Tengah","0","1","0","https://x.com/dealee_/status/1726942231511364023","100925782","dealee_"
"1726795194954404049","Tue Nov 21 12:24:51 +0000 2023","4","@karinyoo Wkwkwkwkwkwkw. Gen Z kemakan tiktok. Mikir WHV bisa dpt gaji enak tgl d kota enak/gede macam sydney melb. Gk tw aj realita gmn. Kalau mau coba maen k canberra/perth jgn ke kota2 gedenya. Tp yaa kl mau chance lebih besar lagi hrus ada keterampilan khusus jg","1726939730133254418","","karinyoo","in","","0","1","1","https://x.com/VandredG/status/1726939730133254418","1611257425130311680","VandredG"
"1726883160196313165","Tue Nov 21 08:40:03 +0000 2023","0","Ganjar Pranowo ingin membuka layanan masalah kesehatan mental untuk gen z dan milenial Normalisasi Gaji Bawaslu https://t.co/BgzZjE3C03","1726883160196313165","https://pbs.twimg.com/ext_tw_video_thumb/1726883096262479872/pu/img/9cSm-9cWJMhPNP8Q.jpg","","in","","0","0","0","https://x.com/WGreborn/status/1726883160196313165","1192071663895973888","WGreborn"
"1726876557615239325","Tue Nov 21 08:13:49 +0000 2023","13","Gen Z bisa nih belajar dari sini Abu Ubaidah 75 M OpenAI LSI Denny JA Gaji Bawaslu Natalie Rohingya Filipina 1-3 Indonesia https://t.co/SByephoItj","1726876557615239325","https://pbs.twimg.com/ext_tw_video_thumb/1726876489382248448/pu/img/qn3gkAUPGYtdrY5T.jpg","","in","Surabaya","0","0","1","https://x.com/aristi_widya/status/1726876557615239325","1577554318559174656","aristi_widya"
"1726846975214260526","Tue Nov 21 06:16:16 +0000 2023","1","Gen Z jangan golput pada pemilu 2024 #Pemilu2024 Jepang Abu Ubaidah LSI Denny JA 75 M Kendal Butterscotch AC Milan Bawaslu Aceh Rohingnya #JHONNY #TimnasDay NICU Gaji https://t.co/1sXCbT9xNU","1726846975214260526","https://pbs.twimg.com/media/F_b-LDka0AAHJp-.jpg","","in","Indonesia","0","0","0","https://x.com/diaharmayanti1/status/1726846975214260526","564578290","diaharmayanti1"
"1726729947002388964","Mon Nov 20 22:31:15 +0000 2023","0","Gen Z adalah anak muda yang lahir pada rentang 1997-2012 sebagian saat ini sudah mulai bekerja dan menerima gaji. https://t.co/SPtwZqu1PM","1726729947002388964","","","in","Jakarta","0","0","1","https://x.com/kompascom/status/1726729947002388964","23343960","kompascom"
"1726279366408360105","Sun Nov 19 16:40:48 +0000 2023","21","Hidup ideal Gen Z! Punya kerjaan tetap buat bayarin kostan dan biaya hidup mendasar Job sampingan (freelance atau creator) buat beli wishlist dan healing tanpa ganggu uang gaji. Bener ga Gen Z?","1726279366408360105","","","in","Blue Earth, MN","0","1","2","https://x.com/mudacumasekali/status/1726279366408360105","951763610233053185","mudacumasekali"
"1726195506135859683","Sun Nov 19 11:07:34 +0000 2023","0","gua gaji 3jt. 2.5 gua kasih tante gua utk bantu biaya pengobatan. 500rb gua keep itu pun sebagian utk tabungan. skrg otw mau cari kerjaan ketiga krn mau cari kosan. gasemua gen z hedonisme jek. coba deh kalo gatau apa2 diem aja","1726195506135859683","","","in","Indonesia","0","2","0","https://x.com/cachaspov/status/1726195506135859683","1344131188370206721","cachaspov"
"1725386017790943539","Sat Nov 18 21:57:12 +0000 2023","0","@mhdarieff_ gen z penganut pemikiran uang bisa dicari tapi hidup cuma sekali padahal kl akhir bulan gaji uda nipis jg cuma bisa mengap2","1725996602140340233","","mhdarieff_","in","","0","0","0","https://x.com/IMyrkive/status/1725996602140340233","1723213701677998080","IMyrkive"
"1725830154843533363","Sat Nov 18 10:55:47 +0000 2023","146","Bagus sih didikan ortu gini ini anaknya pasti gak jadi kayak gen z sekarang yang apa apa bikin postingan aduh capek banget hidup pengen mati aja Atau tipikal gen z yang sering nanya ke base kira kira worth it gak gaji 5 jt tapi dekat dengan rumah atau gaji double","1725830154843533363","","","in","Always in your heart","6","19","43","https://x.com/profesor_saham/status/1725830154843533363","1345898259445817345","profesor_saham"
"1724621444322300223","Sat Nov 18 09:57:57 +0000 2023","15","@LayarClub Setuju. Kita ni nak promote gen Z masuk engineering regardless civil ke oil&amp;gas ke manufacuring ke tapi kalau semua pakat bagi gaji tak bermaruah kat diaorg ni jgn marah kalau diaorg tak minat engineering","1725815599560106250","","Yakhtarico","in","Parallel Universe","0","0","1","https://x.com/arifshafiq_/status/1725815599560106250","2187798901","arifshafiq_"
"1725661416638894448","Fri Nov 17 23:45:17 +0000 2023","1","Okay thats it ni memang macam bebetul draw the line. Aku menyampah kerja dengan gen z. Tak suka. Dapat kerja lebih sikit terus merungut. Lepastu berkira gaji dia kecik so buat keje pun sikit lah ha gitu dia rungut. Masalahnya engko banyak mengulor.","1725661416638894448","","","in","","0","0","0","https://x.com/ndhrhrgs/status/1725661416638894448","809298170","ndhrhrgs"
"1725491808183173365","Fri Nov 17 12:31:19 +0000 2023","0","yang diliat gen z anak scbd atau jaksel tengah kali ya lupa apa gen z tu juga buanyak banget yang ngopi aja cuma mampu starling tapi tetep ga kebeli rumah karna gaji di bawah umr + sandwich gen + belom yang emang dapet kerja karna nyari kerja sesusah itu menn","1725491808183173365","","","in","22","0","1","0","https://x.com/gewmoy/status/1725491808183173365","921736419134947328","gewmoy"
"1725136056629256634","Fri Nov 17 11:55:09 +0000 2023","0","@ffikriawan Lalu apa kabar yg tgl di Jogja? gaji umur cm 2 5 an mau itu gen z kek gen x kek atau apapun itu kagak bakal bs kebeli rumah atau tanah","1725482705109082537","","ffikriawan","in","Yogyakarta, Indonesia","0","2","1","https://x.com/p1ck4chu_/status/1725482705109082537","1457226960774393857","p1ck4chu_"
"1725130707478200407","Fri Nov 17 11:48:13 +0000 2023","0","@ezash Udahnya gen Z banyak yg tipes asam lambung malah di suruh mikir beli rumah ‍‍ dapet gaji UMR aja udah syukur Alhamdulillah untung juga aku hidup di Jawa Timur yg apa2 masih bisa nalar","1725480961960505601","","ezash","in","Jawa Timur, Indonesia","0","0","0","https://x.com/arizkajung/status/1725480961960505601","1097413030860619776","arizkajung"
"1725091306345820366","Fri Nov 17 11:32:35 +0000 2023","0","@bincangurban Aku gen z yg ga kepikiran nyicil rumah karna selain gaji ga cukup ortu juga udah punya rumah","1725477024985407868","","bincangurban","in","indonesia","0","0","0","https://x.com/JustSsica_/status/1725477024985407868","519466786","JustSsica_"
"1725460953519825145","Fri Nov 17 10:28:43 +0000 2023","0","semoga admin ig boynextdoor aktif seperti gen z pada umumnya biar ga makan gaji buta soalnya upload pas mau debut sama comeback aja ","1725460953519825145","","","in","ONEDOOR ONLY.","0","0","0","https://x.com/bonedoorx/status/1725460953519825145","1255369713246507010","bonedoorx"
"1725408033512337843","Fri Nov 17 06:58:26 +0000 2023","0","Padahal aslinya gen z ngga bisa beli rumah ya karena gaji kita mentok UMR","1725408033512337843","","","in","","0","0","0","https://x.com/98ylil/status/1725408033512337843","1510495211033485316","98ylil"
"1725386599029186876","Fri Nov 17 06:28:18 +0000 2023","0","@ariskyba Berapa banyak mas gen z dengan gaji minimal UMR ? Memang paling susah menjadi manusia adalah merefleksikan kondisinya akan sama dengan kondisi orang lain","1725400451145666708","","ariskyba","in","","0","1","0","https://x.com/satyabirulaut/status/1725400451145666708","265407179","satyabirulaut"
"1725399886680785197","Fri Nov 17 06:26:04 +0000 2023","2","Gen Z nih udahmah kebanyakan sandwich generation harus nafkahin adek²nya gaji gak sesuai gelar kerja saingannya mati matian biaya pendidikan segala macem makin naik. bertahan hidup aja udah opsional ini dikit dikit suruh beli rumah buset buat apaansih dibawa mati juga kagak","1725399886680785197","","","in","","0","0","0","https://x.com/4lefia/status/1725399886680785197","1410619759826141187","4lefia"
"1725037005741183291","Fri Nov 17 06:13:58 +0000 2023","1","@hardyhermawan @sheque Gen z seumuran gw gaji cuma 2jt an dan itupun mreka jajan yg semampu dia dan beli makanan yg agak mahal pun paling sebulan sekali atau setaun sekali ga sering","1725396842375172314","","hardyhermawan","in","","0","0","0","https://x.com/menjadiapaprok/status/1725396842375172314","1296262000989704192","menjadiapaprok"
"1725377855071371478","Fri Nov 17 05:03:43 +0000 2023","0","Kantong tipis gaji kecil ya cari di pinggiran. Kerja nya jadi jauh? Itu resiko. Yg gue liat dr Gen Z (ga semua nya) ga sadar atau bahkan ga siap atas resiko dr suatu pilihan. Berani memilih ambil cicilan artinya berani menerima resiko untuk tidak membahagiakan diri sendiri.","1725379165560684760","","REPT0IDS","in","GMT+7, GMT+8, GMT+9","0","0","0","https://x.com/REPT0IDS/status/1725379165560684760","1210378005710684160","REPT0IDS"
"1725136056629256634","Fri Nov 17 04:23:38 +0000 2023","124","@ffikriawan gen z minta gaji 8 juta aja dinyinyirin berbulan-bulan","1725369075738829089","","ffikriawan","in","","3","3","20","https://x.com/txtdrwumbo/status/1725369075738829089","1558043392868696064","txtdrwumbo"
"1725362603508244669","Fri Nov 17 03:57:57 +0000 2023","0","enaknya gen z kalo ortunya kaya yg artinya udh pnya aset + tdk sandwich generation kerja gaji umr buat nabung beli rumah atau malah nambah aset yg udh ada(warisan). APA2 MAHAL OY SEKARANG emang mau kita apa jadi mahal begini sampe gbs nabung","1725362612660306329","","jamkkanmannyo","in","Indonesia","0","0","0","https://x.com/jamkkanmannyo/status/1725362612660306329","1268077456625266692","jamkkanmannyo"
"1725331145360085008","Fri Nov 17 03:27:08 +0000 2023","0","@soloiask Ini td yg ku qrt konteks nya gen z karyawan yaa... Anak2 90an. Tp di jogja yg gen y pun kalo ngandelin gaji ya susah...","1725354860483334561","","sldiask","in","Yogyakarta, Indonesia","0","1","0","https://x.com/Girlwhobake/status/1725354860483334561","111537014","Girlwhobake"
"1725354739070833081","Fri Nov 17 03:26:39 +0000 2023","0","Saya gen z yang tidak pernah ngonser beli gadget kalo gadget yg lagi dipake udah rusak total. Gaji dibawah umr boro boro nabung beli rumah nabung untuk dana darurat aja gabisa karena harus bantuin bayar utang ortu","1725354739070833081","","","in","","0","0","0","https://x.com/remaja_jjongppo/status/1725354739070833081","931321569439182849","remaja_jjongppo"
"1725113578389475531","Fri Nov 17 03:13:32 +0000 2023","4","@angewwie Dia gak sadar kalo perbandingan kenaikan gaji gak sebanding dengan kenaikan harga properti. Terus ngarep Gen Z bisa afford beli properti sebagaimana Gen dahulu? Sangat gak apple to apple perbandingannya. Dulu gen atas bisa beli rumah luas modal satu sumber revenue skrg? Amit2","1725351437511918004","","angewwie","in","metaverse","0","0","0","https://x.com/getbettersoonya/status/1725351437511918004","1450690628078039047","getbettersoonya"
"1725113578389475531","Fri Nov 17 02:25:44 +0000 2023","0","@angewwie Boro boro nonton konser yang sekelas festival aja mending duitnya dipake buat beli mie. Mereka liat gen z yang mana sih? Gen z pinggiran tangerang with gaji umr can't relate","1725339405731471429","","angewwie","in","Bogor mepet Tangerang ","0","0","0","https://x.com/davisdaniyar/status/1725339405731471429","1448302246672826373","davisdaniyar"
"1725335187394117912","Fri Nov 17 02:08:58 +0000 2023","3","Mau ga ikut konser / beli gadget Gen Z juga ga akan kebeli kalo belasan M karena properti disini adalah produk investasi. Satu orang bisa punya unlimited properti. Gap gaji Gen Z dan Boomers terhadap harga properti pada zaman nya jauh berbeda.","1725335187394117912","","","in","","0","1","0","https://x.com/willsarana/status/1725335187394117912","309025729","willsarana"
"1725091306345820366","Fri Nov 17 01:51:25 +0000 2023","0","@bincangurban Tetep nafas dibalik gempuran gaji stag dan biaya hidup makin naik. Sehat sehat gen z kabupaten gaji umr! https://t.co/GiqA8f35U1","1725330770372562949","https://pbs.twimg.com/media/F_GbMUka0AAvguE.jpg","bincangurban","in","Bogor mepet Tangerang ","0","0","0","https://x.com/davisdaniyar/status/1725330770372562949","1448302246672826373","davisdaniyar"
"1725091306345820366","Fri Nov 17 01:42:32 +0000 2023","0","@bincangurban Betul gen z gaji UMR gak bakalan bisa beli rumah di daerah perkotaan. Anggap gaji 4.9 2 juta buat living 1.9 juta buat saving 1 juta buat kasih ortu. 1.9 juta savings itu perlu 260 bulan buat kekumpul hampir 500 jt alias 21 tahun lu kerja cuma dapet segitu. Gk keitung klo ada","1725328536435855394","","bincangurban","in","Bogor mepet Tangerang ","0","1","0","https://x.com/davisdaniyar/status/1725328536435855394","1448302246672826373","davisdaniyar"
"1725296709969084738","Fri Nov 17 01:07:02 +0000 2023","0","@vivilavids Tapi itu asumsinya minimal income &gt; 10jt/month kakk buat bs beli barang-barang kaya gt. Sedangkan realitanya jarang banget gen z yang dapet gaji segituu. Makanya dia blg dalam skala ekstrem. ","1725319599594643857","","vivrelavida","in","Jeremiah’s.","0","0","0","https://x.com/beausoiree/status/1725319599594643857","874620342911643649","beausoiree"
"1725314543579250763","Fri Nov 17 00:46:56 +0000 2023","0","Ini gen z kagak kebeli rumah karna gaji honorer guru gak masuk akal ya bangke","1725314543579250763","","","in","","0","0","0","https://x.com/Mbul2000/status/1725314543579250763","1453759920361250836","Mbul2000"
"1725037005741183291","Fri Nov 17 00:27:47 +0000 2023","16","@sheque @NitaSellya Gw mau liat lu sanggup ga ngehidupin keluarga 4 orang gaji di bawah 2 juta di Jabodetabek tahun 2023? Kenapa gw ngomong kayak gini? Ya karna kenyataannya banyak gen z sandwich gen yang harus jadi tulang punggung keluarga ditambah harus menuhin ekspektasi dari boomer spesies lu","1725309724185555141","","sheque","in","She/her","0","0","3","https://x.com/ayangayangmu/status/1725309724185555141","1714791564042780672","ayangayangmu"
"1725309140577472661","Fri Nov 17 00:25:28 +0000 2023","1","kirain yang ngomong gini gen Z.. jebul semi boomer maaf ya harga tanah di YK yang daerah pinggiran aja udah menyentuh 15 jt per meternya.. sedangkan inflasi makin naik gaji gak seberapa... kalo mau nabung dari gaji juga 1/10 nya doang","1725309140577472661","","","in","mars","0","0","0","https://x.com/mboksinito/status/1725309140577472661","1137657014090211328","mboksinito"
"1725091306345820366","Fri Nov 17 00:17:32 +0000 2023","50","@GitaDestrianti ya kalo umr kota-kota lain sama kyak jakarta mah ok aja gue pake contoh jakarta dan bodetabek krn 1) gen z yang bisa afford perumpamaan 530 juta dan punya gaji 10jt mostly dari situ 2) meningkatkan gaji networking dan skill emang paling memungkinkan di jabodetabek","1725307145732907205","","txtdarigenzee","in","she/her ","0","2","2","https://x.com/bincangurban/status/1725307145732907205","576167158","bincangurban"
"1725091306345820366","Thu Nov 16 23:57:40 +0000 2023","1","@absolutelyXfizh Liatlah gen z 1 ini gatau arti dari kalimat gaji 7 jt alias pas2an . Justru beli rumah yg sesuai dengan gaji segitu masih bisa dengan catatan otaknya mau dipake. Gue juga ga maksa lo buat beli kok mau nebeng ortu selamanya atau nunggu blio meninggal supaya dapet warisan jg ok","1725302144935608380","","absolutelyXfizh","in","Kota Tangerang, Banten","0","1","0","https://x.com/RenjerHijau/status/1725302144935608380","1289114098542587904","RenjerHijau"
"1725113578389475531","Thu Nov 16 22:53:27 +0000 2023","5","@PabloEscopi @angewwie YaAllah semangat gen z yg kerja gaji ga nutup ga kerja hidup yg tutup","1725285984257064966","","PabloEscopi","in","Montmartre","0","0","0","https://x.com/sugarvenomx/status/1725285984257064966","922720946783338496","sugarvenomx"
"1725091306345820366","Thu Nov 16 14:02:59 +0000 2023","201","@bincangurban sepakat kak menurut hasil survei Populix juga gitu. 61% responden usia gen z &amp; milenial susah punya rumah karena gaji ngepas buat kebutuhan dasar gimana mau kebeli tuh rumah https://t.co/j1CxGFz4cT","1725152487101903292","https://pbs.twimg.com/media/F_D4_YQWEAAcO1e.jpg","bincangurban","in","Jakarta Capital Region","6","0","29","https://x.com/populixco/status/1725152487101903292","1250405042101747712","populixco"
"1725150441384612129","Thu Nov 16 13:54:51 +0000 2023","0","Gen Z lagi yg disalahin Boomer tahun segitu antara gaji &amp; harga properti masih beriringan Sejak US nyetak dollar tanpa patokan emas Mulailah kacau merembet ke negara lain Kenaikan gaji era millenial gen z cenderung melambat Gaji fantastis pegawai startup hanya sebagian kecil https://t.co/KJx6qzWClf","1725150441384612129","https://pbs.twimg.com/media/F_D3Lw-W0AAl3lH.jpg","","in","Geylang","0","0","0","https://x.com/Darumajati/status/1725150441384612129","78596574","Darumajati"
"1725091306345820366","Thu Nov 16 13:51:57 +0000 2023","0","@bincangurban Hhmm gumana yaa sbg gen z kabupaten boro2 mau nonton konser gaji aja abis buat sehari2 https://t.co/SjwFKVCvr6","1725149712477536370","","bincangurban","in","kepo","0","0","0","https://x.com/bluebelliejean/status/1725149712477536370","1467038497596862464","bluebelliejean"
"1725144366094950687","Thu Nov 16 13:30:43 +0000 2023","0","Belom tau ya banyak milenial dan gen z jadi tulang punggung keluarga gara² ulah boomer hobi beranak banyak? Boro² nabung gaji cukup sampe akhir bulan udh alhamdulillah.","1725144366094950687","","","in","Ravenclaw house ♥","0","0","0","https://x.com/babyrany/status/1725144366094950687","78568379","babyrany"
"1725140674805411958","Thu Nov 16 13:16:03 +0000 2023","0","Bangsat lah yg bela2in boomers numpuk property trus nyalahin gen z ga bisa beli rumah eh bangsyul lo ngarepin orang2 bisa punya rumah min skrg harganya 1 milyar dg gaji 5 jutaan per bulan gws","1725140674805411958","","","in","","0","0","0","https://x.com/monchiet521/status/1725140674805411958","1323837413764952065","monchiet521"
"1725140354712899925","Thu Nov 16 13:15:52 +0000 2023","7","gini deh: gaji ortu saya 1jt dan beli rumah harga 20jt di tahun 1996. harganya 20x lipat ya sekarang gaji saya (let s say) 10 jt tapi harga rumah udah 2 milyar. itu udah 200x lipat masuk akal gak kenapa gen z lebih milih menghamburkan duit buat hidup hari ini?","1725140628521324833","","ppppanteqqqq","in","","0","1","0","https://x.com/ppppanteqqqq/status/1725140628521324833","1399773784475803648","ppppanteqqqq"
"1725110696667701545","Thu Nov 16 12:38:40 +0000 2023","2","@innocentivs even gaji/income/salary gen Z di jkt diatas 20jt++ still ga ngejamin kalo mereka bisa beli rumah soalnya once again inflasi harga properti tiap taun since pandemic era naiknya bener2 uncontrollable y'all need to blame harga tanah kosong di jkt yg digoreng sm makelar properti","1725131267543642240","","innocentivs","in","Estadio Santiago Bernadya","0","1","0","https://x.com/G4C0AN/status/1725131267543642240","1693119693824126977","G4C0AN"
"1725113578389475531","Thu Nov 16 11:34:07 +0000 2023","1332","Muak bgt sama narasi gen Z ga bisa beli rumah soalnya sibuk ngopi. Generasi atas-atas tuh buanyak yg dgn gaji karyawan masih bisa afford entertainment sekaligus nabung buat beli rumah. Sekarang marak housing bubble sampe gen Z cuma bs afford entertainmentnya &amp; bukan rumahnya.","1725115022282801544","","angewwie","in","instagram @angewwie","17","6","177","https://x.com/angewwie/status/1725115022282801544","560103367","angewwie"
"1724561064048906650","Wed Nov 15 18:53:15 +0000 2023","10","@estminami @nikkoilham @MerrMagda Sambil marah marah ke gen Z ngatain mereka malas mental lemah maunya dicekokin doang mental diprovide gabisa beli ini itu gitu doang ko gabisa . Padahal gaji gen X ke gen Z di kualifikasi yg sama naik paling 10% tapi harga kebutuhan naiknya edan edanan","1724863149030125765","","quppapeppi","in","","0","0","1","https://x.com/lunaloveyouu/status/1724863149030125765","1266990352751161348","lunaloveyouu"
"1724292337696964958","Tue Nov 14 16:01:18 +0000 2023","2","@Vitalongcee @worksfess tipe gen Z banyak ngeluh gaji pengen 2digit tp ga ada pengalaman kerja ongkang ","1724457486588273129","","Vitalongcee","in","","0","0","1","https://x.com/laknatakuun/status/1724457486588273129","1187722185827221504","laknatakuun"
"1724360754361717086","Tue Nov 14 10:39:29 +0000 2023","3","@airkiver @tanyarlfes Setuju bgt ga boleh jadi sugar baby tapi statement masih ada kerjaan lain gaji ga besar yg penting berkah tuh ga relevan sama sender karna sendernya udah jelasin ga ada kerjaan yg nyangkut satupun.","1724376497635606647","","airkiver","in","Indonesia","0","2","0","https://x.com/lucubgtygy/status/1724376497635606647","1572828746922729473","lucubgtygy"
"1724351994989793612","Tue Nov 14 10:12:18 +0000 2023","0","@sincerelywonbin @nykac_ @tanyakanrl Ga juga sih. Gue pribadi sbg netizen &amp; karyawan juga takut kalo kantor gue tiba tiba PHK. Gue justru malah bingung lihat org yg sepele sm perekonomian kedepan soalnya gue trauma bgt sama efek ekonomi covid. Semoga ga terulang lagi deh pemotongan gaji apalagi PHK besar besaran.","1724369660152578346","","sincerelywonbin","in","Indonesia","0","0","0","https://x.com/lucubgtygy/status/1724369660152578346","1572828746922729473","lucubgtygy"
"1724306699484586042","Tue Nov 14 06:02:07 +0000 2023","0","sorry ya klo aku mau dapet gaji 2 digit tp kerjaku tidur dan makan mulu this is gen z","1724306699484586042","","","in","","0","0","0","https://x.com/cikencomel/status/1724306699484586042","1415038405965062146","cikencomel"
"1724249579485618258","Tue Nov 14 02:15:09 +0000 2023","3","Yuk itung kalo gen z/millenial dengan gaji 2x umr harus nabung berapa lama sampe kekumpul 420M️ https://t.co/SUDnTfXYDU","1724249579485618258","https://pbs.twimg.com/media/F-3D2uKa4AADx78.jpg","","in","North Point","0","0","0","https://x.com/CallsignZephyr_/status/1724249579485618258","1323506400111157251","CallsignZephyr_"
"1722935940384260272","Sat Nov 11 01:17:15 +0000 2023","0","@SeputarMadrid @diarioas Gen Z gaji buta","1723147845669429466","","SeputarMadrid","in","Console","0","0","0","https://x.com/reffadi/status/1723147845669429466","80760109","reffadi"
"1723143503297851639","Sat Nov 11 01:00:00 +0000 2023","0","Ternyata jabatan tinggi nggak bikin Gen Z ngiler! Kabarnya mereka nggak masalah gaji kecil selama sehat mental. Lantas bagaimana perencanaan keuangan yang tepat bagi Gen Z? Dengarkan podcastnya di sini! https://t.co/BVrT3FDPo6 #podcast #tolakmiskin #tolakmiskindetikfinance https://t.co/UMFkP1Vi8A","1723143503297851639","https://pbs.twimg.com/ext_tw_video_thumb/1722881015230914560/pu/img/fh4kjRu6sUtcJ6oo.jpg","","in","Jakarta, Indonesia","0","0","0","https://x.com/detikfinance/status/1723143503297851639","135795460","detikfinance"
"1722892624938627413","Fri Nov 10 08:23:06 +0000 2023","0","Penyebab Banyak Gen Z Menolak Naik Jabatan Bukan Semata Karena Gaji https://t.co/fAmP2HRtYo","1722892624938627413","","","in","","0","0","0","https://x.com/Fortune_IDN/status/1722892624938627413","1380017096390676483","Fortune_IDN"
"1722811739786616888","Fri Nov 10 08:14:25 +0000 2023","0","@pendekarmumet @Heraloebss Waduh di kantor gw banyak gen z ada 3 yg 2 tukang mabok nuntut Gaji tinggi kaga ngapa kerjaan nya ga becus beda ama yg 1","1722890441941750259","","pendekarmumet","in","","0","0","0","https://x.com/didinasemele/status/1722890441941750259","847090927","didinasemele"
"1722807195530620960","Fri Nov 10 02:43:38 +0000 2023","0","Gen Z disebut nggak pengin gaji tinggi asal hidup seimbang dengan kerjaan. Dengan gaji pas-pasan apa kesalahan-kesalahan keuangan yang harus dihindari Gen Z? https://t.co/TYLPZdc80w","1722807195530620960","","","in","Jakarta, Indonesia","1","0","0","https://x.com/detikfinance/status/1722807195530620960","135795460","detikfinance"
"1722650441635467422","Thu Nov 09 16:20:45 +0000 2023","0","w tadi nemu menfess knp ank gen z gaji maunya banyak trus ada yg bales udh mikir biar kebutuhan tercukupi dan mental stabil gk kyk org dulu legowo tp skrg tinggal stress nya dan lampiasin ke anaknya.. lalu menfess ini lewat ","1722650441635467422","","","in","she/her, 01L.","0","0","0","https://x.com/stellaejeruk/status/1722650441635467422","1400291575800885253","stellaejeruk"
"1722234001384247367","Thu Nov 09 14:19:04 +0000 2023","0","@convomfs orang2 dulu yg overwork itulah yg bisa bikin gen z bisa milih resign saat dirasa gaji tidak sesuai. read: masih ada ortu (yg dulu overwork) yg back up. disclaimer : tidak semua gen z tp kebanyakan.","1722619820569739521","","convomfs","in","cari jodoh katolik","0","0","0","https://x.com/wdhtnt/status/1722619820569739521","108788602","wdhtnt"
"1722234001384247367","Thu Nov 09 12:00:12 +0000 2023","0","@convomfs Ya lu bayangin aja gen z udah harus mikirin gimana gantiin posisi ortu sebagai tulang punggung biayain kebutuhan rumah buat adik nabung buat beli rumah/kendaraan buat dirinya sendiri aja pelit nder dapet gaji kecil/besar yang dipikirin bukan diri sendiri cuy tapi keluarga","1722584874526380070","","convomfs","in","","0","0","0","https://x.com/pshbeloved_/status/1722584874526380070","1267685320964759552","pshbeloved_"
"1722234001384247367","Thu Nov 09 10:51:44 +0000 2023","2","@convomfs Kalian sadar ga sih gen z? Klo org2 dulu tuh gpp klo dipaksa overwork sama tuan tanah sbgian besar hasil panen diembat kaum feodal seumur idup gk kaya jmn skrg overwork gaji kecil langsung resign penyebabnya apa kira² Versi lebih feodalnya kira² gitu","1722567642211647896","","convomfs","in","Melintang dari kanan ke kiri","0","0","0","https://x.com/yunanroman/status/1722567642211647896","1112748063422992385","yunanroman"
"1722565982269677771","Thu Nov 09 10:45:08 +0000 2023","0","Nder gue termasuk orang dulu yang pemikirannya kayak gen Z yang kamu remehkan itu. Kerja berangkat jam 6 pagi pulang bisa sampai jam 6 sore - 8 malam - 10 malem. Gajinya? Sangat dikit. Kala itu UMR 1 4 jutaan. Tiap overtime gaji lemburan nggak langsung dibayar pas gajian.","1722565982269677771","","","in","Taeyong ~ Jongseong ~ Ni-ki
","0","0","0","https://x.com/taeyong_soloist/status/1722565982269677771","1365312980720656385","taeyong_soloist"
"1722234001384247367","Thu Nov 09 10:31:36 +0000 2023","0","@convomfs Tapi bapa gw yg bukan gen Z ga gitu nder kalo prinsip bapak gw jangan sampe kerja di orang kalo gaji kecil gaji kecil mending usaha sendiri yg ngatur sendiri kekuasaan sendiri.. ga ribet mikirin gaji kecil karena kerja di orang","1722562577061064753","","convomfs","in","","0","0","0","https://x.com/myosotibytwowin/status/1722562577061064753","1370043711241949186","myosotibytwowin"
"1722234001384247367","Thu Nov 09 09:55:16 +0000 2023","0","@convomfs Bagus dong ya? Aku orang jaman dulu (?) dan menurutku bagus sih sama anak gen z. Mereka kan kerja untuk uang tapi ga boleh lupa jg sama kesehatan. Lah kalo overwork tapi gaji ga sesuai capek bgt ga sih?","1722553431188271567","","convomfs","in","","0","0","0","https://x.com/d17hanakaede/status/1722553431188271567","49914249","d17hanakaede"
"1722539329795629160","Thu Nov 09 09:08:36 +0000 2023","1","@KABAR_CHELSEA Ada juga Gen Z ngebet pengen gaji tinggi dan jadi kapten tim gak cuma dia yg ngambek sampai orang tua nya pun ikut ngambek contohnya Mason Mount dan Tony Mount hehe","1722541686574952578","","KABAR_CHELSEA","in","","0","1","0","https://x.com/EdofMaurer/status/1722541686574952578","165309264","EdofMaurer"
"1722521714566013202","Thu Nov 09 08:58:03 +0000 2023","1","@neohistoria_id Gaji kecil sampe bertahun-tahun tapi kebeli juga rumah. Jd kerjanya enak ada tujuan. Gen z gaji kecil secara realistis gak dapet aset kecuali ngaso 20tahun ke bank.","1722539035690926277","","neohistoria_id","in","Same Space, Another Planet","0","0","0","https://x.com/Mythicaley/status/1722539035690926277","715563843724791811","Mythicaley"
"1722527897364414666","Thu Nov 09 08:13:48 +0000 2023","0","U aja si overwork gaji kecil W (bukan gen z) mah ogah","1722527897364414666","","","in","","0","0","0","https://x.com/iniakunramon/status/1722527897364414666","1381139391968468993","iniakunramon"
"1722234001384247367","Thu Nov 09 08:09:13 +0000 2023","0","@convomfs Simple nya kita Gen Z makin pinter aja sih. Gamau diperas kaya orang-orang zaman dulu. Kenapa? Kamu susah ya nyari orang yang gampang dibodohin load kerjaan tinggi dan gaji yang minim dengan dalih pengabdian? Wkwk","1722526742311751811","","convomfs","in","","0","0","0","https://x.com/etnomath/status/1722526742311751811","1317368307729666048","etnomath"
"1722234001384247367","Thu Nov 09 06:53:52 +0000 2023","0","@convomfs grgr kebutuhan hidup dan lifestyle ga murah kali ya dan gen z udh lebih melek ttg value dan menghargai dirinya sendiri jd gaji hrs balance sm usaha yg udh kita kerahin ke perusahaan klo overwork y gaji jg hrs over dong","1722507781079732319","","convomfs","in","","0","0","0","https://x.com/_estehpanas__/status/1722507781079732319","1587437195434295296","_estehpanas__"
"1722500162550194600","Thu Nov 09 06:23:35 +0000 2023","0","ga cukup lah menurutmu aja dijaman skrg gaji pas pasan apalgi overwork jgn seakan blg gen z manja lah ini lah itu lah kalo skrg udh makin liat value kalo ngerasa deserve pekerjaan yg lbih baik dgn bayaran sepadan.","1722500162550194600","","","in","do not follow first.","0","0","0","https://x.com/hanbinzst/status/1722500162550194600","1313516119546765318","hanbinzst"
"1722234001384247367","Thu Nov 09 05:06:11 +0000 2023","0","@convomfs Not gen z tp coba gw tanya balik tp. Ngapain stay di tempat gaji kecil dan overwork? Kalo sakit dibayarin kantor gak? Mending juga resign terus usaha/cari tempat yang lebih baik.","1722480683338407986","","convomfs","in","","0","0","0","https://x.com/tensorflope/status/1722480683338407986","1056048620716273665","tensorflope"
"1722468150904856795","Thu Nov 09 04:28:14 +0000 2023","0","@winduhhh Krn persepsi dari definisi masing2 term nya beda2 tiap generasi Gaji Kecil Overwork dkk Menurut gen Z begini milenial begini startup layoff tapi di KAP it is just another day ","1722471132245496095","","itswinslife","in","Jakarta, IDN.","0","1","0","https://x.com/arkoreborn/status/1722471132245496095","916546058238361607","arkoreborn"
"1722234001384247367","Thu Nov 09 03:49:42 +0000 2023","2","@convomfs orng2 dulu mungkin mikir umur udh makin menua kalo kluar tkt susah cri kerja lagi. gw sebagai gen z mikir mumpung umur gw masih muda msh kuat ngapa2in gw bakal explore trs dari gaji kecil.. trs makin lama makin naik krn apa2 jg mahal ada ortu sama adek yg hrs dibantu thx.","1722461435761209749","","convomfs","in","slytherin.","0","0","0","https://x.com/roronoachia/status/1722461435761209749","1561033693463863296","roronoachia"
"1722234001384247367","Thu Nov 09 03:33:42 +0000 2023","0","@convomfs Bukan gen z yg trllu ngeluh soal gaji.. tapi setau aku orang dulu gaji kecil ga ngeluh krna masih ada sakura 500perak. Sekarang paling murce 1000 itu pun gatau mie nya dari apaan ","1722457406322655390","","convomfs","in","Banda Aceh , INDONESIA","0","0","0","https://x.com/occa_ota/status/1722457406322655390","2370495699","occa_ota"
"1721378792302903463","Mon Nov 06 04:07:40 +0000 2023","0","Emang bener deh kalo ada anak gen z kerja di kantormu tanyain deh mau kerja beneran atau gak? Apa jangan2 mikirnya ngangngong2 dapet gaji?","1721378792302903463","","","in","Di Twitter jangan baper","0","1","0","https://x.com/jendr0/status/1721378792302903463","93547108","jendr0"
"1721001668387668172","Sun Nov 05 21:56:00 +0000 2023","0","@tanyarlfes Sama saja lulusan gen Z ini saat mau melamar kerja gak sopan sekali..freshgraduate minta gaji setara direktur ditanya pengalaman kerja gak ada tp saat di minta tunjukkan dulu kwalitasnya malah ngatain gak percaya sm lulusan ptn 10 besar indo..parah","1721285260984664117","","tanyarlfes","in","Melbourne, Victoria","0","0","0","https://x.com/inuyaza889/status/1721285260984664117","2463112550","inuyaza889"
"1721131503240061410","Sun Nov 05 13:10:39 +0000 2023","0","@buzzerhyoseop @vita_octaa @worksfess Iyaa betul mau ruko atau gedung bodo amat yaa yg penting digaji. Syukur2 kalau gajinya bagus. Jadi stop minder kerja di ruko khususnya fg (Gen Z) ! Tapi kalau dapat gedung kantor elit dan gaji bagus good for them jadi bisa story ig ala ala wkkwkw","1721153049081868654","","taesanpki","in","Bandung","0","0","0","https://x.com/abiesais/status/1721153049081868654","1416034607795826695","abiesais"
"1720905360717070363","Sat Nov 04 20:46:25 +0000 2023","0","Kerja keras admin @Gerindra dari sekian tahun lalu emang bener2 membuahkan hasil terutama dikalangan calon voter dari Millennials dan Gen Z. Kalo sampai Pak Prabowo terpilih menjadi Presiden gaji insentif dll adminnya harus ngeroket minimal 3x lipat lah ini wajib.","1720905360717070363","","","in","Aldebaran","0","0","0","https://x.com/yogasuud/status/1720905360717070363","1183297844494524416","yogasuud"
"1720769112077689151","Sat Nov 04 11:56:59 +0000 2023","0","@worksfess Pantes gen Z banyak nganggur mindset nya ancur. Nunggu gaji gede baru mau kerja lol you think you flower","1720772123432775981","","worksfess","in","Kota Palembang, Sumatera Selat","0","0","0","https://x.com/WiijayaBbg/status/1720772123432775981","985850486367514624","WiijayaBbg"
"1720761676080009395","Sat Nov 04 11:15:28 +0000 2023","0","naikkan gaji admin konten tiktok enha yg skrng plis aku sukaa banget sm konsepnyaa gen z bangett https://t.co/9MyPT5tqwm","1720761676080009395","https://pbs.twimg.com/ext_tw_video_thumb/1720761602574839808/pu/img/0AQfw29f-lXBPcF_.jpg","","in","","0","1","0","https://x.com/luvsimjaeyi/status/1720761676080009395","1665766685696233472","luvsimjaeyi"
"1720696446570332214","Sat Nov 04 06:56:16 +0000 2023","0","wkwkwkw mampoos derita jadi gen z nyari gaji segitu aja setengah mati udah gitu ambil rumah samggupnya tenor 25 tahun https://t.co/XuZ65Sx6On","1720696446570332214","https://pbs.twimg.com/media/F-EkS3PbkAAtDzw.jpg","","in","","0","1","0","https://x.com/achbf_/status/1720696446570332214","2962574876","achbf_"
"1719968708649758769","Thu Nov 02 06:44:30 +0000 2023","1","jap PLKN umo 30an ?? siyez lhaaaaa.. better kasi kt budak gen z kot bru die rse susah senang skit nih kje semua bnd nk b suap je lps tuh kje nk senang je lps tuh gaji nk beso je.. ehhhh tiberrr","1719968708649758769","","","in","JOHO","0","0","0","https://x.com/ouhhECHAH/status/1719968708649758769","332281498","ouhhECHAH"
"1719685491287822652","Wed Nov 01 11:59:05 +0000 2023","0","kocak banget liat anak gen z nego gaji. berasa paling mantep","1719685491287822652","","","in","","0","2","0","https://x.com/originalglazedr/status/1719685491287822652","1042277329999806464","originalglazedr"
"1719636607224205442","Wed Nov 01 08:59:45 +0000 2023","0","@twtdaricici Jangan hanya melulu lihata gaji kak... Inget gen Z mudah streeess wkwk","1719640358819401969","","twtdaricici","in","DKI Jakarta, Indonesia","0","1","0","https://x.com/Cabekiloan/status/1719640358819401969","953394866762887170","Cabekiloan"
"1719630305878004100","Wed Nov 01 08:19:48 +0000 2023","1","Prob gen z ni nk gaji beso tp kerja malas . Bodo","1719630305878004100","","","in","","0","0","0","https://x.com/hanisafandi/status/1719630305878004100","368196480","hanisafandi"
"1719621988954808323","Wed Nov 01 08:16:36 +0000 2023","1","@ernestprakasa Makanya negara kita susah prospeknya krn Gen Z nya byk yg gk jelas krn pengaruh sosmed. Saya aja di kantor sampai pusing sama Gen Z dikit2 resign terlalu terbuai sama sosmed jd maunya kerja enak &amp; gaji besar. Kena omel atau pressure dikit lgsg mental breakdown","1719629498126364972","","ernestprakasa","in","Indonesia","0","0","0","https://x.com/EYore2902/status/1719629498126364972","995865705500180481","EYore2902"
"1719379690128052247","Tue Oct 31 15:43:57 +0000 2023","0","lemah nya gen z ya gini dpt gaji dikit dikit mau selfreward ga sadar banyak hal yg harus di tutup atau dibantu seperti orang tua dll egois nya keluar terus tp bersyukur sehabis marah namun sadar gaboleh begini orang tua kesulitan ya kita bantu bakti kpd org tua ituya harus","1719379690128052247","","","in","","0","0","0","https://x.com/b4st4rd111/status/1719379690128052247","1709136644123832320","b4st4rd111"
"1719191743181246467","Tue Oct 31 03:17:07 +0000 2023","0","Gen Z problem. Gaji naik pelik tak naik gaji pun pertikai.","1719191743181246467","","","in","","0","0","0","https://x.com/niniAhmd/status/1719191743181246467","4555987688","niniAhmd"
"1718952826355986681","Mon Oct 30 11:27:51 +0000 2023","0","Lalu selain gaji apa sih yg diinginkan Gen Z itu? . https://t.co/YASiO6jnuq","1718952851836391575","https://pbs.twimg.com/media/F9rygdnbwAAlzIq.jpg","metasmart_id","in","Bintaro Indonesia","0","1","0","https://x.com/metasmart_id/status/1718952851836391575","1680154253783101440","metasmart_id"
"1718541548638654584","Mon Oct 30 04:00:31 +0000 2023","0","@vicarioreinaldo Ini ciri gen Z skrg sih. Dan terbukti dgn sepupu sy skrg. Gak suka kalau di lingkungan kerja banyak drama. Dan milih keluar. Klo milenial dan genX paham itu dan resiko dunia kerja yg penting masih ada duit/gaji","1718840277585236025","","vicarioreinaldo","in","","0","0","0","https://x.com/Loberitain/status/1718840277585236025","946205988465471488","Loberitain"
"1718685661803495906","Sun Oct 29 18:04:57 +0000 2023","3","@mudarsyis @manutd_world Gak ada. Kalo sancho emang pure problematik aja gaji paling mahal tapi gaada kontribusi. Bukannya sadar diri malah curhat di medsos ciri gen z dimana mana sama aja kelakuan nya","1718690400867959039","","mudarsyis","in","","0","0","0","https://x.com/belomapan/status/1718690400867959039","1343894814106927104","belomapan"
"1718606983560155619","Sun Oct 29 12:33:29 +0000 2023","0","What a gen Z punya thinking... kerja relax relax tapi gaji gempak punya... mintak mak bapak kau pon xbg weh.... lagi tinggi pangkat kau lagi banyak gaji kau tapi lagi besar tanggungjawab kau perlu pikul. Kecuali kau makan gaji buta ","1718606983560155619","","","in","Pasir Mas, Kelantan","0","0","0","https://x.com/ZuriaFatmi/status/1718606983560155619","180318828","ZuriaFatmi"
"1718536396124954822","Sun Oct 29 07:54:56 +0000 2023","0","gen z behavior. prefer gaji pas-pasan di domisili sendiri pressure masih aman daripada gaji gede merantau high pressure.","1718536883423334612","","dbdbdip0x0","in","Changwon","0","1","0","https://x.com/dbdbdip0x0/status/1718536883423334612","1260926518777139203","dbdbdip0x0"
"1718526203957739620","Sun Oct 29 07:12:30 +0000 2023","1","Alhamdulilah 3 tahun masih bertahan. Gen Z sekarang yg apply mostly looking fr gaji . Like buat sambil lewa. Dtng kerja balik then dpt gaji. Semua kerje penat dik oi. Strict sbb UQ a good company and follow Japan culture. Malaysia je degil and tk boleh accept","1718526203957739620","","","in","MLK,MY","0","0","0","https://x.com/atqhkamila/status/1718526203957739620","998478517","atqhkamila"
"1717806066057257443","Sat Oct 28 04:03:28 +0000 2023","0","@MauKerjaMY Gen Z mmg mcm tu. Memilih sbb gaji. Aku dlu xfikir gaji. Asal dpt cari pengalaman dan nnti akan ada kenaikan kalau kita achieve target. Ubah please dek.","1718116245466443820","","MauKerjaMY","in","Kuala Lumpur","0","0","0","https://x.com/FauziSuhaimi/status/1718116245466443820","254104207","FauziSuhaimi"
"1717842929858089299","Fri Oct 27 09:57:25 +0000 2023","0","Riset terbaru Hewlett-Packard (HP) di acara South by Southwest (SXSW) Sydney 2023 menyatakan bahwa Gen Z jadi kalangan usia pekerja yang rela turun gaji paling besar dari generasi lainnya. Pekerja rela di gaji lebih kecil demi bisa kerja fleksibel dan sehat mental. kompas https://t.co/n057mC4nTJ","1717842929858089299","https://pbs.twimg.com/media/F9cBCOca8AA6mV8.jpg","","in","Gd. Perintis Kompas Gramedia","0","0","0","https://x.com/MOTION975FM/status/1717842929858089299","87161862","MOTION975FM"
"1717789612016619883","Fri Oct 27 06:25:33 +0000 2023","5","Hasil riset Work Relationship Index yang diungkap Hewlett-Packard (HP) dalam acara South by Southwest (SXSW) Sydney 2023 mengungkapkan bahwa Generasi Z (Gen Z kelahiran 1997-2012) rela menerima gaji kecil demi bisa kerja fleksibel dan sehat mental. #genz #milenial #gaji https://t.co/wvHdR3nnHg","1717789612016619883","https://pbs.twimg.com/media/F9bQijhacAApMqW.jpg","","in","","2","1","0","https://x.com/Metro_TV/status/1717789612016619883","57261519","Metro_TV"
"1717763253089292765","Fri Oct 27 04:40:48 +0000 2023","0","Kemaren liat di ig katanya gen z itu lebih memilih kerja gaji kecil tapi mental aman. Setuju sih gue. Percuma anjir gaji gede tapi lingkungannya toxic bener-bener se toxic itu pula. Mana tahaaannnn","1717763253089292765","","","in","","0","0","0","https://x.com/KelarMaghrib/status/1717763253089292765","1513711776956780545","KelarMaghrib"
"1717399414288077066","Fri Oct 27 02:57:23 +0000 2023","0","@worksfess Gen Z sebelah mana ini? Bukannya maunya gaji gede WFA mental sehat ya","1717737226183082479","","worksfess","in","","0","0","0","https://x.com/fulancenengujan/status/1717737226183082479","1122635147319205888","fulancenengujan"
"1717715411222102115","Fri Oct 27 01:30:42 +0000 2023","0","Wah menurut riset: Gen Z rela punya gaji kecil lasal bisa WFA dan sehat mental loh! Hewlett-Packard (HP) melakukan penelitian Indeks Hubungan Kerja yang mensurvei 15.624 responden dari 12 negara termasuk Indonesia nih Blistener! #MorningVoice","1717715411222102115","","","in","Jakarta","0","0","0","https://x.com/BVOICE_RADIO/status/1717715411222102115","74664107","BVOICE_RADIO"
"1717399414288077066","Fri Oct 27 00:40:44 +0000 2023","2","@worksfess wfa gaji kecil mah stress. anywhere2 itu butuh duit. mau sehat mental konsul ke psikolog &amp; psikiater jg butuh duit. blm nanti mau beli tiket konser healing bayar member gym pilates yoga self reward dll. gw sbg gen z sih lebih butuh gaji besar","1717702835872165995","","worksfess","in","","0","0","0","https://x.com/meuthiasf/status/1717702835872165995","1163459406962425856","meuthiasf"
"1717679032521904372","Thu Oct 26 23:06:08 +0000 2023","0","Riset: Gen Z Rela Gaji Kecil Asal Bisa WFH https://t.co/jxzwnKuxi9 #TrenAsia","1717679032521904372","","","in","Jakarta","0","0","0","https://x.com/trenasiadotcom/status/1717679032521904372","1675698038625673219","trenasiadotcom"
"1717595689180700992","Thu Oct 26 17:34:58 +0000 2023","0","Riset bohongan. Gen Z kaga ada duit macam saya mana mau gaji kecil ngebela belain wfa doang","1717595689180700992","","","in","Less than 1m beside you","0","0","0","https://x.com/deadjulopisca/status/1717595689180700992","1233757077396324352","deadjulopisca"
"1717399414288077066","Thu Oct 26 17:00:51 +0000 2023","0","@worksfess gen Z kalo gaji gede juga larinya ke pinjol kalo ga psikiater","1717587105407541398","","worksfess","in","Sidoarjo, Indonesia","0","0","0","https://x.com/sushidicted/status/1717587105407541398","1523882834686922754","sushidicted"
"1717399414288077066","Thu Oct 26 16:15:23 +0000 2023","0","@worksfess Gen Z gaji kecil gapapa selama masih dibiayain orang tau kalo yg generasi sandwich ya cuma bisa nangis dipojokan","1717575662561866151","","worksfess","in","Grobogan, Indonesia","0","0","0","https://x.com/ernigianti/status/1717575662561866151","1262571974796038144","ernigianti"
"1717538221155045377","Thu Oct 26 13:46:36 +0000 2023","0","kataa sapee bjirrr??? gen z mah mau nya punya gaji gede mental sehat bisa wfa","1717538221155045377","","","in","my notes","0","0","0","https://x.com/convoarea/status/1717538221155045377","1366575481638715392","convoarea"
"1717520128013967796","Thu Oct 26 12:34:43 +0000 2023","0","Rela gaji kecil -&gt; kebutuhan banyak -&gt; uangnya ga mencukupi -&gt; stress -&gt; ujungnya boro2 sehat mental wkwk Yg bener tuh gen z maunya wfa sehat mental dan gaji besar","1717520128013967796","","","in","Bumi","0","0","0","https://x.com/yawdahiyaaaaa/status/1717520128013967796","806728973799432192","yawdahiyaaaaa"
"1717399414288077066","Thu Oct 26 11:36:13 +0000 2023","0","@worksfess kata Paman Ben di film Spiderman juga kekuatan yang besar mendatangkan tanggung jawab yang besar yaa mungkin Gen Z ini gak mau gaji gede karena gak mau punya tanggung jawab yang gede juga. Jadi lebih baik gaji kecil dan tanggung jawab yang kecil juga.","1717505406862504018","","worksfess","in","Bandung, Jawa Barat","0","0","0","https://x.com/itsmofahri/status/1717505406862504018","1042582793845301248","itsmofahri"
"1717399414288077066","Thu Oct 26 11:02:33 +0000 2023","0","@worksfess salah. Gen z maunya bisa wfa sehat mental dan gaji besar (aku)","1717496935656124463","","worksfess","in","","0","0","0","https://x.com/assmodehoes/status/1717496935656124463","1294905235618410498","assmodehoes"
"1717399414288077066","Thu Oct 26 09:57:02 +0000 2023","206","@worksfess akulah Gen Z itu *note: tapi kalau gaji besar WFA dan sehat mental kenapa tidak","1717480447415087394","","worksfess","in","","0","1","4","https://x.com/nex_app/status/1717480447415087394","1579777075983962112","nex_app"
"1717399414288077066","Thu Oct 26 09:37:00 +0000 2023","58","@worksfess Survey dari mana deh??? Gen Z kayak aku maunya gaji gede supaya bisa lebih sehat mental. Gaji kecil mah stress. Apa apa mahal gmn mental saya bisa sehat","1717475406914506866","","worksfess","in","Ujung Sumatera, Indonesia","0","0","0","https://x.com/iniaesha/status/1717475406914506866","1282577444663222274","iniaesha"
"1717399414288077066","Thu Oct 26 09:31:34 +0000 2023","0","@worksfess Aku gen z tp aku tim gaji besar. Wfo/wfa ga masalah asal gaji besar. Mentalku sehat kalo dompetku penuh","1717474036232704307","","worksfess","in","Jakarta Capital Region","0","0","0","https://x.com/sunflowershyuk/status/1717474036232704307","1415506649754726402","sunflowershyuk"
"1717468398983291168","Thu Oct 26 09:09:09 +0000 2023","0","Basically WFA gaji dua digit adalah dream job Gen Z.","1717468398983291168","","","in","","0","0","0","https://x.com/DRozzaaq/status/1717468398983291168","1240496532924710912","DRozzaaq"
"1717447471906041974","Thu Oct 26 07:46:00 +0000 2023","0","ga berlaku buat gen Z kayak gue bodo amat kerja sm org toxic yg penting gaji 2 digit","1717447471906041974","","","in","Hong Kong","0","0","0","https://x.com/ihsandroid/status/1717447471906041974","157270709","ihsandroid"
"1717431489657512443","Thu Oct 26 06:42:30 +0000 2023","0","yaallah akuuu tersindirrr tapi gw gen Z yg realistis kok maunya gaji gede mental aman plus WFA ahahahahha","1717431489657512443","","","in","Indonesia","0","0","0","https://x.com/ladywelsy/status/1717431489657512443","1146436242445197315","ladywelsy"
"1717399414288077066","Thu Oct 26 06:20:18 +0000 2023","0","@worksfess hoax bangett gen z maunya gaji gede sehat mental WFA wkwkwk","1717425903033319809","","worksfess","in","","0","0","0","https://x.com/fkrayu/status/1717425903033319809","1388480707","fkrayu"
"1717421163146871189","Thu Oct 26 06:01:28 +0000 2023","1","Gen Z mana suaranyaaaaa Apa iya kamu juga merasa kalo gaji kecil gapapa yang penting mental aman? komen yukkk #genz #survei #gaji #pekerjaan #work #worklife #mtbfmsurabaya https://t.co/20ilF2xDYG","1717421163146871189","https://pbs.twimg.com/ext_tw_video_thumb/1717418962642944000/pu/img/SS0HS3UtPbX5cfcd.jpg","","in","Kota Surabaya, East Java","0","1","0","https://x.com/mtbfmsurabaya/status/1717421163146871189","253429796","mtbfmsurabaya"
"1717399414288077066","Thu Oct 26 05:49:58 +0000 2023","0","@worksfess Kata siapa anjir Gen Z maunya gaji diatas umr wfa dan kalo bisa dapet asuransi kesehatan dari kantor (bukan bpjs).","1717418271774028130","","worksfess","in","she/her","0","0","0","https://x.com/dcadumo/status/1717418271774028130","1356381498","dcadumo"
"1717413223329407412","Thu Oct 26 05:29:55 +0000 2023","0","Sebagai gen z gue maunya kerja wfa dan gaji tinggi sih","1717413223329407412","","","in","luocha's coffin","0","0","0","https://x.com/idorira/status/1717413223329407412","949889397129793537","idorira"
"1717399414288077066","Thu Oct 26 05:20:37 +0000 2023","0","@worksfess Sori tp gue tim gen z yg wfh wfo wfa bebas asal gaji 2 digit ","1717410882710634996","","worksfess","in","","0","1","0","https://x.com/jamurcryspi/status/1717410882710634996","1049848475171446784","jamurcryspi"
"1717399414288077066","Thu Oct 26 04:54:09 +0000 2023","509","@worksfess hoax bgt anjir gaji kecil ya bisa buat mental gak sehat gen z maunya gaji gede sehat mental and wfa thanks","1717404224504644056","","worksfess","in","","7","10","107","https://x.com/keepswimmingok/status/1717404224504644056","3086083908","keepswimmingok"
"1717399414288077066","Thu Oct 26 04:45:02 +0000 2023","10","@worksfess Millenial sebenarnya juga kek gini gak harus gen z tpi biasa nya karna dah nikah punya anak sandwich gen ya mau gak mau utamakan gaji dulu mental health dll belakangan. Klo millenial kek gua mau 30 blum nikah bukan sandwich gen ga ada tanggungan baru deh lebih santai ","1717401929293434979","","worksfess","in","","1","1","0","https://x.com/GothraS/status/1717401929293434979","1381254353420361734","GothraS"
"1717399414288077066","Thu Oct 26 04:45:01 +0000 2023","0","@worksfess Gen z sejati adalah yang pengen wfa dan gaji besar","1717401927275929950","","worksfess","in","Jakarta Pusat, DKI Jakarta","0","0","0","https://x.com/marquezzsaa/status/1717401927275929950","885387808466026496","marquezzsaa"
"1717399414288077066","Thu Oct 26 04:43:46 +0000 2023","0","@worksfess gw gen z mending gaji besar trs kerja wfo kalo gaji kecil wfh ajh","1717401611197436309","","worksfess","in","","0","0","0","https://x.com/dailyofdel/status/1717401611197436309","2362320895","dailyofdel"
"1717369372963127319","Thu Oct 26 02:35:40 +0000 2023","0","Di postingan gen z satunya ogah kerja kalo gaji kecil hadeh","1717369372963127319","","","in","Everywhere, Anywhere, Nowhere","0","0","0","https://x.com/gifuari/status/1717369372963127319","228690333","gifuari"
"1716985929121038522","Thu Oct 26 01:48:12 +0000 2023","0","@txtdrimedia Dek gen z untuk jaman ini gaji berbanding lurus dengan kesehatan mental","1717357426868130302","","txtdrimedia","in","Indonesia bagian mana saja","0","0","0","https://x.com/SiPret1/status/1717357426868130302","1194062389693431808","SiPret1"
"1717341742830416065","Thu Oct 26 00:45:52 +0000 2023","0","brrti gue ga termasuk gen z dong soalnya gue rela dgn gaji kecil walaupun tercekik tiap hari yang penting tercukupi wkwk.","1717341742830416065","","","in","","0","0","0","https://x.com/pikacuwih/status/1717341742830416065","1272925787235028994","pikacuwih"
"1716985929121038522","Wed Oct 25 11:35:31 +0000 2023","0","@txtdrimedia Preeet gen Z mintanya gaji besar jobdesk dikit sehat mental pulang ontime ","1717142843683385820","","txtdrimedia","in","Jawa Timur, Indonesia","0","0","0","https://x.com/Arifin13985956/status/1717142843683385820","1037659594347012096","Arifin13985956"
"1717110412985155596","Wed Oct 25 09:26:39 +0000 2023","0","Survei terbaru menunjukkan karakteristik kalangan Gen Z dalam memilih pekerjaan. Generasi Z (1997-2012) menjadi kalangan usia pekerja yang rela menerima penurunan gaji paling besar dibandingkan generasi Y/Millenials (1981-1996) Gen X (1965-1980) dan Baby Boomers (1946-1964). https://t.co/dzpalyU815","1717110412985155596","https://pbs.twimg.com/media/F9RmD8Sa4AAGert.jpg","","in","DKI Jakarta, Indonesia","0","1","0","https://x.com/spills_media/status/1717110412985155596","1539644235024334849","spills_media"
"1716985929121038522","Wed Oct 25 08:42:15 +0000 2023","0","@txtdrimedia Gapapa gaji kecil Kan bisa pinjol... begitulah kata gen Z","1717099238931480625","","txtdrimedia","in","📍08°14′17″S 115°05′02″E","0","0","0","https://x.com/selai_kacang2/status/1717099238931480625","425987107","selai_kacang2"
"1716985929121038522","Wed Oct 25 08:34:13 +0000 2023","0","@txtdrimedia Ternyata ini alasan banyak pekerjaan yang gajinya di bawah UMR. Gen Z suka dengan gaji kecil.","1717097218333917325","","txtdrimedia","in","","0","0","0","https://x.com/Ikhwanazis89/status/1717097218333917325","2335942801","Ikhwanazis89"
"1717052320603853287","Wed Oct 25 07:08:49 +0000 2023","0","@boosincs @ilshediw_ Nih permasalahan gen Z gaji pas-pasan tapi mau halalin orang.","1717075727965979106","","boosincs","in","","0","1","0","https://x.com/heartfletss/status/1717075727965979106","870850703345975296","heartfletss"
"1717062560577696010","Wed Oct 25 06:16:30 +0000 2023","0","Generasi Z (Gen Z) menjadi kelompok pekerja yang paling rela menerima gaji lebih kecil demi kesehatan mental dan fleksibilitas dalam bekerja menurut hasil riset Work Relationship Index yang dikeluarkan oleh HP. Gimana para Gen Z setuju kah? https://t.co/Jkc5VwrmDi","1717062560577696010","https://pbs.twimg.com/media/F9Q63Z1acAAHXxM.jpg","","in","Jl. Puri Sakti I no.22 JakSel","0","0","0","https://x.com/DigicastMC/status/1717062560577696010","234621431","DigicastMC"
"1717014814705520682","Wed Oct 25 04:56:05 +0000 2023","0","@Mareto91_ Tidak seseksi dulu kyanya gen z skrng minat jadi PNS nya berkurang lebih ingin kerja di start-up gaji gede tapi kerja remote ","1717042322301718706","","Mareto91_","in","Indonesia","0","0","0","https://x.com/ilhamkvra/status/1717042322301718706","39323106","ilhamkvra"
"1717013323299058023","Wed Oct 25 03:00:51 +0000 2023","0","Gue mending kenak mental dan lelah tp gaji lemburan astra anjir sumpah dah gen z gen z tuh gen z yang mana aja dah wak? Klo modelan kek gt org males yg berlindung di bawah naungan gen z anjir","1717013323299058023","","","in","","0","0","0","https://x.com/bellaViztaa/status/1717013323299058023","1691295500480475136","bellaViztaa"
"1716985929121038522","Wed Oct 25 03:00:46 +0000 2023","0","@txtdrimedia justru gen z skrg maunya gaji gede tapi wfh bukan gaji kecil &amp; wfa https://t.co/cL172vey7J","1717013301513842737","","txtdrimedia","in","","0","0","0","https://x.com/chiinghu/status/1717013301513842737","1677989926326132736","chiinghu"
"1716985929121038522","Wed Oct 25 02:46:38 +0000 2023","0","@txtdrimedia gen z keknya udah biasa hidup enak gamikir beban yg harus dibayar kedepannya. jd gaji kecil gamasalah","1717009743603175856","","txtdrimedia","in","Purwakarta, Indonesia","0","1","0","https://x.com/Egis_NAH/status/1717009743603175856","1350583386","Egis_NAH"
"1717002645582598287","Wed Oct 25 02:34:51 +0000 2023","0","@iHugSugaa Memang generasi tidak mau susah Aku juga gen z ketimbang nganggur atau freelance gitu aku mending kerja tetap deh gapapa capeknya awikwok asal gaji juga bagus","1717006781849980942","","iHugSugaa","in","","0","1","0","https://x.com/sunxtrike/status/1717006781849980942","1498116817260216322","sunxtrike"
"1717005052475531350","Wed Oct 25 02:27:59 +0000 2023","0","siape bilang gen z pengen gaji kecil????","1717005052475531350","","","in","","0","0","0","https://x.com/younjung_gaurr/status/1717005052475531350","888750968652693504","younjung_gaurr"
"1716979995518902542","Wed Oct 25 02:24:34 +0000 2023","1","@PNS_Ababil gen z gaji udah 4 jt itu jadi PNS dari umur brapa ?","1717004192420954507","","PNS_Ababil","in","lahan sengketa","0","1","0","https://x.com/bu_yuik/status/1717004192420954507","299653513","bu_yuik"
"1717002645582598287","Wed Oct 25 02:23:03 +0000 2023","0","@iHugSugaa Oalah gua juga gen z ternyta Tapi gua gamau gaji kecil HAHAHA walopun tinggal sama ortu tetep aja sih gua ga rela","1717003810290401584","","sunxtrike","in","","0","1","0","https://x.com/sunxtrike/status/1717003810290401584","1498116817260216322","sunxtrike"
"1716985929121038522","Wed Oct 25 02:11:05 +0000 2023","0","@txtdrimedia Tapi bagi Gen Z gaji 10 juta aja kecil. Idealnya 30jutaan","1717000797320548849","","txtdrimedia","in","","0","0","0","https://x.com/pemantautemlen1/status/1717000797320548849","1157951469674364930","pemantautemlen1"
"1716985929121038522","Wed Oct 25 01:24:32 +0000 2023","0","@txtdrimedia Gaji kecil menurut gen Z adalah 10 juta ","1716989084886081643","","txtdrimedia","in","Indonesia","0","0","0","https://x.com/heinze_35/status/1716989084886081643","1145756569075736577","heinze_35"
"1716623541288726714","Tue Oct 24 12:08:45 +0000 2023","0","@txtdrimedia makanya gen z kalo ditanya gaji jang kesinggunh biar ga kejadian kaya gini","1716788819595534805","","txtdrimedia","in","Romania","0","0","0","https://x.com/ojikayanya/status/1716788819595534805","1121769940829138946","ojikayanya"
"1716392299519954987","Mon Oct 23 09:53:07 +0000 2023","0","Riset Work Relationship Index yang diungkap Hewlett-Packard (HP) menyebut Gen Z rela dapat gaji kecil demi bisa kerja fleksibel dan sehat mental. https://t.co/ZfcrFS68rq","1716392299519954987","","","in","Jakarta","0","0","0","https://x.com/kompascom/status/1716392299519954987","23343960","kompascom"
"1716321195505967607","Mon Oct 23 05:10:35 +0000 2023","0","ieu ti kamari diantep sugan bakal aya revisi. pek teh hare weh. mun niatna emang keur engagement mah maneh gelo sih! Sanajan gaji UMR ge minimal milih diksi nu baleg zaman geus maju nu kieu wae teu paham! Agar supaya seperti Gen Z kitu mengsedih ? teu asup ajig ieu mah sumpah","1716321195505967607","","","in","Busan","0","0","0","https://x.com/gskrtw/status/1716321195505967607","83800189","gskrtw"
"1716311384357839279","Mon Oct 23 04:31:36 +0000 2023","1","Riset Work Relationship Index yang diungkap Hewlett-Packard (HP) menyebut Gen Z rela dapat gaji kecil demi bisa kerja fleksibel dan sehat mental. https://t.co/HaIKPvrPem","1716311384357839279","","","in","Jakarta","0","0","1","https://x.com/kompascom/status/1716311384357839279","23343960","kompascom"
"1716311376548045142","Mon Oct 23 04:31:34 +0000 2023","1","Riset Work Relationship Index yang diungkap Hewlett-Packard (HP) menyebut Gen Z rela dapat gaji kecil demi bisa kerja fleksibel dan sehat mental. https://t.co/kN43nTR3ej","1716311376548045142","","","in","Jakarta, Indonesia","0","0","0","https://x.com/KompasTekno/status/1716311376548045142","74501380","KompasTekno"
"1715585733095026700","Sat Oct 21 04:31:55 +0000 2023","0","Tapi gapapa mas @gibran_tweet kalo jadi cawapres beneran dia ini udah cukup mencerminkan gen Z dan milinial yang suka lompat lompat kantor biar gaji ato jabatannya naek.","1715586689094053929","","Andi_Fni","in","Tangerang, Indonesia","0","1","0","https://x.com/Andi_Fni/status/1715586689094053929","723473629","Andi_Fni"
"1715553134607728993","Sat Oct 21 02:18:35 +0000 2023","0","Gen Z Perlu Lakukan 5 Hal Ini Saat Terima Gaji Pertama https://t.co/2lFrHLCQpX","1715553134607728993","","","in","","0","0","1","https://x.com/IDNTimesLife/status/1715553134607728993","1616334886759174144","IDNTimesLife"
"1715294434353430602","Fri Oct 20 20:50:56 +0000 2023","6","@decaffcan @maudyGoyang @ikramarki Emg apanya yg terluka sih kalo bawa gen z? Gw gen z tapi bodo amat mau dibilang gen z lembek atau apalah in a way kadang bener juga kok kadang juga ngga dan gak masalah juga Dan ini gaada hubungannya sma pinter atau ngga sih tapi masa masih pake diksi sekian dan terima gaji?","1715470680211550429","","decaffcan","in","Stillwell Avenue","0","2","0","https://x.com/_smileworks/status/1715470680211550429","118684824","_smileworks"
"1715267902595870754","Fri Oct 20 15:37:02 +0000 2023","0","@kisbet_ Intinya generasi milenial / gen z harus senasib sepenanggungan Kalau satu dari kami susah dapet kerja kerja gaji kecil ga mungkin bisa punya rumah artinya seluruh generasi harus ngerasain itu. Bukannya punya empati malah nyaleg lu mau foya2 haaa???","1715391682697625875","","kisbet_","in","Bali, Indonesia","0","0","0","https://x.com/djaranmati/status/1715391682697625875","1115513696728616960","djaranmati"
"1714958122207567973","Thu Oct 19 16:32:09 +0000 2023","103","@twtsecretsmy ghisau tengok gen z ni mentang2 la isteri zaman sekarang bekerjaya ada career sampaikan nafkah and primary expenses nak bersplit split siap nak combine gaji pulak tu?????? gila gila engkorang berdua pergi la kursus kawen dulu tanya yang pakar jangan main bedal je","1715043165248647225","","twtsecretsmy","in","","3","0","21","https://x.com/hkaymn/status/1715043165248647225","1607098399","hkaymn"
"1714513416017293442","Wed Oct 18 05:27:07 +0000 2023","5","tempo hari ada gen z lulusan bintaro ngeluh ke gw: mas kampr** bgt direktur gua kaga ngerti apa2 udah gitu gapernah di kantor. gw kaga kuat ini udah 2 taun gini gaji kecil bgt bandingin ama temen gw D1 aja bisa 2 digit bilanginnya gimana ya bil @PNS_Ababil ","1714513416017293442","","","in","Bandung","0","1","1","https://x.com/fayarboutz/status/1714513416017293442","110135293","fayarboutz"
"1714441815401848939","Wed Oct 18 01:47:21 +0000 2023","0","@ardi_tama1 Property sih paling kacau. Yang kesian yang keluarga muda mas. Itu udah pasti gada yang pada bisa beli rumah di Gen Z sama Millenial mas hahahah. Padahal gaji mereka sebenernya kalo kita liat standarnya udah lumayan tinggi tapi ga sadar bahwa sebenernya akumulasi turun","1714458112344953251","","ardi_tama1","in","Jakarta","0","2","0","https://x.com/FelixSGL1/status/1714458112344953251","2862109627","FelixSGL1"
"1713492577922773483","Sun Oct 15 12:59:46 +0000 2023","5","@worksfess Sy ada lowongan nih guys. Kebetulan ownernya tmn dia lagi nyari anak Gen Z energic yg seneng jadi sales &amp; main sosmed - Pt sasana cipta mandiri.BSD Tangerang - industri teh eksport dan dlm negeri. - Gaji range 5 -10 jt - No kontak (DM @worksfess yo) Semangat","1713540165594218769","","worksfess","in","","0","4","0","https://x.com/Mendoanoye/status/1713540165594218769","1411101579432710144","Mendoanoye"
"1713166634649895277","Sat Oct 14 13:16:50 +0000 2023","0","@worksfess Tipikal gen z yg mau gaji 2 digitkah?","1713182075401191704","","worksfess","in","","0","0","0","https://x.com/miemelonilo/status/1713182075401191704","756321565","miemelonilo"
"1713139903104782439","Sat Oct 14 10:29:16 +0000 2023","14","Apa itu dana pensiun apa itu tunjangan hari tua apa itu jenjang karir apa itu rumah dinas. Yang keren di mata gen z kan kerja sambil goleran di bean bag ciki gratis es krim gratis. Gaji ngepas UMR gpp yg penting bisa ngonten a day in my life di gedung2 trus pamerin ciki","1713139903104782439","","","in","Palembang","1","3","5","https://x.com/reyhan2ff/status/1713139903104782439","387528817","reyhan2ff"
"1713053136158646409","Sat Oct 14 05:37:23 +0000 2023","0","@neohistoria_id sejak menjamurnya era medsos makin banyak milenial/gen z yg keracunan teori pejabat pribumi nilep gaji.","1713066449634508822","","neohistoria_id","in","Bogotá, D.C., Colombia","0","0","0","https://x.com/ghostmudin/status/1713066449634508822","1607694708469563392","ghostmudin"
"1712725591466848506","Fri Oct 13 18:02:17 +0000 2023","0","@worksfess Kakakku sebagain millennial blg penyakitnya gen z (aku) tuh kalo baru lulus alias fg tuh lgsg idealis pgn gaji gede tapi pengalaman kerja (bkn magang) gaada. Kata dia ya emg hrs merintis jd kalo ada kesempatan kerja tuh ambil aja dulu jgn idealis. Kitu ceunah wak","1712891524001026194","","worksfess","in","","0","0","1","https://x.com/kochengclassy/status/1712891524001026194","1094167139609600000","kochengclassy"
"1712642099974377500","Fri Oct 13 02:07:22 +0000 2023","0","@txtdrorgmiskin @hrdbacot @KemensosRI Saya tolak! Masa turun gaji gua. ","1712651209952329760","","txtdrorgmiskin","in","Jakarta Capital Region, Indone","0","0","0","https://x.com/GenZCoy/status/1712651209952329760","1344764728619409408","GenZCoy"
"1712104676148363770","Thu Oct 12 03:02:02 +0000 2023","0","@worksfess ni yg nanya pasti gen Z. kalo lo expect gaji 2 dijit ngaca dulu yaa please :). kalo masih anak kemaren sore struggle dulu nyet.","1712302580284670107","","worksfess","in","Jakarta Selatan, DKI Jakarta","0","0","0","https://x.com/sisharkyyy/status/1712302580284670107","159053131","sisharkyyy"
"1711334201713471983","Mon Oct 09 10:54:03 +0000 2023","1","Gen z di korea itu kebanyakan udah hopeless buat beli rumah dan menikah. Duitnya lari kemana? Luxury shopping Gaji umr aja tas kerjanya ganti2 ntar channel ntar LV ntar gucci Itu lah temen gw dan kaumnya","1711334201713471983","","","in","Yogyakarta, Indonesia","0","1","0","https://x.com/_okmarin/status/1711334201713471983","1531649220851032064","_okmarin"
"1709566675719471255","Thu Oct 05 11:08:52 +0000 2023","0","@orangjalanannn Lu enak kaya kerja kaga di gaji jg mau mau aja Lah gen z kek gua ? ","1709888377552773199","","maxtollenaarrrr","in","Bekasi, Jawa Barat","0","0","0","https://x.com/saymynamerio/status/1709888377552773199","290271844","saymynamerio"
"1709882225196757369","Thu Oct 05 10:44:25 +0000 2023","0","bayangin elu gen z yang gaji ga nyampe umr masih harus ngehidupin orang tua dan sodara trus ada yang ngomong gini ke elu","1709882225196757369","","","in","","0","0","0","https://x.com/paleojovanicus/status/1709882225196757369","1284536881523208192","paleojovanicus"
"1709612869317173724","Thu Oct 05 09:27:15 +0000 2023","0","@menghanyurkan kenal beberapa dari mereka. ortunya gak kaya justru dia malah sandwich generation. statement kerja setahun tanpa gaji emang kedengeran delusi dan seolah persekusi pilihan gen Z yg kerja digaji tanpa social impact. emang mereka blunder di pemilihan kata.","1709862804856230161","","menghanyurkan","in","East Palu, Indonesia","0","1","0","https://x.com/txtnobody/status/1709862804856230161","3250135831","txtnobody"
"1709272415145259460","Thu Oct 05 09:07:58 +0000 2023","1","@ur3rdbby @afternoondtea @Battercuppp @stephvalentina_ Lu baca ga? Gausah tiba2 dateng ikutan lu yg dr awal generalisasi gen z itu pemalas gamau kerja maunya instan padahal gaji 2 digit itu generasi lu pada kontol. Yg kena gen z permasalahn sistemik koruptor pemerintahan itu juga dr generasi lu kalo mau cherry picking.","1709857954273661359","","ur3rdbby","in","","0","0","0","https://x.com/RoegenSchwarzer/status/1709857954273661359","1021048882287919112","RoegenSchwarzer"
"1709485328363573338","Thu Oct 05 07:57:41 +0000 2023","0","@SBarokahKarpet perasaan gue Gen Z udah kerja keras tetep aja gaji ga cukup buat beli property ya gimana inflasi naik gaji segitu aja apalagi pegawai negeri mau minta naik gaji aja dihujat netizen berjilid2 padahal mah kita kalo bukan dari gaji ya mau dapet dari mana usaha aja gaboleh","1709840266511942014","","SBarokahKarpet","in","antara bandung dan Jakarta","0","1","0","https://x.com/depressdbxy/status/1709840266511942014","1094339647881207808","depressdbxy"
"1709834466208997802","Thu Oct 05 07:34:38 +0000 2023","0","belum dirasain jadi wanita gen z gaji pas2an lalu dipaksa2 nikah karna apa? karna anak wanita tidak dapat apa2 rumah ortu bakal diwarisin sama anak cowok kontol","1709834466208997802","","","in","asian - 女 ","0","0","0","https://x.com/chanterelIess/status/1709834466208997802","1443054200384937985","chanterelIess"
"1709832851028676620","Thu Oct 05 07:28:13 +0000 2023","0","apa apa gen z gen z. ini seleb seleb twitter kalo ga nyinggung gen z 1 hari aja langsung meriang ya? muak baca nya lu mikir aja deh gaji umr mau nurunin gengsi seturun nya pun ga kebeli juga itu properti","1709832851028676620","","","in","Dowoon's heart ","0","0","0","https://x.com/softydwn/status/1709832851028676620","1221400067149422592","softydwn"
"1709831813374546417","Thu Oct 05 07:24:06 +0000 2023","0","kocak kocak entah w gen milenial apa gen z tapi gaji 2jt kalo buat biaya hidup 2 orang aja udah pas an kocak itu ae sering makan sehari sekali cok","1709831813374546417","","","in","","0","1","0","https://x.com/Rkshu_/status/1709831813374546417","1203617287","Rkshu_"
"1709829191003525343","Thu Oct 05 07:13:40 +0000 2023","0","Lah di kantorku yang boomer rata-rata pola pikirnya harus mewarisin segala sesuatu ke anaknya (alias tahta kerajaan) sampai ngerepotin orang lain . Gk mau kalah perkara apapun padahal dia jelas-jelas salah selalu sensi sama gen Z yang gelarnya lebih tinggi gaji lebih gede ","1709829191003525343","","","in","","0","1","0","https://x.com/ia_na33/status/1709829191003525343","1620957642935136257","ia_na33"
"1709489911932522808","Thu Oct 05 06:57:45 +0000 2023","0","@stephvalentina_ coba sekarang selain (gen z dan dengan gaji umr) udah bisa beli properti apa aja emangnya? kepo deh apasih rahasia kakak2 dalam menabung ️","1709825185808032016","","stephvalentina_","in","","0","0","0","https://x.com/secackerman/status/1709825185808032016","1177900073704755200","secackerman"
"1709272415145259460","Thu Oct 05 06:43:48 +0000 2023","0","@RoegenSchwarzer seng tenang. ni baca dr awal gw ngomentarin mbak ini yg blg alesan gen z kerja ogah ogahan. dan gw bilang km pernah liat gak gen z yang gajinya 2 digit bla bla bla gak ada yg bilang semua genz rata rata gaji sgitu trs tb tb lu ngamuk https://t.co/Z5ZKpQQFIx","1709821671291711696","https://pbs.twimg.com/media/F7qBvnvbEAAXNyg.jpg","RoegenSchwarzer","in","","0","0","0","https://x.com/afternoondtea/status/1709821671291711696","1536615986459451392","afternoondtea"
"1709566675719471255","Thu Oct 05 06:17:28 +0000 2023","2","@orangjalanannn jgn gara2 ini nanti gen z dituntut kerja serba bisa gaji seadanya ","1709815047994888614","","maxtollenaarrrr","in","in the heart of the sea","0","0","0","https://x.com/tunggudingin/status/1709815047994888614","194472563","tunggudingin"
"1709272415145259460","Thu Oct 05 06:07:37 +0000 2023","0","@Noobgrand2 @RAPutri27 @nastarjpeg @stephvalentina_ gua bukan gen z tapi kalo udh yakin gua percaya gua bisa sih keknya kmungkin punya rumah jg bisa meskipun dg gaji yg pas umr misal meskipun gak brlangsung cpat dapetnya mungkin tmn kknya gitu dia ga peduli min gaji tp dia yakin bisa ujungnya bisa hehe","1709812568171467004","","Noobgrand2","in","Indonesia","0","1","0","https://x.com/Endomorff/status/1709812568171467004","1407384473050566656","Endomorff"
"1709744107311227378","Thu Oct 05 04:57:54 +0000 2023","0","@dhykjun Jadi masuk akan dong keluhan para gen z dan millenial ini krn harga properti emng semahal itu. Ditambah abis pandemi ekonomi blm stabil belum lagi inflasi dll sementara gaji gitu2 aja gak nambah :')","1709795021699084464","","dhykjun","in","Jakarta Capital Region","0","1","0","https://x.com/J3ss1807sica/status/1709795021699084464","1133962589220696064","J3ss1807sica"
"1709794298974408754","Thu Oct 05 04:55:01 +0000 2023","0","Gen z oh gen z kalau gk bisa handle kerjaan tuh bilang dulu atau ajuin resign baik jgn mlh misoh di sosmed &amp; bilang gaji gak setara dgn beban kerja terus mbedal sakpenake dewe ","1709794298974408754","","","in","Alm. Didi kempot city","0","0","0","https://x.com/AlumniYuenes/status/1709794298974408754","2447186135","AlumniYuenes"
"1709727679472074902","Thu Oct 05 04:18:28 +0000 2023","10","@neohistoria_id Gen z gaji UMR aja ngeluh padahal kerja di tempat ber-AC. Belum ngerasain aja bikin jalan dari Anyer sampai Panarukan dapet makan seadanya","1709785099838140822","","neohistoria_id","in","","0","0","0","https://x.com/vermilliovis/status/1709785099838140822","1174579597553176576","vermilliovis"
"1709783254805729410","Thu Oct 05 04:11:08 +0000 2023","7","Kenapa gen Z ini selalu disudutin sama mereka yang udah punya pekerjaan tetap dengan gaji tetap udah bisa beli rumah / aset dari tahun sebelum tahun inflasi tanpa kesetaraan UMR dengan label gue millenials","1709783254805729410","","","in","Nanti aku shareloc aja","0","2","3","https://x.com/jaIjinesoyomodu/status/1709783254805729410","2496102402","jaIjinesoyomodu"
"1709272415145259460","Thu Oct 05 03:50:26 +0000 2023","3","@afternoondtea @Battercuppp @stephvalentina_ Gaada yg jadiin alesan buat ogah2an??? Cuman ELU yg bikin seakan2 semua gen z itu kaya gaji 2 digit punya apartemen dan fafifu lainnya? Lu anggep gue hopeless? Ya silahkan.","1709778042682556883","","afternoondtea","in","","0","1","0","https://x.com/RoegenSchwarzer/status/1709778042682556883","1021048882287919112","RoegenSchwarzer"
"1709272415145259460","Thu Oct 05 03:47:58 +0000 2023","0","@stephvalentina_ Bener gen z mending pinjol aja kalo gak minjem ke orang yang punya gaji gede","1709777424697971193","","stephvalentina_","in","","0","0","0","https://x.com/def_sandra/status/1709777424697971193","1176108773309435906","def_sandra"
"1709656264677142673","Thu Oct 05 03:45:18 +0000 2023","1","@ahwyangsantun Masalahnya: 1. Ga semua org dapat ngehasilin dr konten (sektor konten kreator udh banyak contoh lo bisa liat skrg youtuber senumpuk apa). 2. Oke agree. 3. Ga semua dapet beasiswa dan mampu ke pendidikan lanjut. Ga semua gen z dapet gaji yg proper sektor guru contohnya ","1709776750845239594","","ahwyangsantun","in","","0","1","0","https://x.com/RoegenSchwarzer/status/1709776750845239594","1021048882287919112","RoegenSchwarzer"
"1709199233176539273","Thu Oct 05 03:43:50 +0000 2023","0","@strike_bravo_b gen z tuh + nya yaa to the point dalam hal apapun kalo i quit yaa i quit beda ama milenial ngeluh kerja mulu tapi masih aja dijalanin kerja mau nya nyantai tapi gaji maunya gede. yaaaa gitulahh perbedannya wkwk","1709776384661557418","","strike_bravo_b","in","Jakarta","0","0","0","https://x.com/ifuneedmeee/status/1709776384661557418","1229870429075935232","ifuneedmeee"
"1709772208716034326","Thu Oct 05 03:27:15 +0000 2023","21","Gen Z jobseeker: duh mesti ikut kursus apa lagi biar gw bisa dpt kerjaan Gen Z gaji 2jt an: laper euy tapi blm bayar kost beli token listrik + kuota Gen Z gaji UMR: nak bantu mama byr utang ke juragan tahu ya oiya adek km blm bayar spp juga kasian ntr gabisa sekolah ","1709772208716034326","","","in","VoN","0","1","1","https://x.com/katharsisv/status/1709772208716034326","1149684154746822656","katharsisv"
"1709485328363573338","Thu Oct 05 03:25:48 +0000 2023","1","@SBarokahKarpet Beli properti itu mesti diacc gaji lu nutup gaa gua rasa gen z yg pasrah di sini adalah gen z yg gajinya aja ga akan bisa tembus utk nyicil properti jd ya mau ngubah gaya hidup juga percuma","1709771843249529255","","SBarokahKarpet","in","","0","0","0","https://x.com/pooorez/status/1709771843249529255","1324049814695243776","pooorez"
"1709485328363573338","Thu Oct 05 03:24:56 +0000 2023","0","@kecapitem12 @Fottify @SBarokahKarpet Ya makanya gw bilang itu kalau asumsi gaji UMR dan gw lanjut kalo yg di bawah UMR gmn karena lu kan reply ke tweet yg lagi ngomongin gen z secara umum :))))","1709771626760532382","","kecapitem12","in","","0","1","0","https://x.com/solacesolaces/status/1709771626760532382","2188962542","solacesolaces"
"1709771563644625148","Thu Oct 05 03:24:41 +0000 2023","0","bener harusnya mah gen z makan 3 hari sekali. gausah muluk2 nasi kecap ama kerupuk biar gaji sisa banyak","1709771563644625148","","","in","","0","0","0","https://x.com/WinterwithYu_/status/1709771563644625148","1265649945450700807","WinterwithYu_"
"1709485328363573338","Thu Oct 05 03:14:48 +0000 2023","0","@kecapitem12 @Fottify @SBarokahKarpet Dari awal kan ngomonginnya Gen Z in general bukan spesifik yg gaji UMR :)","1709769077009592662","","kecapitem12","in","","0","1","0","https://x.com/solacesolaces/status/1709769077009592662","2188962542","solacesolaces"
"1709768855181238479","Thu Oct 05 03:13:55 +0000 2023","0","Betul. Entah kenapa orang2 liat standar hidup gen z itu yg kek rafatar atau kek gen gledek. Ada juga gen z kerja dari subuh ketemu malam tapi hidupnya pun harus pas2an lantaran gaji cuman UMR dan biaya hidup di kota semakin tinggi.","1709768855181238479","","","in","✖️ minor, homophobic = dni","0","0","0","https://x.com/2ndHolmes/status/1709768855181238479","1346502276853030913","2ndHolmes"
"1709485328363573338","Thu Oct 05 03:13:52 +0000 2023","1","@SBarokahKarpet bukan gen z tapi dalam hal ini gw dipihak mereka deh. kasian mereka banyak yang sandwich gen gaji UMR boro2 bisa ditabung malah dimintain ortu..sekalikalinya ngopi di kafe dijulitin padahal belum tentu sebulan sekali saran gw buat para gen z cuma 1 sih.. merantau ke luar negri","1709768841893666934","","SBarokahKarpet","in","","0","1","0","https://x.com/sadisticjelly/status/1709768841893666934","1255434393776259075","sadisticjelly"
"1709757802032587129","Thu Oct 05 02:53:58 +0000 2023","0","Selain itu alasan terbanyak ketiga Gen Z untuk punya pekerjaan sampingan kembali ke gaji yang tak mencukupi kebutuhan. Hal ini terutama paling nampak di kelompok status sosial ekonomi (SES) menengah https://t.co/jRoJfy0UrM","1709763831742996863","https://pbs.twimg.com/tweet_video_thumb/F7pNI5TaoAAAkw4.jpg","TirtoID","in","Indonesia","0","1","0","https://x.com/TirtoID/status/1709763831742996863","4187275698","TirtoID"
"1709757802032587129","Thu Oct 05 02:46:50 +0000 2023","3","Meski demikian hal itu tak kemudian berarti gaji layak dianggap perkara main-main. Merujuk riset Tirto ini gaji yang kurang memadai juga jadi jawaban paling populer sebagai alasan Gen Z pindah tempat pekerjaan. https://t.co/erPgA7Ag45","1709762038778716310","https://pbs.twimg.com/media/F7pLZG9aAAAz3hX.jpg","TirtoID","in","Indonesia","0","1","0","https://x.com/TirtoID/status/1709762038778716310","4187275698","TirtoID"
"1709757802032587129","Thu Oct 05 02:45:20 +0000 2023","6","Laporan Tirto yang sama mengungkap gaji menjadi nomor kesekian bagi Gen Z dalam mendefinisikan kriteria ideal atas pekerjaan. Mayoritas pekerja Gen Z memilih pekerjaan yang memungkinkan mereka untuk punya work-life balance. https://t.co/iSWDH3ByWH","1709761661408858293","https://pbs.twimg.com/media/F7pLIbQbIAAqdqH.jpg","TirtoID","in","Indonesia","0","1","1","https://x.com/TirtoID/status/1709761661408858293","4187275698","TirtoID"
"1709272415145259460","Thu Oct 05 02:43:47 +0000 2023","0","@antscott049 @OfficialDimasAp @stephvalentina_ Lebih ke crab mentality maksa Gen Z dapet stigma sulit dapet property Kalau ada yang bisa beli dianggep survivorship bias padahal elu yang kaga bisa naek gaji nyalahin yang bisa beli ","1709761268943552733","","sengatanttawon","in","Nusa Barong","0","2","0","https://x.com/sultohn/status/1709761268943552733","852617601570164736","sultohn"
"1709758949443166601","Thu Oct 05 02:36:47 +0000 2023","0"," bnyak gen z yg bs gaji 2 digit di umur 25 brp persen si gen z yg bs gt dr seluruh jumlah gen z yg ada? coba dicek jg privilege mereka dr background orang tua dan sejenisnya","1709759508451643611","","yinyueajun","in","🔞🔞🔞","0","1","0","https://x.com/yinyueajun/status/1709759508451643611","855211552210681857","yinyueajun"
"1709759053449281672","Thu Oct 05 02:34:58 +0000 2023","0","bayangin lu Gen Z kerja lu guru honorer ga punya bapak which is lu sandwich generation nah gengsi mana lagi tuh yg harus diturunin dgn gaji sebulan 300k","1709759053449281672","","","in","neverland","0","0","0","https://x.com/sweetestbwoba/status/1709759053449281672","1080671374933291009","sweetestbwoba"
"1709755029949948130","Thu Oct 05 02:18:59 +0000 2023","0","Sesat pikir yang selalu di dawamkan adalah Gen Z Millenial etc adalah pekerja urban dengan lanyard dan tas jinjing mahal. Padahal ada Yanto tetangga gw yg menyambung hidup dgn jualan jajanan SD atau si Memet yg jadi cleaning service mall dgn gaji gak nyampe 2jt","1709755029949948130","","","in","Sukaraja, Indonesia","0","1","1","https://x.com/hikakupunka/status/1709755029949948130","405444458","hikakupunka"
"1709612869317173724","Thu Oct 05 02:14:08 +0000 2023","5","@graciyya @menghanyurkan beda konteks replyan si sofyan ini. di post itu sdg mengkritisi mostly gen z dream yg g bkl kewujud jikalau hny dr gaji sdgkn si sofyan dgn lemeh muncung blg kerja g digaji wht the hell gw ragu idealisme dia bkl stay jika sdh terjun lgsg k dunia kerja yg nyata.","1709753807272607933","","graciyya","in","Christmas Island","0","1","0","https://x.com/TrustMfn/status/1709753807272607933","893131534131052548","TrustMfn"
"1709485328363573338","Thu Oct 05 02:10:59 +0000 2023","1","@SBarokahKarpet Katakanlah Gen Z suka beli kopi di kafe dgn minimal harga 30rb/cup tiap hari selama sebulan. Total jadi 900rb. Gaji 6 juta. Bisa save 900rb pun gak akan bisa ngejar harga rumah 1 miliar. Tahun depan nya harga rumah 1 1M. Gaji gen z naik jadi 6 6 juta. Gak ngejar lagi.","1709753016478498871","","SBarokahKarpet","in","Jakarta Capital Region, Indone","0","0","0","https://x.com/tukangmarketing/status/1709753016478498871","2530405896","tukangmarketing"
"1709749759437836390","Thu Oct 05 01:58:42 +0000 2023","0","Lagian inflasi makin naik tiap tahun tp gaji ga ikut naik mo dikata apa. Discourse gen z yg nyudutin ini emg lama2 bikin gerah","1709749926476005547","","lactocyanideaf","in","grassland, eagle division camp","0","0","0","https://x.com/lactocyanideaf/status/1709749926476005547","1232505260003823618","lactocyanideaf"
"1709749068803801472","Thu Oct 05 01:55:18 +0000 2023","6","WAH ADA GEN Z YANG MAU KERJA TANPA GAJI? HAYOKLAH GW BUKA LOWONGAN KONTEN WRITER TANPA GAJI karena https://t.co/Z4qDSBsC9d juga bergerak di bidang pendidikan personal finance dan investment #loker #lokercot ","1709749068803801472","","","in","Jakarta Capital Region","1","1","0","https://x.com/asmurcom/status/1709749068803801472","954188384989200384","asmurcom"
"1709743087353053485","Thu Oct 05 01:31:32 +0000 2023","0","hahaha santuy bro! memang gue Gen X edisi perjuangan dari jaman susah kuliah bayar sendiri lulis S1 kerja mulai 800 ribu 17 thn kemudian gaji 80 juta sebulan. Puji Tuhan dikasih rejeki punya 4 anak Gen Z. 2 di ITB satu di Yonsei satu di SPH Bekerja dan Berdoalah","1709743087353053485","","","in","Indonesia","0","1","0","https://x.com/DiraDMB/status/1709743087353053485","1461120147913986051","DiraDMB"
"1709741996724928637","Thu Oct 05 01:27:12 +0000 2023","4","Kasian jga gen z selalu disalahin kalo udh pembahasan kga punya aset di umur sekian dan kesusahan buat beli rumah. Pdhal gaji gen z juga banyak yg di bawah umr dan umr jogja nangis liat bginian ","1709741996724928637","","","in","SHE/HER 🍀🦉","0","1","0","https://x.com/ddaiifuku/status/1709741996724928637","1452632243994652673","ddaiifuku"
"1709485328363573338","Thu Oct 05 01:26:45 +0000 2023","0","@lostinnara @SBarokahKarpet Dikira semua gen z kerja di start up/tech yg gaji gede atau influencer kali","1709741885785608243","","heartofgemine","in","Saturn","0","0","0","https://x.com/pipipinkfourth/status/1709741885785608243","1408003195209617411","pipipinkfourth"
"1709737676667281417","Thu Oct 05 01:17:27 +0000 2023","0","Karna urus urus administrasi baru baru ini jadi liat dokumen dirumah yg dulunya harga rumah/ tanah sekian juta jadi ratusan juta dalam belasan tahun secepat itu naik harga properti tapi ga dibarengin dengan gaji yang naik wajar sih Gen Z ngeluh susah punya properti","1709739546341224641","","Yohaneshtg","in","","0","0","0","https://x.com/Yohaneshtg/status/1709739546341224641","1567893343","Yohaneshtg"
"1709736621569130974","Thu Oct 05 01:16:28 +0000 2023","0"," Kita ga sehopeless itu dan berani berinovasi kami yg merupakan gen z berhasil membuat startup bernama ... duar argument countered lu ga disaltyin. Lha iki malah dilanjot jadi kita udah kerja setahun tanpa gaji seperti sistem volunteer lha koe ki malah digoreng wak ","1709739297627377979","","maculosus_","in","NY Botanical Garden","0","0","0","https://x.com/maculosus_/status/1709739297627377979","1240712049098764288","maculosus_"
"1709734378438291829","Thu Oct 05 00:56:55 +0000 2023","3"," Kalo mau kurangin gengsi &amp; nurunin standar hidup ketawa bgt gua liat ini. Gaji tuh ga buat lifestyle doang mostly buat kebutuhan rumah tangga. Standar hidup gua udah sedikit dibawah rata rata mau dijeblokin ampe mana lagi sii. Jangan generalisir gen Z yg foya2 doang","1709734378438291829","","","in","Jakarta","0","0","1","https://x.com/AdilaLega/status/1709734378438291829","1067060187020779521","AdilaLega"
"1709731523669201273","Thu Oct 05 00:45:35 +0000 2023","0","Rekomendasi topik paling populer di X/Twitter. Cocok buat kalian yang pengen dapat gaji dari babah Elon Musk! 1) Split Bill 2) Perilaku gen Z 3) Avkor tertipu 4) Flexing harta &amp; jabatan 5) Korban love bombing Ada lagi?","1709731523669201273","","","in","Depok, Jawa Barat","0","0","0","https://x.com/GilangPakeNG/status/1709731523669201273","371116442","GilangPakeNG"
"1709489911932522808","Thu Oct 05 00:43:15 +0000 2023","0","@stephvalentina_ Tiap tahun harga barang2 naik lbh cepet drpd gaji. Belom lg dihadapkan dgn fenomena sandwich generation. Boro2 mau gengsi dpt kerja yg settle aja susah. Orang kritik gen z mental tempe segala macem biasanya sih mereka org tua kolot yg hidup di zaman harto yg cari kerjanya ez","1709730937284510022","","stephvalentina_","in","","0","0","0","https://x.com/binaluralis/status/1709730937284510022","1331948795207172096","binaluralis"
"1709730308050854175","Thu Oct 05 00:40:45 +0000 2023","10","Eneg sih denger narasi foya-foya Gengsi dari gen boomers padahal yang gen millenial sama gen z hidup di jaman sekarang bisa waras aja udh Alhamdulillah banget. Bayangin aja gaji mereka paling tinggi 4.8jt belum yg harus biayain keluarga. Makan sehari 30k aja sebulan udh 900k","1709730308050854175","","","in","Seoul, Republic of Korea","1","1","1","https://x.com/beeswagr/status/1709730308050854175","1163395585870708736","beeswagr"
"1709726533684719824","Thu Oct 05 00:25:47 +0000 2023","0"," nih kita gen z tp bisa merintis bisnis startup sendiri tanpa di gaji I got the point. Jadi ya semoga sukses bisnis nya dan semoga sukses juga buat temen2 sandwich gen!","1709726542790623685","","nanasubak","in","in a dream","0","0","0","https://x.com/nanasubak/status/1709726542790623685","826549722","nanasubak"
"1709587250965803169","Thu Oct 05 00:16:19 +0000 2023","23","@memelord_666666 Ya gimana kaga begitu. Rumah ama tanah dirampas Boomer Gen Z gaji 2jt disuruh biayain Boomer wkwkwkwk","1709724161621315697","","memelord_666666","in","","0","0","1","https://x.com/ServiceAperture/status/1709724161621315697","1512071354832814085","ServiceAperture"
"1709619849289465933","Wed Oct 04 17:21:49 +0000 2023","8","Bekas Pegawai PT Kertas Nusantara Milik Prabowo Nuntut Empat Tahun Pembayaran Gaji Pandawara Udil G.O.A.T Gen Z Ganjar Lebih Baik https://t.co/7rP6kCxMGL","1709619849289465933","https://pbs.twimg.com/media/F7nJ5HGbgAAQSwV.jpg","","in","Medan","0","0","7","https://x.com/natasha_nia8/status/1709619849289465933","1532580265193017345","natasha_nia8"
"1709617499229368474","Wed Oct 04 17:12:29 +0000 2023","0","Gen Z itu korban UU Ciptaker makanya gaji mrk rerata dibawah UMR. Jgnkan mikir mau beli buat sebulan terkadang kurang krn gajinya dihitung harian berdasarkan hari kerja. Bisa kerja dpt 26 hari aja mrk udh bahagia krn bs bawa pulang 3 jutaan","1709617499229368474","","","in","","0","0","0","https://x.com/tha_rhi/status/1709617499229368474","146184142","tha_rhi"
"1709566675719471255","Wed Oct 04 17:06:30 +0000 2023","58","temen2 semuanya bisa cek yah di @scholare anyway gue ga membanggakan kok kerja volunteer tanpa gaji. Tapi gue bangga sebagai gen z ga se hopeless kaya mbanya bilang kita berani ambil resiko buat membangun startup. thats all","1709615994153697470","","maxtollenaarrrr","in","","6","4","2","https://x.com/maxtollenaarrrr/status/1709615994153697470","3231291420","maxtollenaarrrr"
"1709608419760746825","Wed Oct 04 16:36:24 +0000 2023","6","komplan komplen kerja sm gen z padahal companynya specifically hire yg gen z biar bisa kasih gaji junior ","1709608419760746825","","","in","","1","1","1","https://x.com/windzzy/status/1709608419760746825","2412688812","windzzy"
"1709606324844294502","Wed Oct 04 16:28:05 +0000 2023","0","Terkait masalah gaji. Dan segala income2 buat gen z. Aku mau curhat juga tp cape bets hari ini. Besok semoga bisa lanjut lg. Goodnight.","1709606324844294502","","","in","Kalideres, Indonesia","0","0","0","https://x.com/KamadouTanjibor/status/1709606324844294502","167744041","KamadouTanjibor"
"1709485328363573338","Wed Oct 04 16:27:07 +0000 2023","5","@SBarokahKarpet yg diliat jgn cm gen z yg kerja di big company kota2 besar jgn lupa banyak gen z yg kerja di kota2 kecil dgn gaji di bawah UMR. standar hidup mana lg yg harus diturunin? sedangkan buat kebutuhan pokok sehari2 aja udh pas2an","1709606083327926300","","SBarokahKarpet","in","out of nowhere","0","0","0","https://x.com/cloudyhartsx/status/1709606083327926300","1269679620103626752","cloudyhartsx"
"1709503562722713992","Wed Oct 04 16:18:03 +0000 2023","18","@tilehopper Jngankan gen Z milenial aja bnyak kok yg bru umr apa lgi di daerah. Gaji di indonesia tuh kecil bnget si parah pdhal hrga2 naik terus. Ini aja gua ga kpikiran soal beli rumah wkwk","1709603799768444962","","tilehopper","in","Bogor, Jawa Barat","0","0","2","https://x.com/wiwitferiw/status/1709603799768444962","151870029","wiwitferiw"
"1709503562722713992","Wed Oct 04 16:11:51 +0000 2023","0","@tilehopper Tadi topik awal kan ini rata rata gaji anak generasi Z indo gaji 2jt dan gak semua anak gen Z itu influencer atau kerja di tech company di jkt makanya aku buatin contoh dari kota lain. Setiap kota pasti punya strugglingnya masing masing dengan segala rintangannya.","1709602240875614319","","tilehopper","in","Kota Surabaya, Jawa Timur","0","0","0","https://x.com/nijarrr/status/1709602240875614319","423387143","nijarrr"
"1709272415145259460","Wed Oct 04 16:09:26 +0000 2023","9","@MadPartake @stephvalentina_ lha iya penikmatnya juga boomer ama milenial kan? gen z gaji umr+sandwich gen mana bisa langganan gituan","1709601630520545729","","","in","","0","0","0","https://x.com/kittyyeo0/status/1709601630520545729","1678862964689088512","kittyyeo0"
"1709596430745432127","Wed Oct 04 15:48:46 +0000 2023","1","Gue penasaran pekerjaan Gen Z sekarang itu lebih ke sektor yang old-money atau lebih ke sektor fleksibel kayak tech art entertainment dll. Soalnya ngaruh ke gaji = ngaruh ke kemampuan nyicil kpr.","1709596430745432127","","","in","Kebayoran Baru, Indonesia","0","1","0","https://x.com/fdmncfdmnc/status/1709596430745432127","280900587","fdmncfdmnc"
"1709571163930898666","Wed Oct 04 15:27:27 +0000 2023","0","@exquisite9906 orang tua jaman dulu juga pasti kaya gen z jaman sekarang cuma bedanya harga jaman dulu + gaji jaman dulu beda jauh. Dulu diceritain ortu kerja pabrik klo getol gajian bisa 2x sebulan + lemburan beda amplop sekarang mah gaji rata Pada HL(sehari gaji yang kerja 12 jam cuma 50k)","1709591064833818738","","exquisite9906","in","Tangerang, Indone(s)ia","0","1","0","https://x.com/Lapiz_Lazul1/status/1709591064833818738","1491472980706476032","Lapiz_Lazul1"
"1709485328363573338","Wed Oct 04 15:23:25 +0000 2023","1","@SBarokahKarpet oalah iya kalo bisa gen z gk usah ngeluarin duit sepeser pun buat hidup semuanya minta aja sama orang tua biar gaji yg gk seberapa itu bisa ditabung full dan dalam waktu 5 tahun bisa rumah kecil dan seadanya","1709590049409671497","","SBarokahKarpet","in","dunia gepeng","1","1","0","https://x.com/icrshelianthus/status/1709590049409671497","1360940584035176453","icrshelianthus"
"1709577977867141352","Wed Oct 04 14:50:02 +0000 2023","1","Gen z taunya cantik = muka operasian jd gampang minder sm diri sendiri. Mrk hidup dg slogan young on top &amp; gaji 2 digit di umur 25 jd stres. Gen z dijejelin iklan pinjol &amp; judi onlen tiap hari. Ortunya gen z sibuk jd influenser. Gen z gak kenal anti korup taunya gak blh pamer.","1709581650018042026","","hastarika","in","ÜT: -6.274669,106.724385","0","1","0","https://x.com/hastarika/status/1709581650018042026","158651508","hastarika"
"1709578481351512170","Wed Oct 04 14:37:27 +0000 2023","0","ampe udah gapunya harga diri kl semua inflasi trs harga properti naik terus tp gaji segitu2 aja juga gabakal kebeli ya anjir. kok malah seakan2 gen z standar hidupnya tinggi semua ","1709578481351512170","","","in","archives on pinned. / fub free","0","0","0","https://x.com/bokutieddies/status/1709578481351512170","1305124942153801728","bokutieddies"
"1709571163930898666","Wed Oct 04 14:10:52 +0000 2023","3","banyak gen z yang banting tulang gaji ga seberapa cuma demi ngasih ortu uang buat kehidupan sehari2. boro2 ngerasain yg namanya gaji gak ngutang sama orang aja udah syukur bgt.","1709571792116068585","","exquisite9906","in","Tangerang, Indonesia","0","1","1","https://x.com/exquisite9906/status/1709571792116068585","1278615817471442945","exquisite9906"
"1709567676849573987","Wed Oct 04 13:54:31 +0000 2023","4","pala lo nurunin gengsi. GAJI AJA GA SESUAI GA NGIKUTIN KENAIKAN INFLASI ELAHHHHH HABIS SAMA KEBUTUHAN HIDUP DOANG. BELOM KALO GEN Z NYA SANDWICH GEN JUGA ","1709567676849573987","","","in","lucy island - teyvat","0","1","4","https://x.com/chohwanikuni/status/1709567676849573987","1153218024708591616","chohwanikuni"
"1709503562722713992","Wed Oct 04 13:50:34 +0000 2023","8","@tilehopper Gen z mau dikurangi apaan banyak dari mereka udah kurang gaji UMR generasi burger harga rumah kendaraan makin tinggi ","1709566685727141908","","tilehopper","in","Indonesia","1","0","1","https://x.com/0xGiorno/status/1709566685727141908","1283096367850614786","0xGiorno"
"1709566675719471255","Wed Oct 04 13:50:32 +0000 2023","522","Gue dan temen2 gue GEN Z masih mahasiswa kita ga sehopeless itu dan kita berani buat berinovasi membuat startup yang bergerak di bidang pendidikan. Kita kerja volunterr hampir setahun tanpa gaji. Jadi jangan nganggep GEN Z itu lemah https://t.co/ISofeYozk3","1709566675719471255","https://pbs.twimg.com/media/F7mZ0_TaoAAm_j-.jpg","","in","","764","145","76","https://x.com/maxtollenaarrrr/status/1709566675719471255","3231291420","maxtollenaarrrr"
"1709199233176539273","Wed Oct 04 13:28:37 +0000 2023","0","@mediocrickey @strike_bravo_b Gw milenial anak buah milenial dan 3 boomer Tapi ngurus organisasi yg anggota nya gen z. Gen Z memang agak kurang sat set tapi klo gaji nya gede ya semangat jg ","1709561161157660783","","","in","ÜT: 0.538077,117.528557","0","0","0","https://x.com/beniardi/status/1709561161157660783","64719474","beniardi"
"1709555794604376307","Wed Oct 04 13:10:12 +0000 2023","0","tidak menerima opini dr non Gen Z yang selalu menilai kita sebagai kaum hedonis. yaelaaah banggg gaji UMR bangsa sandwich generation juga nggak sudi sumpah jajan kopi/skincare/foya foya kalo nggak ada promo super oke.","1709556524937523321","","fueledbyrawon","in","dni.","0","0","0","https://x.com/fueledbyrawon/status/1709556524937523321","788755434794389504","fueledbyrawon"
"1709111224846409756","Tue Oct 03 18:20:03 +0000 2023","0","@doodlledude @iniakunramon @peachyslen @dhiiikaaaaa @kinantiepm @ozarangkuti Gen z kan beda kalau kesel mereka merasa paling benar sendiri paling idealis paling berhak gaji tinggi paling berhak wlb Yaudah ga perlu perusahaan yang ngekick orang seperti itu mereka mundur sendiri Lantas beberapa bulan kemudian nyesel resign kan aneh","1709272112626807148","","sultohn","in","Nusa Barong","0","1","0","https://x.com/sultohn/status/1709272112626807148","852617601570164736","sultohn"
"1709264758619467799","Tue Oct 03 17:50:49 +0000 2023","2","Ngapa gen z mulu dah yang di salahin? Emang generasi yang lain ga punya andil menciptakan lingkungan kerja yang sekarang? Yang bisa palugada tapi gaji seadanya gimana?","1709264758619467799","","","in","","0","0","0","https://x.com/aie_ice_sha/status/1709264758619467799","1209416519299416065","aie_ice_sha"
"1709111224846409756","Tue Oct 03 17:13:46 +0000 2023","0","@wordgenic @peachyslen @dhiiikaaaaa @kinantiepm @ozarangkuti Gen z juga akan begitu nantinya tapi yang mereka percayai itu banyak postingan yang menginfluence mereka gaji harus tinggi Kerja harus wlb itu ideal dikala negaranya skandinavia. Coba liat kenyataan dulu di Indonesia industrinya aja belum ideal buat idealisme gen z","1709255432894902765","","wordgenic","in","Nusa Barong","0","0","1","https://x.com/sultohn/status/1709255432894902765","852617601570164736","sultohn"
"1709247933596729428","Tue Oct 03 16:43:58 +0000 2023","0","waduh mbak sepuh maaf saya gen z tapi saya kalo kerja gak lembek. alhamdulillah gaji 2 digit trus bisa mempekerjakan millenial di bidang saya. justru millenial yg kerja di bawah saya banyak ngeluhnya dibanding gen z","1709247933596729428","","","in","Central Borneo, Indonesia","0","1","0","https://x.com/mengggurl/status/1709247933596729428","1423798857909956610","mengggurl"
"1709173251283566753","Tue Oct 03 15:17:27 +0000 2023","1","@ozarangkuti kayanya bukan gen z aja tapi hampir semua orang. contohnya resign masalah gaji ga sesuai nyalahin bosnya","1709226160369107220","","ozarangkuti","in","Indramayu, Indonesia","0","0","0","https://x.com/_ariffirman/status/1709226160369107220","751995676054081536","_ariffirman"
"1709189370623012963","Tue Oct 03 14:59:07 +0000 2023","15","@glrhn Sama satu lagi atasan ngasih gaji yang layak gak? Jangan nyindir nyindir gen Z mulu karena ngeluh kerjaannya overwork tapi sendirinya ngasih gaji gak layak wkwk","1709221546324377982","","glrhn","in","Bandung, Jawa Barat","0","0","1","https://x.com/billie9eulis/status/1709221546324377982","1144077885465980928","billie9eulis"
"1709154962322919735","Tue Oct 03 14:19:36 +0000 2023","1","@ogiehart Gen z pengen enaknya doang tapi gaji gede yg diliat2 macem di tiktok dan twitter padahal banyak yg halu juga ","1709211601965064358","","ogiehart","in","","1","0","0","https://x.com/theorixz/status/1709211601965064358","1704088122563403776","theorixz"
"1709111224846409756","Tue Oct 03 13:01:50 +0000 2023","35","@kinantiepm @ozarangkuti as gen z kalo w lebih ke ga suka aja kebebasan berpendapat dan berekspresi dikekang sama atasan julid nan kolot jadinya malez. Anw aku pernah denger sendiri salah1 angkatan w ngeluh pelatihan dan workshop kerja dari perusahaan cuma dibayar 40% gaji ditolak dan resign.","1709192031350985036","","kinantiepm","in","Mranggen, Indonesia","0","1","6","https://x.com/botjahOrion/status/1709192031350985036","2313188558","botjahOrion"
"1709183243436892234","Tue Oct 03 12:26:54 +0000 2023","2","gw suka bingung sama org yg minjem peyleter melebihi gajibpokok dia. Aneh aja. soalnya ada tmn gw yg minjem 2x dari gaji dia dan cuman buat nonton konser doang gak paham standar prioritas kayanya.. dan rata rata gen Z tapi melenial dan Y juga banyak si","1709183243436892234","","","in","Hibernasi","1","1","1","https://x.com/AtpOpet/status/1709183243436892234","1309283082441125888","AtpOpet"
"1709173692994031983","Tue Oct 03 12:10:51 +0000 2023","22","@infoXwor_ Gua gen z dan gua ngakuin sih kalo banyak gen z itu mentalnya aneh bgt. 1. Ada yg ngerasa krjanya terlalu santai pngen resign 2. Baru hari pertama krja trus dimarahin pngen resign 3. Gaji ga 2 digit padahal masih baru kerja pngen resign 4. Kerja pns pngen kuliah pngen resign","1709179203906900420","","infoXwor_","in","","1","4","3","https://x.com/pororopoby/status/1709179203906900420","1436576613253070849","pororopoby"
"1709111224846409756","Tue Oct 03 11:28:46 +0000 2023","3","@kinantiepm @ozarangkuti gak juga ah ak gen z tp alhamdulillah sampe skrg bos gk ngeluh selalu target walau gaji kecil se-upil kerjaan 5 job saya yg pegang masih sehat walau kadang agak sakit cmn ditahan tergantung orgny","1709168613494780185","","kinantiepm","in","","0","0","0","https://x.com/vvibuhere/status/1709168613494780185","1103083870272929792","vvibuhere"
"1709122804770357598","Tue Oct 03 08:45:25 +0000 2023","0","@REPT0IDS Kalimat pertanyaannya agak membingungkan kak. Mohon izin saya saran untuk diubah menjadi apakah angkatan Gen Z masih ada yg mau kerja apapun meskipun ga sesuai dengan ijazah dan dengan gaji kecil? ","1709127501522608260","","REPT0IDS","in","pulau Jawa","0","0","0","https://x.com/kby_dharma/status/1709127501522608260","1246796104751935488","kby_dharma"
"1709126426610532467","Tue Oct 03 08:41:13 +0000 2023","0","ngeluh gaji UMR tapi ga sebanding sama skill nya. kalo misal dapet gaji UMR tapi kerja di kantor dari jam 9 pagi sampe jam 9 malem. kan sama aja. kita gen z itu emang ga dididik untuk kerja sekeras itu tapi kita dididik untuk punya skill. yang aku maksud adalah gen z 2000an ya","1709126444637721061","","baxter_idn","in","","0","1","0","https://x.com/baxter_idn/status/1709126444637721061","1665227904446525440","baxter_idn"
"1709122804770357598","Tue Oct 03 08:26:45 +0000 2023","0","Sorry ya gue mau toxic Angkatan gen Z masih ada yg mau kerja apapun meskipun ga sesuai ijasah dengan gaji kecil apa gak ya? Kena pressure dikit kesehatan mental kerjaan di luar batas dikit katanya toxic dan kena mental. Kalian itu lemah","1709122804770357598","","","in","GMT+7, GMT+8, GMT+9","0","1","1","https://x.com/REPT0IDS/status/1709122804770357598","1210378005710684160","REPT0IDS"
"1708754629503385859","Mon Oct 02 08:03:45 +0000 2023","1","Ini pelamar gen Z lucu2 ya. Ada yang minta gaji 6jt karena buat kebutuhan hidup di surabaya Ada yang minta mess kerja Ada yang ga bisa naik motor Ada yang masih muda tapi slik nya jebol kebanyakan pinjol Susah ya cari pelamar gen z","1708754629503385859","","","in","surabaya","0","2","0","https://x.com/skinnyfatguyyy/status/1708754629503385859","235995358","skinnyfatguyyy"
"1708149289703338032","Sun Oct 01 04:42:30 +0000 2023","4","@worksfess Gen z ini ada ada aja ya kerja workload pengen resign dimarahin hari pertama kerja pengen resign kerja santai pengen resign kntor jlek pengen resign gaji ga 2 digit pengen resign","1708341595828031872","","worksfess","in","","0","1","0","https://x.com/pororopoby/status/1708341595828031872","1436576613253070849","pororopoby"
"1706969598866907327","Sat Sep 30 20:07:13 +0000 2023","0","@madravaka @worksfess Ada bgt keknya ada kmrn fess sendernya ga suka kalo kerjanya terlalu santai pdhl gajinya gede Gen z skrg aneh aneh dah ada yang dimarahin di hari pertama kerja udah pengen resign kerja terlalu santai pengen resign gaji ga smpe 2 digit pengen resign","1708211920707493892","","madravaka","in","","0","0","0","https://x.com/pororopoby/status/1708211920707493892","1436576613253070849","pororopoby"
"1707751512578097449","Fri Sep 29 13:37:43 +0000 2023","0","Ganjar Pranowo berharap Gen z dan milenial dapat kembangkan bakat agar generasi wirausaha terus berkembang PBSI Gaji 20jt Keramas #RempangHappyEnding https://t.co/Ut2C83k4wp","1707751512578097449","https://pbs.twimg.com/media/F7Mm8blbUAAOu8X.jpg","","in","Pangandaran","0","0","0","https://x.com/Ganjaran99/status/1707751512578097449","2498268319","Ganjaran99"
"1707353031115956625","Thu Sep 28 11:18:54 +0000 2023","0","kerja di pabrik aja yg katanya jelas jam kerjanyaa Akhirnya ku turuti kerjalah dipabrik. Bagian produksi dg gaji 3jt kurang dikitt. Perjalanannya 3tahun sampe adekku lulus- sekolah. Adekku ini tidak punya rasa terimakasih sama sekali. Kelakuannya bener bener gen z bgt","1707354187795935493","","kupujaypujay","in","central jawiir","0","1","0","https://x.com/kupujaypujay/status/1707354187795935493","1231430865265164288","kupujaypujay"
"1706521897377444346","Tue Sep 26 14:44:52 +0000 2023","0","@PNS_Ababil ini demi beradaptasi dengan gen z bil.. banyak yg kaget setelah masuk pn aice gaji nya diluar ekspektasi","1706681246276014383","","PNS_Ababil","in","Bogor, Jawa Barat","0","0","0","https://x.com/tembokputtih/status/1706681246276014383","789362649930747904","tembokputtih"
"1706617412957991308","Tue Sep 26 10:31:13 +0000 2023","0","Gen Z dengan expectation gaji fresh grad must be 2.5k at least padahal job scope data entry je boleh pergi melingkup","1706617412957991308","","","in","","0","0","0","https://x.com/_xsndyx_/status/1706617412957991308","862898142210965504","_xsndyx_"
"1706493429755339090","Tue Sep 26 04:00:51 +0000 2023","6","@alex_ferdians @Heraloebss ini salah orang tuanya jelas banget. pendidikan moral etika ga ada. jadi guru anak gen z risikonya tinggi bgt ya. udh mana gaji kecil rata2 anaknya juga ga ada etika anti tegor sampe mengancam nyawa anjir","1706519173814485330","","alex_ferdians","in","masii disinii~~","0","0","0","https://x.com/beeerbitch/status/1706519173814485330","415428281","beeerbitch"
"1706498578460643616","Tue Sep 26 02:39:00 +0000 2023","0","Aku bukan gen z trs berusaha menikmati salah satu pekerjaan baru jalan 2 minggu gue bener2 udh gakuatttt trs akhirnya gue cabutt dan itu terjadi 2 kali sampe gue kayak trauma kerja lagi trs skrg dpt kerjaan yg alhamdulillah aku enjoy walaupun gaji terbilang kecil","1706498578460643616","","","in","","0","0","0","https://x.com/deisiksee/status/1706498578460643616","1218898119447826433","deisiksee"
"1706273655523815691","Tue Sep 26 02:36:34 +0000 2023","2","@BlueOceanRKHY @jandomanis Mbaa.. tapi emang di lapangan begitu... contoh nihhh di kantor temen aku di instansi pemerintah... angkatan gen Z itu selaluuu aja ada ngeluhnya.. yg gak sesuai gaji lah ga sesuai kateringnya lah dan tidak menghargai senior2nya.. itu kenyataan...","1706497965945389357","","BlueOceanDay11","in","","0","2","0","https://x.com/a_irbur/status/1706497965945389357","704477641","a_irbur"
"1706170413930426795","Mon Sep 25 06:02:37 +0000 2023","1","@Sociolanes @txtdrberseragam Lah yg ngutang buat negara itu gen mana? Bos2 yg suka nunggak gaji karyawannya? Atau orang2 yg coba gabung nonton one piece biar dapet suara anak muda? Kejauhan kayanya yg ini... Maap maap mksdku emang gen z ini lohh bener2 ya pak Kasi tau pak tangkeplah influencer judi itu","1706187429521297672","","Sociolanes","in","","0","0","0","https://x.com/udahtaudiem/status/1706187429521297672","995642732344311810","udahtaudiem"
"1705932669874565402","Sun Sep 24 13:10:17 +0000 2023","0","Heran bener deh sama kelakukan Gen z beli Pokemon Go Plus nyicil potong gaji dari kerjaan itu gunanya cuman buat nyari pokemon virtual doang bjir lah fak kata gua teh. Kek mending buat yg lain kenapa sih","1705932669874565402","","","in","DKI Jakarta, Indonesia","0","0","0","https://x.com/iamabasa/status/1705932669874565402","720406147","iamabasa"
"1705161981509214434","Fri Sep 22 11:49:48 +0000 2023","0","@worksfess sukanya : sesuai bidang soal menulis bosnya nyantai temen2 cukup asik soalnya gk toxic sama adem aja di ac dukanya : GAJI KECIL SEKECIL TINGGI BADANKU bos suka rada2 AGAK JAUH malah dikasi anak magang yg gk ada usahanya sama sekali Syedih euy ak gen Z tp gk gini amat","1705187637571809784","","worksfess","in","","0","0","0","https://x.com/vvibuhere/status/1705187637571809784","1103083870272929792","vvibuhere"
"1705123373725241485","Fri Sep 22 07:56:11 +0000 2023","1","Ada sedikit perbedaan dengan hasil dari survei Pacmann. Hasil riset kami menunjukkan preferensi yang agak berbeda antara gaji dan lingkungan kerja Gen Z lebih memilih untuk menyeimbangkan keduanya. Jika dibandingkan dengan career progression Gen Z memilih Career Progression. https://t.co/9OdDA4O0Ws","1705128845383508068","https://pbs.twimg.com/media/F6nUbyEaAAAn4es.png","pacmannai","in","Jakarta","0","1","0","https://x.com/pacmannai/status/1705128845383508068","824984727597707265","pacmannai"
"1705123373725241485","Fri Sep 22 07:50:45 +0000 2023","2","Dari riset yang pernah dilakukan sebelumnya di Indonesia pekerja Gen Z adalah generasi yang mementingkan hal lain seperti lingkungan kerja progress career daripada gaji. Riset dari Tirto mengenai Pekerja Gen-Z: https://t.co/DSo76PZSBJ","1705127478333952467","https://pbs.twimg.com/media/F6nUMfnbQAAqqGl.jpg","pacmannai","in","Jakarta","0","1","0","https://x.com/pacmannai/status/1705127478333952467","824984727597707265","pacmannai"
"1705058380723950020","Fri Sep 22 03:16:11 +0000 2023","0","Menfess Menfess ini bikin mental para gen z jadi loser. Perkara gaji doang nanya. Pertimbangan kerjaan aja nanya. Sampah..","1705058380723950020","","","in","","0","3","1","https://x.com/lutpinugroho/status/1705058380723950020","155134426","lutpinugroho"
"1704813244387557665","Thu Sep 21 11:02:06 +0000 2023","42","cukup bgt dah kerja ama gen z dateng telat pulang cepet kerja lelet banyak ngeluhnya gaji tetep dimakan kantor dijelek2in moga berkah dah iduplo","1704813244387557665","","","in","Jakarta Capital Region","2","10","5","https://x.com/cikenaaaaged/status/1704813244387557665","1228919644628512769","cikenaaaaged"
"1704640334540726445","Wed Sep 20 23:48:42 +0000 2023","1","@tanyakanrl Emang gen z / milenial jaman sekarang gaji elite nabung sulit Punya jabatan tinggi di perusahaan alumni s1 - s3 tapi masih ngutang perusahaan sampe puluhan juta Kalo denger temen pada ghibah tuh kyk dalam hati nih orang gajinya gede tapi masih ngutang ","1704643779553333264","","tanyakanrl","in","Unknown","0","0","0","https://x.com/fathurizalhbllh/status/1704643779553333264","917735162300981248","fathurizalhbllh"
"1704483381206208959","Wed Sep 20 16:24:18 +0000 2023","0","@CNNIndonesia Kemaren mental health pada gen Z perbaiki gizi. Hari ini hukum bisa dibeli kasi Hakim gaji tinggi. Is not that simple Opa! Begini ini kalau MANULA nyapres wegah kerja &amp; mikir berat. Semua digampangin. Bikin irritated jadi makin yakin untuk tidak memilih capres yg kayak gini","1704531944133050521","","CNNIndonesia","in","Indonesia","0","0","0","https://x.com/KrisalviJosanta/status/1704531944133050521","1426894655279439877","KrisalviJosanta"
"1704411120927408168","Wed Sep 20 08:24:36 +0000 2023","0","Real gaji Gen Z habis buat langganan app","1704411221347455221","","khunkibs","in","","0","0","0","https://x.com/khunkibs/status/1704411221347455221","1234114020497477633","khunkibs"
"1704273190946852954","Tue Sep 19 23:16:07 +0000 2023","0","Idk gen z skrg nih trend standar buat kerja nya tinggi bgt. It's good tp kalo terlalu picky ya susah alias ga ada tempat kerja yg sempurna Lingkungan ga toxic -&gt; gaji kecil Lingkungan sehat gaji gede -&gt; targetnya gede Namanya associate ya udh sepantesnya gaji ga gede gede amat","1704273190946852954","","","in","","0","0","0","https://x.com/psyduckgotdizzy/status/1704273190946852954","1702390641769193472","psyduckgotdizzy"
"1704015294388486319","Tue Sep 19 06:11:19 +0000 2023","0","gen z &amp; millenials yang curhat mulu gaji ga cukup buat kebutuhan hidup ga bisa beli rumah dll meanwhile selera lagunya:","1704015294388486319","","","in","Bali, Indonesia","0","0","0","https://x.com/yugi_FOO/status/1704015294388486319","84297549","yugi_FOO"
"1703393351289254394","Sun Sep 17 16:16:26 +0000 2023","20","@Shirityshukuji @sosmedkeras Iya betul sekali itulah fenomena generasi gen Z saya lihat ya cafe itu setiap weekend penuh sama anak-anak muda saya perhatikan tiap weekend nongkrongnya di cafe gaji habis tidak apa-apa kata mereka yang penting bisa eksis.","1703442801218990136","","Shirityshukuji","in","","6","16","1","https://x.com/CakKhum/status/1703442801218990136","1112540525771386880","CakKhum"
"1703194611072790829","Sun Sep 17 10:37:34 +0000 2023","0","@Paltiwest Bukan mengaburkan justru meluruskan.. Gen Z dan Y justru lebih pintar karna cerita yg digoreng setiap kali Pilpres namun tidak terbukti... Adakah Pecatan yg menerima gaji Pensiun dari Negara setiap bulannya ?? Disitulah cerdasnya Gen Z dan Y memutuskan.","1703357519576580343","","NalarPolitik_","in","Tondano, Indonesia","0","0","0","https://x.com/dien_jd/status/1703357519576580343","1310524490","dien_jd"
"1703353446265655683","Sun Sep 17 10:21:23 +0000 2023","0","Aduh bingung bgt gw harus kerja apalagi huhuhu adek minta dibeliin motor which is gaji gw gk support buat beliin dia motor. Dasar anak gen z","1703353446265655683","","","in","grand line","0","0","0","https://x.com/cinnamoyeolo/status/1703353446265655683","1228516402799075328","cinnamoyeolo"
"1702890419775050033","Sat Sep 16 03:41:28 +0000 2023","1","Fresh grad dia offer 3.6k tu pun dah alhamdulillah sgt bodo. Org lain bertahun2 kerja pun gaji 1.5k majikan btul2 ikut minimum wage je. Kau fresh grad terus beli honda duduk condo sorg2 ke? Alaaaa gen z ni ","1702890419775050033","","","in","Malaysia","0","1","0","https://x.com/hellonabilaa/status/1702890419775050033","1162292498","hellonabilaa"
"1702815742432010504","Fri Sep 15 22:44:44 +0000 2023","8","Beberapa hari kemarin berkunjung ke salah satu sekolah kejuruan di Banten ngajar disana. Boomer millennial gen Z jadi pengajar mereka secara bergantian. Pulang dr sana kesan kami ke peserta didik sama: setelah lulus pengen gaji tinggi tp semangat buat belajar rendah","1702815742432010504","","","in","","1","0","2","https://x.com/andyyahya/status/1702815742432010504","246614386","andyyahya"
"1702516898662117847","Fri Sep 15 03:12:54 +0000 2023","8","@manutd_world Gen Z rata² ya kyk bgini mental healt lah perlu healing lah ga mau ngakuin salaha lah lu kerja profesional boss lu siapa yg di gaji gede siapa.. ngengkeng maning","1702520840179601462","","manutd_world","in","","0","0","0","https://x.com/ZuryaRedDevilz/status/1702520840179601462","954746134462738432","ZuryaRedDevilz"
"1702497859063705939","Fri Sep 15 01:41:35 +0000 2023","4","Gen Z syndrome. Belum keje lagi dh demand mcm2. 3.6k for fresh graduate more than enough woi. Kalau gaji 3.6k tak perform pun tak guna jgk. FYI lagi tinggi gaji lagi byk keje kau kena buat. Jgn baru kje sebulan dh resign ","1702497859063705939","","","in","","0","0","0","https://x.com/nachuazoul/status/1702497859063705939","226418005","nachuazoul"
"1698132843745202528","Thu Sep 14 10:19:58 +0000 2023","0","@cathacllysm ⠀ Bisaaa! Tapi biar ngga overwork kalau gaji tetep segitu. Gen Z banget ya. ⠀","1702265927646208152","","cathacllysm","in","","0","1","0","https://x.com/onpredictabel/status/1702265927646208152","1395976948191354890","onpredictabel"
"1701945186379866232","Wed Sep 13 13:05:27 +0000 2023","1","Dear gen Z ga semua terlahir punya privilege. Harus ada yang dikorbakan. Gaji banyak tapi habis buat ini-itu hal yang wajar. Jangan nyesel semangat terus (aku).","1701945186379866232","","","in","Kota Surabaya, Jawa Timur","0","0","0","https://x.com/westsiderebel/status/1701945186379866232","1152637532426817537","westsiderebel"
"1701886122597790032","Wed Sep 13 09:10:45 +0000 2023","0","berarti ini gen Z ya? gue milenial sih anyway kenapa sih masih fg aja udah ribet banget perkara gaji lu tuh fg ga ada pengalaman tau diri dikit kali kalo misal mempertimbangkan perusahaan gue setuju karena itu penting tapi kalo semata-mata gaji tuh hadeh capek banget","1701886122597790032","","","in","","0","0","0","https://x.com/prdsjade/status/1701886122597790032","287646441","prdsjade"
"1701484552492032470","Tue Sep 12 09:59:52 +0000 2023","0","@HalimDzul @meng_miauw @tanyakanrl Hp cina pala lu peyang hp itu hasil dari kerja keras dibeli pake gaji pertama mang uang dr mana? lu kira jatuh dari langit?","1701536095677333776","","HalimDzul","in","Indonesia","0","1","0","https://x.com/lucubgtygy/status/1701536095677333776","1572828746922729473","lucubgtygy"
"1701388237028425936","Tue Sep 12 00:12:20 +0000 2023","42","lagi satu cepatnya resign mesti gen z tu lah hidup orang purba kalau dah selesa duduk satu tempat duduk je lah situ even gaji tak banyak. kami gen z bijak ada better opportunity kita grab","1701388237028425936","","","in","","1","0","17","https://x.com/fzzlyana/status/1701388237028425936","4673227585","fzzlyana"
"1691374167201824768","Wed Aug 16 11:35:29 +0000 2023","0","@irzanny @TirtoID Emang gen Z bisa DP 90% senilai 1.8 m itu dapet darimana? Nabung brp tahun tuh kalo gajinya 5.9 jt/bulan (rata2 gaji pekerja formal di Jkt as per data BPS) Kopi 600k per bulan dimasalahin trs ngasi solusi DP rumah 1.8 m. Udahlah argumen masnya mbulet gak masuk akal","1691775683826217387","","irzanny","in","","0","1","0","https://x.com/capletlover/status/1691775683826217387","1039204106177396737","capletlover"
"1690967831993860096","Mon Aug 14 06:05:22 +0000 2023","0","Aku tengok cara gen z berbelanja pun aku yang seram. Ada je gen z kat ofis ni gaji 3k tapi banyak hutang lifestyle macam ni.","1690967831993860096","","","in","","0","1","0","https://x.com/_xsndyx_/status/1690967831993860096","862898142210965504","_xsndyx_"
"1690954068296957954","Mon Aug 14 05:10:40 +0000 2023","10","Serem juga liat banyak gen z pada gampang pake paylater. Namanya doang keren pdhl yaa itu ngutang. Membiasakan ngutang sejak dini utk barang2 yg ga esensial dan ga urgent itu bahaya sih cuman tergiur promo doang apalagi kalo blm punya gaji tetap tiap bulan bisa jd bumerang","1690954068296957954","","","in","Bandung, Indonesia","0","5","0","https://x.com/dhelsadell/status/1690954068296957954","294528028","dhelsadell"
"1690355337717829632","Sat Aug 12 13:31:32 +0000 2023","0","bingung gue.. liat treads yang isinya gen Z mengeluhkan hidupnya yg katanya gitu2 aja gaji masih mentok di 5 hidup di jakarta perlu ini itu ini itu..","1690355337717829632","","","in","","0","1","0","https://x.com/triiiambar/status/1690355337717829632","3309440581","triiiambar"
"1690210250799095808","Sat Aug 12 09:25:59 +0000 2023","0","@tanyakanrl permasalahan gen z gw punya konveksi karyawan gen z itu nyebelin nya minta ampun gak punya skill dan gak punya otak tapi pengen nya gaji gede dikit dikit update status parah sialan","1690293541405417473","","tanyakanrl","in","Kota Bandung, West Java","0","1","0","https://x.com/ciptaningh/status/1690293541405417473","3091022203","ciptaningh"
"1690220996316577792","Sat Aug 12 04:37:42 +0000 2023","0","ini dari kemaren innova zenix muncul uda kaget sama harganya. gen z ini lama-lama selain gabisa beli rumah juga gabisa beli mobil semuanya pada naik tapi gaji masih stuck disitu aja ya gabisa ke reach. gamasuk akal indo ini emang","1690220996316577792","","","in","","0","1","0","https://x.com/stolenbyou/status/1690220996316577792","1550881431613648898","stolenbyou"
"1690169985816211456","Sat Aug 12 02:21:21 +0000 2023","0","@tanyakanrl baru calon run nder run. 100rb/mg cukup buat apa woi wkwk. Tp pertimbangin total gaji calonnya jg sih nder. 400 ribu per bulan tuh berapa persen dr total gajinya? Kalo gajinya cm 500 ya wajar tp kalo gaji 5 juta buat makan 400k ya red flag WKWK sisanya buat apaan tuh tanyain","1690186682514182144","","tanyakanrl","in","","0","0","0","https://x.com/HumanGenZ/status/1690186682514182144","1356123041432932354","HumanGenZ"
"1689962099672551424","Fri Aug 11 11:28:57 +0000 2023","0","pertanyaan aneh yang emang ga perlu dijawab... ga usah tanya gen z baby boomer di kala mereka lulus dan nyari kerja juga punya obsesi gaji gede aneh bener","1689962099672551424","","","in","","0","1","0","https://x.com/YourDearCrush98/status/1689962099672551424","1223082076645163015","YourDearCrush98"
"1689668475139313664","Fri Aug 11 09:20:37 +0000 2023","1","@worksfess The real question is why aren t you? Ini kekurangannya generasi sebelum gen Z masih banyak yang gak sadar kalau produk sekarang harganya udah gak semurah dulu. Rumah yang layak hidup aja harganya udah milyaran. Kalau mau nyamain dengan gaji FG zaman lu kapan mau kebeli?","1689929804056035328","","worksfess","in","","0","0","0","https://x.com/IlusiDigital/status/1689929804056035328","1042775162","IlusiDigital"
"1689668475139313664","Fri Aug 11 02:55:26 +0000 2023","0","@worksfess @hrdbacot Punya gaji gede bukan cuma ekspektasi gen z dong. https://t.co/f2BOCofssw","1689832871006187520","","worksfess","in","DKI Jakarta, Indonesia","0","0","0","https://x.com/podromansa/status/1689832871006187520","1304429627532701696","podromansa"
"1689668475139313664","Thu Aug 10 22:52:21 +0000 2023","0","@worksfess Kepanjangan gen z tau ga apa nder gen zenwich makanya expect gaji gede","1689771697279574016","","worksfess","in","","0","0","0","https://x.com/Bnur12117996/status/1689771697279574016","1182918407521308672","Bnur12117996"
"1689668475139313664","Thu Aug 10 17:40:47 +0000 2023","0","@worksfess sebagian gen z FG pgen smart work gaji gede beban kerja santai. kebutuhan mereka buanyak coy kan goal nya mau financial freedoom sdini mungkin~","1689693289245728768","","worksfess","in","Pekopon","0","0","0","https://x.com/Adul_Toddd/status/1689693289245728768","451958586","Adul_Toddd"
"1689668475139313664","Thu Aug 10 17:18:21 +0000 2023","3","@Mentalmath5 @worksfess Bukan. Gaji 4-6 juta itu sangat wajar dan gue setuju jangan mau gaji di bawah UMR. Yang dimaksud sender adalah Gen Z freshgrad minta gaji 2 digit atau mendekati 2 digit. Like who are you? What can you do? What can you guarantee for us?","1689687641888108544","","Mentalmath5","in","Bandung","0","0","1","https://x.com/Nugisuke/status/1689687641888108544","78262441","Nugisuke"
"1689668475139313664","Thu Aug 10 16:50:45 +0000 2023","0","@worksfess Emang adapula yg pengen gaji besar untuk gaya hidup. Tapi jangan dipukul rata. Masih ada FG/gen z yg tetep terima walau gajinya ngepas umr di atas umr sedikit bahkan di bawah umr..","1689680698188427264","","Venven1103","in","","0","0","0","https://x.com/Venven1103/status/1689680698188427264","1632435513675382784","Venven1103"
"1689668475139313664","Thu Aug 10 16:47:47 +0000 2023","1","@worksfess Gak semua FG/gen z itu lahir dari keluarga mampu bahkan beberapa dari mereka harus jadi tulang punggung keluarga. Gaji mereka tentu harus dibagi2 mana utk makan utk kosan utk ongkos/bensin utk keluarga dan utk kebutuhan yg lain. Cont-","1689679948095905792","","worksfess","in","","0","1","0","https://x.com/Venven1103/status/1689679948095905792","1632435513675382784","Venven1103"
"1689668475139313664","Thu Aug 10 16:18:41 +0000 2023","1","@worksfess gw gen z dan yes betul. Pas FG gw egois bgt pgn gaji gede ya krn ter influence konten gaji km brp? hahaha padal sbg FG walopun gw apal teori tp skill blm tentu.. dan krn itulah gaji itu privacy dan sensitive biar g ada gen z kyk gw haha","1689672625818419200","","worksfess","in","","0","0","1","https://x.com/kalaeluz/status/1689672625818419200","1172412873793949696","kalaeluz"
"1689671206138793984","Thu Aug 10 16:13:02 +0000 2023","0","kayanya klo gaji gabs diliat dr gen apa deh kalo emg dia gen z trus udh berskill &amp; emg punya pengalaman apa salah ekspetasi gajinya? tp ya balik lg sih big sallary disini tuh brp mksdnya ya trus gen z kan dr 97 ya.. wajar sih klo mrka yg minta big sallary https://t.co/dBynTzBXW0","1689671206138793984","https://pbs.twimg.com/media/F3LrANNawAEmjo1.jpg","","in","98즈","0","1","0","https://x.com/gatauT_T/status/1689671206138793984","821364763267477509","gatauT_T"
"1689471459788550144","Thu Aug 10 11:42:42 +0000 2023","0","@worksfess Hayo gen z yg mau ngelamar cpns dipikir dulu gaji ga gede sama penempatannya seluruh indonesia bahkan daerah terpencil. Kl ga niat jgn lamar. Kasih kesempatan sama yang serius. Dr pada resign","1689603173164666881","","worksfess","in","","0","0","0","https://x.com/otek_hakiki/status/1689603173164666881","2306190258","otek_hakiki"
"1689268415863615488","Thu Aug 10 02:58:35 +0000 2023","0","@worksfess Rumah pada mahal untuk gaji yg cuma umr dan gen z","1689471273049669632","","worksfess","in","Kota Bandung, Jawa Barat","0","0","0","https://x.com/marissaaajuni/status/1689471273049669632","1576857219332984832","marissaaajuni"
"1689429526382809088","Thu Aug 10 01:16:57 +0000 2023","0","@dyntulz FAST RESP BANGEETTT gaji buta lu ya dst gen Z","1689445696859262976","","dyntulz","in","Jakarta","0","1","0","https://x.com/_raicha6690/status/1689445696859262976","1285397504041738240","_raicha6690"
"1689268415863615488","Wed Aug 09 23:48:06 +0000 2023","0","@worksfess Bisa buat self reward aja udah syukur2.. dikira gaji semua kalangan gen Z ama Milenial di atas UMK?","1689423340170063872","","worksfess","in","","0","0","0","https://x.com/vlnerasanentur/status/1689423340170063872","798490951572295680","vlnerasanentur"
"1689168061344190464","Wed Aug 09 13:35:01 +0000 2023","104","@zhajoon @tang__kira Giliran generasi mreka pada jualin rumah lakunya susah kan? Wkwkwkw mampus aja tu rumah2 invest pada ga laku harganya ga ngotak buat gaji mayoritas milenial &amp; gen Z ya g masih di sekitaran umr. Alhasil kita2 yang terpaksa mepet ke kota2 penyangga demi cari rumah yang terjangkau","1689269052806778880","","zhajoon","in","","1","0","7","https://x.com/iceshakeavocado/status/1689269052806778880","1572846427201769473","iceshakeavocado"
"1688545212304629760","Mon Aug 07 13:38:44 +0000 2023","1","Namun pada kenyataannya gen Z dengan gaji sekitar 5 ~ 6 juta perbulan tetap tidak menjangkau untuk memiliki rumah karna harga rumah yang semakin meroket. Kemudian hal yg paling mungkin adalah sekarang sewa. https://t.co/tpnCcnzqnd","1688545212304629760","https://pbs.twimg.com/media/F27q6_MagAAGHKP.jpg","","in","","0","1","0","https://x.com/berryshortcake8/status/1688545212304629760","1531238735056019456","berryshortcake8"
"1688484695041040384","Mon Aug 07 09:38:16 +0000 2023","0","kehadapan gen gen z budak sunat laser korg ni kan kerja dah lah pemalas kuat ngular demand mcm mcm gaji terlupa bayar sehari je terus nak ngamuk2 ugut nk berhenti. pleasee lah check balik diri tu. Manja sangat","1688484695041040384","","","in","Pahang // Bangi","0","0","0","https://x.com/tariqazahari/status/1688484695041040384","593753059","tariqazahari"
"1687522900075778048","Fri Aug 04 17:56:26 +0000 2023","10","Call/WhatsApp orang pukul 2.00 pagi pada hari minggu di Pantai Timur siap pushy nak gotue gonie ikut sedap anak tekak dia je. Gen Z punya common sense pergi ke mana ya sebenarnya? Septic tank? You gigih kerja sampai ke pagi tak tidur malam 527 hari tak naik gaji pun diknon. ","1687522900075778048","","","in","Chukai, Trengganu","0","1","4","https://x.com/idespisecats/status/1687522900075778048","46647926","idespisecats"
"1686932241451237376","Thu Aug 03 05:03:45 +0000 2023","0","@worksfess Banyak loh umur 20 tahun ke bawah dpt profit ratusan Juta juga ... Gen Z sekarang Keren keren sih ... Mudah mudah ngerasain dapet gaji / profit 3 digit ....","1686966059763650560","","worksfess","in","inuheart","0","0","0","https://x.com/Rezzaiqball1/status/1686966059763650560","1462315736903282691","Rezzaiqball1"
"1685974334249340929","Mon Jul 31 11:22:59 +0000 2023","28","Nak gen Z minat stem Tapi Starting gaji pun tak sampai 3k Ada tu ada yang tinggi tapi bukan kebiasaan dan abit limited la company yang boleh offer yang okay https://t.co/nzT0MOjym5","1685974334249340929","https://pbs.twimg.com/media/F2XIuNdaYAA64TM.jpg","","in","Malaysia","2","2","17","https://x.com/iHX_Kimilol/status/1685974334249340929","302162924","iHX_Kimilol"
"1684042059550953473","Sun Jul 30 15:52:05 +0000 2023","0","@adi_marz07 @kkajikkaji @erickthohir @prabowo Gaji dia di kemntrian gk ada apa nya di banding hasil bisnis dia dan bayar pajak perusahan dia.... mukin pajak yg anda bayar juga cuma 0 0000000001 dari toral gaji dia ","1685679667804782592","","adi_marz07","in","Cilamaya, Indonesia","0","0","0","https://x.com/aririswanto249/status/1685679667804782592","716297329","aririswanto249"
"1685630581160517632","Sun Jul 30 14:49:13 +0000 2023","0","@hrdbacot Duh bukan gen z : ) kena prank pdhl gaji pokokku diturunin begitu saja tanpa info~","1685663844541382656","","hrdbacot","in","","0","0","0","https://x.com/ningbrot/status/1685663844541382656","53006723","ningbrot"
"1685499029696937984","Sun Jul 30 08:56:47 +0000 2023","2","@ainunnajib Pendidikan yg amburadul &amp; pemilik modal yg ngawur ngebuat gen z males kerja: Kerjaan yg ga sesuai hati gaji yg tak Sebanding dengan kerjaan. Belum lagi buruh non korporasi yg di ekploitasi kapitalis lokal remah rengginang. 60% unconsciously ingin begini CC @slipknot https://t.co/Z9a3srjVFQ","1685575154196512768","https://pbs.twimg.com/ext_tw_video_thumb/1685575095056818176/pu/img/1VUM_iVwtd8i1PbB.jpg","ainunnajib","in","ruang dan waktu 23:32","0","0","0","https://x.com/69aSZa/status/1685575154196512768","1445083240717377539","69aSZa"
"1685156394256003072","Sat Jul 29 05:12:47 +0000 2023","3","perusahaan: capek kerja sama gen z!!! gabisa ngapa-ngapain dan ngeluh terus!!!! masih mending dibayar!!!! also perusahaan: -max 25 tahun -min pendidikan s1 -min pengalaman 2 tahun -mahir mengerjakan excel word ppt -menguasai elemen tanah api air udara -rela gaji umr","1685156394256003072","","","in","21+ any pronouns","0","0","0","https://x.com/hikenicorn/status/1685156394256003072","1268157624547078149","hikenicorn"
"1684934719585271809","Fri Jul 28 14:31:56 +0000 2023","0","memulai hari dengan kopi overprice walaupun harganya sepertiga dari gaji ku satu hari kwkwkwwkwkwwk dasar gen z https://t.co/lfpSdWznLc","1684934719585271809","https://pbs.twimg.com/media/F2IQuUkaAAAOxtp.jpg","","in","","0","0","0","https://x.com/ygpentinglucu/status/1684934719585271809","1678344496290107392","ygpentinglucu"
"1683729461999718400","Tue Jul 25 06:42:40 +0000 2023","0","gen z gaji nya abis buat tiket konser","1683729461999718400","","","in","","0","0","0","https://x.com/bagencialaaa/status/1683729461999718400","1185088854232944640","bagencialaaa"
"1681579427417952258","Wed Jul 19 13:31:05 +0000 2023","0","@deulicyous Banget soalnya aku liat fresh graduate sekarang tuh pada so jual mahal mentang mentang lulusan sarjana kerja milih milih apalagi klo lulusan univ paporit huh pengen gaji gede dan sebagainya ditambah pidato yg begini bikin kadang jengkel sendiri sama fresh graduate gen Z","1681657915785248768","","deulicyous","in","Bandung, Jawa Barat","0","2","0","https://x.com/letscallmeza/status/1681657915785248768","1096628483990548480","letscallmeza"
"1680930999553896448","Tue Jul 18 02:38:15 +0000 2023","0","@rgoestama Bisnis pendidikan memang menjanjikan gaji guru yg tdk. Makanya gen Z banyak yg milih jd tutor di lembaga les swasta daripada honor di sekolah negeri.","1681131235534573568","","rgoestama","in","Unknown","0","0","0","https://x.com/fortisfortuna09/status/1681131235534573568","889088390460653568","fortisfortuna09"
"1680849777469313026","Mon Jul 17 07:59:50 +0000 2023","0","Kalo HR yg dealing ma gw kayanya gen Z deh deal2an gaji macam nawar di ITC . Mana di ghosting seminggu dulu nongol2 curhat https://t.co/2hJTy4NEB1","1680849777469313026","https://pbs.twimg.com/media/F1OT9araEAA6KQJ.jpg","","in","nae bang-i","0","1","0","https://x.com/lovescaramel/status/1680849777469313026","97240249","lovescaramel"
"1679998037559754752","Sat Jul 15 00:07:14 +0000 2023","0","@RamliRizal Gen Z Genius Zoom Zoom haha . Click skilled migrants skilled workers di negara maju di negara kaya .gaji tinggi 10 kali lipat tecknologi tinggi sistim sosial yg adil semua kebutuhannya di jamin oleh negara &amp; demokrasi free speech sorga dunia bisa bantu orang tuanya","1680006069060526082","","RamliRizal","in","Robina Gold Coast, QLD","0","1","0","https://x.com/manukahoneyland/status/1680006069060526082","1647761274661670912","manukahoneyland"
"1679832130850009088","Fri Jul 14 12:37:50 +0000 2023","0","Korang Gen Z dan Alpha kena bersyukur ye dapat tinggi ni. Memangla tak sampai gaji minimum but this is a good starter tho. Selagi mana kau tak merantau jauh sangat la.","1679832573978214403","","sjfi_twider","in","Melaka Mandate of Langkasuka
","0","1","0","https://x.com/sjfi_twider/status/1679832573978214403","1247462449722212358","sjfi_twider"
"1679448082977804288","Fri Jul 14 02:01:37 +0000 2023","0","@worksfess Kalo Gen Z kan maunya ikutin life style gk FOMO gk gaul. Mau gaji berapapun aja pasti gk cukup.","1679672468552970240","","Shinee_dodo","in","","0","0","0","https://x.com/Shinee_dodo/status/1679672468552970240","1490603056014446594","Shinee_dodo"
"1679448082977804288","Fri Jul 14 01:44:12 +0000 2023","0","@worksfess Kebanyakan Gen Z orgnya lemah n gk bs struggle ya. FG dgn gaji 5jt di jkt itu udah lebih dari cukup. Jaman gw FG baru kerja gaji cuma 1 8jt di tahun 2009. Itu aja bs cukup. Perhitungan biaya gw: kos 500ribu/bln mkn 8-10ribu utk siang n mlm (warteg) sarapan mkn roti aja cont-","1679668085584957440","","worksfess","in","","0","3","0","https://x.com/Shinee_dodo/status/1679668085584957440","1490603056014446594","Shinee_dodo"
"1679473514498387968","Thu Jul 13 12:51:03 +0000 2023","0","Masih ada orang mikir kayak gini ya Allah anak gen Z gak tau caranya bersyukur!!! Sedangkan gue masih nyari loker blm ada panggilan samseksyukur gue udah keterima kerja gaji 3 5jt sampe 4jt plus BPJS dan uang lembur. Tinggal ngatur duit itu susah","1679473514498387968","","","in","","0","0","1","https://x.com/Lunasolar06/status/1679473514498387968","271782018","Lunasolar06"
"1678313990584418304","Mon Jul 10 08:03:31 +0000 2023","1141","Budak budak Gen Z ni mmg semua bangang ke. Gaji nak 3k 4k benefit nak macam macam nak suruh company bela kau. Dapat workload susah sikit terus tarik muka alasan sebab tak boleh stress nak work life balance dan Mental Health Matters . Work ethic semua kelaut kerja ala kadar.","1678313990584418304","","","in","🇲🇾","142","33","959","https://x.com/nzrlhakimii/status/1678313990584418304","1015610820347113472","nzrlhakimii"
"1678049933805637632","Sun Jul 09 21:01:42 +0000 2023","11","@txtdrakuntansi Gen z ya? Hahaha generasi apa2 mental illness generasi mental krupuk ke siram kuah langung meleot. Mau dpt karir bagus atau gaji besar tp g mau kerja keras hahaha","1678147439910617088","","txtdrakuntansi","in","","6","21","2","https://x.com/Angelo_grund_no/status/1678147439910617088","1616999898","Angelo_grund_no"
"1677865460946333697","Sun Jul 09 02:21:13 +0000 2023","1","Masalah some of Gen Z nowadays kerja nk yg senang2 je perkembangan carrier xnk tpi nak demand naik gaji dik non oiii gaji brtmbh kerja pun brtmbh taw.","1677865460946333697","","","in","Ipoh, Perak","0","0","0","https://x.com/EsyamAzmi/status/1677865460946333697","543426941","EsyamAzmi"
"1677864563637899264","Sun Jul 09 02:17:39 +0000 2023","0","Gen Z (gang millineal) goblok ga punya integritas takut ga terima gaji makanya mau jd pelacurnya etho hahaha","1677864563637899264","","","in","ÜT: -6.217271,106.874364","0","0","0","https://x.com/syah_radja/status/1677864563637899264","58179788","syah_radja"
"1677511591858946048","Sat Jul 08 02:55:04 +0000 2023","0","waduh candidate gen Z ni demand gaji sampai 6-7k yee","1677511591858946048","","","in","Kuala Lumpur, Wilayah Persekut","0","0","0","https://x.com/adammuhammad_/status/1677511591858946048","121954628","adammuhammad_"
"1677168490632081409","Fri Jul 07 04:11:43 +0000 2023","1","I m sorry ye but not only Gen Z generasi sebelum tu pun sama ja. Bila bagi appraisal mula lah cakap saya buat kerja saya. Memang kau buat kerja kau but if nak dpt exceed expectations kena buat luar dari JD kau. Pastu mogok bila gaji tak naik bnyak ","1677168490632081409","","","in","","0","0","0","https://x.com/anshrz/status/1677168490632081409","183360970","anshrz"
"1676815036550115329","Thu Jul 06 04:48:12 +0000 2023","1","Gen Z dengan gaji UMR dapat membuat seseorang tetap survive dengan memperhatikan sejumlah hal berikut. Apa saja? Coba cek sampai slide akhir Sobat NADI! Jangan lupa selalu sisihkan setiap gaji yang didapatkan dengan nabung di SiMAPAN demi masa depan &amp; agar dapat bertahan! https://t.co/8POsV2XCzi","1676815285549142017","https://pbs.twimg.com/media/F0U-alAaQAMVSTM.jpg","nadiindoapps","in","","0","0","0","https://x.com/nadiindoapps/status/1676815285549142017","1291209305614499840","nadiindoapps"
"1674807694459559936","Wed Jul 05 05:15:19 +0000 2023","0","@aisy699 @pinkynaddychoco @yarafaee_ @SayyNees If i xtegur agaknya berapa banyak laa lauk kantin tu dia sedekah dalam sehari sampai xbalik modal? Then pekerja nak dibayar pakai apa? Keikhlasan? Mmg saya xduduk diam &amp; trus tegur. I also naik gaji slps tu As i said before i exposed myself with ilmu so im not ur typical gen Z","1676459723074469888","","NaimFathullah","in","Inazuma, Teyvat","0","1","0","https://x.com/NaimFathullah/status/1676459723074469888","857891644699324416","NaimFathullah"
"1676167781379899393","Tue Jul 04 09:55:15 +0000 2023","51","bukan kemarin tapi 4 tahun lalu dan masih jd pegangan gue gue gen z. sblm di finance gue pernah kerja di kitchen kerja emg buat gaji tapi gapapa sesekali take extra miles. awal karir kalau mau berkembang harus banyak ambil kesempatan tapi jgn lupa stop ya ","1676167781379899393","","","in","Jakarta, Indonesia","0","2","5","https://x.com/sczeve/status/1676167781379899393","1321810525898993664","sczeve"
"1674225465882710016","Thu Jun 29 01:17:11 +0000 2023","0","Gaji skrg gmasuk akal kalo gmau gaji umr/dibawah umr gabakal diterima kerja. Pdhl M-nya UMR itu kan Minimum. Dibawah itu brarti ga manusiawi. Dan ga semua gen z boros say yg ga boros dan hemat banyak lu aja yg buta mata buta hati sok2an menyamaratakan sifat suatu generasi","1674225465882710016","","","in","Luna, Moon","0","1","1","https://x.com/s0n6b1rd/status/1674225465882710016","1532581870583459840","s0n6b1rd"
"1674035368918933507","Thu Jun 29 01:14:41 +0000 2023","12","@ecommurz Gaji skrg gmasuk akal kalo gmau gaji umr/dibawah umr gabakal diterima kerja. Pdhl M-nya UMR itu kan Minimum. Dibawah itu brarti ga manusiawi. Dan ga semua gen z boros say yg ga boros dan hemat banyak lu aja yg buta mata buta hati sok2an menyamaratakan sifat suatu generasi","1674224839366971393","","ecommurz","in","Luna, Moon","0","0","0","https://x.com/s0n6b1rd/status/1674224839366971393","1532581870583459840","s0n6b1rd"
"1674012310514581504","Wed Jun 28 11:10:11 +0000 2023","0","Heraann org kerja punya suami dan anak kerja pula kok minjem duit sma org rebahan trus itu gaji dari 3 org kemana ","1674012310514581504","","","in","","0","0","0","https://x.com/lin_may28/status/1674012310514581504","1545751369545818112","lin_may28"
"1673914741524414464","Wed Jun 28 04:42:28 +0000 2023","0","Kalau menurutku tuh efek doktrin boomers yang ditanamkan ke gen Z. Ya doktrin boomers kalau dengan pekerjaan diatas udah pasti mapan kalau pun tidak mapan setidaknya mereka punya gaji yang stabil sampai pensiun. Padahal kalau cuman gaji pokok gak gede.","1673914741524414464","","","in","Kota Surabaya, Jawa Timur","0","0","0","https://x.com/babikurma29/status/1673914741524414464","1260830711243657222","babikurma29"
"1673657467798974467","Tue Jun 27 11:40:10 +0000 2023","50","Gen Z nggak ngerti trend jaman dulu dikatain anak jaman skrg mana paham ngeluh kuliah gaji dan kerjaan dibandingin sama generasi sebelumnya belanja di mall/online mulu dibilang kapitalis giliran belanja di pasar tradisional kena scam penjualnya masih jadi olok2kan. (cont) https://t.co/1t6V1mhJgz","1673657467798974467","https://pbs.twimg.com/media/FzoGmK1WYAIvmM4.jpg","","in","✉️: tubirfess@gmail.com","1","1","4","https://x.com/tubirfess/status/1673657467798974467","865777701671415808","tubirfess"
"1673642466057285632","Tue Jun 27 10:40:34 +0000 2023","0","Disekolah full kegiatan sampe rumah masih prepare materi buat besoknya 2. Setauku gaji nya gabanyak kalo masih honorer (jatuhnya jd kaya sukarelawan bukan kerja) 3. Ngurus anak orang apalagi gen z model sekarang susah. Susah diatur susah dibilangin ","1673642469446262784","","onleeyoon","in","","0","0","0","https://x.com/onleeyoon/status/1673642469446262784","1001141616","onleeyoon"
"1673608507256623105","Tue Jun 27 08:41:59 +0000 2023","6","@txtdarikorporat tantangan banyak gaji banyak preassure kerja gede namun dibawa fun dengan temen temen kantor yang anti politik. WFO instead of WFH wait saya millenial bukan gen z :)","1673612630072897538","","txtdarikorporat","in","Indonesia","0","1","1","https://x.com/NotNotoNoto/status/1673612630072897538","636983598","NotNotoNoto"
"1673232018233233408","Mon Jun 26 07:29:34 +0000 2023","0","Capek yaa kerja bareng gen z. Susah bgt disuruh buat buru2. Gw lagi butuh TTE buat di SP cepet2 ehh dia nya malah lambat. Hadeuhh... Gw juga gen z tapi plis deh kalo kerja tuh yg bener. Mau makan gaji buta Lo?","1673232018233233408","","","in","Indonesia","0","0","0","https://x.com/imnaych/status/1673232018233233408","1190877745275756544","imnaych"
"1673143633317613568","Mon Jun 26 02:02:52 +0000 2023","0","@kimbiiseo dorg belum rse gaji bwh 1k eik nk gaji bnyak kne pulun ot bnyak2.. hhmmmm manjahh kli gen z.. belum lg bru 1st gaji nk bli honda","1673149800722890752","","kimbiiseo","in","JOHO","0","1","0","https://x.com/ouhhECHAH/status/1673149800722890752","332281498","ouhhECHAH"
"1672947539996463105","Sun Jun 25 12:39:10 +0000 2023","6","Keinget kata kata bapak gua kerja itu jangan liat gaji Karena rezeki mah udah ada yang ngatur yang perlu di perhatiin itu adalah bagaimana kita bisa bermanfaat bagi yang lain dan bisa ikut berkontribusi dalam membangun umat ","1672947539996463105","","","in","","0","1","0","https://x.com/dzunisme/status/1672947539996463105","1601604012276871169","dzunisme"
"1672494151139737601","Sat Jun 24 06:37:33 +0000 2023","69","orang kita selalu cakap kalau nak kerja gaji besar mesti sabtu ahad kena kerja atau kerja sampai malam. gaji besar tak semestinya kerja teruk2 boleh je kerja biasa tapi gaji besar. ramai suka brainwash gen z cakap macam ni kenapa bitter sangat tah.","1672494151139737601","","","in","🇲🇾","2","2","18","https://x.com/afrieirham_/status/1672494151139737601","1481224801318748163","afrieirham_"
"1672196745009430529","Fri Jun 23 14:39:57 +0000 2023","0","@al_viian mane cukup segitu putar di slot sbntr jak habes.. kok bse org cukup dgn gaji 12 juta sebulan di pontianak..? minimal 3 digit kalo kate gen z","1672253163053907969","","al_viian","in","West Borneo","0","1","0","https://x.com/LorenZeus_14/status/1672253163053907969","231321893","LorenZeus_14"
"1671700282181578753","Thu Jun 22 03:29:58 +0000 2023","0","@Box2BoxBola Ga aneh.. loker masuk 70 lolos 12 dipanggil datang 5 ga ada yg bener gaji UMR plus loh.. trus mau kalan apasih ? setelah ta cari penyebabnya Gen Z fenomena. Serah kalian lah...","1671722166625398785","","Box2BoxBola","in","Kadungora, Indonesia","0","0","0","https://x.com/DiegoKlinik/status/1671722166625398785","3328310600","DiegoKlinik"
"1671697333803958272","Thu Jun 22 02:00:17 +0000 2023","0","@shafeeeeeka Kadang aku tataw apa expectations gen Z ni... Nk keje senang.. Gaji byk ke.. Work life balance la enn.. Adehhh.. Penat la cm ni marttt","1671699596987490304","","","in","","0","0","0","https://x.com/Mijah_Hamizah/status/1671699596987490304","387533622","Mijah_Hamizah"
"1671689780688748544","Thu Jun 22 01:21:16 +0000 2023","0"," actually ada yang umur tida serupa gaya juga.. senior tapi gaya gen z. Tegur sikit sentap push sikit kata toxic la gaji ciput la bagai.. hello mau naik gaji kena ada naik sales. Mana common sense kmurang?","1671689780688748544","","","in","Perth, Western Australia","0","0","0","https://x.com/fluerly_xo/status/1671689780688748544","364881292","fluerly_xo"
"1671470587284430849","Thu Jun 22 00:41:16 +0000 2023","1","@AkeemSharyzal Yup.. saya setuju. Tapi gen y dan ramai gen X pun macamtu. orang tua lagi kuat. Cuma pastu rant kat sosial tingkap setempat. Bukan media sosial. Banyak sama benanye gen X dengan gen z ni. Dedua gaji beso dedua pangkt tinggi.","1671679714875023361","","AkeemSharyzal","in","Ujong Tanah, Tanah Melayu","0","0","0","https://x.com/affandi_azhad/status/1671679714875023361","2545885045","affandi_azhad"
"1671485459661455365","Wed Jun 21 13:17:43 +0000 2023","1","@toniheru Gen Z tuntutannya banyak mbib Pen langsung kerja dan gaji 2 digit","1671507693805383680","","toniheru","in","Tmg-Yk","0","1","0","https://x.com/remarsyu/status/1671507693805383680","623534872","remarsyu"
"1671184217072635904","Tue Jun 20 15:52:22 +0000 2023","1","sbb tu perempuan yg dapat husband mcm tu sampai ke tua stress and dah lali tapi lelakinya tak bertanggungjawab so dia sugarcoat la kata AKU OK JERRRRRRRRR GAJI 1000 ADA 10 ANAK DULU LEMBIK GEN Z NI KAWEN JE LA tapi anak anaknya ramai terabai grow up ada perasaan dendam dgn kau","1671184220860092416","","yeebliss","in","","0","1","0","https://x.com/yeebliss/status/1671184220860092416","1341289481706467328","yeebliss"
"1670956899234385920","Tue Jun 20 00:49:04 +0000 2023","0","Nak dengar lah jugak apa pendapat gen X Y nih? Korang mcm ni jugak key mase intern dulu kat company korang? Yelah gen Z ni kan dicop lembik hrmmm Best kan dpt pekerja tanpa gaji ni intern tu alasan je https://t.co/fojrD0Z9WR","1670956899234385920","https://pbs.twimg.com/ext_tw_video_thumb/1670956811070083077/pu/img/iCIqbl__6feRnCRF.jpg","","in","","0","0","0","https://x.com/Rainurin_/status/1670956899234385920","1630848190499942402","Rainurin_"
"1670675343957524480","Mon Jun 19 07:02:49 +0000 2023","3","@RajaPetra Nak rasa zaman ni. Budak budak gen z tak kan tahu. Ini zaman tun. Yaaa. Semua murah. Gaji siapa kerja kerajaan. Pangkat biasa pon 1k lebih. Ayah ak tahun 2002 gaji dah 3k lebih. Kkm jer. Time tu rm20 rgt pon banyak. Punca dia orang tengah main harga. Zaman najib start rasa teruk","1670688567377670145","","RajaPetra","in","Malaysia ,","0","3","1","https://x.com/DanteNazz/status/1670688567377670145","126602028","DanteNazz"
"1670450969958825994","Sun Jun 18 15:18:41 +0000 2023","0","Dieng Bromo Sumba Labuan Bajo Empat lokasi yg pengen gw kunjungi dlm waktu dekat. Bikin list aja dulu. Biar semangat nabungnya. Iya sisa gaji gw tuh habisnya ya utk jalan-jalan. Millennial tp ky gen Z. ","1670450969958825994","","","in","","0","1","0","https://x.com/eviariesty/status/1670450969958825994","1306858500","eviariesty"
"1670323196669870084","Sun Jun 18 06:50:57 +0000 2023","0","Sbg gen millennial yg experienced 2x internship Korg ckp gaji min 1.5k xcukup utk survive skg &amp; korg jgek org yg sama sindir gen z lembik. Xde elaun xboleh nk survive! Aku dl bla bla So skg u tell me kt mn rasional intern xperlu elaun????","1670323196669870084","","","in","","0","0","0","https://x.com/saifazamxiii/status/1670323196669870084","2807553426","saifazamxiii"
"1669954806897852417","Sun Jun 18 02:35:47 +0000 2023","2","@lilyahya57 @5M30W ah kau gen z lgtv babi. bodoh unlimited tp nk gaji ceo. aku mmg x hire intern. tp intern mari apply tu nk kire camne","1670258982269915136","","lilyahya57","in","","0","1","0","https://x.com/xaxaiage/status/1670258982269915136","1272847843603046401","xaxaiage"
"1669954806897852417","Sat Jun 17 13:08:48 +0000 2023","42","@5M30W kalau elaun dlm 500-600 ok je. masalahnya intern bodo gen z ni demand gaji minimum tapi reti potostet kertas je. outlook pun x pernah guna apatah lg simple editing guna adobe product. baik hire org ada experience dari intern gen z bodo tp demand nk jd ceo","1670055894804205568","","5M30W","in","","2","6","7","https://x.com/xaxaiage/status/1670055894804205568","1272847843603046401","xaxaiage"
"1669973765202247683","Sat Jun 17 07:42:26 +0000 2023","0","Kau budak intern kau ingat kau boleh ubah company tu dapat job juta2 waknat. Lain la kau anak sesuatu . Demand macam2 dengan keadaan sekarang yang dah kerja tetap pun gaji ciput ini kan budak intern Gen Z demand macam2 kefala fana dia.","1669973765202247683","","","in","Malaysia","0","0","0","https://x.com/rengokutrader/status/1669973765202247683","557469049","rengokutrader"
"1669945411728195584","Sat Jun 17 05:49:46 +0000 2023","0","Sapa kmren blg gen z ga becus kerjaa?! lihat mrk gen z yg bkerja smpe membuat millennial(saya) impressed dgn chemistry dan performance nya akan saya beri score 5/5 saat 1on1 nanti biar naik gaji!! https://t.co/FZYk83HRpN","1669945411728195584","https://pbs.twimg.com/ext_tw_video_thumb/1669515828684029953/pu/img/7HciTQKDxah8PgXj.jpg","","in","Kpop, jpop, asia centrist","0","1","0","https://x.com/itsagudeday/status/1669945411728195584","235859706","itsagudeday"
"1669878628635799556","Sat Jun 17 01:24:24 +0000 2023","0","Pembantu zaman skrg tuh perpaduan antara gadis desa dan Gen Z. Udh dibaikin kek apaan tau gaji sesuai pasaran eh pasti gak lama minta pulang. Ada ajaa alasannya dan kadang ga masuk akal. ","1669878628635799556","","","in","Jakarta Selatan, DKI Jakarta","0","0","0","https://x.com/yohsandy/status/1669878628635799556","60580809","yohsandy"
"1669700112183095297","Sat Jun 17 01:04:18 +0000 2023","0","@sultohn @worksfess professional kerja nya emang agak kurang kalo gen z sebatas kerja minta gaji tinggi tapi ga paham apa yg di kerjain ga paham maksud nya apa pernah dpt accounting gen z selisih pembukuan 1-10 jt it's ok lah ini di atas 100jt spaneng ga tuh kebanyakan gen z dikit2 resign","1669873571362140161","","sultohn","in","Indonesia","0","0","0","https://x.com/gforgea/status/1669873571362140161","1079557530936700928","gforgea"
"1669700112183095297","Fri Jun 16 14:41:00 +0000 2023","39","@worksfess ga memungkiri tp sbg gen z gue belajar dari pengalaman generasi atas dan gue gamau ngerasain yg sama. palugada gaji gak sepadan tanpa perkembangan karir? ya ogah. this isnt about kerja berdarah² kalo kita bisa work smart and result in the same ngapain harus berdarah darah?","1669716710872731648","","worksfess","in","","0","3","10","https://x.com/jakartainrain/status/1669716710872731648","1144538604812693504","jakartainrain"
"1668888416166232066","Wed Jun 14 07:49:39 +0000 2023","0","Punya temen kerja Gen Z emg bnyk gregetnya Bnyakin sabarnya walau hati dh hrs pgn huaaaaaa Pgnnya kerja lgsg enak gaji lgsg banyak Tp ngrjain tugas kerjaan salah muluuu","1668888416166232066","","","in","Kudus, Jawa tengah","0","0","0","https://x.com/RositaJN/status/1668888416166232066","411180286","RositaJN"
"1668508812930875393","Tue Jun 13 15:25:06 +0000 2023","0","@jogmfs knp ya jaman skrg org ud gaji 5-10jt tapi ga punya asuransi swasta pribadi ada rokok coba hidup balance deh rokok &amp; asuransi kesehatan. ud bnyk kan buktinya di luar sana hasil dr merokok dan atau ga punya asuransi itu gmn. yuk gen z &amp; millenials lebih sadar akan insurance ","1668640644380909568","","jogmfs","in","","0","0","0","https://x.com/rrockysuhendar/status/1668640644380909568","1655579052646838278","rrockysuhendar"
"1668567558331719680","Tue Jun 13 10:34:41 +0000 2023","0"," Gen Z Always Benak Tular Video Remaja 16 Tahun Show Off Gaji 1K Sehari Undang Kritikan Geng Dewasa https://t.co/8xnJ8t0V1V https://t.co/EuMVzEGFZO","1668567558331719680","https://pbs.twimg.com/media/FyfxWgTaIAE-voz.jpg","","in","","0","0","0","https://x.com/limbangon9/status/1668567558331719680","2483487168","limbangon9"
"1667148041353297921","Fri Jun 09 12:34:01 +0000 2023","0","Gen Z tolol. Slip gaji diumbar2","1667148041353297921","","","in","","0","0","0","https://x.com/andryyytm/status/1667148041353297921","1230632491","andryyytm"
"1666997852000894976","Fri Jun 09 02:37:13 +0000 2023","0","Walopun gaji segede apapun pasti punya tanggung jawab yg gede jg. Anak2 gen Z terlalu melihat nominal gaji. Tp etos kerja sangat kurang dan rasa bersyukur yg sangat kurang. Gaji gede tp tiap hr ngestarbak jg ttp kurang cuy","1666997852000894976","","","in","Indonesia","0","0","0","https://x.com/nisarifiani/status/1666997852000894976","55226653","nisarifiani"
"1664188790448222208","Thu Jun 01 17:03:37 +0000 2023","0","@worksfess yaolo bener2 ya fg gen z sekarang. yg dicari udah duit bukan ilmu dan pengalaman hahaha naikin dulu value lo biar lo bisa dapet gaji sesuai kemauan lo. ini kerja blm ada pengalaman udah minta gaji gila. no salty no saltu tp pola pikir kaya lo bikin gemes","1664316785485811712","","worksfess","in","from D to DK","0","0","0","https://x.com/simpananBOSmu/status/1664316785485811712","1400061113564164097","simpananBOSmu"
"1664301603753705474","Thu Jun 01 16:03:18 +0000 2023","0","hari hari bacain keluhan gen z kerja minta gaji segini segitu realitynya didunia kerja juga gitu gitu aje skillnya. skill oke jiwa mimpin dan tanggung jawabnnya kagak ada","1664301603753705474","","","in","Cursing and Cursing Everyday","0","0","0","https://x.com/kryxbby/status/1664301603753705474","1419412831","kryxbby"
"1663821641988849665","Wed May 31 08:53:52 +0000 2023","0","@MohdHakimII Kerajaan patut amek cakna dan tinggikan gaji minimum setinggi gaji pakwe gen z.","1663831145048600576","","MohdHakimII","in","","0","1","0","https://x.com/abdinsyakirin/status/1663831145048600576","482630636","abdinsyakirin"
"1663821641988849665","Wed May 31 08:52:57 +0000 2023","0","@abdinsyakirin Bagusnya bf gen Z memberi nafkah couple tinggi dari paras gaji minimum.","1663830915058122752","","abdinsyakirin","in","","0","1","0","https://x.com/MohdHakimII/status/1663830915058122752","599110542","MohdHakimII"
"1663342267657228288","Tue May 30 00:31:14 +0000 2023","0","Dulu zamannya gua intern di media gaji pertama gua 1 1jt tp entah anak gen z ini maunya paid intern digaji 1/2 dr kartap mana bawa2 almet pula. Herman","1663342267657228288","","","in","+62","0","0","0","https://x.com/yaudahlayadin/status/1663342267657228288","152171777","yaudahlayadin"
"1662804595960332288","Mon May 29 19:21:51 +0000 2023","0","@chnksht420 @GerryS @adityalesmana Yg saya maksud mental personalnya masing2 FG Kalau sudah terjun d dunia kerja Harus siap untuk masalah skill bisa diasah sambil jalan Kebanyakan gen Z mau enaknya saja Kerja ringan minta gaji gede","1663264407500234752","","chnksht420","in","Gresik, Indonesia","0","1","0","https://x.com/kentank2goreng/status/1663264407500234752","1262174260371443712","kentank2goreng"
"1662648642048790530","Sun May 28 13:47:45 +0000 2023","4","@worksfess waahh selamat nder padahal gen z gaji segitu kureng. tp kamu bahagia bangeettt jd ikut bahagiaaa patut ditiru nih sender buat gen z yg lain klo kerja gabisa langsung melesat dapet gaji gede semangat kerjanya ya nder semoga betah ","1662817939828150274","","worksfess","in","Disney ","0","0","0","https://x.com/soofan_/status/1662817939828150274","901714040166113280","soofan_"
"1662090782260727808","Fri May 26 13:38:17 +0000 2023","1","Sebab generasi ni belajar dari kesilapan millenials. Ramai sambung belajar bila kerja suasana kerja tak ngam ramai je yang berhenti buat kerja sendiri atau tukar bidang. Beza generasi dulu gaji kecik bos toxic pun bantai je kerja. Gen z ni selangkah kedepan lagi","1662090782260727808","","","in","Johor","0","0","0","https://x.com/IzzuddinSafuan/status/1662090782260727808","14969221","IzzuddinSafuan"
"1661618113627168770","Thu May 25 07:46:26 +0000 2023","0","@kegblgnunfaedh Sedikit share kmrn pernah interview dia gen Z udh nganggur arround 6month. Kita offer gaji UMR. Dengan target yg emang jobdesc dia nantinya. User udh Ok nih ternyata dia GA DATENG DONG. Alesannya mau cari yg lebih flexible waktu kerjanya. Wkwk. Mau kerja apa mau healing?","1661639847256416259","","kegblgnunfaedh","in","Japan","0","0","0","https://x.com/nellidesu/status/1661639847256416259","371336587","nellidesu"
"1661075798449872896","Wed May 24 09:43:12 +0000 2023","0","@convomfs 2 sisi loker indo: Di satu sisi nggoblok-goblokin gen z yang katanya cengeng lemah generasi gagal gak sopan dll. Di sisi lain gak Nerima pelamar usia 25-30 karena mereka udah berkeluarga (yang biasanya minta gaji lebih layak)","1661306844831420416","","convomfs","in","","0","0","0","https://x.com/zuidprinsen/status/1661306844831420416","1591969631832797184","zuidprinsen"
"1659932535005286400","Sat May 20 14:42:11 +0000 2023","0","Serius nanya itu gen z yg tiap weekend makan di cafe mahal aipong baru tiap rilis hura2 di club sm manteman selalu partisipasi si konser biar ga fomo kerjanya apa sik bingung wkwkwkwk tu gaji 600jt/bulan ape? Ngiri","1659932535005286400","","","in","Macintosh HD","0","0","0","https://x.com/ohohtama/status/1659932535005286400","42373736","ohohtama"
"1659029390741893120","Thu May 18 02:53:24 +0000 2023","11","Gen Z gaji UMR mau nabung sampe lambung luka juga gak bisa beli rumah","1659029390741893120","","","in","","0","2","1","https://x.com/ardi_tama1/status/1659029390741893120","382641814","ardi_tama1"
"1658705935475564544","Wed May 17 12:14:50 +0000 2023","10","@ariel_heryanto Pantes Sry Mulyani pernah bilang Anak2 Generasi Z dan gen milieal sulit beli rumah dan punya properti gaji anak gen Z dan milineal habis hanya untuk hal2 yg saya rasa ini semua kebutuhan tersier.","1658808290925772801","","ariel_heryanto","in","","0","0","0","https://x.com/nprb_/status/1658808290925772801","53582835","nprb_"
"1658671881522741249","Wed May 17 08:29:25 +0000 2023","2","@yd1vva46 @galaxyofgemini @calciumchloerid Sama kek boomer maruk beli property buat dijual lagi katanya buat investasi. Trus yg bagian beli gen z gaji umr padahal butuh banget rumah. Kira2 perumpamaanya sama kek gitu kali ya.","1658751564000153602","","yd1vva46","in","","0","1","0","https://x.com/Ririru63196995/status/1658751564000153602","1167341027234996224","Ririru63196995"
"1658654826308464640","Wed May 17 06:12:17 +0000 2023","0","@litbabysugar @sozis_kanpler @ewhkaris @tanyakanrl Kata siapeeee wkwkwkwkwk Kebanyakan gen z tu manja2. Minta gaji tinggi nol pengalaman","1658717051064815618","","","in","Rome, NY","0","1","0","https://x.com/pinkishgrass_/status/1658717051064815618","1095658889670868994","pinkishgrass_"
"1651395872922697729","Thu Apr 27 01:24:05 +0000 2023","0","@jogmfs Early 20 gen Z Besaran gaji beberapa kali lipat UMR diy Tabungan tuh sekitar 40% gaji 20% gaji dana darurat Gada rencana nikah krn gamau","1651396765659324417","","jogmfs","in","where to find u?","0","1","0","https://x.com/sarjanatrauma/status/1651396765659324417","399400160","sarjanatrauma"
"1650729779770056709","Wed Apr 26 08:55:15 +0000 2023","0","@yean_jean @GoDisko Gaji brpa pun Eiger ttp di hati bisa pakai ngantor dan naik gunung 5 tahun lebih pakai Eiger masih awet","1651147918991294464","","yean_jean","in","Engelberg, Switzerland","0","0","0","https://x.com/GenZ3T/status/1651147918991294464","1257249470623801345","GenZ3T"
"1651045794362060801","Wed Apr 26 04:20:29 +0000 2023","0","@18fesss Tiap gajian selalu abis jg keknya masuk red flag deh trus ibunya jg redflag. Dah lah leave nder WKWK. Ini bkn sebatas masalah nominal gaji dia dia g bs kelola duit ga konsisten nuntut hal yg dianya aja ga ngelakuin","1651078770118500352","","HumanGenZ","in","","0","0","0","https://x.com/HumanGenZ/status/1651078770118500352","1356123041432932354","HumanGenZ"
"1650329975185358848","Mon Apr 24 05:01:15 +0000 2023","0","@worksfess yang gaji 1 atau 2 digit belom mampu beli rumah mobil dsb karna duit gaji dibeliin buat tiket kongser nder. karna bahwasanya gen z duitnya abis buat konser","1650364256611860487","","worksfess","in","","0","0","0","https://x.com/popink_666/status/1650364256611860487","1525187481733599232","popink_666"
"1649610011352657920","Sat Apr 22 03:04:09 +0000 2023","0","Gen Z be like: *ga bole nanya soal pacar* *ga bole nanya kerja dimana* *ga bole nanya gaji* *ga bole nanya kapan nikah* *ga bole nanya kapan punya anak* : Dek? : Iya tante? : Btw adek tau ndak ... air kelapa itu tu masuknya dari mana ya?? Gitu kali ya ...","1649610011352657920","","","in","Blitar, Jawa Timur","0","0","0","https://x.com/nasir_noise/status/1649610011352657920","392786946","nasir_noise"
"1648530403337338882","Wed Apr 19 03:34:11 +0000 2023","1","Selera humor antar generasi itu beda mau boomer X milenial aplg ke gen Z. Aku nyadarnya jg d kantor ketika gap itu ketara bgt klo lg berinteraksi. Kyk becandaan masalah jodoh gaji bhkn menjurus ke tempat tidur aku aja yg milenial ndak bs terima jokes receh (sampah) klo","1648530403337338882","","","in","","0","1","0","https://x.com/2k80525/status/1648530403337338882","4848950326","2k80525"
"1648509529431379969","Wed Apr 19 02:11:14 +0000 2023","0","Jangan kaget apabila kerja dengan Gen Z (gak pati effort tpi merasa paling di pressure) gaji minta tinggi Dikit-dikit ngetweet sambat Gak semua sih","1648509529431379969","","","in","","0","0","0","https://x.com/albustomiiii/status/1648509529431379969","841145179","albustomiiii"
"1648182386365190148","Tue Apr 18 04:31:17 +0000 2023","0","Punya anak itu bukan pilihan tp dipilih Gen z okb atau menengah atas ngehe apalagi karyawan gaji mepet umr yang suka hina orang miskin yang anaknya banyak itu belum ngerasain aja sulitnya buat dapat anak Milih childfree mah bebas aborsi dan pingin punya anak itu beda soal","1648182386365190148","","","in","","0","0","0","https://x.com/about_ftp/status/1648182386365190148","126858795","about_ftp"
"1646883061878104064","Fri Apr 14 14:28:14 +0000 2023","0","serem amat dunia kerja wkwk kerjanya bareng gen z semua pula pokoknya kerja cuma mau enaknya doang mau gaji gede bonus gede tp challenge sedikit","1646883061878104064","","","in","","0","1","0","https://x.com/snnblume/status/1646883061878104064","1407031488","snnblume"
"1646711121204883456","Fri Apr 14 10:32:16 +0000 2023","0","@siomayikanenak @worksfess Iya mereka aja susah kebeli apalagi gen z coba gaji umr mengkis2 cukup aja udah bersyukur","1646823681719693314","","jaeminsiomay","in","","0","1","0","https://x.com/vyrlkkk26/status/1646823681719693314","1446078910781816833","vyrlkkk26"
"1646423727184269312","Fri Apr 14 05:21:21 +0000 2023","1","@detikcom @detiksumut_ Kayaknya sih ya untuk gen Z masa depan d negri konoha sdh suram apalagi d tambah dgn d sahkan ya Undang2 cipata kerja tampa ambyar masa depan anak2 negri ini.. Biaya luliah tambah mahal tamat kuliah gaji UMR dan biaya hidup makin tinggi sdh bagus emang kerja dan menetap d luar","1646745433736364033","","detikcom","in","Negri Yg Subur Dan Makmur","0","0","0","https://x.com/ukhtielya/status/1646745433736364033","1118818741570064384","ukhtielya"
"1645809783235309568","Wed Apr 12 02:51:20 +0000 2023","0","@TheUsopIbrahim Dia mcm gaji laki dia tetap sama komitment kena maintain sama. sbb next increment kena tambah dkt isteri . Ni sume Gen Z punya mindset? If Gen alpha nnt entah apa dia demand. gen Y xda mindset ni kn?","1645982907268476928","","TheUsopIbrahim","in","Kota Bharu, Kelantan","0","0","0","https://x.com/alfaizhilmi/status/1645982907268476928","1427704916","alfaizhilmi"
"1643602034082578434","Wed Apr 05 13:10:36 +0000 2023","0","Pada aku janna nick cakap tu betul. Dari aku teenage even until now im still hustling. Gen Z and millennial mmg xleh nk kje keras xleh kne torture they expect easy money. Dorang expect gaji 5K tapi nk kje 9-5PM pastu dpt weekend pastu dapat holiday oversea. WTF?","1643602034082578434","","","in","Malaysia","0","0","1","https://x.com/fiasophyII/status/1643602034082578434","835524283","fiasophyII"
"1643072094329241600","Tue Apr 04 05:05:21 +0000 2023","2","@glrhn Yah itulah gen z bang magang harus gaji setara umr dan engga boleh dikasih tupoksi kerja. Kalo dikasih beban kerja dikit langsung ngerasa kerja paling berat trus kalo udah diangkat pegawai tetap gajinya mau langsung 2 digit kalo engga jelek2in perusahaan deh di twitter","1643117528871469057","","glrhn","in","Nomaden","0","0","0","https://x.com/renutomoo/status/1643117528871469057","242284485","renutomoo"
"1641638949759373313","Fri Mar 31 03:10:00 +0000 2023","0","cw: gaji Guys disini ada yg kerja di Makassar? Kira2 range income utk gen z (13-22 th) ama gen y (23-32) itu berapa ya? work! https://t.co/TSgwWKAMNt","1641638949759373313","https://pbs.twimg.com/media/FshFFE6aMAQOv0W.jpg","","in","","0","1","0","https://x.com/worksfess/status/1641638949759373313","1244597361826885636","worksfess"
"1640627277594599425","Wed Mar 29 23:30:21 +0000 2023","7","@Indra_EMC @bgenkstatham @kompascom Sama persis kyk gaji Guru di pemda negara konoha dari atas udah cair sampai di pemda ditahan 3 bulan baru dibayar usut punya usut ternyata di depositoin dlu biar berbunga bunganya yg dimakan","1641221286490669061","","Indra_EMC","in","Engelberg, Switzerland","0","0","0","https://x.com/GenZ3T/status/1641221286490669061","1257249470623801345","GenZ3T"
"1619512334866862083","Sun Jan 29 08:45:53 +0000 2023","4","@worksfess Dan masih aja orang blg gen z generasi cengeng gawenya kutu loncat gak betahan bla bla bla. Lo liat kenyataannya skrg nyari kerja susah bgt. Hampir smua perusahaan nyari spek dewa gaji UMR dengan kontrak 1 thn:&gt; our gen have to face this shitty system made by that wise boomer.","1619617818408013825","","worksfess","in","","0","0","1","https://x.com/chaenderella/status/1619617818408013825","939312343913185280","chaenderella"
"1619605292622450688","Sun Jan 29 07:56:07 +0000 2023","0","Gen Z pengen buru2 career path-nya. Masih muda pengen cepet jadi manajer gaji 2 digit work life balance dst","1619605292622450688","","","in","Numenor, Mid Earth","0","0","0","https://x.com/beloudly/status/1619605292622450688","101450108","beloudly"
"1619528982227226625","Sun Jan 29 02:52:53 +0000 2023","0","Kasih ke anak 90an aja pada mau kok kerja gitu gaji gitu. Kalau gen z keknya ga mau itu krn ga wajar perbudakan.!!!","1619528982227226625","","","in","Kasihan","0","0","0","https://x.com/Adrasma/status/1619528982227226625","883656446","Adrasma"
"1618881636841705472","Fri Jan 27 08:00:34 +0000 2023","0","kalo ada pengusaha yg gaji dirinya sendiri 50-100 jt ? antara emang gen z goblok baru netes atau ya emang bego aja hahahahahaha","1618881636841705472","","","in","","0","0","0","https://x.com/jembudsss/status/1618881636841705472","105435288","jembudsss"
"1618089489108434944","Wed Jan 25 03:32:51 +0000 2023","0","Gen Z ngomongin gaji 2 digit Gen Z ngomongin pajak 3 digit ","1618089489108434944","","","in","Jakarta Capital Region","0","0","0","https://x.com/bernardls/status/1618089489108434944","57633317","bernardls"
"1617434084934037505","Mon Jan 23 08:08:30 +0000 2023","0","Gen z oo gen z mmg gen ne xbole trima pressure ka. Kerja mo senang ja tp gaji mo besar","1617434084934037505","","","in","","0","1","0","https://x.com/NurulSyafieqah8/status/1617434084934037505","1137936965842587648","NurulSyafieqah8"
"1616964888651517953","Mon Jan 23 00:28:34 +0000 2023","0","@Romiyuda_ @worksfess Dia ga ada beban cuy uda nikah dan bahagia bukanya insecure gaji belum 2 digit kek gen z ","1617318337616424960","","Romiyuda_","in","Malang","0","0","0","https://x.com/cheznaneski/status/1617318337616424960","182383278","cheznaneski"
"1616964888651517953","Sun Jan 22 06:35:46 +0000 2023","1","@FashionBabe157 @Khansayaang @kitty_gandalf @worksfess Nabung. Gaada cara praktis sisihin uang sebanyak2nya dan keluarkan uang sesedikit2nya. Hidup hematttt ga kayak gen z yg bilang gaji 6 jt ga cukup dll kasih makan gengsi kek utk perluas koneksi blablabla jg bikin gabisa nabung btw","1617048359285710848","","FashionBabe157","in","","0","2","0","https://x.com/lilwhitebroken/status/1617048359285710848","1303721904302206987","lilwhitebroken"
"1616659020403863558","Sat Jan 21 04:48:41 +0000 2023","0","Si hr dan user ini waktu nerima dia emang udah mastiin kah bahwa dia sanggup 5 artikel per hari? Artikelnya kek gimana? Yg butuh riset mendalam? Butuh wawancara? Kenapa bisa setuju naikin gaji si gen z ini?","1616659020403863558","","","in","","0","1","0","https://x.com/earth9200/status/1616659020403863558","846365437797445633","earth9200"
"1616314995985510402","Sat Jan 21 01:27:38 +0000 2023","0","@worksfess Sering2 k psikolog bosnya..sambil nyari solusi juga jaga kewarasan otak..ngadepin gen z susah2 gampang..itulah kerjaan leader krn lu d gaji gede..w jg punya downline gen z semua freshgrad dan pindah unit dr yg bkn bidang dia..komit bareng bahwa kita sdg BELAJAR..","1616608424070123521","","worksfess","in","","0","0","0","https://x.com/DobleU8808/status/1616608424070123521","1606253363980828672","DobleU8808"
"1616314995985510402","Fri Jan 20 23:50:25 +0000 2023","2","@isenggantinama @worksfess tapi si gen z ini gaji pengen disamain sama 2 orang yg udah berpengalaman. 2 orang itu juga punya task dan deadline sama tapi gak bermasalah. malahan kena imbas musti back up gawean si gen z jadinya ","1616583958627749888","","isenggantinama","in","Nazarick","0","0","0","https://x.com/fauzi_kun/status/1616583958627749888","522040819","fauzi_kun"
"1616556903055740954","Fri Jan 20 22:04:52 +0000 2023","3","Kenapa ya orang tu ngerasa entitled utk ngamuk2 ama freshgrad atau gen Z pdhl dia kl ngasi kerjaan ama gaji juga ga pake kebijaksanaan dan keadilan","1616557396494815232","","rikirikian","in","Helsinki, Finland","0","1","0","https://x.com/rikirikian/status/1616557396494815232","148292734","rikirikian"
"1616314995985510402","Fri Jan 20 16:29:24 +0000 2023","0","@worksfess Ini yang gw rasain sekarang gen z ini bener2 tobat gw ngadepin nya kerjaan gak beres di nasehatin ngebantah sering gak masuk males mau nya gaji full terus kayak yang senior bgsat emang. Tau diri dikit ngapa dah? Emosi bat gw","1616472974928007168","","worksfess","in","Everywhere","0","0","0","https://x.com/linlidya/status/1616472974928007168","283506276","linlidya"
"1616314995985510402","Fri Jan 20 14:55:52 +0000 2023","0","@worksfess tuntutan 5 artikel sehari itu mayan sadis sih tapi ini fg sableng selain ngejelekin reputasi gen z lu juga ngejelekin reputasi orang dengan mental illness ya anjing kalo lu merasa beban ya negosiasi bukan main kabur aja mana pake nuntut gaji alah kmpret","1616449436514910214","","worksfess","in","世界という地獄","0","0","0","https://x.com/rysanthel/status/1616449436514910214","105747960","rysanthel"
"1615530921662500866","Wed Jan 18 23:52:15 +0000 2023","1","@worksfess Coba tanya ke diri sendiri dulu bisa ga ya gw kuat dgn job desc kek gitu dan gaji segitu? atau kalo gw begini temen gw oke ga ya? Belajar jgn judge gen z begini gen z begitu krn generasi lain jg ya sama aja. Balik lg ke orgnya.","1615859647604457472","","worksfess","in","Jakarta Capital Region, Indone","0","0","0","https://x.com/_vauste/status/1615859647604457472","1017007737836748800","_vauste"
"1615691209644834816","Wed Jan 18 23:09:58 +0000 2023","147","@Fadlyas2 @4jenou @angewwie Bukan digaji selangit kak tp gaji itu udah ada standarnya makanya pemerintah tiap tahun bikin list upah minimum. Tp kebanyakan jangankan fg non fg aja bahkan ga dpt upah minimum. Gue bukan gen z tp emang zaman skrg tuh dunia kerja makin miris.","1615849005342404608","","Fadlyas2","in","","0","4","1","https://x.com/ginnyohgini/status/1615849005342404608","1476733025274634247","ginnyohgini"
"1615239337184223233","Wed Jan 18 19:24:51 +0000 2023","0","@revinavt_ GW gen Z tapi gw juga bingung sm orang yang milih kerja sesuai passion tapi mau langsung kerja enak gaji gede. Dan laki trus mendambakan hidup tenang bisa healing /jalan . Aneh kadang gw juga sm temen- temen gw padahal nyari kerja susah MasyaAllah ","1615792354358857729","","revinavt_","in","tanggerang","0","0","0","https://x.com/MonicaHerdila/status/1615792354358857729","2380281692","MonicaHerdila"
"1615239337184223233","Wed Jan 18 17:03:55 +0000 2023","157","@revinavt_ Lu sanggup gaji berapa emgnya dgn requirement produce konten sebanyak itu? Gausa ngeluh2 gen z ga becus lo aja kali yg ga mampu bayar banyak KOL mangkanya nyari celah pake part-time","1615756887185846273","","revinavt_","in","","1","0","15","https://x.com/gardenofsorrow_/status/1615756887185846273","1343084351886483457","gardenofsorrow_"
"1615734390243614723","Wed Jan 18 15:41:02 +0000 2023","0","@tomyumanget Fafifuwasweswos soal karakter gen z tapi kalo gak ngasih jobdesc dan gaji yang worthy ya sama aja romusha sih‍️","1615736028727480320","","tomyumanget","in","Gotham & Old Trafford","0","0","0","https://x.com/adnardn/status/1615736028727480320","59987088","adnardn"
"1615721906233290755","Wed Jan 18 14:44:58 +0000 2023","0","Jadi kalo mbak nya nawarin kerja ke gen z trus dia cabut berarti emg perusahaan lo gaada value nya bagi gen z. Gaji engga contentment gaada stress iya. Rest my case.","1615721917960564736","","runic0dds","in","ID","0","0","0","https://x.com/runic0dds/status/1615721917960564736","304408377","runic0dds"
"1615721906233290755","Wed Jan 18 14:44:55 +0000 2023","0","Jadi gini mbak yg gue liat gen z itu banyak yg rasional. Orang abis dpt gaji trus kabur artinya ga puas kerja disitu. Ga puas gimana? Pertimbangan gen z rerata gue liat temen gue bukan cari gaji terutama &amp; emg ga punya loyalitas tinggi.","1615721906233290755","","","in","ID","0","1","0","https://x.com/runic0dds/status/1615721906233290755","304408377","runic0dds"
"1615239337184223233","Wed Jan 18 14:04:40 +0000 2023","1","@revinavt_ Pernah dong sudah konfirm diterima jadi karyawan diijinkan minta waktu kuliah online gaji sepakat. Eh pas besoknya mesti mulai si gen Z kirim WA mengundurkan diri krn baru dapat jadwal kuliah dan bentrok dg jam kerja. Kalo masih kuliah padet ya jangan lamar kerjaan Tong","1615711776582303746","","revinavt_","in","a nice place to hide","0","0","0","https://x.com/lu_lu_cute/status/1615711776582303746","150678497","lu_lu_cute"
"1615710320340893698","Wed Jan 18 13:58:53 +0000 2023","0","LITERALLY BINGUNG SAMA GEN Z. GEN Y DIKASI GAJI SESUAI EKSPEKTASI AKAN BERJUANG GIMANA CARANYA BS BERTAHAN MINIMAL BERTAHAN PROMOSI URUSAN BELAKANGAN. GEN Z? TBTB RESIGN ON THE SPOT!! HATS-OFF PGN GUE GAMPAR MKSDNYA ","1615710320340893698","","","in","Jakarta Capital Region","0","0","0","https://x.com/iamyoel_/status/1615710320340893698","80328090","iamyoel_"
"1615239337184223233","Wed Jan 18 13:29:46 +0000 2023","0","@revinavt_ Gue sebagai gen z mengakui hal itu saat gue kerja pertamakali dengan gaji dibawah umr banyak dijulidin","1615702991075696641","","revinavt_","in","","0","0","0","https://x.com/Aniffauziah_/status/1615702991075696641","2491335799","Aniffauziah_"
"1615239337184223233","Wed Jan 18 12:18:00 +0000 2023","0","@revinavt_ gua juga gen Z tapi pas sebelumnya kerja emang digaji under umr kota d bdg tapi alhamdulillah sekarang side job jaga toko koprasi kopassus lumayan buat jajan² yang notabennya ga jauh dari gaji waktu kerja pertama kali dan beban kerja sesuai. Ini emang sendernya lagi apes aja","1615684933233836033","","revinavt_","in","","0","0","0","https://x.com/opixygen/status/1615684933233836033","1104523964406149120","opixygen"
"1615239337184223233","Wed Jan 18 12:02:11 +0000 2023","0","@revinavt_ Same here used to worked with Gen Z di treat baik di cariin gaji bulanan eh di tinggal begitu saja pake ngejelek2in pula padahal udah dikasih solusi win-win not all of them like that but most yes","1615680950767345670","","revinavt_","in","","0","0","0","https://x.com/TimurWota/status/1615680950767345670","1300068655770644485","TimurWota"
"1615607488698802177","Wed Jan 18 11:54:05 +0000 2023","0","@AlvChrist yg pnting mah ngatain gen z dulu hdhh tebak gaji","1615678914315300864","","AlvChrist","in","bkerja di pt mncari cnta sjati","0","0","0","https://x.com/cutiepaylater/status/1615678914315300864","1365306722714226692","cutiepaylater"
"1615239337184223233","Wed Jan 18 08:52:16 +0000 2023","6","@revinavt_ Ga semua gen z jelek. Tp emg generasi ini unik Sulit utk fokus &amp; sabar sm proses apalg capai target krn idup di jaman serba instant. Maunya gampang &amp; comfort buat dirinya. Susah minta maaf &amp; selalu merasa berhak . Padahal gue yg gaji tp gue yg ga enak. Hehe ","1615633159332466688","","revinavt_","in","","0","1","1","https://x.com/csdris/status/1615633159332466688","1383696155066863622","csdris"
"1615626194254458880","Wed Jan 18 08:24:36 +0000 2023","1","Gen Z itu gak butuh gaji layak mereka butuh diiyain aja teus bilang makasih ke mereka gak apa2 ngelunjak yg penting bisa digaji murah Pengalaman","1615626194254458880","","","in","","1","0","0","https://x.com/TTermada/status/1615626194254458880","1344228600002723840","TTermada"
"1609900162264236032","Mon Jan 02 13:11:23 +0000 2023","0","2023 - harapan bahawa gaji fresh grad new worker diselaraskan berdasar tahap kelayakan pendidikan. Even though majikan merungut mengatakan fresh grad no experience but malaysian economic never say that !! As a gen Z we truely suffer due to rising economic opr and so on","1609900162264236032","","","in","","0","0","0","https://x.com/Quoteforlyfees/status/1609900162264236032","1559475930015625216","Quoteforlyfees"
"1607666237311705089","Tue Dec 27 09:14:34 +0000 2022","2","VIDEO: Bukan Gaji Gen Z Pilih Ini Saat Kerja https://t.co/qtWclq8Cr1","1607666237311705089","","","in","Jakarta","0","0","0","https://x.com/liputan6dotcom/status/1607666237311705089","47596019","liputan6dotcom"
"1607344124608548869","Mon Dec 26 11:54:36 +0000 2022","0","Alasan gen Z tidak bisa punya rumah sendiri bukan karena gaji UMR tapi karena aset tanahnya di beli Mixue semua.","1607344124608548869","","","in","","0","0","0","https://x.com/tsumitobachi_/status/1607344124608548869","3325335252","tsumitobachi_"
"1606380242196697099","Fri Dec 23 20:13:13 +0000 2022","0","Mana gaji masih banyak yg dibawah UMP ya makin males lah millenial sama gen z kebawah buat segera nikah WKWKWKWK Zaman udah berubah prinsip banyak anak banyak rezeki jadi gak berlaku lagi. Kalau emang prinsipnya masih berlaku ngapain pemerintah galakkin program KB?","1606382441043988480","","eliseclorence","in","agak mepet Jakarta","0","0","0","https://x.com/eliseclorence/status/1606382441043988480","260731804","eliseclorence"
"1605556877219074049","Wed Dec 21 13:32:43 +0000 2022","1","Aku yg tahu semua gaji ni pun xrasa nak expose. Please la gen Z don t discuss ur salary/benefit with ur colleagues","1605556877219074049","","","in","Malaysia","0","0","0","https://x.com/najiha_aqila/status/1605556877219074049","3146487543","najiha_aqila"
"1605116961322672129","Tue Dec 20 09:03:38 +0000 2022","2","@paviastrevi @oddashell @worksfess Lebih baik dapet gaji Rp5.000.000/bulan daripada Z$ 5.000.000/bulan","1605126768490602497","","vinnynitya","in","Indonesia","0","1","0","https://x.com/lucubgtygy/status/1605126768490602497","1572828746922729473","lucubgtygy"
"1603743738311819264","Fri Dec 16 13:32:27 +0000 2022","0","Anak milenial &amp; gen Z itu resistence-nya nggak sekuat boomer boomer itu rela tiap hari macet-macetan jkt-bogor berangkat shubuh-pulang malem bertahun tahun mungkin 10 tahun lebih. Gaji kecil kerjaan bosenin tapi ya hidup tuh begitu..","1603744866847969281","","BegadangPagi","in","Tangerang, Indonesia","0","1","0","https://x.com/BegadangPagi/status/1603744866847969281","1719157729","BegadangPagi"
"1603562013019369475","Fri Dec 16 01:36:45 +0000 2022","0","@sbyfess Semoga km bukan kyk anak gen Z kebanyakan ngalah itu bukan berarti kalah mengerjakan yg bukan jobdesk selama masih rasional itu bisa jadi upgrade diri dan bisa jadi nilai tambah kalau mau promosi jabatan. Selama gaji msh sesuai dan dekat dengan rumah boleh diperbesar sabarnya.","1603564755918000129","","sbyfess","in","location unknown","0","0","0","https://x.com/nyetmooo/status/1603564755918000129","1137306941607141377","nyetmooo"
"1603375288989421568","Thu Dec 15 13:03:52 +0000 2022","1","gen z maunya kerja nyantai bahkan rebahan tapi gaji atau income gede","1603375288989421568","","","in","","0","0","0","https://x.com/akbarbaikk/status/1603375288989421568","1312032592821055489","akbarbaikk"
"1603264441575170048","Thu Dec 15 05:43:24 +0000 2022","0","Salah satu kenapa banyak gen Z jadi kutu loncat karena pengen cepet2 punya gaji dua digit ini efek dari flexing sosial media sih.","1603264441575170048","","","in","","0","0","0","https://x.com/Sarjanakpu2/status/1603264441575170048","4738465226","Sarjanakpu2"
"1602674048751714304","Wed Dec 14 08:14:24 +0000 2022","38","@rahayukikinw @txtdrakuntansi @txtdrlinkediin Bener ini yg ditulis krna ga semua orang bisa dapat kantor yg nyaman (gaji dan fasilitas) serta pengembangan karyawan baik realita faktornya PHK kontrak tidak diperpanjang kantor pailit kebakaran huru-hara banjir bandang gempa bumi ..","1602940054116372480","","kikinarahayu","in","Engelberg, Switzerland","0","1","0","https://x.com/GenZ3T/status/1602940054116372480","1257249470623801345","GenZ3T"
"1602544716251246593","Wed Dec 14 01:12:25 +0000 2022","0","@JagalMedia @hwanggya @Guru_PNS @Poconggg Balik lagi realita nya Gaji dan Honornya cukup atau tidak? Faktanya tidak","1602833857191227397","","JagalMedia","in","Engelberg, Switzerland","0","0","0","https://x.com/GenZ3T/status/1602833857191227397","1257249470623801345","GenZ3T"
"1602671791268564997","Tue Dec 13 14:28:25 +0000 2022","0","Ada apa sih dgn sebagian besar anak2 gen Z attitude kok kyk bnyk yg kureng . Ga ada sungkan2nya sama Bos blm sebln kerja ga kerasan minta pindah blm apaan tiba2 nentuin sndri lokasi kerja pdhl udah di suruh tunggu pas di panggil pake minta naik gaji ","1602671791268564997","","","in","","0","0","0","https://x.com/shasacewegagah/status/1602671791268564997","71725199","shasacewegagah"
"1602304420036739072","Mon Dec 12 14:08:37 +0000 2022","0","gue bkn gen z yg gaji 2 digit oriented tp kyknya gue paham knp mrk mikir kyk gini. soalnya gue hampir tiap hari ditanya kok km ga masuk bank aja gajinya gede loh harus masuk BI staff aja gajinya bisa 2 digit kerja media kecil gajinya jgn lama disana DIEM SIH GOBLOK","1602304420036739072","","","in","","0","1","1","https://x.com/nessassarry_/status/1602304420036739072","1397024694","nessassarry_"
"1601970069235728385","Mon Dec 12 06:50:00 +0000 2022","0","@hallonabella @tanyarlfes Onok ae tingkah gen z. Gaji 1 digit ae mengkis2 iki golek e","1602194038068809728","","hybelllls","in","Banyuwangi - Malang Te Amo ♡","0","1","0","https://x.com/silvinkrtkas/status/1602194038068809728","975094387","silvinkrtkas"
"1602166187164831744","Mon Dec 12 04:59:20 +0000 2022","0","Cara pencari loker menarik minat gen Z: Gaji tinggi tunjangan besar Bisa kerja sambil rebahan ","1602166187164831744","","","in","","0","0","0","https://x.com/jakrujak/status/1602166187164831744","1363511374286970882","jakrujak"
"1601970069235728385","Sun Dec 11 20:59:29 +0000 2022","0","@tanyarlfes bocil gen Z gini amat astaga pemikirannya gaji jadi redflag gw penasaran cewek model gimana yg nulis pengen suami yg bergaji 2digit ini. secantik apa dan sepantas apa sampe sampe brani ngebacot gini semoga masnya dapet jodoh cewek lain deh justru elu yg langsung jadi redflag","1602045427091922944","","tanyarlfes","in","","0","0","0","https://x.com/DeadHeatD/status/1602045427091922944","1137153038022348802","DeadHeatD"
"1601939094904668162","Sun Dec 11 13:56:57 +0000 2022","0","Kocak nih Gen Z yg udah nikah terus an pake alesan urus anak lah nganter istri lah... Gue ga peduli ya dg rumah tangga lu kalo lu telat dg alasan urus rumtang lu sama aja lu anggep MEREKA NGEBEBANIN? Dikasih enak hari kerja di kurangin gaji full masih aja alesan.","1601939094904668162","","","in","Valheim","0","1","0","https://x.com/unsaintedperson/status/1601939094904668162","90870447","unsaintedperson"
"1601408910032003072","Sat Dec 10 02:50:11 +0000 2022","0","Banyak industry keras kepala taknk naik gaji fresh grad.gen Z taknk amik gaji kecil.. sudahnya millennials kena buat kerja lebih sebab workers tak cukup..","1601408910032003072","","","in","malaysia","0","0","0","https://x.com/xFdilJfri/status/1601408910032003072","534347733","xFdilJfri"
"1601140851417444352","Sat Dec 10 01:52:47 +0000 2022","1","@tanyakanrl anak gen z yg baru fresh graduate dom jekardah masih ajaaaa ngeluh teman ak f24 kerja udah jadi menejer. ak msih staff dgn gaji hampir 2 digit. gmn yeaa tolong liat. LIAT.","1601394466308657152","","tanyakanrl","in","Kota Surabaya, Jawa Timur","0","0","0","https://x.com/dinidpl/status/1601394466308657152","288668810","dinidpl"
"1601165898240647168","Fri Dec 09 10:44:33 +0000 2022","0","Cara Gampang Budgeting Gaji Untuk Milenial dan Gen Z Baca Selengkapnya : https://t.co/xNhoz2j55a","1601165898240647168","","","in","Jakarta Timur, DKI Jakarta","0","0","0","https://x.com/milenianews_/status/1601165898240647168","1361585153357737985","milenianews_"
"1600145817477603331","Wed Dec 07 15:35:16 +0000 2022","0","@worksfess Gue kasih tau ya lo gaji guru honorer yg udah kerja lebih dari 2 tahun berpengalaman 3 tahun lebih. Dan lo tau gajinya? Ga nyampe umr jogja. Umr jogja lo tau brapa? Gue harap lu gen z diem gausah banyak ngeluh. Bersyukur.","1600514284605300737","","worksfess","in","Kota Surabaya, Jawa Timur","0","0","0","https://x.com/dinidpl/status/1600514284605300737","288668810","dinidpl"
"1600145817477603331","Wed Dec 07 07:22:35 +0000 2022","0","@worksfess Anak gen z kayaknya mandang jabatan banget ya? Aku dan temen² justru malah bodo amat sama jabatan yg penting gaji besar kerjaan sesuai tanggungjawabnya nya enak gak terlalu berat yg penting isi rek tiap bulan bisa nambah atau /thn bisa ditarget.","1600390296344309761","","worksfess","in","Sleman, Indonesia","0","0","0","https://x.com/egac_oktavelia_/status/1600390296344309761","2997716562","egac_oktavelia_"
"1600145817477603331","Wed Dec 07 00:29:13 +0000 2022","44","@D00WAB @worksfess Gue gen z tp gue realistis baru lulus 2 thn aja udh minta level top level management aja udh gangotak minta gaji gede tp feedback nol. Dikit2 insekur tai anjing tp gamau berkembang aduh","1600286270915153921","","","in","","0","0","1","https://x.com/cagitudeh/status/1600286270915153921","1538096888855281664","cagitudeh"
"1599757992437895169","Mon Dec 05 14:27:01 +0000 2022","0","@luminouSciros @withoutchy @KuningNash @worksfess Bener bgt. Aku tinggal di jkt pusat gaji umr bisa saving 1.5-2jt/bulan apalagi kalo gaji 2 digit seharusnya udah punya apart sih.","1599772336034836485","","luminouSciros","in","Indonesia","0","0","0","https://x.com/lucubgtygy/status/1599772336034836485","1572828746922729473","lucubgtygy"
"1599763274920525828","Mon Dec 05 13:51:01 +0000 2022","0","Rang2 ini pada kenapa sih gaji 15jt tapi meraza kurang bilang hidup dah sederhana. Ga ngerti sama gen Z gaji 15 jt tinggal sendiri masig aja berasa kurang @marimassachet","1599763274920525828","","","in","Bogor, Jawa Barat","0","1","0","https://x.com/sudiandoyoVaVic/status/1599763274920525828","238964448","sudiandoyoVaVic"
"1598693356334641153","Fri Dec 02 15:14:08 +0000 2022","3","@localrkyt Penat dengan setengah gen z yg masok keje terus nak gaji SM padahal experience pun takde. Bila dah bagi kerja dia on off pulak.","1598697026249969664","","localrkyt","in","","0","0","0","https://x.com/txhyungvi/status/1598697026249969664","394419334","txhyungvi"
"1598119657877123072","Thu Dec 01 00:59:52 +0000 2022","0","selamat pagi generasi millenial dan gen z yang lagi mungkin overwhelming sama keinginan bos atau keinginan sendiri tapi gaji kemarin kayak cuma fatamorgana https://t.co/8Icf7zIDyp","1598119657877123072","https://pbs.twimg.com/media/Fi2pWzdVQAAUFEn.jpg","","in","Local 🔞 NSFW ","0","2","1","https://x.com/DAVIKAexp/status/1598119657877123072","1584009912459239424","DAVIKAexp"
"1596000844176326656","Fri Nov 25 09:27:50 +0000 2022","0","@muhamadhariz_ Tulah pasal. If budak tu Gen Z maybe boleh begrudgingly maafkan but if millenials and above mmg patut kena pelangkung. Dasar lupa sejarah betul.","1596073162147794945","","muhamadhariz_","in","Malaysia","0","0","0","https://x.com/yuffiesilver/status/1596073162147794945","1562079317534068736","yuffiesilver"
"1595917180872232960","Thu Nov 24 23:08:01 +0000 2022","17","Ane beberapa kali ditawarin kerja di Qatar offshore. Kalo bukan masalah kesehatan udah ane ambil. Gaji per bulan yang ditawarin range-nya mulai 5 kali lipat gaji gen Z di SCBD per semester. Fasilitasnya pun nggak kalah mantep.","1595917180872232960","","","in","Riviere","0","2","6","https://x.com/MireinaRiviere/status/1595917180872232960","801836522","MireinaRiviere"
"1593906753070338048","Sat Nov 19 12:33:08 +0000 2022","6","@hrdbacot Pengalaman kedai coffee sebelum pandemi Kita latih ada skill eh dibajak. Cari orang baru kerja 3 hari eh mau kasbon . Cari yg ber skill mau gaji gede OK ditargetin sehari omset 5 jt. Lewat target gaji potong 50 % no excuse eh manyun Gen Z memang udah kaya zombie","1593945469419368453","","Margacu1","in","","1","0","0","https://x.com/Margacu1/status/1593945469419368453","1367029833675337731","Margacu1"
"1593031968458842113","Thu Nov 17 04:20:47 +0000 2022","4","@notyouradvisor @tanyarlfes Bener. Hitungannya nih misalnya tabungan 69jt tanggungan 6 orang utang 500jt tenor 1 tahun dengan gaji bulanan 10jt. Better mikir2 lagi sih kalo mau langsung nikah.","1593096788256653312","","notyouradvisor","in","Indonesia","0","0","0","https://x.com/lucubgtygy/status/1593096788256653312","1572828746922729473","lucubgtygy"
"1592475317591244802","Wed Nov 16 08:49:42 +0000 2022","0","@edlehzn Kerja 10jam seminggu minta gaji 7k dasar gen z ","1592802077897502720","","edlehzn","in","Kuala Lumpur","0","2","0","https://x.com/_AfzalKhan95/status/1592802077897502720","1302568957346377728","_AfzalKhan95"
"1590943463033700353","Fri Nov 11 05:44:14 +0000 2022","0","no but minseo is peak gen z kerja di startap jobdescnya bikin keleyengan producing directing editing sama jadi videographer kalo kata gue gaji minseo dinaikin sih","1590943463033700353","","","in","","0","0","0","https://x.com/zziral_ma/status/1590943463033700353","812089890510753792","zziral_ma"
"1590395934160322561","Wed Nov 09 17:28:33 +0000 2022","0","gaji makassar 4-6 juta ???. dimana yahh ??? ini Gen Z mana ?","1590395934160322561","","","in","Jakarta Timur, DKI Jakarta","0","0","0","https://x.com/daengdim/status/1590395934160322561","721426710","daengdim"
"1589814219612225538","Tue Nov 08 02:57:01 +0000 2022","0","gaji umr gacukup bro buat gen z apalagi pas akhir tahun banyak agenda konser. blom lg subscribtion (youtube spotify netflix onlyfans trakteer private grup telegram) ","1589814219612225538","","","in","","0","2","0","https://x.com/erlanggacor/status/1589814219612225538","3191976169","erlanggacor"
"1588136456995844096","Fri Nov 04 09:50:22 +0000 2022","10","@Tampandanbrni @_hanssa @biazazaja @Ryan_Saharaa @Puthutea Yok mulai sarankan brenti ngerokok ke keluarga dkt. Bisa? Berani? Trus coba liat Gen Z yg lulus sarjana dpt kerja. Gaji pertama? Upgrade merk rokok.","1588468690118266880","","Tampandanbrni","in","Nigirikirtigimi ","0","1","0","https://x.com/uni_asik/status/1588468690118266880","1470741842635284481","uni_asik"
"1588063433722937344","Thu Nov 03 07:00:02 +0000 2022","0","Jaman skrng semua serba mahal dngn gaji yng masih umr apa bisa punya rumah? Jawabannya bisa dong pak ET lg buat program hunian terjangkai dimana ngebuat rumah milenial dan gen z yg harganya pas di kantong insyaallah. Top deh @erickthohir ET Hunian Gen-Z #RumahMilenial https://t.co/I61bEEohyc","1588063433722937344","https://pbs.twimg.com/media/Fgnhqg2UoAAz8EH.jpg","","in","","0","0","0","https://x.com/Jejemaryam11/status/1588063433722937344","1318067758026747904","Jejemaryam11"
"1587703186873147393","Thu Nov 03 02:46:23 +0000 2022","0","@worksfess Nder itu seriusan gaji satu bulan? Ga manusiawi bgttttt Saran aku mending km cari sekolah swasta yg kaya nder atau gmn gitu pokoknya jangan sekolah yg gajinya dikit bgt gitu ","1587999604356059136","","worksfess","in","Indonesia","0","0","0","https://x.com/lucubgtygy/status/1587999604356059136","1572828746922729473","lucubgtygy"
"1587787468203765760","Wed Nov 02 12:47:20 +0000 2022","0","Ini aku yg udah Sp aja masih pusing gimana cara bisa punya tempat tinggal sendiri gimana gen milenial atau gen Z yg gaji UMR. ","1587788448177745922","","hikaridee","in","","0","1","0","https://x.com/hikaridee/status/1587788448177745922","79722195","hikaridee"
"1587418454763933696","Tue Nov 01 14:39:07 +0000 2022","15","Tawaran naik jabatan ditolaknya imbalan tak sebanding dengan tanggung jawab. Ia tak terlalu peduli dengan jenjang karier baginya work-life balance yang terpenting. Gaji habis untuk melunasi cicilan kiranya tak jauh berbeda dengan Gen Z di Jakarta. https://t.co/5r34sie2WB https://t.co/ujZkp8iYBX","1587454192087859201","https://pbs.twimg.com/media/FgfFK9caUAAC6FI.jpg","projectm_org","in","Indonesia","0","1","6","https://x.com/projectm_org/status/1587454192087859201","1369663239718465538","projectm_org"
"1587095946285830146","Mon Oct 31 14:55:35 +0000 2022","1","Gen boomer ini emang syulit ya merubah pov nya. Pokoknya pov mereka itu kerja; nine to five baju kantoran terima gaji setiap bulan. Itu baru kerja. Dahal mah gen z udh pd pinter nyari wang tanpa perlu terlihat kerja. Tapi ya gimana yaaa. Syulit deh pokoknya","1587095946285830146","","","in","Depok, Indonesia","0","0","0","https://x.com/Dewyxz_/status/1587095946285830146","1173296828055293952","Dewyxz_"
"1586540123889729536","Sun Oct 30 02:06:56 +0000 2022","2","Im one of those gen z yang kuat melawan if I dont get my rights. Ada benda boleh fight ada benda tak boleh. If there s no OT paid what rights do seniors have to ask me to work overtime? Dorg nak kerja lebih lebih tapi gaji dibayar 9-6pm silakan. Saya gerak dulu ciao","1586540123889729536","","","in","","0","0","3","https://x.com/thiwah_/status/1586540123889729536","231457413","thiwah_"
"1586382167038656512","Sat Oct 29 15:39:16 +0000 2022","0","3 tahun gaji lu segitu aja padahal royalitas tanpa batas emng bener gen z kerja seperlunya aja setan banget di manfaatin perusahaan sialan","1586382167038656512","","","in","","0","0","0","https://x.com/ipmxnn/status/1586382167038656512","1569795374516424704","ipmxnn"
"1586371956835639297","Sat Oct 29 15:00:46 +0000 2022","2","Benda ni tak perlu berjanji bila menang akan buat sesuatu negeri yang tak bubar DUN boleh buat malam ni jugak tindakan halang benda ni. Perubahan iklim kos sara hidup (gaji rendah takde kerja rumah mahal) semua ni Millenials adan Gen Z la akan hadap dan terus hadap.","1586372477793411073","","sicfallacy","in","Kenduri Teh Gila","0","1","3","https://x.com/sicfallacy/status/1586372477793411073","580717077","sicfallacy"
"1585601282047283200","Thu Oct 27 15:44:27 +0000 2022","0","@renjuncitayam IYAKAN!!! TEKANAN DARI BERBAGAI PENJURU SISTT HAHAHAH gaji ga seberapa blm lagi tekanan kerja tekanan keluarga tekanan gaya hidup tekanan ditanya kapan nikah kerja dimana kapan punya anak dan segala titik bengeknya. DUHHH GABISA BAYANGIN!! GUE GABISA IKUT CULTURE GEN Z","1585658692707356672","","renjuncitayam","in","","0","1","0","https://x.com/kecntol/status/1585658692707356672","1311620079704920064","kecntol"
"1585222397447151621","Thu Oct 27 11:47:14 +0000 2022","0","@CityJaxk @collegemenfess pas liat ini gen Z g ada yg mau jd dosen apalagi influencer muda pada flexing gaji 2-3 digit ","1585598995031654401","","CityJaxk","in","","0","0","0","https://x.com/fizfun/status/1585598995031654401","2321574679","fizfun"
"1585324690188271617","Thu Oct 27 00:38:44 +0000 2022","0","@worksfess Ini dream aku bgt... tapi bedanya gw sandwich gen. Gaji sgitu gw bisanya cuma nabung dkit doang","1585430761666097152","","worksfess","in","DKI Jakarta, Indonesia","0","0","0","https://x.com/w2kth95/status/1585430761666097152","891470672429318144","w2kth95"
"1585093392450600960","Wed Oct 26 02:18:09 +0000 2022","0","Bukan Gaji Ini Jadi Aspek Utama Gen Z dalam Memilih Tempat Kerja #BCA #BRI #gaji #GenZ #JenjangKarir #MarkPlus #TempatKerja https://t.co/GNDq2GiA81 https://t.co/rBYcgAdSA8","1585093392450600960","https://pbs.twimg.com/media/Ff9iClOXwAE7E9g.jpg","","in","Bali","0","0","0","https://x.com/Baliportal_news/status/1585093392450600960","1502906711966830595","Baliportal_news"
"1585081278247731202","Wed Oct 26 01:30:00 +0000 2022","5","Beberapa faktor yang menjadi alasan utama Gen Z dalam memilih tempat kerja di antaranya: Jenjang karir benefit lainnya (asuransi training &amp; sertifikasi) lingkungan kerja yang sehat besarnya gaji &amp; kapabilitas diri sendiri. https://t.co/YHYChK9Y3q","1585081278247731202","","","in","Indonesia","0","0","3","https://x.com/TirtoID/status/1585081278247731202","4187275698","TirtoID"
"1583033888058011648","Thu Oct 20 16:05:16 +0000 2022","1","@whosgonnazave Ga mahal kok kak pintar2 atur keuangan sma cari kampus yg memang bagus sisi kurikulum sma biaya 6 bulan sekali bayar smester tgl atur gaji sebulan dtabung utk kuliah atau ga cri beasiswa","1583127217336627201","","Avoicetellingus","in","Engelberg, Switzerland","0","0","0","https://x.com/GenZ3T/status/1583127217336627201","1257249470623801345","GenZ3T"
"1582660099201327106","Wed Oct 19 09:09:06 +0000 2022","1","Lihat gen z jaman sekarang di dunia kerja gemes sendiri walau ku bukan hrd. Mereka orientasinya salary dan butuh brp lama baru bs naik gaji. Hrsnya kn u pnya value apa dulu br nego gaji sih. Output apa yg bs kalian kasih dulu bru lah evaluasi.","1582660099201327106","","","in","Semarang - Indonesia","0","0","0","https://x.com/oktavianirmala/status/1582660099201327106","1477819544","oktavianirmala"
"1582547293726601216","Wed Oct 19 06:01:36 +0000 2022","0","@kulitnanas @worksfess Nah utk kenaikan gaji kejar di Jabatan Fungsional (Asisten ahli Lektor Lektor Kepala &amp; Professor) dan ada juga Sertifikasi Dosen (setara PNS dibayar Negara dan ada tesnya)","1582612910429581314","","kulitnanas","in","Engelberg, Switzerland","0","0","0","https://x.com/GenZ3T/status/1582612910429581314","1257249470623801345","GenZ3T"
"1582547293726601216","Wed Oct 19 02:37:15 +0000 2022","438","@worksfess 7. PKM ada dana jg dri kampus dan ada Hibah jg dri dikti yg nilainya besar 8. Pengajaran jg ada insentif di bimbingan magang &amp; TA 9. Penelitian jg ada hibah dri Dikti 10. Makin tinggi Jabatan Fungsional makin besar Gaji dan Tunjangan dri Negara (jika sdh Serdos)","1582561485070700544","","GenZ3T","in","Engelberg, Switzerland","5","17","11","https://x.com/GenZ3T/status/1582561485070700544","1257249470623801345","GenZ3T"
"1582547293726601216","Wed Oct 19 02:30:38 +0000 2022","2681","@worksfess Sharing2 ya kebetulan gw dosen Univ. swasta di Jakarta 1. Gaji diatas UMR pastinya (FreshGrad S2) klo sudah pengalaman atau ada jabatan fungsional bisa 2 digit 2. Ada Tunjangan Jabatan Fungsional 3. Ada Tunjangan Sertifikasi Dosen (setara PNS dibayar Negara) 4. Cont","1582559822561804288","","worksfess","in","Engelberg, Switzerland","68","27","121","https://x.com/GenZ3T/status/1582559822561804288","1257249470623801345","GenZ3T"
"1581183101064990720","Tue Oct 18 08:09:35 +0000 2022","0","@tanyakanrl Kamu nikah sama orgnya atau perawannya Lah cewe juga pasti masang kriteria kan? Misal cakep gaji minimal sekian atau hrs dah ada mobil dll Kalo dibalik jg bisa dong cewe nikah sama orgnya atau hartanya? ","1582282730993504257","","HumanGenZ","in","","0","0","0","https://x.com/HumanGenZ/status/1582282730993504257","1356123041432932354","HumanGenZ"
"1582264608617730049","Tue Oct 18 06:57:34 +0000 2022","0","Sy gen Z sy akui rata2 generasi skrg terlalu self-centered mereka belajar hanya utk sijil supaya boleh entitled gaji besar meskipun sanggup meniru dan sambil lewa in the process belajar untuk ilmu is a scam sbb they don't even go to internet to learn when needed ","1582264608617730049","","","in","Kuala Lumpur, Malaysia","0","0","0","https://x.com/setsunafseiei98/status/1582264608617730049","978335823266381834","setsunafseiei98"
"1581653847855943680","Sun Oct 16 14:56:40 +0000 2022","1","@hansdavidian Jadi Agen tuh gk di gaji berdasarkan orang byr premi terus berapa orang yang ikut asuransi baru di byr pasti netizen GEN Z yang percaya ","1581660403284602882","","hansdavidian","in","ÜT: -6.228265,106.7130214","0","0","0","https://x.com/febeagnesyoan/status/1581660403284602882","150981081","febeagnesyoan"
"1581618667208339456","Sun Oct 16 12:10:49 +0000 2022","0","Sebenarnya konten2 kayak gini dia lg branding her business. Dengan spill gaji kan banyak kaum gen Z or millenial tergiur dan akhirnya jadi sales insurance. Orang2 kek gini ga bodoh apalagi dg background pendidikan yg wow. It's her strategy anyway","1581618667208339456","","","in","+44","0","0","0","https://x.com/annlizw/status/1581618667208339456","885004256146845696","annlizw"
"1581278124788310017","Sat Oct 15 13:37:38 +0000 2022","8","Silap diorg laa jumpa gen z yg problem. Tpi actually tau hak tu perlu do. Bukanla ngade ke ape tpi kadang2 mentang2 kite baru lagi sume bende diorg nk suro buat. Gaji gitu je masalahnye. Pastu bagi task byk2 expect kite dh tau semua bende pastu ckp kite slow buat kerje.","1581278124788310017","","","in","","0","1","3","https://x.com/harithbkhtr/status/1581278124788310017","1129515931254775808","harithbkhtr"
"1581256318517579776","Sat Oct 15 12:10:59 +0000 2022","0","Ngikutin gaya Gen Z sekarang bener² ga bakal ketabung dah uangnya. Kalau gaji gede mah santai yak perihal beli kopipun every day kalau yg gaji umr ga bisa bro ga nutup beneran dah kecuali lu kaga punya tanggungan","1581256318517579776","","","in","","0","0","0","https://x.com/sipengentinggi/status/1581256318517579776","563461030","sipengentinggi"
"1580900062766694406","Fri Oct 14 12:35:21 +0000 2022","0","Ada orang complaint gen z xpandai buat kerja slow nak gaji banyak. Berkira kerja. Eleh kau dulu orang offer 800 pun kau terima macam la kau mula2 kerja terus pandai. Dah gen z pandai nak work/lif balance pandai demand gaji nak dengki pulak","1580900062766694406","","","in","","0","0","0","https://x.com/haejaloucious/status/1580900062766694406","3248782772","haejaloucious"
"1580378557641293824","Fri Oct 14 06:35:44 +0000 2022","0","@SiKebongce @ee_inisiapa @Z_Nome @evimsofian Kayaknya dari gen di atasnya dan gen sepantarannya Contoh gen sepantaran udh kerja punya gaji tinggi punya mobil itu udh jadi pressure terus dapet tambahan pressure dari gen atasnya liat noh temen kamu si ono dia udah punya mobil kamu cuma punya motor doang ","1580809563535978498","","SiKebongce","in","","0","0","0","https://x.com/autumnbriize/status/1580809563535978498","1125165466446471168","autumnbriize"
"1580771401220255745","Fri Oct 14 04:04:06 +0000 2022","0","kayak gini yg bikin orang2 gen y z pada punya penyakit mental insecure dll makannya sebenernya gaji itu confidential kan sebenernya dan wtf TK 7jt/bulan setara UKT kuliah 1 smt anjir dan penasaran sama suami mereka sih mereka bilang mereka bayarin keluarga suaminya ngapain?","1580771401220255745","","","in","Semarang - Jakarta","0","0","0","https://x.com/BeruangNdud/status/1580771401220255745","805457549260525568","BeruangNdud"
"1580696879339253761","Thu Oct 13 23:11:40 +0000 2022","0","Gak cmn di Indonesia kok di luar negeri juga permasalahannya sama. Boomer pada ngeattack Millenials dan Gen Z grgr gapunya rumah di umur muda. Dengan gaji 5juta jaman dulu sama 5juta sekarang tuh nominalnya udah beda. 250ribu dulu bisa beli baju branded 250k skrg dapet apa?","1580697808004268032","","XaosInsyde","in","🏎️GOETHE²🏎️","0","1","0","https://x.com/XaosInsyde/status/1580697808004268032","1220163830505824256","XaosInsyde"
"1580593504384086017","Thu Oct 13 16:17:12 +0000 2022","1","Standar Gaji Gen Z Saat Resesi https://t.co/PdblhtGXcd","1580593504384086017","","","in","JKT-INA","0","0","0","https://x.com/20detik/status/1580593504384086017","598959076","20detik"
"1580378557641293824","Thu Oct 13 06:26:51 +0000 2022","2","@evimsofian Intinya banyak orang tua tidak paham bahwa gen. Z dan milenial kehidupannya lebih berat dibanding beberapa dekade lalu yang disebabkan tekanan sosial dan roda zaman berubah cepat. Persaingan ketat kebutuhan hidup dan pendidikan mahal. Gaji kecil harga tanah dan rumah tak kebeli","1580444941481701376","","evimsofian","in","Nganjuk, Indonesia","0","0","0","https://x.com/dahagailmu24/status/1580444941481701376","1148260935611457541","dahagailmu24"
"1580229369871491072","Wed Oct 12 16:10:15 +0000 2022","0","Pantesan milenial marah-marah mulu ke pemerintah. Gue gen z yg baru dapet gaji beberapa bulan tapi kena potong pajak dan digunain buat nembak org di stadion sama rekayasa kasus aja udah emosi banget apalagi mereka. Selamat datang kehidupan..","1580229369871491072","","","in","DKI Jakarta, Indonesia","0","0","0","https://x.com/toobarbar/status/1580229369871491072","1131526229260001280","toobarbar"
"1578398394447380480","Fri Oct 07 14:54:37 +0000 2022","20","Work! Kenapa anak2 gen z pada sensitif amat ya ama video tiktok ga suka ama anak magang yg jelek? Gw mah klo dikatain muka jelek di kantor bodo amat asal jangan kinerja dan gaji gw aja yg jelek","1578398394447380480","","","in","","0","20","1","https://x.com/worksfess/status/1578398394447380480","1244597361826885636","worksfess"
"1578229626606059521","Fri Oct 07 03:43:59 +0000 2022","1","istilahnya siap jd gen z kelas menengah ke atas gaji borderline double digit tapi udh hrs nyicil banyak https://t.co/hLxpDmsLzI","1578229626606059521","https://pbs.twimg.com/media/Feb_ehmagAAjo82.jpg","","in","","0","0","0","https://x.com/smlnwzrds/status/1578229626606059521","1153833702033461249","smlnwzrds"
"1577462306770128896","Wed Oct 05 00:56:54 +0000 2022","0","gue takut buat paham dan mengerti mengenai saham investment or what the fuck it is karena gue sandwich generation. walaupun gue gen z dan sudah memiliki gaji yang cukup tapi dengan hal ini gak menyatakan bahwa gue ngerasa itu cukup? lo ngerti gak sih : D","1577462803379916800","","calmerrry","in","she/her 21 eng/idn/中","0","1","0","https://x.com/calmerrry/status/1577462803379916800","2853000884","calmerrry"
"1576757059588362241","Mon Oct 03 02:12:32 +0000 2022","1","Kn dah ckp gen Z nowadays mcm td issue intern tak berbayar.. lah bila kita kata berbayar dia issue kn pulak berapa sangat la bayar tu .. Skill kerja pun xda.. dtg lambat and balik awal dgn alasan naik public transport tp ad hati nk demand gaji mcm pekerja hakiki ","1576757059588362241","","","in","","0","0","0","https://x.com/WhiteCallaLilly/status/1576757059588362241","329369033","WhiteCallaLilly"
"1576503978606858241","Sun Oct 02 09:26:53 +0000 2022","0","Aku sebagai gen z memang sokong budak2 zaman sekarang demand gaji. Orang2 dulu mana berani melawan masa tu inflasi tak tinggi. 1.8k pun dah tinggi. Zaman sekarang boss2 boomer lagi pijak kepala fresh grad. Perah kaw2 tapi gaji ciput.","1576503978606858241","","","in","","0","0","0","https://x.com/theashlana/status/1576503978606858241","994192696196481024","theashlana"
"1575487984857935872","Thu Sep 29 14:09:41 +0000 2022","0","Alasan gen Z minta gaji dua digit karena pengeluaran banyak juga ternyata pengeluaran buat nonton Synchronize Soundrenaline Hammersonic Jogjarockarta dan Pestapora.","1575487984857935872","","","in","Cobham, South East","0","1","0","https://x.com/mharunsafii/status/1575487984857935872","773606086448410624","mharunsafii"
"1575421788192141313","Thu Sep 29 09:46:40 +0000 2022","0","Intinya sih millennials dan gen z bisa beli rumah asal ga mengikuti gaya hidup aja. Kalau tahu gaji pas-pasan ya mikir lah nabung atau invest gitu kek bukannya malah udah tahu gaji kecil malah dihambur-hambur uangnya. Gaya hidup ga buat lu puas! Akan haus terus!","1575421793900560384","","theunknownm4n","in","Indonesia","0","0","0","https://x.com/theunknownm4n/status/1575421793900560384","729424668","theunknownm4n"
"1575326737554030592","Thu Sep 29 07:27:03 +0000 2022","5","@kiwisuperfruit7 @AchsanulQosasi @pejabrut Biasa nya yg ngomong gini nih gen z yg baru2 lulus banget nanti kalau udh tua pasti ngerasain gimana kesel dan capeknya masa kerja 10 tahun tapi gaji sama dengan yg baru masuk wkwk","1575386660665438209","","kiwisuperfruit7","in","Tokyo-to, Japan","0","1","0","https://x.com/mamankdawet/status/1575386660665438209","577242222","mamankdawet"
"1574942869932376064","Wed Sep 28 02:03:35 +0000 2022","0","Gen Z Beli Rumah dengan Gaji UMR Bisakah? https://t.co/QklxmWyo9W https://t.co/pchGZ4dDHV","1574942869932376064","https://pbs.twimg.com/media/FdtSMY0agAAdn7-.jpg","","in","Indonesia","0","0","0","https://x.com/News24Xx/status/1574942869932376064","816927974406569986","News24Xx"
"1574938409038069760","Wed Sep 28 01:45:52 +0000 2022","1","Gen Z Beli Rumah dengan Gaji UMR Bisakah? https://t.co/d8UQIR7oyx","1574938409038069760","","","in","Jakarta Capital Region","0","0","0","https://x.com/cnbcindonesia/status/1574938409038069760","847372542830444544","cnbcindonesia"
"1572414915847286786","Wed Sep 21 08:58:46 +0000 2022","0","@vvahyeonie Aneh ya.. daya juangnya kok gitu amat. Mrk mau work-life balance tp nuntut gaji jg gede. Dan mnrt aku sebenernya perilaku spt itu ud gambarin secara mental ya mrk lemah. Sptnya mrk cm bisa kerja di perusahaan yg ownernya Gen Z juga. Cm mrk yg saling memahami.","1572510639347888128","","","in","Could be anywhere","0","0","0","https://x.com/Fifidiandra/status/1572510639347888128","57012831","Fifidiandra"
"1570217975197880321","Thu Sep 15 10:05:27 +0000 2022","0","@ezash Fresh Grad / Gen Z pengen kerja santai gaji gede. Sedangkan perusahaan pengennya yang murah dan berkualitas ","1570353092704735234","","ezash","in","Indonesia","0","0","1","https://x.com/ucokcokecoki/status/1570353092704735234","58405765","ucokcokecoki"
"1569568117256499202","Tue Sep 13 06:06:14 +0000 2022","0","Gaji 1500 beli yaris ye Mcm mana la bdk2 gen z skrg berani betul dgn hutang Good luck to u n ur future","1569568117256499202","","","in","Kuala Lumpur","0","0","0","https://x.com/nrlazwhmd/status/1569568117256499202","487080926","nrlazwhmd"
"1567983082371952640","Thu Sep 08 21:07:53 +0000 2022","0","nope. Kami gen z fikir luar kotak. Kami bukan hamba. Nak keje lebih bayar gaji lebih. Sbnrnya geng2 gen y yg kedekut.","1567983082371952640","","","in","","0","0","0","https://x.com/wwanadib/status/1567983082371952640","4696818864","wwanadib"
"1567812187678449671","Thu Sep 08 09:48:48 +0000 2022","1","Soalnya anak anak gen Z nya uda pada sadar kalau lebih baik gaji dan asuransi bagus dibanding es grim","1567812187678449671","","","in","Jakarta - Jatinangor","0","0","0","https://x.com/guruhndn/status/1567812187678449671","107657592","guruhndn"
"1567796842724982784","Thu Sep 08 08:52:35 +0000 2022","0","Tapi tulah. Gen Z pun memerlukan job. Gaji kau dengan gaji exec sama dik. So kau bersabar jelah.","1567798039317970944","","ProbablyAiman","in","Per apera ad astra.","0","0","0","https://x.com/ProbablyAiman/status/1567798039317970944","485766428","ProbablyAiman"
"1567379533267083270","Wed Sep 07 05:09:35 +0000 2022","2","Kenapa kena classify juga eh gen z millenial etc. Gaji elok kerja elok lah","1567379533267083270","","","in","","0","0","0","https://x.com/alifzak1/status/1567379533267083270","931164434315145217","alifzak1"
"1565946714611421185","Tue Sep 06 05:37:10 +0000 2022","0","@BukuMojok maka tk heran gen z yg memilih stay di jgja lbh banya bekerja dan bergabung dg outsourcing tetangga. Gaji masih diatas umr untk para perantau yg bergelar sarjana bahkan ada yg magister tuh","1567024086983004160","","BukuMojok","in","","0","0","0","https://x.com/ifahaninr/status/1567024086983004160","827032038","ifahaninr"
"1566749856047431680","Mon Sep 05 11:27:29 +0000 2022","0","Entah yang aku junpa Gen Z ni malas..hari2 memekak gaji sikit tp kerja satu pun tak siap kerja separuh jalan..maleh aku","1566749856047431680","","","in","Malaysia","0","0","0","https://x.com/Yellow_Cempaka/status/1566749856047431680","188349229","Yellow_Cempaka"
"1566693663715229696","Mon Sep 05 07:44:11 +0000 2022","3","Diriku bukan Gen Z tp bagus juga apa gen Z buat. Gaji permulaan 2022 masih mcm hidup zaman 97/98. Buat apa nk beriya. Biar la pahit Terima la hakikat semua org underpaid. Kerajaan xnk ubah? Gen Z la ubah sampai memaksa majikan tpaksa bg gj bsr kendian majikan akan push gomen.","1566693663715229696","","","in","Kuala Lumpur, Wilayah Persekut","0","1","0","https://x.com/__fzamr/status/1566693663715229696","592581712","__fzamr"
"1566365621591232514","Sun Sep 04 10:00:40 +0000 2022","0","Terus bukannya skrg gen z malah berlomba2 bikin konten mamah muda ya?? Yg lahir taun 2000an awal dah pada jadi ibu dan bangga Meanwhile anak 90an masih sibuk karokean dan menikmati gaji ","1566365621591232514","","","in","","1","0","0","https://x.com/im_lil_peach/status/1566365621591232514","921048478309945344","im_lil_peach"
"1564193039761166338","Mon Aug 29 10:07:38 +0000 2022","1","Menjadi seorang ASN sendiri masih menjadi cita-cita baik dari milenial maupun Gen Z. Faktanya nominal gaji ASN jumlahnya tidak langsung besar apalagi jika masa kerjanya masih kurang dari 1 tahun. #pns #cpns #pns2022 #asn #pppk #p3k https://t.co/da2t10KBjJ","1564193046941831168","https://pbs.twimg.com/media/FbUhN2WaIAADzkW.jpg","rbpotensiaid1","in","","0","0","0","https://x.com/rbpotensiaid1/status/1564193046941831168","1372402136101756935","rbpotensiaid1"
"1562659013938257920","Thu Aug 25 12:11:25 +0000 2022","5","@sandalslewah1 @robi_zamzam @PolJokesID Padahal yg membuat milenial dan gen z pengen jd pns walopun gaji kecil beda jauh sama swasta itu karena punya pensiun kalo sudah begini sepertinya pilihan itu bisa dipertimbangkan ","1562774649175670787","","sandalslewah1","in","Indonesia","0","0","1","https://x.com/standlikeahero/status/1562774649175670787","230968448","standlikeahero"
"1558723553075265539","Sun Aug 14 09:55:47 +0000 2022","5","@detikcom Gen Z bingung gaji 40juta tapi duitnya miliaran rumahnya banyak.","1558754248740913152","","detikcom","in","","0","0","1","https://x.com/DipoNiarto/status/1558754248740913152","153432675","DipoNiarto"
"1557910632556826625","Sat Aug 13 13:48:21 +0000 2022","0","@azaleabetony @dzakuyyy @mediocrickey Alhamdulillah my current paygrade jauh dr pas-pasan. Tp msh merasa kemahalan kl bayar pake gaji sendiri mungkin krn bukan pasarnya. Lebih cocok ke gen Z startup or sugar baby. Utk expat malah downgrade banget krn biasanya expat C lvl sewa rmhnya di atas 30 jt sebulan.","1558450388277219328","","serenamiades","in","","0","0","0","https://x.com/Ikhwanazis89/status/1558450388277219328","2335942801","Ikhwanazis89"
"1558223696212676609","Fri Aug 12 22:47:34 +0000 2022","1","Workload kerja makin berat. Gaji segitu2 aja. Ternyata sumber masalahnya adalah insekuritas para boomers yang ingin 'menjadi no. 1 seperti orang lain'. Ujung2nya milenial dan gen z yg rodi. So in the end ini semua dilakukan hanya demi menenangkan insecurity para boomers?","1558223696212676609","","","in","","0","0","1","https://x.com/ojanologi/status/1558223696212676609","101000990","ojanologi"
"1557239136742166529","Wed Aug 10 05:35:16 +0000 2022","0","Kasian gen z harga semua makin mahal gaji banyak yang ga umr","1557239136742166529","","","in","","0","0","0","https://x.com/sukarotiii/status/1557239136742166529","1530061770366550017","sukarotiii"
"1556874527807680515","Tue Aug 09 10:12:02 +0000 2022","200","@Supir_Tembak @txtdrlinkediin Ringkasan gen z soal kerjaan - Pulang molor dikit = overwork - Baru terima gaji di kantor langsung ikut ekosistem Apple (beli iPhone iPad MacBook); hedon jadi kewajiban - Wajib bikin Tiktok day in my life di kantor - Langsung kepikiran bikin surat resign pas dibentak bos.","1556946398095978497","","_marisambat","in","bevery hills, ca","24","10","95","https://x.com/koaladuniawi/status/1556946398095978497","1412072112487952387","koaladuniawi"
"1556350037705142272","Sun Aug 07 18:42:19 +0000 2022","0","jangan sembang la tahun 80-an gaji RM600 boleh hidup selesa etc. hang takpayah beli handphone topup internet laptop sendiri. kami gen x y z millenial zoomers bla bla kena beli! bayar one off pulak tu. dan setiap 3-4 tahun.","1556350037705142272","","","in","George Town, Pinang","0","1","1","https://x.com/sthehu/status/1556350037705142272","363176472","sthehu"
"1555915273550860288","Sat Aug 06 13:54:43 +0000 2022","0","Ni gen Z rata-rata : sedikit kerjanya banyak ngeluhnya. Gamau rangkap kerjaan tapi maunya gaji gede.","1555915273550860288","","","in","di samping mu","0","0","0","https://x.com/muhammad__ruqi/status/1555915273550860288","2346932450","muhammad__ruqi"
"1554830146867449856","Wed Aug 03 14:02:49 +0000 2022","1","Bayangin jadi dosen dengan gaji ga seberapa harus mengajar dan menjadi teladan bagi mahasiswa gen z yang aspirasi terbesarnya adalah menjadi kaya dari tik-tok atau gaming. Bagaimana menjaga agar image kita tetap kredensial di mata mereka?","1554830146867449856","","","in","Makassar-Jakarta","0","1","1","https://x.com/anhardanaputra/status/1554830146867449856","363096780","anhardanaputra"
"1554777667173777410","Wed Aug 03 10:40:22 +0000 2022","1","Tapi yelah nak buat camna kan? Tak boleh salahkan Gen Z semata2 bila tiap generasi ada sumbangan masing2. Boomers : Oh takpelah kalau ada degree takde keje pun. Kamu ambik je keje mana2. Jangan memilih . Gen X: Rugi bro. Tengok aku kerja lori pun gaji RM5k.","1554779202725224448","","sjfi_twider","in","Melaka Mandate of Langkasuka
","0","1","0","https://x.com/sjfi_twider/status/1554779202725224448","1247462449722212358","sjfi_twider"
"1554750851394174978","Wed Aug 03 08:47:43 +0000 2022","0","Gaji Lebih Tinggi Bukan Satu-satunya Faktor Yang Diutamakan Gen Z Kata Graduan UNM https://t.co/4iETTcOayR","1554750851394174978","","","in","Malaysia","0","0","0","https://x.com/siakapkelinews/status/1554750851394174978","4728843194","siakapkelinews"
"1554686092192137221","Wed Aug 03 04:30:23 +0000 2022","0","Gaji lebih tinggi bukan faktor utama Gen Z - Graduan University of Nottingham | Dagang News https://t.co/KYm5s13kcZ","1554686092192137221","","","in","Kuala Lumpur Malaysia","0","0","0","https://x.com/DagangNews/status/1554686092192137221","4108281914","DagangNews"
"1554475335437393921","Tue Aug 02 14:32:55 +0000 2022","0","Dari sama2 nangis krn harga tanah dan rmh ga masuk akal buat gen z krn berbanding jauh sama gaji umr sampe akhirnya nyalahin negara (lagi) https://t.co/UuahI5wWFF","1554475335437393921","https://pbs.twimg.com/media/FZKbDaHaAAMn9gX.jpg","","in","she/her, 20s, rant","1","1","0","https://x.com/yjnluvv/status/1554475335437393921","1463424377446277121","yjnluvv"
"1553455089570168832","Sun Jul 31 16:31:57 +0000 2022","2","@gunasatwam @renggasura @steven_sutanto7 @purpleebluee_ Dan ttg modal same as with Faroe Islands mmg mahal (termasuk pajak) tapi pendapatan gaji ny sejahtera bahkan pendidikan sampai kuliah (kalau publik) gratis. Gk heran anak² Gen Z skrg² ini pada mau berusaha memperoleh hidup lebih layak diluar g si :'). https://t.co/412tdh6t51","1553780516205531136","","Getitrights","in","Earth","0","1","0","https://x.com/Getitrights/status/1553780516205531136","1476265461067108355","Getitrights"
"1553597959937601536","Sun Jul 31 04:26:32 +0000 2022","0","Makanya tuh semua app diblokir santuy soalnya gaji ngalir terus. Mereka ga punya anak gen z apa ya","1553597959937601536","","","in","Lalalaland","0","0","0","https://x.com/rarilty/status/1553597959937601536","1436097031211151387","rarilty"
"1553336025161691136","Sat Jul 30 11:05:42 +0000 2022","0","Gen z minta gaji tinggi tapi masih FG","1553336025161691136","","","in","Central Java, Indonesia","0","1","0","https://x.com/gewdfineapple/status/1553336025161691136","831728222756696064","gewdfineapple"
"1552944546459570176","Fri Jul 29 17:01:04 +0000 2022","0","@andikamalreza 1. Parent shaming dgn alesan kan anak ga mau dilahirin VS kan ortu juga ga mau anak ga tau di untung 2. Cowo jaga mata VS cewe jaga pakaian 3. Gaji generasi sandwich 4. Istri harus bisa masak VS gak 5. Gen millennial &amp; z harus beli rumah VS sewa 6. Healing VS nabung beli rumah","1553063067524952064","","andikamalreza","in","Bumi","0","0","0","https://x.com/ffullsunkissed/status/1553063067524952064","1426450313972641792","ffullsunkissed"
"1552993741245661184","Fri Jul 29 12:25:35 +0000 2022","1","yg gini nih yg bikin anak gen Z diketawain. padahal gpp bgt loh pengen punya gaji tinggi awal masuk kerja asalkan tau jenis pekerjaan ato industri apa aja yg bisa ngasih itu dan skill apa aja yg bisa bikin lu masuk kesana. jgn maen asal2 gini lah :((","1552993741245661184","","","in","","0","0","1","https://x.com/zahprilita/status/1552993741245661184","1118544082974863361","zahprilita"
"1552585273002758144","Thu Jul 28 09:22:29 +0000 2022","0","Capek punya karyawan gen Z. Tak bebasin cuti dgn alasan yg jelas gaji gak telat tak sediain snack boleh istirahat/tiktokan pas kerjaan selesai tapi masih bilang bos gak aware sama mental health mentalku tertekan gara gara tak complain masalah mutu jahitan? Jamput.","1552585273002758144","","","in","cdek omahmu","0","0","0","https://x.com/salsabilasaal/status/1552585273002758144","1367384279362072577","salsabilasaal"
"1552550300825026560","Thu Jul 28 07:03:31 +0000 2022","0","Udh middle class sandwich generation gaji umr dan sekarang harus siapin dana pendidikan anak min 50mil buat spi + smt awal doang Gen z nangis","1552550300825026560","","","in","","0","1","0","https://x.com/nuggetjoon/status/1552550300825026560","1454823627564613636","nuggetjoon"
"1551874980329074689","Thu Jul 28 00:10:55 +0000 2022","1","@itsmoonotmu @sbmptnfess 1. Ortu gen z ga siapin dana pendidikan. Bukan nya ga nyiapain nyiapin tapi musibah gadak yg tau 2. nyiapin min 50 jt. Dengan gaji yg pas pasan kalau nunggu 50 jt anaknya kagak kuliah kuliah 3. Ga aware biaya pendidikan. Nahh kalau ini sihh si anak harus nya ngasih gambaran-","1552446467268579330","","itsmoonotmu","in","","0","1","0","https://x.com/kiyowoo86/status/1552446467268579330","1214499478033428480","kiyowoo86"
"1552329270349152256","Wed Jul 27 16:25:13 +0000 2022","0","Mbaknya lagi ngomongin ortu gen z negara mana sih gaji UMR aja cuma cukup buat biaya hidup sendiri.. kek mana yg punya anak","1552329270349152256","","","in","Japan","0","1","0","https://x.com/fldkw/status/1552329270349152256","264607873","fldkw"
"1552239874090348544","Wed Jul 27 15:13:59 +0000 2022","1","@mawakresna @projectm_org bng Kres~ mungkin next liputan Gen Z ini soal guru honorer yg gaji setengah UMR jakarta atau dibawahnya.","1552311341821861889","","mawakresna","in","","0","0","1","https://x.com/JYhui98/status/1552311341821861889","1321380687451021312","JYhui98"
"1552293797740302338","Wed Jul 27 14:04:16 +0000 2022","0","as a gen z chatting with a boomer physically exhausts me. semua benda nak kait ngan 50an masa dulu zaman dorang. If I chase job satisfaction awat nak panas bontot diri sendiri sbb aku xnak keje company gaji rendah ","1552293797740302338","","","in","","0","0","0","https://x.com/ffffezzels/status/1552293797740302338","330203300","ffffezzels"
"1551874980329074689","Wed Jul 27 07:30:34 +0000 2022","0","@itsmoonotmu @sbmptnfess Buat ortu gen z ya cocok aja selama mampu dan sanggup kalau ortuku yang dari dulu-sekarang gaji 250k seminggu : jangankan 50jt : dua anaknya sudah lulus SMK saja Alhamdulillah : ","1552194721040121856","","itsmoonotmu","in","Malang, Jawa Timur","0","0","0","https://x.com/rifrifanti/status/1552194721040121856","1217778435205951488","rifrifanti"
"1550054945038032897","Fri Jul 22 05:51:22 +0000 2022","0","@alamsyah_muslim @worksfess Gen Z mana tau gaji gede diimbangi dengan penyiksaan yg gede juga wkwkwk. Bnyk temen gw yg gaji gede tapi gak kuat pressure nya","1550357818477228032","","alamsyah_muslim","in","","0","1","0","https://x.com/cukiknight2/status/1550357818477228032","1519721012174098432","cukiknight2"
"1549999757279367169","Thu Jul 21 06:08:34 +0000 2022","0","Bukan Gaji Ini yang Dicari Gen Z dan Milenial Saat Bekerja https://t.co/VMugkeWrpy","1549999757279367169","","","in","","0","0","0","https://x.com/databoksid/status/1549999757279367169","1316329680396451841","databoksid"
"1549654561929195520","Wed Jul 20 07:16:53 +0000 2022","2","Patutnya masa sekolah dulu aku cita - cita utk jadi menteri. Takpelah biar kena sumpah seranah masyarakat haters everywhere as what the Gen Z says these days tapi setiap bulan gaji besar. Makan ditanggung petrol elaun best woi. Rugi2","1549654561929195520","","","in","Los Angeles, CA","0","1","6","https://x.com/naimazharrrr/status/1549654561929195520","1356889535104253954","naimazharrrr"
"1547104697374343170","Wed Jul 13 06:24:38 +0000 2022","0","Kr! Buat milenial/ gen z kalian milih gaji gede tapi tiap hari stres atau gaji pas-pasan tapi lingkungan bikin enjoy?","1547104697374343170","","","in","Jakarta Capital Region","0","2","0","https://x.com/karirfess/status/1547104697374343170","1314840619378896896","karirfess"
"1547094362429210624","Wed Jul 13 05:43:34 +0000 2022","17","Hakikatnya semakin lama semakin susah anak muda untuk hidup sendiri apatah lagi untuk membina rumahtangga. Gaji tak pernah naik rumah semakin mahal kos sara hidup makin tinggi la semua. Bukan ka Malaysia je Gen Y dan Z rasa hidup penuh cabaran macam ni.","1547094362429210624","","","in","Kenduri Teh Gila","1","1","17","https://x.com/sicfallacy/status/1547094362429210624","580717077","sicfallacy"
"1546416915073363969","Mon Jul 11 08:51:38 +0000 2022","0","barusan liat di ig harga² rumah siap huni sampe bekas huni start from 200-700jt sdgkan kita gen z gaji kebanyakan masih UMR itupun uangnya habis buat healing co shopee ngemall main sama bayar tagihan benersih remaja kayaknya bakal susah beli rumah","1546416915073363969","","","in","indonesia","0","0","0","https://x.com/prilycann/status/1546416915073363969","1415211786354102275","prilycann"
"1545044945714966529","Fri Jul 08 00:34:57 +0000 2022","0","@wendeully @Kivan91 @Androngehe @worksfess Betul pak harga semua naik gaji ga naik2 ibarat kurva harga naik keatas gaji stagnan bahkan turun","1545204760092897280","","wendeully","in","Engelberg, Switzerland","0","0","0","https://x.com/GenZ3T/status/1545204760092897280","1257249470623801345","GenZ3T"
"1541959668289142785","Wed Jun 29 12:52:20 +0000 2022","0","Gaji gede tapi sebulan libur 2 kali dan kerja dari senin sampe minggu Maaf saya gen Z dan saya kayanya lebih milih yanh biasa biasa aja deh ","1542128835667558400","","Danzhooligans","in","Jakarta Selatan, DKI Jakarta","0","1","0","https://x.com/Danzhooligans/status/1542128835667558400","1053256829038292997","Danzhooligans"
"1537637512612458496","Tue Jun 28 08:46:45 +0000 2022","0","@DevinaYo @Prasetyanu Ini gen Z sandwich generation under-privilege gaji UMR jogja.","1541704643704668160","","DevinaYo","in","Gili Trawangan, Indonesia","0","0","0","https://x.com/squarehore/status/1541704643704668160","917414186","squarehore"
"1540059602355486720","Thu Jun 23 19:49:56 +0000 2022","0","gua gen z tp bwt yg di vid ini lo bocah kencur banyak mau gaji gede kerjaan juga makin banyak lah bgsd","1540059602355486720","","","in","dead","0","0","0","https://x.com/oyenjimarmalade/status/1540059602355486720","1283081770598973440","oyenjimarmalade"
"1539541411418165248","Thu Jun 23 02:21:20 +0000 2022","1","@hrdbacot wkwk si paling bener dah gen z freshgrad skrg pengalaman gada minta gaji besar. keras sedikit dah kena mental alamak dek dek","1539795712027742208","","hrdbacot","in","","0","0","0","https://x.com/dwiys_/status/1539795712027742208","777492972","dwiys_"
"1539112316750467072","Tue Jun 21 05:09:18 +0000 2022","0","gaji gue 3 bulan kedepan udah di LOCK sama konser kpop masya allah kapan bisa nabung dan investasi seperti gen z lainnya","1539113208560373760","","kyu181","in","she/her 20+","0","0","0","https://x.com/kyu181/status/1539113208560373760","1121002545168572416","kyu181"
"1537955966356197377","Sat Jun 18 00:30:50 +0000 2022","0","Kemarin lebaran kaget ponakan lulus SMA lgsung kerja jagain parkiran. Dia ngeluh bnyak soal gaji dan sistem kerjanya. Tapi aku ga punya pilihan katanya. Sad Bias Kelas Gen Z: Dirayakan Media Suram Realitasnya https://t.co/aws6baaxeb","1537955966356197377","","","in","Jakarta","0","0","0","https://x.com/ginamaftuhah/status/1537955966356197377","68161713","ginamaftuhah"
"1537801466403966977","Fri Jun 17 14:16:55 +0000 2022","0","Mending ngobrol ama saya pak. Gatau sih gen z apa bukan. Saya mau nego gaji.","1537801466403966977","","","in","ÜT: -6.316548,106.8379989","0","1","0","https://x.com/rayhankin/status/1537801466403966977","112140495","rayhankin"
"1536241275837550592","Mon Jun 13 06:57:16 +0000 2022","1","Di tengah badai PHK Start Up ada fenomena Gen Z yang menolak jabatan CPNS karena gaji kecil dan penempatan lokasi jauh dari kota. https://t.co/dOXBCMsZi0","1536241275837550592","","","in","","0","0","0","https://x.com/detikcom/status/1536241275837550592","69183155","detikcom"
"1536213024700235776","Mon Jun 13 05:05:01 +0000 2022","1","Di tengah badai PHK Start Up ada fenomena Gen Z yang menolak jabatan CPNS karena gaji kecil dan penempatan lokasi jauh dari kota. https://t.co/NWX2eDr4PV","1536213024700235776","","","in","Jakarta, Indonesia","0","0","0","https://x.com/detikfinance/status/1536213024700235776","135795460","detikfinance"
"1535185008889061376","Fri Jun 10 09:00:03 +0000 2022","1","Ingga &amp; Anggi Nasution: Gen Z yang Pilih Gaji atau Perusahaan Keren? https://t.co/uAKEbf7VOI Apakah mereka memilih perusahaan berdasarkan gaji atau karena brand perusahaan? | OK Noted! Podcast","1535185008889061376","","","in","Community","0","0","0","https://x.com/narasitv/status/1535185008889061376","955600972394332160","narasitv"
"1534895617109295107","Thu Jun 09 13:55:19 +0000 2022","0","gatau deng aku gen z tua gaji umr mantengin ajh ","1534896930937241600","","bineulogy","in","☼ ✧ ☾⋆","0","0","0","https://x.com/bineulogy/status/1534896930937241600","3719929153","bineulogy"
"1534535173362307072","Wed Jun 08 13:57:50 +0000 2022","0","Gen Z ini menganggap bhw pekerjaan yg mereka jalani ini bukan sesuatu yg sifatnya long term tapi tujuannya sbg batu loncatan dgn gaji permulaan yg tinggi agar mereka bs bargain lebih di pekerjaan selanjutnya. Goals lainnya adlh utk memperkaya CV bukan skill apalagi pengalaman.","1534535173362307072","","","in","Kumamoto-shi, Kumamoto","0","0","0","https://x.com/akbarcadabraa/status/1534535173362307072","483865227","akbarcadabraa"
"1533651820228509696","Mon Jun 06 05:13:49 +0000 2022","0","@nadyaalfi Asli so called gen z gamoang banget sama pertanyaan kapan nikah punya anak gaji dll. Padahal kalo jalanin hidup bener ga susah jawabnya dan santei aja. Di tanya kapan nikah lgsg insecure ngadepin lebaran lgsg anxiety Woles aja kdg orang2 tu ga beneran nanya utk maksud bully ko","1533678526762606592","","catquean","in","","0","1","0","https://x.com/shanrocks20/status/1533678526762606592","44346193","shanrocks20"
"1532521218930184192","Fri Jun 03 00:35:06 +0000 2022","1","Ha ak gaji 3k pkai lrt jer sial berssak cm taik dr puchong ke kl jauh sekali fkir nk ad keter dating pown pkai lrt sial. jijik btol perangai bdk gen z skrg selera xnk klah...","1532521218930184192","","","in","Kuala Lumpur","0","1","0","https://x.com/numanrazali/status/1532521218930184192","444521261","numanrazali"
"1532244329988640769","Thu Jun 02 06:14:50 +0000 2022","1","Dari dulu yg dimasalahin gaji PNS sampe 2 periode presiden naik gaji cuma skali. Sampe birokrasi jg direformasi. Smp gen Z berpikir lg bhkn mundur dr cpns krn gaji tdk sesuai ekspektasi. Padahal klo dibanding gaji pegawe BUMN gaji PNS ga ada apa2nya #AdaApaDenganBUMN","1532244329988640769","","","in","Andromeda","0","1","0","https://x.com/novykayra/status/1532244329988640769","396606643","novykayra"
"1531644314979569664","Tue May 31 14:30:35 +0000 2022","1","kasian bgt orang udah sepuh disuruh ikut trend tiktok gen z... abis ini dia chat HSS minta naik gaji https://t.co/dHLyJxf4wo","1531644314979569664","https://pbs.twimg.com/ext_tw_video_thumb/1531594813715255298/pu/img/qADcX2znLuRCWCC1.jpg","","in","","1","0","0","https://x.com/enigmaticdaisy/status/1531644314979569664","1337440303725232129","enigmaticdaisy"
"1530549536975949824","Sat May 28 14:42:53 +0000 2022","1","@VICE_ID Kalau saya sebagai Gen Z berinvestasi di saham itu 60% dari bonus pekerjaan kalau crypto 20% sedangkan reksadana 20% dan itu semua uangnya dari bonus pekerjaan jdi saya hidup dari gaji murni yang jumlahnya 1/4 umr jakarta kita bisa asalkan tidak menuruti ego akan sosial media","1530560244274692096","","VICE_ID","in","Jakarta Capital Region","0","0","0","https://x.com/Fathannur505/status/1530560244274692096","1498966330971914241","Fathannur505"
"1530429072287105025","Sat May 28 06:36:28 +0000 2022","0","Terus dengan gaji segitu cukup emg buat nabung dan foya2 plus healing2 ala gen z skrg? Well it's all depend on your lifestyle you followed dan juga background keluarga masing2. Kenapa background keluarga?","1530437832560771072","","faishal_ilham","in","Unknown","0","1","0","https://x.com/faishal_ilham/status/1530437832560771072","116104016","faishal_ilham"
"1530365314474553344","Sat May 28 01:48:18 +0000 2022","0","Gen z emang epik kalian liat gaji nya kecil tapi salaman nya cooooooy kebeli harga diri lu pada","1530365314474553344","","","in","","0","0","0","https://x.com/TTermada/status/1530365314474553344","1344228600002723840","TTermada"
"1530315774572650496","Fri May 27 22:31:27 +0000 2022","7","ASN Gen Z : Pengabdian Terbaik Keponakan (anak adik) jadi PNS IQ diatas 140 alumni FT UI dgn IPK Cum Laude Ditempatkan di NTT Meneruskan generasi sebelumnya menjadi aparatur negara Paham benar abdi negara bukan karena Gaji tetapi pengabdian terbaik bagi bangsa &amp; negara.","1530315774572650496","","","in","Jakarta Selatan, DKI Jakarta","0","1","2","https://x.com/iwanalidarmawan/status/1530315774572650496","229832704","iwanalidarmawan"
"1530027369842749440","Fri May 27 03:25:26 +0000 2022","0","Sepertinya saya melewatkan usia bekerja di tech company dengan rekan kerja millenial dan gen z yang seru tekanan kerja tinggi overtime tiap hari dan gaji yang cihuy","1530027369842749440","","","in","Pekalongan","0","2","0","https://x.com/farissetyoaji/status/1530027369842749440","1293649638","farissetyoaji"
"1529412277002067969","Wed May 25 10:56:03 +0000 2022","1","@DLESadewo @hrdbacot Gen Z problematik liat qoutes itu : gak sopan nanyain gaji! ","1529415995919454214","","DLESadewo","in","","0","0","0","https://x.com/feblistiawan/status/1529415995919454214","1090109720516427776","feblistiawan"
"1528735044784623616","Mon May 23 16:06:08 +0000 2022","0","@melindaanita1 Jujur kasusnya sama. Kadang mereka kira mungkin ya gaji kita udah mencukupi semua2nya. Mau ditolak kasian mau nurutin juga tekor kitanya. Aku sih belajar dari gap kita sama ortu (boomers sama gen z) emang harus pinter-pinter ngomongnya dan ngasih banyak sabar.","1528769258053783552","","melindaanita1","in","Indonesia","0","0","0","https://x.com/AlmaBiruu/status/1528769258053783552","720621709024333824","AlmaBiruu"
"1528038482220060673","Sat May 21 15:48:44 +0000 2022","0","@Askrlfess Curhatanku di malam ini karena banyaknya gen z yang belom ada pengalaman kerja udah minta gaji gede https://t.co/kU1HOgclNM","1528040100143439872","","Askrlfess","in","She had her own imagintn world","0","0","0","https://x.com/Mooncalfdung/status/1528040100143439872","546675497","Mooncalfdung"
"1528013062200242176","Sat May 21 15:23:17 +0000 2022","4","Teruntuk temen-temen yang baca ini sumpah ini bukan karena mau sombong atau apapun. Tapi jujur aja aku kesel makin kesini banyaaaaaak banget gen z baru pertama kali kerja tapi udah pingin gaji jutaan. Apasih yang nuntut itu? Lifestyle?","1528033696145879040","","Mooncalfdung","in","She had her own imagintn world","0","2","0","https://x.com/Mooncalfdung/status/1528033696145879040","546675497","Mooncalfdung"
"1527260170258358272","Fri May 20 13:52:12 +0000 2022","1","@robi_zamzam Beban kerja gen z sama boomer beda yg kerja gen z yg dapet gaji boomer","1527648387897577473","","robi_zamzam","in","","0","0","0","https://x.com/_alienah/status/1527648387897577473","270792881","_alienah"
"1527303560891088897","Thu May 19 15:07:02 +0000 2022","0","@Jihanwill padahal gaji starap 2x lipat ya karena kemampuan untuk palugada 2x lipat juga. kebanyakan yang punya starap udah mepet gen z jadi sadar bahwa ngegaji orang sesuai workload itu penting maksudnya ga mental masih mending lu lah jaman gue.. ","1527304829864816649","","jinahily","in","","0","1","0","https://x.com/yerimscbd/status/1527304829864816649","873499504183529472","yerimscbd"
"1526840115766919168","Wed May 18 08:29:17 +0000 2022","8","Faktanya banyak millennials dan Gen Z yang pengen nabung tapi gaji mepet Tunggu artikel kami terbit untuk baca hasil survey lengkapnya yaa https://t.co/fEbsapEtLS","1526842347207950336","https://pbs.twimg.com/media/FTBu8VxagAAuYI7.jpg","jurno_id","in","ikutan giveaway 👉","0","3","0","https://x.com/jurno_id/status/1526842347207950336","1278195993796698112","jurno_id"
"1526785565299212288","Wed May 18 04:43:39 +0000 2022","1","Gede2an gaji gede2an titid mahal2an outfit gede2an pencapaian humblebragging no 1 standar lifestyle jaksel feed ig rapi tapi mental rapuh. Siapa lagi kalau bukan Gen Z","1526785565299212288","","","in","Jombang, Tebuireng ","0","0","0","https://x.com/haichal_ajany/status/1526785565299212288","1307673268908826624","haichal_ajany"
"1525139620350291969","Fri May 13 15:43:15 +0000 2022","0","Eh CampusBrainers pernah ga sih ngerasain gabut. Tapi kamu tau ga singkatan dari Gabut itu apa ? Nah Gabut itu singakatan dari Gaji Buta Tapi di kalangan anak gen Z gabut sering di sebut tdk melakukkan kegiatan apa apa. Biasanya CampusBrainers kalau gabut ngapain sih? #AFTERDAY https://t.co/unLKr7XwH7","1525139620350291969","https://pbs.twimg.com/media/FSphOo9aUAATAQj.png","","in","UMS | Solo City,Central Java","0","0","0","https://x.com/rapmafmums/status/1525139620350291969","575845599","rapmafmums"
"1525113679267917824","Fri May 13 14:15:06 +0000 2022","0","Mereka nganggep kalau lingkungan kerja yang nyaman dan gak toxic itu bakal berpengaruh sama produktivitas. Ngapain harus bertahan demi gaji dan jabatan tapi gak bisa perform dengan maksimal. Which is literally true gak sih para geng gen Z &amp; milenial? ","1525117435988553729","","HalodocID","in","DKI Jakarta, Indonesia","0","1","0","https://x.com/HalodocID/status/1525117435988553729","4618731253","HalodocID"
"1524998216181489664","Fri May 13 06:21:22 +0000 2022","0","Beberapa gen Z jetlag saat dmnta masuk kantor (WFO) dimana absen disuruh dtg jam sekian tp g ontime dn malah nego.. sementara gen millennial dan baby boomers udh gumoh ngerasain dateng telat sepersekian detik kalo ga gaji dipotong ya waktu lembur ditambah sejam g dibayar..","1524998216181489664","","","in","Bekasi City","0","0","0","https://x.com/Zendral1202/status/1524998216181489664","97910159","Zendral1202"
"1524776701989109760","Thu May 12 15:41:09 +0000 2022","0","bumn kalo gaji gede tapi culturenya rapat jam 10 malem s.d 1 pagi gue ogah anjir kalo kata anak gen z kesehatan mental lebih penting wkwkwkwk","1524776701989109760","","","in","Boca Raton, FL","0","1","0","https://x.com/yeah_fix_on/status/1524776701989109760","103231728","yeah_fix_on"
"1522865085688926210","Sat May 07 09:05:04 +0000 2022","2","Gen Z keren2 euy pemikirannya.. Gimana dpt pasangan yg gaji nya 2digit. Punya pemikiran buat Childfree. Trus pada punya peliharaan pula.. Semoga dengan adanya kalian bisa bikin negara ini tambah maju y..","1522865085688926210","","","in","Tangerang, Banten","0","0","0","https://x.com/risdaarifin/status/1522865085688926210","223003702","risdaarifin"
"1522761686914318337","Sat May 07 05:39:21 +0000 2022","0","@BuruhPemda @pejabrut Dengan gaji UMR sekarang itu Gen Z harus ngejomblo 7 tahun biar bisa beli rumah 30/60 di jakarta.","1522813313750794240","","BuruhPemda","in","","0","0","0","https://x.com/BogdanoffReal/status/1522813313750794240","1470770285620121604","BogdanoffReal"
"1522442387607678976","Sat May 07 05:35:27 +0000 2022","3","@sisyphuuss Gausah boikot deh kayanya emang pada ga mampu beli. Selain harganya bubble kenaikan harga property juga ga sesuai dgn kenaikan gaji gen z milenial ","1522812331754881025","","Sisymphus","in","BIGBANG, EXO, NCT DREAM","0","0","0","https://x.com/honeydesuka/status/1522812331754881025","2934450169","honeydesuka"
"1519640434305540097","Thu Apr 28 11:31:27 +0000 2022","0","Gen z tolol kek gini yg belagu pas lulus cari kerjaan mintanya gaji langsung dua digit tapi skills pas pas an.","1519640434305540097","","","in","Cobham, South East","0","0","0","https://x.com/mharunsafii/status/1519640434305540097","773606086448410624","mharunsafii"
"1519535321343750147","Thu Apr 28 04:45:18 +0000 2022","4","@PartaiSocmed Ketum lupa kalo penerimaan 2021 usia gen Z cenderung turun. Itu poin 1 Yg kedua realita lapangan PNS Kemensultan dgn yg didaerah itu beda banyak yg tukin ketahan 3 bulan atau lebih kalo mengandalkan gaji pokok (terutama yg berkeluarga) rasanya sulit","1519538224234119168","","PartaiSocmed","in","Indonesia","0","1","0","https://x.com/AhmadRoyhan33/status/1519538224234119168","261078218","AhmadRoyhan33"
"1518870288863477761","Tue Apr 26 08:31:10 +0000 2022","0","Emang tipikal gen Z mau gaji gede tapi ga mau mikir. Dahlah gimana ","1518870288863477761","","","in","Purworejo . Jogjakarta","0","1","0","https://x.com/batusaphir/status/1518870288863477761","261565247","batusaphir"
"1518789073825337344","Tue Apr 26 07:40:48 +0000 2022","0","@idextratime lagian gue heran nih org masalahnya apa sih ??.pdhl di sixers ni org jago tp dia kena penyakit anak2 gen z yg lbh mementingkan mental health jdnya kagak mau main lg atau emng pengen gaji buta doang ?.sayang banget talentanya &amp; kasian bgt nets trade simmons tp kgk dimainin ‍️","1518857611432853504","","idextratime","in","bumi allah","0","0","0","https://x.com/Febrianrmdhn/status/1518857611432853504","1464146318062936064","Febrianrmdhn"
"1517877721174798336","Sat Apr 23 14:47:04 +0000 2022","0","Sayang dilock Twitter-nya gw bukan Gen Z sih kayaknya lebih masuk ke millenial (?) tapi ini life goals gue juga sekarang. Gak muluk-muluk pengin kerjaan yang prestigious gaji gede posisi tinggi cuman pengin hepi aja. https://t.co/1txcgqiyvA","1517877721174798336","https://pbs.twimg.com/media/FRCVvUraAAEhRU4.jpg","","in","","0","1","0","https://x.com/nujabyes/status/1517877721174798336","1394152671204974593","nujabyes"
"1517434438510325760","Sat Apr 23 11:35:37 +0000 2022","0","@projectm_org Gen Z di tpt saya kerja ada aja yg ga punya etos kerja. Supervisor lengah dikit mereka kabur mojok main hp. Ngeluh2 dgn gaji hanya UMR. Saya dpt penghasilan skrg dgn kerja kerja belasan thn. Gen Z ogah jalani belasan thn utk dapatkan penghasilan yg semakin lama semakin besar?","1517829544266280961","","projectm_org","in","","0","0","0","https://x.com/EZahtra/status/1517829544266280961","1123192691854995456","EZahtra"
"1517713286929653763","Sat Apr 23 03:53:40 +0000 2022","0","Yang jelas jadi gen z itu tuntutannya banyak dulu mah jadi PNS udah dibilang sukses karena kebutuhannya juga ga banyak kayak sekarang jadi dg gaji segitu juga udah cukup paling buat beli rumah mobil gaada tuh kebutuhan buat ngopi beli smartphone terbaik barang branded.","1517713286929653763","","","in","Surakarta, Jawa Tengah","0","0","0","https://x.com/__lucc___/status/1517713286929653763","944589976993382401","__lucc___"
"1517700333924847616","Sat Apr 23 03:02:11 +0000 2022","0","Biaya hidup naik tp tdk dgn gaji blm lg yg generasi sandwich. Harus terlihat baik2 di dunia yang mulai kacau. Kebanyakan gen z juga agak kurang melek soal managemen uang gimana ngatur uang keluar dan masuk bahkan aku pun begitu. Krn ya tdk diajarkan dlm kurikulum.","1517700333924847616","","","in","Burial Mounds","0","0","0","https://x.com/Mine_Nerva/status/1517700333924847616","1311471306529894400","Mine_Nerva"
"1517615895220088832","Fri Apr 22 21:26:40 +0000 2022","0","Brarti gue magang kmaren di jkt termasuk underprivileged Gen Z anjir dengan gaji segitu","1517615895220088832","","","in","Krung Thep, Thailand","0","0","0","https://x.com/athdimsfdhr/status/1517615895220088832","48658567","athdimsfdhr"
"1517452669988012033","Fri Apr 22 21:22:29 +0000 2022","0","@mieseribuan @frecxkles @YUPriMad @projectm_org Prihatin dengarnya kak. Aku jg gaji jg mepet &amp; g jauh beda nyisihin buat usaha/belajar susah bet. Generasi geprek maksudnya apa kak? + salah satu tugas gen z emg merubah generasi kedepan yg toxic stop aj dikita karna kita lebih tau dampak negatifnya.","1517614842588254208","","","in","","0","0","0","https://x.com/CumaCemplon/status/1517614842588254208","1250250979217297408","CumaCemplon"
"1517434438510325760","Fri Apr 22 20:17:08 +0000 2022","52","@projectm_org Fokus utama sorotan media baik media mainstream maupun sosial media adalah gen z yg sukses. Selebgram seleb tiktok artis dll. Sedangkan itu cuma 1% dari total gen z. Selebihnya kami ditekan perusahaan dg gaji kecil usaha kecil²an saingannya yg punya modal besar.","1517598398760644608","","projectm_org","in","Indonesia","0","0","4","https://x.com/allawi_much/status/1517598398760644608","1867621896","allawi_much"
"1517434438510325760","Fri Apr 22 17:39:56 +0000 2022","6","@yoga2112 @projectm_org ...biaya hidup naik..rata2 penghasilan jg naik kok om. Cek aj kenaikan UMR. Cek aj data rata2 gaji pekerja. wkt gen Z blm ad gen Y jg disebut generasi yg berat krn biaya hidup lbh tinggi dr gen X..kesempatan kuliah dan dpt beasiswa jg skrg makin besar kok.","1517558835891736576","","yoga2112","in","Papua Land","1","3","0","https://x.com/nestoriko/status/1517558835891736576","22763766","nestoriko"
"1517496234873081857","Fri Apr 22 13:31:10 +0000 2022","0","Boomer: buru-buru banget kayak mau ngambil gaji lu. Gen Z: gue gak ngerti caranya ngambil gaji emang bisa ya? Gue cuma nunggu ditransfer doang.","1517496234873081857","","","in","Prontera","0","0","0","https://x.com/michaerla/status/1517496234873081857","45907903","michaerla"
"1517063440044601346","Thu Apr 21 09:53:08 +0000 2022","2","@quantipian @AmanillahH I bet that's hard to achieve by gen z. Temen-temen saya yang kualitas otaknya bagus mikirnya gimana biar dpt gaji yang bagus entah kerja di consultant dkk. Even for them constructing proper argument for them is hard. We still creating bunch of yes man.","1517078976195624960","","quantipian","in","Jakarta","0","1","0","https://x.com/brontodiwiryo/status/1517078976195624960","1421159612959526913","brontodiwiryo"
"1517000733467746304","Thu Apr 21 09:32:35 +0000 2022","4","@discommie Kalau begitu para PNS dan calon PNS dari millenial dan gen Z. Tolong kerja yang bener gaji udah gede. Hancurin sistem warisan yang bobrok jangan cuma pegawai startup doang yang bikin distrubsi walaupun ya ujung2nya bisnis tapi itu sama aja dengan kalian yang butuh gaji gede.","1517073804308418561","","discommie","in","","0","1","1","https://x.com/toolzark/status/1517073804308418561","633135691","toolzark"
"1516537259444809729","Wed Apr 20 04:09:25 +0000 2022","3","@pphipphi @hrdbacot Nah itu kan yg rame dibahas sbnrnya gaji di SCBD ga tinggi2 banget tp areal itu terlalu diagungkan sama gen Z. Pdhl standar kerja ga semata ttg lokasi kantor aja","1516630090007793669","","pphipphi","in","Jakarta Capital Region","0","1","1","https://x.com/fauzandr31/status/1516630090007793669","1392530423784243201","fauzandr31"
"1516349441225412609","Tue Apr 19 15:25:01 +0000 2022","0","@ted_kho Males klo udah stereotyping gen Z..ada yg komen gen Z hidup dr kel yg sdh mapan halo?apakah semua?gen Z yg jd gen sandwich jg banyak beban hidup berat gaji g seberapa boro2 mau nabung beli rumah..sooner or later perusahaan bakal diisi gen Z main focusnya how to manage them","1516437720985645056","","ted_kho","in","","0","0","0","https://x.com/AircondServ/status/1516437720985645056","1431907280291696645","AircondServ"
"1515995920441126916","Tue Apr 19 06:53:18 +0000 2022","0","@hrdbacot Adekku termasuk Gen Z skrg dia maaih magang di Radio alhamdulillah meskipun cma magang tanpa gaji dia sungguh2. Ya mungkin mmg ada yg semacam itu tp sya jg yakin masih ada yg kompeten seleksi awal kerja mungkin hrs ditingkatkan ke masalah sikap.","1516308941772582913","","hrdbacot","in","","0","0","0","https://x.com/Dessy91062417/status/1516308941772582913","1336837062171926528","Dessy91062417"
"1516220133122867203","Tue Apr 19 01:00:24 +0000 2022","0","pas ngelamar kerja dan mereka tau aku gen Z karna lihat tahun lahir ku. mereka underestimate bgt asli. takut kalau aku cuman sebulan dua bulan terus resign. karena sebelum2nya kayagtu. aku cuman bisa meyakinkan kalau engga semua Gen Z kayagtu. aku gaminta gaji yg meledak2 karna","1516220133122867203","","","in","","0","2","0","https://x.com/bukanpacarmail/status/1516220133122867203","1449524994","bukanpacarmail"
"1515995920441126916","Mon Apr 18 13:33:40 +0000 2022","0","@hrdbacot Akun GEN Z tp dlam hal kerja aku bukan yg pilih2 yg bisa semampuku kalo masalah gaji tergantung kalo kerja nya berat tp tidak sesuai upah nya sm aja kaya kerja paksa (pernah ngerasain)kalo kerja harus displin harus baik kerja nya gk neko2 aku bisa upah pun sesuai gk bkl leha2","1516047312468209666","","hrdbacot","in","","0","1","0","https://x.com/InaGina8/status/1516047312468209666","1459264899180216321","InaGina8"
"1515995920441126916","Mon Apr 18 12:08:29 +0000 2022","13","@hrdbacot Pernah rekan kerja dari Gen Z. Jadi dia nga mikir ke depan bgt. Jd gaji kita dimainin . Kalo gua sih oke2 aja soalnya gaji yg di peroleh slma ini gede bgt. Trus dia ngaduin ke pengawas &amp; ngelakuin berbagai penjebakan. Alhasil perusahaan tutup dan +-70 org kehilangan pekerjaan","1516025872972914688","","hrdbacot","in","Japan","1","2","2","https://x.com/jovanna_apriel/status/1516025872972914688","2885874619","jovanna_apriel"
"1515827474243928070","Sun Apr 17 23:00:07 +0000 2022","0","Ternyata gaji bukanlah prioritas bagi para Milenial dan Gen Z. #FollowLINETODAY!https://t.co/9gw1JzXJln","1515827474243928070","","","in","","0","0","0","https://x.com/linetoday/status/1515827474243928070","758580609706975234","linetoday"
"1515510343686328322","Sun Apr 17 01:59:57 +0000 2022","1","Gue sih zuzurly bingung apa karena dia dibilang gen Z atau cuman grgr ke congkak an dia aja. Aku ga mau nanti gaji 3jt disuruh suruh wtf anjing pen gue tonjok mulutnye untung sodara.","1515510343686328322","","","in","Indonesia","0","0","0","https://x.com/winnerside_/status/1515510343686328322","132107269","winnerside_"
"1515455586783363075","Sat Apr 16 22:22:22 +0000 2022","0","kaya jaman sekarang tuh skill mesti multitalent tapi gaji mutilasi #Gen Z","1515455586783363075","","","in","","0","0","0","https://x.com/thluv95/status/1515455586783363075","1331211257748148225","thluv95"
"1515294686130237440","Sat Apr 16 11:43:00 +0000 2022","0","hiahahha Gen Z ga peduli gaji bg asalkan kalo lembur (ga dibayar) tetap bisa post city view segitiga emas dengan tag location dan sbux yg di beli pagi nya","1515294686130237440","","","in","","0","0","1","https://x.com/0xZamenhofa/status/1515294686130237440","116720024","0xZamenhofa"
"1515230062273974279","Sat Apr 16 07:26:13 +0000 2022","0","Gen z be like: Gaji tunjangan dan peluang karir Ada ciki taro gratis di kantor ","1515230062273974279","","","in","Sukaraja, Indonesia","0","0","0","https://x.com/hikakupunka/status/1515230062273974279","405444458","hikakupunka"
"1515146467505188868","Sat Apr 16 01:54:02 +0000 2022","0","Bukan Gaji Ternyata Ini yang Dicari Milenial dan Gen Z Saat Bekerja https://t.co/xCss4FVmws","1515146467505188868","","","in","","0","0","0","https://x.com/kompaslifestyle/status/1515146467505188868","238047889","kompaslifestyle"
"1514776039615987720","Fri Apr 15 01:22:05 +0000 2022","0","4 Pekerjaan dengan Gaji Tertinggi di Dunia Gen Z Wajib Tahu! https://t.co/8fSO3w4P8P","1514776039615987720","","","in","","0","0","0","https://x.com/soulselofficial/status/1514776039615987720","1500033168249802752","soulselofficial"
"1513880024486940673","Thu Apr 14 16:03:30 +0000 2022","7","@uwumetawin Ya ibaratnya Gen Z begitu. Gaji sebulan 600-800ribu. Tapi capek fisik dan mentalnya kebangetan. Ya mending nganggur coba jual2 apa kek untung tipis tapi gak resiko tinggi. It s all about option risk n return.","1514635467685203968","","disangka","in","Di bioskop kesayangan anda","0","1","0","https://x.com/disangka/status/1514635467685203968","1048310880","disangka"
"1514606807905599490","Thu Apr 14 14:09:37 +0000 2022","0","Lebih tepatnya bukan ga pengen kerja tapi stress cari kerja kali ya belum kalo udah dapet kerja dan gaji ga naik naik tapi bahan sembako makin naik tuh rasanya beuhhhhh. Ga semua gen Z dan millenials lebih pilih nganggur hehehe","1514606807905599490","","","in","she","0","1","0","https://x.com/losestvr/status/1514606807905599490","1354712745850019843","losestvr"
"1514600864190988290","Thu Apr 14 13:46:01 +0000 2022","0","Gen Z ini lebih milih mundur dari pekerjaan yg tidak layak itu DEMI KELANGSUNGAN HIDUP MEREKA. sebuah contoh ya pemuda berusia 22thn memilih untuk mundur dari pekerjaan karena pekerjaan nya berat gaji tidak layak. akibatnya pemuda ini setres.","1514600870042038273","","grenastasia","in","","0","1","0","https://x.com/grenastasia/status/1514600870042038273","1414834578284453888","grenastasia"
"1513880024486940673","Thu Apr 14 13:09:49 +0000 2022","0","@uwumetawin Masa Gen Z skrg kyk masa gw akhir 90an. Kerusuhan dollar dr 7rb jd 17rb harga naik gila2an pilihan karir sedikit perusahaan lg ngirit2nya akses informasi minim. Thn 98 blm lulus kuliah gw kerja dgn gaji 500rb. Jauh dr UMR. Yah tantangannya tiap masa beda2lah.","1514591757182599169","","uwumetawin","in","Indonesia","0","0","0","https://x.com/beni3bee/status/1514591757182599169","16945033","beni3bee"
"1514583695197233154","Thu Apr 14 12:45:46 +0000 2022","0","Ditambah lg orang orang tua ini yg invest di property bikin gen z makin klabakan mau cari tempat tinggal doang karena harganya tiap tahun makin naik tapi gaji gak seberapa jadi menurut gue saling memanusiakan manusia aja si..","1514585705380388866","","piscessfairy","in","","0","0","0","https://x.com/piscessfairy/status/1514585705380388866","1444962497199415296","piscessfairy"
"1514580748568735747","Thu Apr 14 12:26:04 +0000 2022","0","Lrt . Kalo dikantor sebenarnya malah gen z lebih ambis sama kerjaan. Tp dia maunya kerjanya tuh sesuai sama gaji yang mereka dpt. Mangkanya kebanyakan mereka kayak 1 tahun kerja pindah. Semacam nomaden. Karena tau tiap perusahaan walau kita ada pengalaman setahun aja bisa offer","1514580748568735747","","","in","0622-0825-0615-0831-0222-0601","0","1","0","https://x.com/CAINOSURE/status/1514580748568735747","4897875620","CAINOSURE"
"1514338067733172229","Wed Apr 13 20:21:45 +0000 2022","5","Millenials : risau pasal loan kereta dgn loan rumah risau pasal gaji tak naik2 risau bos cari time off day Meanwhile gen Z : risau followers kat socmed tak cukup 10k I feel old damn it ","1514338067733172229","","","in","Malaysia","0","0","0","https://x.com/picibajik/status/1514338067733172229","1286982746443780097","picibajik"
"1513901004323926017","Tue Apr 12 21:30:10 +0000 2022","4","@worksfess Pemberi kerja usia milenial apalgy gen z juga banyak yg gak ngotak antara ngasih gaji dan beban kerjanya..","1513992898043609088","","worksfess","in","","0","0","0","https://x.com/phat_ime/status/1513992898043609088","198069141","phat_ime"
"1511451788897304576","Tue Apr 05 22:38:09 +0000 2022","0","@amand_dira karna branding mereka gen z bgt dan kreatif industri yg dibayangan anak muda bgt.. trs gue kira gaji internnya gede karna wfo tiap hari trnyata kaga katanya","1511473294955872256","","amandterus","in","+62","0","0","0","https://x.com/hacimhacimm/status/1511473294955872256","512919937","hacimhacimm"
"1510105812391567363","Sat Apr 02 04:10:20 +0000 2022","2","tipikal gen z pengen gaji gede tapi skill minim :) bonus demografi tapi mageran","1510107336991703041","","FSCNTN","in","","0","0","0","https://x.com/FSCNTN/status/1510107336991703041","308324551","FSCNTN"
"1508709408498655232","Tue Mar 29 07:43:28 +0000 2022","4","@mediocrickey ketika gaji per tahun tidak naik lebih baik kurangi jam kerja karena asumsi skill sudah naik jadi ngerjain bisa lebih cepet dan tentunya harus yang WFH ini sisanya dipake buat rebahan dan healing2 ala gen z","1508711421474877441","","","in","","0","0","0","https://x.com/rzrizaldy/status/1508711421474877441","25482544","rzrizaldy"
"1501582509636984838","Wed Mar 09 15:35:43 +0000 2022","0","There are 2 kinds of gen Y &amp; Z workers; satu pengen ngejar jabatan dan gaji setinggi-tingginya satu pengennya hidup tenang aja.","1501582509636984838","","","in","Jakarta, Indonesia","0","0","0","https://x.com/txtdariaqilla/status/1501582509636984838","50356915","txtdariaqilla"
"1501547366754975747","Wed Mar 09 13:16:04 +0000 2022","0","kelakukan konsumtif Gen Z ini belum ada apa-apanya kalau dibandingkan dengan (gaji) guru honorer tbh. di satu sisi narasi the most victim masih dipegang pekerja startap-budak korporat dengan segala istilah jakselnya. yupp guru honorer kalah populer wkwkwk.","1501547368810184712","","amberairwaves","in","Yogyakarta, Indonesia","0","1","0","https://x.com/amberairwaves/status/1501547368810184712","512000768","amberairwaves"
"1501508408947908621","Wed Mar 09 10:41:16 +0000 2022","0","duh jangankan gen alpha deh gen z gen gw temen-temen sepantaran gw yang dulu pas sd pengen jadi guru (termasuk gw) aja udah ga ada yang mau jadi guru. alesannya? ya gaji. udah pada melek soal gaji shayyy. mbok ya dinaikin lagi gt lho pak ya sp tau kita berminat lagi ","1501508408947908621","","","in","blond","0","0","0","https://x.com/VVlXEN/status/1501508408947908621","835458916297269248","VVlXEN"
"1500831367571320837","Tue Mar 08 00:06:08 +0000 2022","0","@onMischievous Gaji buta!! Lu hidup di jaman kerajaan elang ya kok nga tau bahasa jaman gen z.","1500986185724067842","","","in","2004.   Parody.","0","0","0","https://x.com/harutuw/status/1500986185724067842","1374569057026908162","harutuw"
"1500857254740115456","Mon Mar 07 15:33:48 +0000 2022","1","Panggah ruwet masalah gaji ae ki Gen Z","1500857254740115456","","","in","Maluku, Indonesia","0","0","0","https://x.com/cuitanferdi/status/1500857254740115456","1184437530181038080","cuitanferdi"
"1498534597176733700","Tue Mar 01 12:06:35 +0000 2022","0","@aDyFAiro @zack_rockstar Nak jawatan besar gaji besar kerja paling sedikit dan boleh arah arahkan org lain buatkan kerja dia. They just want shortcut to success they want success without the bitter of it. Itu yg dorang nak bermula dari Gen Y Gen Z now Gen Z v2. I am not talking about all but 95%","1498630776719822851","","aDyFAiro","in","Kuala Lumpur","0","0","0","https://x.com/LuQiee/status/1498630776719822851","73133019","LuQiee"
"1497319307059081221","Fri Feb 25 21:24:20 +0000 2022","0","@007Cbia Wallhi na gaji sosai Kam no lies","1497321589913755651","","LauraMichele433","in","Garin Magaji Dan Yamusa📍","0","1","0","https://x.com/Waziriibrahim_/status/1497321589913755651","1299269539742519296","Waziriibrahim_"
"1496787773495332866","Thu Feb 24 10:03:08 +0000 2022","0","nok aku ada nampak artikel headline paling tak boleh brain Gaji RM2 000 tetapi kerjalah seperti dibayar RM3 000 ko ingat millennial/gen z ni hard-working sangat? dah lah under wages. bitch-","1496787773495332866","","","in","san andreas","0","0","0","https://x.com/heyfreakppls/status/1496787773495332866","337823062","heyfreakppls"
"1496483915145658369","Wed Feb 23 13:55:43 +0000 2022","0","Balas dendam. Asyik diorg sahaja badmouth gen y z dan seterusnya demand gaji tinggi di LinkedIn .. ","1496483915145658369","","","in","","0","0","0","https://x.com/suavedude00/status/1496483915145658369","1424953992337973250","suavedude00"
"1496342532003078148","Wed Feb 23 04:46:48 +0000 2022","0","memang mental gaji karyawan gaya hidup sosialita. ya mantab mentalku dan generasi millenial/gen Z pada umumnya.","1496345777643585541","","issatytr4ck","in","TY’s fish tank","0","1","0","https://x.com/issatytr4ck/status/1496345777643585541","1440963706377027591","issatytr4ck"
"1494149424091897857","Thu Feb 17 03:19:17 +0000 2022","26","semalem gw ngobrol ama bubu bisa jd faktor yg bikin millenial &amp; gen z susah punya rumah krn ud males dluan liat nilai properti yg ga affordable balapan sama inflasi utk menuhin daily needs so gaji penyalurannya either utk daily needs atau hiburan krn ud keburu stress","1494149424091897857","","","in","","2","2","6","https://x.com/bandacatturas/status/1494149424091897857","89879481","bandacatturas"
"1493919240507650050","Thu Feb 17 03:07:23 +0000 2022","0","@meidijanto Sudah terjadi harga properti selalu naik dan itu tidak berimbang dengan gaji gen milenial ataupun gen z","1494146428792631298","","meidijanto","in","DKI Jakarta, Indonesia","0","0","0","https://x.com/muh_rdn/status/1494146428792631298","590130432","muh_rdn"
"1493864367867109380","Wed Feb 16 08:32:05 +0000 2022","0","@oritha_ gen Z dikantor gue dan dia masuk karna ordal gitu jg. gak mau usaha dulu pasti nanya mulu. gue suruh cari google katanya udh tapi kagak ngerti. sabar2 aja gue mah mana gaji gue sama dia disamaratakan. kan anjirr bgt pengen komplain tapi gue karyawan biasa","1493865756416634881","","oritha_","in","RANDOM","0","1","0","https://x.com/swankyeol/status/1493865756416634881","366566890","swankyeol"
"1493741477784010757","Wed Feb 16 01:27:13 +0000 2022","0","@SerieA_Lawas Mayan lah gaji gede tapi gak kerja. Pekerjaan idaman gen Z","1493758836574162944","","SerieA_Lawas","in","Indonesia","0","0","0","https://x.com/zulmipradana/status/1493758836574162944","272386277","zulmipradana"
"1493593580413362183","Tue Feb 15 20:47:29 +0000 2022","96","@WidasSatyo Jadi semuanya pasti start dari 0. Mau siapa pun lo mau gen x mau milenial mau gen z. Gw yakin start dari awal. Everyone gonna start somewhere sebelom gaji lo pada dua digit dan lo pada punya posisi jabatan kayak skrng lo pasti start somewhere from the bottom like use.","1493688435906793472","","bracmatya","in","Jakarta Capital Region","2","2","9","https://x.com/bracmatya/status/1493688435906793472","285429941","bracmatya"
"1493137354110156802","Mon Feb 14 08:17:41 +0000 2022","9","No pain no gain. Liat sms banking masuk transferan pdhl gaji agustus tahun lalu belum kepegang itu hasil pain. Nah gen z maunya gain cepet2 to the mooooonnn..","1493137354110156802","","","in","Hospitals.","0","1","2","https://x.com/incitu/status/1493137354110156802","1370325994486198272","incitu"
"1493089733110485000","Mon Feb 14 05:08:27 +0000 2022","4","Let s appreciate tim marketing gerindra sama tim manajemen planningnya. analisis SWOT nya bagus terus dicari celah pendekatan yg pas ngikutin perkembangan anak-anak gen Z. Mereka harus naik gaji si asli waktu itu juga berbaur sama anak-anak kpop.","1493089733110485000","","","in","","0","0","0","https://x.com/saturne0us/status/1493089733110485000","2456722498","saturne0us"
"1492817511410122753","Sun Feb 13 11:19:07 +0000 2022","0","@midwest3mo Yang kawinnya pada lama-lama itu gen X dan milennial van karena pada kena sandwich generation dan emang tahun 90an - 2000an kan ekonomi rada ngaco (pas mereka usia 20an) Kalo gue liatnya gen Z udah pada lebih punya budget buat nikah ortu lebih settle atau gaji sendiri udh gede","1492820629456048128","","midwest3mo","in","Depok, West Java, ID","0","0","0","https://x.com/__shikatanai/status/1492820629456048128","61493160","__shikatanai"
"1491978247030308864","Fri Feb 11 03:40:38 +0000 2022","3","@Partono_ADjem Ribet bener ortu gen z jaman sekarang pak djem apalagi guru² honorer yg cuma di gaji 450rb tiap bulan tegas dikit langsung di viralin katanya guru galak lah bla bla bla untung tahun ini ane daftar PPPK doain ya pengen ngerasain digaji dg bener oleh pemerintah","1491980469964922882","","Partono_ADjem","in","Heidelberg, Germany","0","3","1","https://x.com/BStolenbergs/status/1491980469964922882","1304600953899814912","BStolenbergs"
"1491057485733834753","Tue Feb 08 14:33:01 +0000 2022","0","Pengen julid huhu Lagian knp yah gen z ini... Hemm... Maap2 nih intern dapet uang tuh namanya bukan Gaji tapi Uang Saku Lu belajar kerja profesional trus dibayar juga udah alhamdulillah","1491057485733834753","","","in","","0","0","0","https://x.com/eaa11s/status/1491057485733834753","68973904","eaa11s"
"1487964296332349440","Mon Jan 31 07:34:55 +0000 2022","33","@donatsipit @faradhil Milenial umurnya 26-41 tahun sekarang. Kebanyakan udah berkeluarga. Maksudnya gen z yg suka healing? Yaa milenial yang komplen masalah gaji justru karena udah mengerti realitas hidup kalo dengan rate gaji rata-rata pekerja sekarang sulit memenuhi kebutuhan primer.","1488053162376196097","","kukispanggang","in","Earth, Milky Way, Laniakea","0","0","0","https://x.com/angelichris/status/1488053162376196097","164630604","angelichris"
"1487818669442797568","Mon Jan 31 02:23:23 +0000 2022","0","@KompasTV Nunggak gaji sampe sepantaran Gen Z","1487974763931009024","","KompasTV","in","cuci steam sekitar rumah kamu ","0","0","0","https://x.com/Sandi_alfarizie/status/1487974763931009024","49246071","Sandi_alfarizie"
"1487313390590902273","Sat Jan 29 06:35:19 +0000 2022","0","Intinya pak @faridgaban cuma salah bahasanya aja. Mungkin tanpa gaji itu ditulis karena blio takut mengecewakan gen y&amp;z. Nanti takutnya kecewa wes kadung daftar wes kadung nang Wonosobo jebul rak digaji.","1487313390590902273","","","in","Wonosobo, Indonesia","0","0","0","https://x.com/axma_/status/1487313390590902273","65314853","axma_"
"1483391162480472065","Thu Jan 20 14:04:50 +0000 2022","0","@oktifaniaisa @kykyduyulopmii @awasketusuk @AlvChrist Tapi fun fact sih aku pernah baca artikel dari Narasi/Kompas lupa. Kalau emang gen milenial - z pekerja tuh emang susah beli tanah/rumah karena emang gaji era sekarang tuh gak balance sama harga properti yang terus naik setiap tahun. Ini berlaku di semua daerah ya.","1484165020900823040","","oktifaniaisa","in","","0","0","0","https://x.com/sorr_yy/status/1484165020900823040","1443047407143440384","sorr_yy"
"1480034028551958530","Sun Jan 09 04:29:44 +0000 2022","4","Gue sepakat kalau Gen Z sekarang lebih manja di dunia kerja tapi statement kerja yang bener supaya gaji bisa buat ke Psikolog just sounds so wrong in many ways","1480034028551958530","","","in","","0","1","2","https://x.com/nujabyes/status/1480034028551958530","1394152671204974593","nujabyes"
"1473577245042036736","Wed Dec 22 08:52:47 +0000 2021","8","Dapat staff gen Z yang semuanya terlilit utang dan terlibat judi online. Padahal selama ini kukira anak mapan dengan gaji dan dari keluarga berada. Udah gini ngeluh gaji kecil yang membuatku merasa bersalah padahal dirinya hedon tapi ngutang ‼️ Maaf aku sambat ","1473577245042036736","","","in","Indonesia","0","1","0","https://x.com/SeventeenAU1/status/1473577245042036736","1216097265158217728","SeventeenAU1"
"1473071970392567809","Mon Dec 20 23:25:00 +0000 2021","0","Gimana gen Z g gampang stress. Liat teman seangkatan gaji udah puluhan juta udah kepikiran. Kayanya nih mereka2 harus banyak belajar juga sama angkatan bapak2 mereka boomer. Boomer tuh g semuanya negatif kok","1473071970392567809","","","in","Bogor, Jawa Barat","0","0","0","https://x.com/sudiandoyoVaVic/status/1473071970392567809","238964448","sudiandoyoVaVic"
"1472848381114339328","Mon Dec 20 08:41:27 +0000 2021","0","@moonjinjuseyo gen z ni lain sikit you marah habis you viral sampai tak sudah. jadi why don t you follow the flow and do reverse psychology. entah masa pedagogy tidur kot kat kelas merajuk bagai hello awak dibayar gaji utk mengajar suka2 tak nak halalkan ilmu bagai","1472849616877932552","","moonjinjuseyo","in","NAMJOON is the president ","0","1","0","https://x.com/jooniebbuin/status/1472849616877932552","222699691","jooniebbuin"
"1469007918204735488","Thu Dec 09 18:15:55 +0000 2021","1","Katanga gen Z nyari kerjaan yang seusai mental mereka. bukan karena gaji doang. related https://t.co/0WhE4hFESD","1469007918204735488","https://pbs.twimg.com/ext_tw_video_thumb/1469007893642973188/pu/img/SQKTVuIKWNlf-yLv.jpg","","in","","0","0","0","https://x.com/ciggrtestste/status/1469007918204735488","1313412058914848769","ciggrtestste"
"1467375724986204160","Sun Dec 05 06:36:08 +0000 2021","0","@nikamalaiman Boomer dekat Facebook bapak annoying. Dia terpaling engineer makan garam. Punya marah kalau gen z sentuh pasal gaji","1467382261918035971","","nikamalaiman","in","KL","0","1","0","https://x.com/asyraf_kmrddin/status/1467382261918035971","1186494349166575618","asyraf_kmrddin"
"1466410279076438017","Thu Dec 02 14:13:49 +0000 2021","0","2010 Gw FG keterima jd Back Office di prusahaan asuransi Tapi OUTSOURCE gaji 2.2jt maksimal. Dia Minta orang jgn salty??? trus orang2 harus bilang dia berhak dapet gaji gede biar sama kyk sirkel dia gitu??? Gen Z ini apa2 kena mental sih","1466410279076438017","","","in","Raccoon City","0","1","0","https://x.com/ongz87/status/1466410279076438017","281330430","ongz87"
"1466291658450870275","Thu Dec 02 12:23:00 +0000 2021","0","@johanesagung @ajiehatadji Beda jaman juga ga sih? Kayanya anak2 gen Z itu udah terbiasa dengan segala macem yang in automation gitu jadi ngerasa kaya hal2 kaya gaji dua digit tuh mereka udah patut dapet walaupun mereka blom ngapa2in? Karna faktanya ya kebanyakan tools hidup mereka udah instan gitu.","1466382388326457348","","johanesagung","in","From the womb to the world","0","0","0","https://x.com/thebeautraveler/status/1466382388326457348","443813725","thebeautraveler"
"1466361530190950402","Thu Dec 02 11:57:50 +0000 2021","0","@ayousssi Iya kan! Emg lo berprestasi dan cumlaude tuh lo bs ngsh apa ke perusahaan sih selayak apa lo dpt gaji 2 digit gitu.... ya idealis boleh tp realistis juga lah wkwk dasar gen Z","1466376055128608776","","ahreumdawn","in","","0","1","0","https://x.com/monstxter/status/1466376055128608776","1456585453","monstxter"
"1466291658450870275","Thu Dec 02 11:02:48 +0000 2021","0","@ajiehatadji @thebeautraveler Iya kan FG sekarang (apalagi angkatan covid) banyaknya gen Z Cuman ya makin kesini makin jadi patokan aja kudu gaji 2 digit padahal pengalaman kerja juga belum ada kan.","1466362208204455942","","ajiehatadji","in","","0","1","0","https://x.com/johanesagung/status/1466362208204455942","55139518","johanesagung"
"1465660163696648194","Tue Nov 30 13:39:40 +0000 2021","0","@artifaaysaf @SandarKlinton Drpd nyalahin gen z mending dukung mas junial naik gaji","1465676906213175297","","peppermyntchoco","in","Indonesia","0","0","0","https://x.com/vinxkvn/status/1465676906213175297","435861903","vinxkvn"
"1464483049354129409","Sat Nov 27 06:35:42 +0000 2021","1","Sepupu gw baru baru kelas 10 udah nimbrung ngobrolin gaji dan prospek karir sama sepupu2 lain umur 25+ gils anak gen Z beneran ambis bgt ga paham lagi . Tapi bagus sih . https://t.co/zqsVxi9Nab","1464483049354129409","https://pbs.twimg.com/tweet_video_thumb/FFLjkObUUAA9HHO.jpg","","in","","0","0","1","https://x.com/RMLostAirpods/status/1464483049354129409","57844616","RMLostAirpods"
"1464289222513156099","Fri Nov 26 17:45:30 +0000 2021","0","Di pamerin gaji pertama doi ikut senang si Gen Z sudah beranjak dewasa ","1464289222513156099","","","in","","0","0","0","https://x.com/dbasskk/status/1464289222513156099","1384841777648082944","dbasskk"
"1463914808365830146","Thu Nov 25 16:57:43 +0000 2021","0","Semua benda naik harga lebih 50%. Gaji tak naik malah dipotong. Macam mana lah budak2 millenial ni nak survive. Kitorang ni mmg sampai atok2 pun kerja. Boomer bagi duit kat Gen Z mmg tadehal. aihhh","1463914808365830146","","","in","Malaysia","0","0","0","https://x.com/kamarultalha/status/1463914808365830146","1312319538","kamarultalha"
"1463273244039864327","Tue Nov 23 22:28:23 +0000 2021","0","Apalagi dengan gen millenial dan gen Z sekarang yg habit-nya emang kutu loncat karena satu dan lain hal susah susah gampang buat mereka loyal sama perusahaan. Banyak faktor yg membuat mereka begitu nggak cuma sekadar masalah gaji. Intinya ya sukses deh buat kita semua.","1463273247672131586","","sayangjeonghan","in","Indonesia","0","0","0","https://x.com/sayangjeonghan/status/1463273247672131586","91982829","sayangjeonghan"
"1462622338352959492","Mon Nov 22 03:23:36 +0000 2021","0","Ngl budak2 gen z yg lahir tahun 2000 ke atas memang banyak kahwin awai. Depa dapat duit mana eh? Bussiness ka? Kebanyakkan budak 90s still struggle dengan gaji min. ","1462622768852176900","","niiisaaahh","in","","0","0","0","https://x.com/niiisaaahh/status/1462622768852176900","284467936","niiisaaahh"
"1461120035410219009","Wed Nov 17 23:52:17 +0000 2021","0","Eh..bkn takat gen Z je la tak ckup duit/gaji nak tampung hidup..yg gen Y ni pun masih tenggelam timbul..dgn harga brg bahan basah semua naik..yihhhhh!!!","1461120035410219009","","","in","Shah Alam","0","0","0","https://x.com/FAAReyha/status/1461120035410219009","784735591","FAAReyha"
"1460980369591705606","Wed Nov 17 14:58:09 +0000 2021","1","Negara lain naikkan gaji minimum? Mesti pekerja kat sana tak reti bersyukur. Hampa ni manja sangat dasar Gen Z. Makan ubi rebus sudah la elok ja boleh hidup. Dah dah baca apa lagi? Pi cari keja kedua pulak. Esok pagi nak kena masuk office lagi.","1460985616498237444","","AimanDin_","in","","0","0","0","https://x.com/AimanDin_/status/1460985616498237444","275430445","AimanDin_"
"1460968243007406085","Wed Nov 17 14:06:29 +0000 2021","0","@husniripaai Haha bodo mok. Byk bdk2 mcm ni aku jmpa. Tulis kt sini bkn main kencang. Jmpa depan2 tersipu2 malu. Dh biasa dh. Especially bdk2 Gen Z yg mintak kerja. Self value haprak mintak gaji 3k. Gampangz","1460972612960460803","","husniripaai","in","damansara","0","1","0","https://x.com/firdaussamingan/status/1460972612960460803","340284635","firdaussamingan"
"1460970279987908610","Wed Nov 17 13:57:12 +0000 2021","0","Bodo apa dia cakap susah sikit dah bising???? Weh bodo dia tak tahu ke gen z ni la yang buat dua tiga kerja sebab nak harapkan gaji satu kerja je tak cukup. Eh nyirapnya org tua tak sedar diri ni","1460970279987908610","","","in","","0","0","0","https://x.com/qtpieee/status/1460970279987908610","199646521","qtpieee"
"1460263997328936968","Mon Nov 15 15:10:42 +0000 2021","6","My biggest concern on Gen Z. Kalau berkerja kerja la betul² bukan sekadar kerja cukup bulan ambil gaji. Attitude tak baik you effect company. Bila company effect you pun hilang kerja. Especially F&amp;B industry. Bila ambil order tunjuk attitude yg baik.","1460263997328936968","","","in","Johor Bahru ","0","1","2","https://x.com/aziziarshad/status/1460263997328936968","189668194","aziziarshad"
"1459767661252866055","Sun Nov 14 06:18:26 +0000 2021","0","STYLIST KQ NAIK GAJI SEMUA THE OUTFIT R IN POINT VVVV GEN Z NOT CONCEPTUAL GW SUKA BG","1459767661252866055","","","in","ATEEZ • she/her","0","0","0","https://x.com/hongphoria/status/1459767661252866055","2392190736","hongphoria"
"1456974640685871108","Sat Nov 06 13:19:58 +0000 2021","0","Anak gen z gue perhatiin kerja tuh bukan buat duit deh tp lebih ke kesenangan dan bahas2 mental. It s okay sih tp ga semudah itu. Magang ga di gaji aja gue mikir. Lebih butuh duit.","1456974640685871108","","","in","","0","0","0","https://x.com/apiillaz/status/1456974640685871108","1275180206550945792","apiillaz"
"1456022930912022529","Wed Nov 03 22:18:12 +0000 2021","0","Gen Z Harus Tahu Ini 8 Jurusan dengan Prospek Gaji Tinggi Klik untuk baca: https://t.co/gV2Amd7OY2","1456022930912022529","","","in","Gianyar, Indonesia","0","0","0","https://x.com/CuriousHuman21/status/1456022930912022529","1040106097195999235","CuriousHuman21"
"1455848576936931331","Wed Nov 03 10:45:23 +0000 2021","0","yaallah jangan jauh jauh rumah deh. *yang disuruh vote gen z gaji kecil beli album mereka yang bisa beli rumah aja nangis dulu","1455848576936931331","","","in","THEY/THEM, 23+","0","0","0","https://x.com/gowonizm/status/1455848576936931331","1629172164","gowonizm"
"1455517340477505541","Tue Nov 02 12:49:10 +0000 2021","2","Dengan memilih jurusan yang tepat dan sesuai minat para calon mahasiswa atau Gen Z bisa saja mendapatkan kesempatan berkarier dengan gaji tinggi. https://t.co/2amOUkXYds","1455517340477505541","","","in","Jakarta","0","0","0","https://x.com/kompascom/status/1455517340477505541","23343960","kompascom"
"1455204489951023104","Mon Nov 01 16:06:01 +0000 2021","0","Di kerjaan terakhir 9-5 boss asyik rekan kerja gen Z mostly Australian ngantor naik bus yg dr halte dekat rmh weekend gak ada di suruh lembur klo lembur weekdays harus izin dulu di pagi nya gaji lumayan cukup balik ke indo milih gak mau kerja kantoran lg trauma soalnya ","1455204489951023104","","","in","Pontianak","0","0","0","https://x.com/hadi_yadid/status/1455204489951023104","132176717","hadi_yadid"
"1454788403774439442","Mon Nov 01 03:26:01 +0000 2021","0","@txtdrakuntansi Kyk rangkap sekalian jadi corporate secretary gt walau gaji ga naik. Pas pindah company ditanyain ini itu bisa sampe gw dimintain ngerjain visio jg bisa. Skrg udh bolak balik Singapore. Btw gw gen Z dan kebiasaan disuruh2 dr dulu di sekolah-kampus ga pernah nolak.","1455013230707822596","","amberlavenderco","in","Indonesia","0","1","0","https://x.com/amberlavenderco/status/1455013230707822596","1285779951858315264","amberlavenderco"
"1454701161005531138","Sun Oct 31 06:45:58 +0000 2021","0","Gen z will be saying Merawat ortu lebih berat dari merawat bayi ⏩ tunggu sampe merasakan kehilangan yah Nanti mau pisah rumah atau kamar saja sama pasangan klo udah nikah klo ga nanti stres ⏩ ga pernah bucin kau heh?!! Gaji di bawah umr? Apa yang mau dibanggain? https://t.co/WUw9jp7IBd","1454701161005531138","https://pbs.twimg.com/tweet_video_thumb/FDAi_Y1UYAM3yvu.jpg","","in","Indonesia","0","1","0","https://x.com/nahlaeva/status/1454701161005531138","70875421","nahlaeva"
"1450254991705317377","Tue Oct 19 00:18:29 +0000 2021","1","Alhamdulillah diberi Allah jalan untuk kenal macem² gen Z. Ada yg gaji 5 juta ngerasa ga cukup padahal sukanya belanja online dan paylater sampe jutaan Ada yg gaji 2.5-3 jt dgn workload gila²an yg masih sempet nabung buat ibu berobat dan bantu mbak yg kena pinjol","1450254991705317377","","","in","","0","0","0","https://x.com/recyanide/status/1450254991705317377","1297163494186315779","recyanide"
"1450093084616757252","Mon Oct 18 13:43:07 +0000 2021","0"," kan bisa kpr iya tp dgn gaji pas2an palingan nyicil 20 taun. terus emang dikira gen z dan millenial ga bakal start a family? in 20 fucking years we could ve raised a kid sampe SMA in a fucking shoe box","1450095096070688771","","_1251am","in","","0","1","0","https://x.com/_1251am/status/1450095096070688771","181974537","_1251am"
"1448499237516308480","Thu Oct 14 04:01:44 +0000 2021","0","Gak dimana2 ini mah. Harga properti makin melambung. Kebutuhan makin banyak tapi gaji segitu2 aja. Siap2 Gen Z.","1448499237516308480","","","in","Cipanas, West Java, Indonesia","0","0","0","https://x.com/rubigilang/status/1448499237516308480","364765968","rubigilang"
"1444082359662374920","Fri Oct 01 23:30:38 +0000 2021","0","Di ada beberapa gen z apply. Digossipin sama boss2 pengalaman 1 tahun minta gaji 10jt ","1444082359662374920","","","in","Jakarta Capital Region","0","0","0","https://x.com/poyoyopiyopiyo/status/1444082359662374920","763595792","poyoyopiyopiyo"
"1443821161574326272","Fri Oct 01 06:12:44 +0000 2021","1","Ya Allah so true .. gen Z be like tak sambung belajar pun gaji sama je dgn yg belajar tinggi2.. sedih ","1443821161574326272","","","in","Selangor, Malaysia","0","0","0","https://x.com/syaf_faa/status/1443821161574326272","2985102355","syaf_faa"
"1443651175430033422","Thu Sep 30 18:57:16 +0000 2021","5","kayaknya daripada nyinyirin soal gen z fresh graduate minta gaji gede atau gen z sma - kuliah magang di banyak tempat coba ditelusuri deh mereka belajar kayak gitu dari mana hehe","1443651175430033422","","","in","","0","1","2","https://x.com/alyacholid/status/1443651175430033422","1019446122266353664","alyacholid"
"1440904393302315011","Thu Sep 23 06:09:51 +0000 2021","0","@yahmrp wkwk standar gen z dikasi gaji gede","1440921333047578634","","prmhay","in","Jkt","0","1","0","https://x.com/efekrumahsaja/status/1440921333047578634","79675988","efekrumahsaja"
"1427962827831054343","Wed Aug 18 12:05:21 +0000 2021","0","Dengarkan seruanku wahai para Gen Milenials maupun Gen Z! Pastikan lagi kamu adl Mahasiswa + Freelancer Fresh Graduate Pekerja dengan gaji pas-pasan...dst #CicilLogamMuliaMASKu #WOMFinance https://t.co/XFrBkJjE6j","1427964834503487494","https://pbs.twimg.com/media/E9EmYwtVEAQy-lk.jpg","kookoari","in","Tangerang, Indonesia","0","1","0","https://x.com/kookoari/status/1427964834503487494","591801841","kookoari"
"1425635146133245952","Thu Aug 12 23:04:49 +0000 2021","0","@leviosafa Jelas lah prejudice Karena ya gak semua juga sih anak gen Z dan lulusan covid kayak bgtu. Apa yg aku tulis kemaren tu bentuk kekesalanku terhadap beberapa anak saja yg literasinya g bagus omongannya tinggi dan kasus2 fresh grad yg minta gaji gede selama pndemi ini","1425956466289090560","","leviosafa","in","Jakarta pusat","0","0","0","https://x.com/izy_bensa/status/1425956466289090560","392570731","izy_bensa"
"1418910136916221959","Sat Jul 24 12:25:13 +0000 2021","0","Aneh bgt kalo alesan pengen keluar bumn gara2 gaji kecil sama kurang tantangan. Goblok lah si paling iye sok pinter. Tahan brp lama sih kerja kena pressure terus lagian gaji kecil gara2 maneh kan masuknya masih entry level. Aneh bgt ini freshgrad gen z.","1418910136916221959","","","in","","0","0","0","https://x.com/satriaprilio/status/1418910136916221959","2356687172","satriaprilio"
"1410990226617425921","Fri Jul 02 15:54:19 +0000 2021","17","Rata2 yg reply di bawah sepertinya dari Mid Class hingga Upper Class terutama para pengusaha Tp di sisi lain. Banyak gen z seoantaran Gw yg rebel. Masih bergantung hidupnya pada perusahaan. Padahal owner perusahaan juga puyeng mikirin gaji &amp; balik modal...","1410990226617425921","","","in","Yogyakarta, Indonesia","0","0","1","https://x.com/AndyHuskyyy/status/1410990226617425921","1134854001827041281","AndyHuskyyy"
"1409393196329668608","Mon Jun 28 06:08:17 +0000 2021","1","Ini gimana para gen Z dan millenial bisa cepet punya rumah? Lah wong diumur 20an gaji abis buat test covid sama beli masker + vitamin","1409393196329668608","","","in","Surabaya","0","0","0","https://x.com/Nanonano_nougad/status/1409393196329668608","982547768672579585","Nanonano_nougad"
"1340456421620555776","Sun Dec 20 00:38:10 +0000 2020","0","Haha enaknya udah dikasih rumah gen z mah boro2 harga udah tinggi karena para ortu dan buyut yg borong lahan serta banyak gen z yg bakal jadi gen sandwich tambah hidupnya gaji untuk bayaran","1340456421620555776","","","in","","0","0","0","https://x.com/JRenggana/status/1340456421620555776","708111103","JRenggana"
"1327610101117509632","Sun Nov 15 15:07:51 +0000 2020","0","@Zulhend95969440 @Dodik85972254 @HukumDan @Khrisnapati Tm saya gaji di bawah umr meskipun kerja di pabrik dengan ada nya omnibus maka ke setaran akan terjadi.","1327991712074010625","","imibnuumar","in","Cilamaya, Indonesia","0","1","0","https://x.com/aririswanto249/status/1327991712074010625","716297329","aririswanto249"
"1325008046146215936","Sat Nov 07 09:52:00 +0000 2020","4","@khalidkarim Pembetulan. Yang sebenarnya begini. Gaji boomers dipotong dipersarakan &amp; dibuang kerja. Gaji gen x &amp; z merangkak sedikit demi sedikit &amp; masih hidup dgn keluarga. Gaji menteri2 &amp; cyber trooper &amp; pentabir kRajaan negeri2 naik mendadak.","1325013122000723969","","khalidkarim","in","Selangor","0","0","0","https://x.com/Malacire/status/1325013122000723969","123258226","Malacire"
"1319891815139426304","Sat Oct 24 06:41:45 +0000 2020","0","Bisa gak pemerintah melalui @kemkominfo itu nangulangin berita HOAX terutama di WA group banyak banget yang kemakan berita HOAX di WA group terutama para generasi boomer millenial dan Gen Z Tolong biaya triliunan jangan buat dipake gaji BuzzeRP aja mending dipake buat ini","1319891815139426304","","","in","Banjarmasin","0","0","0","https://x.com/hendyanugerah/status/1319891815139426304","1001502626305818624","hendyanugerah"
"1318592987916464128","Tue Oct 20 17:13:27 +0000 2020","0","masih dengan celana yg sama daleman kemeja punyak mamaqu sweater 0 rupiah sepatu 150rbdr kelas 8 tas 350 ok ini mahal tp hasil minggu pertama gaji jasa tugas yuhu️ kalung dikasi farah yuhu slayer merah 5rb apakah ak raisa gen z?! https://t.co/dFQOSQ2HxO","1318601234559848448","https://pbs.twimg.com/media/EkycwoPU0AAKIsA.jpg","hayuuukmeluncur","in","","0","1","0","https://x.com/hayuuukmeluncur/status/1318601234559848448","1227101962472001536","hayuuukmeluncur"
"1318398821399867392","Tue Oct 20 04:41:07 +0000 2020","1","@IzzatSolihuddin Come on. Zaman 60 an dulu masa start kerja gaji rendah kan berjaya je redah segala benda. Takkan dh berumur gaji berkepuk baru nk manja mcm org muda gen z. /s","1318411902498729985","","IzzatSolihuddin","in","","0","0","0","https://x.com/padi2105/status/1318411902498729985","453662358","padi2105"
"1315221659268247553","Sun Oct 11 09:24:15 +0000 2020","0","Beberapa Generasi Z berusaha memulai karir mereka faktanya kebanyakan dari mereka sangat pesimis tentang prospek pekerjaannya. Gen Z tahu bahwa mereka akan tumbuh dengan pekerjaan yang membosankan dengan gaji rendah sementara beberapa dari mereka bahkan takut melakukan pekerjaan.","1315221665412870147","","xxrebahaners","in","my universe","0","1","0","https://x.com/xxrebahaners/status/1315221665412870147","1274986498014633986","xxrebahaners"
"1314191685081989120","Thu Oct 08 13:11:28 +0000 2020","0","Ingin gaji 2/3 digit tp kerjaannya rebahan doang -gen z","1314191685081989120","","","in","✉️ Line/Wa only
🫧𓇼𓏲*ੈ✩‧₊˚🎐","0","0","0","https://x.com/Swe0kjin/status/1314191685081989120","1033286091430756353","Swe0kjin"
"1313781087437430784","Wed Oct 07 11:45:32 +0000 2020","2","@inasdiahfa @ELYusro Mungkin maksudny gen z kalangan menengah pekerja kantoran Banyak memang yg nganggep asal kerja di tempat ber ac dibawah perusahaan yg bukan pabrik bukan buruh Padahal mau se bonafid apapun level titel kerjaan selama masih ngarepin di gaji tiap bulan ya hitungannya buruh jg","1313807668193050626","","inasdiahfa","in","Jakarta. Indonesia","0","1","0","https://x.com/salima252/status/1313807668193050626","1022448275767447552","salima252"
"1303928467726114817","Thu Sep 10 05:29:09 +0000 2020","1","Saya tidak merasakan kita mampu membendung hamparan ombak gaya pemikiran gen Z. Obey or die. Mungkin hari ini kita masih ada alternatif untuk mencari pekerja selain gen Z tapi dapat bertahan sampai bila? Adakah desakan gaji permulaan yang tinggi adalah bagus?","1303928478039855104","","HasyirHusam","in","Kuala Lumpur City, Kuala Lumpur Federal Territory","0","1","0","https://x.com/HasyirHusam/status/1303928478039855104","799300584100663296","HasyirHusam"
"1303540482673225729","Wed Sep 09 03:49:08 +0000 2020","0","@zuholymama terima gaji kak inget lu masih gen z","1303540921150046209","","zuholymama","in","she/her | fub free","0","1","0","https://x.com/acciohyuck/status/1303540921150046209","1153191263291658240","acciohyuck"
"1293053701154717696","Wed Aug 12 07:57:44 +0000 2020","1","@chacconut jangan jadiin perspektif orang lain ngebuat lu down skrng tergantung niat lu jadi polisi selama lu gak salah its totally fine. sesama gen z kita break down stereotype klo polisi gampang disogok jadi polisi b aja gaji nya ","1293456621402615808","","chacconut","in","oversharing place","0","1","0","https://x.com/bawellaa/status/1293456621402615808","1089166486646665223","bawellaa"
"1288434983225311233","Wed Jul 29 11:23:32 +0000 2020","0"," Cara indonesia skrg apa ya ? yang gampang jam kerja flexible n gaji gede? seperti yang dedek milenial/gen z akhir2 ini inginkan?","1288434984567545861","","yoanorvel","in","","0","1","0","https://x.com/yoanorvel/status/1288434984567545861","29250236","yoanorvel"
"1281955012160049154","Tue Jul 14 05:15:28 +0000 2020","0","@PNS_Ababil Gen Z mending masuk startup dong biar bisa flexing gaji besar + ganti gadget mahal tiap bulan + liburan ke tempat fancy","1282906538147889152","","PNS_Ababil","in","내 꿈결 같은 넌 나만의 ...","0","0","0","https://x.com/_kiseuhae/status/1282906538147889152","392202744","_kiseuhae"
"1267662854204715008","Tue Jun 02 03:42:31 +0000 2020","0","Gila ya ngatur Gen Z ini rumit bgt. Dikasih kerjaan protes mulu. Gak sama kaya kerjaan yg lain lah ngerasa kerjaannya lebih berat lah segala minta gaji lebih. YaAllah perasaan masa muda w pas tau kerja disuruh ngapain aja dikerjain dah.","1267662854204715008","","","in","East Side","0","1","0","https://x.com/piemilktea84/status/1267662854204715008","55199582","piemilktea84"
"1265500783967121409","Wed May 27 16:36:58 +0000 2020","0","@gitaputrid @berlianidris Namanya juga #revolusimental bodo amat masyarakat Generasi Z nanti bakal kayak apa. Pemerintah menilai bahwa mereka (Gen Z) bisa otodidak. Toh guru2 jg skrg ngajarnya 'kebanyakan' kurang passion karena gaji ga sesuai.","1265683423714140162","","gitaputrid","in","indonesia","0","0","0","https://x.com/liinaimnida/status/1265683423714140162","360408739","liinaimnida"
"1262917599500791808","Thu May 21 00:57:53 +0000 2020","0","@angga_eighties Semua pasti melalui fase itu pertama kali kerja dan pegang uang keringat sendiri. Cuma masalahnya banyak yang tenggelam dan berlarut-larut hingga melupakan skala prioritas. Milenial sama Gen Z coba mungkin bisa hidup mandiri alias tidak nebeng ortu. Manage hdp sesuai gaji ","1263272769581506562","","angga_eighties","in","Indonesia","0","0","0","https://x.com/novemlawalata/status/1263272769581506562","100132708","novemlawalata"
"1262288154490335232","Mon May 18 22:17:57 +0000 2020","0","@501Awani Zaman moden itulah bahasa gen y dan gen z awak tu babyboomer ikut sahaja lah suara rakyat Gaji wakil rakyat pun rakyat yang bayar Kuli ikut sahajalah cakap Majikan Menteri umno otak macam kayu semua nak di ajar ","1262507744969408512","","501Awani","in","Universiti Selangor ","0","0","0","https://x.com/nuansapetani/status/1262507744969408512","42782144","nuansapetani"
"1250156352820801536","Tue Apr 14 20:17:55 +0000 2020","0","5 PEMAIN BOLA DENGAN GAJI TERTINGGI DI DUNIA MESSI KALAHKAN RONALDO #Bola https://t.co/3B6p7DzQkc","1250156352820801536","","","in","Indonesia","0","0","0","https://x.com/portalgenz/status/1250156352820801536","1247863342678413312","portalgenz"
"1244216134657691649","Sun Mar 29 10:53:37 +0000 2020","0","Kalau rasa nak bagi gaji based on workload masa employ tu kata lagi based on workload bukan monthly sediakan basic dan workload allowance then baru lah valid zaman sekarang millenial kot banyak sistem gaji yg kreatif kata Gen Z sistem gaji pun mestilah kena creative ","1244216134657691649","","","in","Malaysia","0","0","0","https://x.com/shaq_131/status/1244216134657691649","238829754","shaq_131"
"1231930032181743616","Mon Feb 24 13:13:02 +0000 2020","0","Peringatan : kita Gen Z/Zoomer. Millenial tu yang tengah komplen gaji jurutera muda ciput","1231930032181743616","","","in","Selangor","0","0","0","https://x.com/fikriii_rairai3/status/1231930032181743616","265837202","fikriii_rairai3"
"1226034188639514625","Sat Feb 08 06:45:03 +0000 2020","0","Selain Gaji Besar Ini Alasan Kenapa 10 Perusahaan Teknologi Ini Jadi Idola Generasi X Y dan Gen Z. https://t.co/h6x7bgObRS","1226034188639514625","","","in","Jakarta Capital Region","0","0","0","https://x.com/BINUSCAREER/status/1226034188639514625","152915568","BINUSCAREER"
"1225647744456392706","Fri Feb 07 05:09:28 +0000 2020","9","Kite kite gen z baru kerja gaji umr trus buka rumah123 liad harga rumah di jkt minimal 1 milyar itu rasanya ingin menyiapkan guillotine for the rich","1225647744456392706","","","in","","1","1","0","https://x.com/yeregeoffrey/status/1225647744456392706","73375743","yeregeoffrey"
"1224564543143067648","Tue Feb 04 05:25:13 +0000 2020","0","Kesian cikgu zaman sekarang. Apa masalah pelajar sekolah gen Z? Ini memang dah confirm parent diorang yang salah. Jadi guru ni susah tahu tak? Kadang2 sampai keluarkan duit sendiri untuk kebajikan pelajar. Yang kata guru gaji besar tu memang tak tahu apa2.","1224564543143067648","","","in","Neom","0","0","0","https://x.com/hamedsaharani15/status/1224564543143067648","36288119","hamedsaharani15"
"1219790955336749056","Wed Jan 22 01:58:02 +0000 2020","0","@Kurniawansigtw Ngene wae saiki mereka pekerja aktif neng ngendi gajine piro ? Wong omong kudu podo no karo sek dilakoni. Nek misal dee ming pengalaman ngalami gaji UMK la aku yo pernah. Nyatane yo urip sejahtera iso dolan dolan ng Hima rokokan bareng ro koe ro si jari lentik @99Atha wkwk","1219801364802359298","","kswahyudix","in","Yogyakarta, Indonesia","0","1","0","https://x.com/EFathumina/status/1219801364802359298","611309176","EFathumina"
"1219770731879374848","Tue Jan 21 23:56:19 +0000 2020","0","Judul mu ganti Efektivitas Keuangan dengan gaji 1700K - 2000K kwi malah mashoookkkk","1219770731879374848","","","in","Yogyakarta, Indonesia","0","0","0","https://x.com/EFathumina/status/1219770731879374848","611309176","EFathumina"
"1218157287044534272","Fri Jan 17 13:09:26 +0000 2020","0","@businessinsider Asosiasi antara Besaran Gaji dan Nilai Perusahaan (Studi Kasus Pada Gen Z)","1218158388242071552","","BusinessInsider","in","Jakarta Pusat, DKI Jakarta","0","0","0","https://x.com/ZoraNayaka/status/1218158388242071552","324717523","ZoraNayaka"
