word,count,label
mudah,96,negatif
belanja,32,negatif
akses,49,positif
produk,11,positif
pinjam,20,netral
tantang,54,negatif
finansial,538,netral
generasi,2480,negatif
muda,289,negatif
gen,4579,netral
zmisalnya,1,netral
online,38,netral
kartu,5,netral
kredit,47,netral
langkah,18,positif
sederhana,8,negatif
investasi,95,netral
z,6127,netral
capai,41,negatif
stabilitas,10,positif
genz,74,netral
generasiz,17,netral
saham,10,netral
investor,9,netral
bitcoin,6,netral
btc,2,netral
stabil,51,positif
asalamualaikum,3,netral
alaikum,2,positif
sahabat,10,negatif
syariat,8,netral
sosial,296,positif
kali,149,netral
pengaruh,195,negatif
gaya,96,netral
hidup,548,negatif
kelola,45,netral
uang,280,netral
sadar,171,negatif
tekan,108,negatif
bijak,53,negatif
bebas,48,negatif
mimpi,19,positif
yuk,66,positif
sehat,2241,negatif
tabung,173,positif
peluang,12,netral
peduli,59,negatif
dihimpit,2,netral
stres,332,negatif
american,46,netral
psychological,48,netral
association,44,netral
rasa,78,negatif
cemas,79,negatif
ekspektasi,32,netral
beban,82,negatif
kerja,2184,positif
bikin,156,netral
sulit,81,netral
pikir,338,negatif
jernih,2,positif
ambil,85,negatif
putus,52,negatif
millennial,32,netral
lawan,25,negatif
vibes,2,netral
beda,111,negatif
goals,10,netral
samasama,4,netral
paham,127,netral
literasi,36,netral
amp,268,netral
asuransi,40,netral
sepentingitu,3,netral
aman,51,netral
minimal,64,negatif
kian,4,netral
populer,13,positif
kalang,72,netral
survei,60,netral
baru,15,netral
anak,500,negatif
prioritas,21,netral
kualitas,21,positif
banding,193,negatif
kuantitas,2,netral
kurang,47,negatif
beli,357,negatif
barang,25,netral
pribadi,43,netral
imbang,36,negatif
emosional,61,netral
tahugaksih,1,netral
rumah,597,positif
jakpat,8,netral
alas,111,netral
pilih,224,negatif
harga,224,positif
sewa,17,netral
murah,42,negatif
lokasi,9,netral
strategis,4,netral
atur,73,negatif
mutasi,1,netral
mincu,1,netral
coba,97,negatif
langsung,143,positif
deinfluencing,2,netral
tren,30,negatif
bangun,52,netral
ketidakstabilan,2,netral
ekonomi,87,netral
krisis,45,negatif
hantu,12,negatif
paruh,8,negatif
sebut,13,netral
khawatir,24,negatif
jangka,16,positif
sumber,47,netral
utama,75,netral
studi,43,positif
deloitte,1,netral
global,27,netral
catat,14,netral
bayang,35,positif
inflasi,37,netral
pasar,19,netral
overthinking,9,netral
overthinkingsolutions,1,netral
digitalwellness,1,netral
fenomena,24,netral
pinjol,20,netral
rupiah,31,netral
t,16,netral
banyak,180,negatif
butuh,219,negatif
konsumtif,12,netral
biar,156,negatif
jebak,11,netral
utang,34,negatif
edukasi,38,netral
pinjolbijak,1,netral
baca,74,negatif
ulas,4,netral
ya,857,positif
bilang,174,netral
melek,88,negatif
rajin,16,negatif
janani,6,netral
budgeting,11,netral
bulan,81,negatif
nyisihin,6,netral
dapat,67,negatif
cari,336,negatif
hasil,119,positif
tambah,83,positif
konsultasi,10,positif
ahli,17,netral
keren,33,netral
banget,411,positif
milik,211,positif
bagus,84,negatif
ampun,13,negatif
juang,24,negatif
sih,443,netral
suka,138,negatif
praktis,5,positif
paylater,15,netral
favorit,4,netral
tawar,36,negatif
fleksibilitas,10,netral
gari,5,positif
fokus,52,negatif
temu,48,positif
langkahlangkah,5,netral
cepat,64,negatif
potensi,35,positif
raih,12,positif
tuju,73,negatif
idic,4,netral
jawab,11,negatif
b,12,netral
visioner,1,netral
susun,2,netral
episode,3,netral
lps,7,netral
talk,3,netral
prita,1,netral
ghozie,1,netral
ajar,158,negatif
vsi,1,netral
ieiend,1,netral
enda,1,netral
izin,13,negatif
diskusi,15,netral
plan,7,netral
ambur,1,netral
adul,1,netral
semenjak,5,netral
fresh,75,negatif
graduate,37,netral
dysmorphia,1,netral
tanda,18,negatif
gejala,29,netral
dasar,81,netral
saku,5,netral
anggar,15,positif
pakai,135,netral
keuanganpribadi,2,netral
genzmelekfinansial,1,netral
tipsuang,2,netral
literasikeuangan,3,netral
financialfreedom,6,netral
pundigrow,2,netral
maaf,55,negatif
kak,52,netral
siksa,8,negatif
kumontidak,1,netral
fakta,37,negatif
resilient,1,netral
tumbuh,38,netral
lewat,7,negatif
era,100,netral
militaristik,1,netral
gwot,1,netral
covid,69,netral
kumon,1,netral
peran,29,netral
resiliensi,2,netral
heboh,1,negatif
berita,21,negatif
cina,8,netral
jam,152,netral
gambar,11,negatif
alphanya,1,netral
deh,116,netral
sekolah,84,positif
giat,27,netral
rasah,1,netral
dibandingbandingke,1,netral
angel,4,netral
milenial,348,netral
digital,57,netral
keluar,49,negatif
siap,22,positif
dana,34,positif
darurat,24,negatif
financial,212,netral
freedom,43,netral
merdeka,18,netral
rhenald,1,netral
kasali,2,netral
bagi,38,negatif
tips,38,positif
on,45,netral
fire,2,netral
simak,21,negatif
lengkap,36,negatif
depan,17,netral
cemerlang,4,negatif
keras,65,netral
cerdas,35,netral
tipsfinansial,3,netral
genzsmart,1,netral
kelolauang,1,netral
masadepancerah,2,netral
melekfinansial,1,netral
mikro,16,negatif
jaring,1,positif
kam,3,positif
insurance,5,netral
butuhasuransi,1,netral
beliasuransi,1,netral
asuransimikro,1,netral
sukses,39,positif
independence,5,netral
istilah,23,netral
bahas,78,positif
cocok,27,negatif
a,132,netral
thread,91,netral
rill,4,netral
byonday,2,netral
teman,135,netral
life,47,negatif
balance,53,netral
fisik,160,netral
mental,2582,netral
fun,8,netral
walk,2,netral
hibur,6,netral
aktivitas,32,netral
kuliner,3,netral
byondbybsicfd,2,netral
gais,2,netral
ajak,25,positif
nasabah,3,positif
masyarakat,93,netral
jaga,273,negatif
pagi,24,negatif
seru,16,negatif
health,295,netral
ukir,1,negatif
kenang,2,negatif
manis,2,negatif
experience,19,netral
usia,148,netral
kondisi,292,netral
produktif,27,positif
empot,4,netral
gue,907,netral
tri,3,netral
hemat,36,negatif
puas,15,positif
yoyakarta,17,netral
oke,68,positif
guys,21,positif
tugas,45,negatif
teliti,87,netral
mending,93,negatif
angkat,35,positif
tema,26,netral
doom,10,netral
spending,12,netral
koma,2,netral
niat,16,netral
objek,1,netral
bingung,31,netral
cerah,11,netral
artikel,21,negatif
diunderestimate,2,netral
perkara,17,negatif
tau,204,negatif
aplikasi,16,negatif
nih,318,netral
transaksi,4,positif
spiritual,4,netral
guna,47,positif
pokok,41,negatif
byondbybsi,1,netral
memecoin,1,netral
selamat,17,positif
circle,8,netral
simpan,9,negatif
tas,5,netral
jual,22,positif
fartcoin,1,netral
moodeng,1,netral
popcat,1,netral
mog,1,netral
wif,1,netral
apu,1,netral
aura,3,netral
niggabutt,1,netral
pintar,43,netral
barengbareng,1,netral
jerumus,5,netral
praktik,6,netral
rugi,23,negatif
untung,32,negatif
layan,24,negatif
tumpuk,7,negatif
hutang,11,negatif
didik,120,negatif
lebih,18,positif
kupas,3,netral
popularitas,1,netral
dampak,127,negatif
biasa,32,negatif
areapintar,1,netral
areapintartrust,1,netral
ortuku,4,netral
badan,42,negatif
usaha,285,negatif
negara,133,netral
pegawai,78,positif
negeri,109,netral
sipil,76,netral
ngefreelance,1,netral
doang,108,negatif
kejar,25,negatif
macam,3,netral
allah,25,positif
keluh,177,netral
ejek,13,negatif
kirim,11,positif
tempuh,4,netral
tanggung,75,negatif
bayar,196,negatif
subscription,2,netral
iya,212,netral
yolo,16,netral
save,4,netral
dilema,7,negatif
lepas,20,negatif
gaji,3631,netral
salah,338,negatif
healing,23,netral
hilang,20,negatif
invlinic,12,netral
sumpah,21,negatif
pemuda,23,negatif
bisnis,55,positif
monfridaychallengeoktober,1,netral
makna,10,positif
nikah,95,negatif
dominasi,13,positif
meni,26,negatif
enak,105,negatif
cukup,20,negatif
kuat,55,negatif
serba,41,netral
cashless,3,netral
boros,35,negatif
frugal,12,netral
living,17,netral
teknologi,185,netral
picu,32,netral
perilaku,35,positif
solusi,68,positif
susah,209,negatif
padan,20,netral
apayang,1,netral
laku,69,netral
rehat,3,netral
besok,17,netral
discussion,1,netral
presentation,1,netral
kuiz,1,netral
tampar,3,netral
aku,30,negatif
ingat,8,negatif
rendah,74,negatif
oktobermemperingati,1,netral
fomo,19,netral
hancur,10,netral
deret,1,netral
ojk,3,netral
only,6,positif
live,18,positif
once,8,netral
fear,3,netral
of,50,netral
missing,3,netral
out,15,netral
trenasia,3,netral
instrumen,2,netral
konvensional,1,netral
geser,3,negatif
sifat,16,netral
experiencebased,1,netral
boomer,112,netral
x,129,netral
millenial,115,netral
late,4,netral
video,31,netral
youtube,20,netral
judi,8,netral
tembus,5,positif
angka,42,netral
triliun,2,netral
keluarga,128,negatif
pecah,2,netral
resah,11,negatif
akibat,52,negatif
judol,6,netral
zgenvoiceid,1,netral
bukti,21,negatif
riset,37,netral
idn,5,netral
persen,38,positif
gara,61,negatif
ciptaker,3,netral
jamin,33,negatif
karir,46,netral
saking,4,netral
status,9,netral
expendable,1,netral
kakekbapakabangnya,1,netral
funder,1,netral
sustainable,3,netral
syukur,51,positif
dungu,2,negatif
mulut,6,negatif
sandwich,84,netral
generation,86,netral
pepet,1,negatif
makan,164,negatif
istri,10,netral
ngontrak,9,netral
iri,12,negatif
cemara,2,netral
orang,855,netral
tua,266,negatif
lilit,3,negatif
kenal,65,negatif
signifikan,11,netral
cenderung,46,negatif
sikap,27,positif
jakarta,66,netral
skill,82,netral
wajib,36,negatif
sabtu,16,netral
kepala,18,netral
pusat,10,positif
statistik,6,positif
provinsi,1,netral
diy,2,netral
herum,1,netral
fajarwati,1,netral
bicara,87,netral
studium,1,netral
generale,1,netral
tajuk,1,netral
data,31,negatif
selenggara,17,positif
universitas,42,netral
islam,11,positif
indonesia,234,netral
hindar,23,netral
kelak,12,netral
tahu,33,negatif
moral,5,positif
mapan,17,positif
medcomid,4,netral
mudamemberiarti,4,netral
cewek,20,netral
tipe,9,netral
bungsu,2,negatif
ceplos,2,netral
chatnya,1,netral
batal,2,negatif
ribut,8,negatif
mulu,91,negatif
tar,5,netral
hehhe,1,netral
savvy,5,netral
ribet,22,negatif
sakit,93,negatif
celaka,3,negatif
break,3,netral
stop,12,negatif
scroll,3,netral
besar,85,negatif
work,58,netral
worklife,18,netral
threads,5,netral
tular,3,negatif
peileter,1,netral
rujuk,3,netral
internasional,8,netral
cnbc,3,netral
monkey,1,netral
dewasa,31,positif
dunia,145,negatif
mandiri,22,negatif
haha,34,netral
loud,2,netral
lembut,6,netral
saving,6,netral
kunci,12,positif
kebelet,1,netral
janda,2,netral
nya,339,netral
matang,15,netral
aspek,21,negatif
ala,19,netral
tersier,11,netral
minum,19,negatif
kopi,45,netral
sikolog,1,netral
tai,29,negatif
waras,10,negatif
peras,7,netral
atas,99,negatif
pajak,51,negatif
gede,267,negatif
tanah,36,netral
mahal,141,positif
wkwk,184,netral
dah,8,negatif
tiada,12,negatif
kaum,30,netral
nama,118,netral
thrads,1,netral
doomspending,1,netral
eh,70,netral
juta,380,positif
jelas,14,negatif
tabunganedukasi,1,netral
karyawan,77,positif
suruh,101,negatif
marah,47,negatif
beres,9,netral
allahul,1,netral
mustaanini,1,netral
musibah,3,negatif
rusak,25,negatif
bandar,1,negatif
min,22,netral
omset,2,netral
tahun,49,netral
duit,140,netral
goyang,2,negatif
eco,1,positif
hadap,85,netral
sepenuh,4,netral
mitos,1,netral
nyata,59,negatif
perspektif,4,netral
nasib,19,netral
merana,2,negatif
terusterusan,2,netral
stay,17,netral
tune,1,netral
lo,24,netral
kucing,3,netral
comingsoon,1,netral
festival,2,netral
tempobisnis,4,netral
tapak,3,netral
impi,18,netral
apartemen,9,netral
faktafakta,1,netral
selektif,4,negatif
pasti,14,positif
pas,147,positif
industri,21,netral
media,235,netral
muncul,24,negatif
bas,13,netral
lirik,3,netral
pandang,26,positif
sebab,183,negatif
masalah,61,negatif
survive,17,netral
parah,16,negatif
saing,23,netral
manusia,121,positif
turut,25,negatif
biaya,89,netral
after,5,netral
modern,18,positif
karier,14,netral
kembang,125,positif
tinggi,22,negatif
cerai,6,negatif
kaku,3,netral
gig,1,netral
fleksibel,13,netral
risiko,24,negatif
tarik,39,positif
sobat,15,negatif
kota,44,negatif
ancam,37,negatif
utas,5,positif
kelompok,73,negatif
alokasi,3,netral
cermin,8,positif
penuh,47,netral
lingkung,84,netral
gaul,7,negatif
rahasia,5,negatif
tiru,7,netral
terap,15,netral
target,30,netral
perhati,149,netral
mampu,35,negatif
terburuburu,1,netral
suara,28,negatif
sosma,1,netral
haloo,2,positif
beasiswa,9,netral
scholarflip,2,netral
buka,88,negatif
program,52,netral
luncur,3,netral
flip,2,netral
dukung,39,positif
dorong,9,netral
rangkul,4,negatif
serius,30,negatif
sorot,10,netral
kait,89,positif
arah,16,negatif
main,69,negatif
judolperusak,1,netral
fufufafa,2,netral
susu,5,negatif
guru,97,positif
gembul,1,negatif
puput,1,netral
novel,3,positif
hujan,2,negatif
npwp,2,netral
gibran,7,netral
jennie,1,netral
is,37,netral
coming,3,netral
senin,3,netral
lindung,12,positif
penasaran,15,negatif
untuk,6,netral
direct,7,netral
message,6,netral
iring,9,netral
sesuai,180,positif
efektif,9,positif
jalan,83,netral
bantu,118,negatif
kayak,382,negatif
ngubah,3,netral
pesan,6,negatif
ubah,101,netral
ku,50,netral
asa,47,negatif
bajingbajing,1,netral
sungguh,7,negatif
valid,4,netral
impulsif,3,positif
serah,18,negatif
enggan,2,negatif
telinga,3,netral
palsu,2,netral
anjir,47,negatif
problem,14,negatif
guweh,2,netral
bisnismuda,1,netral
kontra,6,netral
sistem,35,negatif
korup,8,negatif
galau,6,netral
maju,50,netral
pesat,19,negatif
internet,69,netral
nikmat,33,positif
fasilitas,27,negatif
entuk,1,netral
bengi,1,netral
curhat,11,negatif
babagan,1,netral
yaene,1,netral
nembung,1,netral
i,55,netral
mata,26,negatif
sobatnakertrans,2,netral
alam,152,negatif
alami,181,negatif
ketidakpastian,4,netral
posisi,43,netral
kompetitif,7,netral
tunjang,37,positif
materi,11,netral
lulus,76,positif
wisuda,3,netral
realistis,15,positif
manajemen,28,netral
hutan,1,positif
latih,13,negatif
kritis,9,negatif
huruf,2,netral
f,7,netral
cita,10,netral
fyp,2,netral
tujuanya,1,netral
inti,26,netral
generasimerzeka,1,netral
hai,15,positif
kendala,6,netral
tonton,33,negatif
reels,1,netral
instagram,17,netral
bisnisonline,1,netral
inspirasi,2,negatif
suksesmuda,1,netral
tipskonten,1,netral
bisnisdigital,1,netral
produkdigital,1,netral
childfree,9,netral
ilmu,86,positif
parentingnya,1,netral
kurikulum,4,netral
akomodasi,2,positif
karakteristik,5,netral
mitra,2,negatif
pragmatis,3,netral
arti,24,positif
dinamis,3,netral
terampil,4,negatif
relevan,6,netral
fleksibiltas,1,netral
lanjut,13,negatif
dian,2,netral
canggih,16,netral
preferensi,4,positif
lemah,71,negatif
nyaman,28,positif
sekolahuniv,1,netral
aduh,27,negatif
moga,49,positif
lekas,9,negatif
sembuh,11,positif
naik,120,positif
huni,13,negatif
tinggal,78,negatif
bengkak,2,negatif
layak,77,negatif
masuk,153,negatif
properti,98,netral
genfi,1,netral
setia,1,negatif
urus,48,netral
event,4,netral
acara,21,netral
sayang,49,negatif
genzfinancial,1,netral
saudara,9,netral
satu,37,negatif
value,16,netral
bareng,33,negatif
mindoo,1,netral
convertpulsa,1,netral
valueofmoney,1,netral
pulsajadiuang,1,netral
zonauang,5,netral
zonajajan,3,netral
lekat,2,negatif
stereotipe,1,netral
tech,8,netral
kreatif,19,positif
kerap,11,netral
cap,6,netral
malas,87,negatif
manja,43,negatif
rapuh,11,netral
hambat,13,negatif
faktor,141,negatif
struktural,6,netral
gtgt,3,netral
bahanbahan,1,netral
anggur,87,negatif
alpha,25,netral
bonus,27,negatif
demografi,9,netral
rambah,1,netral
kenyataanya,10,netral
ogah,24,negatif
harap,71,negatif
komunitas,17,negatif
sebar,13,netral
female,2,netral
ikut,52,negatif
jejak,5,netral
makmur,5,positif
cipta,19,netral
osu,1,netral
itu,12,negatif
stagnan,4,negatif
beliau,8,netral
opsi,3,netral
lamar,25,netral
tolak,34,negatif
ideal,13,positif
lahir,130,positif
pondasi,3,netral
kokoh,2,netral
can,11,netral
afford,7,netral
not,36,netral
to,64,netral
at,11,netral
least,7,netral
they,9,netral
choose,2,netral
for,47,netral
their,8,netral
too,2,netral
cicil,50,netral
selesai,34,negatif
denda,1,positif
bpkb,1,netral
bank,29,netral
tebus,1,netral
mobil,24,positif
better,9,negatif
lcgc,1,netral
minim,40,negatif
maintance,1,netral
sparepart,1,netral
lupa,40,negatif
sahabatpegadaian,1,netral
gadai,5,negatif
lapor,46,positif
perspective,2,netral
from,17,netral
alias,46,netral
bisnisupdate,1,netral
infog,1,netral
partisipasi,7,positif
habis,125,negatif
agree,4,netral
albertus,1,netral
axel,1,netral
tahan,85,negatif
disiplin,10,positif
konsisten,3,netral
gilagilanya,1,netral
tebak,5,negatif
antisipasi,5,negatif
sesal,20,negatif
jauh,2,negatif
miskin,32,negatif
alasanya,1,netral
genzfinansial,1,netral
kebebasanfinansial,1,netral
investasimuda,1,netral
mengaturkeuangan,1,netral
finansialmandiri,1,netral
langkahfinansial,1,netral
mulaisekarang,2,netral
finansialsehat,1,netral
baris,1,netral
memang,4,negatif
digit,166,netral
umur,128,negatif
an,82,netral
bias,3,negatif
tunda,1,netral
daftar,20,negatif
takut,61,negatif
rilis,10,positif
rencana,20,negatif
tirtodaily,1,netral
kadang,64,positif
anger,2,netral
issues,2,netral
kuasa,15,positif
jitu,5,netral
caci,2,negatif
resistensi,1,netral
performa,1,netral
tingkat,141,positif
dinyiyirin,1,netral
kalah,27,negatif
etos,10,netral
sektor,6,netral
agribisnis,2,netral
simpul,20,positif
kisar,8,netral
turun,55,negatif
zina,1,netral
aborsi,2,negatif
konsekuensi,3,negatif
logis,2,netral
k,104,netral
pelamin,1,positif
komun,1,netral
mari,21,negatif
rapat,9,negatif
nilai,35,positif
show,2,positif
me,28,netral
bang,33,netral
abang,8,netral
buruk,247,negatif
otak,21,negatif
buntut,1,positif
bobrok,9,negatif
kasih,187,negatif
dahulu,4,negatif
aktif,25,negatif
boomers,54,netral
emas,15,netral
jaman,95,negatif
dooeit,1,netral
aplikasidooeit,1,netral
aturkeuangan,1,netral
bijakkeuangan,1,netral
rentan,92,negatif
intensif,1,negatif
angan,2,positif
haye,1,netral
hina,6,negatif
ujung,24,negatif
juba,1,netral
palak,3,netral
tenang,26,negatif
kreativitas,7,positif
pacu,2,netral
caracara,4,netral
benarbenar,8,netral
bahagia,33,negatif
british,1,netral
columbia,1,netral
terima,147,positif
negatif,36,netral
stigma,24,netral
putar,13,netral
korban,28,negatif
sejahtera,58,netral
mispersepsi,2,netral
manfaat,59,positif
hubung,55,negatif
kontribusi,20,netral
tentu,17,negatif
pendek,3,negatif
sejati,4,positif
anti,12,negatif
konsumerisme,1,netral
bawa,75,negatif
navigasi,1,netral
konsumsi,6,netral
mana,81,netral
informasi,83,negatif
luas,17,positif
wawas,2,netral
seharihari,23,netral
income,18,netral
diri,13,negatif
fondasi,1,negatif
fredoom,1,netral
nasihat,5,negatif
kan,1,netral
masingmasing,13,netral
munafik,3,netral
paksa,23,negatif
paspasan,13,netral
upah,461,negatif
minimum,461,netral
regional,437,netral
haram,4,netral
anjing,46,negatif
opsional,2,netral
cv,9,netral
mahasiswa,45,netral
dw,1,netral
kemensos,1,netral
lantas,14,netral
tumblr,3,netral
hidrasi,1,netral
dibuatin,4,netral
judul,55,positif
it,32,netral
si,46,netral
unnecessary,1,netral
ngejual,1,netral
cuteness,1,netral
wasteful,1,netral
and,68,netral
encentino,1,netral
botol,2,netral
overprice,2,netral
betulll,1,netral
bangga,18,positif
trik,9,netral
ngepukpuk,1,netral
usahain,3,netral
bangsatbangsatin,1,netral
tangan,22,positif
pawang,1,netral
impossible,2,netral
mindset,18,netral
sulfat,18,netral
pressure,16,netral
bomers,1,netral
edan,5,negatif
hebat,12,netral
rezeki,6,positif
gratis,23,positif
duga,3,negatif
medis,3,netral
premi,2,netral
jangkau,8,netral
abai,7,negatif
desak,2,negatif
literasifinansial,2,netral
komunitasliterasifinansial,1,netral
pakebri,1,netral
nadila,2,netral
post,7,netral
low,5,netral
budget,9,netral
berat,53,netral
back,6,netral
up,28,netral
transportasi,6,netral
bangkrut,3,negatif
akut,2,negatif
lay,4,netral
off,13,netral
damba,2,netral
merapaat,1,netral
agi,1,netral
artha,1,netral
graha,1,netral
produktivitas,7,netral
cegah,25,negatif
obat,24,negatif
awat,17,positif
baik,37,negatif
emotional,1,netral
ldr,1,negatif
tipsntrick,1,netral
adopsi,1,netral
hit,1,netral
wajar,58,negatif
anang,1,netral
kolot,11,negatif
anggap,95,netral
tunggu,29,negatif
kesiap,8,netral
millennials,23,netral
akun,11,netral
miniv,2,netral
betul,2,negatif
swipe,2,netral
tipsnya,3,netral
sehatfinansial,1,netral
finansialcheckup,1,netral
aneh,41,negatif
kuliah,99,negatif
musyawarah,1,negatif
batin,14,netral
tukang,13,negatif
gajauh,2,netral
cinta,16,negatif
sengaja,7,negatif
twit,21,netral
relationship,8,netral
pindah,27,negatif
crush,1,netral
njenengan,1,netral
tretanpajak,1,netral
warga,16,netral
tipskeu,1,netral
zaman,131,netral
elak,1,negatif
inovasi,8,positif
bidang,50,netral
ironis,1,netral
golong,10,netral
kaya,11,negatif
amerika,24,netral
aset,26,netral
kripto,5,netral
alhamdulillah,40,positif
sensitif,10,positif
positif,52,positif
think,7,netral
long,8,netral
term,7,netral
role,4,netral
incar,5,netral
zenbusiness,2,netral
berwirausaha,3,netral
sempat,28,netral
wujud,24,positif
amin,15,negatif
korporat,8,netral
batas,48,negatif
finansialgen,1,netral
ratarata,17,netral
rintis,7,negatif
mbok,4,netral
wanita,7,netral
senang,40,negatif
qrt,2,netral
gaperlu,4,netral
planning,25,netral
monggo,1,positif
idam,6,negatif
maklum,9,negatif
ketarketir,2,netral
rakyat,59,netral
talang,1,netral
total,10,netral
dikibulinnya,1,netral
tipu,12,netral
dukun,1,negatif
ganda,4,negatif
skema,4,netral
ponzi,1,netral
gampang,35,negatif
heran,30,negatif
ampit,1,netral
nunda,2,netral
pinak,2,negatif
israel,2,netral
model,16,positif
maslahatamp,1,netral
latar,4,netral
agama,6,negatif
ras,4,netral
punlebih,1,netral
adil,10,negatif
etika,10,netral
novas,1,netral
act,1,netral
ethics,1,netral
privilege,11,netral
kemarin,53,netral
debat,9,positif
direktur,6,positif
gin,14,netral
ketua,9,netral
patok,6,netral
prinsip,15,netral
isi,56,negatif
homo,1,netral
lesbi,1,netral
syarat,38,netral
ruwet,3,negatif
bejibun,4,netral
trust,10,netral
isu,58,negatif
woi,8,netral
sekian,36,netral
konsep,9,netral
siapsiap,3,netral
lesat,2,netral
rekomendasi,4,netral
buku,10,netral
bukukeuangan,1,netral
tipstips,1,netral
tipsalapemkab,1,netral
workshop,5,netral
krusial,2,netral
pratama,1,netral
mayoritas,28,netral
proses,26,positif
dekat,16,negatif
kena,171,negatif
sok,69,netral
tim,33,negatif
konsultan,3,netral
politik,30,negatif
meta,1,netral
plus,19,positif
jago,6,positif
wirausaha,3,netral
mbah,2,netral
tanggap,7,positif
konteks,10,netral
kubu,2,netral
presiden,31,positif
akan,11,netral
koalisi,2,netral
gemuk,2,negatif
include,3,netral
influencer,14,netral
crypto,5,netral
samping,12,negatif
jajan,33,netral
akuntan,2,netral
ekstra,7,positif
platform,7,netral
freelancing,1,netral
privatuang,1,netral
asyik,17,netral
topik,19,netral
familiar,2,positif
channel,7,netral
ayovest,1,netral
link,9,netral
bio,3,netral
diskon,3,positif
mak,8,netral
revolusi,6,netral
iklim,14,netral
pandemi,118,negatif
kompas,8,negatif
milenials,14,netral
relate,12,netral
konser,30,netral
auto,6,netral
sindir,17,negatif
boncos,3,netral
inovatif,4,netral
diversifikasi,1,netral
portofolio,1,positif
ugen,1,netral
libat,10,netral
tradisional,2,negatif
c,8,netral
raffi,3,netral
santai,43,positif
swasta,17,netral
fine,5,positif
embo,1,netral
sing,2,positif
debatcapres,1,netral
malam,35,negatif
address,1,netral
dikitdikit,6,netral
check,10,positif
olshop,2,netral
lucu,16,negatif
butuhbutuh,1,netral
this,24,netral
kuda,4,netral
kebel,31,netral
jujur,26,negatif
pensiun,38,negatif
keliling,3,netral
self,27,netral
reward,19,netral
mu,12,netral
siaga,1,netral
kb,2,netral
bukopin,1,netral
cek,17,negatif
website,1,netral
kbbukopin,1,netral
bintangfinansial,1,netral
broken,2,netral
home,4,netral
range,13,netral
asal,4,netral
empat,2,netral
responden,19,netral
pkssolid,3,netral
aminmenang,3,netral
ahmad,3,netral
internal,13,netral
eksternal,8,netral
hukum,18,negatif
spekulatif,1,netral
sapa,5,netral
teater,1,netral
kamis,3,netral
desember,4,netral
ganjar,25,negatif
pranowo,8,netral
papar,17,negatif
gantar,1,netral
gantariuntukganjar,1,netral
bentuk,14,positif
patuh,3,positif
jadi,36,negatif
bon,18,netral
gates,2,netral
panutan,1,netral
sosok,2,netral
berani,41,netral
strategi,8,netral
bot,1,negatif
ernando,1,netral
israhell,1,netral
buckingham,1,netral
palace,1,netral
subuh,3,netral
asnawi,1,netral
timnas,2,netral
ragu,3,negatif
tiktok,37,netral
diremehin,5,netral
as,42,netral
oi,17,netral
percaya,30,positif
factchecking,1,netral
mainstream,4,negatif
mangkir,3,negatif
boikot,2,netral
ua,1,negatif
maksimal,24,positif
dehmungkin,1,netral
roket,7,netral
literacy,5,netral
mono,1,netral
sekuritas,2,netral
tipis,5,netral
reksa,1,positif
gagal,21,negatif
generalisasi,5,netral
kirakira,8,netral
singa,1,netral
tulis,24,netral
kolom,2,netral
komentar,11,netral
pt,7,netral
abadi,2,positif
finansindo,1,netral
csid,1,netral
singafintech,1,netral
kreditdigital,1,netral
pinjamanonline,1,netral
halo,46,positif
rabu,5,netral
desk,7,netral
hangat,6,negatif
dinamika,4,positif
departemen,1,netral
moneter,3,netral
dkem,1,netral
erwindo,1,netral
kolopaking,1,netral
unduh,1,netral
metrotvxtend,1,netral
play,2,netral
store,2,netral
app,9,netral
genx,5,netral
domestik,1,netral
topang,3,netral
tangga,11,netral
zpernah,1,netral
terkadang,12,positif
tanggal,13,negatif
tandatanda,2,netral
quarterid,1,netral
upgradediri,1,netral
personalfinance,1,netral
pinterkeuangan,1,netral
sektorsaham,1,netral
sociallyresponsible,1,netral
sepupu,6,netral
human,30,netral
resources,28,netral
departement,28,netral
early,7,netral
suport,1,netral
mythen,1,netral
kakak,32,netral
anggepnya,1,netral
delegasiin,1,netral
aneka,2,positif
be,19,netral
less,3,netral
perfectionist,1,netral
fight,3,netral
stamina,1,positif
userstory,4,netral
bom,2,negatif
america,44,netral
serikat,16,netral
halang,5,negatif
don,6,netral
normalize,4,netral
bunh,1,netral
ribu,52,netral
ai,13,netral
ganti,31,negatif
side,9,netral
job,47,netral
bestie,3,netral
indikasi,2,negatif
ketidakamanan,3,netral
optimistis,1,netral
last,7,netral
part,8,netral
recommended,1,netral
benar,44,negatif
raguragu,1,netral
buru,4,negatif
promo,3,positif
danamon,8,netral
potong,158,negatif
semangat,44,negatif
bridestory,1,netral
marketnya,2,netral
ah,18,netral
esensial,2,negatif
definisi,17,positif
alihalih,2,netral
renumerasi,1,netral
dianggep,4,netral
gengsi,29,positif
okezone,1,netral
tiruuu,1,netral
yhaw,1,netral
investing,4,netral
the,100,netral
brighter,1,netral
futuremenikah,1,netral
bibit,2,netral
bobot,1,negatif
bebet,1,netral
again,4,netral
km,26,netral
campur,2,positif
adik,44,netral
oleh,26,netral
visi,5,positif
capa,3,netral
belajarkeuangan,1,netral
web,6,netral
series,2,netral
ali,2,netral
herman,2,netral
seeds,2,netral
finance,8,netral
kisah,5,netral
cici,1,netral
lintah,1,netral
darat,3,negatif
efek,16,positif
jera,2,negatif
jerat,4,netral
erat,4,netral
sisi,31,netral
sumbang,5,negatif
macet,3,netral
slot,2,netral
mangkok,1,netral
bakso,2,netral
perak,3,negatif
kos,11,netral
trauma,18,negatif
lady,1,netral
bos,75,positif
cantik,11,negatif
pageant,1,netral
versi,7,netral
hak,36,netral
nadi,2,netral
token,2,netral
listrik,14,netral
lot,4,negatif
estetik,1,positif
ganggu,335,negatif
deteksi,2,netral
kelas,37,negatif
cost,7,netral
minqu,1,netral
ngerangkum,1,netral
puncak,5,negatif
berhatihati,1,netral
ana,2,negatif
temandana,1,netral
danadompetdigital,1,netral
question,2,netral
gila,46,negatif
toxickah,1,netral
hustle,5,netral
culture,8,netral
seimbangin,1,netral
tracing,1,netral
kenyang,1,positif
sengsara,1,negatif
macemmacem,1,netral
reproduksi,2,netral
pikul,3,negatif
daerah,26,netral
menang,28,negatif
kampanye,4,positif
lihat,132,positif
pamer,10,negatif
komitmen,3,netral
rantai,3,negatif
rich,4,netral
dad,3,netral
poor,2,negatif
robert,1,netral
kiyosaki,1,netral
insight,8,netral
danamonlawancemasfinansial,5,netral
couldnt,1,netral
more,9,netral
erti,60,negatif
pendidikanpekerjaan,1,netral
ataudan,1,netral
super,12,negatif
ez,2,netral
contoh,39,netral
ternyataaa,1,netral
sembunyi,2,netral
pasang,13,positif
ungkap,6,negatif
selingkuh,2,negatif
fortuneindonesia,2,netral
blue,2,netral
worry,1,netral
ovt,5,netral
bro,23,netral
segi,13,negatif
apa,54,negatif
jodoh,7,negatif
nder,48,netral
nikaj,1,netral
dikomunikasiin,1,netral
finansialmateri,1,netral
sexual,2,netral
expectation,3,netral
benah,2,netral
mas,31,netral
cucu,6,netral
desa,6,netral
ibadah,1,positif
waris,17,negatif
jasa,6,positif
kriteria,11,netral
standar,45,negatif
logika,8,netral
suami,13,netral
ok,11,positif
nge,3,netral
modal,24,negatif
lisensi,1,netral
wppe,1,netral
full,17,netral
cangkup,1,netral
fungsi,12,netral
analisa,2,netral
advice,3,netral
inikrena,1,netral
resesihal,1,netral
lohhmereka,1,netral
tntng,2,netral
taehyung,2,netral
ba,4,netral
simvest,1,netral
deal,5,netral
sinar,1,netral
prospek,5,positif
aware,33,netral
obligasi,2,netral
surat,25,netral
pemberitahuan,10,negatif
sendiri,6,negatif
bodoamat,1,negatif
ydh,1,netral
milenialsnya,1,netral
rentang,22,netral
apple,8,netral
shifting,1,netral
non,12,netral
hurahura,1,netral
affiliator,1,netral
konten,45,netral
kreator,6,netral
primer,8,negatif
sekunder,2,netral
dikumpulin,2,netral
nalar,7,netral
coy,10,netral
study,8,netral
tour,6,netral
asli,17,positif
haru,2,netral
well,9,netral
educate,2,netral
tolol,27,negatif
sibuk,25,negatif
terus,59,netral
layoff,6,netral
loyalitas,16,netral
gita,2,positif
wirjawan,1,netral
senior,29,negatif
wirausahawan,1,netral
politikus,2,netral
future,4,netral
ternak,4,netral
tiket,16,netral
parenting,5,netral
psikologi,23,netral
mskpn,2,netral
anut,3,negatif
child,5,netral
free,6,positif
benerbener,5,netral
tahap,8,netral
next,7,negatif
menitikberatkan,2,netral
musim,3,netral
libur,33,positif
derita,21,negatif
credit,3,netral
karma,2,netral
korelasi,1,netral
sender,10,netral
orientasi,14,positif
bekal,7,positif
kecil,11,negatif
mahasiswigenz,2,netral
adu,10,negatif
man,5,negatif
improvement,1,netral
minigold,2,netral
gizi,7,netral
tolong,40,negatif
keblinger,1,netral
open,10,negatif
minded,5,netral
marak,5,netral
if,16,netral
youre,3,netral
muslim,2,positif
birrul,1,netral
waliddain,1,netral
must,2,netral
please,14,negatif
taruh,5,positif
instead,3,netral
jejal,1,negatif
mongering,1,netral
retro,1,netral
jaduljadul,1,netral
thrifting,1,netral
kebiasaankebiasaan,1,netral
pola,27,positif
orantua,1,netral
makassar,6,netral
goes,6,netral
kampus,20,netral
bgtc,4,netral
hadir,29,negatif
digitalisasi,6,netral
jurnalistik,5,netral
kharim,1,netral
siregar,1,netral
summit,1,netral
sharing,9,positif
temuin,1,netral
sesi,6,netral
obrol,15,netral
jagodiimgs,1,netral
bersamakitajago,1,netral
bogor,3,netral
pantau,6,positif
rangkai,7,negatif
pekanbaru,4,netral
budaya,22,netral
hustling,2,netral
arekarek,1,netral
surabaya,9,netral
jurnalis,2,netral
bisnisindonesiagoestocampusits,1,netral
kemilau,1,netral
ningkatin,4,netral
ngeraih,2,netral
iniitu,3,netral
workipedia,2,netral
class,9,netral
diadain,2,netral
ang,1,netral
ken,2,negatif
ben,2,netral
bunga,10,negatif
sus,2,netral
queer,1,netral
jepara,1,netral
berak,3,negatif
dimanamana,6,netral
burit,1,netral
suci,1,negatif
tekad,1,negatif
mengindari,1,netral
korupsi,14,negatif
njirtt,1,netral
in,89,netral
kea,2,netral
normal,17,positif
ajlh,1,netral
keep,7,netral
beritajogja,2,netral
jogjaistimewa,2,netral
dipungkiri,8,netral
kenceng,1,negatif
ngepas,7,netral
nguliahin,1,netral
bismillah,1,positif
kun,1,netral
fa,1,netral
yakun,1,netral
minat,21,positif
permatabank,4,netral
ada,30,negatif
nasional,13,netral
business,11,netral
case,7,netral
competition,1,netral
pnbcc,1,netral
marketeers,1,netral
ugmfess,1,netral
magang,33,netral
ngasah,3,netral
profesional,24,netral
webinar,13,netral
sharingsharing,1,netral
vocarier,1,netral
way,29,netral
your,13,netral
cont,15,netral
ayo,26,positif
minggucerita,2,netral
orde,4,positif
sama,16,positif
timbang,22,netral
gilir,29,netral
bangsat,11,negatif
indogold,4,netral
ky,5,netral
soon,2,netral
dengar,42,positif
isuisu,21,netral
hopefuly,1,netral
tungguin,1,netral
referensi,3,netral
bahasa,9,negatif
follow,7,netral
felicia,2,netral
putri,11,netral
kokocuan,1,netral
fellexandro,1,netral
postingan,7,netral
wisata,1,netral
headlines,1,netral
epaperkoransindo,1,netral
jatuh,9,negatif
jurang,3,netral
tutup,17,negatif
perintah,94,netral
fundamental,1,negatif
acu,1,negatif
duduk,20,netral
teras,1,netral
speaker,1,netral
yampz,3,netral
etc,18,netral
also,7,netral
top,12,positif
gra,1,netral
bohong,6,negatif
perushaan,2,netral
tekun,2,positif
tenggelam,3,netral
telusuru,1,netral
zona,4,netral
gausahlah,2,netral
ngrepotin,3,netral
boro,28,negatif
resign,102,netral
gacocok,1,netral
komprehensif,1,netral
represent,1,netral
lapis,3,netral
support,12,positif
kuasi,1,netral
gantung,37,negatif
perangkat,3,netral
boomber,1,netral
limpah,4,positif
kepempinannya,1,netral
barujenis,1,netral
logistik,1,netral
gali,2,netral
jenis,23,netral
denganetmerdekaberdaulat,1,netral
trllu,2,netral
bakti,4,positif
balas,13,negatif
budi,2,netral
sori,2,netral
skip,5,netral
mbahas,1,netral
algoritm,1,netral
growing,1,netral
ketemu,17,positif
remaja,95,negatif
sering,4,positif
pointless,1,netral
boba,2,netral
ide,19,netral
cuan,6,netral
tjiasaka,1,netral
henky,1,netral
suryaputra,1,netral
director,2,netral
sampoerna,4,netral
olga,1,netral
agata,1,netral
goda,1,negatif
ecommerce,2,netral
id,10,netral
lebihyakin,1,netral
sampoernamobilebanking,1,netral
ratus,14,netral
tanya,5,negatif
common,5,netral
sense,9,netral
cape,61,negatif
maha,2,positif
ramairamainya,1,netral
ditundatunda,1,netral
kopisyop,1,netral
pricey,1,netral
stable,12,netral
jir,9,negatif
cakap,23,negatif
intelligence,2,netral
quotient,2,netral
rawat,12,negatif
hamil,5,negatif
skrining,1,netral
pranikah,1,netral
suplementasi,1,netral
nutrisi,1,netral
psikologis,63,netral
split,3,netral
komen,15,netral
settle,5,netral
twitter,20,netral
tempat,17,negatif
opini,18,netral
bodoh,35,netral
fortune,2,netral
ngebut,1,netral
mentok,14,negatif
bentur,1,positif
realita,23,netral
sekadartren,1,netral
alive,1,netral
powered,1,netral
by,32,netral
generali,1,netral
tuntut,70,negatif
material,3,netral
baya,4,negatif
ketat,7,negatif
rangka,8,netral
eksekutif,2,netral
februari,3,netral
bina,7,netral
arta,1,netral
tengah,41,positif
bokek,1,negatif
upaya,19,negatif
hsbc,1,netral
pji,1,netral
dscussion,2,netral
misi,3,netral
porsi,5,positif
anakanda,1,netral
ceraiin,1,netral
hem,8,netral
podcast,7,netral
papa,5,netral
gerontokrasi,1,netral
regenerasi,1,negatif
epl,1,netral
bait,2,negatif
ngenalin,1,netral
televisi,7,netral
republik,5,netral
people,7,netral
peringkat,1,netral
tia,2,netral
tuguinsurance,1,netral
reachnewheights,1,netral
beranilebihbaik,1,netral
kecemasankeuangan,1,netral
keuangangenz,1,netral
yrl,1,netral
company,37,netral
skil,4,netral
network,3,netral
carier,1,netral
path,1,netral
semarang,1,netral
grad,32,netral
tidak,2,negatif
opportunity,9,netral
senjang,4,negatif
penat,4,negatif
nak,169,netral
xnak,3,netral
xleh,8,netral
tegur,12,negatif
pushymampuih,1,netral
premium,12,positif
bisagen,1,netral
mau,98,negatif
eropaminimal,1,netral
jutabln,2,netral
tampil,4,negatif
rapi,4,negatif
point,12,netral
wangi,2,positif
offer,17,netral
resto,2,netral
ha,8,netral
benefit,23,netral
holic,1,netral
dewantara,1,netral
sty,3,netral
mundur,9,netral
salahdi,1,netral
kompitisi,1,netral
pergi,28,negatif
eropa,6,netral
tokyo,1,netral
daily,4,netral
expenses,3,netral
wak,4,netral
diporotin,1,netral
lapang,57,positif
agung,4,netral
kapitalisme,2,netral
ayah,15,netral
efisien,1,positif
hire,27,netral
kerjain,9,negatif
multiple,2,netral
jobs,1,netral
standart,5,netral
livingnya,1,netral
feel,2,netral
pstu,2,netral
demand,32,netral
gosh,1,netral
employees,2,netral
interview,41,netral
ditanyain,3,netral
salary,11,netral
mah,4,netral
dongok,3,negatif
problematik,4,netral
burnout,7,netral
flexing,17,netral
elite,5,positif
no,45,netral
exp,4,netral
terjun,6,negatif
gap,13,netral
kompetensiskill,1,netral
supply,4,netral
komunikasi,13,negatif
macamana,1,netral
kecam,2,netral
starting,4,netral
siaaaaa,1,netral
benghar,1,netral
bahlil,2,netral
tangkurang,1,netral
hari,51,netral
hariii,1,netral
mun,2,netral
leheng,1,netral
gajih,2,negatif
naekk,1,netral
suku,2,netral
naraek,1,netral
teh,8,positif
iemah,1,netral
sukununga,1,netral
lierrr,1,netral
ngentottttt,1,netral
omong,19,negatif
setan,7,negatif
mohon,10,negatif
rejeki,8,positif
dlunya,1,netral
bjirr,2,netral
ppn,7,netral
imbas,9,negatif
shibaallll,1,netral
tipikal,8,netral
daya,34,netral
chart,1,netral
profesi,13,netral
vocalist,1,netral
manajerdirektur,1,netral
jutabulan,7,netral
maknae,1,netral
line,3,netral
teknisi,3,netral
lineup,1,netral
research,7,netral
institute,8,netral
sisa,19,negatif
literally,5,netral
minoritas,2,netral
kayakaya,1,netral
rtrt,1,netral
victnya,1,netral
bla,41,netral
rekrut,9,netral
cik,6,netral
tauny,1,netral
carry,1,netral
iprit,1,netral
telat,19,negatif
menit,4,netral
lembur,90,netral
sembah,1,negatif
tuhan,12,positif
kabur,14,negatif
gaung,3,negatif
entrylevel,1,netral
ngabisin,5,netral
sultan,4,netral
ltrp,1,netral
boroboro,2,netral
jutatahun,1,netral
sangka,4,negatif
je,87,netral
getik,1,netral
perangai,11,netral
tgok,3,netral
email,6,netral
escalation,1,netral
ngeluhin,5,netral
anjingggg,1,netral
perintilan,1,netral
apaapa,10,netral
nang,2,negatif
sabar,16,positif
ngelewatin,1,netral
badai,4,negatif
pemrentah,2,netral
polah,2,netral
monas,1,netral
kapok,1,negatif
angin,4,netral
maki,18,negatif
seuprit,7,netral
receh,4,negatif
financially,4,netral
pemerintaaaaah,1,netral
kimak,1,netral
silaki,1,netral
career,12,netral
hopping,3,netral
ruang,5,negatif
janji,11,netral
bosan,11,netral
careerplanning,1,netral
nomor,11,netral
faaakkk,1,netral
amat,7,positif
itungannya,4,netral
dipalakin,3,netral
imajinasi,2,netral
ulang,6,netral
kolega,1,netral
milineal,5,netral
kah,20,netral
pemerintahanmasa,1,netral
ngerjainnya,1,netral
tara,26,positif
vesmet,1,netral
primavera,1,netral
aniaya,3,negatif
gugat,1,netral
depnaker,1,netral
semena,1,negatif
mena,1,netral
pribumi,3,netral
nusantara,4,netral
datang,5,negatif
karung,1,netral
sales,15,netral
sopir,1,netral
truk,1,netral
serabutan,1,negatif
toxic,44,netral
kasiani,1,netral
umk,11,netral
selera,7,positif
dibandingin,3,netral
dijatahin,1,netral
nafkah,6,positif
semuaa,3,netral
bisa,14,netral
result,3,netral
nerapin,2,netral
komisi,5,positif
siar,2,netral
masalahin,2,netral
pasal,23,negatif
cuti,23,negatif
bawahanya,1,netral
lead,2,netral
zaizai,1,netral
ikhsan,1,netral
dokter,28,netral
cerita,42,negatif
close,3,negatif
friendnya,1,netral
doa,9,negatif
blio,3,netral
mesin,2,netral
cuci,5,netral
maksud,23,negatif
astaghfirullahaladzim,1,netral
complain,4,netral
abt,1,netral
sila,10,negatif
compare,5,netral
bangla,3,netral
sepakat,8,positif
hntr,1,netral
kg,2,netral
sara,11,negatif
bini,3,netral
makcik,4,netral
amik,5,netral
foreign,1,netral
worker,4,netral
reliable,1,netral
lokal,8,netral
elok,8,netral
fnb,2,netral
diorg,10,netral
attitude,16,netral
lambat,18,positif
ukur,9,positif
woilah,1,netral
ngadi,5,netral
laki,9,netral
gadis,3,netral
dyson,1,netral
yoga,3,positif
jelang,1,positif
tutorial,1,netral
minggu,44,netral
individu,44,netral
minus,4,negatif
lisa,3,netral
widodo,1,netral
coo,1,netral
cofounder,1,netral
blibli,1,netral
lembek,14,negatif
conscious,1,netral
debatin,2,netral
lumayan,25,negatif
bahan,15,negatif
salat,3,positif
seragam,1,positif
marketing,10,netral
relasi,14,negatif
iniloh,1,netral
mumet,2,negatif
pinjeman,1,netral
tobacc,1,netral
rilll,1,netral
feeling,1,netral
resigndipecat,1,netral
oh,21,netral
terusssss,1,netral
negosiasi,24,positif
years,12,netral
rmk,10,netral
recruiter,2,netral
spinjampaylater,1,netral
puluh,15,netral
genzworklife,1,netral
flexibilitymatters,1,netral
hobi,11,netral
denial,1,netral
closure,1,netral
excited,2,negatif
badut,2,netral
kedok,2,netral
ngotak,34,netral
aslam,1,netral
diam,22,negatif
kontrol,10,netral
owner,6,netral
staf,26,netral
kontroling,1,netral
monthly,4,netral
training,5,netral
kocak,23,negatif
pdf,2,netral
midnight,1,netral
kot,8,negatif
pon,10,netral
bak,1,netral
kgs,1,netral
benda,19,netral
kutu,10,netral
loncat,13,netral
jabat,65,negatif
oot,1,netral
mimind,1,netral
adm,1,netral
junior,6,negatif
diinval,1,netral
ngatangatain,1,netral
respek,1,netral
pilihpilih,2,netral
jobdesknya,4,netral
timbun,6,negatif
beras,9,netral
kain,1,netral
pidana,2,netral
motor,19,netral
progresif,2,netral
sanggup,15,positif
menggangur,1,netral
keje,29,netral
mandi,2,netral
keramas,2,netral
laptop,6,netral
hrdnya,2,netral
malu,14,negatif
cvku,1,netral
ramai,24,negatif
hore,1,netral
coblos,1,netral
prabowo,19,netral
kewalahan,2,negatif
awam,2,netral
masif,2,negatif
spotify,5,netral
icloud,2,netral
kasir,5,netral
toko,12,netral
sehatsehat,3,netral
muak,8,negatif
kantor,144,netral
kuli,3,netral
time,22,netral
ac,6,netral
cleaning,2,netral
service,4,netral
resmi,3,positif
umum,1,positif
aparatur,16,netral
nonasn,1,netral
menteri,25,netral
dosen,17,netral
desainer,1,netral
clothing,1,netral
merek,12,netral
ababil,8,netral
tumpah,1,netral
ruah,1,netral
joki,1,netral
airplane,1,netral
chef,1,netral
meromantisasi,2,netral
pasu,7,netral
im,6,netral
proud,3,positif
one,12,netral
buta,25,negatif
ngedesign,1,netral
kreatifitasnnya,1,netral
kata,4,negatif
bonzer,1,netral
tegak,8,netral
apply,13,netral
member,4,netral
formality,1,netral
laut,5,netral
lack,1,netral
chat,6,positif
driven,1,netral
then,9,netral
would,2,netral
transfer,4,netral
ure,1,netral
sial,10,negatif
reason,1,netral
maruah,1,netral
we,17,netral
learn,2,netral
confession,1,netral
payah,10,netral
mellanials,1,netral
baby,23,positif
jadah,3,netral
do,21,netral
integrity,1,netral
kelupur,1,netral
cincai,1,netral
take,8,netral
berkat,1,positif
protes,17,negatif
dek,10,netral
kontrak,21,netral
bjir,13,netral
consultant,2,netral
der,1,netral
passion,12,netral
environment,3,netral
workload,19,netral
sesuaisetimpal,1,netral
kuadrat,1,netral
jamgaji,1,netral
babi,5,negatif
respect,7,netral
boundaries,2,netral
onz,1,netral
cukupcukup,1,netral
anatara,2,netral
memeiliki,1,netral
limit,1,netral
kad,2,netral
brain,2,netral
camne,2,netral
spend,2,netral
each,2,netral
gilo,2,netral
fuck,16,netral
office,11,netral
politics,1,netral
realistik,1,netral
maggi,1,netral
freelance,12,netral
startup,16,netral
naikturun,1,netral
gantiganti,1,netral
bantah,3,negatif
mati,31,negatif
mertua,2,netral
affordable,2,netral
angsur,1,positif
fixednya,1,netral
jtbln,5,netral
floating,1,netral
pasrah,4,negatif
sekali,7,negatif
bacot,14,negatif
gebrak,5,netral
lukrn,1,netral
populasi,7,netral
situ,21,netral
instansi,5,negatif
gegabah,1,negatif
daaa,1,netral
tglnya,1,netral
minset,1,netral
majuktimbang,1,netral
impak,2,netral
terpa,2,negatif
jobdesk,40,netral
emak,6,netral
ln,10,netral
pulang,32,netral
gtjt,1,netral
evaluasi,6,netral
engagement,2,netral
loyal,10,netral
mentoring,1,netral
dokumen,3,netral
bagitahu,1,netral
resend,1,netral
despite,2,netral
enih,2,netral
lowong,59,netral
max,8,netral
kicik,2,negatif
suap,2,negatif
another,4,netral
level,27,netral
pandai,8,negatif
resourceful,2,netral
dik,12,netral
kut,1,netral
expect,12,netral
jawapan,1,netral
directly,1,netral
sikit,23,negatif
tepon,1,netral
chatgpt,2,netral
bongap,1,netral
buruh,17,netral
pabrik,16,netral
cross,1,netral
kualifikasi,11,positif
sertifikasi,9,netral
nething,1,netral
com,1,netral
natural,43,negatif
killer,45,netral
sijil,2,netral
underpaid,61,netral
tunggak,5,positif
harusjelas,1,netral
bare,2,netral
pimpin,19,netral
drama,9,negatif
tgrngvn,1,netral
stm,4,netral
orangggg,1,netral
gwww,1,netral
pegang,18,negatif
jobdesc,10,netral
benci,9,negatif
butangurangin,1,netral
bonuspadahal,1,netral
mafia,2,negatif
proyek,7,netral
boomernya,1,netral
brengsekgen,1,netral
suram,3,negatif
nugas,2,netral
najis,3,negatif
lucusebenernya,1,netral
usahaamp,1,netral
butuhny,1,netral
kapasitas,1,positif
employee,6,netral
trick,1,netral
ketrima,1,netral
mikat,2,positif
skincare,5,netral
makeup,1,netral
sepatubaju,1,netral
exposure,1,netral
alah,9,negatif
kontol,13,negatif
pp,5,netral
transport,8,netral
good,17,positif
jokes,2,netral
clash,2,netral
mung,2,netral
njaluk,1,netral
suasana,14,positif
hati,38,negatif
citta,1,netral
tier,1,netral
adaptasi,16,positif
divisi,7,netral
rt,2,netral
caption,1,netral
sec,1,netral
acc,4,netral
best,6,netral
admin,21,netral
waiji,2,netral
ji,1,netral
kepentok,3,netral
prusahaan,3,netral
longgar,1,positif
profesonal,1,netral
overload,7,netral
jelek,31,negatif
produksi,4,netral
kayu,5,netral
canda,9,negatif
rodi,11,netral
doktrin,5,negatif
partner,3,netral
jog,1,netral
optimis,2,netral
kasus,3,netral
handphone,33,netral
konserfestival,1,netral
shock,3,netral
kecuali,22,netral
mulyono,2,netral
managerku,1,netral
satset,2,netral
mandang,8,netral
prosedur,1,negatif
kartap,6,netral
alih,12,netral
zi,1,netral
ex,3,negatif
rekan,15,negatif
whatsapp,3,netral
tertawa,12,positif
title,5,netral
specialist,4,netral
palugada,15,netral
responsibilities,1,netral
micromanage,2,netral
jomplang,2,netral
komplain,13,netral
komplenin,1,netral
bimbing,4,negatif
experienced,6,netral
mw,7,netral
ayom,2,netral
tukar,5,negatif
rekomen,1,netral
korea,14,netral
gosip,3,negatif
klop,2,netral
rekam,2,negatif
senioritas,4,netral
nyeleneh,1,netral
pencet,1,negatif
dongoooo,1,netral
my,28,netral
biggest,2,netral
flex,2,netral
satusatunya,2,netral
lakilaki,1,netral
skillfull,1,netral
sangkut,3,negatif
dbayar,1,netral
capable,1,netral
malesan,7,netral
kompeten,7,netral
dari,1,negatif
kacang,1,netral
poin,9,positif
virtual,15,netral
assistant,1,netral
mentor,2,netral
dolar,5,netral
kawan,22,netral
jastip,1,netral
thailand,2,netral
ngandelin,7,netral
mami,3,netral
balik,13,negatif
msib,2,netral
conggg,1,netral
ug,1,netral
rekrutmen,4,netral
maks,3,netral
mepet,19,netral
mantap,12,positif
seng,2,netral
brief,1,netral
ngawang,2,netral
ngegaji,8,netral
uji,6,positif
matematika,2,netral
rangkap,7,negatif
dikerjain,9,netral
spesifikasi,8,positif
dewa,9,netral
rusa,1,netral
retail,1,netral
crewpekerjaan,1,netral
customer,2,netral
promosi,9,netral
problems,2,netral
loadnya,3,netral
even,13,netral
kompetens,1,netral
effort,12,netral
buangbuang,1,netral
tenaga,21,positif
musuh,4,negatif
kosmetik,1,netral
dibanyakin,1,netral
budak,61,positif
projekan,1,netral
kabar,18,negatif
sambung,8,negatif
mungil,1,negatif
perfect,1,netral
inpo,1,netral
lokerrr,1,netral
ofcakex,1,netral
nurse,3,netral
sme,2,netral
gan,3,netral
mne,1,netral
adek,5,negatif
anon,1,netral
tknk,2,netral
sruh,2,netral
awak,5,netral
cubala,1,netral
shift,5,netral
husb,1,netral
prangai,1,netral
patient,1,netral
khusus,18,netral
gurau,1,negatif
burn,1,netral
julid,7,netral
bawah,9,netral
pecat,9,negatif
tuwir,2,netral
spv,3,netral
gong,1,netral
fg,42,netral
prngalaman,1,netral
learning,2,netral
doing,1,netral
mbak,42,netral
trainee,3,netral
hotel,4,positif
cut,6,netral
down,10,negatif
notabene,7,netral
boarding,1,netral
saran,24,negatif
tampung,5,netral
freshgrad,19,netral
expert,6,netral
tubi,1,netral
sp,7,netral
intern,32,netral
boomermilenial,3,netral
meanwhile,11,netral
reputable,1,netral
indeks,10,netral
prestasi,10,netral
kumulatif,4,netral
kursi,2,netral
ergonomic,1,netral
ber,7,netral
fulltime,5,netral
les,4,netral
bimbel,2,netral
invoice,1,netral
slip,2,negatif
transferin,1,netral
fee,2,netral
berkas,1,netral
note,3,netral
banting,9,negatif
perihal,7,netral
kasar,3,netral
alusan,1,netral
wani,1,netral
jaluk,1,netral
munggah,1,netral
yen,1,netral
tambahhhh,1,netral
batttt,1,netral
bye,3,negatif
solo,2,positif
sat,3,netral
set,5,netral
diandelin,1,netral
ngentot,2,netral
meng,1,netral
generalisir,6,netral
usernya,2,netral
probation,6,netral
woylah,2,netral
kaget,16,negatif
berontak,2,netral
cih,3,netral
plonga,1,netral
plongo,1,netral
normalisir,1,netral
adab,10,positif
o,3,netral
l,4,netral
jabar,4,positif
method,1,netral
sql,1,netral
gas,13,negatif
java,1,netral
springboot,1,netral
ekspetasi,6,netral
skillful,2,netral
tangkap,2,negatif
carmuk,1,netral
but,22,netral
puqi,1,netral
perform,7,netral
ngejudge,1,netral
illness,14,netral
samsak,1,netral
proper,8,netral
sempurna,7,negatif
gegayaan,3,netral
hitung,29,positif
baju,5,positif
pakde,2,netral
mala,1,negatif
nyala,6,negatif
cheap,2,netral
labour,2,netral
minta,6,negatif
ular,1,netral
babu,3,negatif
prof,1,netral
renald,1,netral
panji,3,netral
attitudenya,2,netral
reng,7,netral
rewardpendapatan,1,netral
tunjuk,5,netral
dedikasi,3,netral
during,1,netral
working,7,netral
days,3,netral
asing,12,netral
manusiawi,17,netral
deskriminatif,1,netral
freshgradua,1,netral
sinyal,1,netral
jobdec,1,netral
seabreg,2,netral
mutus,1,netral
siklus,5,netral
standard,8,netral
normalisasi,8,netral
lingkar,1,negatif
jobseeker,3,netral
licik,1,netral
gunung,5,netral
briefing,2,netral
have,9,netral
told,1,netral
kritik,11,negatif
abrek,6,netral
anw,3,netral
kerjany,3,netral
lmao,1,netral
parahhh,1,netral
entry,10,netral
rekruternya,1,netral
jawa,10,netral
amuk,6,negatif
resek,2,negatif
ageism,2,netral
tidur,17,negatif
skills,5,netral
kaca,4,netral
weh,8,netral
month,5,netral
notice,2,netral
these,3,netral
ppl,2,netral
calling,1,netral
cant,3,netral
employ,2,netral
segar,2,positif
cekat,1,negatif
dinego,1,netral
unit,4,negatif
merekaaa,1,netral
mnarik,1,netral
reputasi,3,positif
muas,4,positif
demotivasi,1,netral
worth,8,netral
bego,9,netral
excel,4,netral
coding,1,netral
pilar,1,netral
ahlak,1,netral
kepsek,1,netral
vendor,1,netral
ngeremehin,2,netral
freshgraduate,4,netral
pahit,4,negatif
kumpul,23,netral
terang,6,negatif
nominal,15,netral
juru,7,netral
tehnik,1,netral
ngelamar,11,netral
skripsi,5,netral
prem,5,netral
amplifikasi,1,netral
andal,4,negatif
alhasil,6,netral
titik,9,negatif
kaluna,2,netral
bu,12,netral
undang,34,positif
ayam,6,netral
uemkaem,1,netral
nte,1,netral
ajikalau,1,netral
lagu,3,positif
honda,9,netral
kat,29,netral
kedai,5,netral
hipsterviral,1,netral
pi,2,netral
lencong,1,netral
luaq,1,netral
depabang,1,netral
aji,2,negatif
raya,9,netral
list,6,netral
hero,1,netral
pelik,5,netral
geletis,1,netral
meja,3,netral
sembang,5,netral
bt,1,netral
freelancer,3,netral
jenjang,7,netral
hayo,3,positif
toleransi,2,netral
berbedabeda,2,netral
agency,3,netral
experd,1,netral
salut,4,netral
honorer,13,netral
qrtreply,1,netral
dira,2,netral
polemik,2,positif
twtr,1,netral
kandang,1,netral
xxx,1,netral
belah,3,negatif
sedih,17,negatif
kira,8,negatif
zalpha,1,netral
progresifkontekstual,1,netral
wisdom,1,netral
gagap,4,negatif
tumbal,1,netral
suprot,1,netral
betah,14,netral
angry,1,netral
maintain,2,netral
jelah,3,netral
ngajarim,1,netral
current,2,netral
mindsetnya,2,netral
expense,2,netral
cair,5,negatif
iur,7,netral
jht,2,netral
klaim,5,netral
pulsa,2,negatif
imho,3,netral
dihire,2,netral
kahwintaknak,1,netral
kahwinbelum,1,netral
anaktaknak,1,netral
perlekehkan,1,netral
dengan,1,netral
viensart,1,netral
hujat,4,negatif
meres,2,netral
pasai,1,netral
circletakuk,1,netral
turnover,1,netral
outsourcing,2,netral
hapus,5,negatif
beri,6,negatif
mate,2,netral
watch,3,netral
dar,4,netral
kebahian,1,netral
young,6,netral
publik,23,netral
relation,2,netral
yel,2,netral
stoooopiiddd,1,netral
nihboss,1,netral
banci,1,negatif
artis,7,positif
texas,1,netral
taylor,10,netral
swift,3,netral
nik,1,netral
bela,12,netral
tante,3,netral
ydah,1,netral
uzur,2,netral
talent,1,netral
nenek,6,netral
tahunlogika,1,netral
gelak,1,positif
baran,1,netral
tengok,12,negatif
skang,1,netral
songeh,1,netral
loan,8,netral
kete,5,netral
bmw,1,netral
mers,1,netral
salesman,2,netral
rekemen,1,netral
kawin,5,netral
impor,3,netral
khadam,1,netral
firaun,1,netral
bapakibu,1,netral
leluasa,2,netral
pahlawan,4,netral
privat,1,netral
kerek,2,netral
nyampai,1,netral
takuk,1,netral
kilan,1,netral
perjuangin,1,positif
gedee,1,netral
behave,1,netral
seninminggu,2,netral
dinas,4,netral
gym,3,netral
subscribe,2,netral
hangus,1,negatif
cemana,2,netral
zeyeng,1,netral
duidnya,1,netral
bocah,11,netral
tenteng,1,netral
duid,2,netral
fifteen,1,netral
nggasih,1,netral
fareast,3,netral
loni,1,netral
axia,2,netral
basic,11,netral
still,11,netral
nafsu,5,netral
gajah,1,netral
cmne,1,netral
downgrade,2,netral
kereta,14,negatif
huh,4,netral
jenuh,4,netral
h,6,netral
pangai,2,netral
myvi,2,netral
rase,1,netral
kelling,1,netral
syak,1,negatif
dieorg,1,netral
beruk,1,netral
lupe,1,netral
anja,1,netral
depo,1,netral
bersih,11,netral
info,11,negatif
ccocok,1,netral
infocuan,1,netral
dhanteras,1,netral
bosmuda,1,netral
hare,2,netral
yaris,2,netral
semput,1,netral
membe,1,netral
civic,4,netral
mcmtu,2,netral
tk,11,netral
rm,15,netral
berangan,3,negatif
fl,4,netral
anehaneh,1,netral
letih,1,negatif
adikadik,3,netral
foto,5,positif
facebook,5,netral
wan,2,negatif
faris,2,netral
sis,5,netral
rege,1,netral
bangka,2,netral
isap,1,netral
gam,1,netral
belas,3,negatif
relax,4,netral
saga,2,netral
flx,1,netral
hamba,4,netral
pijak,3,netral
bumi,5,netral
cungap,1,netral
bayau,1,netral
minyak,6,netral
maintenance,3,netral
tear,1,netral
roadtax,1,netral
sesak,5,negatif
indomie,1,netral
city,2,netral
senak,1,netral
adoiiii,1,netral
korang,10,netral
rega,2,netral
loba,1,netral
mewah,5,netral
usha,1,netral
vios,1,netral
sebentar,3,negatif
cenni,1,netral
mesti,25,negatif
paling,10,netral
dok,4,positif
hint,1,netral
henti,15,negatif
ngegamoangin,1,netral
satsuki,1,netral
scapegoat,1,netral
will,6,netral
diturunin,6,netral
via,8,netral
wa,8,netral
lawak,3,netral
ludes,1,negatif
guess,2,netral
mecat,1,netral
skorsing,1,netral
meaning,2,netral
brave,1,netral
jiwa,57,netral
lembuh,1,netral
bentak,3,negatif
ngekos,3,netral
bagusin,1,netral
lancar,9,negatif
sukur,3,netral
huhu,5,netral
ngehilangin,1,netral
sempit,7,negatif
motivasi,10,negatif
suportif,1,netral
jtbulan,7,netral
ngoperasikan,1,netral
power,5,netral
sendwich,1,netral
noyink,2,netral
ungkit,1,netral
appreciate,2,netral
ngrasa,2,netral
fault,1,netral
tok,3,netral
cok,10,netral
lek,1,netral
bengok,1,negatif
torkop,1,netral
cangkemu,1,netral
dadi,2,netral
astagfirullah,2,negatif
twittanmu,1,netral
bmm,1,netral
naiknaik,1,netral
wifi,3,netral
password,1,netral
hg,1,netral
under,25,netral
dannn,1,netral
perjalannnya,1,netral
taun,3,negatif
lt,3,netral
friendly,2,netral
dikitunder,1,netral
samalebih,1,netral
serendah,2,netral
lehaleha,1,netral
miliyaran,1,netral
theres,1,netral
thing,5,netral
called,2,netral
ump,5,netral
khl,1,netral
kocaakkk,1,netral
mikirrr,2,netral
donggg,1,netral
inggris,2,netral
jepang,11,netral
niscaya,3,netral
tebar,4,netral
mengglorifikasi,2,netral
forbes,1,netral
merjuangin,3,netral
judgemental,3,netral
bosses,1,netral
bangang,6,negatif
added,1,netral
pelancau,1,netral
cum,2,netral
hb,1,netral
mampus,9,negatif
bilik,2,negatif
intv,1,netral
bau,6,negatif
kohong,1,netral
dikeluhin,1,netral
nasehat,2,netral
sopan,13,netral
emosi,20,negatif
elahhh,1,netral
brppun,1,netral
overtime,4,netral
mfsnya,1,netral
milyar,11,netral
tulang,12,negatif
punggung,9,netral
biayain,14,netral
ngelanjutin,1,netral
az,2,netral
kalimat,4,negatif
meeting,11,netral
silent,4,netral
mojokin,1,netral
reasonable,2,netral
eksploitasi,9,netral
gasak,1,negatif
gedek,3,netral
jelata,3,negatif
muja,1,netral
muji,1,positif
artispejabat,1,netral
taiiikk,1,netral
doubletriple,2,netral
bekas,10,negatif
gani,1,positif
konto,1,netral
keti,1,netral
god,2,netral
bless,1,netral
tipes,3,netral
dipotongpotong,2,netral
hakampkewajiban,1,netral
milenialampboomer,1,netral
kuota,7,negatif
fashion,2,netral
make,9,netral
upskin,1,netral
care,2,positif
traveling,2,netral
ngitung,5,netral
purba,2,negatif
dahhhhhh,1,netral
pahammmmmm,1,netral
huffffftttttt,1,netral
sichhhhh,1,netral
smuwa,1,netral
zetttttt,1,netral
becus,8,negatif
lemaaaahhhh,1,netral
sungkem,1,netral
cepeeeetttt,1,netral
semilyar,1,netral
just,10,netral
clarify,1,netral
pening,1,negatif
mercedes,2,netral
ngomel,4,negatif
frontal,3,netral
laga,1,netral
onta,3,netral
arab,1,netral
kaki,3,netral
uh,2,netral
sandang,3,netral
pangan,8,netral
psa,1,netral
akal,29,netral
buset,7,netral
ulah,3,negatif
bangkai,5,negatif
avatar,3,netral
multitasking,2,netral
kh,1,netral
selaras,5,positif
over,5,netral
tonedeaf,1,netral
larang,5,negatif
sentuh,14,negatif
touch,1,netral
some,5,netral
grass,1,netral
jarak,6,negatif
thp,3,netral
double,9,netral
us,6,netral
tempa,2,netral
mind,4,netral
slowly,1,netral
step,4,netral
game,9,positif
based,9,netral
op,1,netral
yoe,1,netral
above,3,netral
yrs,2,netral
terhianati,1,netral
ampas,2,negatif
kesal,26,negatif
dumping,1,netral
pepek,1,netral
digeneralisir,2,netral
mepetdibawah,1,netral
yaelah,2,netral
umrpas,1,netral
sekitar,10,netral
ausie,1,netral
dobel,8,negatif
kosong,6,negatif
indon,2,netral
hbrp,1,netral
glorifikasi,2,netral
stuck,8,netral
development,4,netral
karirnya,2,netral
vario,1,netral
masa,2,netral
icha,2,netral
reading,1,netral
comprehensionmu,1,netral
means,2,netral
that,14,netral
shes,1,netral
desperate,2,netral
enough,2,netral
said,4,netral
giur,4,netral
gaslight,2,netral
jink,1,netral
au,1,netral
priviledge,2,netral
unpaid,4,netral
oomf,1,netral
lini,6,positif
tindas,3,negatif
ngebuat,6,netral
kurleb,1,netral
bentar,4,netral
crazy,2,netral
crazier,1,netral
dangg,1,netral
nerimo,1,netral
icaaaaa,1,netral
damn,3,netral
batu,6,negatif
mentwit,2,netral
insensitive,1,netral
trully,1,netral
fucked,2,netral
segitugitu,2,netral
energi,3,positif
charged,1,netral
ajudan,2,positif
kocakk,2,netral
finlandia,1,netral
irlandia,1,netral
yahhhh,1,netral
barusan,4,netral
nongol,3,negatif
mikirmikir,1,netral
nawari,1,netral
banking,4,netral
here,2,netral
siang,25,netral
harus,8,negatif
creator,7,netral
tementemen,10,netral
indah,5,negatif
benchmark,1,netral
kulwap,4,netral
wolipop,4,netral
versiterbaikmu,4,netral
dear,8,positif
dety,4,netral
nurfadilah,4,netral
cfp,4,netral
ifp,4,netral
wakakka,1,netral
worst,1,netral
gajiny,2,netral
nyali,1,negatif
cuap,1,netral
komenin,1,netral
datengin,1,netral
blaming,1,netral
like,18,netral
shit,1,netral
mouth,1,netral
sampah,10,negatif
exploit,2,netral
dulunya,2,netral
dua,8,negatif
picky,5,netral
serap,3,netral
john,1,netral
elkann,1,netral
jstadium,1,netral
bongkar,1,negatif
jsquad,2,netral
average,5,netral
seriea,1,netral
quality,3,netral
quantity,1,netral
available,1,netral
deny,1,netral
halu,2,netral
miris,12,negatif
buanyakkk,1,netral
thpnya,1,netral
genjet,1,netral
sikat,1,netral
tel,2,netral
mentah,2,netral
offering,5,netral
strugle,1,netral
enjoy,5,positif
boomersbaby,1,netral
jilat,11,negatif
jorok,1,negatif
fitnah,1,negatif
adaaaa,1,netral
ajaaaa,2,netral
hweek,1,netral
tipistipis,1,netral
kempis,1,netral
wishlist,2,netral
co,3,netral
impulsive,1,netral
buying,1,netral
cimeng,1,negatif
mangkas,1,negatif
dagang,3,netral
miliyarder,1,netral
wkwkwkwkwkwk,2,netral
kini,7,positif
nongkrong,8,netral
duh,2,negatif
visualisasi,1,netral
gay,1,netral
biseks,1,netral
smpaikan,1,netral
sak,1,netral
dayak,1,netral
suicidal,2,netral
thoughts,3,netral
realitas,7,negatif
sedia,17,positif
tamat,3,negatif
insecure,12,netral
ketik,1,netral
translate,1,netral
unr,1,netral
brother,1,netral
manut,1,netral
kiri,1,negatif
kanan,1,netral
terozz,1,netral
dompet,6,netral
bapakkuuu,1,netral
overproud,1,netral
jokowow,1,netral
geli,2,negatif
come,2,netral
tapera,78,netral
gjls,1,netral
anyink,2,netral
akallll,1,netral
dapatin,1,netral
sop,2,netral
embel,5,netral
jamsostek,1,netral
rimpi,1,netral
regulasi,5,netral
propekerja,1,netral
ordalordal,1,netral
eggg,1,netral
perang,3,negatif
mknnnya,1,netral
medioker,2,netral
papan,5,netral
dead,1,netral
end,3,netral
serious,1,netral
bijaksana,3,negatif
ketimbang,17,netral
mgentot,1,netral
feed,2,netral
cafe,6,netral
zeus,1,netral
ppt,2,netral
sarjana,7,netral
dijabanin,3,netral
autan,1,netral
subur,1,positif
koncol,1,netral
asmara,3,negatif
lantik,2,positif
kabinet,2,negatif
tukim,1,netral
honor,7,netral
pertanggungjawaban,1,netral
ops,1,netral
alfa,3,netral
dhadapkn,1,netral
demografis,4,netral
dialhkan,1,netral
pembsdm,1,netral
subsidibeasiswa,1,netral
mumpung,2,negatif
problematic,3,netral
ceonya,1,netral
bitter,4,netral
bidas,1,negatif
balancenya,1,netral
ngepress,1,netral
orkay,4,netral
kelah,6,netral
pukimak,1,netral
visa,1,netral
hitam,8,negatif
ponsel,7,netral
iphone,12,netral
tiga,10,netral
ngenthought,1,netral
panggil,10,negatif
jadwal,3,netral
kandidat,9,netral
ngaruhi,1,netral
ktsp,1,netral
olahraga,10,netral
lari,29,negatif
minsoc,1,netral
outfit,12,netral
musik,3,positif
diverse,1,netral
umrumk,2,netral
pov,10,netral
ngurangin,3,netral
unemployed,1,netral
momen,4,netral
analisanya,1,netral
elektronik,5,netral
kendara,6,netral
overpriced,1,netral
nekat,4,negatif
sakugaji,1,netral
subs,2,netral
netflixviu,1,netral
hiro,1,netral
gerak,20,netral
ekpektasi,2,netral
klaster,1,netral
kampung,2,netral
susaahh,1,netral
dream,7,netral
sastra,2,positif
telesales,1,netral
barangkali,1,netral
bjirlah,1,netral
resesi,3,negatif
berbulanbulan,3,netral
ungrateful,1,netral
brat,1,netral
are,10,netral
puting,1,netral
blame,2,netral
whole,1,netral
bahaya,12,negatif
didih,1,negatif
darah,6,negatif
indog,1,netral
malaikat,2,netral
gubug,1,netral
berengsek,2,negatif
sattt,1,netral
gasemua,2,netral
cokkk,1,netral
kekang,4,negatif
amanah,1,positif
baur,6,netral
minder,5,netral
pay,4,netral
tunjangantunjangan,1,netral
persis,5,netral
ikhlas,7,positif
knowledge,4,netral
tetangga,7,netral
balun,1,netral
zus,1,netral
starbucks,1,netral
kegabutan,1,netral
peluk,2,negatif
hakim,7,netral
mumpuni,2,netral
integritas,3,netral
indekos,11,netral
lipat,15,netral
pintarpintar,1,netral
panjang,13,positif
bpupki,1,netral
majelis,1,netral
musyawarat,1,netral
dewan,7,negatif
wakil,17,netral
partai,7,netral
komunis,1,netral
turns,1,netral
nyeletuk,1,netral
sandwitch,2,netral
kaula,1,netral
anakanak,40,netral
physically,2,netral
gakeliatan,1,netral
rela,28,negatif
hehe,15,netral
parkir,4,positif
pesta,1,positif
istimewa,2,netral
corporate,5,netral
tahniah,1,netral
nasi,5,positif
bujang,1,positif
bansos,3,netral
pro,6,netral
cekik,5,netral
konflik,4,netral
horizontal,1,netral
apeeee,1,netral
bujet,1,netral
janngan,1,netral
lenceng,1,netral
kerjo,3,netral
ra,6,netral
sepiro,1,netral
e,10,netral
kiro,1,netral
santun,3,negatif
lisan,1,netral
shorttempered,1,netral
aksi,4,positif
nice,1,positif
try,3,netral
gs,1,netral
klub,1,netral
weakest,1,netral
pusing,17,negatif
skinker,1,netral
klinik,1,netral
staycation,3,netral
terombang,1,netral
ambing,1,netral
yupi,2,netral
all,16,netral
nyiram,1,netral
longer,2,netral
google,3,netral
googling,2,netral
verb,1,netral
genzie,2,netral
ekonom,1,netral
taekkkkk,1,netral
konstituen,1,netral
casing,1,netral
koruptor,4,netral
wewenang,1,positif
lowball,1,netral
nunpuk,1,netral
coin,1,netral
hi,4,positif
host,1,netral
streaming,8,netral
perempuan,9,netral
entertainment,4,netral
contact,10,netral
hrid,1,netral
tunjukkin,1,netral
ptongan,1,netral
belnja,1,netral
mutarin,1,netral
bi,4,netral
kumandang,1,negatif
tagih,6,negatif
ojek,1,netral
mantau,2,netral
mama,4,positif
mam,1,negatif
sushi,1,netral
tuku,2,netral
ngonser,4,netral
hargaharga,2,netral
terangterangan,1,netral
aja,1,positif
anggota,11,negatif
gedung,8,netral
fikri,1,netral
seeeetttaaaaann,1,netral
bahlul,1,negatif
konoha,4,netral
terbang,2,netral
ngeribetin,1,netral
nobodies,1,netral
cmtu,1,netral
pnggil,1,netral
iv,4,netral
cam,3,netral
xde,5,netral
nnak,1,netral
start,20,netral
waima,1,netral
tuka,1,netral
ijazah,10,netral
ih,8,netral
lelaki,3,netral
talak,1,negatif
duda,1,netral
yantie,2,netral
get,4,netral
fan,2,netral
mocking,1,netral
slankers,1,netral
complaining,1,netral
about,9,netral
ticket,1,netral
prices,1,netral
sasar,4,netral
sambat,8,negatif
langgan,6,positif
gofood,1,netral
tes,8,netral
kasihan,38,negatif
scbd,6,netral
ditengahtengah,1,netral
ytta,1,netral
tya,1,netral
es,6,netral
krim,4,positif
titip,4,netral
datengnya,1,netral
ngedobelin,1,netral
gapoknya,1,netral
buatbayar,1,netral
netflix,3,netral
telkom,1,netral
nauzubilah,1,netral
citacita,9,netral
sport,1,netral
romance,1,netral
gaisss,1,netral
dichina,1,netral
fesyen,1,netral
louis,1,netral
vuitton,1,netral
chanel,1,netral
prada,1,netral
gandrung,3,netral
replika,1,netral
landa,3,netral
chinaimbas,1,netral
smartnews,2,netral
recruitment,2,netral
teuing,1,netral
taro,3,netral
kolam,2,negatif
tembok,1,negatif
beanbag,1,netral
warna,1,netral
colok,2,negatif
kece,1,negatif
brow,1,netral
pastibagus,1,netral
curhatan,2,netral
jodohin,1,netral
jdiin,1,netral
slingkuh,1,netral
ranjang,1,netral
dinding,1,netral
toilet,1,netral
saksi,3,positif
kluh,1,netral
kesah,1,positif
kesana,6,netral
kesini,10,netral
kpopers,2,netral
wb,2,netral
seringkali,12,netral
tomboke,1,netral
programer,1,netral
jarang,17,netral
buangetttt,1,netral
sabun,1,netral
shampoo,1,netral
bulat,1,negatif
rebu,1,netral
considering,1,netral
hiks,2,netral
quarter,2,netral
crisis,3,netral
konon,2,netral
koskosan,1,netral
skibidi,1,netral
rizz,1,netral
fanum,1,netral
tax,4,netral
gusy,1,netral
homeless,1,netral
yt,2,netral
loklok,1,netral
ngirit,3,netral
hiling,4,netral
serta,10,positif
salur,5,netral
wadah,5,netral
keresahaan,1,netral
rekening,1,netral
when,4,netral
ngantor,4,netral
kuta,1,netral
kol,2,netral
ingin,14,netral
rata,5,negatif
batang,2,negatif
leher,1,netral
nggaji,1,netral
tt,3,negatif
solidarity,1,netral
solidaritas,1,netral
selagi,11,negatif
solid,2,netral
kotakin,1,netral
crab,2,netral
mentality,4,netral
setin,1,netral
vokal,1,netral
mofomk,1,netral
pisah,6,negatif
mainmain,4,netral
grup,7,negatif
kenyam,2,positif
cil,2,netral
nj,1,netral
difasilitasigaji,1,netral
speak,1,netral
enum,1,netral
bjirrttt,1,netral
ibundaa,1,netral
surprisingly,1,netral
ibu,3,netral
huwaaaa,1,netral
bontot,2,netral
p,5,netral
perweek,1,netral
high,6,netral
maintananceny,1,netral
keran,1,negatif
cpek,1,netral
okeng,1,netral
ygg,1,netral
tabok,2,netral
anjrit,2,netral
guweehh,1,netral
sipir,1,netral
captionnya,1,netral
napi,1,netral
mancing,1,positif
ikan,4,netral
pelihara,9,positif
biawak,1,netral
apel,1,netral
rokok,7,negatif
alumni,4,netral
poltkp,1,netral
arogan,1,netral
manajer,13,netral
jerit,1,negatif
md,3,netral
album,3,negatif
pc,1,netral
ditrobos,1,netral
garam,2,netral
sek,7,netral
tekon,2,netral
cah,3,netral
permisi,1,netral
jelaske,1,netral
teko,2,netral
ono,4,netral
mes,12,netral
opolah,1,netral
tobat,2,negatif
film,5,netral
relatable,2,netral
tumpang,5,netral
tisu,1,netral
banyakbanyak,1,netral
orangorang,37,netral
cundang,1,netral
omzet,1,netral
undur,5,netral
miliar,10,netral
deserve,3,netral
those,5,netral
berantas,3,netral
ngutanggg,1,netral
realistic,2,netral
buar,1,netral
yamg,1,netral
sgini,1,netral
dibwah,1,netral
kenpa,1,netral
karyawn,1,netral
fampb,2,netral
wkwkwkwkkwkwkwkwkwkkk,1,netral
karyawannya,6,netral
gathering,1,netral
fancy,4,netral
sbelumnya,1,netral
lumyan,1,netral
sayangg,1,netral
akwwokwow,1,netral
pask,1,netral
november,10,netral
milyartahun,1,netral
itungnya,1,netral
brutal,1,negatif
magabut,1,netral
syok,2,netral
gapercaya,2,netral
jumat,5,positif
alpa,1,negatif
mal,3,netral
mentereng,1,netral
kang,5,netral
haji,3,netral
acuh,3,netral
patut,20,negatif
majikan,11,negatif
luah,2,netral
klik,6,netral
branding,6,netral
rapel,4,netral
obsesi,2,negatif
idealis,9,netral
kakek,3,positif
buyut,2,negatif
awikwok,3,netral
pedenya,1,netral
gunwookq,1,netral
kwkakaka,1,netral
remeh,9,negatif
proceed,1,netral
fool,1,netral
themselves,1,netral
kawalputusanmk,1,netral
tolakpolitikdinasti,1,netral
tolakpilkadaakalan,1,netral
jalur,3,negatif
disamperin,1,netral
lapkeu,1,netral
payroll,4,netral
bangkeee,1,netral
core,1,netral
nuntutnya,1,netral
goreng,10,negatif
cochin,1,netral
sembelih,1,netral
kapankapan,1,netral
upon,1,netral
le,1,netral
pekan,14,netral
lonely,1,netral
prediksi,3,negatif
disisihin,1,netral
nabunggg,1,netral
mengelolanyaaa,1,netral
gajipertama,2,netral
fypviral,1,netral
xyzbca,1,netral
viral,7,netral
explore,2,netral
managernya,2,netral
ownernya,3,netral
camil,1,netral
pantry,1,netral
restock,1,netral
duka,2,negatif
genzfinance,1,netral
reformasi,2,netral
whoever,1,netral
produce,2,netral
polisi,12,netral
borronya,1,netral
semboyan,1,positif
iyeh,2,netral
jidat,3,netral
doxxing,1,netral
mukulin,1,netral
rebah,12,negatif
kecut,1,negatif
sandera,1,netral
demo,4,negatif
minfi,1,netral
genzfi,1,netral
songong,4,netral
abizzzzzzzzz,1,netral
anjink,2,netral
happiness,2,netral
sandra,1,netral
dewi,3,netral
standardnya,1,netral
longo,1,positif
mil,5,negatif
saint,1,netral
etienne,2,netral
ballotoure,1,netral
toure,2,netral
inj,2,netral
selangkang,1,netral
pahala,1,negatif
monoton,1,netral
day,11,netral
boring,1,netral
stroberi,3,netral
subsidi,10,netral
ruko,4,netral
kantin,3,negatif
kaliiik,1,netral
selfreward,4,netral
kelolauangcerdas,1,netral
arsjadrasjid,3,netral
kadinindonesia,1,netral
kompleks,6,netral
comme,2,netral
ci,1,netral
penyu,1,netral
volunteer,4,netral
eweuhan,1,netral
jajah,4,negatif
compeni,1,netral
akhh,1,netral
ideide,1,netral
komponen,3,netral
kontoll,1,netral
gadogado,1,netral
sayur,1,netral
waswas,9,negatif
depresi,94,negatif
personil,1,netral
sikut,1,netral
branch,1,netral
international,2,netral
inisiatif,10,netral
overwork,26,netral
polos,1,negatif
ketenagakerjaan,7,netral
negotiable,1,netral
urgently,1,netral
required,1,netral
handover,1,netral
stack,1,netral
developer,4,netral
programmer,2,netral
kompetisi,1,netral
pelosok,1,negatif
able,2,netral
dynamic,1,netral
environments,1,netral
gelut,1,netral
tight,1,netral
deadline,5,netral
manage,5,netral
dejavuu,1,netral
seminar,4,netral
abdi,9,netral
akhirat,1,netral
ukt,13,netral
ceramah,3,netral
wahwahwahkok,1,netral
senggol,4,netral
jayajayajaya,1,netral
warganet,9,netral
gedhe,1,netral
du,1,netral
pasien,4,netral
australia,4,netral
bima,1,netral
langit,13,netral
karirbermakna,1,netral
jadiasn,1,netral
niinnnss,1,netral
ngechat,1,netral
person,9,netral
intrvw,1,netral
lemburin,1,netral
khr,1,netral
saying,3,netral
pales,2,negatif
gera,4,netral
tanem,1,netral
ganja,1,netral
anteng,1,positif
gtuloh,1,netral
begini,3,negatif
peel,13,netral
karakter,11,netral
booms,1,netral
berekspektasi,2,netral
pakbu,1,netral
sampel,1,netral
handle,5,netral
ndilalah,1,netral
hiruk,1,negatif
pikuk,1,netral
wont,2,netral
cos,2,netral
amal,3,positif
oso,1,netral
idc,3,netral
ot,6,netral
sale,1,netral
dsnt,1,netral
rlly,2,netral
hv,1,netral
duti,1,netral
tepi,2,negatif
now,13,netral
hate,2,negatif
want,6,netral
pull,1,netral
card,1,netral
kacau,15,netral
dedek,3,netral
gemas,5,negatif
mentee,1,netral
barely,1,netral
mio,2,netral
cash,5,positif
tertgok,1,netral
bully,4,negatif
buah,6,negatif
hengko,1,netral
kejap,2,netral
pencen,4,netral
takat,5,netral
kimbek,1,netral
sesuain,2,netral
goblok,9,negatif
small,1,netral
go,5,netral
aim,2,netral
companies,1,netral
listed,1,netral
dera,1,netral
air,10,negatif
jaya,4,positif
sentosa,1,positif
pertengahanakhir,1,netral
getah,2,netral
medio,1,netral
hectic,1,netral
kompensasi,3,netral
keuun,1,netral
gabung,5,negatif
cengeng,6,negatif
tenggo,3,netral
seminimun,1,netral
wehhh,1,netral
miles,2,netral
lidi,1,netral
kadi,1,netral
prepare,3,netral
jauhjauh,1,netral
wake,1,netral
our,8,netral
wildest,1,netral
being,7,netral
honest,1,netral
tempoh,1,positif
tang,3,netral
sorok,1,netral
anyone,2,netral
halal,4,netral
macamtu,2,netral
setujufaktor,1,netral
ordal,5,netral
pman,1,netral
mk,1,netral
wawancara,12,positif
insentif,3,negatif
aju,7,negatif
dokyungsoo,4,netral
bertahuntahun,5,netral
stereotip,2,netral
kombinasi,1,netral
konsinyasi,1,netral
talenta,2,positif
longterm,1,netral
fair,3,positif
gonta,3,netral
jie,1,netral
risaign,1,netral
nol,5,negatif
hajja,1,netral
bgsttt,1,netral
sanasini,2,netral
jogetjoget,1,netral
salesmarketing,1,netral
kecilbaru,1,netral
duluya,1,netral
nyepelein,1,netral
pangkat,4,positif
he,8,netral
buang,7,negatif
hunting,1,netral
approach,1,netral
lower,1,netral
position,3,netral
struggle,8,netral
fase,8,netral
judge,4,netral
tempe,12,netral
hour,2,netral
pelan,3,netral
body,3,netral
language,1,netral
kedut,1,negatif
senyum,4,negatif
kendor,1,netral
hard,5,netral
adlg,1,netral
administrasi,34,netral
pddkn,1,netral
yayasan,1,netral
malesmalesan,1,netral
skillnya,2,netral
rekruter,2,netral
sudut,4,netral
ngeinterview,1,netral
wilayah,3,netral
sometimes,2,netral
sreg,1,positif
kultur,3,netral
persepsi,5,netral
penting,22,negatif
sure,5,netral
mean,6,netral
choice,1,netral
objektif,5,positif
peak,3,netral
season,1,netral
kap,2,netral
achievement,2,netral
beberapamillenials,1,netral
dikarirgaji,1,netral
stuckyg,1,netral
bargain,2,netral
talkshow,4,netral
coaching,3,netral
kyke,1,netral
krywn,1,netral
operasional,2,netral
guilt,2,netral
trip,2,netral
kapitalis,4,netral
jobdescnya,4,netral
taxbookkeepingfinancial,1,netral
paymentarapdoc,1,netral
ngawali,1,netral
dor,2,netral
komporsetahun,1,netral
perusahaanintinya,1,netral
dulusemangat,1,netral
kampang,1,netral
kerjabelum,1,netral
telepon,4,netral
genggam,3,netral
rasio,2,negatif
redflag,5,netral
diredflag,1,netral
redflagin,1,netral
simpel,3,positif
greenflag,1,netral
semester,5,netral
jobdes,1,netral
action,1,netral
hufftttttttttttttt,1,netral
begitu,2,netral
konfirmasi,2,positif
sebanyakbanyaknya,3,netral
setor,3,netral
give,3,netral
housing,4,netral
manaaa,2,netral
napak,3,netral
italia,1,netral
bamboccioni,1,netral
parasite,1,netral
singles,1,netral
rocket,1,netral
science,1,netral
projek,1,netral
et,4,netral
foya,12,netral
asam,4,negatif
lambung,9,positif
kumat,1,negatif
khari,1,netral
kompetensi,5,positif
lolos,3,negatif
durhaka,1,negatif
korek,1,negatif
konglomerat,2,netral
puji,4,positif
abal,1,netral
giveaway,1,netral
gajiownernya,1,netral
handphonenya,3,netral
apatis,2,negatif
politikpejabat,1,netral
fasilitasnyagolongan,1,netral
dianjurkn,1,netral
jurus,65,netral
sengenes,1,netral
dibyr,2,netral
rbbulan,2,netral
walah,4,netral
storage,1,netral
box,3,netral
kontak,4,negatif
cable,1,netral
kotak,3,negatif
kabel,1,netral
charger,1,netral
kado,2,positif
ramah,1,negatif
toddler,1,netral
dekorasi,1,positif
competent,1,netral
koyak,1,negatif
bab,5,negatif
ciput,7,netral
benefits,3,netral
bersembang,1,netral
besaq,1,netral
jangkara,3,netral
jutarp,1,netral
resepsionis,2,netral
siii,1,netral
league,1,netral
nali,4,netral
naker,1,netral
wfa,21,netral
moderat,1,netral
lembaga,9,negatif
kolaborasi,4,netral
engan,1,netral
ekbis,1,netral
guyon,1,negatif
performance,3,netral
barulama,1,netral
jtyg,1,netral
ketuk,1,netral
sa,2,netral
ehailing,1,netral
alik,1,netral
gurl,1,netral
rose,1,netral
drpda,2,netral
hinu,1,netral
teranganbluntness,1,netral
prettyyy,1,netral
dicounter,1,netral
emeno,1,netral
geram,3,netral
attend,1,netral
blah,1,netral
manners,1,netral
kaesang,3,netral
swafoto,1,netral
communicate,1,netral
sahsiah,2,netral
jmp,1,netral
kerani,1,netral
busuk,2,negatif
longkang,1,netral
quit,3,netral
tindak,14,netral
replace,1,netral
maybe,7,netral
cer,1,netral
ejas,1,netral
housewife,1,netral
jalantinggi,1,netral
isteri,3,netral
tak,1,netral
candidate,2,netral
letter,1,netral
sign,1,netral
esok,5,negatif
hantar,1,netral
canner,1,netral
normalny,1,netral
mninggal,1,netral
kehidufan,1,netral
kelam,1,negatif
slow,4,positif
hell,2,netral
tangguh,3,negatif
moyang,1,negatif
previlage,1,netral
ggwp,1,netral
hura,3,netral
nongki,5,netral
terusmenerus,1,netral
knowwww,1,netral
aktoraktris,1,netral
ott,1,netral
alur,1,negatif
padat,2,netral
berteletele,1,netral
nghidupin,1,netral
ngundurin,1,netral
geming,1,negatif
superior,3,positif
monyet,5,negatif
budakin,1,netral
koar,5,netral
sore,6,netral
zoom,11,netral
genzi,1,netral
pemelihan,1,netral
ultra,1,netral
petita,1,netral
elus,1,netral
dada,1,netral
eyel,2,netral
dinasehatin,1,netral
manyunmanyun,1,netral
istirahat,6,negatif
cepatcepat,1,netral
ltpgtfaktor,1,netral
ampnbspltem,1,netral
ispasted,1,netral
gtwork,1,netral
balanceltemgt,1,netral
merekaltpgt,1,netral
sw,1,netral
weeww,1,netral
helloww,1,netral
ditentuin,1,netral
cetek,1,negatif
say,2,positif
rulesnya,1,netral
ketoprak,1,netral
warmindo,1,netral
yeuu,1,netral
pelit,14,negatif
nyantumin,2,netral
ambisius,6,netral
khannn,1,netral
anyg,1,netral
replymu,1,netral
sinting,2,negatif
angkring,1,netral
ngepush,2,netral
cuannya,1,netral
linkedln,1,netral
banyakkkk,1,netral
wellinformed,1,netral
mantum,1,netral
lan,1,netral
nrimo,2,netral
strict,4,netral
tetap,7,positif
filipina,3,netral
cationers,2,netral
merekamereka,1,netral
hakhak,1,netral
jpg,2,netral
badjindol,1,netral
laznas,1,netral
donaturrr,2,netral
gajiii,1,netral
jabanin,2,netral
door,2,netral
handel,1,netral
naudzubillah,1,negatif
mentang,5,negatif
ngab,1,netral
nglamar,1,netral
additional,1,netral
gelar,6,positif
kalkulasi,1,netral
blunder,2,netral
wakanda,2,netral
gelenggeleng,1,netral
wijaya,3,netral
pialang,4,negatif
leader,6,netral
aaaaa,2,netral
hopefully,1,netral
pngaaman,1,netral
mek,1,netral
uakeh,1,netral
bolos,2,negatif
lebar,2,negatif
zmillenials,1,netral
rawan,6,negatif
kekeh,1,netral
asemnya,1,netral
risau,6,netral
nowadays,4,netral
manjah,1,netral
underistimate,1,netral
ajaib,5,netral
daoat,1,netral
parents,8,netral
tah,3,netral
which,4,netral
sell,1,netral
underpice,1,netral
sha,1,netral
ethan,2,netral
ngerangkep,1,netral
tuntun,1,negatif
wi,1,netral
gae,1,netral
airpods,1,netral
ketok,3,netral
edge,1,netral
koyok,3,netral
petenteng,1,netral
onok,3,netral
rungokno,1,netral
ita,2,netral
hijack,1,netral
instan,27,netral
tehur,1,netral
wwww,1,netral
setir,1,positif
ami,2,netral
pacar,8,negatif
njirttt,1,netral
kit,2,netral
ngebelah,1,netral
semprot,2,negatif
bus,2,netral
nginap,1,netral
mempertimbagkan,1,netral
ramee,1,netral
gaiss,1,netral
ramal,1,negatif
materiil,1,netral
intelektual,4,positif
harta,5,netral
hajar,1,negatif
kritisi,2,netral
ngetaiin,1,netral
simply,1,netral
gapeduli,2,netral
shoes,1,netral
ciputr,1,netral
lahhhh,1,netral
laaahhh,1,netral
sinisin,1,netral
optimal,4,netral
buanyaaakkkkk,1,netral
impiantarget,1,netral
pesimis,2,netral
laundry,1,netral
ditrabas,1,netral
amburadul,2,negatif
servis,1,positif
tambal,1,netral
ban,2,netral
ngangep,1,netral
rakus,3,netral
rezim,4,netral
kompentensi,1,netral
populix,3,netral
tuduh,5,netral
anakpalestina,1,netral
ri,3,netral
rayu,2,negatif
bh,1,netral
tjdi,1,netral
lurah,2,netral
cempakaputihtimur,1,netral
niuslab,1,netral
hybe,2,netral
corporation,2,netral
sejarah,2,netral
selatan,1,netral
palestina,2,netral
bts,3,netral
himpun,1,negatif
tuai,1,netral
kontroversi,2,negatif
idntimes,1,netral
idntimeshyperlocal,1,netral
idntimesjateng,1,netral
rusun,5,netral
sewot,1,negatif
dilakonin,1,netral
calon,36,netral
tktok,1,netral
ego,6,negatif
should,3,netral
know,3,netral
stereotype,4,netral
nakes,3,netral
persetan,2,netral
gajibeban,1,netral
apresiasi,3,netral
dia,6,negatif
siee,1,netral
ngikuti,1,netral
permasalahin,1,netral
coyy,1,netral
alir,4,netral
esem,1,netral
robot,2,netral
bangsatttt,1,netral
agens,4,netral
nolong,1,netral
rumahtrs,1,netral
profit,8,negatif
belikredit,1,netral
finder,1,netral
metode,2,negatif
ygy,1,netral
mochi,1,netral
mouretta,1,netral
machinery,1,netral
pangkas,1,netral
policy,1,netral
industrialisasi,2,netral
setiawan,2,netral
sky,1,netral
tip,1,negatif
esemka,1,netral
halusinasi,1,netral
luhut,1,netral
elon,3,netral
organisasi,15,positif
rajalela,2,netral
joget,6,netral
preman,2,netral
jatah,1,negatif
ntb,1,netral
ngehire,3,netral
laughs,1,netral
pekerjaaan,2,netral
diincer,1,netral
bundz,1,netral
dapetlah,1,netral
disiasiain,1,netral
okey,1,netral
klasifikasi,1,netral
milienal,1,netral
saya,1,negatif
ngedidik,1,netral
patungan,3,netral
mamah,3,negatif
kynya,1,netral
diantepin,1,netral
spesial,3,positif
eseksi,1,netral
gylberth,1,netral
deposito,3,positif
eksekusi,1,netral
lmh,1,netral
reply,9,positif
inimau,1,netral
backgroundnya,1,netral
emban,2,netral
hidung,1,negatif
lebay,4,negatif
etitud,1,netral
wow,2,netral
eselon,1,netral
anjim,2,netral
gwn,1,netral
smkkampus,1,netral
ucap,1,negatif
semuahhhh,1,netral
urgensi,3,netral
getol,2,negatif
realisasi,3,negatif
apart,3,netral
om,5,netral
sampean,1,negatif
nggedabrus,1,netral
laba,2,positif
atik,1,netral
kau,2,netral
taspen,2,netral
oknum,1,netral
tross,1,netral
alibi,2,netral
triplek,1,netral
kabupaten,5,netral
pada,5,negatif
bjgn,1,netral
dipanglas,1,netral
gabutuh,4,negatif
mprdpr,1,netral
tega,2,negatif
bagamana,1,netral
cikarang,1,netral
nua,1,netral
fardhu,3,netral
ppp,1,netral
ain,1,negatif
kifayah,1,netral
andaanda,1,netral
halaahh,1,netral
bennn,1,netral
kambing,5,negatif
teriak,4,negatif
fixed,1,netral
jokowi,2,netral
palu,2,netral
depak,2,negatif
turunin,4,netral
bakar,5,negatif
ngebajak,1,netral
ngegoreng,1,netral
apes,4,negatif
kerjadapet,1,netral
gajinabung,1,netral
sendiribisa,1,netral
capek,2,negatif
bwbw,1,netral
cekek,1,netral
stereotypenya,1,netral
saaattt,1,netral
cicit,1,netral
urgent,3,netral
buat,11,positif
keong,1,netral
cilok,1,negatif
tabungin,1,netral
jelasjelas,2,netral
repot,3,negatif
sawah,1,netral
emis,2,netral
gajidicicil,1,netral
aaaksosjsj,1,netral
seginigini,1,netral
terapi,6,netral
psikiatri,1,netral
lushyu,1,netral
kiamat,2,negatif
who,50,netral
need,4,netral
house,3,netral
recokin,1,netral
jingggg,1,netral
rumahtanah,2,netral
lhaaa,1,netral
dibebanin,1,netral
umrnya,3,netral
pakkkkkk,1,netral
dahal,5,netral
butuhin,1,netral
luasin,1,netral
perlu,6,positif
napas,1,netral
tetek,1,negatif
bengek,2,netral
calo,1,netral
tepera,1,netral
seoalah,1,netral
pil,2,netral
peyaang,1,netral
elaah,1,netral
puter,5,netral
sejahterain,1,netral
peratura,1,netral
eventhough,1,netral
am,3,netral
tahum,1,netral
segituuu,1,netral
udahmah,2,netral
sandiaga,1,netral
menteripejabat,1,netral
sisihin,3,netral
banyakk,1,netral
pale,1,netral
buzzer,3,netral
drastis,2,negatif
sedekah,3,netral
pemasukangaji,1,netral
akar,5,negatif
mkirin,1,netral
derajat,2,positif
tarung,2,negatif
hedeh,2,netral
ngeberatin,1,netral
gapenting,1,netral
lahan,5,netral
soalny,1,netral
kibul,1,netral
tata,1,negatif
kendal,2,netral
komoditi,1,netral
rangin,1,netral
agenda,2,netral
dalih,6,negatif
dinaikkin,1,netral
dipajakin,1,netral
printilan,1,netral
pop,7,positif
dpajakin,1,netral
becuk,1,netral
potogan,1,netral
ngana,1,netral
psikolog,12,netral
psikiater,8,netral
sri,2,netral
iyadeh,1,netral
iyaaaaa,1,netral
rumaaahhh,1,netral
menfess,11,netral
enas,1,negatif
esensi,1,netral
jabotabek,1,netral
approve,1,netral
ajuin,3,netral
gotong,2,netral
royong,2,netral
pejabatpejabat,1,netral
rakyatgen,1,netral
menyesuaikanyang,1,netral
berjuangsemangat,1,netral
hayoh,1,netral
ngang,1,netral
ngong,1,netral
oohhh,1,netral
mustahil,7,negatif
keringat,3,netral
dosa,1,negatif
printilannya,1,netral
tamak,2,netral
bensin,6,netral
jemaah,1,netral
konkret,1,positif
muka,18,netral
lhoooooo,1,netral
lonjak,4,netral
kendali,6,netral
lapker,1,netral
sandwichgen,1,netral
masyaallah,2,netral
zalim,2,negatif
ghaib,2,netral
dimanjaaiin,1,netral
iming,1,netral
jtbisa,1,netral
melongoh,1,netral
bersatusuarakan,1,netral
tarif,2,netral
sumbangin,1,netral
sandi,2,netral
omnibus,2,netral
law,3,netral
kamuflase,1,netral
perah,3,netral
kas,1,netral
ngurusnya,1,netral
gajiduit,1,netral
dibaliknaja,1,netral
siapain,1,netral
tempatin,1,netral
nyatut,1,netral
dengkul,1,negatif
everything,1,netral
confirmkan,1,netral
nsb,1,netral
ghosting,3,netral
bgtau,1,netral
kitorang,2,netral
cristiano,1,netral
ronaldo,3,netral
laksono,1,netral
phl,1,netral
hadehhh,1,netral
corusel,1,netral
pindahpidah,1,netral
enggak,1,netral
dude,1,netral
pph,2,netral
tajir,1,netral
hadeuhhhh,1,netral
tali,2,netral
bajing,1,negatif
diptong,1,netral
kryawan,3,netral
kaliny,1,netral
membuangbuang,1,netral
resurjensi,1,negatif
bangkit,4,negatif
habishabisan,2,netral
remunerasi,1,netral
nglihatnya,1,netral
pengganguran,1,netral
taman,1,positif
mahar,2,netral
sims,1,netral
angsurqn,1,netral
btn,1,netral
tbulan,1,netral
bed,1,netral
room,1,netral
koper,1,netral
jtan,3,netral
ngantongin,1,netral
titi,3,negatif
besarini,1,netral
usahapekerjaan,1,netral
koarkoar,1,netral
sabagai,1,netral
militer,6,netral
perwira,1,positif
dicengcengin,1,netral
dibegobegoin,1,netral
mimpimimpi,1,netral
someone,2,netral
mengsedih,2,netral
pikirpikir,1,netral
siiiih,1,netral
mincot,1,netral
inspiring,1,netral
unpopular,4,netral
opinion,6,netral
latest,1,netral
born,1,netral
dekade,4,netral
famili,8,netral
pantat,2,negatif
bunuh,37,negatif
mayankan,1,netral
ngendap,1,netral
njop,1,netral
npoptkp,1,netral
lira,1,netral
jok,1,netral
lapkerja,1,netral
menganggurskrng,1,netral
pontang,3,netral
panting,3,netral
mrkbajingan,1,netral
tengik,1,netral
jgkl,1,netral
protein,1,netral
energy,2,netral
malnutrition,1,netral
mmbantu,1,netral
perumahannyannti,1,netral
aleg,1,netral
ugalan,1,netral
asumsi,9,negatif
retoris,1,netral
usd,1,netral
graphic,2,netral
designer,1,netral
kontrakankosanrumah,1,netral
santet,1,negatif
lusa,1,netral
bgstttt,1,netral
jendela,2,netral
dicengin,1,netral
clue,1,netral
ter,2,netral
student,1,netral
cekak,1,negatif
pivot,1,netral
mecahin,1,netral
bubble,3,netral
kover,1,netral
bosbosnya,1,netral
romusha,2,netral
kimukatsu,1,netral
dideket,1,netral
capekcapek,3,netral
trading,2,netral
umrump,1,netral
tulah,4,negatif
adekadek,1,netral
warung,3,netral
serabut,1,netral
hujung,2,negatif
thefob,4,netral
war,1,netral
lolot,1,netral
lelucon,1,negatif
inimah,2,netral
konsumen,3,netral
oy,2,netral
bunyi,2,negatif
sudah,3,negatif
keta,1,netral
jariah,1,netral
bengap,1,negatif
kebutuhannyaterlalu,1,netral
nyarinya,1,netral
nenggg,1,netral
layakmya,1,netral
camat,1,netral
tina,1,netral
beat,1,netral
adv,1,netral
tod,1,netral
curiga,2,negatif
tekstual,1,netral
night,1,netral
hempuk,1,netral
ansur,2,netral
weekendph,1,netral
against,1,netral
alahai,1,netral
buto,2,netral
rbhari,1,netral
dibolehin,1,netral
acah,3,netral
berfikiran,1,netral
hours,1,netral
gedik,3,netral
justify,1,netral
lahanat,1,netral
mencet,1,netral
absen,5,negatif
mempan,1,netral
sukat,1,positif
sedap,4,positif
cuba,1,netral
fo,1,netral
below,1,netral
anggarin,1,netral
walhal,1,netral
hempas,2,negatif
pulas,1,negatif
ooooh,1,netral
berkalikali,3,netral
maghrib,1,negatif
ringan,10,negatif
until,2,netral
ago,1,netral
salahsalahin,2,netral
sentil,1,netral
what,6,netral
how,6,netral
bout,1,netral
linkedin,2,netral
gtgen,4,netral
personal,10,netral
danusan,1,netral
verbal,1,positif
abuse,1,netral
seniorsenior,1,netral
sahaya,1,netral
ngepel,1,netral
lap,1,negatif
cukur,1,netral
kursus,3,netral
siangmagrib,1,netral
ndaakan,1,netral
kangcukur,1,netral
laaah,1,netral
sapalo,1,netral
diakalakalin,1,netral
pagimalem,1,netral
kesel,1,negatif
nyinyir,6,negatif
pilah,1,netral
tukin,3,netral
cokol,1,negatif
ong,1,netral
freya,1,netral
jabodetabek,8,netral
znya,2,netral
udak,1,netral
mbakk,1,netral
course,4,netral
melulu,8,negatif
cleaner,1,netral
blar,1,netral
betapa,18,positif
kerah,2,netral
putih,5,negatif
harihari,2,netral
mengaggur,1,netral
load,4,netral
ambek,4,netral
bengong,1,netral
plss,1,netral
darting,1,netral
cowok,8,netral
dikeep,1,netral
spill,4,netral
rental,1,netral
price,1,netral
argumen,3,negatif
luck,2,positif
blok,4,netral
sliweran,1,netral
akhire,1,netral
leyeh,2,netral
sambi,2,netral
cangkruk,1,netral
celah,4,negatif
refuse,1,netral
wthver,1,netral
thatt,1,netral
setrus,1,netral
validitas,1,negatif
mentingin,14,netral
tebu,1,netral
nine,2,netral
five,2,netral
judging,1,netral
chatting,2,netral
ngejulid,1,netral
geng,4,netral
rumpi,1,netral
ngehasut,1,netral
olah,2,netral
benerpfffttt,1,netral
remote,6,netral
keteter,1,netral
bravob,7,netral
cabang,1,netral
advance,1,netral
punah,1,negatif
habitnya,2,netral
berekspetasi,2,netral
welcome,3,positif
age,3,netral
bosny,2,netral
bnykn,1,netral
byar,1,netral
kmampuan,1,netral
dibndngkn,1,netral
gilaakkk,1,netral
alem,1,netral
sesuau,1,netral
ngawur,3,netral
petak,1,netral
posting,3,netral
frontliner,1,netral
jeblok,4,negatif
pnsbumnswasta,1,netral
ngegojek,1,netral
bkebun,1,netral
disuguhin,1,netral
glamor,2,netral
selebgrampejabrut,1,netral
berangkat,5,negatif
expected,2,netral
cumlaude,2,netral
matoknya,1,netral
punya,1,positif
yapping,1,netral
mula,7,negatif
deadlineomelan,1,netral
gedeperusahaan,1,netral
impact,3,netral
boom,1,netral
lurus,4,positif
anestesi,1,netral
sambaaaaat,1,netral
gubris,1,negatif
kecewa,3,netral
information,4,netral
drafter,1,netral
advanced,1,netral
palembang,1,netral
raja,13,netral
ekspektasinya,1,netral
desc,6,netral
vt,1,netral
kayagitu,1,netral
gelap,1,negatif
kwwkkw,1,netral
aga,2,netral
sebal,5,netral
runtuh,1,negatif
warman,1,netral
rekruit,1,netral
nombok,2,netral
benernya,1,netral
utamain,2,netral
mt,3,netral
fk,1,negatif
faskes,1,netral
chotimah,1,netral
lanskap,1,netral
skillgap,1,netral
ngegoblokin,1,netral
publish,1,netral
efisiensi,2,netral
deskripsi,2,negatif
socalled,2,netral
nuruls,1,netral
muslimah,1,netral
kuliahkerja,1,netral
pangsa,1,negatif
gaco,1,negatif
memenya,1,netral
jadul,2,negatif
crew,1,netral
yalahin,2,netral
kejam,2,negatif
nauzubillah,1,netral
fafifu,3,netral
tembak,6,negatif
nanonano,1,netral
agam,5,positif
nihilism,1,netral
marriage,1,netral
entitled,3,netral
wajibin,1,netral
nyalon,1,netral
legislatif,2,netral
citra,4,positif
alamin,2,netral
recruiternya,1,netral
shouldn,1,netral
normalized,1,netral
formal,2,negatif
keji,1,negatif
nonformal,1,netral
sector,1,netral
dijinakin,1,netral
jahat,6,negatif
younger,2,netral
coworker,1,netral
melempem,1,netral
cemar,1,negatif
disamaratakan,2,netral
rantau,8,netral
pengalamn,1,netral
intrview,1,netral
kmudian,1,netral
ngeganti,1,netral
tupoksi,2,netral
xtahun,1,netral
nihil,2,negatif
interaksi,8,negatif
kacab,1,netral
ngabarin,2,netral
moodyan,1,netral
mannerless,1,netral
batalin,1,netral
honorermagang,1,netral
any,1,netral
appreciation,1,netral
annual,2,netral
review,1,netral
flat,3,netral
cancel,1,netral
jengkel,2,negatif
seumurannyalebih,1,netral
identik,3,netral
rambut,1,netral
bewarna,1,netral
ani,1,netral
lont,2,netral
stuff,2,netral
rumit,6,negatif
ngikik,1,netral
pewe,1,netral
thinking,3,netral
hiring,2,netral
barber,1,netral
pgenya,1,netral
bocorin,2,netral
telkomsel,1,netral
serapah,1,negatif
ranah,4,netral
investment,7,netral
iman,6,negatif
letoy,1,netral
kerupuk,5,netral
seblak,1,netral
sekarepe,1,netral
arif,1,positif
certain,1,netral
education,5,netral
fuckass,1,netral
goverment,2,netral
did,2,netral
jomplangnya,1,netral
limbung,1,netral
shgg,1,netral
content,6,netral
letak,3,netral
digaslight,1,netral
kocar,1,netral
kacir,1,netral
mass,1,netral
index,1,netral
pad,1,netral
susut,1,negatif
babybomers,1,netral
alesannya,3,netral
introvert,1,netral
aelf,1,netral
rewars,1,netral
love,5,negatif
bombing,2,netral
bebal,4,negatif
gesek,1,negatif
taksi,1,netral
nakal,1,negatif
kkm,2,netral
unbelajar,1,netral
favoritenya,1,netral
liar,2,netral
santaisekalinya,1,netral
laten,1,negatif
santo,1,netral
pnh,1,netral
kerjaa,2,netral
gulung,1,netral
tikar,1,positif
students,1,netral
wfo,11,netral
caprescagub,1,netral
periode,4,netral
reinilah,1,netral
waktu,1,netral
mahalmahal,1,netral
syulit,3,netral
clingakclinguk,1,netral
zkalu,1,netral
akomodatif,1,netral
sia,1,negatif
ketinggalannn,1,netral
perdana,1,netral
laden,1,positif
graduated,1,netral
ratain,1,netral
hadehhhh,1,netral
gembleng,1,netral
tampang,8,netral
kucel,8,netral
menu,8,netral
gembel,9,negatif
youll,6,netral
yourself,4,netral
mantan,1,negatif
mayang,1,netral
landskap,1,netral
mahir,5,negatif
insaniah,1,netral
journexpose,1,netral
digitaljournalism,1,netral
jrn,1,netral
gajirendah,1,netral
you,1,netral
missed,1,netral
quiet,3,netral
quitting,3,netral
iklan,3,netral
jawat,4,netral
bahagian,1,netral
commission,1,netral
sinarharian,1,netral
mahugajitinggi,1,netral
ngerantau,1,netral
space,2,netral
privasi,1,netral
gadget,20,netral
santa,6,netral
aviasi,1,netral
engineernya,1,netral
roti,5,netral
wonder,1,netral
banter,1,netral
mister,1,netral
older,3,netral
ten,1,netral
monopoli,2,positif
ngeprovide,1,netral
purata,2,netral
bd,1,netral
totalitas,2,netral
anjerr,1,netral
attract,1,netral
overseas,2,netral
workers,8,netral
supervisormanager,1,netral
ponakan,5,netral
glowing,1,netral
flexingin,1,netral
mengepoi,2,netral
njirbs,1,netral
chartered,1,netral
accountants,1,netral
england,1,netral
wales,1,netral
icaew,1,netral
akuntansi,8,netral
lejit,1,netral
balesannya,2,netral
disiplinin,1,netral
katannya,1,netral
adap,1,netral
minusmoral,1,netral
dibawh,1,netral
anggal,1,netral
masala,1,netral
tukinnya,1,netral
pintas,2,netral
legal,1,netral
gain,3,netral
milk,2,netral
lasts,1,netral
jelasinnya,1,netral
burnt,1,netral
panas,14,negatif
mza,1,netral
heart,1,netral
ekau,1,netral
takkk,1,netral
eeei,1,netral
montot,1,netral
learned,1,netral
stkenapa,1,netral
gubernur,3,netral
gji,1,netral
takes,1,netral
around,1,netral
raw,1,netral
materials,1,netral
bola,4,netral
ginjal,2,netral
belabelain,3,netral
berhayal,2,netral
renyah,2,netral
crispy,2,netral
sekaliii,2,netral
piring,1,netral
medan,3,netral
ettitude,1,netral
independent,2,netral
poundfit,1,netral
pilates,2,netral
religius,1,netral
fastabiqul,1,netral
khairat,1,netral
lesen,3,netral
pandu,8,positif
karut,1,negatif
wlb,13,netral
old,3,netral
trabas,1,netral
zombie,2,netral
rarely,1,netral
kesyan,1,netral
singkat,5,negatif
nguli,1,netral
januari,2,netral
pntg,2,netral
sebenrnya,1,netral
dibarengin,2,netral
wrk,3,netral
milenialboomer,1,netral
tabu,6,netral
romantisasi,2,netral
taraf,1,negatif
kismin,2,netral
imbal,4,positif
timpal,4,positif
agen,3,negatif
mudik,2,negatif
lebaran,5,netral
dramaart,1,netral
koneksi,5,negatif
transum,1,netral
mobilitas,1,netral
dystopia,1,netral
baseline,1,netral
ronta,1,netral
jurnal,7,netral
kuesioner,1,netral
pemgennya,1,netral
performer,1,netral
requirement,2,netral
keukeuh,1,netral
gelintir,3,netral
underprivileged,2,netral
commute,1,netral
berjamjam,1,netral
underpriviledge,1,netral
koreksi,3,netral
patah,3,negatif
ipar,1,netral
kekuh,1,netral
ngangur,1,netral
kerahin,2,netral
potret,1,netral
lagilagi,1,netral
af,1,netral
fte,3,netral
risk,2,netral
retirement,1,netral
curi,2,negatif
kantong,8,positif
shortterm,1,netral
return,3,netral
lomgterm,1,netral
analyze,1,netral
kategori,6,netral
pdam,1,netral
perabot,1,netral
sheets,1,netral
berkah,8,positif
kurban,1,negatif
sustain,2,netral
ngabsen,3,netral
konsentrasi,7,netral
satsetwatwet,1,netral
fh,2,netral
jelasss,1,netral
awkwkwk,1,netral
maksim,1,netral
benhil,1,netral
belikan,3,negatif
goyard,1,netral
akuuuh,1,netral
gtbinatang,2,netral
perkosa,1,netral
montang,1,netral
manting,1,netral
laksana,3,netral
papi,2,netral
kes,2,positif
andelin,1,netral
rafael,1,netral
alun,1,netral
setarany,1,netral
xx,1,negatif
andil,5,positif
gagah,1,negatif
calistung,2,netral
kesan,4,netral
jumpa,7,netral
racist,1,netral
withmuu,1,netral
myeongdong,1,netral
jeling,1,netral
blur,1,negatif
english,2,netral
unik,6,netral
pubg,1,netral
order,2,netral
malingin,1,netral
sidejob,1,netral
rungut,4,netral
ehhhhh,1,netral
nobodylove,1,netral
managerial,1,netral
curve,1,netral
diindo,1,netral
garang,2,negatif
syga,1,netral
anz,1,netral
pundit,1,netral
koch,1,netral
streamer,1,netral
edisi,3,netral
ngedumel,2,netral
hiih,1,netral
kd,1,netral
beusaha,1,netral
mcmni,1,netral
sentap,2,netral
elect,1,netral
new,4,netral
amaun,1,netral
diknon,2,netral
hang,4,netral
jenih,1,netral
right,2,netral
cangkul,1,negatif
sorg,2,netral
mampoih,1,netral
realitynya,2,netral
lembu,1,negatif
phm,1,netral
tabah,1,positif
rak,3,netral
standby,1,netral
dadak,3,positif
mokluu,1,netral
diploma,2,netral
few,2,netral
kedekut,2,netral
unclepakcikmid,1,netral
crisisbang,1,netral
kaduk,1,netral
bincang,9,positif
fossil,1,netral
function,1,netral
board,1,netral
regulate,1,netral
labun,1,netral
stem,3,netral
tampak,8,negatif
colleague,2,netral
glc,3,netral
mnc,2,netral
dipamerpamerin,1,netral
real,5,positif
asah,5,negatif
timing,1,netral
jugaaaa,1,netral
gesa,2,netral
worksfess,1,netral
flaxing,1,netral
emoji,2,netral
etik,3,netral
omom,2,netral
emot,1,netral
timlin,1,netral
masjid,3,positif
paused,1,netral
tapi,1,netral
iftar,1,netral
talam,2,netral
mingle,1,netral
pishank,1,netral
haritu,1,netral
kurikulumprogram,1,netral
pncitrannya,1,netral
nadiem,1,netral
rungkad,1,netral
terminalmojok,1,netral
borong,2,negatif
push,3,netral
sachetan,1,netral
nembus,2,netral
banjir,4,negatif
bencana,2,negatif
permanen,2,positif
single,1,positif
apartment,2,netral
nafas,4,netral
rmhnya,2,netral
planet,2,netral
jin,1,negatif
bsd,1,netral
strawberry,4,netral
ipon,2,netral
lunas,5,netral
bantal,1,netral
renang,1,positif
security,2,netral
hidden,1,netral
cheat,1,netral
code,2,netral
jangankam,1,netral
inflansi,1,netral
lifetime,2,netral
renting,2,netral
kosa,2,netral
lantai,3,netral
pepe,1,netral
xumr,1,netral
kontrakanapartemen,1,netral
anakkolong,1,netral
senjata,2,netral
rongrong,1,netral
bin,1,netral
sunting,1,netral
belombelom,1,netral
maciam,1,netral
delulu,1,netral
jiakh,1,netral
ekspos,1,negatif
funfairxpun,1,netral
sarkas,1,netral
nikeje,1,netral
jup,1,netral
seronok,5,netral
relaks,1,netral
lannti,1,netral
ronok,1,netral
collect,1,netral
jump,1,netral
lai,2,netral
sgtkemon,1,netral
sg,4,netral
vietnam,1,netral
kunyuk,1,netral
diterusin,1,netral
milihnya,1,netral
aaa,1,netral
kasiaaan,1,netral
ngeriset,1,netral
mentengin,1,netral
second,1,netral
bising,5,netral
elaun,8,netral
internship,4,netral
omar,1,netral
bahrawi,3,netral
dwifungsi,1,netral
abri,2,netral
mengerus,1,netral
dwi,3,netral
siswa,2,positif
straight,1,netral
pointer,1,netral
bekap,1,negatif
wutoh,1,netral
butoo,1,netral
xkan,1,netral
botak,1,netral
malaysia,6,netral
muteerrrrr,1,netral
ngerapel,1,netral
netral,1,netral
band,2,netral
lembik,5,positif
dorang,8,netral
hujah,1,negatif
scam,3,netral
lect,1,netral
saw,2,netral
dgaf,1,netral
submit,2,netral
ofc,1,netral
tentara,5,netral
sepuh,5,negatif
bintang,3,netral
pundak,2,netral
weekday,1,netral
michael,1,netral
page,2,positif
detikedu,1,netral
gajitinggi,1,netral
selesa,4,positif
sangatt,1,netral
kamil,1,positif
lompat,10,netral
penge,1,netral
ujuk,1,netral
duwur,1,netral
gimmick,1,netral
gemoy,3,netral
easy,3,netral
gq,1,netral
ranking,1,netral
terbit,2,netral
mokat,1,netral
hibah,3,positif
lektor,3,netral
seleksi,3,netral
babyboomer,3,netral
bangsa,75,netral
deosen,1,netral
begoin,1,netral
naikkin,1,netral
unj,1,netral
wallahi,1,netral
alergi,2,negatif
tik,2,netral
ngganggur,1,netral
sebntar,1,netral
dlloke,1,netral
joged,1,netral
ajasi,1,netral
lord,2,netral
awas,6,negatif
unggah,3,netral
guruguru,1,netral
pret,2,netral
gajitunjangan,1,netral
tahuntahunnya,1,netral
dikantongin,1,netral
wcl,1,netral
hernawan,1,netral
turuuu,1,netral
nepotisme,2,netral
demokrasi,3,netral
timbul,22,negatif
melenial,2,netral
rip,2,negatif
bayarr,1,netral
pajakkk,1,netral
jamkerja,1,netral
satir,1,negatif
staffchuakkss,1,netral
tapj,1,netral
timpalin,1,netral
luculucu,1,netral
kawasan,2,netral
andine,1,netral
hhaha,1,netral
jetset,1,netral
realitanya,3,netral
dugem,1,netral
akhirya,1,netral
slps,2,netral
true,6,netral
bottom,2,netral
rangkak,2,netral
kampaye,1,netral
something,2,netral
tell,2,netral
them,9,netral
teach,1,netral
maamsir,1,netral
perli,1,netral
sarcastic,1,netral
bosbos,1,netral
sah,3,netral
tenor,4,netral
mpertaruhkan,1,netral
mpelajari,1,netral
norma,1,netral
tbentuk,1,netral
sahaja,5,positif
duitgaji,3,netral
jadual,1,netral
wfhwfa,1,netral
rewards,1,netral
friday,1,netral
realiti,2,netral
ds,1,netral
expectations,3,netral
slay,1,netral
asalbukanprabowo,2,netral
asalbukan,2,netral
banyakygbalikke,2,netral
ilana,2,netral
tan,3,netral
papua,3,netral
miftah,3,netral
gengpastipasti,2,netral
nahdlatul,2,netral
ulama,2,positif
overworked,2,netral
base,4,netral
modalin,1,netral
adminnya,2,netral
sponsor,2,positif
imajinatif,1,netral
leave,3,negatif
sucks,2,netral
tngk,1,netral
masyukkk,1,netral
build,1,netral
brumur,1,netral
sket,1,netral
engineer,3,netral
architect,1,netral
trpaksa,1,netral
doomerism,1,netral
climate,1,netral
change,3,netral
fucking,4,netral
pandemic,8,netral
kelarkelar,1,netral
livestreamed,1,netral
gak,2,netral
kids,1,netral
biru,1,netral
ngetake,1,netral
rekor,1,netral
edgy,1,netral
applied,1,netral
hauk,3,netral
planned,1,netral
complaint,2,netral
cecah,1,netral
nek,8,netral
payu,1,positif
rabi,1,netral
goleke,1,netral
keponakan,2,netral
tunggul,1,negatif
ametung,1,netral
orok,1,negatif
terma,1,netral
kadar,3,positif
grow,3,netral
organically,1,netral
berbaloi,2,netral
lebihlebih,1,netral
bulansuami,1,netral
sepele,14,negatif
menantu,1,netral
umoq,1,netral
macammacam,1,netral
milennial,3,netral
kawa,1,netral
nangisin,3,netral
leha,3,netral
umrgeneration,1,netral
processing,1,netral
agribusinessnya,1,netral
transisi,2,netral
berprogress,1,netral
ningkat,1,netral
kebnykan,1,netral
administratif,1,netral
challenge,5,positif
ngasihnya,1,netral
anjingin,1,netral
segambreng,1,netral
lekang,1,netral
cowocewe,1,netral
red,4,netral
flag,4,netral
habit,1,netral
rohingyah,1,netral
almarhum,1,netral
desah,1,negatif
pura,5,netral
jet,1,netral
halhal,28,netral
foyafoya,4,netral
menghamburhamburkan,1,netral
mdcjkt,1,netral
anjj,1,netral
malang,2,negatif
meme,1,netral
eits,4,netral
planner,11,netral
mike,4,netral
rini,4,netral
kodekompastv,4,netral
kompastv,4,netral
barat,14,netral
youtuber,4,netral
simpenan,1,netral
desix,1,netral
kocek,1,netral
tabloid,1,netral
kontan,1,positif
cerdaskeuangan,1,netral
testimoni,4,positif
nin,1,netral
creativepr,1,netral
kouta,1,netral
vacuum,1,netral
bibik,1,netral
faktab,1,netral
pendeta,1,netral
remdah,1,netral
penyefong,1,netral
eth,2,netral
nnya,1,netral
abg,1,negatif
rasi,1,netral
tantrum,1,netral
belang,1,negatif
tapai,1,netral
riize,1,netral
debu,1,negatif
treasure,1,netral
wooooi,1,netral
infotaiment,1,netral
salty,4,netral
santuy,4,netral
tmnku,1,netral
edit,6,netral
cip,1,netral
today,1,netral
haufttttt,1,netral
menjawabhahahha,1,netral
kabuaten,1,netral
pantang,2,negatif
ayat,1,negatif
mahathir,1,netral
smatpun,1,netral
smsung,1,netral
ipong,2,netral
ipd,1,netral
rumahapartment,1,netral
europe,2,netral
architecture,1,netral
discounts,1,netral
duileh,1,netral
midzy,1,netral
div,1,netral
bangkot,2,negatif
corel,1,netral
draw,2,negatif
adobe,3,netral
illustrator,1,netral
effect,5,netral
ewkekekekekekkekekekekek,1,netral
ril,2,netral
samosir,1,netral
adit,1,netral
toniee,1,netral
sandung,1,negatif
belaga,4,netral
mutu,2,negatif
modus,1,negatif
ajang,1,negatif
carport,1,netral
podo,2,netral
ngarah,1,netral
ndduwe,1,netral
opomaneh,1,netral
mok,2,netral
ngko,1,netral
ngenteni,1,netral
res,1,netral
resan,1,negatif
engak,1,netral
ngurangi,1,netral
darisini,1,netral
wfh,18,netral
disimpen,1,netral
gur,3,netral
mlaku,1,netral
bensine,1,netral
piro,3,netral
cuk,2,netral
entek,2,netral
neng,4,negatif
dal,1,netral
soyo,1,netral
jutanan,1,netral
mundak,1,netral
mujani,1,netral
pikirnyasudah,1,netral
kolonial,2,netral
export,1,netral
tani,11,netral
star,1,netral
editor,3,netral
zb,1,netral
cc,3,netral
keringet,1,netral
presentasenya,1,netral
benefitnya,1,netral
wfhome,1,netral
resigngaris,1,netral
wkwkwkwkwkwkw,1,netral
whv,1,netral
enakgede,1,netral
sydney,3,netral
melb,1,netral
canberraperth,1,netral
chance,1,netral
abu,2,negatif
ubaidah,2,netral
openai,1,netral
lsi,2,netral
denny,4,netral
natalie,1,netral
rohingya,2,netral
golput,1,netral
butterscotch,1,netral
aceh,1,netral
jhonny,1,netral
nicu,1,netral
kostan,1,netral
hedonisme,1,netral
jek,2,netral
nipis,1,netral
mengap,1,negatif
engineering,4,netral
regardless,1,netral
civil,1,netral
oilampgas,1,netral
manufacuring,1,netral
pakat,1,positif
bermaruah,1,netral
diaorg,2,netral
bebetul,1,netral
engko,2,netral
mengulor,1,netral
jaksel,4,netral
starling,1,netral
menn,1,netral
udahnya,1,netral
timur,3,netral
boynextdoor,1,netral
debut,2,netral
comeback,1,negatif
refleksi,1,positif
adeknya,2,netral
apaansih,1,netral
pinggir,6,negatif
adawarisan,1,netral
revenue,1,netral
amit,2,negatif
mie,3,netral
tangerang,3,netral
unlimited,3,netral
gempur,1,negatif
stag,1,netral
savings,1,netral
keitung,1,netral
jtmonth,1,netral
barangbarang,1,netral
segituu,1,netral
skala,3,netral
ekstrem,3,negatif
ngehidupin,3,netral
spesies,3,netral
jebul,2,netral
semi,1,negatif
yk,1,netral
meter,2,netral
kotakota,1,netral
bodetabek,1,netral
umpama,1,netral
networking,1,netral
nebeng,2,netral
cetak,1,netral
rembet,2,netral
fantastis,3,netral
gumana,1,netral
bangsyul,1,netral
let,2,netral
hambur,1,negatif
gajiincomesalary,1,netral
ngejamin,1,netral
uncontrollable,1,netral
makelar,1,negatif
narasi,7,negatif
atasatas,1,netral
entertainmentnya,1,netral
dicekokin,1,netral
diprovide,1,netral
ongkang,1,netral
sugar,4,netral
zmillenial,1,netral
iler,1,netral
podcastnya,1,netral
tolakmiskin,1,netral
tolakmiskindetikfinance,1,netral
mabuk,1,netral
kesalahankesalahan,1,netral
legowo,1,netral
lampiasin,1,netral
read,2,netral
disclaimer,2,netral
rumahkendaraan,1,netral
kecilbesar,1,netral
tuan,1,netral
sbgian,1,netral
panen,1,netral
embat,1,negatif
feodal,2,netral
bapa,1,positif
chelsea,1,netral
ngebet,1,netral
kapten,1,netral
mason,1,netral
mount,2,netral
tony,1,netral
ngaso,1,netral
simple,5,positif
usahacari,1,netral
tkt,1,netral
sakura,1,netral
ngangngong,1,netral
sekalifreshgraduate,1,netral
ptn,1,netral
indoparah,1,netral
octaa,1,netral
voter,1,netral
flower,1,netral
enha,3,netral
konsepnyaa,1,netral
mampoos,1,netral
samggupnya,1,netral
jap,1,netral
plkn,1,netral
umo,1,netral
siyez,1,netral
lhaaaaa,1,netral
rse,2,netral
kje,5,netral
beso,3,netral
ehhhh,1,netral
tiberrr,1,netral
lihata,1,netral
streeess,1,netral
prob,1,netral
buai,1,netral
omel,1,netral
breakdown,1,netral
egois,3,negatif
ituya,1,netral
tikai,1,negatif
ciri,2,netral
world,12,netral
sancho,1,netral
pure,1,netral
gempa,3,positif
mintak,3,netral
xbg,1,netral
behavior,1,netral
prefer,4,netral
domisili,1,netral
looking,2,netral
fr,1,netral
lewa,2,netral
kerje,2,netral
uq,1,netral
japan,1,netral
degil,1,negatif
accept,2,netral
xfikir,1,netral
achieve,3,netral
hewlettpackard,6,netral
south,2,netral
southwest,2,netral
sxsw,2,netral
tahaaannnn,1,netral
lasal,1,netral
blistener,1,netral
morningvoice,1,netral
anywhere,1,netral
dibiayain,1,netral
pojok,4,negatif
kataa,1,netral
sapee,1,netral
bjirrr,1,netral
paman,2,netral
spider,1,netral
wfowfa,1,netral
tersindirrr,1,netral
ahahahahha,1,netral
hoaks,7,netral
suaranyaaaaa,1,netral
yukkk,1,netral
mtbfmsurabaya,1,netral
preeet,1,netral
ontime,4,netral
ymillenials,1,netral
halalin,1,netral
seks,2,netral
lelah,5,negatif
astra,1,netral
naung,1,netral
gamikir,1,netral
gamasalah,1,netral
jang,2,netral
kesinggunh,1,netral
ti,1,netral
kamar,2,netral
antep,1,netral
sugan,1,netral
revisi,1,netral
pek,1,netral
niatna,1,netral
keur,1,netral
sanajan,1,netral
ge,2,netral
diksi,2,netral
nu,2,netral
baleg,1,netral
kitu,2,netral
asup,1,netral
milinial,1,netral
luka,4,negatif
empati,1,netral
haaa,1,netral
ghisau,1,netral
bekerjaya,1,netral
primary,1,netral
bersplit,1,netral
combine,1,netral
engkorang,1,netral
pakar,2,negatif
bedal,1,netral
tempo,1,negatif
bintaro,1,netral
kampr,1,netral
bilanginnya,1,netral
bil,2,netral
tama,1,netral
akumulasi,1,netral
energic,1,netral
sasana,1,negatif
mandiribsd,1,netral
eksport,1,netral
goler,1,netral
bean,1,netral
bag,1,netral
ngonten,2,netral
jamur,1,netral
milenialgen,3,netral
racun,2,netral
teori,7,netral
tilap,1,negatif
sebagain,1,netral
ceunah,1,netral
luxury,1,netral
lv,1,netral
gucci,1,netral
delusi,1,positif
persekusi,1,netral
permasalahn,1,netral
cherry,2,netral
picking,2,netral
jilid,1,negatif
dirasain,2,netral
diwarisin,1,netral
selebriti,7,netral
singgung,7,negatif
meriang,1,negatif
mewarisin,1,netral
tahta,2,netral
sgitu,2,netral
tb,2,netral
kmungkin,1,netral
brlangsung,1,netral
dapetnya,2,netral
kknya,1,netral
misoh,1,netral
mbedal,1,netral
sakpenake,1,netral
dewe,1,netral
berac,1,netral
anyer,1,netral
panarukan,1,netral
disudutin,1,netral
label,7,netral
ngehasilin,1,netral
senumpuk,1,netral
gitulahh,1,netral
bedan,1,netral
lapar,1,negatif
euy,5,netral
juragan,2,negatif
spp,1,netral
diacc,1,netral
muluk,2,netral
kecap,1,negatif
general,1,netral
spesifik,2,netral
rafatar,1,netral
gledek,1,netral
lantar,1,netral
pihak,1,negatif
ortusekalikalinya,1,netral
kafe,2,negatif
dijulitin,1,netral
ses,1,netral
tirto,4,netral
survivorship,1,netral
background,4,netral
sesat,1,negatif
dawamkan,1,netral
urban,1,netral
lanyard,1,netral
jinjing,1,netral
yanto,1,netral
pet,1,netral
sofyan,2,netral
lemeh,1,netral
muncung,1,netral
wht,1,netral
idealisme,2,netral
rbcup,1,netral
discourse,1,netral
nyudutin,1,netral
gerah,1,negatif
hayoklah,1,netral
writer,1,netral
lokercot,1,netral
lulis,1,netral
institut,1,netral
bandung,6,negatif
yonsei,1,netral
sph,1,netral
bginian,1,netral
uptech,1,netral
sehopeless,7,netral
duar,1,netral
argument,2,netral
countered,1,netral
disaltyin,1,netral
dilanjot,1,netral
koe,2,netral
ki,3,netral
dijeblokin,1,netral
xtwitter,1,netral
babah,1,netral
musk,1,netral
avkor,1,netral
harto,1,netral
eneg,1,netral
got,1,negatif
rampas,1,negatif
kertas,2,netral
pandawara,1,netral
udil,1,netral
goat,1,netral
anyway,3,netral
komplan,1,netral
companynya,1,netral
specifically,1,netral
goodnight,1,netral
jngankan,1,netral
hrga,1,netral
kpikiran,1,netral
strugglingnya,1,netral
rintang,1,netral
umrsandwich,1,netral
oldmoney,1,netral
art,1,netral
amplop,1,positif
hlsehari,1,netral
peser,1,netral
operasi,1,positif
slogan,1,netral
dijejelin,1,netral
influenser,2,netral
pala,2,netral
elahhhhh,1,netral
rang,4,negatif
burger,1,netral
volunterr,5,netral
hedonis,1,netral
yaelaaah,1,netral
banggg,1,netral
sudi,3,negatif
kopiskincarefoya,1,netral
tendang,1,negatif
menginfluence,1,netral
kala,5,netral
skandinavia,1,netral
ekspres,4,negatif
,1,netral
malez,2,netral
peyleter,1,netral
gajibpokok,1,netral
krjanya,1,netral
upil,1,netral
slik,1,netral
jebol,1,netral
kntor,1,netral
fess,2,netral
bakat,4,negatif
bulu,1,netral
tangkis,1,negatif
rempanghappyending,1,netral
kerjanyaa,1,netral
dikitt,2,netral
aice,1,netral
scope,1,netral
lingkup,1,negatif
ferdians,1,netral
tegor,1,netral
nyawa,5,netral
gakuatttt,1,netral
cabutt,1,netral
selaluuu,1,netral
katering,1,netral
piece,1,netral
tangkeplah,1,netral
pokemon,2,netral
adem,1,netral
syedih,1,negatif
pacmann,1,netral
progression,2,netral
progress,1,netral
loser,1,netral
lelet,2,netral
iduplo,1,netral
ghibah,1,netral
opa,1,netral
manula,1,netral
wegah,1,netral
digampangin,1,netral
irritated,1,netral
associate,1,netral
sepantesnya,1,netral
nongkrongnya,1,netral
eks,1,negatif
abur,1,negatif
wage,1,netral
condo,1,netral
alaaaa,1,netral
kunjung,3,negatif
banten,1,netral
healt,8,netral
salaha,1,netral
ngengkeng,1,netral
sindrom,2,netral
dikorbakan,1,netral
sematamata,3,netral
miauw,1,netral
peang,1,netral
mang,1,netral
grab,1,netral
nila,1,positif
dimasalahin,2,netral
mbulet,1,netral
seram,4,negatif
bumerang,1,netral
treads,1,netral
konveksi,1,netral
innova,1,netral
zenix,1,netral
reach,3,netral
run,3,netral
rbmg,1,netral
pertimbangin,1,netral
aren,1,netral
zenwich,1,netral
goal,2,netral
freedoom,1,netral
sdini,1,netral
guarantee,1,netral
adapula,1,netral
pukul,1,negatif
fggen,2,netral
ongkosbensin,1,netral
influence,1,netral
padal,1,netral
hafal,1,netral
privacy,1,netral
sensitive,1,netral
gabs,1,netral
berskill,2,netral
pencil,1,netral
fast,1,netral
resp,1,netral
sangga,1,netral
sunat,1,netral
laser,1,netral
korg,3,netral
ngular,1,netral
ugut,1,netral
pleasee,1,netral
callwhatsapp,1,netral
pantai,1,positif
pushy,1,netral
gotue,1,netral
gonie,1,netral
tekak,1,negatif
septic,1,netral
tank,1,netral
gigih,2,netral
abit,1,netral
limited,1,netral
marz,1,netral
kemntrian,1,netral
usah,1,negatif
mukin,1,netral
toral,1,netral
prank,1,netral
korporasi,2,netral
ekploitasi,1,netral
remah,2,netral
rengginang,2,netral
unconsciously,1,netral
ngapangapain,1,netral
word,3,netral
elemen,2,netral
api,1,negatif
udara,2,negatif
kwkwkwwkwkwwk,1,netral
pidato,1,netral
tutor,1,netral
dealing,1,netral
dealan,1,netral
itc,1,netral
genius,3,positif
click,1,netral
skilled,2,netral
migrants,1,netral
tecknologi,1,netral
sistim,1,netral
speech,2,netral
sorga,1,netral
memangla,1,netral
starter,1,netral
though,2,netral
ribubln,1,netral
tegal,1,negatif
sarap,2,positif
samseksyukur,1,netral
matters,1,netral
ethic,1,netral
siram,1,netral
kuah,1,netral
langung,1,netral
leot,1,netral
carrier,2,netral
xnk,3,netral
oiii,1,netral
brtmbh,2,netral
gang,2,negatif
millineal,1,netral
lacur,1,negatif
etho,1,netral
appraisal,1,netral
exceed,1,netral
mogok,1,negatif
slide,1,netral
sisih,1,negatif
simapan,1,netral
xtegur,1,netral
lauk,1,netral
xbalik,1,netral
xduduk,1,netral
exposed,1,netral
myself,1,netral
dapur,2,netral
gmasuk,2,netral
umrdibawah,2,netral
mnya,2,netral
menyamaratakan,3,netral
heraann,1,netral
tanam,5,netral
mallonline,1,netral
olok,1,negatif
seko,2,negatif
gabanyak,1,netral
sukarelawan,1,netral
preassure,2,netral
tte,1,netral
dog,6,netral
eik,1,netral
kne,2,netral
pulun,1,netral
hhmmmm,1,netral
manjahh,1,netral
st,2,netral
umat,1,positif
ahad,1,netral
teruk,3,netral
viian,1,netral
jak,1,netral
bse,1,netral
pontianak,2,netral
kate,1,netral
kalan,1,netral
ta,2,negatif
tataw,1,netral
enn,1,netral
adehhh,1,netral
marttt,1,netral
actually,2,netral
kmurang,1,netral
rant,1,netral
tingkap,1,netral
benanye,1,netral
dedua,2,netral
pangkt,1,netral
mbib,1,netral
husband,1,netral
lali,1,negatif
sugarcoat,1,netral
jerrrrrrrrr,1,netral
dendam,4,negatif
cop,1,netral
hrmmm,1,netral
tun,3,negatif
jer,4,netral
rgt,3,netral
punca,2,netral
najib,2,netral
dieng,1,netral
bromo,1,netral
sumba,1,netral
labu,1,netral
bajo,1,netral
nabungnya,1,netral
xcukup,1,netral
jgek,1,netral
xboleh,1,netral
rasional,5,netral
xperlu,1,netral
lgtv,1,netral
ceo,3,netral
kire,1,netral
potostet,1,netral
outlook,1,netral
waknat,1,netral
kefala,1,netral
fana,1,netral
bkerja,1,netral
millennialsaya,1,netral
impressed,1,netral
chemistry,1,netral
score,1,netral
padu,1,netral
dibaikin,1,netral
accounting,1,netral
selisih,3,negatif
spaneng,1,netral
mungkir,2,negatif
isnt,1,netral
gregetnya,1,netral
bnyakin,1,netral
huaaaaaa,1,netral
ngrjain,1,netral
always,2,netral
benak,2,netral
umbar,2,negatif
ngestarbak,1,netral
saltu,1,netral
jawabnnya,1,netral
cakna,1,netral
pakwe,1,netral
bf,1,netral
couple,1,positif
paras,2,netral
paid,3,netral
almet,1,netral
waahh,1,netral
bahagiaaa,1,netral
silap,2,negatif
ngam,1,netral
bantai,1,negatif
selang,1,netral
arround,1,netral
flexible,3,netral
nggoblokgoblokin,1,netral
aipong,1,netral
club,1,netral
manteman,1,netral
heryanto,1,netral
sry,1,netral
mulyani,1,netral
milieal,1,netral
maruk,1,negatif
perumpamaanya,1,netral
kanpler,1,netral
siapeeee,1,netral
jean,1,netral
eiger,2,netral
awet,1,positif
kongser,1,netral
kelapa,1,netral
humor,1,netral
pati,1,negatif
ngehek,1,netral
mengkis,4,netral
sahkan,1,netral
cipata,1,netral
ambyar,1,netral
luliah,1,netral
komitment,1,netral
increment,1,netral
sume,3,netral
xda,2,netral
janna,1,netral
nick,1,netral
teenage,1,netral
torture,1,netral
pm,4,netral
holiday,1,netral
oversea,1,netral
emc,1,netral
usut,2,netral
depositoin,1,netral
gawenya,1,netral
thngt,1,netral
face,3,netral
shitty,1,netral
made,1,netral
wise,1,netral
pathnya,1,netral
tetes,1,negatif
xbole,1,netral
gandalf,1,netral
sedikit,1,negatif
hematttt,1,netral
dalam,10,positif
bosnyasambil,1,netral
otakngadepin,1,netral
gampangitulah,1,netral
gedew,1,netral
downline,1,netral
diakomit,1,netral
task,2,netral
ngebantah,3,netral
bgsat,1,netral
sadis,2,negatif
sableng,1,netral
kmpret,1,netral
mangkanya,6,netral
parttime,1,netral
fafifuwasweswos,1,netral
worthy,1,netral
contentment,1,netral
rest,1,netral
konfirm,1,netral
bentrok,2,negatif
tong,1,netral
spot,1,netral
hatsoff,1,netral
gampar,1,netral
pertamakali,1,netral
dijulidin,1,netral
koprasi,1,netral
kopassus,1,netral
notabennya,2,netral
used,2,netral
worked,1,netral
treat,2,netral
winwin,1,netral
hdhh,1,netral
comfort,1,netral
diiyain,1,netral
ngelunjak,1,netral
malaysian,1,netral
never,3,netral
truely,1,netral
suffer,1,netral
due,1,netral
rising,1,netral
opr,1,netral
mixue,1,netral
galakkin,1,netral
xrasa,1,netral
expose,1,netral
discuss,1,netral
salarybenefit,1,netral
colleagues,1,netral
rpbulan,1,netral
resistencenya,1,netral
macetmacetan,1,netral
jktbogor,1,netral
shubuhpulang,1,netral
pailit,1,negatif
huru,1,netral
hara,1,netral
bandang,1,negatif
sungkan,3,negatif
sebln,1,netral
kerasan,1,negatif
oriented,2,netral
tingkah,3,negatif
golek,1,negatif
cilik,4,netral
astaga,3,negatif
pantas,1,negatif
antar,3,netral
rumtang,1,netral
ngebebanin,1,netral
taknk,2,netral
gradgen,2,netral
dom,2,netral
menejer,1,netral
yeaa,1,netral
tanggungjawabnya,1,netral
rek,2,netral
gangotak,1,netral
feedback,2,netral
insekur,1,netral
meraza,1,netral
masig,1,netral
masok,1,netral
overwhelming,1,netral
fatamorgana,1,positif
begrudgingly,1,netral
pelangkung,1,netral
qatar,1,netral
offshore,2,netral
rangenya,1,netral
coffee,2,positif
bajak,1,negatif
kasbon,1,netral
ditargetin,1,netral
excuse,1,netral
manyun,1,netral
minseo,2,netral
startap,1,netral
keleyengan,1,netral
producing,1,netral
directing,1,netral
videographer,1,netral
gacukup,2,netral
subscribtion,1,netral
onlyfans,1,netral
trakteer,1,netral
private,3,netral
telegram,1,netral
hanssa,1,netral
saharaa,1,netral
brenti,1,netral
insyaallah,1,positif
rumahmilenial,1,netral
bgttttt,1,netral
wang,2,netral
rights,2,netral
there,2,netral
seniors,1,netral
ciao,1,netral
royalitas,1,netral
bubar,1,netral
dun,1,netral
adan,1,netral
penjuru,1,negatif
sistt,1,netral
duhhh,1,netral
dkit,1,netral
jenjangkarir,1,netral
markplus,1,netral
tempatkerja,1,netral
kapabilitas,1,positif
smester,2,netral
dtabung,1,netral
output,1,netral
fungsional,5,netral
asisten,1,netral
profesor,2,netral
dikti,2,netral
serdos,2,netral
perawan,1,netral
selfcentered,1,netral
process,1,netral
needed,1,netral
her,4,netral
strategy,1,netral
bukanla,1,netral
ngade,1,netral
bende,3,netral
suro,1,netral
masalahnye,1,netral
every,2,netral
xpandai,1,netral
eleh,1,netral
worklif,1,netral
dengki,2,negatif
inisiapa,1,netral
nome,1,netral
pantar,4,positif
confidential,1,netral
smt,2,netral
ngeattack,1,netral
roda,2,negatif
marahmarah,1,netral
digunain,1,netral
stadion,1,netral
rekayasa,1,netral
borderline,2,netral
hakiki,1,negatif
sokong,1,positif
synchronize,1,netral
soundrenaline,1,netral
hammersonic,1,netral
jogjarockarta,1,netral
pestapora,2,netral
dihamburhambur,1,netral
haus,2,netral
grim,1,netral
exec,1,netral
classify,1,netral
jgja,1,netral
banya,1,netral
magister,1,netral
junpa,1,netral
malashari,1,netral
pekak,2,negatif
jalanmaleh,1,netral
hakikat,2,netral
tpaksa,1,netral
gj,1,netral
kendi,1,netral
gomen,3,netral
lomba,10,netral
karokean,1,netral
pppk,2,netral
zamzam,2,netral
paygrade,1,netral
ekspat,2,netral
insekuritas,1,netral
insecurity,2,netral
ringkas,7,negatif
molor,2,netral
ekosistem,2,netral
ipad,1,netral
macbook,2,netral
zoomers,2,netral
teladan,1,negatif
aspirasi,4,netral
gaming,1,netral
kredensial,1,netral
camna,1,netral
takpelah,2,netral
degree,3,netral
lori,1,netral
graduan,2,netral
nottingham,1,netral
news,2,netral
sutanto,2,netral
faroe,1,netral
islands,1,netral
blokir,1,negatif
parent,2,netral
shaming,1,netral
dilahirin,1,netral
masak,3,negatif
diketawain,2,negatif
bebasin,1,netral
istirahattiktokan,1,netral
jahit,1,negatif
jamput,1,netral
spi,1,netral
nyiapain,1,netral
gadak,1,netral
kres,1,netral
liput,3,netral
exhausts,1,netral
chase,1,netral
satisfaction,1,netral
dulusekarang,1,netral
seranah,1,negatif
hater,1,netral
everywhere,1,netral
says,1,netral
petrol,1,netral
kr,1,netral
cabar,2,negatif
shopee,2,netral
ngemall,1,netral
benersih,1,netral
kurva,1,netral
yanh,1,netral
underprivilege,1,netral
kencur,1,netral
alamak,1,netral
lock,1,negatif
masya,1,netral
sad,1,negatif
ingga,1,netral
anggi,1,netral
nasution,1,netral
noted,1,netral
deng,1,netral
mantengin,1,netral
gamoang,1,netral
santei,1,netral
anxiety,3,netral
light,5,netral
rail,5,netral
transit,5,netral
berssak,1,netral
puchong,1,netral
fkir,1,netral
keter,1,netral
dating,1,netral
pown,1,netral
jijik,1,negatif
btol,1,netral
birokrasi,1,netral
pegawe,1,netral
adaapadenganbumn,1,netral
hss,1,netral
reksadana,2,netral
murni,3,netral
depend,1,netral
followed,1,netral
epik,1,netral
salam,5,netral
cooooooy,1,netral
ft,2,netral
laude,1,netral
ntt,1,netral
cihuy,1,netral
qoutes,1,netral
tekor,1,netral
kita,2,netral
pinterpinter,2,netral
curhatanku,1,netral
sombong,3,negatif
starap,2,netral
titid,1,netral
humblebragging,1,netral
campusbrainers,2,netral
singakatan,1,netral
melakukkan,1,netral
afterday,1,netral
jetlag,1,netral
dmnta,1,netral
gumoh,1,netral
detik,3,netral
culturenya,1,netral
ngejomblo,1,netral
sixers,1,netral
nets,1,netral
trade,1,netral
simmons,1,netral
twitternya,1,netral
mulukmuluk,1,netral
prestigious,1,netral
tpt,1,netral
supervisor,3,netral
lengah,1,negatif
smartphone,4,positif
managemen,1,netral
prihatin,4,negatif
usahabelajar,1,netral
geprek,1,netral
naikrata,1,netral
xkesempatan,1,netral
buruburu,1,netral
constructing,1,netral
creating,2,netral
bunch,1,netral
distrubsi,1,netral
areal,1,netral
kho,1,netral
stereotyping,1,netral
zada,1,netral
haloapakah,1,netral
semuagen,1,netral
rumahsooner,1,netral
later,4,netral
focusnya,1,netral
radio,1,netral
kayagtu,2,netral
gaminta,1,netral
ledak,2,negatif
ngerasainkalo,1,netral
displin,1,netral
ngaduin,1,netral
followlinetoday,1,netral
zuzurly,1,netral
congkak,1,negatif
tonjok,1,negatif
mulutnye,1,netral
multitalent,1,netral
mutilasi,1,netral
hiahahha,1,netral
view,3,netral
segitiga,1,netral
tag,1,netral
location,2,netral
sbux,1,netral
option,1,netral
tepat,2,netral
sembako,2,netral
beuhhhhh,1,netral
tres,1,netral
rusuh,1,negatif
ngiritnya,1,netral
klabakan,1,netral
nomaden,1,netral
apalgy,1,netral
mageran,1,netral
kinds,1,netral
setinggitingginya,1,netral
apaapanya,1,netral
startapbudak,1,netral
jakselnya,1,netral
yupp,1,netral
elang,1,netral
panggah,1,netral
rockstar,1,netral
v,2,netral
wallhi,1,netral
na,10,netral
sosai,1,netral
lies,1,netral
headline,1,netral
millennialgen,1,netral
hardworking,1,netral
wages,1,netral
bitch,1,netral
badmouth,1,netral
sosialita,1,positif
millenialgen,2,netral
bubu,2,netral
duluan,1,negatif
balap,1,netral
needs,2,netral
either,1,netral
keburu,3,negatif
lawas,1,negatif
everyone,1,netral
somewhere,2,netral
use,2,netral
pain,2,netral
sms,1,netral
agustus,1,netral
mooooonnn,1,netral
gerindra,1,netral
planningnya,1,netral
analisis,5,positif
swot,1,netral
van,1,netral
adjem,1,netral
djem,1,netral
viralkan,1,netral
galak,2,netral
rate,3,netral
kadung,2,netral
wonosobo,1,netral
fact,2,netral
narasikompas,1,netral
tanahrumah,1,netral
sounds,1,netral
many,1,netral
flow,2,netral
reverse,1,netral
psychology,1,netral
pedagogy,1,netral
rajuk,1,netral
katanga,1,netral
related,1,netral
annoying,1,netral
outsource,2,netral
sirkel,1,netral
automation,1,netral
tools,1,netral
ngsh,1,netral
junial,1,netral
nimbrung,1,netral
anjak,1,negatif
atok,1,netral
tadehal,1,netral
aihhh,1,netral
ngl,2,netral
kahwin,4,netral
awai,1,netral
bussiness,1,netral
ehbkn,1,netral
hidupyg,1,netral
timbuldgn,1,netral
basah,2,netral
naikyihhhhh,1,netral
hampa,1,negatif
ubi,1,netral
rebus,1,netral
keja,1,netral
jmpa,2,netral
kencang,2,negatif
sipu,1,netral
especially,3,netral
haprak,1,netral
gampangz,1,netral
nyirapnya,1,netral
concern,3,netral
stylist,1,netral
r,5,netral
vvvv,1,netral
conceptual,1,netral
australian,1,netral
halte,1,netral
weekdays,1,netral
secretary,1,netral
visio,1,netral
bolak,3,netral
singapura,3,netral
sekolahkampus,1,netral
bayi,1,negatif
could,1,netral
ve,1,netral
raised,1,netral
kid,1,netral
shoe,1,netral
digossipin,1,netral
telusur,3,netral
paspasandst,1,netral
cicillogammuliamasku,1,netral
womfinance,1,netral
prejudice,1,netral
literasinya,1,netral
pndemi,2,netral
upper,1,netral
seoantaran,1,netral
rebel,1,netral
puyeng,1,negatif
masker,1,netral
vitamin,1,netral
tm,1,netral
cyber,3,netral
trooper,1,netral
pentabir,1,netral
krajaan,1,netral
nangulangin,1,netral
buzzerp,3,netral
celana,1,netral
kemeja,1,netral
punyak,1,netral
mamaqu,1,netral
sweater,1,netral
sepatu,2,positif
rbdr,1,netral
kalung,1,netral
farah,2,netral
slayer,1,netral
merah,4,negatif
raisa,1,netral
redah,1,netral
kepuk,1,netral
maksudny,1,netral
bonafid,1,netral
titel,1,netral
bendung,7,negatif
hampar,1,netral
ombak,1,netral
obey,1,netral
alternatif,2,netral
totally,1,netral
sogok,1,negatif
revolusimental,1,netral
otodidak,1,netral
ngajarnya,1,netral
eighties,1,netral
berlarutlarut,1,netral
umno,1,netral
messi,1,netral
allowance,2,netral
creative,1,netral
zzoomer,1,netral
jurutera,1,netral
idola,2,negatif
guillotine,1,netral
cikgu,6,netral
confirm,1,netral
kebaji,2,netral
ngendi,1,netral
gajine,2,netral
lakon,1,negatif
ming,1,netral
ngalami,1,netral
urip,1,netral
dolan,2,netral
ng,3,netral
hima,1,netral
ro,2,netral
jari,4,negatif
lentik,1,netral
efektivitas,3,netral
konferensi,1,positif
waligereja,1,netral
mashoookkkk,1,netral
asosiasi,1,negatif
bayangbayang,2,netral
peristiwaperistiwa,2,netral
lockdown,2,netral
nilainilai,2,netral
kesehatanmental,12,netral
mentalhealthawareness,2,netral
selfcaregeneration,1,netral
cigna,2,netral
mentalhealthmatters,5,netral
genzstruggles,1,netral
mentalwellness,1,netral
tajam,2,negatif
generasgenerasi,1,netral
misinformasi,2,netral
detoks,1,netral
archie,1,netral
huga,1,netral
induk,4,netral
bamahasiswa,1,netral
weareuad,1,netral
islamberkemajuan,1,netral
waspada,4,negatif
stoikisme,1,netral
filosofi,1,netral
indeed,1,netral
indikator,1,netral
diagnosa,1,netral
dramatis,1,netral
firsthand,1,netral
mckinsey,2,netral
prevalensi,6,netral
akademis,1,netral
asih,1,negatif
identitas,2,netral
asihmenang,1,netral
jabarkuterbang,1,netral
pilgubjabar,1,netral
konseling,7,netral
farhan,1,netral
seliwer,3,netral
ramairamai,2,netral
tagar,1,negatif
pulih,3,netral
akademik,6,netral
bnetwork,1,netral
edar,10,positif
akrab,15,positif
orangyang,1,netral
berpurapura,1,netral
baikbaik,4,netral
ekspresi,2,netral
bullying,12,netral
gratifikasi,1,positif
nebengprivatejetteman,1,netral
putra,3,netral
skandal,1,netral
permisif,1,netral
yntkts,1,netral
wicarainteraktif,1,netral
soul,1,netral
smala,1,netral
motivator,1,netral
narkotika,1,negatif
daring,6,netral
luring,1,netral
worldmentalhealthday,1,netral
happy,4,positif
sosialisasi,26,netral
caregiver,1,netral
tuang,1,netral
mindfulness,2,netral
peka,7,positif
diskus,1,netral
generasigenerasi,59,netral
upi,1,netral
akangteteh,1,netral
kuisioner,3,netral
overthingking,1,netral
implikasi,2,negatif
spai,1,netral
bolee,1,netral
berubahubah,1,netral
inklusif,1,negatif
pasuk,6,negatif
worklifebalance,1,netral
galaxywatch,1,netral
selflove,2,netral
situasi,9,netral
sulap,1,netral
alat,2,netral
singkap,1,negatif
tabir,1,netral
hidupsehat,1,netral
gayahidupsehat,1,netral
tipskesehatan,1,netral
sehatselalu,1,netral
kesehatantubuh,1,netral
sehatitupenting,1,netral
kesehatanjiwa,1,netral
tipshidupsehat,1,netral
jurnalismedata,3,netral
diagnosis,3,netral
selfcare,4,netral
luang,7,negatif
destigmatisasi,1,netral
lumrah,2,netral
mencegahpenyakitmental,1,netral
donaturid,1,netral
langkahkita,1,netral
divisisosial,1,netral
ogahogahan,1,netral
sepi,17,negatif
puisi,2,negatif
poster,4,netral
cerpen,2,netral
fotografi,1,netral
karya,4,positif
sahabatcaroeng,1,netral
strawberrygeneration,1,netral
spesialis,3,positif
harmonisasi,1,positif
mirisbonus,1,netral
spiritualitas,1,netral
treatment,2,netral
intens,3,netral
moril,1,netral
ketidaksehatan,1,netral
nurun,1,netral
introduce,1,netral
soothe,1,netral
implementasi,1,negatif
coping,1,netral
eoc,1,netral
muhammadiyah,2,netral
yogyakarta,5,netral
generasidigital,1,netral
generasihappy,1,netral
generasimilenial,1,netral
nenekortu,1,netral
prioritasin,1,netral
uangget,1,netral
lingk,1,netral
damai,1,netral
childishnya,1,netral
remajaremaja,1,netral
asuh,2,negatif
sendirisendiri,1,netral
ambisi,1,positif
erick,1,netral
thohir,1,netral
kabanjahe,1,netral
sumatra,1,netral
utara,2,netral
infokini,1,netral
skizo,1,netral
remehin,1,netral
depresot,2,netral
anyar,1,positif
fakultas,105,netral
sunan,3,positif
ampel,3,negatif
forum,4,negatif
uinsa,1,netral
adakan,1,netral
keprodian,4,netral
auditorium,1,netral
narasumber,5,netral
enam,1,netral
problematika,3,netral
kidding,1,netral
was,5,netral
kutip,3,netral
gus,1,netral
iqdam,1,netral
khalid,2,netral
dakwah,2,netral
umpo,2,netral
muhammadiyahjateng,1,netral
ponorogo,1,netral
bantualamganjar,1,netral
bersamasama,2,netral
mahfud,4,netral
ganjarmahfud,4,netral
ganjarmahfudmnang,1,netral
lbihbaik,1,netral
ganjarpresiden,4,netral
massifnya,1,netral
inklusi,1,netral
budayaorganisasi,1,netral
diwajarin,1,netral
el,1,negatif
ebt,1,netral
hilir,3,positif
jawabkhususnya,1,netral
omelin,1,netral
murid,2,positif
buu,1,netral
published,2,netral
tinjau,1,netral
kesehatangangguan,1,netral
rida,1,negatif
digadanggadang,1,netral
humaniora,3,netral
awareness,6,netral
ngeriih,1,netral
caprescawapres,1,netral
teenzies,3,netral
cerna,1,negatif
minzies,3,netral
kasuskasus,2,netral
merusut,1,netral
lahargo,2,netral
eitss,1,netral
spekulasi,1,netral
kembaren,1,netral
idap,6,negatif
merosot,1,negatif
sahabatganjar,4,netral
nomophobia,1,netral
candu,12,negatif
kesadarab,1,netral
mileneal,1,netral
helath,1,netral
faktorfaktor,5,netral
rebut,3,negatif
erisca,1,netral
febriani,1,netral
salma,2,netral
qoriatun,1,netral
nafiah,1,netral
al,3,netral
teknoloji,1,netral
mentalhealth,31,netral
kuliahalislam,1,netral
kuliahislam,1,netral
hmmm,2,netral
yakin,1,positif
ganjarpranowo,2,netral
cakepppp,1,netral
popculture,2,netral
konektivitas,1,netral
mentalitulah,1,netral
generasigotongroyong,1,netral
ganjaruntuksemua,1,netral
cindy,1,netral
gozali,1,netral
jivaraga,1,netral
sari,3,netral
imm,1,netral
budir,1,netral
publisherstory,1,netral
beritaanaksurabaya,1,netral
katany,1,netral
ngerujak,1,netral
pentingny,1,netral
staffnya,1,netral
menangkanganjar,1,netral
ganjarmenangtotal,1,netral
amanda,2,netral
manopo,2,netral
caknan,2,netral
shop,3,netral
laos,3,netral
rahmat,3,negatif
erwin,4,netral
abdullah,2,netral
mudryk,3,netral
galatasaray,3,netral
whoosh,2,netral
jodie,3,netral
mccarthy,1,netral
schwab,1,netral
hwasa,1,netral
barack,1,netral
pasundan,1,netral
harun,1,netral
lilipaly,1,netral
anies,3,netral
unggul,5,netral
cctv,1,netral
bernardo,1,netral
silva,1,netral
argumentasi,1,netral
menggeneralisir,2,netral
okok,1,netral
kades,1,netral
fraksi,1,netral
zlatan,1,netral
hannah,2,netral
syekh,1,netral
jassim,1,netral
kim,1,netral
mingyu,1,netral
nikki,1,netral
masalahkesehatan,1,netral
mentaldi,1,netral
pentahelix,1,netral
kagum,2,negatif
gp,1,netral
tabina,1,netral
almira,1,netral
imbuh,1,positif
farrel,1,netral
persentase,9,netral
trailer,1,netral
sleep,1,netral
call,1,netral
pascapandemi,1,netral
autopilot,1,netral
materialistis,1,netral
storytelling,1,netral
article,1,netral
deeptalk,2,netral
sexy,1,netral
market,3,netral
jembatan,1,negatif
justice,1,netral
bersamaganjar,1,netral
ganjaruntukindonesia,1,netral
sira,1,netral
kesiragerindra,1,netral
gerindrakesira,1,netral
kesehatanindonesiaraya,1,netral
kesiraindonesia,1,netral
kesirapeduliindonesia,1,netral
kesirapeduli,1,netral
kesirapedulirakyat,1,netral
prabowosubianto,1,netral
menhanprabowo,1,netral
prabowopresiden,2,netral
songsong,2,negatif
aktivis,2,netral
gadjah,1,netral
mada,1,netral
setiyawati,1,netral
phd,1,netral
bonusdemografi,2,netral
tumpu,2,negatif
idol,2,netral
endurance,1,netral
tempogaya,1,netral
mentalterhadap,1,netral
healthies,1,netral
infomuda,2,netral
asia,2,netral
pacific,1,netral
priority,1,netral
periksa,1,negatif
selfdiagnose,3,netral
mentemen,2,netral
penggunaa,1,netral
presentasi,2,negatif
responded,1,netral
koo,1,netral
fitur,2,netral
happyinternationalhappinessday,1,netral
mudasehatjiwa,1,netral
ekspresif,1,netral
harikebahagiaaninternasional,1,netral
maknakebahagiaan,1,netral
danfaktanya,1,netral
reaktif,1,netral
memperibetkan,1,netral
vamells,1,netral
geleng,3,negatif
dikrubutin,1,netral
muanjaaaa,1,netral
ngimbangin,1,netral
does,1,netral
kapal,1,negatif
usung,1,netral
recover,2,netral
together,2,netral
presidensi,1,netral
bacabaca,1,netral
aron,1,netral
carter,1,netral
notes,1,netral
buatanakanak,1,netral
bermudahmudah,2,netral
toksik,2,netral
kaset,1,netral
ham,1,netral
oktober,4,netral
micin,2,netral
generazi,3,netral
kura,1,netral
kupu,1,netral
ukmx,1,netral
terbng,1,netral
tengkureplah,1,netral
nottoday,1,netral
jlnx,1,netral
tokoh,2,netral
fiksi,1,negatif
mark,2,netral
cuban,1,netral
sep,2,netral
rakornas,2,netral
xi,2,netral
ikat,3,negatif
convention,2,netral
hall,2,netral
andalas,2,netral
padang,2,netral
gess,1,netral
sebelumny,1,netral
hmjk,1,netral
unsoed,2,netral
esai,2,positif
ilmiah,13,netral
akhirakhir,7,netral
saji,2,positif
evolusi,1,netral
krmn,1,netral
uras,3,negatif
gelitik,1,netral
mejawab,1,netral
sumpahhhh,1,netral
pautin,1,netral
ngebeli,1,netral
sensasional,1,netral
sanding,1,negatif
leceh,19,negatif
emmm,1,negatif
antropologi,1,netral
perlahan,1,netral
baja,2,netral
kumparanmilenial,1,netral
dramatisasi,1,netral
tempramental,1,netral
wardanas,1,netral
dibully,1,negatif
akhir,1,netral
juri,1,netral
paper,1,netral
presentase,1,netral
relief,1,netral
optimalisasi,9,netral
psikososial,9,netral
tuntas,2,positif
nadya,2,netral
ariyani,1,netral
hasanah,1,netral
nuriyyatiningrum,1,netral
psi,1,netral
mpsi,1,netral
psikologdosen,1,netral
wali,1,netral
songo,1,netral
kbmkm,3,netral
serang,14,negatif
correct,1,netral
wrong,1,netral
mei,1,netral
ngeri,5,negatif
insomnia,2,netral
playlist,1,netral
segerinkebersamaandimanaaja,1,netral
peoplecreativejourney,1,netral
pucukcooljam,1,netral
diblg,3,netral
maya,14,netral
tentram,4,netral
frustasi,3,negatif
multimedia,1,netral
hidupmenurut,1,netral
imigrasi,1,netral
seksual,15,netral
massal,1,netral
peristiwa,10,negatif
prosentase,1,netral
rizqi,1,netral
akbar,1,netral
dermawan,1,netral
teknik,25,negatif
cluster,114,netral
loveyourself,67,netral
adhikara,117,netral
mabaub,117,netral
rajabrawijaya,117,netral
kitasatubrawijaya,116,netral
kreasinyatabrawijayans,114,netral
brawijaya,30,netral
essay,5,netral
tekanantekanan,2,netral
generas,2,netral
gilatdk,1,netral
merekatentu,1,netral
misalnyadikarenakan,1,netral
informasiinformasi,13,netral
komputer,7,netral
zsehat,1,netral
arindra,1,netral
alifia,1,netral
gejalagejala,35,netral
pravelansi,1,netral
signigikan,1,netral
rohani,2,netral
jasmani,4,netral
rideout,1,netral
foehr,1,netral
roberts,1,netral
kaiser,1,netral
foundation,3,netral
dilkaukan,1,netral
gejalan,1,netral
tatapmuka,1,netral
gangguangangguan,2,netral
mudagenerasi,2,netral
kajiankajian,8,netral
individuindividu,1,netral
aksesibilitas,5,netral
sendirikesehatan,1,netral
behavioralnya,2,netral
bangku,3,netral
infoinfo,1,netral
nyaring,2,netral
mem,1,netral
joker,2,netral
lingkunganya,1,netral
langgeng,1,positif
kreasinyatabrawijaya,1,netral
ketidakharmonisan,1,netral
firanda,1,netral
bery,1,netral
teguh,2,netral
riski,1,netral
saputra,2,netral
wikipedia,2,netral
hal,6,netral
astri,2,netral
amaliya,2,netral
lebihawaredan,1,netral
klinis,5,netral
rundung,1,negatif
sibercyberbullying,1,netral
pembullyan,3,netral
otaku,1,netral
edition,1,netral
panik,12,negatif
lainlain,6,netral
makhluk,3,positif
topic,1,netral
kesahatan,3,netral
kecerundungan,1,netral
daringnya,1,netral
labil,2,negatif
teutama,1,netral
igeneration,3,netral
net,1,netral
bipolar,4,netral
nazwa,1,netral
aulia,2,netral
kamila,1,netral
mentalterutama,1,netral
tongkrong,1,positif
eter,7,netral
physilogical,1,netral
dominan,1,negatif
tubuh,12,negatif
ironi,2,netral
sulthan,1,netral
mipa,6,netral
statistika,3,netral
mejaga,1,netral
kenari,1,netral
allif,1,netral
nurfaizzatul,1,netral
uulavokasidesain,1,netral
interiorcluster,1,netral
terobos,1,netral
tugastugas,2,netral
hasrat,2,netral
mengakumemiliki,1,netral
mentall,1,netral
phylia,1,netral
pentingya,4,netral
gisik,1,netral
alu,1,netral
pasa,1,netral
kitaaaa,1,netral
pandemik,3,netral
per,1,netral
cakup,6,netral
kesehataan,1,netral
kareana,1,netral
sehariharinya,4,netral
seba,1,netral
apriandi,1,netral
sirait,1,netral
rekreasi,1,netral
urai,4,netral
mentalmenurut,2,netral
penelitianamerican,7,netral
associationapa,7,netral
yautu,1,netral
respon,2,positif
guyur,1,netral
kejut,3,negatif
riuh,1,netral
pihakpihak,1,netral
khusunya,4,netral
memprihatinkanoleh,1,netral
staypositive,1,netral
source,1,netral
korbanbullyingatau,1,netral
globalisasi,6,netral
semakij,1,netral
psikis,9,netral
informasiself,2,netral
harm,6,netral
ole,1,netral
tekhnologi,2,netral
estimasi,1,netral
akurat,1,netral
lainnyawho,1,netral
lily,1,netral
andrea,1,netral
desy,1,netral
safitri,2,netral
bioproses,1,netral
agent,1,netral
pencegahanpencegahan,1,netral
masyarakarat,1,netral
lingungan,1,netral
assalamualaikum,4,positif
wr,1,netral
annisa,1,netral
proteksi,2,netral
memori,1,netral
cepa,1,netral
kasukkasuk,1,netral
sibuksibuknya,1,netral
rpp,1,netral
modul,1,netral
utspts,1,netral
olehwhomelalui,1,netral
sebaikbaiknya,1,netral
profesial,1,netral
protokol,2,netral
filter,3,netral
abdul,1,netral
hafiz,3,netral
vokasi,9,netral
burukpenyebab,1,netral
genetika,1,netral
keluargateman,1,netral
kerabat,1,negatif
fisiologis,1,netral
evelyn,1,netral
divya,1,netral
pramesti,3,netral
budiharto,1,netral
selvia,1,netral
yulianti,1,netral
mentaladalah,1,netral
mentaldalam,1,netral
terutatama,2,netral
puruk,4,netral
berteknogi,1,netral
hacker,1,netral
teror,1,negatif
diskriminasi,3,netral
isolasi,3,netral
goyah,1,negatif
jocelyn,1,netral
gracia,1,netral
mentalbahkan,1,netral
cyberbullying,3,netral
anonymous,1,netral
seluk,1,netral
beluk,1,netral
maret,3,netral
bersenangsenang,1,netral
hsrus,1,netral
muhammad,5,netral
tegar,1,negatif
handrianto,1,netral
sumberdaya,1,netral
religiusitas,1,netral
rancang,2,netral
hip,1,netral
ideologi,1,netral
pancasila,1,netral
melly,1,netral
goeslow,1,netral
aparat,1,negatif
jokowidiktatorfasis,1,netral
jokowipolpotindonesia,1,netral
gakpercayarezimlagi,1,netral
jangandzolimirakyat,1,netral
hentikanpenindasanrakyat,1,netral
sundaythoughts,1,netral
fisikgenerasi,1,netral
marcel,1,netral
manarsar,1,netral
tohatu,1,netral
manaemen,1,netral
maulana,1,netral
shar,1,netral
agroekoteknologi,3,netral
friends,3,positif
circlenya,1,netral
tipetipe,1,netral
rossell,1,netral
inisiasi,1,netral
swinburne,1,netral
apriljuni,1,netral
agista,2,netral
lutfi,1,netral
nurfadila,1,netral
terna,20,netral
kucil,4,positif
membully,1,netral
menjahui,1,netral
tenteram,2,netral
agustin,1,netral
pradana,1,netral
pemaparanpemaparan,3,netral
tggl,1,netral
rentanrentannya,1,netral
solving,2,netral
kaji,7,positif
jessica,1,netral
tio,1,netral
mahendra,1,netral
inimenurut,2,netral
anjur,3,negatif
physical,1,netral
distancing,1,netral
sosialnamun,1,netral
tiara,2,positif
sakinah,1,netral
pemicaraan,1,netral
menta,2,netral
sastyaviani,1,netral
kusuma,2,positif
kilas,1,netral
antisosial,4,netral
kamera,2,netral
mngenai,1,netral
safira,1,netral
adelia,1,netral
preventif,1,positif
suluh,1,netral
tiaptiap,1,netral
ilma,1,netral
amelia,1,netral
psdku,4,netral
siasat,2,netral
generi,1,netral
syafial,1,netral
refasianggih,1,netral
biberikan,1,netral
bagai,1,netral
ditananmkan,1,netral
steres,1,netral
erbagai,1,netral
tread,1,netral
alya,1,netral
dan,1,netral
games,4,netral
brigita,1,netral
ruth,1,netral
dyah,1,netral
ayu,3,netral
rengganis,1,netral
masamasa,1,netral
tdkk,1,netral
prasangka,1,negatif
mlbtkn,1,netral
injak,4,netral
yohan,1,netral
alfani,1,netral
solusitips,1,netral
namatitis,1,netral
maulany,1,netral
proaktif,10,netral
masehi,1,netral
manusai,1,netral
swastika,1,netral
primaningtyas,1,netral
lovemyself,1,netral
factor,4,netral
sesudahnyam,1,netral
meminimalisir,2,netral
bercengkrama,1,netral
eksistensi,2,netral
chicca,1,netral
shellenbarger,1,netral
addiction,1,netral
devi,2,netral
nurmifta,1,netral
oktaviani,1,netral
mengel,1,netral
essai,3,netral
hartono,2,netral
ilmuadministrasibisnis,1,netral
prasarana,2,positif
milenialgenerasi,2,netral
remajakaum,1,netral
bugar,2,positif
arus,3,netral
upayaupaya,1,netral
kalibrasi,1,netral
berlian,1,netral
adzkiya,1,netral
bidan,4,netral
understandyourself,1,netral
krisna,1,netral
daniel,1,netral
keseehatan,1,netral
aru,1,negatif
genrasi,4,netral
akita,1,netral
organization,7,netral
kemampuankemampuan,2,netral
masih,1,netral
lalai,1,negatif
metal,4,netral
gandeng,1,netral
buzzingnya,1,netral
faedah,1,negatif
fitriana,1,netral
rahmawati,1,netral
gender,1,netral
rebak,1,negatif
dipegaruhi,1,netral
zstres,2,netral
menajdi,1,netral
dobrak,1,negatif
pertamatama,1,netral
geografis,1,netral
modenr,1,netral
green,1,netral
spaces,1,netral
tatap,2,positif
junkfood,1,netral
gerogot,1,netral
samarinda,1,netral
kalimantan,1,netral
blog,2,netral
fisikpadahal,1,netral
luluk,1,netral
amilatun,1,netral
naashiroh,1,netral
reallife,1,netral
rekanrekan,1,netral
offline,2,netral
menemuka,1,netral
fantasi,2,positif
wkatu,1,netral
kekosonham,1,netral
konidisi,2,netral
anthony,2,netral
turner,1,netral
kesehatandua,1,netral
masal,1,netral
pyschological,1,netral
mita,1,netral
rahayu,2,negatif
fapet,1,netral
jalin,1,netral
individual,1,positif
pew,3,netral
reseach,2,netral
mengonrol,1,netral
western,1,netral
governors,1,netral
memliki,1,netral
wabah,5,negatif
virus,9,netral
terganggunyamental,1,netral
healthpada,1,netral
ialahstress,1,netral
mellaui,1,netral
americageneration,2,netral
gagngguan,1,netral
unsur,2,netral
dinda,1,netral
permata,1,positif
biologi,1,netral
zlahir,1,netral
andhika,1,netral
elektro,5,netral
harnani,1,netral
tolonggg,1,netral
individualis,1,netral
gadgetsosial,1,netral
associationtahun,1,netral
meetyourselfinstillnessandloveyourself,1,netral
temanteman,4,netral
massa,2,netral
weinstain,1,netral
memyebabkan,1,netral
herlina,1,netral
anugerah,1,negatif
esa,2,positif
merriam,1,netral
webster,1,netral
kognisi,1,netral
demi,2,netral
zsekian,1,netral
wassalmualaikum,1,netral
wrwb,3,netral
tampan,1,netral
zperubahan,1,netral
terdahulugenerasi,1,netral
sigap,2,negatif
aqila,1,netral
zahwa,1,netral
hamid,1,netral
ilmuilmu,1,netral
ilmiahh,1,netral
kesadaram,1,netral
kesehariankesehatan,1,netral
umu,1,netral
zkarena,1,netral
terusmengembangkan,1,netral
sosialisasike,1,netral
belaka,2,negatif
modernisasi,1,netral
healthkesehatan,2,netral
katena,1,netral
ibnu,1,netral
sadli,1,netral
nyatanamun,1,netral
devy,1,netral
oktalia,1,netral
sosiologi,1,netral
kristiani,1,netral
ricard,1,netral
heru,1,netral
prayoga,1,netral
budidaya,1,netral
meriska,1,netral
liana,1,netral
iniberikut,1,netral
inigangguan,2,netral
skizofrenia,2,netral
penyalahgunaan,2,netral
napza,2,netral
mai,1,netral
ganguan,2,netral
refreshing,1,netral
sebelumnyaa,1,netral
teteapi,1,netral
tekonologi,1,netral
kejiawaan,2,netral
lkeehatan,1,netral
murung,1,negatif
multi,2,netral
akronim,1,netral
mereka,1,netral
halmeraih,1,netral
masalahmasalah,5,netral
struktur,3,positif
kimiawi,1,netral
pedoman,1,netral
cahyono,1,netral
putro,1,netral
keliru,1,negatif
sealain,1,netral
qaulan,1,netral
sadida,1,netral
kurung,1,negatif
kemanamana,1,netral
pubertas,1,netral
menurutorganisasi,1,netral
xixixixi,1,netral
cuit,1,netral
gencargencarnya,2,netral
wahyuni,1,netral
gelisah,5,negatif
senantiasa,1,netral
diperhatikansolusi,1,netral
miftahul,1,netral
jannah,1,netral
fmipa,1,netral
kimia,3,netral
christian,1,netral
noel,1,netral
pasaribu,1,netral
tilik,1,netral
kronis,3,negatif
dissapear,1,netral
cause,1,netral
existence,1,netral
mikrokosmos,1,netral
letsgoon,1,netral
letsliveon,1,netral
corona,5,netral
networker,1,netral
ilness,1,netral
diapaakai,1,netral
afirmasivisualisasi,1,netral
kecenderungankecenderungan,1,netral
manusiamanusia,1,netral
important,2,netral
sabrina,1,netral
lainnyadi,1,netral
devina,1,netral
arifta,1,netral
rahmadina,1,netral
farmasi,1,netral
re,1,netral
tolerir,1,netral
halodoc,1,netral
anna,1,netral
ayuningtyas,1,netral
beurself,1,netral
gemilang,1,netral
menghawatirkan,1,netral
ditemanigunakan,1,netral
berlombalomba,2,netral
mampi,1,netral
nabila,1,netral
azahro,1,netral
erika,1,netral
octaviona,1,netral
paja,3,netral
adinda,2,netral
regita,2,netral
kusumawati,2,netral
ramadan,3,netral
mulia,2,netral
fajri,1,netral
pti,1,netral
bantuanbisa,1,netral
exmuslim,1,netral
freefromhijab,1,netral
makarallahlebihhebat,1,netral
tanggulang,3,positif
sorang,3,negatif
rio,1,netral
audi,2,netral
surya,1,netral
olaeh,1,netral
genersi,1,netral
sal,1,netral
panitia,2,positif
brilianita,1,netral
trisna,1,netral
andharbeni,1,netral
kesehatah,1,netral
dkondisi,1,netral
devita,1,netral
agustina,1,netral
cahyaning,1,netral
soeharto,2,netral
perban,2,negatif
ulfa,1,netral
maria,1,netral
vol,1,netral
handayani,1,netral
interagency,1,netral
standing,1,netral
committee,1,netral
iasc,1,netral
rahmantio,1,netral
quotes,1,netral
seni,1,negatif
kandung,1,netral
gejalagejalanya,1,netral
seningga,1,netral
reaksi,1,negatif
seluruh,1,netral
jamila,1,netral
taufik,1,netral
disalahpahami,1,netral
beyourself,2,netral
berbondongbondong,1,netral
luput,3,negatif
yasika,1,netral
permatasari,1,netral
kesehayan,1,netral
indri,1,netral
segera,1,negatif
menujukkan,1,netral
ombangambing,1,netral
deva,1,netral
sonya,1,netral
munculnyacyber,1,netral
narkoba,2,netral
luthfiah,1,netral
rusyda,1,netral
nur,1,netral
rahma,1,netral
pustaka,1,positif
zjawabnnya,1,netral
pentingmengapa,1,netral
wabahamp,1,netral
hangout,1,netral
psbb,2,netral
sdiri,1,netral
sema,1,netral
fator,1,netral
kelemahankelemahan,1,netral
gangguang,1,netral
banyakpemudapemudi,1,netral
keutaman,1,netral
jemput,2,netral
konotasi,1,negatif
complicated,1,netral
inirentan,1,netral
memamparkan,1,netral
belakang,2,netral
contohcontohnya,1,netral
dislide,1,netral
izzatul,1,netral
athiyah,1,netral
saveyourhealth,1,netral
adzhani,1,netral
dalilati,1,netral
hafizhah,1,netral
keuarga,1,netral
pentignya,1,netral
organizationwho,1,netral
melinia,1,netral
fpik,1,netral
clstr,1,netral
terumata,1,netral
ncaman,1,netral
imun,1,netral
infeksi,2,netral
miftahur,1,netral
rohmah,1,netral
magfiroh,1,netral
gigi,3,netral
intervensi,2,netral
trigger,1,netral
cikal,1,netral
harusmengetahui,1,netral
solusisolusi,1,netral
iniseperti,1,netral
kintan,1,netral
ayudhia,1,netral
utami,1,netral
imam,2,negatif
hanafi,1,netral
illmu,1,netral
tuakondisi,1,netral
elvina,1,netral
lus,1,netral
jurusanilmu,1,netral
zbanyaknya,1,netral
internetlamakelamaan,1,netral
jelma,1,negatif
sekarangkesehatan,1,netral
termovitasi,1,netral
pancing,1,netral
komentarkomentar,1,netral
menucul,1,netral
pskiater,1,netral
center,2,netral
klasik,2,positif
lainnyamengapa,1,netral
adiktif,1,negatif
diannggap,1,netral
enteng,2,negatif
betumbuh,1,netral
pengunaan,1,netral
maslaah,1,netral
mentalbagi,1,netral
sengat,1,netral
stayhealthy,3,netral
con,1,netral
heath,1,netral
emosial,1,netral
alangkah,1,negatif
terjadilebih,1,netral
davina,1,netral
salsabilla,1,netral
inam,1,netral
carissa,1,netral
pelajarmahasiswa,1,netral
nabi,1,positif
kasitau,1,netral
pihakselain,1,netral
postpartum,1,netral
depression,1,netral
melahirkanpara,1,netral
mentalsayangnya,1,netral
ferdhy,1,netral
ihza,1,netral
armanda,1,netral
kluster,1,netral
kesadarah,1,netral
gejolak,1,negatif
gejalah,1,netral
mario,1,netral
psychiatry,1,netral
india,1,netral
times,11,netral
jama,1,netral
networks,1,netral
cnn,1,netral
awal,3,negatif
lansir,2,netral
rutin,4,netral
gangguanpenyakit,1,netral
trhead,1,netral
ribkah,1,netral
wahyu,1,positif
santika,1,netral
mentalhealthday,2,netral
careforyourself,1,netral
juluk,1,netral
healthy,4,netral
kreasinyatabrawijyans,1,netral
sang,2,netral
menganggu,2,netral
edelweis,1,netral
lumpuh,1,netral
massainternet,1,netral
poaitif,1,netral
negative,1,netral
palinv,1,netral
kognitif,3,netral
memeliharanyakita,1,netral
iva,1,netral
rochmawati,1,netral
jiwakesehatan,1,netral
kedokteraan,1,netral
lintang,1,netral
dheshinta,1,netral
istiqfarend,1,netral
administrasiprodi,1,netral
publikcluster,1,netral
motif,1,netral
muhajid,1,netral
bayu,1,negatif
prastiyo,1,netral
agrorkoteknologi,1,netral
rangkum,1,netral
loveurself,1,netral
ketidakmampuan,1,netral
kiky,1,netral
david,1,netral
ilhamsyah,1,netral
tengara,1,netral
problema,1,netral
semangattt,1,netral
henric,1,netral
frederic,1,netral
amiel,1,netral
nimh,1,netral
ammar,1,netral
najmuddin,1,netral
naufal,1,netral
kamus,1,netral
watak,2,positif
paut,1,netral
faiq,1,netral
almubarokvokasibkdkvc,1,netral
genetik,1,netral
riwayat,1,netral
luqmanul,1,netral
dicky,1,netral
jagakesehatanmental,1,netral
interpersonal,1,netral
jelina,1,netral
lubisilmu,1,netral
administrasiadministrasi,1,netral
bisniscluster,1,netral
psikologisgenerasi,1,netral
nandana,1,netral
daffa,1,netral
nugraha,1,netral
penyebutanpenyebutan,1,netral
menggakibatkan,1,netral
khusu,1,netral
gengguan,1,netral
sulut,1,netral
andra,1,netral
pradia,1,netral
rahmadani,1,netral
gabriella,1,netral
ester,1,netral
paulina,1,netral
setipa,1,netral
mentalelakukan,1,netral
ternacm,1,netral
ilmuwan,1,netral
amatir,1,netral
ramadhani,1,netral
rachman,1,netral
informatika,1,netral
ilmi,1,netral
kiatkiat,1,netral
zapakah,1,netral
ituyapss,1,netral
terganggusebelumnya,1,netral
shalom,1,netral
swastyastu,1,netral
buddhaya,1,netral
sharon,1,netral
dea,1,netral
ladiesta,1,netral
alsadila,1,netral
bagos,1,netral
yogiono,1,netral
keefloveyourself,1,netral
kreasinyatabrawijans,1,netral
intensitas,1,netral
bagu,1,netral
mutlak,1,negatif
bermacammacam,2,netral
plurals,1,netral
meyebutkan,2,netral
anonim,1,netral
beritaberita,2,netral
warming,1,netral
mudamenurut,1,netral
kurun,1,netral
kemudi,1,positif
belia,1,negatif
holisme,1,netral
zidan,1,netral
zuhdi,1,netral
jati,3,netral
utuh,1,netral
bimbang,1,negatif
invidu,1,netral
relita,1,netral
nurcahyanifpubagroekoteknologicluster,1,netral
andinie,1,netral
zalfa,2,netral
rizqy,1,netral
stabilsetiap,1,netral
internetbeberapa,1,netral
mualmual,1,netral
degradasi,1,netral
warahmatullah,1,netral
wabarokatuh,1,netral
audiava,1,netral
kenthida,1,netral
vanezza,1,netral
mengigatkan,2,netral
redyta,1,netral
fayza,1,netral
maharani,1,netral
pentik,1,netral
adikhara,1,netral
aprilia,1,netral
berlanggsung,1,netral
pandaipandai,1,netral
namasaniyah,1,netral
fakultasilmu,1,netral
jurusanhukum,1,netral
dinomorduakan,1,netral
mengutamakann,1,netral
namaatha,1,netral
darari,1,netral
satunua,1,netral
menjagakesehatan,1,netral
sarmita,1,netral
sefiani,1,netral
farida,1,netral
oktafiyanofita,1,netral
generai,1,netral
kelompk,1,netral
strees,1,netral
sosialmungkin,1,netral
panggung,1,netral
sarana,1,netral
duli,1,negatif
indonesiaketergantungan,1,netral
anggita,1,netral
pramudhita,1,netral
rizkynanda,1,netral
finhartanto,1,netral
mentalitas,2,netral
berepengaruh,1,netral
fasilitator,1,netral
moze,1,netral
simanjuntak,2,netral
julianto,1,netral
lk,1,netral
juli,1,netral
aug,1,netral
detox,1,netral
candugame,1,netral
gameonline,1,netral
rekonsiliasi,1,positif
awanhitam,1,netral
bunuhdiri,1,netral
lembahkekelaman,1,netral
lukabatin,1,netral
kehidupankristen,1,netral
remajakristen,1,netral
underpressure,1,netral
spiritualitaskristen,1,netral
lostinfear,1,netral
pembangunankarakter,1,netral
characterbuilding,1,netral
remajaindonesia,1,netral
mahasiswaindonesia,1,netral
indonesiaemas,1,netral
masadepanindonesia,1,netral
keluargakristen,1,netral
imankristen,1,netral
christianfaith,1,netral
berbagiinfokristen,1,netral
pemikirankristen,1,netral
pendidikankristen,1,netral
mindfullness,1,netral
wellbeing,2,netral
loneliness,1,netral
seminaronline,1,netral
seminarkristen,1,netral
christianyouth,1,netral
orangmudakristen,1,netral
pendidikananak,1,netral
mahasiswabaru,1,netral
mahasiswakristen,1,netral
simptomsimptom,1,netral
didapetin,1,netral
definition,1,netral
advokasi,1,netral
khairunnisa,1,netral
forkompi,1,netral
nada,1,positif
harmoni,1,netral
kotler,1,netral
pelabur,2,netral
materialistik,1,netral
hanyaa,1,netral
tjukup,1,netral
ngestabilinnya,1,netral
ngadepinnya,1,netral
sasa,3,netral
aden,1,netral
duale,1,netral
ataenda,1,netral
wapi,1,netral
ngamia,1,netral
zake,1,netral
zilikufa,1,netral
juu,1,netral
kiangazi,1,netral
reject,4,netral
ruto,2,netral
yirukanye,1,netral
mirimo,1,netral
abaminisitiri,1,netral
bagiye,1,netral
government,1,netral
nyuma,2,netral
yimyigaragamyo,1,netral
yamagana,1,netral
rutikanga,1,netral
twitege,1,netral
yibi,1,netral
setle,1,netral
gtgtgtgt,1,netral
spencer,1,netral
haiya,1,netral
kube,1,netral
pia,3,netral
apewe,1,netral
aihandle,1,netral
nishaangusha,1,netral
billmnataka,1,netral
nini,1,netral
tena,2,netral
anguka,1,netral
siskawati,1,netral
simandalahi,1,netral
socialization,1,netral
selfefficacy,1,netral
variabel,1,netral
mediasi,1,netral
mwaipaya,1,netral
kenya,2,netral
wanareject,1,netral
ila,3,netral
bongo,1,netral
kazi,2,netral
minpin,1,netral
ivi,1,netral
kumbe,1,netral
wamemchoka,1,netral
sio,2,netral
itakua,1,netral
kisiasa,1,netral
zaidi,1,netral
pitia,1,netral
seneta,1,netral
anasapoti,1,netral
anaeleza,1,netral
hu,1,netral
muswaada,1,netral
katika,1,netral
duk,3,netral
iolls,1,netral
fam,1,netral
mimi,2,netral
mtanzania,1,netral
nawaunga,1,netral
mkono,1,netral
mnachokifanya,1,netral
kuitetea,1,netral
nchi,1,netral
yenu,2,netral
jamaa,1,netral
kwa,5,netral
ujumla,1,netral
mombasa,1,netral
muache,1,netral
uoga,2,netral
kesho,1,netral
tunatoka,1,netral
pomoja,1,netral
kushinikiza,1,netral
toto,1,netral
anajua,1,netral
vizuri,1,netral
hafai,1,netral
kuambiwa,1,netral
imewaraukia,1,netral
tunajua,1,netral
mtaanza,1,netral
legalise,1,netral
weed,1,netral
mara,1,negatif
tunataka,2,netral
prezzo,1,netral
anachana,1,netral
jaba,1,netral
tupewe,1,netral
serikali,1,netral
nusu,1,netral
godly,1,netral
govnmt,1,netral
substance,1,netral
esp,1,netral
bhang,1,netral
harmonious,1,netral
rshp,1,netral
country,2,netral
wakuu,1,netral
mnifollow,1,netral
tukikataa,1,netral
rejecttokeatuesday,1,netral
unstable,1,netral
overpopulasi,1,netral
banjukaformfriday,1,netral
mpooo,1,netral
ndo,1,netral
mida,1,netral
leo,1,netral
kwenye,1,netral
banjukatrendz,1,netral
napiga,1,netral
embarambamba,1,netral
makokha,1,netral
makacha,1,netral
tom,1,netral
daktari,1,netral
wanasemaje,1,netral
kuhusu,1,netral
tegea,1,netral
stream,1,netral
sulwe,1,netral
etiqas,1,netral
hatuna,1,netral
tunaweza,2,netral
piga,1,netral
maandamano,1,netral
siku,1,netral
zote,1,netral
bravo,1,netral
tukimalizia,1,netral
supposed,1,netral
ensure,1,netral
hawa,1,negatif
watu,1,negatif
wanaozea,1,netral
viti,2,netral
mayut,1,netral
wameondoka,1,netral
gat,1,netral
degrees,1,netral
rotting,1,netral
sababu,1,netral
wasee,1,netral
wamekwama,1,netral
zetu,1,netral
mampir,1,negatif
fit,1,positif
thursday,1,netral
amka,1,netral
tupate,1,netral
wamezima,1,netral
bna,1,netral
alaf,1,netral
ulipost,1,netral
anything,2,netral
else,2,netral
wewe,1,netral
jiambie,1,netral
mojinga,1,netral
kinuthia,1,netral
aturgaji,4,netral
smartfinance,1,netral
multigenerasi,1,netral
generationfinance,1,netral
piyik,1,netral
ngutangin,1,netral
salvi,2,netral
mudahny,1,netral
cukai,1,netral
bankrap,1,netral
eazylifebnilife,1,netral
solusiproteksi,1,netral
asuransijiwa,1,netral
perlindunganjiwa,1,netral
perdata,1,negatif
infobank,2,netral
prabowogibran,1,netral
services,3,netral
kasarani,1,netral
caps,1,netral
latency,1,netral
mikel,1,netral
arteta,1,netral
malema,1,netral
uclfinal,1,netral
kikuyus,1,netral
helb,1,netral
karen,1,netral
nyamu,1,netral
simps,1,netral
mogadishu,1,netral
etims,1,netral
idx,1,netral
periodisasi,1,netral
ortukakek,1,netral
bisikin,1,netral
financialtips,1,netral
memilki,1,netral
alasannhya,1,netral
rahim,1,positif
disabilitas,1,netral
dedi,2,netral
modelling,1,netral
najibzz,1,netral
comments,1,netral
camana,1,netral
cringe,1,netral
siot,1,netral
isiny,1,netral
antagonis,1,netral
dept,1,netral
girls,1,netral
woke,1,netral
entitle,1,netral
princess,2,netral
sindrome,1,netral
hensem,1,netral
table,1,netral
puci,1,netral
bervalue,1,netral
decisionnya,1,netral
thus,1,netral
bring,1,netral
little,1,netral
balling,1,netral
gold,1,netral
cryptocurrency,2,netral
technology,1,netral
fintech,2,netral
debitur,1,netral
terkenablacklistlantaran,1,netral
minor,1,netral
merger,1,positif
giring,2,netral
audience,1,netral
bisnisfranchise,1,netral
rista,1,netral
zwestika,1,netral
bodong,2,netral
book,2,netral
seat,1,netral
sunday,1,netral
february,1,netral
semanggi,1,netral
unika,1,netral
atma,1,netral
exam,1,netral
ingus,1,netral
election,1,netral
looks,1,netral
unfair,1,netral
battle,2,netral
android,11,netral
suaramerdeka,1,netral
suaramerdekacom,1,netral
promedia,1,netral
ponselandroid,1,netral
importance,1,netral
ekrutesid,1,netral
ekrutalks,1,netral
sharingsession,1,netral
financialwisdomtalks,1,netral
genzkeuangan,1,netral
instagramlive,1,netral
tekat,1,netral
frekuensi,1,netral
stability,2,netral
gemar,2,negatif
sebocil,1,netral
parsoc,1,netral
dark,1,netral
universe,1,netral
burung,1,netral
seengaknya,3,netral
nyukupin,1,netral
sumpaaa,1,netral
brilian,1,netral
cashflow,1,netral
resolusi,2,positif
solutif,1,netral
geopolitik,1,netral
mbamas,1,netral
fi,1,netral
gaappa,1,netral
jagadiri,2,netral
pesa,1,netral
kidogo,1,netral
anaanza,1,netral
kepeana,1,netral
gwen,1,netral
ashley,1,netral
incubator,1,netral
piawai,1,netral
ngerik,1,netral
politis,1,netral
gataulah,1,netral
direndahin,1,netral
protect,1,netral
marcos,1,netral
gensoed,2,netral
hulu,3,negatif
fiturfitur,1,netral
mobile,1,netral
smb,1,netral
picip,1,netral
fflm,1,netral
insightful,1,netral
seminarseminar,1,netral
askrindo,1,netral
aliyah,2,netral
natasya,2,netral
prompt,2,netral
bard,1,netral
mc,2,netral
vibe,1,netral
points,1,netral
serasa,2,netral
miliarder,1,netral
pesawat,1,negatif
nonton,1,netral
reckless,1,netral
irresponsible,1,netral
decisionmaking,1,netral
aktifin,1,netral
oza,1,netral
nyangkutin,1,netral
wealthy,2,netral
wealthwisdom,2,netral
hihi,2,netral
ekpetasi,1,netral
weddingnya,1,netral
both,2,netral
em,1,netral
randomly,1,netral
channelnya,1,netral
maudy,1,netral
kalem,1,negatif
interestingly,1,netral
shows,1,netral
consider,2,netral
loans,1,netral
inclusion,1,netral
advisor,2,netral
trgiur,1,netral
paylatter,1,netral
screening,1,netral
checking,1,netral
skor,1,netral
tmi,1,netral
spent,1,netral
uni,1,netral
including,1,netral
advocate,1,netral
academic,1,netral
mansplaining,1,netral
tldr,1,netral
proudly,1,netral
present,1,netral
qmtraining,1,netral
adoii,1,netral
ptptn,1,netral
institusi,1,netral
academy,1,netral
gapai,1,positif
certified,1,netral
detikers,1,netral
hadam,1,netral
minit,1,netral
channelbla,1,netral
konklusi,1,positif
cfa,2,netral
regulatory,2,netral
authority,2,netral
ethereum,1,netral
dibekalin,1,netral
publication,1,netral
roh,1,positif
cosmopolitan,1,netral
jana,1,netral
kukuh,1,negatif
empayar,1,netral
hogoe,1,netral
kpessou,1,netral
uber,1,negatif
eats,1,netral
tin,1,netral
ngetroll,2,netral
uprise,1,netral
tokio,1,netral
marine,1,netral
beritabisnis,2,netral
beritamarketing,2,netral
financialservices,2,netral
coid,1,netral
trivia,1,netral
gtgtgtgtgtgtgt,1,netral
karaoke,1,netral
dhelok,1,netral
planing,1,netral
arek,1,netral
duwe,1,netral
yoy,1,netral
samsung,2,netral
hindi,1,netral
tayo,1,netral
bumabata,1,netral
barubaru,1,netral
ios,1,netral
peersnya,1,netral
qtna,2,netral
goplaycreatorsplaydate,1,netral
goplayindonesia,1,netral
goplayxmaybank,1,netral
betuuul,1,netral
curiousity,1,netral
ngepost,1,netral
kebetukan,1,netral
rumus,1,netral
pelbagai,2,netral
popular,2,netral
mahukan,2,netral
own,1,netral
terms,1,netral
pursuing,1,netral
insya,1,netral
press,1,netral
jobusaha,1,netral
multitalenan,1,netral
bermedsos,1,netral
raung,2,netral
milennials,2,netral
struggling,1,netral
dedah,1,netral
degdegan,3,netral
uangbicara,3,netral
podcastindonesia,3,netral
tawur,1,netral
jujurly,1,netral
smnjk,1,netral
bgsbgt,1,netral
orgtua,1,netral
goldmin,1,netral
finfluencer,1,netral
selfrewarding,2,netral
carnaval,1,netral
fmcg,3,netral
multinasional,1,netral
established,1,netral
financialstable,1,netral
expand,1,netral
nampaknya,1,netral
madu,2,netral
subjektif,1,netral
record,1,netral
nation,1,netral
hows,1,netral
yutubbb,1,netral
develop,1,netral
ngafe,2,netral
akselerasi,1,netral
pangkal,1,netral
earning,1,netral
sswmenjadi,1,netral
suraya,1,netral
jomlo,1,netral
pincang,1,negatif
sedep,1,netral
stabel,1,netral
priotitas,1,netral
hayuk,3,netral
lyfestyle,1,netral
hubbys,1,netral
chaotic,1,netral
statementnya,1,netral
gitasav,1,netral
literature,1,netral
autodidak,1,netral
soontobe,1,netral
ambi,1,netral
teletalks,1,netral
join,5,positif
boy,1,netral
strong,2,netral
wall,1,netral
mariah,1,netral
carey,1,netral
mybank,1,netral
maybank,1,netral
kebab,2,netral
bhaga,1,netral
veteran,1,netral
realize,2,netral
speakers,1,netral
arief,1,netral
wind,1,netral
kuncahyo,1,netral
analis,1,netral
otoritas,1,netral
kanika,1,netral
ringkes,1,netral
deliver,1,netral
prekariat,1,netral
keiket,1,netral
purpose,1,netral
begadang,1,negatif
targetin,1,netral
nekanin,1,netral
pertama,1,netral
lena,1,netral
ayahibu,1,netral
khilaf,1,negatif
bobol,1,negatif
waiting,2,netral
registrasi,2,netral
pastilebihsiap,1,netral
karirgenz,1,netral
tunai,1,positif
dilomakassar,1,netral
reset,1,netral
jot,1,netral
pamor,1,netral
sent,1,netral
speaking,1,netral
diplomasi,1,negatif
nb,1,netral
jauuhh,1,netral
jouska,1,netral
safir,1,netral
senduk,1,netral
gasampe,1,netral
zibuk,1,netral
jikahahahhahahahhahaha,1,netral
nerak,1,netral
jahanam,1,negatif
susa,1,netral
closing,1,netral
jobsdesk,1,netral
ngebatin,1,netral
kebo,1,negatif
gabungin,1,netral
aiden,1,netral
bjr,1,netral
purto,1,netral
longor,1,netral
ditest,1,netral
aemua,1,netral
almamater,1,netral
ngebayar,1,netral
jkp,1,netral
julidnya,1,netral
ampunampunan,1,netral
sng,1,netral
mybe,1,netral
blanket,1,netral
ass,1,netral
xdpt,1,netral
shush,1,netral
ngoding,2,netral
apknya,1,netral
nyalahinnya,1,netral
freak,1,netral
bocor,1,negatif
request,1,netral
basa,2,netral
basi,2,negatif
tugasgenz,1,netral
squad,1,netral
were,1,netral
awesome,1,netral
interested,1,netral
zonaba,1,netral
jokitugas,1,netral
opentimjoki,1,netral
paket,3,positif
majalah,1,netral
sampul,1,negatif
biji,1,netral
steam,1,netral
arrangement,1,netral
fastresp,1,netral
growth,1,netral
prolly,1,netral
kerjaminimal,1,netral
jetisupaya,1,netral
anomali,1,netral
tatanan,1,netral
ngelempem,1,netral
teng,1,netral
ngamok,1,netral
royal,3,netral
worknya,1,netral
ngelive,1,netral
indokdg,1,netral
openingclosing,1,netral
dongeng,1,negatif
komisaris,1,netral
opurtunis,1,netral
ngomentari,1,netral
gweh,1,netral
sapi,2,negatif
alaala,1,netral
senasasi,1,netral
deg,2,netral
ser,1,netral
repost,1,netral
dichat,1,netral
idul,1,netral
adha,1,netral
often,1,netral
weekends,1,netral
mention,1,netral
cekikik,1,netral
telaten,1,positif
lempar,2,netral
baaaiiikkk,1,netral
hikss,1,netral
srottttt,1,netral
anjuir,1,netral
jiwasraya,1,netral
asabri,1,netral
tarakarta,1,netral
steamdeck,1,netral
khayal,1,positif
kuranggg,1,netral
nainya,1,netral
gasesuai,2,netral
uninstall,1,netral
uno,1,netral
tungkatkan,1,netral
kesejahtaraan,1,netral
memuiliki,1,netral
nontapak,1,netral
cpf,1,netral
schemes,1,netral
gorok,1,netral
progam,1,netral
dilibatin,1,netral
sist,1,netral
biarpun,1,negatif
bestieh,2,netral
asdfghjkl,1,netral
jancoookkkk,1,netral
mfff,1,netral
kesaall,1,netral
pajakny,1,netral
julidin,1,netral
sirik,1,negatif
solution,1,netral
musnahin,1,netral
inijauh,1,netral
dsri,1,netral
ekonomidll,1,netral
bodhnya,1,netral
inap,1,positif
pedahal,1,netral
nntinya,1,netral
belanda,1,netral
microchip,1,netral
manfatin,1,netral
lowker,1,netral
ckap,1,netral
holder,1,netral
yaelahcapek,1,netral
dipotongin,1,netral
gajibener,1,netral
laahmending,1,netral
kdollar,1,netral
pkerja,1,netral
pot,1,netral
kreng,1,netral
kadal,1,netral
sararia,1,netral
maraksa,1,netral
geuleuh,1,netral
resep,1,positif
aingah,1,netral
ketawaaaaaaa,1,netral
aseli,1,netral
rather,1,netral
lokernya,2,netral
izasah,1,netral
healingpilih,1,netral
jongos,2,netral
dikentd,1,netral
sange,1,negatif
trueee,1,netral
cemennya,1,netral
pimrednya,1,netral
aarisandi,1,netral
digantiin,1,netral
smsm,1,netral
celetuk,1,negatif
maksimum,1,netral
emergency,1,netral
client,1,netral
deliverynya,1,netral
ngaret,1,netral
lazy,1,netral
incompetent,1,netral
emamg,1,netral
liburtanggal,1,netral
tawarin,2,netral
lapak,1,netral
ce,1,netral
lesan,1,netral
kemal,1,netral
gasing,1,netral
gudang,1,netral
diinfoin,1,netral
adaaa,1,netral
anjirt,2,netral
cokk,1,netral
pick,1,netral
langgar,1,netral
farabi,2,netral
reddit,1,netral
onboarding,2,netral
mile,2,netral
melody,1,netral
biyuemen,1,netral
migas,1,netral
dijelekjelekin,1,netral
introspeksi,1,netral
lele,1,netral
pengalama,1,netral
potential,1,netral
lawdt,1,netral
ancelotti,1,netral
selebtweet,1,netral
kontroversial,1,netral
bella,1,netral
poarch,1,netral
detail,2,positif
gapok,2,netral
ongkos,6,netral
terusin,1,netral
rebelnya,1,netral
balanced,1,netral
rewel,3,negatif
pikun,1,negatif
profesionalitas,1,netral
sobek,1,negatif
bun,1,netral
gimane,1,netral
nganggurnya,1,netral
aint,2,netral
atleast,1,netral
giving,1,netral
sane,1,netral
adean,1,netral
tanemin,1,netral
kurangenggak,1,netral
sangon,2,netral
ngejalaninnya,1,netral
ngganjel,1,netral
defisit,1,negatif
tera,1,netral
dewasaudah,1,netral
jompo,1,negatif
dds,1,netral
banu,1,netral
penak,2,netral
nimbun,4,netral
kekgitu,1,netral
ngelunjek,1,netral
cemplung,1,negatif
rl,1,netral
expektasi,2,netral
dijelasin,2,netral
halus,1,netral
lahiya,1,netral
gencetin,1,netral
goodloking,1,netral
pontangpanting,1,netral
nas,1,netral
incl,1,netral
admindriver,1,netral
gesit,1,netral
juniorentry,2,netral
kelimpungan,1,netral
gencet,1,negatif
seok,1,netral
paku,1,netral
lem,1,netral
hpl,1,netral
nerimaan,1,netral
ira,1,negatif
warungtoko,1,netral
imo,3,netral
triple,1,netral
cook,1,netral
nyantuminnya,1,netral
perproject,1,netral
timer,1,netral
plin,1,netral
bonafit,1,netral
demanding,2,netral
lagak,2,negatif
iyasih,1,negatif
ltumr,1,netral
niche,1,netral
final,2,negatif
validasi,2,netral
clueless,1,netral
megalodon,1,netral
peler,2,netral
advantage,1,netral
kondusif,1,netral
emaknya,1,netral
aemak,1,netral
sabtuminggutgl,1,netral
armada,2,negatif
kelalaiankecolongan,1,netral
tuli,1,negatif
tuna,1,netral
rungu,1,netral
semnungkin,1,netral
suskes,1,netral
qing,1,netral
oversupply,1,netral
operator,1,netral
kilang,1,negatif
kitar,1,netral
sukar,1,negatif
dressed,1,netral
smells,1,netral
gula,2,netral
nyumpahin,1,netral
gugem,1,netral
sonic,1,netral
nanyak,1,netral
dekan,1,netral
rizki,1,positif
rashford,1,netral
simulasi,1,netral
perks,1,netral
diagnosed,1,netral
pulkam,1,netral
ww,1,netral
iii,1,netral
breadwinner,2,netral
bidikmisi,1,netral
lavish,1,netral
lolll,1,netral
besarbesaran,1,netral
nonstop,1,netral
storycerita,1,netral
austempat,1,netral
bonyok,1,positif
nyemangatin,1,netral
alphard,1,netral
latte,1,netral
bal,2,netral
gantungin,1,netral
coli,1,netral
dilampiasin,1,netral
collar,1,netral
probably,1,netral
viralize,1,netral
retire,1,netral
hope,1,netral
help,1,positif
kayaginii,1,netral
idulfitri,1,netral
carana,1,netral
saetik,2,netral
bayangkeun,1,netral
imah,1,netral
jtm,1,netral
ampunnn,1,netral
idok,1,netral
officemate,1,netral
serbi,1,netral
omklo,1,netral
accalasannya,1,netral
his,1,netral
hes,1,netral
sedihla,1,netral
beatscoopy,1,netral
samsunggalaxyfold,1,netral
mom,1,netral
lecturerex,1,netral
auntie,1,netral
mat,1,netral
pornhub,1,netral
lecturer,1,netral
waitress,1,netral
meets,1,netral
customers,1,netral
diajarkandipaksakan,1,netral
tsenyum,1,netral
ketdk,1,netral
ngerekrut,1,netral
menye,1,netral
menyee,1,netral
suntuk,1,negatif
ansos,1,netral
august,1,netral
amaze,1,netral
teacher,1,netral
honorable,1,netral
achive,1,netral
setinggi,1,netral
romantisizing,1,netral
mulus,2,negatif
motorojek,1,netral
licin,1,negatif
irit,1,negatif
sihhhhh,1,netral
moncer,1,netral
prampt,1,netral
awningnya,1,netral
perabih,1,netral
makpak,1,netral
ambience,1,netral
kitonyo,1,netral
senja,1,netral
slave,1,netral
meal,1,netral
wagers,1,netral
bungkam,1,negatif
pcmoetwibu,1,netral
wedoks,1,netral
palakin,1,netral
pulaaakrugi,1,netral
pungut,1,netral
tunajangan,1,netral
habistu,1,netral
applicable,1,netral
jokowiprabowo,1,netral
ratio,1,netral
skim,1,netral
dgb,1,netral
env,1,netral
fullfillmentmental,1,netral
software,1,netral
response,1,netral
contracts,1,netral
belibikin,1,netral
leukeun,2,netral
zanak,1,netral
luker,3,netral
buatdia,1,netral
inid,1,netral
gadibahas,1,netral
millenialis,1,netral
baseless,1,netral
accusation,1,netral
coursework,1,netral
heels,1,netral
ndasmu,1,netral
choosing,1,netral
kualat,1,negatif
mengadangada,1,netral
superman,1,netral
aih,1,netral
dibabuin,1,netral
nontonnin,1,netral
nyesalnya,1,netral
mkrin,1,netral
kdpannya,1,netral
ditemen,1,netral
sekaliiiii,1,netral
bodohbodoh,1,netral
plih,1,netral
jara,1,netral
negbully,1,netral
player,1,netral
klamar,1,netral
klemer,1,netral
inisial,1,netral
melayu,2,netral
jtperbulan,1,netral
srink,1,netral
belajardok,1,netral
yada,1,netral
yadajust,1,netral
encourage,1,netral
consent,2,netral
spm,2,netral
rumahbangun,1,netral
tharasi,1,netral
lbs,1,netral
mkmkmkmkmk,1,netral
klarifikasi,1,netral
tiktod,1,netral
united,1,netral
kingdom,1,netral
didyouknow,1,netral
ditangisin,1,netral
pol,1,negatif
dikoporat,1,netral
jadiii,1,netral
peienes,1,netral
peinses,1,netral
borang,1,netral
dsuruh,1,netral
salsur,1,netral
begitupula,1,netral
berjutajuta,1,netral
foreigner,1,netral
hendak,1,negatif
fix,2,netral
prev,1,netral
sukan,1,netral
kelat,1,netral
subjek,1,netral
sains,1,positif
paksi,1,netral
profession,1,netral
hahhhhhh,1,netral
boleh,3,positif
tayakan,1,netral
gurudosen,2,netral
tunduk,1,negatif
dospem,1,netral
kerjane,1,netral
mulung,1,netral
elmu,1,netral
oceh,1,netral
kapitalismesengsarakanumat,1,netral
khilafahperisaihakiki,1,netral
islamsolusi,1,netral
xxw,1,netral
kental,1,netral
parking,1,netral
travel,2,netral
takyah,1,netral
tol,1,netral
mrt,1,netral
lembikkk,1,netral
buruhampasn,1,netral
pupuk,1,netral
nelayan,1,netral
ampbimbing,1,netral
eksportir,1,netral
kkn,2,netral
karuan,2,netral
cemerlangngipiiiiii,1,netral
idntimeslife,2,netral
exception,1,netral
tkyah,1,netral
paok,1,netral
koko,1,netral
bodonk,1,netral
sertifikat,1,netral
wamen,1,netral
calleg,1,netral
merry,1,netral
riana,1,netral
sandrina,1,netral
rosalia,1,netral
samsul,1,netral
kuma,1,netral
kumparantech,1,netral
kbtulan,1,netral
sub,1,netral
par,1,netral
implying,1,netral
onar,1,negatif
khas,1,positif
inner,1,netral
coquette,1,netral
aesthetic,1,netral
barbie,1,netral
seninjumat,1,netral
dinikmatin,1,netral
ndrewtjan,1,netral
swing,2,netral
dikte,1,positif
josh,1,netral
fortopolio,1,netral
enggg,1,netral
ngangon,1,netral
akhlak,1,positif
mahdi,1,positif
giselle,1,netral
rukh,1,netral
banteng,1,negatif
atikohganjarpranowo,1,netral
tpn,3,netral
pik,1,netral
karang,1,negatif
buk,1,netral
ip,1,netral
representasi,1,netral
komersil,1,netral
greedy,1,netral
renov,1,netral
tutuknyaaa,1,netral
gek,1,netral
mentas,1,netral
rung,1,netral
ngge,1,netral
nduwe,1,netral
ju,1,netral
prepared,1,netral
jaran,1,netral
diatasnys,1,netral
pabrikpns,1,netral
sbrnya,1,netral
tone,1,netral
deaf,1,netral
jtaan,1,netral
mamakota,1,netral
cbain,1,netral
nrvr,1,netral
apaaaa,1,netral
awowkowkwowk,1,netral
kocag,1,netral
ngedp,1,netral
kopisop,2,netral
tusuk,1,negatif
konfrontasi,1,netral
mewek,1,negatif
lampias,1,netral
vak,1,positif
improve,2,netral
puny,1,netral
tanggungab,1,netral
cover,1,positif
disanggupin,1,netral
cukupin,1,netral
dmnpun,1,netral
seengganya,1,netral
terkahir,1,netral
mayat,1,negatif
brthan,1,netral
kbutuhan,1,netral
warisin,1,netral
folkative,1,netral
risen,1,netral
kaleeeee,1,netral
transparan,1,positif
workloadnya,2,netral
atuh,1,negatif
puh,1,netral
repotin,1,netral
send,1,netral
graduation,1,netral
sick,1,netral
tiktoknya,1,netral
perusahaanhrd,1,netral
kakakkakakku,1,netral
ketidakbersyukurannya,1,netral
fuji,1,netral
besarsuch,1,netral
zke,1,netral
petik,1,netral
gajiorg,1,netral
jutawan,1,netral
billionaire,1,netral
medsoc,1,netral
christiano,1,netral
palestine,1,netral
freepalestinenow,1,netral
elaunkomisen,1,netral
taktau,1,netral
bootcamp,1,netral
socmeddigimar,1,netral
teknis,1,netral
ajr,1,netral
epf,1,netral
socso,1,netral
acane,1,netral
defend,1,netral
tibeeeeeerrrr,1,netral
jimat,1,netral
dlll,1,netral
dikaitin,1,netral
challenging,1,netral
komuter,1,netral
wota,1,netral
chant,1,netral
peridolan,1,netral
xlipet,1,netral
senep,1,netral
jungkir,1,netral
nyungsep,1,netral
dienakin,1,netral
payahhhhh,1,netral
zzzzzz,1,netral
turu,1,netral
nurani,1,netral
sisihab,1,netral
asumsiin,1,netral
foodgasm,1,netral
fasad,1,netral
lagsung,1,netral
hilingnya,1,netral
kompak,1,netral
coded,1,netral
nepis,1,netral
ngontrol,1,netral
resource,1,netral
miring,1,negatif
maslow,1,netral
dibutuhin,1,netral
aktualisasi,1,netral
kapitalist,1,netral
nasa,1,netral
tweetku,1,netral
vonis,1,netral
poiinya,1,netral
extrablom,1,netral
tayang,1,positif
kelarin,1,netral
projevt,1,netral
kliyengan,1,negatif
dikprkan,1,netral
barzah,1,netral
buay,1,netral
tripple,1,netral
mual,1,negatif
blin,1,netral
msalahnya,1,netral
propertibiaya,1,netral
drmana,1,netral
ngenyek,1,netral
gebuk,1,netral
kampret,1,negatif
kasihin,1,netral
benee,1,netral
gamsalah,1,netral
perundangundangan,1,netral
prokontra,1,netral
koshidup,1,netral
dihadapin,1,netral
lintas,1,netral
minimalism,1,netral
ngapain,1,netral
menginvalidate,1,netral
resourcenya,2,netral
salahyg,1,netral
wkwkwkkntol,1,netral
yu,1,netral
kavling,1,netral
tads,1,netral
tea,1,netral
dinner,1,netral
apartement,1,netral
konservatif,1,netral
baratindo,1,netral
retorik,1,netral
cengang,1,negatif
nalangin,1,netral
amrite,1,netral
hartini,1,netral
setiabudibenhil,1,netral
papah,1,netral
party,1,netral
kemang,1,netral
contrary,1,netral
belief,1,netral
generalizing,1,netral
milenialpun,1,netral
taiwan,1,netral
hngkong,1,netral
lemprin,1,netral
requirment,1,netral
ergo,1,netral
ude,1,netral
nanyanya,1,netral
decision,2,netral
making,1,netral
strok,1,netral
ngebawa,1,netral
ulet,2,netral
staydmn,1,netral
ngina,1,netral
tukik,1,netral
gasal,1,netral
depends,1,netral
buddy,1,netral
ngarahin,1,netral
ngompare,1,netral
temn,2,netral
presure,1,netral
graduates,1,netral
ujugujug,1,netral
literatur,1,netral
urut,1,netral
alaihim,1,netral
gambreng,1,netral
gacm,1,netral
timbal,1,negatif
ilangan,2,netral
manaaaaaaaa,1,netral
disalahsalahin,1,netral
fuckkklahh,1,netral
srius,1,netral
saldo,1,positif
count,1,netral
singkir,1,negatif
asiangames,1,netral
lemahkalo,1,netral
multimulti,1,netral
apadanya,1,netral
abcd,1,netral
sekolas,1,netral
mading,1,netral
smasederajat,1,netral
kerjawkwkwkw,1,netral
bacoooottt,1,netral
getting,1,netral
sodor,1,netral
tnye,1,netral
etis,1,netral
matahari,1,positif
haiyaaa,1,netral
assume,1,netral
happen,1,netral
familys,1,netral
friend,1,netral
sdmnya,1,netral
rajok,1,netral
tetelo,1,netral
asedekontol,1,netral
prostitusi,1,netral
nektok,1,netral
ktpkkrek,1,netral
listrikslip,1,netral
igtidtodfbtwit,1,netral
mbacot,1,netral
pertalite,1,netral
jonggol,1,netral
nde,1,netral
mlg,1,netral
lantang,1,netral
dihighlight,1,netral
jobbers,1,netral
valuenya,1,netral
negoin,1,netral
ing,1,netral
punkdoom,1,netral
rg,1,netral
aksibelarockygerung,2,netral
maker,1,netral
timpang,1,negatif
ngomongpun,1,netral
plangaplongo,1,netral
gelontor,1,netral
sofa,1,netral
parlemen,2,negatif
budek,1,negatif
beramairamai,1,netral
bad,2,negatif
apples,1,netral
brothers,1,netral
knowing,1,netral
satuuuu,1,netral
mamat,1,netral
tkde,1,negatif
jiplak,1,negatif
ppsu,1,netral
ach,1,netral
banglo,1,netral
lestari,1,positif
pempengaruh,1,netral
siapx,1,netral
desain,2,positif
grafis,2,netral
design,2,netral
brochure,1,netral
yaaaah,1,netral
pergola,1,netral
speakup,1,netral
akak,1,netral
beno,1,netral
hahahahahhaha,1,netral
dengab,1,netral
see,1,netral
appoint,1,netral
bebudak,1,netral
kejesurvival,1,netral
critical,1,netral
iniciative,1,netral
lulusyang,1,netral
kelautsemua,1,netral
spoonfeedbelum,1,netral
bigbos,1,netral
munchen,1,netral
maksi,1,netral
sushiramen,1,netral
gem,1,netral
sorrylah,1,netral
tidakleh,1,netral
timpa,1,negatif
sapu,2,negatif
raup,1,netral
xixiixi,1,netral
juara,3,netral
adiml,1,netral
estetok,1,netral
tegang,1,positif
gelombang,1,netral
deep,1,netral
sheesh,1,netral
keluhin,1,netral
alasannyaa,1,netral
heyy,1,netral
york,1,netral
makaud,1,netral
yb,2,netral
kecot,1,netral
pasif,1,negatif
perse,1,netral
camera,1,netral
jobstreet,1,netral
kbye,1,netral
hlkompasiana,2,netral
berkarir,1,netral
menej,1,netral
slnjtnya,1,netral
sepik,1,netral
gabisasalah,1,netral
iniiiiiii,1,netral
triggered,1,netral
starbak,1,netral
ninja,1,netral
ek,2,netral
boost,1,netral
department,1,netral
saltyin,1,netral
beliaubeliau,1,netral
buaya,1,netral
anjenggg,1,netral
golkar,1,netral
demokrat,1,netral
hrt,1,netral
airlanggahartarto,1,netral
golkarindonesia,1,netral
fortuner,1,netral
sen,1,netral
first,1,netral
effortnya,1,netral
nentu,1,netral
ngadep,1,netral
enakin,1,netral
pfffff,1,netral
blak,1,netral
durian,1,netral
matanginnya,1,netral
anjng,1,netral
sopansopannya,1,netral
blanya,1,netral
jerih,1,netral
ngerri,1,netral
waaah,1,netral
tuaaa,1,netral
ie,1,netral
ceweku,1,netral
dihubungin,3,netral
dicariin,3,netral
kereeeeeeeen,3,netral
pntesan,1,netral
tasking,1,netral
wkakwkw,1,netral
matok,1,netral
anakanaknya,1,netral
workaholic,1,netral
njilih,1,netral
satus,1,netral
ditelfon,1,netral
hadehhhhh,1,netral
wanjir,1,netral
dipromosiin,1,netral
ngerubah,1,netral
habits,1,netral
terimafinally,1,netral
icon,1,netral
publikasi,1,positif
stengah,1,netral
ngedota,1,netral
perjadin,1,netral
advrts,1,netral
frsh,1,netral
browsing,1,netral
riil,1,positif
lifekek,1,netral
complicate,1,netral
susilo,1,netral
bambang,1,netral
yudhoyono,1,netral
ngisor,1,netral
melbu,1,netral
fik,1,netral
sampling,1,netral
threatnya,1,netral
gapapah,1,netral
kostannya,1,netral
anes,1,netral
krltransjakarta,1,netral
ngurai,1,netral
example,2,netral
rencanain,1,netral
chaos,1,netral
orgnisasi,1,netral
aka,1,netral
berkahwin,1,netral
kerjaya,2,netral
mggu,1,netral
nd,1,netral
ibubapanya,1,netral
rd,1,netral
labur,1,netral
bahanbrg,1,netral
pdpc,1,netral
relatif,1,netral
kretipitas,1,netral
naini,1,netral
kemari,1,netral
voi,1,netral
jumawa,1,netral
euforia,1,netral
pride,1,netral
endebra,1,netral
endebru,1,netral
gonjang,1,netral
ganjing,1,netral
bm,1,netral
minima,1,netral
median,1,netral
biak,1,negatif
ceeekk,1,netral
ahensi,2,netral
bahagiabahagianya,1,netral
iniiii,1,netral
discourage,1,netral
eksploratif,1,netral
creker,1,netral
cuyyyyyyy,1,netral
cuil,2,netral
testis,1,netral
sperma,1,netral
lets,1,netral
confuse,1,netral
plisss,1,netral
bills,1,netral
ampu,1,negatif
macamnidahlah,1,netral
lapuk,1,negatif
takboleh,1,netral
sophisticated,1,netral
reput,1,negatif
sanjung,1,positif
rethink,1,netral
choices,1,netral
kandani,1,netral
gagas,1,netral
damping,1,positif
arsjad,2,netral
inklusifkolaboratif,2,netral
rasjid,1,netral
hybrid,1,netral
school,1,netral
indonesiaampmalaysia,1,netral
artikeljurnal,1,netral
segmentasi,1,netral
ganjarmahfudfriendly,1,netral
sopi,1,netral
army,1,netral
ahcidn,1,netral
random,1,negatif
selam,1,netral
amasa,1,netral
teknoloi,1,netral
rizkinaswara,1,netral
tingkatstresstinggi,1,netral
maraknyacyberbulliying,1,netral
takecareofyourself,1,netral
hisapan,1,netral
jempol,1,positif
saangat,1,netral
drug,1,netral
whi,1,netral
sajakesehatan,1,netral
terkenamental,1,netral
illnessatau,1,netral
psychologi,1,netral
assaciation,1,netral
ting,1,netral
terdistraksi,1,netral
geneasi,1,netral
komplikasi,1,negatif
hype,1,netral
ciriciri,1,netral
karantina,1,netral
zgenerasi,1,netral
didefenisikan,1,netral
meprihatinkan,1,netral
hormonal,1,netral
delita,1,netral
pentingterlebih,1,netral
fatimatun,1,netral
zahro,1,netral
akhiyar,1,netral
unicef,1,netral
mengalani,1,netral
integral,1,netral
berlebihankarena,1,netral
dengankeluargamaupun,1,netral
americanpsychological,1,netral
zkesehatan,1,netral
tentangkesehatanjiwa,1,netral
persoalankesehatanjiwa,1,netral
pau,1,netral
gionfriddo,1,netral
pesident,1,netral
meditasi,1,netral
menenagkan,1,netral
risky,1,netral
meylandari,1,netral
hantam,1,negatif
dadurat,1,netral
hewan,1,netral
milenialku,1,netral
artimya,1,netral
beberaba,1,netral
hampir,1,netral
anggoro,1,netral
sahid,1,netral
rijal,1,netral
menuat,1,netral
nytanya,1,netral
anisah,1,netral
shabira,1,netral
saleh,1,netral
gernerasi,1,netral
peleh,1,netral
achmad,1,netral
zinky,1,netral
ftp,1,netral
vira,1,netral
febriana,1,netral
sparks,1,netral
honey,1,netral
kiya,1,netral
intimidasi,1,negatif
duniawho,1,netral
rutinitas,1,netral
aib,1,negatif
controlling,1,netral
susul,1,netral
psyhcological,1,netral
zuhlia,1,netral
listiani,1,netral
agrobisnis,1,netral
menyalahgunakannya,1,netral
mentalstress,1,netral
dampakdampaknya,1,netral
seseor,1,netral
pendam,1,netral
haryadi,1,netral
salsa,1,netral
rachmatulloh,1,netral
pratiwi,1,netral
fakultasekonomi,1,netral
hikmah,1,positif
hariyanto,1,netral
eriwanti,1,netral
kitasekian,1,netral
dina,1,negatif
badriatul,1,netral
marifah,1,netral
oranggenerasi,1,netral
lainnyaera,1,netral
substansi,1,positif
coronavirus,1,netral
demam,1,netral
batuk,1,negatif
kering,1,negatif
droplet,1,netral
kulit,1,netral
langsing,1,netral
aksesbilitas,1,netral
karenina,1,netral
arsitektur,1,positif
kbm,1,netral
